id: 2
T_world_origin: 
 -0.0307833   -0.999373  -0.0174812    -6.54986
   0.999526  -0.0307691 -0.00108305    -3.61675
0.000544491  -0.0175063    0.999847   -0.119825
          0           0           0           1
T_origin_endpoint_L: 
   0.2736 -0.961759  0.012764  -4.55114
 0.961591    0.2732 -0.026527 -0.575245
0.0220254 0.0195316  0.999567    0.1119
        0         0         0         1
T_origin_endpoint_R: 
  0.982174   0.187972 0.00110424    4.42085
 -0.187964   0.982036  0.0165842   0.108764
0.00203296 -0.0164961   0.999862 -0.0433798
         0          0          0          1
T_lidar_imu: 
       1        0        0 -0.25708
       0        1        0  -0.0268
       0        0        1  -0.0305
       0        0        0        1
imu_bias:   0.00175535  0.000264508  -0.00962522  0.000166319 -4.53799e-05  0.000188583
frame_id: 2
num_frames: 208
frame_0
id: 463
stamp: 1730230155.200043201
T_odom_lidar: 
   -0.96899   -0.244396   0.0364413     -6.0454
   0.244096    -0.96967  -0.0125403    -8.06104
  0.0384008 -0.00325629    0.999257   -0.138561
          0           0           0           1
T_world_lidar: 
   -0.96899   -0.244396   0.0364413     -6.0454
   0.244096    -0.96967  -0.0125403    -8.06104
  0.0384008 -0.00325629    0.999257   -0.138561
          0           0           0           1
v_world_imu:  -0.268649  -0.133939 -0.0581697
frame_1
id: 464
stamp: 1730230155.303242445
T_odom_lidar: 
  -0.959288   -0.279674   0.0393514    -6.06705
   0.279326   -0.960091  -0.0141915    -8.06749
  0.0417499 -0.00262183    0.999125   -0.143509
          0           0           0           1
T_world_lidar: 
  -0.959288   -0.279674   0.0393514    -6.06705
   0.279326   -0.960091  -0.0141915    -8.06749
  0.0417499 -0.00262183    0.999125   -0.143509
          0           0           0           1
v_world_imu:   -0.17054  -0.140763 -0.0687483
frame_2
id: 465
stamp: 1730230155.500103235
T_odom_lidar: 
   -0.91633   -0.398903    0.034855    -6.07457
   0.398908   -0.916963 -0.00713214    -8.05381
  0.0348057  0.00736851    0.999367   -0.162115
          0           0           0           1
T_world_lidar: 
   -0.91633   -0.398903    0.034855    -6.07457
   0.398908   -0.916963 -0.00713214    -8.05381
  0.0348057  0.00736851    0.999367   -0.162115
          0           0           0           1
v_world_imu: -0.0441327 -0.0156329  -0.110466
frame_3
id: 466
stamp: 1730230155.600010157
T_odom_lidar: 
  -0.885182   -0.463385   0.0415595    -6.07364
   0.463702   -0.885988 -0.00223313    -8.03962
   0.037856   0.0172945    0.999134   -0.156159
          0           0           0           1
T_world_lidar: 
  -0.885182   -0.463385   0.0415595    -6.07364
   0.463702   -0.885988 -0.00223313    -8.03962
   0.037856   0.0172945    0.999134   -0.156159
          0           0           0           1
v_world_imu: -0.0249138 -0.0408417  0.0607934
frame_4
id: 467
stamp: 1730230155.700074196
T_odom_lidar: 
  -0.840996   -0.539561    0.039984    -6.06697
   0.539891    -0.84173 -0.00296884    -8.02536
  0.0352576   0.0190902    0.999196   -0.151946
          0           0           0           1
T_world_lidar: 
  -0.840996   -0.539561    0.039984    -6.06697
   0.539891    -0.84173 -0.00296884    -8.02536
  0.0352576   0.0190902    0.999196   -0.151946
          0           0           0           1
v_world_imu: -0.0555906 -0.0992514  0.0124888
frame_5
id: 468
stamp: 1730230155.803217411
T_odom_lidar: 
-0.797488 -0.602476 0.0321677  -6.06202
 0.603087 -0.797554 0.0138975  -8.01668
0.0172826 0.0304831  0.999386 -0.155581
        0         0         0         1
T_world_lidar: 
-0.797488 -0.602476 0.0321677  -6.06202
 0.603087 -0.797554 0.0138975  -8.01668
0.0172826 0.0304831  0.999386 -0.155581
        0         0         0         1
v_world_imu: -0.0227501 -0.0736322 -0.0402421
frame_6
id: 469
stamp: 1730230156.003211260
T_odom_lidar: 
-0.684716 -0.727722 0.0398072  -6.04608
 0.728624 -0.684753 0.0148458  -7.99986
0.0164545 0.0391696  0.999097  -0.15402
        0         0         0         1
T_world_lidar: 
-0.684716 -0.727722 0.0398072  -6.04608
 0.728624 -0.684753 0.0148458  -7.99986
0.0164545 0.0391696  0.999097  -0.15402
        0         0         0         1
v_world_imu: -0.0550893  -0.111922  0.0423387
frame_7
id: 470
stamp: 1730230156.200042248
T_odom_lidar: 
-0.584242 -0.810797  0.035642    -6.034
 0.811482 -0.584289 0.0101584  -7.99627
0.0125888 0.0348578  0.999313 -0.151342
        0         0         0         1
T_world_lidar: 
-0.584242 -0.810797  0.035642    -6.034
 0.811482 -0.584289 0.0101584  -7.99627
0.0125888 0.0348578  0.999313 -0.151342
        0         0         0         1
v_world_imu:  -0.0441304  -0.0900668 -0.00541886
frame_8
id: 471
stamp: 1730230156.300071239
T_odom_lidar: 
 -0.513571  -0.857308  0.0356055   -6.01885
  0.858021  -0.513436   0.013538   -7.99055
0.00667487   0.037503   0.999274  -0.157993
         0          0          0          1
T_world_lidar: 
 -0.513571  -0.857308  0.0356055   -6.01885
  0.858021  -0.513436   0.013538   -7.99055
0.00667487   0.037503   0.999274  -0.157993
         0          0          0          1
v_world_imu:  -0.018826 -0.0712225  -0.107416
frame_9
id: 472
stamp: 1730230156.400029182
T_odom_lidar: 
 -0.452937  -0.890652  0.0398376   -6.00796
   0.89152  -0.452791  0.0131289    -7.9862
0.00634482  0.0414625    0.99912  -0.159041
         0          0          0          1
T_world_lidar: 
 -0.452937  -0.890652  0.0398376   -6.00796
   0.89152  -0.452791  0.0131289    -7.9862
0.00634482  0.0414625    0.99912  -0.159041
         0          0          0          1
v_world_imu: -0.0525697 -0.0636305  0.0251292
frame_10
id: 473
stamp: 1730230156.500036240
T_odom_lidar: 
 -0.385171  -0.921961  0.0403966   -5.99402
  0.922817  -0.385135 0.00898604   -7.98102
0.00727335  0.0407398   0.999143  -0.154412
         0          0          0          1
T_world_lidar: 
 -0.385171  -0.921961  0.0403966   -5.99402
  0.922817  -0.385135 0.00898604   -7.98102
0.00727335  0.0407398   0.999143  -0.154412
         0          0          0          1
v_world_imu: -0.0219867 -0.0493094  0.0642098
frame_11
id: 474
stamp: 1730230156.600046158
T_odom_lidar: 
  -0.32783  -0.944102  0.0346338   -5.98439
  0.944701  -0.327915 0.00337096   -7.97777
0.00817441  0.0338237   0.999394  -0.149554
         0          0          0          1
T_world_lidar: 
  -0.32783  -0.944102  0.0346338   -5.98439
  0.944701  -0.327915 0.00337096   -7.97777
0.00817441  0.0338237   0.999394  -0.149554
         0          0          0          1
v_world_imu: -0.0418972 -0.0292992  0.0309487
frame_12
id: 475
stamp: 1730230156.700053215
T_odom_lidar: 
 -0.262028  -0.964439  0.0346337   -5.96842
  0.965038  -0.262098  0.0025832   -7.97145
0.00658609  0.0340997   0.999397  -0.150154
         0          0          0          1
T_world_lidar: 
 -0.262028  -0.964439  0.0346337   -5.96842
  0.965038  -0.262098  0.0025832   -7.97145
0.00658609  0.0340997   0.999397  -0.150154
         0          0          0          1
v_world_imu:   0.0127808 -0.00451093  -0.0434553
frame_13
id: 476
stamp: 1730230156.800064325
T_odom_lidar: 
  -0.195108    -0.98014   0.0354649    -5.94988
   0.980738   -0.195315 -0.00241655    -7.96657
 0.00929537   0.0343103    0.999368   -0.148761
          0           0           0           1
T_world_lidar: 
  -0.195108    -0.98014   0.0354649    -5.94988
   0.980738   -0.195315 -0.00241655    -7.96657
 0.00929537   0.0343103    0.999368   -0.148761
          0           0           0           1
v_world_imu: -0.0432419  0.0219051  0.0920702
frame_14
id: 477
stamp: 1730230156.900044203
T_odom_lidar: 
  -0.205145   -0.977974   0.0384929    -5.96019
    0.97865   -0.205475 -0.00480271    -7.96109
  0.0126063   0.0366858    0.999247   -0.142427
          0           0           0           1
T_world_lidar: 
  -0.205145   -0.977974   0.0384929    -5.96019
    0.97865   -0.205475 -0.00480271    -7.96109
  0.0126063   0.0366858    0.999247   -0.142427
          0           0           0           1
v_world_imu: -0.0650673  0.0699193  0.0478966
frame_15
id: 478
stamp: 1730230157.003232241
T_odom_lidar: 
  -0.206303   -0.977797   0.0367646    -5.96615
   0.978373   -0.206709 -0.00758045    -7.95017
  0.0150117   0.0344056    0.999295   -0.139439
          0           0           0           1
T_world_lidar: 
  -0.206303   -0.977797   0.0367646    -5.96615
   0.978373   -0.206709 -0.00758045    -7.95017
  0.0150117   0.0344056    0.999295   -0.139439
          0           0           0           1
v_world_imu: -0.0769095   0.167278  0.0273471
frame_16
id: 479
stamp: 1730230157.200050354
T_odom_lidar: 
 -0.208577  -0.977406  0.0342413   -5.98348
  0.977792  -0.209136 -0.0136211    -7.9011
 0.0204745  0.0306398   0.999321  -0.133692
         0          0          0          1
T_world_lidar: 
 -0.208577  -0.977406  0.0342413   -5.98348
  0.977792  -0.209136 -0.0136211    -7.9011
 0.0204745  0.0306398   0.999321  -0.133692
         0          0          0          1
v_world_imu: -0.0828051   0.330903   0.026331
frame_17
id: 480
stamp: 1730230157.300048351
T_odom_lidar: 
 -0.210188  -0.977084  0.0335999   -5.99144
  0.977402  -0.210799 -0.0157944   -7.86684
 0.0225153  0.0295208   0.999311  -0.132043
         0          0          0          1
T_world_lidar: 
 -0.210188  -0.977084  0.0335999   -5.99144
  0.977402  -0.210799 -0.0157944   -7.86684
 0.0225153  0.0295208   0.999311  -0.132043
         0          0          0          1
v_world_imu: -0.0940264   0.377119  0.0217753
frame_18
id: 481
stamp: 1730230157.400043249
T_odom_lidar: 
 -0.212645  -0.976546  0.0337703   -6.00126
  0.976823  -0.213317 -0.0176771   -7.82709
 0.0244662  0.0292287   0.999273  -0.129555
         0          0          0          1
T_world_lidar: 
 -0.212645  -0.976546  0.0337703   -6.00126
  0.976823  -0.213317 -0.0176771   -7.82709
 0.0244662  0.0292287   0.999273  -0.129555
         0          0          0          1
v_world_imu: -0.0801862   0.418537  0.0138842
frame_19
id: 482
stamp: 1730230157.500039339
T_odom_lidar: 
 -0.213702  -0.976335  0.0331799   -6.01006
  0.976551  -0.214409 -0.0194209    -7.7845
 0.0260754  0.0282516   0.999261  -0.127368
         0          0          0          1
T_world_lidar: 
 -0.213702  -0.976335  0.0331799   -6.01006
  0.976551  -0.214409 -0.0194209    -7.7845
 0.0260754  0.0282516   0.999261  -0.127368
         0          0          0          1
v_world_imu: -0.0887824   0.427914  0.0174745
frame_20
id: 483
stamp: 1730230157.600025177
T_odom_lidar: 
 -0.214289  -0.976207  0.0331816   -6.01912
  0.976384  -0.215036 -0.0208323   -7.74108
 0.0274719  0.0279339   0.999232  -0.125609
         0          0          0          1
T_world_lidar: 
 -0.214289  -0.976207  0.0331816   -6.01912
  0.976384  -0.215036 -0.0208323   -7.74108
 0.0274719  0.0279339   0.999232  -0.125609
         0          0          0          1
v_world_imu:  -0.08617  0.442324 0.0159328
frame_21
id: 484
stamp: 1730230157.703130484
T_odom_lidar: 
 -0.218133   -0.97544  0.0305766   -6.02952
  0.975462  -0.218883 -0.0237657   -7.69777
 0.0298747  0.0246422    0.99925  -0.124089
         0          0          0          1
T_world_lidar: 
 -0.218133   -0.97544  0.0305766   -6.02952
  0.975462  -0.218883 -0.0237657   -7.69777
 0.0298747  0.0246422    0.99925  -0.124089
         0          0          0          1
v_world_imu: -0.101821  0.434998 0.0204023
frame_22
id: 485
stamp: 1730230157.800036192
T_odom_lidar: 
 -0.221471  -0.974722  0.0294601   -6.03991
  0.974634  -0.222248 -0.0263609   -7.65684
  0.032242  0.0228746   0.999218  -0.121319
         0          0          0          1
T_world_lidar: 
 -0.221471  -0.974722  0.0294601   -6.03991
  0.974634  -0.222248 -0.0263609   -7.65684
  0.032242  0.0228746   0.999218  -0.121319
         0          0          0          1
v_world_imu: -0.0872709   0.428589  0.0164249
frame_23
id: 486
stamp: 1730230157.900044203
T_odom_lidar: 
 -0.222203  -0.974592  0.0282015   -6.04878
  0.974433  -0.222968 -0.0276738   -7.61659
 0.0332587  0.0213312   0.999219  -0.121218
         0          0          0          1
T_world_lidar: 
 -0.222203  -0.974592  0.0282015   -6.04878
  0.974433  -0.222968 -0.0276738   -7.61659
 0.0332587  0.0213312   0.999219  -0.121218
         0          0          0          1
v_world_imu: -0.0920799   0.417107 0.00994223
frame_24
id: 487
stamp: 1730230158.000042200
T_odom_lidar: 
 -0.222611  -0.974462    0.02946   -6.05705
  0.974343  -0.223408 -0.0272907   -7.57486
 0.0331754  0.0226289   0.999193   -0.12014
         0          0          0          1
T_world_lidar: 
 -0.222611  -0.974462    0.02946   -6.05705
  0.974343  -0.223408 -0.0272907   -7.57486
 0.0331754  0.0226289   0.999193   -0.12014
         0          0          0          1
v_world_imu: -0.0741553    0.41831  0.0070316
frame_25
id: 488
stamp: 1730230158.203235626
T_odom_lidar: 
 -0.223269   -0.97423  0.0320378   -6.07241
  0.974244  -0.224097 -0.0250716   -7.49215
 0.0316051   0.025615   0.999172  -0.120547
         0          0          0          1
T_world_lidar: 
 -0.223269   -0.97423  0.0320378   -6.07241
  0.974244  -0.224097 -0.0250716   -7.49215
 0.0316051   0.025615   0.999172  -0.120547
         0          0          0          1
v_world_imu: -0.0853334   0.399648 0.00845736
frame_26
id: 489
stamp: 1730230158.400035620
T_odom_lidar: 
 -0.223361  -0.974144  0.0339519   -6.08865
  0.974219  -0.224241 -0.0247787   -7.41637
 0.0317514  0.0275419   0.999116  -0.120201
         0          0          0          1
T_world_lidar: 
 -0.223361  -0.974144  0.0339519   -6.08865
  0.974219  -0.224241 -0.0247787   -7.41637
 0.0317514  0.0275419   0.999116  -0.120201
         0          0          0          1
v_world_imu: -0.086952  0.390999 0.0070892
frame_27
id: 490
stamp: 1730230158.503223658
T_odom_lidar: 
  -0.22416  -0.973967  0.0337828   -6.09624
  0.974042   -0.22503 -0.0245624   -7.37763
 0.0315251     0.0274   0.999127  -0.121277
         0          0          0          1
T_world_lidar: 
  -0.22416  -0.973967  0.0337828   -6.09624
  0.974042   -0.22503 -0.0245624   -7.37763
 0.0315251     0.0274   0.999127  -0.121277
         0          0          0          1
v_world_imu: -0.0889341   0.395012 0.00399154
frame_28
id: 491
stamp: 1730230158.700034618
T_odom_lidar: 
 -0.224592  -0.973838  0.0346128   -6.11443
  0.973932  -0.225492 -0.0247096   -7.30205
  0.031868  0.0281609   0.999095  -0.121529
         0          0          0          1
T_world_lidar: 
 -0.224592  -0.973838  0.0346128   -6.11443
  0.973932  -0.225492 -0.0247096   -7.30205
  0.031868  0.0281609   0.999095  -0.121529
         0          0          0          1
v_world_imu:  -0.0933814    0.392456 0.000567778
frame_29
id: 492
stamp: 1730230158.800032616
T_odom_lidar: 
 -0.224393  -0.973886  0.0345516    -6.1231
  0.973972  -0.225297 -0.0249045   -7.26358
 0.0320385  0.0280639   0.999093   -0.12244
         0          0          0          1
T_world_lidar: 
 -0.224393  -0.973886  0.0345516    -6.1231
  0.973972  -0.225297 -0.0249045   -7.26358
 0.0320385  0.0280639   0.999093   -0.12244
         0          0          0          1
v_world_imu: -0.0932113   0.388633 0.00223844
frame_30
id: 493
stamp: 1730230158.900030613
T_odom_lidar: 
 -0.225972    -0.9735  0.0351243     -6.133
  0.973628   -0.22687 -0.0240665    -7.2257
 0.0313974  0.0287596   0.999093  -0.123098
         0          0          0          1
T_world_lidar: 
 -0.225972    -0.9735  0.0351243     -6.133
  0.973628   -0.22687 -0.0240665    -7.2257
 0.0313974  0.0287596   0.999093  -0.123098
         0          0          0          1
v_world_imu:  -0.0965552    0.390873 -0.00576592
frame_31
id: 494
stamp: 1730230159.003239632
T_odom_lidar: 
 -0.225702  -0.973572  0.0348856    -6.1422
  0.973694  -0.226591 -0.0240182   -7.18673
 0.0312882   0.028547   0.999103  -0.124201
         0          0          0          1
T_world_lidar: 
 -0.225702  -0.973572  0.0348856    -6.1422
  0.973694  -0.226591 -0.0240182   -7.18673
 0.0312882   0.028547   0.999103  -0.124201
         0          0          0          1
v_world_imu:  -0.0947502    0.389909 0.000791115
frame_32
id: 495
stamp: 1730230159.200031519
T_odom_lidar: 
 -0.224775  -0.973709  0.0369757   -6.16088
  0.973862   -0.22576 -0.0250088   -7.11246
 0.0326989  0.0303879   0.999003    -0.1242
         0          0          0          1
T_world_lidar: 
 -0.224775  -0.973709  0.0369757   -6.16088
  0.973862   -0.22576 -0.0250088   -7.11246
 0.0326989  0.0303879   0.999003    -0.1242
         0          0          0          1
v_world_imu:   -0.0859643     0.384057 -0.000695865
frame_33
id: 496
stamp: 1730230159.303256512
T_odom_lidar: 
 -0.208399  -0.977452  0.0340173    -6.1642
  0.977473  -0.209339 -0.0268928   -7.07157
 0.0334076  0.0276466   0.999059  -0.124754
         0          0          0          1
T_world_lidar: 
 -0.208399  -0.977452  0.0340173    -6.1642
  0.977473  -0.209339 -0.0268928   -7.07157
 0.0334076  0.0276466   0.999059  -0.124754
         0          0          0          1
v_world_imu: -0.0638104   0.402565  0.0163187
frame_34
id: 497
stamp: 1730230159.400068521
T_odom_lidar: 
 -0.166115  -0.985749  0.0265568   -6.16003
  0.985674  -0.166779 -0.0251335   -7.02867
 0.0292045  0.0220012   0.999331  -0.124147
         0          0          0          1
T_world_lidar: 
 -0.166115  -0.985749  0.0265568   -6.16003
  0.985674  -0.166779 -0.0251335   -7.02867
 0.0292045  0.0220012   0.999331  -0.124147
         0          0          0          1
v_world_imu: -0.0808075   0.395431  0.0300247
frame_35
id: 498
stamp: 1730230159.600039482
T_odom_lidar: 
 -0.178841  -0.983388  0.0310478   -6.18028
   0.98333  -0.179706 -0.0277205   -6.95055
 0.0328394  0.0255727   0.999133  -0.119534
         0          0          0          1
T_world_lidar: 
 -0.178841  -0.983388  0.0310478   -6.18028
   0.98333  -0.179706 -0.0277205   -6.95055
 0.0328394  0.0255727   0.999133  -0.119534
         0          0          0          1
v_world_imu: -0.0862342   0.391247  0.0235702
frame_36
id: 499
stamp: 1730230159.700014353
T_odom_lidar: 
 -0.188499  -0.981531   0.032635   -6.19185
  0.981478  -0.189437 -0.0285265   -6.91359
 0.0341819  0.0266533    0.99906  -0.116573
         0          0          0          1
T_world_lidar: 
 -0.188499  -0.981531   0.032635   -6.19185
  0.981478  -0.189437 -0.0285265   -6.91359
 0.0341819  0.0266533    0.99906  -0.116573
         0          0          0          1
v_world_imu: -0.0856835   0.367375  0.0205564
frame_37
id: 500
stamp: 1730230159.800029516
T_odom_lidar: 
 -0.191622  -0.980977  0.0310825   -6.20237
  0.980838  -0.192538 -0.0297538   -6.87759
 0.0351724  0.0247854   0.999074  -0.114218
         0          0          0          1
T_world_lidar: 
 -0.191622  -0.980977  0.0310825   -6.20237
  0.980838  -0.192538 -0.0297538   -6.87759
 0.0351724  0.0247854   0.999074  -0.114218
         0          0          0          1
v_world_imu: -0.0968051   0.360824  0.0202978
frame_38
id: 501
stamp: 1730230159.900026560
T_odom_lidar: 
-0.194637 -0.980392 0.0308007  -6.21289
 0.980232 -0.195551 -0.030093  -6.84164
 0.035526 0.0243346  0.999072 -0.112214
        0         0         0         1
T_world_lidar: 
-0.194637 -0.980392 0.0308007  -6.21289
 0.980232 -0.195551 -0.030093  -6.84164
 0.035526 0.0243346  0.999072 -0.112214
        0         0         0         1
v_world_imu: -0.0972384   0.364605  0.0166481
frame_39
id: 502
stamp: 1730230160.003235579
T_odom_lidar: 
  -0.19677  -0.980002  0.0296182   -6.22292
  0.979839  -0.197624 -0.0293406   -6.80493
 0.0346071  0.0232477   0.999131  -0.111167
         0          0          0          1
T_world_lidar: 
  -0.19677  -0.980002  0.0296182   -6.22292
  0.979839  -0.197624 -0.0293406   -6.80493
 0.0346071  0.0232477   0.999131  -0.111167
         0          0          0          1
v_world_imu: -0.104219  0.362369 0.0159105
frame_40
id: 503
stamp: 1730230160.203232527
T_odom_lidar: 
 -0.197843   -0.97985  0.0274402   -6.24285
  0.979638  -0.198621 -0.0293256   -6.73248
 0.0341849  0.0210796   0.999193  -0.108045
         0          0          0          1
T_world_lidar: 
 -0.197843   -0.97985  0.0274402   -6.24285
  0.979638  -0.198621 -0.0293256   -6.73248
 0.0341849  0.0210796   0.999193  -0.108045
         0          0          0          1
v_world_imu: -0.0909299    0.36427  0.0159495
frame_41
id: 504
stamp: 1730230160.403231621
T_odom_lidar: 
 -0.184399  -0.982434   0.028656   -6.25581
  0.982173  -0.185277 -0.0317652   -6.65779
 0.0365165  0.0222876   0.999084  -0.104254
         0          0          0          1
T_world_lidar: 
 -0.184399  -0.982434   0.028656   -6.25581
  0.982173  -0.185277 -0.0317652   -6.65779
 0.0365165  0.0222876   0.999084  -0.104254
         0          0          0          1
v_world_imu: -0.0766086   0.376095  0.0116881
frame_42
id: 505
stamp: 1730230160.500035286
T_odom_lidar: 
 -0.169749  -0.985058   0.029087   -6.25858
  0.984784  -0.170669 -0.0327503   -6.62094
 0.0372252  0.0230851    0.99904  -0.103893
         0          0          0          1
T_world_lidar: 
 -0.169749  -0.985058   0.029087   -6.25858
  0.984784  -0.170669 -0.0327503   -6.62094
 0.0372252  0.0230851    0.99904  -0.103893
         0          0          0          1
v_world_imu: -0.081019  0.377994 0.0164647
frame_43
id: 506
stamp: 1730230160.700034380
T_odom_lidar: 
 -0.181566  -0.982969  0.0283788   -6.27532
  0.982621  -0.182483 -0.0339852   -6.54799
  0.038585  0.0217151   0.999019  -0.101532
         0          0          0          1
T_world_lidar: 
 -0.181566  -0.982969  0.0283788   -6.27532
  0.982621  -0.182483 -0.0339852   -6.54799
  0.038585  0.0217151   0.999019  -0.101532
         0          0          0          1
v_world_imu: -0.0822711   0.364149  0.0173123
frame_44
id: 507
stamp: 1730230160.803227663
T_odom_lidar: 
 -0.187734  -0.981855  0.0267901   -6.28499
  0.981422  -0.188611 -0.0351783   -6.51189
 0.0395929  0.0196882   0.999022  -0.100699
         0          0          0          1
T_world_lidar: 
 -0.187734  -0.981855  0.0267901   -6.28499
  0.981422  -0.188611 -0.0351783   -6.51189
 0.0395929  0.0196882   0.999022  -0.100699
         0          0          0          1
v_world_imu: -0.0822682   0.361245  0.0139739
frame_45
id: 508
stamp: 1730230161.003241539
T_odom_lidar: 
 -0.191569  -0.981077  0.0281014   -6.30201
  0.980627  -0.192516  -0.036156   -6.44053
 0.0408818  0.0206306   0.998951 -0.0985469
         0          0          0          1
T_world_lidar: 
 -0.191569  -0.981077  0.0281014   -6.30201
  0.980627  -0.192516  -0.036156   -6.44053
 0.0408818  0.0206306   0.998951 -0.0985469
         0          0          0          1
v_world_imu: -0.0789077   0.359091 0.00799568
frame_46
id: 509
stamp: 1730230161.203242540
T_odom_lidar: 
 -0.165053  -0.985861  0.0289069   -6.31004
  0.985401  -0.166075 -0.0374821   -6.36529
 0.0417528  0.0222984   0.998879 -0.0976019
         0          0          0          1
T_world_lidar: 
 -0.165053  -0.985861  0.0289069   -6.31004
  0.985401  -0.166075 -0.0374821   -6.36529
 0.0417528  0.0222984   0.998879 -0.0976019
         0          0          0          1
v_world_imu: -0.0643609    0.38464  -0.017547
frame_47
id: 510
stamp: 1730230161.300044298
T_odom_lidar: 
    -0.138  -0.990065  0.0269828   -6.30819
  0.989511  -0.138995 -0.0393428   -6.32518
 0.0427024  0.0212705   0.998861 -0.0991773
         0          0          0          1
T_world_lidar: 
    -0.138  -0.990065  0.0269828   -6.30819
  0.989511  -0.138995 -0.0393428   -6.32518
 0.0427024  0.0212705   0.998861 -0.0991773
         0          0          0          1
v_world_imu: -0.0664885   0.406225 0.00162444
frame_48
id: 511
stamp: 1730230161.400018215
T_odom_lidar: 
 -0.141353  -0.989597  0.0267829   -6.31322
  0.989054  -0.142329 -0.0389189   -6.28641
  0.042326  0.0209884   0.998883  -0.102834
         0          0          0          1
T_world_lidar: 
 -0.141353  -0.989597  0.0267829   -6.31322
  0.989054  -0.142329 -0.0389189   -6.28641
  0.042326  0.0209884   0.998883  -0.102834
         0          0          0          1
v_world_imu: -0.0607529   0.391942 0.00599014
frame_49
id: 512
stamp: 1730230161.500031233
T_odom_lidar: 
 -0.146047  -0.988928  0.0263027   -6.32096
  0.988374  -0.146998 -0.0388347    -6.2481
 0.0422712  0.0203253   0.998899  -0.102367
         0          0          0          1
T_world_lidar: 
 -0.146047  -0.988928  0.0263027   -6.32096
  0.988374  -0.146998 -0.0388347    -6.2481
 0.0422712  0.0203253   0.998899  -0.102367
         0          0          0          1
v_world_imu:   -0.0583643     0.383332 -0.000362478
frame_50
id: 513
stamp: 1730230161.700021267
T_odom_lidar: 
  -0.15609  -0.987289  0.0299236   -6.33506
  0.986925  -0.157122 -0.0359319   -6.17292
 0.0401768  0.0239237   0.998906  -0.102113
         0          0          0          1
T_world_lidar: 
  -0.15609  -0.987289  0.0299236   -6.33506
  0.986925  -0.157122 -0.0359319   -6.17292
 0.0401768  0.0239237   0.998906  -0.102113
         0          0          0          1
v_world_imu:  -0.0710674    0.369245 -0.00334425
frame_51
id: 514
stamp: 1730230161.803234577
T_odom_lidar: 
 -0.159571  -0.986713  0.0305708   -6.34162
  0.986416  -0.160593 -0.0345356   -6.13548
 0.0389862  0.0246447   0.998936  -0.103354
         0          0          0          1
T_world_lidar: 
 -0.159571  -0.986713  0.0305708   -6.34162
  0.986416  -0.160593 -0.0345356   -6.13548
 0.0389862  0.0246447   0.998936  -0.103354
         0          0          0          1
v_world_imu:  -0.0484239    0.373797 -0.00615767
frame_52
id: 515
stamp: 1730230162.003230572
T_odom_lidar: 
 -0.164169   -0.98595  0.0308288   -6.35344
  0.985753  -0.165136 -0.0319719   -6.06123
 0.0366137  0.0251407   0.999013  -0.104819
         0          0          0          1
T_world_lidar: 
 -0.164169   -0.98595  0.0308288   -6.35344
  0.985753  -0.165136 -0.0319719   -6.06123
 0.0366137  0.0251407   0.999013  -0.104819
         0          0          0          1
v_world_imu:  -0.0466171    0.375081 -0.00403745
frame_53
id: 516
stamp: 1730230162.203236341
T_odom_lidar: 
 -0.135781  -0.990384   0.026514   -6.35686
  0.990037  -0.136644 -0.0339929   -5.98317
  0.037289  0.0216342    0.99907  -0.107537
         0          0          0          1
T_world_lidar: 
 -0.135781  -0.990384   0.026514   -6.35686
  0.990037  -0.136644 -0.0339929   -5.98317
  0.037289  0.0216342    0.99907  -0.107537
         0          0          0          1
v_world_imu: -0.0602217   0.392319 -0.0170214
frame_54
id: 517
stamp: 1730230162.300043344
T_odom_lidar: 
 -0.130728  -0.991115  0.0245354   -6.36084
  0.990708  -0.131531 -0.0345896   -5.94419
 0.0375094  0.0197856     0.9991  -0.108523
         0          0          0          1
T_world_lidar: 
 -0.130728  -0.991115  0.0245354   -6.36084
  0.990708  -0.131531 -0.0345896   -5.94419
 0.0375094  0.0197856     0.9991  -0.108523
         0          0          0          1
v_world_imu:  -0.0521087    0.401195 -0.00184199
frame_55
id: 518
stamp: 1730230162.503224373
T_odom_lidar: 
 -0.143757  -0.989364  0.0221927   -6.37581
  0.989032  -0.144405 -0.0310327   -5.86462
 0.0339074  0.0174881   0.999272  -0.107966
         0          0          0          1
T_world_lidar: 
 -0.143757  -0.989364  0.0221927   -6.37581
  0.989032  -0.144405 -0.0310327   -5.86462
 0.0339074  0.0174881   0.999272  -0.107966
         0          0          0          1
v_world_imu: -0.063333   0.39152 0.0172719
frame_56
id: 519
stamp: 1730230162.700028181
T_odom_lidar: 
 -0.15232 -0.988042 0.0239108  -6.39214
 0.987823 -0.152973 -0.028357  -5.78839
0.0316756 0.0193003  0.999312 -0.108212
        0         0         0         1
T_world_lidar: 
 -0.15232 -0.988042 0.0239108  -6.39214
 0.987823 -0.152973 -0.028357  -5.78839
0.0316756 0.0193003  0.999312 -0.108212
        0         0         0         1
v_world_imu: -0.0692965   0.403629 0.00288754
frame_57
id: 520
stamp: 1730230162.803232431
T_odom_lidar: 
 -0.151827  -0.988155  0.0223064   -6.39927
  0.987936  -0.152413 -0.0274324   -5.74674
 0.0305073  0.0178723   0.999375   -0.10892
         0          0          0          1
T_world_lidar: 
 -0.151827  -0.988155  0.0223064   -6.39927
  0.987936  -0.152413 -0.0274324   -5.74674
 0.0305073  0.0178723   0.999375   -0.10892
         0          0          0          1
v_world_imu:   -0.0762205     0.408767 -0.000266754
frame_58
id: 521
stamp: 1730230163.003222466
T_odom_lidar: 
 -0.150584  -0.988393  0.0200765   -6.41576
   0.98812  -0.151111 -0.0280078    -5.6644
 0.0307165  0.0156205   0.999406  -0.109781
         0          0          0          1
T_world_lidar: 
 -0.150584  -0.988393  0.0200765   -6.41576
   0.98812  -0.151111 -0.0280078    -5.6644
 0.0307165  0.0156205   0.999406  -0.109781
         0          0          0          1
v_world_imu:  -0.0589079    0.413723 -0.00351088
frame_59
id: 522
stamp: 1730230163.203226566
T_odom_lidar: 
 -0.126005   -0.99192  0.0147682    -6.4235
   0.99154  -0.126396 -0.0295529    -5.5785
 0.0311807  0.0109195   0.999454  -0.111922
         0          0          0          1
T_world_lidar: 
 -0.126005   -0.99192  0.0147682    -6.4235
   0.99154  -0.126396 -0.0295529    -5.5785
 0.0311807  0.0109195   0.999454  -0.111922
         0          0          0          1
v_world_imu:  -0.0699457    0.433414 -0.00775371
frame_60
id: 523
stamp: 1730230163.403224468
T_odom_lidar: 
 -0.134263  -0.990785  0.0178747   -6.43974
  0.990433  -0.134751 -0.0297356   -5.49276
 0.0318702  0.0137113   0.999398  -0.113492
         0          0          0          1
T_world_lidar: 
 -0.134263  -0.990785  0.0178747   -6.43974
  0.990433  -0.134751 -0.0297356   -5.49276
 0.0318702  0.0137113   0.999398  -0.113492
         0          0          0          1
v_world_imu:  -0.0871512    0.428273 -0.00994611
frame_61
id: 524
stamp: 1730230163.500022173
T_odom_lidar: 
  -0.13985  -0.989993  0.0188806   -6.44835
  0.989613  -0.140387 -0.0309426   -5.45176
 0.0332836  0.0143571   0.999343  -0.113882
         0          0          0          1
T_world_lidar: 
  -0.13985  -0.989993  0.0188806   -6.44835
  0.989613  -0.140387 -0.0309426   -5.45176
 0.0332836  0.0143571   0.999343  -0.113882
         0          0          0          1
v_world_imu:  -0.0742611    0.424027 -0.00495461
frame_62
id: 525
stamp: 1730230163.700034142
T_odom_lidar: 
 -0.138995   -0.99012  0.0184891   -6.46225
  0.989656  -0.139551 -0.0332588   -5.36825
 0.0355104   0.013675   0.999276  -0.119294
         0          0          0          1
T_world_lidar: 
 -0.138995   -0.99012  0.0184891   -6.46225
  0.989656  -0.139551 -0.0332588   -5.36825
 0.0355104   0.013675   0.999276  -0.119294
         0          0          0          1
v_world_imu:  -0.0730296    0.417392 -0.00826063
frame_63
id: 526
stamp: 1730230163.800007343
T_odom_lidar: 
 -0.109405  -0.993795  0.0200427   -6.46179
  0.993378  -0.110026 -0.0330679   -5.32483
 0.0350679  0.0162922   0.999252  -0.120622
         0          0          0          1
T_world_lidar: 
 -0.109405  -0.993795  0.0200427   -6.46179
  0.993378  -0.110026 -0.0330679   -5.32483
 0.0350679  0.0162922   0.999252  -0.120622
         0          0          0          1
v_world_imu: -0.0480631   0.433393 -0.0223113
frame_64
id: 527
stamp: 1730230163.899986267
T_odom_lidar: 
-0.0533982   -0.99849  0.0128738    -6.4517
  0.998033 -0.0537889 -0.0321969   -5.27931
 0.0328407  0.0111292   0.999399   -0.12358
         0          0          0          1
T_world_lidar: 
-0.0533982   -0.99849  0.0128738    -6.4517
  0.998033 -0.0537889 -0.0321969   -5.27931
 0.0328407  0.0111292   0.999399   -0.12358
         0          0          0          1
v_world_imu: -0.0341018    0.44481 -0.0169549
frame_65
id: 528
stamp: 1730230164.003205299
T_odom_lidar: 
-0.0214141  -0.999757 0.00521922   -6.44993
  0.999304 -0.0215632 -0.0304316   -5.23324
 0.0305367 0.00456392   0.999523  -0.127362
         0          0          0          1
T_world_lidar: 
-0.0214141  -0.999757 0.00521922   -6.44993
  0.999304 -0.0215632 -0.0304316   -5.23324
 0.0305367 0.00456392   0.999523  -0.127362
         0          0          0          1
v_world_imu: -0.0263373   0.443803  0.0100662
frame_66
id: 529
stamp: 1730230164.200027466
T_odom_lidar: 
-0.0386441  -0.999119  0.0163702   -6.45534
  0.998866 -0.0390799 -0.0271952   -5.15101
  0.027811  0.0153007   0.999496  -0.126581
         0          0          0          1
T_world_lidar: 
-0.0386441  -0.999119  0.0163702   -6.45534
  0.998866 -0.0390799 -0.0271952   -5.15101
  0.027811  0.0153007   0.999496  -0.126581
         0          0          0          1
v_world_imu: 0.00753868   0.408177  0.0115571
frame_67
id: 530
stamp: 1730230164.300032616
T_odom_lidar: 
-0.0477727  -0.998692  0.0182381    -6.4572
  0.998522 -0.0482221 -0.0250542   -5.11147
 0.0259009  0.0170142    0.99952  -0.126204
         0          0          0          1
T_world_lidar: 
-0.0477727  -0.998692  0.0182381    -6.4572
  0.998522 -0.0482221 -0.0250542   -5.11147
 0.0259009  0.0170142    0.99952  -0.126204
         0          0          0          1
v_world_imu: -0.0165381   0.394934  0.0103898
frame_68
id: 531
stamp: 1730230164.400040627
T_odom_lidar: 
-0.0424832  -0.998915  0.0190989   -6.45725
  0.998727 -0.0429801 -0.0264037   -5.07207
 0.0271959  0.0179529   0.999469  -0.124932
         0          0          0          1
T_world_lidar: 
-0.0424832  -0.998915  0.0190989   -6.45725
  0.998727 -0.0429801 -0.0264037   -5.07207
 0.0271959  0.0179529   0.999469  -0.124932
         0          0          0          1
v_world_imu: -0.0149925   0.391222  0.0107474
frame_69
id: 532
stamp: 1730230164.500032663
T_odom_lidar: 
-0.0241611  -0.999493  0.0207422   -6.45253
  0.999358 -0.0246963 -0.0259464    -5.0328
 0.0264455   0.020102   0.999448  -0.125426
         0          0          0          1
T_world_lidar: 
-0.0241611  -0.999493  0.0207422   -6.45253
  0.999358 -0.0246963 -0.0259464    -5.0328
 0.0264455   0.020102   0.999448  -0.125426
         0          0          0          1
v_world_imu:   0.0145658    0.382734 -0.00168786
frame_70
id: 533
stamp: 1730230164.600030661
T_odom_lidar: 
-0.0223012  -0.999489  0.0229149   -6.45099
  0.999446 -0.0228553 -0.0242079   -4.99443
 0.0247193  0.0223623   0.999444  -0.125057
         0          0          0          1
T_world_lidar: 
-0.0223012  -0.999489  0.0229149   -6.45099
  0.999446 -0.0228553 -0.0242079   -4.99443
 0.0247193  0.0223623   0.999444  -0.125057
         0          0          0          1
v_world_imu: 0.000543984    0.384248   0.0225808
frame_71
id: 534
stamp: 1730230164.700018644
T_odom_lidar: 
-0.0314769  -0.999261  0.0220529   -6.45369
  0.999198 -0.0320057 -0.0240494   -4.95618
 0.0247375  0.0212782   0.999468  -0.123011
         0          0          0          1
T_world_lidar: 
-0.0314769  -0.999261  0.0220529   -6.45369
  0.999198 -0.0320057 -0.0240494   -4.95618
 0.0247375  0.0212782   0.999468  -0.123011
         0          0          0          1
v_world_imu: -0.0138157   0.387919  0.0178799
frame_72
id: 535
stamp: 1730230164.800029516
T_odom_lidar: 
-0.0410221  -0.998952  0.0202883   -6.45823
  0.998829 -0.0415217 -0.0248473   -4.91739
 0.0256637  0.0192453   0.999485  -0.120926
         0          0          0          1
T_world_lidar: 
-0.0410221  -0.998952  0.0202883   -6.45823
  0.998829 -0.0415217 -0.0248473   -4.91739
 0.0256637  0.0192453   0.999485  -0.120926
         0          0          0          1
v_world_imu: -0.0240205   0.395415  0.0274161
frame_73
id: 536
stamp: 1730230164.900019646
T_odom_lidar: 
-0.0503473  -0.998508  0.0211309   -6.46367
  0.998377 -0.0508822  -0.025587    -4.8781
  0.026624  0.0198083   0.999449  -0.119898
         0          0          0          1
T_world_lidar: 
-0.0503473  -0.998508  0.0211309   -6.46367
  0.998377 -0.0508822  -0.025587    -4.8781
  0.026624  0.0198083   0.999449  -0.119898
         0          0          0          1
v_world_imu: -0.0319902   0.399006  0.0138941
frame_74
id: 537
stamp: 1730230165.003229141
T_odom_lidar: 
-0.0586712  -0.998121  0.0176592   -6.46928
  0.997851 -0.0591541 -0.0281906   -4.83868
 0.0291823  0.0159672   0.999447  -0.119597
         0          0          0          1
T_world_lidar: 
-0.0586712  -0.998121  0.0176592   -6.46928
  0.997851 -0.0591541 -0.0281906   -4.83868
 0.0291823  0.0159672   0.999447  -0.119597
         0          0          0          1
v_world_imu: -0.0404163    0.38604 0.00878306
frame_75
id: 538
stamp: 1730230165.200046539
T_odom_lidar: 
-0.0700611  -0.997395  0.0171878   -6.47837
   0.99704 -0.0705621 -0.0305175   -4.76312
 0.0316508  0.0149989   0.999386  -0.118619
         0          0          0          1
T_world_lidar: 
-0.0700611  -0.997395  0.0171878   -6.47837
   0.99704 -0.0705621 -0.0305175   -4.76312
 0.0316508  0.0149989   0.999386  -0.118619
         0          0          0          1
v_world_imu: -0.0307989   0.384554 0.00347561
frame_76
id: 539
stamp: 1730230165.300050497
T_odom_lidar: 
-0.0558237  -0.998274  0.0182198   -6.47734
  0.997922 -0.0563735 -0.0312065   -4.72464
 0.0321797  0.0164398   0.999347  -0.118074
         0          0          0          1
T_world_lidar: 
-0.0558237  -0.998274  0.0182198   -6.47734
  0.997922 -0.0563735 -0.0312065   -4.72464
 0.0321797  0.0164398   0.999347  -0.118074
         0          0          0          1
v_world_imu: -0.0199863   0.382412 -0.0138507
frame_77
id: 540
stamp: 1730230165.400041342
T_odom_lidar: 
-0.0228967  -0.999607  0.0161501   -6.47061
  0.999231 -0.0233963 -0.0314518    -4.6853
 0.0318173  0.0154176   0.999375  -0.120587
         0          0          0          1
T_world_lidar: 
-0.0228967  -0.999607  0.0161501   -6.47061
  0.999231 -0.0233963 -0.0314518    -4.6853
 0.0318173  0.0154176   0.999375  -0.120587
         0          0          0          1
v_world_imu: -0.00113827    0.386103  -0.0209346
frame_78
id: 541
stamp: 1730230165.500043392
T_odom_lidar: 
-0.00343006   -0.999852   0.0168405    -6.46496
   0.999512 -0.00395099  -0.0309978    -4.64608
  0.0310597    0.016726    0.999378   -0.122279
          0           0           0           1
T_world_lidar: 
-0.00343006   -0.999852   0.0168405    -6.46496
   0.999512 -0.00395099  -0.0309978    -4.64608
  0.0310597    0.016726    0.999378   -0.122279
          0           0           0           1
v_world_imu:  0.0179148   0.387426 0.00702313
frame_79
id: 542
stamp: 1730230165.600050449
T_odom_lidar: 
-0.0115746  -0.999712  0.0210074   -6.46469
  0.999502  -0.012184 -0.0291153   -4.60786
 0.0293629  0.0206599   0.999355  -0.121892
         0          0          0          1
T_world_lidar: 
-0.0115746  -0.999712  0.0210074   -6.46469
  0.999502  -0.012184 -0.0291153   -4.60786
 0.0293629  0.0206599   0.999355  -0.121892
         0          0          0          1
v_world_imu:  0.0263581   0.379776 0.00432874
frame_80
id: 543
stamp: 1730230165.700037479
T_odom_lidar: 
-0.0177814  -0.999607    0.02169   -6.46411
  0.999463 -0.0183674 -0.0271266   -4.57014
 0.0275143   0.021196   0.999397     -0.121
         0          0          0          1
T_world_lidar: 
-0.0177814  -0.999607    0.02169   -6.46411
  0.999463 -0.0183674 -0.0271266   -4.57014
 0.0275143   0.021196   0.999397     -0.121
         0          0          0          1
v_world_imu: 0.00979824   0.377118  0.0267967
frame_81
id: 544
stamp: 1730230165.800022364
T_odom_lidar: 
-0.0283836  -0.999354  0.0220584   -6.46714
  0.999237  -0.028959 -0.0262184    -4.5336
 0.0268402  0.0212974   0.999413  -0.119601
         0          0          0          1
T_world_lidar: 
-0.0283836  -0.999354  0.0220584   -6.46714
  0.999237  -0.028959 -0.0262184    -4.5336
 0.0268402  0.0212974   0.999413  -0.119601
         0          0          0          1
v_world_imu: -0.00435557    0.364563   0.0217229
frame_82
id: 545
stamp: 1730230165.903237581
T_odom_lidar: 
-0.0370085   -0.99911  0.0202258   -6.46967
  0.998937 -0.0375435 -0.0267497   -4.49736
 0.0274852  0.0192143   0.999438  -0.118773
         0          0          0          1
T_world_lidar: 
-0.0370085   -0.99911  0.0202258   -6.46967
  0.998937 -0.0375435 -0.0267497   -4.49736
 0.0274852  0.0192143   0.999438  -0.118773
         0          0          0          1
v_world_imu: -0.00518382    0.363571   0.0219481
frame_83
id: 546
stamp: 1730230166.000055552
T_odom_lidar: 
-0.0439353  -0.998884  0.0173331   -6.47147
  0.998633  -0.044403 -0.0275871    -4.4625
  0.028326  0.0160974   0.999469  -0.117951
         0          0          0          1
T_world_lidar: 
-0.0439353  -0.998884  0.0173331   -6.47147
  0.998633  -0.044403 -0.0275871    -4.4625
  0.028326  0.0160974   0.999469  -0.117951
         0          0          0          1
v_world_imu: -0.0173757   0.367484  0.0108345
frame_84
id: 547
stamp: 1730230166.203236580
T_odom_lidar: 
-0.0548604  -0.998296  0.0198801   -6.47784
  0.998119 -0.0553744 -0.0263021    -4.3883
 0.0273581  0.0183998   0.999456  -0.117975
         0          0          0          1
T_world_lidar: 
-0.0548604  -0.998296  0.0198801   -6.47784
  0.998119 -0.0553744 -0.0263021    -4.3883
 0.0273581  0.0183998   0.999456  -0.117975
         0          0          0          1
v_world_imu: -0.0233811   0.370962  0.0164311
frame_85
id: 548
stamp: 1730230166.403232574
T_odom_lidar: 
-0.0611614  -0.997968  0.0178858   -6.48397
  0.997769 -0.0616101 -0.0257151   -4.31382
 0.0267647  0.0162731   0.999509  -0.116704
         0          0          0          1
T_world_lidar: 
-0.0611614  -0.997968  0.0178858   -6.48397
  0.997769 -0.0616101 -0.0257151   -4.31382
 0.0267647  0.0162731   0.999509  -0.116704
         0          0          0          1
v_world_imu: -0.0279583   0.377822  0.0119621
frame_86
id: 549
stamp: 1730230166.500032425
T_odom_lidar: 
-0.0637727  -0.997795  0.0184018   -6.48673
  0.997605 -0.0642338 -0.0256616    -4.2776
  0.026787  0.0167212   0.999501  -0.116199
         0          0          0          1
T_world_lidar: 
-0.0637727  -0.997795  0.0184018   -6.48673
  0.997605 -0.0642338 -0.0256616    -4.2776
  0.026787  0.0167212   0.999501  -0.116199
         0          0          0          1
v_world_imu: -0.0215016   0.376022 0.00859273
frame_87
id: 550
stamp: 1730230166.700026274
T_odom_lidar: 
-0.0732089  -0.997105   0.020566   -6.49357
  0.996954 -0.0737228 -0.0254532   -4.20403
 0.0268957  0.0186399   0.999464  -0.115029
         0          0          0          1
T_world_lidar: 
-0.0732089  -0.997105   0.020566   -6.49357
  0.996954 -0.0737228 -0.0254532   -4.20403
 0.0268957  0.0186399   0.999464  -0.115029
         0          0          0          1
v_world_imu: -0.031739  0.368262 0.0038651
frame_88
id: 551
stamp: 1730230166.800025463
T_odom_lidar: 
-0.0755583  -0.996917  0.0211522   -6.49759
  0.996792 -0.0760761 -0.0248527   -4.16706
 0.0263853  0.0192065   0.999467  -0.114774
         0          0          0          1
T_world_lidar: 
-0.0755583  -0.996917  0.0211522   -6.49759
  0.996792 -0.0760761 -0.0248527   -4.16706
 0.0263853  0.0192065   0.999467  -0.114774
         0          0          0          1
v_world_imu: -0.0342627    0.37347 0.00218532
frame_89
id: 552
stamp: 1730230166.900028467
T_odom_lidar: 
-0.0777426  -0.996776  0.0198633   -6.50243
  0.996623 -0.0782278 -0.0249448   -4.13019
 0.0264182   0.017857   0.999491  -0.114118
         0          0          0          1
T_world_lidar: 
-0.0777426  -0.996776  0.0198633   -6.50243
  0.996623 -0.0782278 -0.0249448   -4.13019
 0.0264182   0.017857   0.999491  -0.114118
         0          0          0          1
v_world_imu: -0.0517751   0.367151 0.00169972
frame_90
id: 553
stamp: 1730230167.003244400
T_odom_lidar: 
-0.0735318  -0.997103  0.0194789    -6.5055
  0.996961 -0.0739972 -0.0243596    -4.0918
 0.0257304  0.0176285   0.999513  -0.114457
         0          0          0          1
T_world_lidar: 
-0.0735318  -0.997103  0.0194789    -6.5055
  0.996961 -0.0739972 -0.0243596    -4.0918
 0.0257304  0.0176285   0.999513  -0.114457
         0          0          0          1
v_world_imu:  -0.0254208    0.373193 -0.00441076
frame_91
id: 554
stamp: 1730230167.099977255
T_odom_lidar: 
-0.0461741  -0.998791  0.0168523   -6.50129
  0.998596 -0.0465906 -0.0252185   -4.05331
 0.0259732  0.0156642    0.99954  -0.116108
         0          0          0          1
T_world_lidar: 
-0.0461741  -0.998791  0.0168523   -6.50129
  0.998596 -0.0465906 -0.0252185   -4.05331
 0.0259732  0.0156642    0.99954  -0.116108
         0          0          0          1
v_world_imu: -0.0367342   0.396926 -0.0137825
frame_92
id: 555
stamp: 1730230167.303230524
T_odom_lidar: 
-0.0550436  -0.998333  0.0173419   -6.50897
  0.998178 -0.0554487  -0.023813   -3.97402
 0.0247349  0.0159996   0.999566  -0.118089
         0          0          0          1
T_world_lidar: 
-0.0550436  -0.998333  0.0173419   -6.50897
  0.998178 -0.0554487  -0.023813   -3.97402
 0.0247349  0.0159996   0.999566  -0.118089
         0          0          0          1
v_world_imu: -0.0144586   0.388836 0.00261532
frame_93
id: 556
stamp: 1730230167.503239393
T_odom_lidar: 
-0.0631681   -0.99783  0.0185687   -6.51707
  0.997733 -0.0635731 -0.0220957   -3.89616
 0.0232283  0.0171309   0.999583  -0.119375
         0          0          0          1
T_world_lidar: 
-0.0631681   -0.99783  0.0185687   -6.51707
  0.997733 -0.0635731 -0.0220957   -3.89616
 0.0232283  0.0171309   0.999583  -0.119375
         0          0          0          1
v_world_imu: -0.0304495   0.397912 0.00836922
frame_94
id: 557
stamp: 1730230167.703115463
T_odom_lidar: 
-0.0709757  -0.997298  0.0189269   -6.52735
  0.997198 -0.0713923 -0.0223269   -3.81617
 0.0236179  0.0172892   0.999572  -0.119107
         0          0          0          1
T_world_lidar: 
-0.0709757  -0.997298  0.0189269   -6.52735
  0.997198 -0.0713923 -0.0223269   -3.81617
 0.0236179  0.0172892   0.999572  -0.119107
         0          0          0          1
v_world_imu:  -0.0436553      0.4071 -0.00281117
frame_95
id: 558
stamp: 1730230167.900021315
T_odom_lidar: 
-0.0738344   -0.99708  0.0195114   -6.53578
  0.996969 -0.0742793 -0.0231579   -3.73526
 0.0245396  0.0177425   0.999541   -0.11986
         0          0          0          1
T_world_lidar: 
-0.0738344   -0.99708  0.0195114   -6.53578
  0.996969 -0.0742793 -0.0231579   -3.73526
 0.0245396  0.0177425   0.999541   -0.11986
         0          0          0          1
v_world_imu: -0.0386328   0.417174 0.00178313
frame_96
id: 559
stamp: 1730230168.003246546
T_odom_lidar: 
-0.0666527  -0.997589   0.019307    -6.5372
  0.997429 -0.0671277 -0.0250976   -3.69273
 0.0263331  0.0175845   0.999499  -0.120896
         0          0          0          1
T_world_lidar: 
-0.0666527  -0.997589   0.019307    -6.5372
  0.997429 -0.0671277 -0.0250976   -3.69273
 0.0263331  0.0175845   0.999499  -0.120896
         0          0          0          1
v_world_imu: -0.0330977   0.426618 -0.0082213
frame_97
id: 560
stamp: 1730230168.200053453
T_odom_lidar: 
 0.0226635   -0.99973 0.00521497   -6.51816
  0.999433  0.0225263 -0.0250149   -3.60357
 0.0248907 0.00577894   0.999673  -0.126627
         0          0          0          1
T_world_lidar: 
 0.0226635   -0.99973 0.00521497   -6.51816
  0.999433  0.0225263 -0.0250149   -3.60357
 0.0248907 0.00577894   0.999673  -0.126627
         0          0          0          1
v_world_imu: -0.0390981   0.452393 -0.0265074
frame_98
id: 561
stamp: 1730230168.300065517
T_odom_lidar: 
 0.0198052  -0.999789 0.00551753   -6.51931
  0.999392  0.0196384 -0.0288023   -3.55929
 0.0286878 0.00608461    0.99957  -0.127967
         0          0          0          1
T_world_lidar: 
 0.0198052  -0.999789 0.00551753   -6.51931
  0.999392  0.0196384 -0.0288023   -3.55929
 0.0286878 0.00608461    0.99957  -0.127967
         0          0          0          1
v_world_imu: 0.0139364  0.442542 0.0080873
frame_99
id: 562
stamp: 1730230168.400042534
T_odom_lidar: 
0.00974965  -0.999908 0.00947329   -6.52061
  0.999543 0.00947412 -0.0287065   -3.51605
 0.0286141 0.00974884   0.999543   -0.12703
         0          0          0          1
T_world_lidar: 
0.00974965  -0.999908 0.00947329   -6.52061
  0.999543 0.00947412 -0.0287065   -3.51605
 0.0286141 0.00974884   0.999543   -0.12703
         0          0          0          1
v_world_imu: 0.00226097   0.429967  0.0071571
frame_100
id: 563
stamp: 1730230168.500016451
T_odom_lidar: 
 0.000123681    -0.999923    0.0124294     -6.52298
     0.99962 -0.000218955   -0.0275615     -3.47274
   0.0275621    0.0124281     0.999543    -0.126577
           0            0            0            1
T_world_lidar: 
 0.000123681    -0.999923    0.0124294     -6.52298
     0.99962 -0.000218955   -0.0275615     -3.47274
   0.0275621    0.0124281     0.999543    -0.126577
           0            0            0            1
v_world_imu: 0.000106333    0.420052  0.00768159
frame_101
id: 564
stamp: 1730230168.600031614
T_odom_lidar: 
-0.00849198    -0.99992  0.00942537    -6.52552
   0.999593 -0.00874501  -0.0271374    -3.43117
  0.0272176  0.00919109    0.999587    -0.12584
          0           0           0           1
T_world_lidar: 
-0.00849198    -0.99992  0.00942537    -6.52552
   0.999593 -0.00874501  -0.0271374    -3.43117
  0.0272176  0.00919109    0.999587    -0.12584
          0           0           0           1
v_world_imu: -0.00170679    0.415716   0.0201744
frame_102
id: 565
stamp: 1730230168.700046539
T_odom_lidar: 
-0.0174567  -0.999791  0.0106566   -6.52856
  0.999493 -0.0177334 -0.0264524   -3.38986
 0.0266358  0.0101894   0.999593  -0.124663
         0          0          0          1
T_world_lidar: 
-0.0174567  -0.999791  0.0106566   -6.52856
  0.999493 -0.0177334 -0.0264524   -3.38986
 0.0266358  0.0101894   0.999593  -0.124663
         0          0          0          1
v_world_imu: -0.011711  0.413935 0.0083546
frame_103
id: 566
stamp: 1730230168.800014496
T_odom_lidar: 
-0.0233542  -0.999638  0.0133907   -6.53161
  0.999386 -0.0236939    -0.0258   -3.34865
  0.026108  0.0127799   0.999577  -0.124089
         0          0          0          1
T_world_lidar: 
-0.0233542  -0.999638  0.0133907   -6.53161
  0.999386 -0.0236939    -0.0258   -3.34865
  0.026108  0.0127799   0.999577  -0.124089
         0          0          0          1
v_world_imu: -0.0202095   0.412407  0.0100728
frame_104
id: 567
stamp: 1730230168.900036573
T_odom_lidar: 
   -0.0296  -0.999509  0.0103096   -6.53577
  0.999213 -0.0298605 -0.0260978   -3.30884
 0.0263928 0.00952901   0.999606  -0.127552
         0          0          0          1
T_world_lidar: 
   -0.0296  -0.999509  0.0103096   -6.53577
  0.999213 -0.0298605 -0.0260978   -3.30884
 0.0263928 0.00952901   0.999606  -0.127552
         0          0          0          1
v_world_imu: -0.0316369   0.406363  0.0165651
frame_105
id: 568
stamp: 1730230169.003243446
T_odom_lidar: 
-0.0360194  -0.999297    0.01043   -6.54048
   0.99899 -0.0362851 -0.0265161   -3.26815
 0.0268759 0.00946435   0.999594  -0.127888
         0          0          0          1
T_world_lidar: 
-0.0360194  -0.999297    0.01043   -6.54048
   0.99899 -0.0362851 -0.0265161   -3.26815
 0.0268759 0.00946435   0.999594  -0.127888
         0          0          0          1
v_world_imu: -0.0271687   0.401279  0.0111464
frame_106
id: 569
stamp: 1730230169.200041533
T_odom_lidar: 
 -0.043289  -0.999031 0.00790658   -6.54853
   0.99865 -0.0434971 -0.0283809   -3.19021
 0.0286973 0.00666733   0.999566  -0.126309
         0          0          0          1
T_world_lidar: 
 -0.043289  -0.999031 0.00790658   -6.54853
   0.99865 -0.0434971 -0.0283809   -3.19021
 0.0286973 0.00666733   0.999566  -0.126309
         0          0          0          1
v_world_imu: -0.0369781   0.396655 0.00616701
frame_107
id: 570
stamp: 1730230169.300036669
T_odom_lidar: 
-0.0479562  -0.998808 0.00907953   -6.55311
  0.998429 -0.0481977 -0.0285668   -3.15118
 0.0289704 0.00769531   0.999551  -0.126254
         0          0          0          1
T_world_lidar: 
-0.0479562  -0.998808 0.00907953   -6.55311
  0.998429 -0.0481977 -0.0285668   -3.15118
 0.0289704 0.00769531   0.999551  -0.126254
         0          0          0          1
v_world_imu: -0.0309943   0.388972 0.00914994
frame_108
id: 571
stamp: 1730230169.400026560
T_odom_lidar: 
-0.0504198  -0.998683 0.00951582   -6.55682
  0.998297 -0.0506756 -0.0288902   -3.11275
 0.0293344 0.00804298   0.999537  -0.125766
         0          0          0          1
T_world_lidar: 
-0.0504198  -0.998683 0.00951582   -6.55682
  0.998297 -0.0506756 -0.0288902   -3.11275
 0.0293344 0.00804298   0.999537  -0.125766
         0          0          0          1
v_world_imu: -0.0308445   0.381221 0.00878984
frame_109
id: 572
stamp: 1730230169.500021458
T_odom_lidar: 
-0.0511436  -0.998654 0.00861197   -6.56103
  0.998236 -0.0513787 -0.0297367   -3.07494
 0.0301392 0.00707593   0.999521   -0.12486
         0          0          0          1
T_world_lidar: 
-0.0511436  -0.998654 0.00861197   -6.56103
  0.998236 -0.0513787 -0.0297367   -3.07494
 0.0301392 0.00707593   0.999521   -0.12486
         0          0          0          1
v_world_imu:  -0.044559    0.37602 0.00914523
frame_110
id: 573
stamp: 1730230169.600030661
T_odom_lidar: 
-0.0517504  -0.998628 0.00795235   -6.56551
  0.998198 -0.0519671 -0.0300132   -3.03747
 0.0303853 0.00638482   0.999518  -0.124472
         0          0          0          1
T_world_lidar: 
-0.0517504  -0.998628 0.00795235   -6.56551
  0.998198 -0.0519671 -0.0300132   -3.03747
 0.0303853 0.00638482   0.999518  -0.124472
         0          0          0          1
v_world_imu: -0.0331212   0.375188 0.00608725
frame_111
id: 574
stamp: 1730230169.700032473
T_odom_lidar: 
-0.0505601  -0.998686 0.00841086     -6.568
  0.998247 -0.0507937  -0.030369   -3.00013
 0.0307563 0.00686066   0.999503  -0.123661
         0          0          0          1
T_world_lidar: 
-0.0505601  -0.998686 0.00841086     -6.568
  0.998247 -0.0507937  -0.030369   -3.00013
 0.0307563 0.00686066   0.999503  -0.123661
         0          0          0          1
v_world_imu: -0.0252323    0.37019 0.00722635
frame_112
id: 575
stamp: 1730230169.800035477
T_odom_lidar: 
-0.0364983  -0.999306 0.00746522   -6.56566
  0.998875 -0.0367068 -0.0300154    -2.9627
 0.0302686 0.00636132   0.999522  -0.123781
         0          0          0          1
T_world_lidar: 
-0.0364983  -0.999306 0.00746522   -6.56566
  0.998875 -0.0367068 -0.0300154    -2.9627
 0.0302686 0.00636132   0.999522  -0.123781
         0          0          0          1
v_world_imu: -0.00848798    0.370317 -0.00485252
frame_113
id: 576
stamp: 1730230169.900024652
T_odom_lidar: 
 0.0124711  -0.999904 0.00609146   -6.55188
  0.999493  0.0122871 -0.0293604   -2.92347
 0.0292827 0.00645453    0.99955  -0.127532
         0          0          0          1
T_world_lidar: 
 0.0124711  -0.999904 0.00609146   -6.55188
  0.999493  0.0122871 -0.0293604   -2.92347
 0.0292827 0.00645453    0.99955  -0.127532
         0          0          0          1
v_world_imu:  0.0439166   0.391333 -0.0471728
frame_114
id: 577
stamp: 1730230170.003217459
T_odom_lidar: 
 0.0586352   -0.99823 0.00995651   -6.53362
  0.997963  0.0583627 -0.0257449   -2.88443
 0.0251182  0.0114458   0.999619   -0.13395
         0          0          0          1
T_world_lidar: 
 0.0586352   -0.99823 0.00995651   -6.53362
  0.997963  0.0583627 -0.0257449   -2.88443
 0.0251182  0.0114458   0.999619   -0.13395
         0          0          0          1
v_world_imu:  0.0734922   0.363413 -0.0197944
frame_115
id: 578
stamp: 1730230170.200003386
T_odom_lidar: 
 0.0519376  -0.998548  0.0142906   -6.53028
  0.998294  0.0515316 -0.0274494   -2.81126
 0.0266731  0.0156918   0.999521  -0.131225
         0          0          0          1
T_world_lidar: 
 0.0519376  -0.998548  0.0142906   -6.53028
  0.998294  0.0515316 -0.0274494   -2.81126
 0.0266731  0.0156918   0.999521  -0.131225
         0          0          0          1
v_world_imu: -0.00385974    0.382183   0.0282593
frame_116
id: 579
stamp: 1730230170.300042391
T_odom_lidar: 
 0.0451405  -0.998936 0.00939347   -6.53283
  0.998554  0.0448446 -0.0296353    -2.7723
 0.0291825  0.0107176   0.999517  -0.128492
         0          0          0          1
T_world_lidar: 
 0.0451405  -0.998936 0.00939347   -6.53283
  0.998554  0.0448446 -0.0296353    -2.7723
 0.0291825  0.0107176   0.999517  -0.128492
         0          0          0          1
v_world_imu: -0.0112916   0.398904 0.00832272
frame_117
id: 580
stamp: 1730230170.400022507
T_odom_lidar: 
 0.0372453  -0.999277 0.00761617    -6.5351
  0.998825  0.0369898 -0.0313149   -2.73212
 0.0310105 0.00877356   0.999481  -0.126539
         0          0          0          1
T_world_lidar: 
 0.0372453  -0.999277 0.00761617    -6.5351
  0.998825  0.0369898 -0.0313149   -2.73212
 0.0310105 0.00877356   0.999481  -0.126539
         0          0          0          1
v_world_imu: 0.00545417   0.408371  0.0224156
frame_118
id: 581
stamp: 1730230170.500036478
T_odom_lidar: 
 0.0314242  -0.999491 0.00545567   -6.53665
  0.998972  0.0312284 -0.0328653   -2.69147
 0.0326782 0.00648283   0.999445  -0.124819
         0          0          0          1
T_world_lidar: 
 0.0314242  -0.999491 0.00545567   -6.53665
  0.998972  0.0312284 -0.0328653   -2.69147
 0.0326782 0.00648283   0.999445  -0.124819
         0          0          0          1
v_world_imu: -0.00157518    0.407157   0.0163354
frame_119
id: 582
stamp: 1730230170.600027561
T_odom_lidar: 
 0.0261543  -0.999631 0.00727576   -6.53866
  0.999061  0.0258866 -0.0347313     -2.651
 0.0345302  0.0081773    0.99937  -0.122931
         0          0          0          1
T_world_lidar: 
 0.0261543  -0.999631 0.00727576   -6.53866
  0.999061  0.0258866 -0.0347313     -2.651
 0.0345302  0.0081773    0.99937  -0.122931
         0          0          0          1
v_world_imu: -0.00549468    0.408097   0.0215784
frame_120
id: 583
stamp: 1730230170.700031519
T_odom_lidar: 
 0.0223975  -0.999723 0.00723093   -6.53958
  0.999116  0.0221254 -0.0357385   -2.61084
 0.0355686   0.008025   0.999335  -0.120871
         0          0          0          1
T_world_lidar: 
 0.0223975  -0.999723 0.00723093   -6.53958
  0.999116  0.0221254 -0.0357385   -2.61084
 0.0355686   0.008025   0.999335  -0.120871
         0          0          0          1
v_world_imu: 0.00986738   0.399176  0.0140225
frame_121
id: 584
stamp: 1730230170.800032377
T_odom_lidar: 
  0.018547   -0.99979 0.00867704   -6.53922
  0.999207   0.018229 -0.0353913   -2.57067
 0.0352257 0.00932656   0.999336  -0.119803
         0          0          0          1
T_world_lidar: 
  0.018547   -0.99979 0.00867704   -6.53922
  0.999207   0.018229 -0.0353913   -2.57067
 0.0352257 0.00932656   0.999336  -0.119803
         0          0          0          1
v_world_imu: 0.0141375  0.403615 0.0100195
frame_122
id: 585
stamp: 1730230170.900026560
T_odom_lidar: 
 0.0147995  -0.999848  0.0091645    -6.5386
  0.999298  0.0144745 -0.0345652    -2.5301
 0.0344273 0.00966961    0.99936    -0.1185
         0          0          0          1
T_world_lidar: 
 0.0147995  -0.999848  0.0091645    -6.5386
  0.999298  0.0144745 -0.0345652    -2.5301
 0.0344273 0.00966961    0.99936    -0.1185
         0          0          0          1
v_world_imu: 0.0127462  0.406381 0.0143704
frame_123
id: 586
stamp: 1730230171.003229380
T_odom_lidar: 
 0.0105858  -0.999904 0.00888661   -6.53839
  0.999362   0.010276 -0.0342174   -2.48914
 0.0341228 0.00924316   0.999375  -0.118356
         0          0          0          1
T_world_lidar: 
 0.0105858  -0.999904 0.00888661   -6.53839
  0.999362   0.010276 -0.0342174   -2.48914
 0.0341228 0.00924316   0.999375  -0.118356
         0          0          0          1
v_world_imu: 0.00674361   0.404077  0.0186336
frame_124
id: 587
stamp: 1730230171.200025320
T_odom_lidar: 
0.00405663  -0.999948 0.00935259   -6.53971
  0.999314 0.00370932 -0.0368578   -2.40976
 0.0368212 0.00949569   0.999277   -0.11606
         0          0          0          1
T_world_lidar: 
0.00405663  -0.999948 0.00935259   -6.53971
  0.999314 0.00370932 -0.0368578   -2.40976
 0.0368212 0.00949569   0.999277   -0.11606
         0          0          0          1
v_world_imu: 0.00080812    0.40356  0.0200559
frame_125
id: 588
stamp: 1730230171.300025463
T_odom_lidar: 
0.00220411  -0.999967 0.00776427   -6.54091
  0.999257 0.00190364 -0.0384952   -2.36974
 0.0384791 0.00784335   0.999229  -0.113607
         0          0          0          1
T_world_lidar: 
0.00220411  -0.999967 0.00776427   -6.54091
  0.999257 0.00190364 -0.0384952   -2.36974
 0.0384791 0.00784335   0.999229  -0.113607
         0          0          0          1
v_world_imu: -0.0078191   0.397725  0.0196559
frame_126
id: 589
stamp: 1730230171.400021315
T_odom_lidar: 
-0.00213504   -0.999969  0.00753946    -6.54284
   0.999184 -0.00243731   -0.040313    -2.33019
  0.0403302  0.00744724    0.999159   -0.110915
          0           0           0           1
T_world_lidar: 
-0.00213504   -0.999969  0.00753946    -6.54284
   0.999184 -0.00243731   -0.040313    -2.33019
  0.0403302  0.00744724    0.999159   -0.110915
          0           0           0           1
v_world_imu: -0.00534799    0.398787   0.0225342
frame_127
id: 590
stamp: 1730230171.500028372
T_odom_lidar: 
-0.00241667   -0.999981  0.00572876    -6.54362
   0.999117 -0.00265482  -0.0419342    -2.29088
  0.0419486  0.00562236    0.999104   -0.108284
          0           0           0           1
T_world_lidar: 
-0.00241667   -0.999981  0.00572876    -6.54362
   0.999117 -0.00265482  -0.0419342    -2.29088
  0.0419486  0.00562236    0.999104   -0.108284
          0           0           0           1
v_world_imu: -0.00794508    0.395511   0.0281644
frame_128
id: 591
stamp: 1730230171.600030422
T_odom_lidar: 
  -0.004741   -0.999974  0.00536642     -6.5443
   0.999064 -0.00496734  -0.0429809    -2.25135
  0.0430064  0.00515762    0.999061    -0.10574
          0           0           0           1
T_world_lidar: 
  -0.004741   -0.999974  0.00536642     -6.5443
   0.999064 -0.00496734  -0.0429809    -2.25135
  0.0430064  0.00515762    0.999061    -0.10574
          0           0           0           1
v_world_imu: 0.00474788   0.397219  0.0245372
frame_129
id: 592
stamp: 1730230171.700033426
T_odom_lidar: 
-0.00820546   -0.999953  0.00507243    -6.54457
   0.999021 -0.00841808  -0.0434224    -2.21189
  0.0434631  0.00471117    0.999044   -0.103278
          0           0           0           1
T_world_lidar: 
-0.00820546   -0.999953  0.00507243    -6.54457
   0.999021 -0.00841808  -0.0434224    -2.21189
  0.0434631  0.00471117    0.999044   -0.103278
          0           0           0           1
v_world_imu: 0.00740059   0.396428  0.0259206
frame_130
id: 593
stamp: 1730230171.800035238
T_odom_lidar: 
-0.00652243   -0.999959  0.00629129    -6.54314
   0.999062 -0.00678569  -0.0427733    -2.17263
  0.0428142   0.0060064    0.999065   -0.101154
          0           0           0           1
T_world_lidar: 
-0.00652243   -0.999959  0.00629129    -6.54314
   0.999062 -0.00678569  -0.0427733    -2.17263
  0.0428142   0.0060064    0.999065   -0.101154
          0           0           0           1
v_world_imu: 0.0142096  0.389597 0.0277788
frame_131
id: 594
stamp: 1730230171.900022268
T_odom_lidar: 
 -0.010131  -0.999916 0.00811349   -6.54231
   0.99907 -0.0104618 -0.0418361   -2.13351
 0.0419175 0.00768211   0.999092 -0.0993432
         0          0          0          1
T_world_lidar: 
 -0.010131  -0.999916 0.00811349   -6.54231
   0.99907 -0.0104618 -0.0418361   -2.13351
 0.0419175 0.00768211   0.999092 -0.0993432
         0          0          0          1
v_world_imu:  0.0109896   0.390264 0.00868474
frame_132
id: 595
stamp: 1730230172.003230333
T_odom_lidar: 
-0.00875313   -0.999927  0.00836272    -6.54178
    0.99909 -0.00909423  -0.0416598    -2.09315
  0.0417328  0.00799046    0.999097  -0.0987233
          0           0           0           1
T_world_lidar: 
-0.00875313   -0.999927  0.00836272    -6.54178
    0.99909 -0.00909423  -0.0416598    -2.09315
  0.0417328  0.00799046    0.999097  -0.0987233
          0           0           0           1
v_world_imu: -0.00469236    0.392073  0.00782445
frame_133
id: 596
stamp: 1730230172.200032234
T_odom_lidar: 
-0.00869466   -0.999916  0.00960982    -6.54093
   0.999026 -0.00910189  -0.0431779    -2.01575
  0.0432618  0.00922504    0.999021  -0.0970132
          0           0           0           1
T_world_lidar: 
-0.00869466   -0.999916  0.00960982    -6.54093
   0.999026 -0.00910189  -0.0431779    -2.01575
  0.0432618  0.00922504    0.999021  -0.0970132
          0           0           0           1
v_world_imu:  -0.002481   0.393434 0.00572831
frame_134
id: 597
stamp: 1730230172.300022364
T_odom_lidar: 
-0.0111257   -0.99988  0.0107421   -6.54034
   0.99901 -0.0115776 -0.0429581   -1.97655
 0.0430773  0.0102535   0.999019 -0.0976249
         0          0          0          1
T_world_lidar: 
-0.0111257   -0.99988  0.0107421   -6.54034
   0.99901 -0.0115776 -0.0429581   -1.97655
 0.0430773  0.0102535   0.999019 -0.0976249
         0          0          0          1
v_world_imu:   0.0168007    0.388561 -0.00326178
frame_135
id: 598
stamp: 1730230172.400024176
T_odom_lidar: 
-0.0094308  -0.999889  0.0115184   -6.53947
   0.99905 -0.0099118 -0.0424416   -1.93767
 0.0425511  0.0111072   0.999033 -0.0981241
         0          0          0          1
T_world_lidar: 
-0.0094308  -0.999889  0.0115184   -6.53947
   0.99905 -0.0099118 -0.0424416   -1.93767
 0.0425511  0.0111072   0.999033 -0.0981241
         0          0          0          1
v_world_imu:  -0.0108129     0.38865 0.000587915
frame_136
id: 599
stamp: 1730230172.500023365
T_odom_lidar: 
-0.00988393   -0.999887   0.0113461    -6.54022
   0.999027  -0.0103618   -0.042863    -1.89895
  0.0429757   0.0109114    0.999017  -0.0979712
          0           0           0           1
T_world_lidar: 
-0.00988393   -0.999887   0.0113461    -6.54022
   0.999027  -0.0103618   -0.042863    -1.89895
  0.0429757   0.0109114    0.999017  -0.0979712
          0           0           0           1
v_world_imu: -0.000394722     0.383681   0.00483683
frame_137
id: 600
stamp: 1730230172.600033283
T_odom_lidar: 
-0.0118391   -0.99987  0.0109065    -6.5416
   0.99897 -0.0123049 -0.0436795   -1.86055
  0.043808  0.0103781   0.998986 -0.0976071
         0          0          0          1
T_world_lidar: 
-0.0118391   -0.99987  0.0109065    -6.5416
   0.99897 -0.0123049 -0.0436795   -1.86055
  0.043808  0.0103781   0.998986 -0.0976071
         0          0          0          1
v_world_imu: -0.0085293   0.383989 0.00056769
frame_138
id: 601
stamp: 1730230172.700027227
T_odom_lidar: 
 -0.011341  -0.999869  0.0115768   -6.54135
  0.998987 -0.0118338 -0.0434199   -1.82222
 0.0435512  0.0110726    0.99899 -0.0973777
         0          0          0          1
T_world_lidar: 
 -0.011341  -0.999869  0.0115768   -6.54135
  0.998987 -0.0118338 -0.0434199   -1.82222
 0.0435512  0.0110726    0.99899 -0.0973777
         0          0          0          1
v_world_imu: 0.0052217  0.380601 0.0023317
frame_139
id: 602
stamp: 1730230172.800017357
T_odom_lidar: 
-0.0127005  -0.999845  0.0121593   -6.54146
  0.999003 -0.0132084 -0.0426475   -1.78413
 0.0428015  0.0116055   0.999016 -0.0972233
         0          0          0          1
T_world_lidar: 
-0.0127005  -0.999845  0.0121593   -6.54146
  0.999003 -0.0132084 -0.0426475   -1.78413
 0.0428015  0.0116055   0.999016 -0.0972233
         0          0          0          1
v_world_imu:  -0.00225073     0.379677 -0.000601213
frame_140
id: 603
stamp: 1730230172.900025368
T_odom_lidar: 
-0.0116852  -0.999866  0.0114947   -6.54173
  0.999039 -0.0121596 -0.0421126   -1.74601
 0.0422467  0.0109915   0.999047 -0.0970936
         0          0          0          1
T_world_lidar: 
-0.0116852  -0.999866  0.0114947   -6.54173
  0.999039 -0.0121596 -0.0421126   -1.74601
 0.0422467  0.0109915   0.999047 -0.0970936
         0          0          0          1
v_world_imu: -0.00722794    0.383976 -0.00197158
frame_141
id: 604
stamp: 1730230173.003237247
T_odom_lidar: 
-0.0135357  -0.999838   0.011846   -6.54191
  0.999038 -0.0140171 -0.0415471    -1.7074
 0.0417065  0.0112722   0.999066 -0.0986357
         0          0          0          1
T_world_lidar: 
-0.0135357  -0.999838   0.011846   -6.54191
  0.999038 -0.0140171 -0.0415471    -1.7074
 0.0417065  0.0112722   0.999066 -0.0986357
         0          0          0          1
v_world_imu: 0.00308963   0.385104 0.00514975
frame_142
id: 605
stamp: 1730230173.200026512
T_odom_lidar: 
-0.0174044  -0.999795  0.0103813   -6.54331
   0.99901 -0.0178141  -0.040763     -1.632
 0.0409396 0.00966155   0.999115 -0.0980631
         0          0          0          1
T_world_lidar: 
-0.0174044  -0.999795  0.0103813   -6.54331
   0.99901 -0.0178141  -0.040763     -1.632
 0.0409396 0.00966155   0.999115 -0.0980631
         0          0          0          1
v_world_imu: 0.000548205    0.384578  0.00752005
frame_143
id: 606
stamp: 1730230173.300025463
T_odom_lidar: 
-0.0199097  -0.999747   0.010451   -6.54421
  0.998965 -0.0203196 -0.0406999   -1.59388
  0.040902 0.00962982   0.999117 -0.0971598
         0          0          0          1
T_world_lidar: 
-0.0199097  -0.999747   0.010451   -6.54421
  0.998965 -0.0203196 -0.0406999   -1.59388
  0.040902 0.00962982   0.999117 -0.0971598
         0          0          0          1
v_world_imu: -0.00742715    0.382879   0.0104169
frame_144
id: 607
stamp: 1730230173.400026560
T_odom_lidar: 
 -0.020878  -0.999723  0.0108243   -6.54582
  0.998967  -0.021297  -0.040154   -1.55589
 0.0403734  0.0099748   0.999135 -0.0963423
         0          0          0          1
T_world_lidar: 
 -0.020878  -0.999723  0.0108243   -6.54582
  0.998967  -0.021297  -0.040154   -1.55589
 0.0403734  0.0099748   0.999135 -0.0963423
         0          0          0          1
v_world_imu: -0.014904  0.382223 0.0138827
frame_145
id: 608
stamp: 1730230173.500029564
T_odom_lidar: 
-0.0237942  -0.999645  0.0120228   -6.54752
  0.998913 -0.0242555 -0.0398077   -1.51797
 0.0400851  0.0110625   0.999135 -0.0953012
         0          0          0          1
T_world_lidar: 
-0.0237942  -0.999645  0.0120228   -6.54752
  0.998913 -0.0242555 -0.0398077   -1.51797
 0.0400851  0.0110625   0.999135 -0.0953012
         0          0          0          1
v_world_imu: -0.00825789     0.38092   0.0136885
frame_146
id: 609
stamp: 1730230173.600025654
T_odom_lidar: 
-0.0261927  -0.999565   0.013557   -6.54854
  0.998882 -0.0267037     -0.039   -1.47994
 0.0393451  0.0125204   0.999147 -0.0943515
         0          0          0          1
T_world_lidar: 
-0.0261927  -0.999565   0.013557   -6.54854
  0.998882 -0.0267037     -0.039   -1.47994
 0.0393451  0.0125204   0.999147 -0.0943515
         0          0          0          1
v_world_imu: -0.00635859    0.379433   0.0175046
frame_147
id: 610
stamp: 1730230173.700024605
T_odom_lidar: 
-0.0253318  -0.999585  0.0137187   -6.54929
  0.998924 -0.0258434 -0.0384999   -1.44217
 0.0388384  0.0127286   0.999164 -0.0930837
         0          0          0          1
T_world_lidar: 
-0.0253318  -0.999585  0.0137187   -6.54929
  0.998924 -0.0258434 -0.0384999   -1.44217
 0.0388384  0.0127286   0.999164 -0.0930837
         0          0          0          1
v_world_imu: -0.0111458   0.376044  0.0152884
frame_148
id: 611
stamp: 1730230173.800026655
T_odom_lidar: 
-0.0265088  -0.999534  0.0151645    -6.5502
  0.998909 -0.0270697 -0.0380612   -1.40446
 0.0384539   0.014139    0.99916 -0.0918829
         0          0          0          1
T_world_lidar: 
-0.0265088  -0.999534  0.0151645    -6.5502
  0.998909 -0.0270697 -0.0380612   -1.40446
 0.0384539   0.014139    0.99916 -0.0918829
         0          0          0          1
v_world_imu: 0.000215436    0.375368   0.0164502
frame_149
id: 612
stamp: 1730230173.900027514
T_odom_lidar: 
-0.0258428  -0.999519  0.0171194   -6.55017
  0.998963  -0.026463 -0.0370503   -1.36678
 0.0374855  0.0161442   0.999167 -0.0904211
         0          0          0          1
T_world_lidar: 
-0.0258428  -0.999519  0.0171194   -6.55017
  0.998963  -0.026463 -0.0370503   -1.36678
 0.0374855  0.0161442   0.999167 -0.0904211
         0          0          0          1
v_world_imu: -0.0021684   0.373822  0.0201775
frame_150
id: 613
stamp: 1730230174.003232241
T_odom_lidar: 
-0.0261586  -0.999477  0.0190024   -6.55012
  0.998986 -0.0268329 -0.0361424   -1.32805
 0.0366334  0.0180377   0.999166 -0.0892187
         0          0          0          1
T_world_lidar: 
-0.0261586  -0.999477  0.0190024   -6.55012
  0.998986 -0.0268329 -0.0361424   -1.32805
 0.0366334  0.0180377   0.999166 -0.0892187
         0          0          0          1
v_world_imu: -0.0021116   0.376647  0.0149556
frame_151
id: 614
stamp: 1730230174.200029373
T_odom_lidar: 
-0.0260417  -0.999464  0.0198155   -6.55083
   0.99902 -0.0267297 -0.0352857   -1.25258
 0.0357965  0.0188772   0.999181 -0.0877133
         0          0          0          1
T_world_lidar: 
-0.0260417  -0.999464  0.0198155   -6.55083
   0.99902 -0.0267297 -0.0352857   -1.25258
 0.0357965  0.0188772   0.999181 -0.0877133
         0          0          0          1
v_world_imu: -0.00583774     0.38384   0.0152523
frame_152
id: 615
stamp: 1730230174.300026417
T_odom_lidar: 
-0.0269179  -0.999443  0.0197126    -6.5519
  0.999012 -0.0275932 -0.0348283   -1.21419
 0.0353529  0.0187556   0.999199 -0.0863287
         0          0          0          1
T_world_lidar: 
-0.0269179  -0.999443  0.0197126    -6.5519
  0.999012 -0.0275932 -0.0348283   -1.21419
 0.0353529  0.0187556   0.999199 -0.0863287
         0          0          0          1
v_world_imu: -0.0153713   0.381887  0.0158632
frame_153
id: 616
stamp: 1730230174.400026560
T_odom_lidar: 
-0.0276668  -0.999425  0.0196134    -6.5538
  0.999009 -0.0283288 -0.0343189   -1.17579
 0.0348547  0.0186444   0.999218 -0.0850542
         0          0          0          1
T_world_lidar: 
-0.0276668  -0.999425  0.0196134    -6.5538
  0.999009 -0.0283288 -0.0343189   -1.17579
 0.0348547  0.0186444   0.999218 -0.0850542
         0          0          0          1
v_world_imu: -0.0085309   0.385011  0.0139267
frame_154
id: 617
stamp: 1730230174.500024557
T_odom_lidar: 
-0.0280389    -0.9994  0.0203333   -6.55463
  0.999014 -0.0287168 -0.0338545   -1.13731
 0.0344181   0.019364    0.99922    -0.0837
         0          0          0          1
T_world_lidar: 
-0.0280389    -0.9994  0.0203333   -6.55463
  0.999014 -0.0287168 -0.0338545   -1.13731
 0.0344181   0.019364    0.99922    -0.0837
         0          0          0          1
v_world_imu: -0.00887573    0.384365   0.0154935
frame_155
id: 618
stamp: 1730230174.600028515
T_odom_lidar: 
-0.0277376  -0.999413  0.0201128   -6.55602
  0.999054 -0.0283907 -0.0329461   -1.09871
 0.0334978    0.01918   0.999255 -0.0828649
         0          0          0          1
T_world_lidar: 
-0.0277376  -0.999413  0.0201128   -6.55602
  0.999054 -0.0283907 -0.0329461   -1.09871
 0.0334978    0.01918   0.999255 -0.0828649
         0          0          0          1
v_world_imu: -0.0155868   0.389649  0.0114087
frame_156
id: 619
stamp: 1730230174.700031519
T_odom_lidar: 
-0.0279752  -0.999396  0.0206183   -6.55676
  0.999045 -0.0286462 -0.0330044   -1.05959
 0.0335751  0.0196753   0.999243 -0.0814907
         0          0          0          1
T_world_lidar: 
-0.0279752  -0.999396  0.0206183   -6.55676
  0.999045 -0.0286462 -0.0330044   -1.05959
 0.0335751  0.0196753   0.999243 -0.0814907
         0          0          0          1
v_world_imu: -0.00285653     0.39139   0.0121874
frame_157
id: 620
stamp: 1730230174.803227186
T_odom_lidar: 
-0.0279761  -0.999395  0.0206783   -6.55713
  0.999057 -0.0286421 -0.0326441   -1.01983
 0.0332166  0.0197455   0.999253 -0.0823376
         0          0          0          1
T_world_lidar: 
-0.0279761  -0.999395  0.0206783   -6.55713
  0.999057 -0.0286421 -0.0326441   -1.01983
 0.0332166  0.0197455   0.999253 -0.0823376
         0          0          0          1
v_world_imu: -0.0141671    0.39965  0.0113583
frame_158
id: 621
stamp: 1730230175.003240347
T_odom_lidar: 
-0.0297424  -0.999334  0.0211466   -6.55935
   0.99898 -0.0304378 -0.0333595  -0.940719
  0.033981  0.0201329    0.99922 -0.0811485
         0          0          0          1
T_world_lidar: 
-0.0297424  -0.999334  0.0211466   -6.55935
   0.99898 -0.0304378 -0.0333595  -0.940719
  0.033981  0.0201329    0.99922 -0.0811485
         0          0          0          1
v_world_imu: -0.00995595    0.397792  0.00984111
frame_159
id: 622
stamp: 1730230175.200029373
T_odom_lidar: 
-0.0301685  -0.999353  0.0195732   -6.56118
  0.998898 -0.0308478 -0.0353849  -0.862212
 0.0359658  0.0184841   0.999182 -0.0795512
         0          0          0          1
T_world_lidar: 
-0.0301685  -0.999353  0.0195732   -6.56118
  0.998898 -0.0308478 -0.0353849  -0.862212
 0.0359658  0.0184841   0.999182 -0.0795512
         0          0          0          1
v_world_imu: -0.00646452    0.406722   0.0106942
frame_160
id: 623
stamp: 1730230175.300032377
T_odom_lidar: 
-0.0291342  -0.999394  0.0190656   -6.56129
  0.998929 -0.0297959  -0.035395  -0.822622
 0.0359416   0.018014   0.999192 -0.0805829
         0          0          0          1
T_world_lidar: 
-0.0291342  -0.999394  0.0190656   -6.56129
  0.998929 -0.0297959  -0.035395  -0.822622
 0.0359416   0.018014   0.999192 -0.0805829
         0          0          0          1
v_world_imu: 0.00262683   0.414917 0.00552269
frame_161
id: 624
stamp: 1730230175.400033474
T_odom_lidar: 
-0.0306223  -0.999327  0.0201878   -6.56039
  0.998889   -0.03132 -0.0352001  -0.780972
 0.0358087  0.0190875   0.999176 -0.0793716
         0          0          0          1
T_world_lidar: 
-0.0306223  -0.999327  0.0201878   -6.56039
  0.998889   -0.03132 -0.0352001  -0.780972
 0.0358087  0.0190875   0.999176 -0.0793716
         0          0          0          1
v_world_imu: 0.00733092   0.418224 0.00568044
frame_162
id: 625
stamp: 1730230175.500027418
T_odom_lidar: 
-0.0312357  -0.999305  0.0203324    -6.5605
  0.998901 -0.0319214 -0.0343207  -0.739583
 0.0349458   0.019238   0.999204 -0.0785172
         0          0          0          1
T_world_lidar: 
-0.0312357  -0.999305  0.0203324    -6.5605
  0.998901 -0.0319214 -0.0343207  -0.739583
 0.0349458   0.019238   0.999204 -0.0785172
         0          0          0          1
v_world_imu: -0.000633775     0.412763    0.0111198
frame_163
id: 626
stamp: 1730230175.600015402
T_odom_lidar: 
 -0.031855  -0.999268  0.0211863   -6.55967
  0.998889  -0.032565 -0.0340572  -0.698645
 0.0347222  0.0200779   0.999195 -0.0773835
         0          0          0          1
T_world_lidar: 
 -0.031855  -0.999268  0.0211863   -6.55967
  0.998889  -0.032565 -0.0340572  -0.698645
 0.0347222  0.0200779   0.999195 -0.0773835
         0          0          0          1
v_world_imu: 0.0182015  0.411248 0.0106814
frame_164
id: 627
stamp: 1730230175.700037241
T_odom_lidar: 
 -0.046695  -0.998772  0.0165772   -6.56392
  0.998294 -0.0472424  -0.034325   -0.65827
  0.035066  0.0149461   0.999273 -0.0758436
         0          0          0          1
T_world_lidar: 
 -0.046695  -0.998772  0.0165772   -6.56392
  0.998294 -0.0472424  -0.034325   -0.65827
  0.035066  0.0149461   0.999273 -0.0758436
         0          0          0          1
v_world_imu: -0.0332918   0.419214  0.0154396
frame_165
id: 628
stamp: 1730230175.800019264
T_odom_lidar: 
-0.0909066  -0.995699  0.0178726   -6.58164
  0.995237 -0.0914698  -0.033725  -0.618099
 0.0352147  0.0147216   0.999271 -0.0747486
         0          0          0          1
T_world_lidar: 
-0.0909066  -0.995699  0.0178726   -6.58164
  0.995237 -0.0914698  -0.033725  -0.618099
 0.0352147  0.0147216   0.999271 -0.0747486
         0          0          0          1
v_world_imu: -0.0847887   0.406764  0.0164669
frame_166
id: 629
stamp: 1730230175.900032282
T_odom_lidar: 
-0.0981558  -0.995035  0.0164486   -6.59079
  0.994525  -0.098674 -0.0343906  -0.578508
 0.0358429  0.0129829   0.999273 -0.0734758
         0          0          0          1
T_world_lidar: 
-0.0981558  -0.995035  0.0164486   -6.59079
  0.994525  -0.098674 -0.0343906  -0.578508
 0.0358429  0.0129829   0.999273 -0.0734758
         0          0          0          1
v_world_imu: -0.0484174   0.405739  0.0123646
frame_167
id: 630
stamp: 1730230176.003226280
T_odom_lidar: 
-0.0988447   -0.99495  0.0174561    -6.5931
  0.994452 -0.0993991 -0.0344156  -0.536802
 0.0359769  0.0139574   0.999255 -0.0726874
         0          0          0          1
T_world_lidar: 
-0.0988447   -0.99495  0.0174561    -6.5931
  0.994452 -0.0993991 -0.0344156  -0.536802
 0.0359769  0.0139574   0.999255 -0.0726874
         0          0          0          1
v_world_imu: -0.0135016   0.402365 0.00889591
frame_168
id: 631
stamp: 1730230176.200033426
T_odom_lidar: 
-0.0995462  -0.994875  0.0177147   -6.59968
  0.994337  -0.100127 -0.0356293  -0.458309
 0.0372204  0.0140676   0.999208 -0.0701328
         0          0          0          1
T_world_lidar: 
-0.0995462  -0.994875  0.0177147   -6.59968
  0.994337  -0.100127 -0.0356293  -0.458309
 0.0372204  0.0140676   0.999208 -0.0701328
         0          0          0          1
v_world_imu: -0.0328687    0.39624 0.00950424
frame_169
id: 632
stamp: 1730230176.300032377
T_odom_lidar: 
-0.0995935  -0.994877  0.0173178   -6.60296
   0.99433   -0.10016 -0.0357181  -0.418572
 0.0372697  0.0136623   0.999212 -0.0690983
         0          0          0          1
T_world_lidar: 
-0.0995935  -0.994877  0.0173178   -6.60296
   0.99433   -0.10016 -0.0357181  -0.418572
 0.0372697  0.0136623   0.999212 -0.0690983
         0          0          0          1
v_world_imu: -0.0377199   0.394419  0.0122285
frame_170
id: 633
stamp: 1730230176.400035381
T_odom_lidar: 
 -0.101283  -0.994709  0.0171724   -6.60741
   0.99417   -0.10184 -0.0354255  -0.379191
 0.0369869  0.0134843   0.999225 -0.0680384
         0          0          0          1
T_world_lidar: 
 -0.101283  -0.994709  0.0171724   -6.60741
   0.99417   -0.10184 -0.0354255  -0.379191
 0.0369869  0.0134843   0.999225 -0.0680384
         0          0          0          1
v_world_imu: -0.0362351   0.394528  0.0101502
frame_171
id: 634
stamp: 1730230176.500037432
T_odom_lidar: 
   -0.1018  -0.994659  0.0170172   -6.61105
  0.994138  -0.102343 -0.0348606  -0.339682
  0.036416  0.0133687   0.999247 -0.0672253
         0          0          0          1
T_world_lidar: 
   -0.1018  -0.994659  0.0170172   -6.61105
  0.994138  -0.102343 -0.0348606  -0.339682
  0.036416  0.0133687   0.999247 -0.0672253
         0          0          0          1
v_world_imu: -0.0396895   0.393437   0.010644
frame_172
id: 635
stamp: 1730230176.600038290
T_odom_lidar: 
 -0.102283  -0.994629  0.0158706   -6.61562
  0.994092  -0.102784 -0.0348815  -0.300596
 0.0363254   0.012209   0.999265 -0.0662644
         0          0          0          1
T_world_lidar: 
 -0.102283  -0.994629  0.0158706   -6.61562
  0.994092  -0.102784 -0.0348815  -0.300596
 0.0363254   0.012209   0.999265 -0.0662644
         0          0          0          1
v_world_imu: -0.0470662    0.38904  0.0101701
frame_173
id: 636
stamp: 1730230176.700043440
T_odom_lidar: 
 -0.102764  -0.994599  0.0145962   -6.62002
  0.994098  -0.103203 -0.0334396  -0.262401
 0.0347654  0.0110737   0.999334 -0.0662921
         0          0          0          1
T_world_lidar: 
 -0.102764  -0.994599  0.0145962   -6.62002
  0.994098  -0.103203 -0.0334396  -0.262401
 0.0347654  0.0110737   0.999334 -0.0662921
         0          0          0          1
v_world_imu: -0.0426858   0.387904 0.00980557
frame_174
id: 637
stamp: 1730230176.800043344
T_odom_lidar: 
 -0.102506  -0.994626  0.0145182   -6.62351
  0.994145  -0.102935  -0.032849  -0.223492
 0.0341669   0.011066   0.999355 -0.0653346
         0          0          0          1
T_world_lidar: 
 -0.102506  -0.994626  0.0145182   -6.62351
  0.994145  -0.102935  -0.032849  -0.223492
 0.0341669   0.011066   0.999355 -0.0653346
         0          0          0          1
v_world_imu: -0.0301091   0.387506  0.0100426
frame_175
id: 638
stamp: 1730230176.900041342
T_odom_lidar: 
   -0.1021  -0.994671  0.0143084    -6.6271
  0.994205  -0.102517  -0.032364  -0.184944
 0.0336584  0.0109211   0.999374 -0.0644863
         0          0          0          1
T_world_lidar: 
   -0.1021  -0.994671  0.0143084    -6.6271
  0.994205  -0.102517  -0.032364  -0.184944
 0.0336584  0.0109211   0.999374 -0.0644863
         0          0          0          1
v_world_imu:  -0.041479   0.383053 0.00770039
frame_176
id: 639
stamp: 1730230177.003221273
T_odom_lidar: 
 -0.103172  -0.994551  0.0149672   -6.63103
  0.994114  -0.103603   -0.03169  -0.146053
  0.033068  0.0116096   0.999386 -0.0651958
         0          0          0          1
T_world_lidar: 
 -0.103172  -0.994551  0.0149672   -6.63103
  0.994114  -0.103603   -0.03169  -0.146053
  0.033068  0.0116096   0.999386 -0.0651958
         0          0          0          1
v_world_imu: -0.0281423   0.385202 0.00514749
frame_177
id: 640
stamp: 1730230177.200033188
T_odom_lidar: 
 -0.105299  -0.994286  0.0175367   -6.63694
  0.993821  -0.105839 -0.0334259 -0.0713119
  0.035091  0.0139086   0.999287 -0.0638832
         0          0          0          1
T_world_lidar: 
 -0.105299  -0.994286  0.0175367   -6.63694
  0.993821  -0.105839 -0.0334259 -0.0713119
  0.035091  0.0139086   0.999287 -0.0638832
         0          0          0          1
v_world_imu: -0.0377848   0.379061 0.00402044
frame_178
id: 641
stamp: 1730230177.300038338
T_odom_lidar: 
 -0.106502  -0.994149  0.0180083   -6.64055
  0.993677  -0.107064 -0.0338187 -0.0335992
 0.0355489  0.0142927   0.999266 -0.0626736
         0          0          0          1
T_world_lidar: 
 -0.106502  -0.994149  0.0180083   -6.64055
  0.993677  -0.107064 -0.0338187 -0.0335992
 0.0355489  0.0142927   0.999266 -0.0626736
         0          0          0          1
v_world_imu: -0.0313149   0.374381  0.0107617
frame_179
id: 642
stamp: 1730230177.400031328
T_odom_lidar: 
 -0.107534  -0.994035  0.0181954   -6.64418
  0.993559  -0.108105 -0.0339717  0.0036786
 0.0357361  0.0144251   0.999257  -0.061737
         0          0          0          1
T_world_lidar: 
 -0.107534  -0.994035  0.0181954   -6.64418
  0.993559  -0.108105 -0.0339717  0.0036786
 0.0357361  0.0144251   0.999257  -0.061737
         0          0          0          1
v_world_imu: -0.0370672   0.376701 0.00930864
frame_180
id: 643
stamp: 1730230177.500034332
T_odom_lidar: 
 -0.107446  -0.994045    0.01814   -6.64861
  0.993556  -0.108019 -0.0343354  0.0411255
 0.0360905  0.0143339   0.999246 -0.0606811
         0          0          0          1
T_world_lidar: 
 -0.107446  -0.994045    0.01814   -6.64861
  0.993556  -0.108019 -0.0343354  0.0411255
 0.0360905  0.0143339   0.999246 -0.0606811
         0          0          0          1
v_world_imu: -0.0473021   0.374511 0.00975096
frame_181
id: 644
stamp: 1730230177.600030184
T_odom_lidar: 
 -0.107777  -0.994005  0.0183941   -6.65259
  0.993502  -0.108367 -0.0347998  0.0785312
 0.0365845   0.014524   0.999225 -0.0594289
         0          0          0          1
T_world_lidar: 
 -0.107777  -0.994005  0.0183941   -6.65259
  0.993502  -0.108367 -0.0347998  0.0785312
 0.0365845   0.014524   0.999225 -0.0594289
         0          0          0          1
v_world_imu: -0.0356374    0.37229  0.0120703
frame_182
id: 645
stamp: 1730230177.700034142
T_odom_lidar: 
 -0.107576  -0.994019  0.0188144   -6.65663
  0.993501  -0.108189 -0.0353592   0.116229
 0.0371832  0.0148883   0.999198 -0.0579735
         0          0          0          1
T_world_lidar: 
 -0.107576  -0.994019  0.0188144   -6.65663
  0.993501  -0.108189 -0.0353592   0.116229
 0.0371832  0.0148883   0.999198 -0.0579735
         0          0          0          1
v_world_imu: -0.0423034   0.373419 0.00940955
frame_183
id: 646
stamp: 1730230177.800026178
T_odom_lidar: 
 -0.107052  -0.994063  0.0194388   -6.66012
  0.993534  -0.107698 -0.0359369   0.153528
 0.0378171   0.015466   0.999165 -0.0567058
         0          0          0          1
T_world_lidar: 
 -0.107052  -0.994063  0.0194388   -6.66012
  0.993534  -0.107698 -0.0359369   0.153528
 0.0378171   0.015466   0.999165 -0.0567058
         0          0          0          1
v_world_imu: -0.0326881   0.371417  0.0103737
frame_184
id: 647
stamp: 1730230177.900030136
T_odom_lidar: 
 -0.106546  -0.994123  0.0191653   -6.66375
  0.993586  -0.107183  -0.036034   0.190598
 0.0378764  0.0152031   0.999167 -0.0556028
         0          0          0          1
T_world_lidar: 
 -0.106546  -0.994123  0.0191653   -6.66375
  0.993586  -0.107183  -0.036034   0.190598
 0.0378764  0.0152031   0.999167 -0.0556028
         0          0          0          1
v_world_imu: -0.0403954   0.370954  0.0103885
frame_185
id: 648
stamp: 1730230178.003236294
T_odom_lidar: 
 -0.105462  -0.994232  0.0194915   -6.66661
  0.993699  -0.106113 -0.0360911   0.229118
 0.0379512  0.0155624   0.999158 -0.0578292
         0          0          0          1
T_world_lidar: 
 -0.105462  -0.994232  0.0194915   -6.66661
  0.993699  -0.106113 -0.0360911   0.229118
 0.0379512  0.0155624   0.999158 -0.0578292
         0          0          0          1
v_world_imu:  -0.034041   0.375291 0.00934292
frame_186
id: 649
stamp: 1730230178.200029612
T_odom_lidar: 
 -0.103833  -0.994445  0.0172351   -6.67493
  0.993806  -0.104425 -0.0380197   0.301715
 0.0396083  0.0131806   0.999128 -0.0578654
         0          0          0          1
T_world_lidar: 
 -0.103833  -0.994445  0.0172351   -6.67493
  0.993806  -0.104425 -0.0380197   0.301715
 0.0396083  0.0131806   0.999128 -0.0578654
         0          0          0          1
v_world_imu: -0.0409076   0.376833  0.0102192
frame_187
id: 650
stamp: 1730230178.300030470
T_odom_lidar: 
  -0.10378  -0.994465  0.0164213   -6.67867
  0.993755  -0.104358 -0.0394917   0.338906
 0.0409868  0.0122203   0.999085 -0.0574604
         0          0          0          1
T_world_lidar: 
  -0.10378  -0.994465  0.0164213   -6.67867
  0.993755  -0.104358 -0.0394917   0.338906
 0.0409868  0.0122203   0.999085 -0.0574604
         0          0          0          1
v_world_imu: -0.0374054   0.378454  0.0114979
frame_188
id: 651
stamp: 1730230178.400028467
T_odom_lidar: 
 -0.103095  -0.994556  0.0151371   -6.68264
  0.993807  -0.103627 -0.0401118    0.37652
 0.0414621   0.010908   0.999081 -0.0561879
         0          0          0          1
T_world_lidar: 
 -0.103095  -0.994556  0.0151371   -6.68264
  0.993807  -0.103627 -0.0401118    0.37652
 0.0414621   0.010908   0.999081 -0.0561879
         0          0          0          1
v_world_imu: -0.0398918   0.376905  0.0110994
frame_189
id: 652
stamp: 1730230178.500027657
T_odom_lidar: 
 -0.102037  -0.994681  0.0140889    -6.6859
  0.993888  -0.102535 -0.0408965    0.41421
 0.0421236 0.00982982   0.999064 -0.0548611
         0          0          0          1
T_world_lidar: 
 -0.102037  -0.994681  0.0140889    -6.6859
  0.993888  -0.102535 -0.0408965    0.41421
 0.0421236 0.00982982   0.999064 -0.0548611
         0          0          0          1
v_world_imu: -0.0344136   0.375934 0.00970653
frame_190
id: 653
stamp: 1730230178.600027561
T_odom_lidar: 
 -0.101806  -0.994716   0.013274   -6.68948
  0.993869   -0.10228 -0.0419852   0.451386
  0.043121 0.00891828    0.99903 -0.0533813
         0          0          0          1
T_world_lidar: 
 -0.101806  -0.994716   0.013274   -6.68948
  0.993869   -0.10228 -0.0419852   0.451386
  0.043121 0.00891828    0.99903 -0.0533813
         0          0          0          1
v_world_imu: -0.037027  0.370781 0.0115796
frame_191
id: 654
stamp: 1730230178.700034618
T_odom_lidar: 
 -0.101564   -0.99475  0.0125463   -6.69286
  0.993862  -0.102013 -0.0427885   0.488079
 0.0438437  0.0081235   0.999005  -0.052107
         0          0          0          1
T_world_lidar: 
 -0.101564   -0.99475  0.0125463   -6.69286
  0.993862  -0.102013 -0.0427885   0.488079
 0.0438437  0.0081235   0.999005  -0.052107
         0          0          0          1
v_world_imu:  -0.032496   0.368255 0.00952095
frame_192
id: 655
stamp: 1730230178.800025463
T_odom_lidar: 
 -0.101105  -0.994796  0.0125692   -6.69577
  0.993863  -0.101564 -0.0438242   0.524627
 0.0448728 0.00806124    0.99896 -0.0506824
         0          0          0          1
T_world_lidar: 
 -0.101105  -0.994796  0.0125692   -6.69577
  0.993863  -0.101564 -0.0438242   0.524627
 0.0448728 0.00806124    0.99896 -0.0506824
         0          0          0          1
v_world_imu: -0.0300406   0.364479 0.00749402
frame_193
id: 656
stamp: 1730230178.900028467
T_odom_lidar: 
 -0.101134  -0.994801  0.0119803   -6.69965
  0.993856  -0.101567  -0.043978    0.56096
 0.0449662 0.00745906   0.998961 -0.0497041
         0          0          0          1
T_world_lidar: 
 -0.101134  -0.994801  0.0119803   -6.69965
  0.993856  -0.101567  -0.043978    0.56096
 0.0449662 0.00745906   0.998961 -0.0497041
         0          0          0          1
v_world_imu: -0.0415405   0.364587  0.0100702
frame_194
id: 657
stamp: 1730230179.003227234
T_odom_lidar: 
 -0.100415  -0.994875  0.0118142   -6.70346
  0.993919  -0.100844 -0.0442251   0.597809
 0.0451899 0.00730153   0.998952 -0.0495397
         0          0          0          1
T_world_lidar: 
 -0.100415  -0.994875  0.0118142   -6.70346
  0.993919  -0.100844 -0.0442251   0.597809
 0.0451899 0.00730153   0.998952 -0.0495397
         0          0          0          1
v_world_imu: -0.0357863   0.361653   0.010944
frame_195
id: 658
stamp: 1730230179.200034380
T_odom_lidar: 
 -0.100179  -0.994916  0.0103197   -6.71235
  0.993906  -0.100546 -0.0451858   0.666361
 0.0459937 0.00573016   0.998925 -0.0491258
         0          0          0          1
T_world_lidar: 
 -0.100179  -0.994916  0.0103197   -6.71235
  0.993906  -0.100546 -0.0451858   0.666361
 0.0459937 0.00573016   0.998925 -0.0491258
         0          0          0          1
v_world_imu: -0.0523213    0.34923 0.00728409
frame_196
id: 659
stamp: 1730230179.300020456
T_odom_lidar: 
-0.0990241  -0.995029  0.0105671   -6.71679
  0.993987 -0.0994081 -0.0459213   0.700587
 0.0467435 0.00595624   0.998889 -0.0489369
         0          0          0          1
T_world_lidar: 
-0.0990241  -0.995029  0.0105671   -6.71679
  0.993987 -0.0994081 -0.0459213   0.700587
 0.0467435 0.00595624   0.998889 -0.0489369
         0          0          0          1
v_world_imu: -0.0381447   0.345922 0.00968237
frame_197
id: 660
stamp: 1730230179.400026560
T_odom_lidar: 
-0.0973963  -0.995196 0.00992596   -6.72221
  0.994171 -0.0977497  -0.045494   0.734725
 0.0462457 0.00543714   0.998915 -0.0479428
         0          0          0          1
T_world_lidar: 
-0.0973963  -0.995196 0.00992596   -6.72221
  0.994171 -0.0977497  -0.045494   0.734725
 0.0462457 0.00543714   0.998915 -0.0479428
         0          0          0          1
v_world_imu: -0.0709097   0.341411 0.00999914
frame_198
id: 661
stamp: 1730230179.500037432
T_odom_lidar: 
-0.0970623   -0.99523 0.00985328   -6.72834
  0.994224 -0.0974103 -0.0450593    0.76868
 0.0458042 0.00542281   0.998936 -0.0468943
         0          0          0          1
T_world_lidar: 
-0.0970623   -0.99523 0.00985328   -6.72834
  0.994224 -0.0974103 -0.0450593    0.76868
 0.0458042 0.00542281   0.998936 -0.0468943
         0          0          0          1
v_world_imu: -0.0555687   0.335531  0.0124621
frame_199
id: 662
stamp: 1730230179.600030422
T_odom_lidar: 
 -0.095585  -0.995373 0.00976725   -6.73455
  0.994383 -0.0959287 -0.0447141   0.801708
 0.0454442 0.00543839   0.998952 -0.0456451
         0          0          0          1
T_world_lidar: 
 -0.095585  -0.995373 0.00976725   -6.73455
  0.994383 -0.0959287 -0.0447141   0.801708
 0.0454442 0.00543839   0.998952 -0.0456451
         0          0          0          1
v_world_imu: -0.0802164   0.325334   0.013662
frame_200
id: 663
stamp: 1730230179.700034380
T_odom_lidar: 
-0.0943761  -0.995491 0.00950776   -6.74226
  0.994534 -0.0947053  -0.043971   0.834109
 0.0446732 0.00530597   0.998988 -0.0442117
         0          0          0          1
T_world_lidar: 
-0.0943761  -0.995491 0.00950776   -6.74226
  0.994534 -0.0947053  -0.043971   0.834109
 0.0446732 0.00530597   0.998988 -0.0442117
         0          0          0          1
v_world_imu: -0.0707655   0.320336   0.018106
frame_201
id: 664
stamp: 1730230179.800034523
T_odom_lidar: 
-0.0902656   -0.99588 0.00871475   -6.74836
  0.994935 -0.0905617 -0.0436209   0.865773
 0.0442304 0.00473315    0.99901 -0.0426463
         0          0          0          1
T_world_lidar: 
-0.0902656   -0.99588 0.00871475   -6.74836
  0.994935 -0.0905617 -0.0436209   0.865773
 0.0442304 0.00473315    0.99901 -0.0426463
         0          0          0          1
v_world_imu: -0.0695164   0.309709  0.0182859
frame_202
id: 665
stamp: 1730230179.900027514
T_odom_lidar: 
 -0.075701  -0.997064    0.01151   -6.75123
  0.996166 -0.0761303 -0.0430983   0.897285
 0.0438481  0.0082033   0.999005 -0.0408988
         0          0          0          1
T_world_lidar: 
 -0.075701  -0.997064    0.01151   -6.75123
  0.996166 -0.0761303 -0.0430983   0.897285
 0.0438481  0.0082033   0.999005 -0.0408988
         0          0          0          1
v_world_imu: -0.0669715   0.308875  0.0162657
frame_203
id: 666
stamp: 1730230180.003248215
T_odom_lidar: 
-0.0544102  -0.998468  0.0100649   -6.75212
  0.997602 -0.0547893 -0.0422941   0.930436
 0.0427807 0.00773956   0.999055  -0.041381
         0          0          0          1
T_world_lidar: 
-0.0544102  -0.998468  0.0100649   -6.75212
  0.997602 -0.0547893 -0.0422941   0.930436
 0.0427807 0.00773956   0.999055  -0.041381
         0          0          0          1
v_world_imu: -0.0592875   0.325017  0.0129242
frame_204
id: 667
stamp: 1730230180.200046539
T_odom_lidar: 
 0.0250199  -0.999686 0.00119979   -6.74048
  0.998882  0.0249516 -0.0401568   0.999857
 0.0401143 0.00220317   0.999193 -0.0446017
         0          0          0          1
T_world_lidar: 
 0.0250199  -0.999686 0.00119979   -6.74048
  0.998882  0.0249516 -0.0401568   0.999857
 0.0401143 0.00220317   0.999193 -0.0446017
         0          0          0          1
v_world_imu:  -0.062042   0.356431 -0.0124983
frame_205
id: 668
stamp: 1730230180.300045490
T_odom_lidar: 
   0.0662514    -0.997799  -0.00279271      -6.7369
      0.9971    0.0663095   -0.0373431      1.03604
   0.0374461 -0.000310582     0.999299   -0.0473213
           0            0            0            1
T_world_lidar: 
   0.0662514    -0.997799  -0.00279271      -6.7369
      0.9971    0.0663095   -0.0373431      1.03604
   0.0374461 -0.000310582     0.999299   -0.0473213
           0            0            0            1
v_world_imu:  -0.0630234     0.35866 -0.00182895
frame_206
id: 669
stamp: 1730230180.400027514
T_odom_lidar: 
   0.116568    -0.99316 -0.00668489    -6.73125
    0.99273    0.116715  -0.0294151     1.07227
  0.0299942 -0.00320743    0.999545  -0.0502212
          0           0           0           1
T_world_lidar: 
   0.116568    -0.99316 -0.00668489    -6.73125
    0.99273    0.116715  -0.0294151     1.07227
  0.0299942 -0.00320743    0.999545  -0.0502212
          0           0           0           1
v_world_imu: -0.0863504   0.370035 -0.0158788
frame_207
id: 670
stamp: 1730230180.500064373
T_odom_lidar: 
   0.158821   -0.987287 -0.00630051    -6.72752
   0.986961    0.158931   -0.025486     1.10835
  0.0261633 -0.00217065    0.999655  -0.0535707
          0           0           0           1
T_world_lidar: 
   0.158821   -0.987287 -0.00630051    -6.72752
   0.986961    0.158931   -0.025486     1.10835
  0.0261633 -0.00217065    0.999655  -0.0535707
          0           0           0           1
v_world_imu: -0.0314575   0.332995 -0.0170598
