1718924404.500033855 -7.439668 -6.951786 0.224083 -0.011311 -0.025581 0.731574 0.681188
1718924404.500119686 -7.439686 -6.951790 0.224096 -0.011313 -0.025592 0.731554 0.681209
1718924404.505128860 -7.440734 -6.952069 0.224819 -0.011435 -0.026232 0.730359 0.682464
1718924404.510200739 -7.441794 -6.952350 0.225517 -0.011553 -0.026873 0.729122 0.683758
1718924404.515136719 -7.442829 -6.952623 0.226155 -0.011614 -0.027453 0.727893 0.685042
1718924404.625123262 -7.457485 -6.957287 0.210678 0.012435 0.016752 0.695952 0.717785
1718924404.630111217 -7.457796 -6.957475 0.208590 0.013758 0.019115 0.694382 0.719221
1718924404.635113716 -7.458077 -6.957653 0.206385 0.015260 0.021692 0.692761 0.720679
1718924404.640105963 -7.458343 -6.957806 0.204139 0.016783 0.024189 0.691170 0.722093
1718924404.645118237 -7.458606 -6.957930 0.201982 0.017896 0.026040 0.689656 0.723448
1718924404.650114059 -7.458853 -6.958037 0.200096 0.018223 0.026706 0.688209 0.724792
1718924404.655111074 -7.459067 -6.958133 0.198563 0.017764 0.026127 0.686826 0.726135
1718924404.660104275 -7.459252 -6.958211 0.197351 0.017004 0.024933 0.685536 0.727413
1718924404.665099382 -7.459453 -6.958259 0.196346 0.016449 0.023891 0.684351 0.728575
1718924404.670144558 -7.459737 -6.958277 0.195438 0.016491 0.023465 0.683235 0.729635
1718924404.675102234 -7.460111 -6.958275 0.194579 0.017093 0.023626 0.682170 0.730612
1718924404.680112600 -7.460538 -6.958257 0.193698 0.017929 0.023962 0.681114 0.731566
1718924404.685099602 -7.460959 -6.958226 0.192800 0.018653 0.024036 0.680079 0.732507
1718924404.690106630 -7.461354 -6.958198 0.191868 0.019169 0.023804 0.679032 0.733472
1718924404.695126057 -7.461734 -6.958195 0.190882 0.019472 0.023441 0.677943 0.734482
1718924404.699878216 -7.462091 -6.958221 0.189891 0.019624 0.023150 0.676874 0.735473
1718924404.699878216 -7.462091 -6.958221 0.189891 0.019624 0.023150 0.676874 0.735473
1718924404.700102568 -7.462109 -6.958223 0.189843 0.019631 0.023136 0.676823 0.735520
1718924404.705151320 -7.462510 -6.958272 0.188739 0.019635 0.022906 0.675654 0.736601
1718924404.710139036 -7.462881 -6.958326 0.187606 0.019494 0.022714 0.674456 0.737708
1718924404.715147018 -7.463218 -6.958383 0.186441 0.019278 0.022551 0.673220 0.738847
1718924404.720106363 -7.463514 -6.958443 0.185284 0.018993 0.022372 0.671969 0.739997
1718924404.799960136 -7.468860 -6.957477 0.170902 0.019602 0.023769 0.662279 0.748623
1718924404.799960136 -7.468860 -6.957477 0.170902 0.019602 0.023769 0.662279 0.748623
1718924404.815117598 -7.470284 -6.957161 0.168592 0.019722 0.023997 0.660427 0.750248
1718924404.820192337 -7.470765 -6.956979 0.167899 0.019737 0.024033 0.659884 0.750723
1718924404.825144291 -7.471232 -6.956783 0.167249 0.019681 0.023964 0.659404 0.751149
1718924404.830138445 -7.471694 -6.956565 0.166613 0.019590 0.023815 0.658964 0.751542
1718924404.835127115 -7.472142 -6.956330 0.165992 0.019413 0.023569 0.658564 0.751905
1718924404.840138674 -7.472565 -6.956081 0.165373 0.019093 0.023128 0.658208 0.752238
1718924404.845125914 -7.472964 -6.955822 0.164756 0.018722 0.022689 0.657890 0.752540
1718924404.850116253 -7.473368 -6.955549 0.164121 0.018460 0.022414 0.657597 0.752810
1718924404.855114698 -7.473796 -6.955266 0.163462 0.018377 0.022332 0.657315 0.753060
1718924404.860110998 -7.474241 -6.954975 0.162791 0.018385 0.022374 0.657057 0.753285
1718924404.865098953 -7.474679 -6.954676 0.162118 0.018389 0.022430 0.656827 0.753483
1718924404.870118856 -7.475103 -6.954359 0.161442 0.018373 0.022443 0.656621 0.753663
1718924404.875154972 -7.475517 -6.954023 0.160766 0.018383 0.022438 0.656422 0.753836
1718924404.880130529 -7.475920 -6.953677 0.160095 0.018416 0.022465 0.656259 0.753976
1718924404.885133743 -7.476320 -6.953322 0.159422 0.018460 0.022508 0.656136 0.754081
1718924404.890129566 -7.476708 -6.952959 0.158750 0.018519 0.022552 0.656049 0.754154
1718924404.895116568 -7.477085 -6.952585 0.158080 0.018599 0.022581 0.656004 0.754190
1718924404.899984121 -7.477440 -6.952206 0.157425 0.018690 0.022592 0.655997 0.754194
1718924404.899984121 -7.477440 -6.952206 0.157425 0.018690 0.022592 0.655997 0.754194
1718924404.900003195 -7.478450 -6.968574 0.119750 0.008414 -0.006007 0.653697 0.756686
1718924404.900003195 -7.478450 -6.968574 0.119750 0.008414 -0.006007 0.653697 0.756686
1718924404.900110722 -7.478450 -6.968580 0.119750 0.008416 -0.006007 0.653696 0.756686
1718924404.905114174 -7.478454 -6.968879 0.119759 0.008516 -0.006016 0.653714 0.756669
1718924404.910110235 -7.478459 -6.969173 0.119773 0.008615 -0.006034 0.653760 0.756629
1718924404.940117359 -7.478801 -6.970798 0.120037 0.009488 -0.005723 0.654794 0.755726
1718924404.945114136 -7.478854 -6.971045 0.120108 0.009633 -0.005633 0.655002 0.755544
1718924404.950129509 -7.478909 -6.971287 0.120185 0.009763 -0.005554 0.655232 0.755345
1718924404.955114841 -7.478963 -6.971522 0.120262 0.009881 -0.005487 0.655482 0.755126
1718924404.960134029 -7.479020 -6.971753 0.120335 0.010001 -0.005416 0.655755 0.754888
1718924404.965113640 -7.479080 -6.971977 0.120402 0.010120 -0.005338 0.656040 0.754640
1718924404.970131636 -7.479141 -6.972199 0.120469 0.010199 -0.005259 0.656331 0.754386
1718924404.975124598 -7.479200 -6.972418 0.120538 0.010239 -0.005197 0.656621 0.754134
1718924404.980130196 -7.479258 -6.972636 0.120606 0.010262 -0.005151 0.656908 0.753883
1718924404.985128880 -7.479314 -6.972850 0.120673 0.010287 -0.005090 0.657194 0.753634
1718924404.990151405 -7.479370 -6.973062 0.120741 0.010322 -0.005023 0.657461 0.753401
1718924404.995153666 -7.479426 -6.973274 0.120809 0.010358 -0.004954 0.657709 0.753185
1718924405.000103474 -7.479481 -6.973482 0.120879 0.010396 -0.004878 0.657936 0.752986
1718924405.005149841 -7.479536 -6.973692 0.120954 0.010436 -0.004814 0.658165 0.752786
1718924405.010145903 -7.479589 -6.973897 0.121031 0.010470 -0.004773 0.658385 0.752594
1718924405.015170097 -7.479645 -6.974100 0.121105 0.010520 -0.004735 0.658587 0.752416
1718924405.020116329 -7.479704 -6.974297 0.121168 0.010595 -0.004671 0.658782 0.752244
1718924405.025176525 -7.479764 -6.974498 0.121224 0.010667 -0.004605 0.658972 0.752077
1718924405.030115366 -7.479814 -6.974698 0.121272 0.010698 -0.004585 0.659156 0.751916
1718924405.035175800 -7.479861 -6.974905 0.121312 0.010701 -0.004581 0.659342 0.751753
1718924405.040172100 -7.479904 -6.975110 0.121348 0.010673 -0.004596 0.659529 0.751589
1718924405.045148611 -7.479944 -6.975314 0.121385 0.010620 -0.004641 0.659726 0.751417
1718924405.050128460 -7.479979 -6.975517 0.121429 0.010525 -0.004743 0.659922 0.751246
1718924405.055147409 -7.480011 -6.975721 0.121482 0.010397 -0.004889 0.660119 0.751073
1718924405.060148954 -7.480041 -6.975921 0.121541 0.010255 -0.005058 0.660320 0.750898
1718924405.065107107 -7.480072 -6.976112 0.121603 0.010140 -0.005212 0.660528 0.750715
1718924405.070118427 -7.480111 -6.976301 0.121665 0.010067 -0.005318 0.660745 0.750525
1718924405.075148582 -7.480159 -6.976490 0.121722 0.010042 -0.005351 0.660965 0.750330
1718924405.080154181 -7.480217 -6.976678 0.121774 0.010038 -0.005335 0.661182 0.750139
1718924405.085150242 -7.480278 -6.976865 0.121824 0.010033 -0.005322 0.661410 0.749939
1718924405.090113878 -7.480339 -6.977049 0.121870 0.010021 -0.005344 0.661641 0.749735
1718924405.095150232 -7.480402 -6.977231 0.121908 0.010011 -0.005387 0.661874 0.749529
1718924405.099971056 -7.480465 -6.977402 0.121935 0.009992 -0.005445 0.662096 0.749332
1718924405.099971056 -7.480465 -6.977402 0.121935 0.009992 -0.005445 0.662096 0.749332
1718924405.100145102 -7.480466 -6.977409 0.121936 0.009992 -0.005446 0.662104 0.749325
1718924405.105150700 -7.480519 -6.977591 0.121967 0.009953 -0.005496 0.662345 0.749112
1718924405.110153437 -7.480571 -6.977774 0.121992 0.009900 -0.005545 0.662592 0.748894
1718924405.115169287 -7.480623 -6.977959 0.122012 0.009844 -0.005582 0.662847 0.748669
1718924405.165114641 -7.480821 -6.979485 0.122717 0.008780 -0.006350 0.664488 0.747220
1718924405.170161247 -7.480858 -6.979647 0.122803 0.008659 -0.006399 0.664655 0.747072
1718924405.175110817 -7.480897 -6.979805 0.122881 0.008554 -0.006430 0.664831 0.746917
1718924405.180110693 -7.480940 -6.979964 0.122947 0.008466 -0.006460 0.665011 0.746757
1718924405.185110569 -7.480984 -6.980126 0.122997 0.008379 -0.006507 0.665192 0.746597
1718924405.190115690 -7.481027 -6.980289 0.123032 0.008274 -0.006583 0.665375 0.746434
1718924405.195117712 -7.481067 -6.980452 0.123056 0.008164 -0.006684 0.665567 0.746263
1718924405.199977160 -7.481109 -6.980609 0.123075 0.008074 -0.006775 0.665760 0.746091
1718924405.199977160 -7.481109 -6.980609 0.123075 0.008074 -0.006775 0.665760 0.746091
1718924405.200116158 -7.481110 -6.980614 0.123076 0.008071 -0.006778 0.665766 0.746086
1718924405.205111027 -7.481164 -6.980781 0.123097 0.007989 -0.006872 0.665963 0.745910
1718924405.210112810 -7.481222 -6.980948 0.123133 0.007913 -0.006954 0.666160 0.745734
1718924405.215118647 -7.481284 -6.981113 0.123188 0.007852 -0.007029 0.666360 0.745555
1718924405.255134344 -7.481620 -6.982218 0.123300 0.007785 -0.007244 0.667630 0.744418
1718924405.260129213 -7.481627 -6.982309 0.123316 0.007785 -0.007220 0.667781 0.744282
1718924405.265125036 -7.481625 -6.982389 0.123332 0.007787 -0.007216 0.667921 0.744156
1718924405.270118475 -7.481615 -6.982457 0.123352 0.007801 -0.007223 0.668050 0.744040
1718924405.275156498 -7.481596 -6.982513 0.123376 0.007817 -0.007235 0.668181 0.743922
1718924405.280111551 -7.481569 -6.982557 0.123403 0.007816 -0.007258 0.668313 0.743804
1718924405.285155535 -7.481535 -6.982589 0.123433 0.007797 -0.007278 0.668437 0.743692
1718924405.290112257 -7.481495 -6.982607 0.123462 0.007766 -0.007298 0.668553 0.743588
1718924405.295109034 -7.481449 -6.982613 0.123489 0.007717 -0.007330 0.668666 0.743486
1718924405.299981117 -7.481400 -6.982604 0.123511 0.007668 -0.007359 0.668781 0.743383
1718924405.299981117 -7.481400 -6.982604 0.123511 0.007668 -0.007359 0.668781 0.743383
1718924405.300112486 -7.481399 -6.982603 0.123512 0.007667 -0.007361 0.668784 0.743381
1718924405.305110216 -7.481351 -6.982582 0.123543 0.007609 -0.007406 0.668899 0.743278
1718924405.310114384 -7.481300 -6.982546 0.123570 0.007539 -0.007466 0.669021 0.743167
1718924405.315171957 -7.481249 -6.982496 0.123596 0.007476 -0.007528 0.669157 0.743045
1718924405.320131779 -7.481199 -6.982433 0.123621 0.007403 -0.007586 0.669290 0.742925
1718924405.325135231 -7.481149 -6.982355 0.123648 0.007322 -0.007661 0.669432 0.742798
1718924405.330126286 -7.481100 -6.982264 0.123675 0.007248 -0.007726 0.669587 0.742658
1718924405.335181236 -7.481051 -6.982158 0.123701 0.007187 -0.007795 0.669742 0.742518
1718924405.340115309 -7.481004 -6.982042 0.123722 0.007137 -0.007864 0.669900 0.742376
1718924405.345119476 -7.480959 -6.981912 0.123738 0.007114 -0.007911 0.670079 0.742214
1718924405.350129604 -7.480915 -6.981771 0.123746 0.007111 -0.007957 0.670269 0.742042
1718924405.355123281 -7.480869 -6.981619 0.123746 0.007107 -0.008026 0.670466 0.741862
1718924405.360114574 -7.480818 -6.981454 0.123737 0.007099 -0.008124 0.670674 0.741674
1718924405.365125179 -7.480763 -6.981273 0.123719 0.007085 -0.008255 0.670887 0.741479
1718924405.370114088 -7.480704 -6.981077 0.123693 0.007052 -0.008394 0.671094 0.741291
1718924405.375116825 -7.480641 -6.980866 0.123661 0.007005 -0.008521 0.671299 0.741104
1718924405.380131721 -7.480576 -6.980640 0.123626 0.006947 -0.008633 0.671500 0.740921
1718924405.385126114 -7.480509 -6.980400 0.123589 0.006894 -0.008710 0.671684 0.740754
1718924405.390124798 -7.480441 -6.980143 0.123550 0.006864 -0.008756 0.671851 0.740602
1718924405.395187855 -7.480370 -6.979868 0.123511 0.006850 -0.008789 0.672005 0.740463
1718924405.399988174 -7.480298 -6.979591 0.123474 0.006848 -0.008828 0.672134 0.740345
1718924405.399988174 -7.480298 -6.979591 0.123474 0.006848 -0.008828 0.672134 0.740345
1718924405.400126696 -7.480295 -6.979583 0.123472 0.006848 -0.008829 0.672138 0.740341
1718924405.405185938 -7.480213 -6.979271 0.123412 0.006850 -0.008852 0.672265 0.740226
1718924405.410118103 -7.480131 -6.978952 0.123353 0.006861 -0.008871 0.672365 0.740134
1718924405.415179014 -7.480043 -6.978610 0.123294 0.006862 -0.008903 0.672448 0.740059
1718924405.465121746 -7.479136 -6.974202 0.122564 0.007163 -0.009493 0.672548 0.739958
1718924405.470118046 -7.479058 -6.973682 0.122547 0.007188 -0.009530 0.672567 0.739940
1718924405.475192070 -7.478981 -6.973137 0.122534 0.007216 -0.009553 0.672594 0.739915
1718924405.480116844 -7.478910 -6.972594 0.122524 0.007248 -0.009569 0.672624 0.739887
1718924405.485163450 -7.478842 -6.972022 0.122515 0.007292 -0.009583 0.672659 0.739855
1718924405.490121603 -7.478780 -6.971446 0.122509 0.007343 -0.009608 0.672703 0.739813
1718924405.495115757 -7.478721 -6.970852 0.122503 0.007396 -0.009647 0.672766 0.739755
1718924405.499992132 -7.478669 -6.970260 0.122499 0.007448 -0.009685 0.672847 0.739681
1718924405.499992132 -7.478669 -6.970260 0.122499 0.007448 -0.009685 0.672847 0.739681
1718924405.500108719 -7.478668 -6.970246 0.122499 0.007449 -0.009687 0.672849 0.739679
1718924405.505155802 -7.478616 -6.969625 0.122522 0.007506 -0.009736 0.672946 0.739589
1718924405.510115623 -7.478572 -6.969004 0.122541 0.007562 -0.009779 0.673066 0.739479
1718924405.515175819 -7.478532 -6.968360 0.122557 0.007625 -0.009811 0.673203 0.739353
1718924405.520128965 -7.478498 -6.967718 0.122569 0.007689 -0.009817 0.673341 0.739227
1718924405.525130510 -7.478469 -6.967053 0.122578 0.007770 -0.009796 0.673495 0.739086
1718924405.530118704 -7.478443 -6.966375 0.122585 0.007862 -0.009764 0.673659 0.738936
1718924405.535135984 -7.478417 -6.965677 0.122595 0.007958 -0.009734 0.673823 0.738786
1718924405.540119410 -7.478389 -6.964963 0.122608 0.008045 -0.009718 0.673983 0.738639
1718924405.545116901 -7.478360 -6.964228 0.122622 0.008128 -0.009715 0.674152 0.738484
1718924405.550115108 -7.478327 -6.963475 0.122637 0.008191 -0.009716 0.674327 0.738324
1718924405.555119514 -7.478289 -6.962706 0.122654 0.008232 -0.009735 0.674501 0.738164
1718924405.560115576 -7.478245 -6.961921 0.122670 0.008253 -0.009772 0.674669 0.738009
1718924405.565118551 -7.478196 -6.961117 0.122681 0.008278 -0.009826 0.674835 0.737857
1718924405.570122242 -7.478142 -6.960295 0.122685 0.008304 -0.009890 0.674989 0.737715
1718924405.575120687 -7.478084 -6.959459 0.122682 0.008336 -0.009955 0.675140 0.737576
1718924405.580127478 -7.478021 -6.958607 0.122672 0.008368 -0.010012 0.675281 0.737445
1718924405.585124254 -7.477954 -6.957746 0.122657 0.008383 -0.010056 0.675408 0.737328
1718924405.590130568 -7.477884 -6.956873 0.122641 0.008397 -0.010085 0.675520 0.737225
1718924405.595113754 -7.477812 -6.955992 0.122626 0.008411 -0.010100 0.675629 0.737125
1718924405.599986076 -7.477737 -6.955117 0.122612 0.008428 -0.010114 0.675720 0.737041
1718924405.599986076 -7.477737 -6.955117 0.122612 0.008428 -0.010114 0.675720 0.737041
1718924405.600171566 -7.477734 -6.955083 0.122611 0.008428 -0.010114 0.675723 0.737038
1718924405.605112553 -7.477663 -6.954182 0.122577 0.008454 -0.010114 0.675800 0.736967
1718924405.610119820 -7.477588 -6.953254 0.122547 0.008499 -0.010119 0.675866 0.736906
1718924405.615187168 -7.477509 -6.952301 0.122520 0.008561 -0.010128 0.675923 0.736853
1718924405.699986219 -7.475612 -6.934730 0.121768 0.009488 -0.010412 0.676863 0.735974
1718924405.699986219 -7.475612 -6.934730 0.121768 0.009488 -0.010412 0.676863 0.735974
1718924405.710149765 -7.475334 -6.932397 0.121671 0.009599 -0.010466 0.676976 0.735868
1718924405.715167761 -7.475190 -6.931229 0.121622 0.009637 -0.010495 0.677030 0.735817
1718924405.720183611 -7.475043 -6.930052 0.121570 0.009662 -0.010526 0.677090 0.735762
1718924405.725132704 -7.474896 -6.928882 0.121515 0.009682 -0.010547 0.677145 0.735710
1718924405.730139971 -7.474746 -6.927688 0.121456 0.009703 -0.010565 0.677195 0.735664
1718924405.735191822 -7.474593 -6.926475 0.121394 0.009726 -0.010584 0.677241 0.735621
1718924405.740184069 -7.474439 -6.925266 0.121330 0.009747 -0.010601 0.677286 0.735579
1718924405.745159864 -7.474284 -6.924051 0.121264 0.009770 -0.010610 0.677326 0.735542
1718924405.750171423 -7.474126 -6.922818 0.121194 0.009799 -0.010613 0.677367 0.735503
1718924405.755162001 -7.473968 -6.921581 0.121124 0.009831 -0.010616 0.677400 0.735473
1718924405.760200262 -7.473806 -6.920322 0.121053 0.009868 -0.010616 0.677431 0.735444
1718924405.765132904 -7.473646 -6.919081 0.120984 0.009909 -0.010600 0.677460 0.735417
1718924405.770187378 -7.473481 -6.917801 0.120917 0.009971 -0.010568 0.677488 0.735390
1718924405.775184631 -7.473314 -6.916528 0.120853 0.010036 -0.010510 0.677517 0.735364
1718924405.780195713 -7.473145 -6.915243 0.120794 0.010104 -0.010427 0.677549 0.735335
1718924405.785203218 -7.472970 -6.913952 0.120737 0.010175 -0.010338 0.677582 0.735304
1718924405.790136099 -7.472792 -6.912676 0.120684 0.010231 -0.010241 0.677612 0.735277
1718924405.795166731 -7.472604 -6.911369 0.120632 0.010279 -0.010142 0.677640 0.735252
1718924405.799983025 -7.472416 -6.910115 0.120580 0.010327 -0.010071 0.677674 0.735221
1718924405.799983025 -7.472416 -6.910115 0.120580 0.010327 -0.010071 0.677674 0.735221
1718924405.800165653 -7.472409 -6.910068 0.120578 0.010329 -0.010068 0.677675 0.735220
1718924405.805121422 -7.472210 -6.908780 0.120525 0.010376 -0.010024 0.677722 0.735177
1718924405.810125589 -7.472001 -6.907475 0.120468 0.010420 -0.010021 0.677771 0.735131
1718924405.815143108 -7.471787 -6.906163 0.120407 0.010453 -0.010050 0.677828 0.735077
1718924405.860137939 -7.469967 -6.894494 0.120025 0.010264 -0.010280 0.678057 0.734865
1718924405.865135908 -7.469772 -6.893173 0.120001 0.010237 -0.010286 0.678089 0.734836
1718924405.870129585 -7.469582 -6.891851 0.119981 0.010213 -0.010289 0.678117 0.734811
1718924405.875195742 -7.469395 -6.890509 0.119967 0.010210 -0.010277 0.678141 0.734789
1718924405.880140543 -7.469218 -6.889197 0.119959 0.010227 -0.010249 0.678153 0.734778
1718924405.885129213 -7.469043 -6.887874 0.119957 0.010242 -0.010195 0.678165 0.734767
1718924405.890166521 -7.468870 -6.886542 0.119960 0.010238 -0.010117 0.678171 0.734764
1718924405.895130396 -7.468703 -6.885235 0.119969 0.010222 -0.010004 0.678176 0.734761
1718924405.900020123 -7.468545 -6.883951 0.119982 0.010191 -0.009889 0.678183 0.734756
1718924405.900020123 -7.468545 -6.883951 0.119982 0.010191 -0.009889 0.678183 0.734756
1718924405.900132895 -7.468541 -6.883921 0.119982 0.010191 -0.009888 0.678183 0.734756
1718924405.905168772 -7.468377 -6.882602 0.119996 0.010125 -0.009796 0.678182 0.734759
1718924405.910125256 -7.468216 -6.881307 0.120016 0.010037 -0.009735 0.678167 0.734774
1718924405.915149450 -7.468054 -6.879997 0.120038 0.009946 -0.009686 0.678159 0.734784
1718924405.920157671 -7.467898 -6.878695 0.120059 0.009869 -0.009642 0.678157 0.734787
1718924405.925141096 -7.467746 -6.877403 0.120076 0.009790 -0.009631 0.678160 0.734786
1718924405.930144072 -7.467596 -6.876110 0.120085 0.009707 -0.009662 0.678168 0.734779
1718924405.935156822 -7.467451 -6.874820 0.120084 0.009647 -0.009704 0.678179 0.734770
1718924405.940139055 -7.467315 -6.873543 0.120071 0.009617 -0.009742 0.678189 0.734760
1718924405.945137262 -7.467188 -6.872268 0.120050 0.009602 -0.009766 0.678197 0.734753
1718924405.950161219 -7.467066 -6.870993 0.120027 0.009579 -0.009778 0.678191 0.734758
1718924405.955154181 -7.466950 -6.869732 0.120005 0.009541 -0.009773 0.678182 0.734767
1718924405.960135937 -7.466842 -6.868478 0.119992 0.009492 -0.009745 0.678169 0.734780
1718924405.965129614 -7.466737 -6.867221 0.119989 0.009426 -0.009710 0.678161 0.734788
1718924405.970139265 -7.466634 -6.865960 0.120000 0.009355 -0.009673 0.678152 0.734798
1718924405.975131273 -7.466533 -6.864705 0.120022 0.009276 -0.009626 0.678151 0.734801
1718924405.980141163 -7.466435 -6.863449 0.120055 0.009186 -0.009570 0.678155 0.734799
1718924405.985136747 -7.466338 -6.862203 0.120098 0.009086 -0.009512 0.678156 0.734800
1718924405.990132809 -7.466244 -6.860964 0.120146 0.008993 -0.009436 0.678163 0.734796
1718924405.995174885 -7.466150 -6.859719 0.120197 0.008918 -0.009340 0.678174 0.734788
1718924406.000176191 -7.466056 -6.858489 0.120248 0.008848 -0.009254 0.678183 0.734781
1718924406.005131245 -7.465960 -6.857270 0.120295 0.008779 -0.009181 0.678197 0.734771
1718924406.010165215 -7.465859 -6.856031 0.120337 0.008721 -0.009119 0.678228 0.734743
1718924406.040136576 -7.465152 -6.848711 0.120393 0.008780 -0.009207 0.678793 0.734219
1718924406.045138121 -7.465029 -6.847502 0.120394 0.008789 -0.009190 0.678899 0.734122
1718924406.050143242 -7.464903 -6.846295 0.120393 0.008799 -0.009161 0.679001 0.734027
1718924406.055184841 -7.464769 -6.845082 0.120392 0.008808 -0.009132 0.679104 0.733932
1718924406.060133457 -7.464632 -6.843894 0.120394 0.008808 -0.009110 0.679205 0.733840
1718924406.065137625 -7.464487 -6.842695 0.120401 0.008801 -0.009098 0.679315 0.733738
1718924406.070135117 -7.464336 -6.841502 0.120413 0.008791 -0.009096 0.679425 0.733636
1718924406.075176239 -7.464177 -6.840303 0.120434 0.008775 -0.009106 0.679520 0.733548
1718924406.080174208 -7.464014 -6.839117 0.120463 0.008753 -0.009138 0.679610 0.733464
1718924406.085125446 -7.463846 -6.837945 0.120500 0.008721 -0.009188 0.679712 0.733369
1718924406.090130091 -7.463670 -6.836760 0.120546 0.008692 -0.009259 0.679822 0.733267
1718924406.095126867 -7.463491 -6.835576 0.120600 0.008671 -0.009348 0.679936 0.733161
1718924406.099982023 -7.463314 -6.834423 0.120656 0.008646 -0.009447 0.680044 0.733059
1718924406.099982023 -7.463314 -6.834423 0.120656 0.008646 -0.009447 0.680044 0.733059
1718924406.100166798 -7.463308 -6.834379 0.120658 0.008645 -0.009451 0.680048 0.733055
1718924406.105169058 -7.463133 -6.833199 0.120724 0.008617 -0.009542 0.680167 0.732945
1718924406.110172987 -7.462958 -6.832018 0.120784 0.008588 -0.009622 0.680300 0.732821
1718924406.115190506 -7.462783 -6.830836 0.120838 0.008540 -0.009691 0.680442 0.732688
1718924406.120211840 -7.462606 -6.829656 0.120884 0.008483 -0.009744 0.680593 0.732547
1718924406.125219584 -7.462430 -6.828481 0.120919 0.008426 -0.009782 0.680753 0.732399
1718924406.130149841 -7.462257 -6.827326 0.120943 0.008374 -0.009791 0.680916 0.732248
1718924406.135153770 -7.462083 -6.826156 0.120959 0.008337 -0.009780 0.681090 0.732087
1718924406.140225649 -7.461906 -6.824973 0.120971 0.008305 -0.009748 0.681271 0.731920
1718924406.145139217 -7.461733 -6.823829 0.120982 0.008275 -0.009722 0.681443 0.731760
1718924406.150192022 -7.461552 -6.822655 0.120998 0.008253 -0.009715 0.681620 0.731595
1718924406.155192852 -7.461370 -6.821493 0.121022 0.008243 -0.009731 0.681807 0.731421
1718924406.160180807 -7.461185 -6.820331 0.121055 0.008242 -0.009775 0.681996 0.731244
1718924406.165182352 -7.460996 -6.819163 0.121095 0.008237 -0.009829 0.682180 0.731072
1718924406.170196533 -7.460804 -6.817992 0.121141 0.008231 -0.009888 0.682352 0.730910
1718924406.175182104 -7.460612 -6.816829 0.121189 0.008223 -0.009946 0.682529 0.730744
1718924406.180191517 -7.460421 -6.815663 0.121237 0.008221 -0.009983 0.682707 0.730578
1718924406.185205221 -7.460229 -6.814499 0.121283 0.008221 -0.009996 0.682874 0.730422
1718924406.190230608 -7.460036 -6.813332 0.121328 0.008216 -0.010007 0.683030 0.730276
1718924406.195220709 -7.459844 -6.812168 0.121371 0.008206 -0.010018 0.683184 0.730131
1718924406.199995995 -7.459658 -6.811050 0.121408 0.008194 -0.010023 0.683320 0.730005
1718924406.199995995 -7.459658 -6.811050 0.121408 0.008194 -0.010023 0.683320 0.730005
1718924406.200161934 -7.459652 -6.811012 0.121409 0.008193 -0.010023 0.683324 0.730000
1718924406.205152512 -7.459460 -6.809842 0.121440 0.008179 -0.010021 0.683453 0.729880
1718924406.210153103 -7.459267 -6.808671 0.121463 0.008167 -0.010018 0.683569 0.729771
1718924406.215153217 -7.459074 -6.807501 0.121479 0.008159 -0.010014 0.683680 0.729668
1718924406.265157700 -7.457231 -6.795801 0.121773 0.008178 -0.010143 0.683987 0.729378
1718924406.270160913 -7.457057 -6.794625 0.121810 0.008171 -0.010128 0.684012 0.729354
1718924406.275167465 -7.456886 -6.793446 0.121848 0.008165 -0.010114 0.684045 0.729324
1718924406.280174017 -7.456717 -6.792265 0.121889 0.008161 -0.010106 0.684079 0.729292
1718924406.285178423 -7.456551 -6.791081 0.121930 0.008158 -0.010100 0.684107 0.729266
1718924406.290179729 -7.456389 -6.789896 0.121970 0.008162 -0.010097 0.684136 0.729239
1718924406.295190334 -7.456229 -6.788709 0.122011 0.008168 -0.010092 0.684166 0.729211
1718924406.299993038 -7.456079 -6.787570 0.122051 0.008176 -0.010083 0.684193 0.729186
1718924406.299993038 -7.456079 -6.787570 0.122051 0.008176 -0.010083 0.684193 0.729186
1718924406.300194979 -7.456073 -6.787523 0.122052 0.008176 -0.010083 0.684194 0.729184
1718924406.305200100 -7.455921 -6.786339 0.122089 0.008194 -0.010092 0.684226 0.729154
1718924406.310201883 -7.455771 -6.785154 0.122125 0.008212 -0.010109 0.684260 0.729122
1718924406.315220833 -7.455623 -6.783963 0.122159 0.008228 -0.010121 0.684296 0.729088
1718924406.320223570 -7.455479 -6.782774 0.122190 0.008247 -0.010136 0.684334 0.729051
1718924406.325232267 -7.455338 -6.781584 0.122218 0.008260 -0.010149 0.684377 0.729010
1718924406.330231667 -7.455200 -6.780395 0.122245 0.008264 -0.010163 0.684423 0.728968
1718924406.335235119 -7.455065 -6.779203 0.122270 0.008265 -0.010178 0.684467 0.728926
1718924406.340232849 -7.454932 -6.778008 0.122294 0.008266 -0.010197 0.684511 0.728885
1718924406.345269203 -7.454801 -6.776801 0.122317 0.008263 -0.010215 0.684564 0.728835
1718924406.350242376 -7.454673 -6.775607 0.122340 0.008253 -0.010230 0.684619 0.728783
1718924406.355314970 -7.454544 -6.774387 0.122364 0.008251 -0.010240 0.684668 0.728736
1718924406.360293388 -7.454419 -6.773188 0.122390 0.008258 -0.010259 0.684720 0.728687
1718924406.365321159 -7.454293 -6.771975 0.122417 0.008262 -0.010280 0.684769 0.728641
1718924406.370305061 -7.454168 -6.770769 0.122447 0.008262 -0.010302 0.684807 0.728605
1718924406.375266314 -7.454045 -6.769567 0.122478 0.008260 -0.010324 0.684837 0.728576
1718924406.380280495 -7.453922 -6.768352 0.122509 0.008251 -0.010345 0.684873 0.728543
1718924406.385289669 -7.453800 -6.767140 0.122541 0.008254 -0.010360 0.684910 0.728508
1718924406.390352726 -7.453677 -6.765914 0.122572 0.008255 -0.010377 0.684941 0.728478
1718924406.395289898 -7.453556 -6.764717 0.122603 0.008257 -0.010401 0.684969 0.728451
1718924406.399986982 -7.453441 -6.763575 0.122633 0.008257 -0.010431 0.684989 0.728432
1718924406.399986982 -7.453441 -6.763575 0.122633 0.008257 -0.010431 0.684989 0.728432
1718924406.400285006 -7.453433 -6.763502 0.122635 0.008256 -0.010433 0.684990 0.728431
1718924406.405279160 -7.453311 -6.762287 0.122678 0.008249 -0.010448 0.685010 0.728412
1718924406.410288095 -7.453188 -6.761069 0.122720 0.008243 -0.010456 0.685030 0.728393
1718924406.415282488 -7.453064 -6.759855 0.122762 0.008230 -0.010467 0.685047 0.728377
1718924406.500012159 -7.451046 -6.739176 0.123592 0.008057 -0.011038 0.685211 0.728216
1718924406.500012159 -7.451046 -6.739176 0.123592 0.008057 -0.011038 0.685211 0.728216
1718924406.555359840 -7.449811 -6.725376 0.123733 0.008012 -0.011659 0.685347 0.728079
1718924406.560288191 -7.449699 -6.724139 0.123764 0.008003 -0.011679 0.685357 0.728070
1718924406.565294981 -7.449586 -6.722881 0.123795 0.007989 -0.011694 0.685372 0.728055
1718924406.570290327 -7.449475 -6.721626 0.123823 0.007971 -0.011702 0.685381 0.728047
1718924406.575291634 -7.449366 -6.720368 0.123850 0.007961 -0.011707 0.685379 0.728049
1718924406.580301285 -7.449256 -6.719108 0.123875 0.007953 -0.011721 0.685374 0.728053
1718924406.585298061 -7.449148 -6.717848 0.123900 0.007937 -0.011742 0.685374 0.728053
1718924406.590301514 -7.449042 -6.716585 0.123925 0.007920 -0.011764 0.685376 0.728051
1718924406.595298529 -7.448937 -6.715321 0.123950 0.007908 -0.011787 0.685379 0.728048
1718924406.600302219 -7.448833 -6.714055 0.123976 0.007899 -0.011816 0.685379 0.728047
1718924406.605345249 -7.448729 -6.712779 0.124003 0.007896 -0.011841 0.685376 0.728050
1718924406.610316515 -7.448626 -6.711521 0.124030 0.007894 -0.011863 0.685373 0.728052
1718924406.615390062 -7.448523 -6.710235 0.124059 0.007888 -0.011887 0.685364 0.728061
1718924406.620308399 -7.448423 -6.708988 0.124089 0.007884 -0.011905 0.685358 0.728067
1718924406.625379562 -7.448321 -6.707702 0.124120 0.007879 -0.011918 0.685353 0.728071
1718924406.630308867 -7.448222 -6.706452 0.124152 0.007878 -0.011937 0.685349 0.728075
1718924406.635293722 -7.448123 -6.705186 0.124184 0.007868 -0.011957 0.685347 0.728076
1718924406.640307426 -7.448023 -6.703911 0.124216 0.007857 -0.011978 0.685346 0.728077
1718924406.645293951 -7.447924 -6.702640 0.124246 0.007840 -0.011999 0.685347 0.728075
1718924406.650314093 -7.447825 -6.701358 0.124275 0.007816 -0.012020 0.685345 0.728077
1718924406.655297279 -7.447727 -6.700085 0.124301 0.007797 -0.012032 0.685341 0.728082
1718924406.660299540 -7.447629 -6.698804 0.124327 0.007789 -0.012041 0.685340 0.728082
1718924406.665287018 -7.447531 -6.697525 0.124350 0.007774 -0.012045 0.685346 0.728077
1718924406.670303345 -7.447431 -6.696238 0.124374 0.007759 -0.012050 0.685347 0.728075
1718924406.675287485 -7.447332 -6.694957 0.124397 0.007749 -0.012063 0.685350 0.728072
1718924406.680301189 -7.447232 -6.693670 0.124420 0.007739 -0.012082 0.685365 0.728058
1718924406.685295820 -7.447131 -6.692387 0.124443 0.007726 -0.012104 0.685383 0.728042
1718924406.690285683 -7.447030 -6.691104 0.124468 0.007708 -0.012117 0.685396 0.728029
1718924406.695336580 -7.446927 -6.689803 0.124493 0.007697 -0.012129 0.685399 0.728026
1718924406.699893236 -7.446833 -6.688629 0.124517 0.007688 -0.012141 0.685405 0.728020
1718924406.699893236 -7.446833 -6.688629 0.124517 0.007688 -0.012141 0.685405 0.728020
1718924406.700293541 -7.446825 -6.688526 0.124519 0.007687 -0.012142 0.685405 0.728020
1718924406.705347776 -7.446725 -6.687234 0.124550 0.007682 -0.012148 0.685414 0.728012
1718924406.710350990 -7.446624 -6.685954 0.124581 0.007678 -0.012150 0.685426 0.728001
1718924406.715350628 -7.446522 -6.684675 0.124613 0.007671 -0.012148 0.685438 0.727989
1718924406.720305204 -7.446419 -6.683405 0.124646 0.007671 -0.012147 0.685446 0.727982
1718924406.799993038 -7.444738 -6.663010 0.125350 0.007728 -0.012445 0.685506 0.727920
1718924406.799993038 -7.444738 -6.663010 0.125350 0.007728 -0.012445 0.685506 0.727920
1718924406.800318718 -7.444731 -6.662927 0.125352 0.007728 -0.012446 0.685506 0.727920
1718924406.805317640 -7.444622 -6.661649 0.125390 0.007725 -0.012460 0.685503 0.727922
1718924406.810317516 -7.444512 -6.660372 0.125428 0.007722 -0.012469 0.685500 0.727924
1718924406.815328121 -7.444404 -6.659095 0.125465 0.007721 -0.012472 0.685500 0.727925
1718924406.820321798 -7.444296 -6.657824 0.125502 0.007721 -0.012472 0.685498 0.727927
1718924406.825436831 -7.444186 -6.656523 0.125539 0.007725 -0.012482 0.685495 0.727929
1718924406.830325603 -7.444082 -6.655280 0.125575 0.007727 -0.012493 0.685493 0.727931
1718924406.835306406 -7.443975 -6.654014 0.125610 0.007734 -0.012508 0.685489 0.727935
1718924406.840311289 -7.443869 -6.652746 0.125644 0.007744 -0.012519 0.685484 0.727939
1718924406.845356703 -7.443764 -6.651468 0.125678 0.007764 -0.012518 0.685485 0.727938
1718924406.850317478 -7.443662 -6.650213 0.125711 0.007790 -0.012519 0.685487 0.727935
1718924406.855376482 -7.443558 -6.648934 0.125746 0.007813 -0.012528 0.685489 0.727933
1718924406.860356331 -7.443456 -6.647674 0.125780 0.007831 -0.012536 0.685492 0.727930
1718924406.865313292 -7.443355 -6.646422 0.125816 0.007836 -0.012544 0.685499 0.727923
1718924406.870314837 -7.443253 -6.645160 0.125853 0.007830 -0.012554 0.685502 0.727921
1718924406.875311136 -7.443153 -6.643902 0.125891 0.007830 -0.012565 0.685508 0.727914
1718924406.880308151 -7.443054 -6.642642 0.125928 0.007835 -0.012568 0.685511 0.727912
1718924406.885343790 -7.442955 -6.641372 0.125965 0.007841 -0.012572 0.685507 0.727916
1718924406.890317678 -7.442857 -6.640117 0.126001 0.007841 -0.012583 0.685512 0.727911
1718924406.895313263 -7.442761 -6.638858 0.126037 0.007838 -0.012587 0.685530 0.727893
1718924406.900004148 -7.442671 -6.637677 0.126070 0.007848 -0.012585 0.685547 0.727878
1718924406.900004148 -7.442671 -6.637677 0.126070 0.007848 -0.012585 0.685547 0.727878
1718924406.900316715 -7.442666 -6.637598 0.126072 0.007849 -0.012584 0.685548 0.727877
1718924406.905308008 -7.442573 -6.636336 0.126116 0.007865 -0.012581 0.685560 0.727865
1718924406.910303831 -7.442482 -6.635071 0.126159 0.007871 -0.012582 0.685568 0.727858
1718924406.915374517 -7.442390 -6.633787 0.126202 0.007876 -0.012586 0.685579 0.727847
1718924406.960323572 -7.441641 -6.622381 0.126465 0.007799 -0.012750 0.685627 0.727800
1718924406.965304613 -7.441558 -6.621107 0.126497 0.007792 -0.012750 0.685628 0.727799
1718924406.970322371 -7.441475 -6.619822 0.126528 0.007788 -0.012749 0.685627 0.727800
1718924406.975321054 -7.441393 -6.618541 0.126559 0.007777 -0.012748 0.685624 0.727803
1718924406.980317116 -7.441313 -6.617263 0.126589 0.007765 -0.012747 0.685633 0.727794
1718924406.985356092 -7.441232 -6.615975 0.126621 0.007757 -0.012748 0.685637 0.727791
1718924406.990328550 -7.441153 -6.614704 0.126652 0.007755 -0.012752 0.685640 0.727788
1718924406.995327711 -7.441073 -6.613425 0.126684 0.007748 -0.012754 0.685644 0.727784
1718924407.000332117 -7.440993 -6.612144 0.126717 0.007741 -0.012757 0.685649 0.727780
1718924407.005370855 -7.440913 -6.610856 0.126750 0.007738 -0.012757 0.685656 0.727773
1718924407.010343790 -7.440835 -6.609586 0.126784 0.007738 -0.012746 0.685674 0.727756
1718924407.015318871 -7.440758 -6.608316 0.126818 0.007742 -0.012737 0.685689 0.727742
1718924407.020327330 -7.440680 -6.607038 0.126853 0.007738 -0.012729 0.685703 0.727729
1718924407.025324583 -7.440602 -6.605761 0.126888 0.007735 -0.012722 0.685719 0.727714
1718924407.030314684 -7.440524 -6.604486 0.126922 0.007729 -0.012707 0.685733 0.727701
1718924407.035328150 -7.440446 -6.603206 0.126955 0.007727 -0.012695 0.685745 0.727690
1718924407.040320635 -7.440368 -6.601932 0.126989 0.007719 -0.012679 0.685760 0.727676
1718924407.045328856 -7.440288 -6.600652 0.127023 0.007714 -0.012667 0.685775 0.727662
1718924407.050319910 -7.440207 -6.599376 0.127055 0.007706 -0.012658 0.685791 0.727648
1718924407.055314541 -7.440126 -6.598099 0.127088 0.007698 -0.012649 0.685808 0.727632
1718924407.060307741 -7.440044 -6.596824 0.127120 0.007686 -0.012638 0.685819 0.727621
1718924407.065319061 -7.439962 -6.595546 0.127152 0.007679 -0.012618 0.685835 0.727607
1718924407.070307255 -7.439879 -6.594275 0.127185 0.007679 -0.012592 0.685860 0.727584
1718924407.075302362 -7.439795 -6.593002 0.127219 0.007686 -0.012568 0.685878 0.727567
1718924407.080319405 -7.439711 -6.591726 0.127253 0.007691 -0.012540 0.685902 0.727545
1718924407.085320711 -7.439625 -6.590456 0.127288 0.007705 -0.012511 0.685931 0.727518
1718924407.090317726 -7.439539 -6.589189 0.127326 0.007720 -0.012480 0.685967 0.727484
1718924407.095304012 -7.439451 -6.587925 0.127366 0.007730 -0.012466 0.685999 0.727455
1718924407.099990845 -7.439367 -6.586733 0.127404 0.007734 -0.012460 0.686028 0.727427
1718924407.099990845 -7.439367 -6.586733 0.127404 0.007734 -0.012460 0.686028 0.727427
1718924407.100309849 -7.439361 -6.586653 0.127407 0.007734 -0.012459 0.686030 0.727425
1718924407.105314732 -7.439272 -6.585384 0.127449 0.007741 -0.012448 0.686061 0.727397
1718924407.110309124 -7.439181 -6.584119 0.127489 0.007750 -0.012440 0.686083 0.727376
1718924407.115324497 -7.439088 -6.582850 0.127527 0.007754 -0.012420 0.686107 0.727353
1718924407.185426474 -7.437947 -6.565105 0.127898 0.008047 -0.011979 0.686375 0.727105
1718924407.190392733 -7.437878 -6.563855 0.127930 0.008057 -0.011924 0.686391 0.727090
1718924407.195373535 -7.437810 -6.562600 0.127962 0.008054 -0.011873 0.686418 0.727066
1718924407.199990988 -7.437746 -6.561433 0.127993 0.008049 -0.011840 0.686444 0.727042
1718924407.199990988 -7.437746 -6.561433 0.127993 0.008049 -0.011840 0.686444 0.727042
1718924407.200400114 -7.437740 -6.561331 0.127997 0.008049 -0.011838 0.686446 0.727040
1718924407.205390215 -7.437680 -6.560079 0.128058 0.008043 -0.011831 0.686468 0.727020
1718924407.210322857 -7.437622 -6.558838 0.128117 0.008045 -0.011833 0.686481 0.727007
1718924407.215335608 -7.437564 -6.557574 0.128177 0.008061 -0.011840 0.686491 0.726997
1718924407.220339298 -7.437509 -6.556310 0.128235 0.008083 -0.011849 0.686498 0.726990
1718924407.225373030 -7.437456 -6.555038 0.128289 0.008110 -0.011861 0.686504 0.726984
1718924407.230376005 -7.437407 -6.553774 0.128338 0.008146 -0.011869 0.686508 0.726980
1718924407.235378742 -7.437362 -6.552509 0.128385 0.008178 -0.011866 0.686514 0.726974
1718924407.240382433 -7.437320 -6.551244 0.128430 0.008203 -0.011856 0.686520 0.726968
1718924407.245365381 -7.437281 -6.549983 0.128475 0.008220 -0.011847 0.686519 0.726969
1718924407.250379801 -7.437245 -6.548711 0.128521 0.008226 -0.011845 0.686520 0.726967
1718924407.255360365 -7.437213 -6.547445 0.128569 0.008225 -0.011848 0.686525 0.726963
1718924407.260309696 -7.437184 -6.546184 0.128619 0.008222 -0.011850 0.686524 0.726964
1718924407.265315294 -7.437158 -6.544907 0.128672 0.008215 -0.011847 0.686522 0.726966
1718924407.270363092 -7.437136 -6.543617 0.128727 0.008214 -0.011850 0.686524 0.726964
1718924407.275359631 -7.437118 -6.542337 0.128783 0.008212 -0.011857 0.686520 0.726968
1718924407.280316591 -7.437103 -6.541065 0.128840 0.008214 -0.011860 0.686511 0.726977
1718924407.285310507 -7.437093 -6.539782 0.128897 0.008223 -0.011856 0.686510 0.726977
1718924407.290314198 -7.437086 -6.538494 0.128954 0.008230 -0.011852 0.686514 0.726974
1718924407.295359373 -7.437082 -6.537195 0.129010 0.008234 -0.011860 0.686517 0.726971
1718924407.299986839 -7.437080 -6.536000 0.129059 0.008238 -0.011868 0.686517 0.726971
1718924407.299986839 -7.437080 -6.536000 0.129059 0.008238 -0.011868 0.686517 0.726971
1718924407.300323009 -7.437080 -6.535913 0.129061 0.008239 -0.011868 0.686517 0.726971
1718924407.305353165 -7.437076 -6.534602 0.129098 0.008245 -0.011872 0.686511 0.726975
1718924407.310355902 -7.437076 -6.533295 0.129133 0.008244 -0.011880 0.686509 0.726978
1718924407.315336704 -7.437080 -6.531990 0.129166 0.008242 -0.011883 0.686504 0.726982
1718924407.399995804 -7.436919 -6.509684 0.129358 0.008076 -0.012073 0.686665 0.726828
1718924407.399995804 -7.436919 -6.509684 0.129358 0.008076 -0.012073 0.686665 0.726828
1718924407.400331736 -7.436917 -6.509597 0.129360 0.008075 -0.012073 0.686666 0.726828
1718924407.405331612 -7.436889 -6.508296 0.129398 0.008068 -0.012079 0.686675 0.726820
1718924407.410338402 -7.436859 -6.506993 0.129435 0.008062 -0.012076 0.686683 0.726812
1718924407.415346384 -7.436826 -6.505691 0.129471 0.008063 -0.012075 0.686690 0.726805
1718924407.420353174 -7.436791 -6.504388 0.129507 0.008067 -0.012070 0.686703 0.726794
1718924407.425332785 -7.436753 -6.503093 0.129542 0.008069 -0.012066 0.686709 0.726788
1718924407.430329084 -7.436712 -6.501794 0.129577 0.008073 -0.012061 0.686710 0.726787
1718924407.435332537 -7.436667 -6.500493 0.129611 0.008074 -0.012057 0.686704 0.726793
1718924407.440326214 -7.436621 -6.499195 0.129643 0.008080 -0.012054 0.686694 0.726802
1718924407.445378542 -7.436573 -6.497882 0.129674 0.008095 -0.012053 0.686686 0.726809
1718924407.450366020 -7.436522 -6.496586 0.129702 0.008106 -0.012047 0.686686 0.726810
1718924407.455325365 -7.436470 -6.495297 0.129729 0.008116 -0.012038 0.686685 0.726810
1718924407.460365295 -7.436414 -6.493985 0.129756 0.008127 -0.012034 0.686679 0.726816
1718924407.465366840 -7.436357 -6.492683 0.129782 0.008143 -0.012029 0.686665 0.726828
1718924407.470330715 -7.436301 -6.491389 0.129807 0.008161 -0.012015 0.686663 0.726831
1718924407.475327253 -7.436243 -6.490086 0.129832 0.008183 -0.011998 0.686668 0.726826
1718924407.480323315 -7.436184 -6.488781 0.129858 0.008201 -0.011981 0.686674 0.726820
1718924407.485368967 -7.436122 -6.487461 0.129884 0.008209 -0.011959 0.686676 0.726819
1718924407.490334749 -7.436060 -6.486160 0.129911 0.008224 -0.011938 0.686670 0.726825
1718924407.495323658 -7.435997 -6.484853 0.129940 0.008231 -0.011928 0.686665 0.726829
1718924407.500003099 -7.435937 -6.483626 0.129966 0.008236 -0.011923 0.686660 0.726834
1718924407.500003099 -7.435937 -6.483626 0.129966 0.008236 -0.011923 0.686660 0.726834
1718924407.500322342 -7.435932 -6.483541 0.129967 0.008236 -0.011922 0.686660 0.726835
1718924407.505345821 -7.435855 -6.482210 0.129982 0.008238 -0.011905 0.686654 0.726840
1718924407.510323524 -7.435778 -6.480889 0.129995 0.008239 -0.011884 0.686651 0.726843
1718924407.515378475 -7.435701 -6.479548 0.130008 0.008248 -0.011857 0.686641 0.726853
1718924407.595330954 -7.434197 -6.457856 0.129441 0.008684 -0.010120 0.686716 0.726803
1718924407.600330591 -7.434061 -6.456465 0.129361 0.008700 -0.010001 0.686716 0.726805
1718924407.605320692 -7.433918 -6.455072 0.129276 0.008719 -0.009868 0.686710 0.726813
1718924407.610323906 -7.433767 -6.453670 0.129184 0.008737 -0.009718 0.686703 0.726820
1718924407.615376711 -7.433607 -6.452250 0.129086 0.008762 -0.009550 0.686699 0.726827
1718924407.620337009 -7.433440 -6.450852 0.128986 0.008790 -0.009378 0.686689 0.726838
1718924407.625326395 -7.433261 -6.449441 0.128881 0.008820 -0.009203 0.686665 0.726862
1718924407.630322456 -7.433069 -6.448024 0.128773 0.008856 -0.009015 0.686628 0.726899
1718924407.635329008 -7.432864 -6.446599 0.128661 0.008894 -0.008815 0.686573 0.726953
1718924407.640317917 -7.432647 -6.445177 0.128545 0.008934 -0.008607 0.686517 0.727008
1718924407.645329952 -7.432414 -6.443746 0.128424 0.008985 -0.008378 0.686456 0.727068
1718924407.650327682 -7.432169 -6.442310 0.128300 0.009045 -0.008137 0.686403 0.727119
1718924407.655323744 -7.431908 -6.440864 0.128176 0.009105 -0.007902 0.686354 0.727168
1718924407.660319567 -7.431631 -6.439411 0.128047 0.009158 -0.007636 0.686293 0.727228
1718924407.665319204 -7.431342 -6.437953 0.127909 0.009227 -0.007321 0.686224 0.727295
1718924407.670320034 -7.431039 -6.436482 0.127776 0.009287 -0.007018 0.686165 0.727353
1718924407.675318718 -7.430718 -6.434995 0.127667 0.009298 -0.006819 0.686123 0.727394
1718924407.680320263 -7.430384 -6.433491 0.127595 0.009268 -0.006729 0.686099 0.727418
1718924407.685318232 -7.430050 -6.431981 0.127560 0.009242 -0.006698 0.686085 0.727432
1718924407.690313101 -7.429723 -6.430472 0.127551 0.009247 -0.006671 0.686084 0.727433
1718924407.695345879 -7.429401 -6.428952 0.127558 0.009293 -0.006613 0.686100 0.727418
1718924407.699896097 -7.429117 -6.427574 0.127569 0.009378 -0.006537 0.686133 0.727386
1718924407.699896097 -7.429117 -6.427574 0.127569 0.009378 -0.006537 0.686133 0.727386
1718924407.700317383 -7.429092 -6.427447 0.127571 0.009385 -0.006530 0.686136 0.727384
1718924407.705330133 -7.428792 -6.425932 0.127591 0.009518 -0.006401 0.686186 0.727336
1718924407.710322380 -7.428506 -6.424423 0.127603 0.009669 -0.006238 0.686245 0.727279
1718924407.715414762 -7.428230 -6.422883 0.127608 0.009804 -0.006070 0.686318 0.727210
1718924407.720333338 -7.427977 -6.421394 0.127610 0.009894 -0.005949 0.686399 0.727134
1718924407.800024033 -7.425027 -6.397786 0.127614 0.008779 -0.006390 0.685806 0.727703
1718924407.800024033 -7.425027 -6.397786 0.127614 0.008779 -0.006390 0.685806 0.727703
1718924407.825319290 -7.424391 -6.390120 0.127678 0.008493 -0.006535 0.685619 0.727882
1718924407.830307484 -7.424306 -6.388645 0.127678 0.008409 -0.006573 0.685588 0.727912
1718924407.835319281 -7.424229 -6.387164 0.127678 0.008321 -0.006612 0.685570 0.727929
1718924407.840323687 -7.424159 -6.385685 0.127678 0.008245 -0.006659 0.685558 0.727941
1718924407.845326185 -7.424095 -6.384205 0.127677 0.008181 -0.006709 0.685553 0.727946
1718924407.850316763 -7.424036 -6.382725 0.127674 0.008123 -0.006757 0.685558 0.727941
1718924407.855314970 -7.423981 -6.381240 0.127667 0.008070 -0.006802 0.685571 0.727929
1718924407.860317469 -7.423929 -6.379751 0.127656 0.008018 -0.006850 0.685587 0.727914
1718924407.865312099 -7.423879 -6.378261 0.127637 0.007949 -0.006905 0.685613 0.727890
1718924407.870309591 -7.423831 -6.376766 0.127611 0.007857 -0.006961 0.685652 0.727854
1718924407.875314713 -7.423785 -6.375269 0.127577 0.007744 -0.007014 0.685695 0.727814
1718924407.880309582 -7.423740 -6.373772 0.127535 0.007622 -0.007066 0.685740 0.727772
1718924407.885315180 -7.423697 -6.372268 0.127489 0.007478 -0.007119 0.685789 0.727727
1718924407.890349627 -7.423657 -6.370752 0.127440 0.007331 -0.007174 0.685842 0.727678
1718924407.895317793 -7.423623 -6.369253 0.127393 0.007192 -0.007232 0.685910 0.727615
1718924407.899981976 -7.423597 -6.367844 0.127349 0.007066 -0.007293 0.685984 0.727546
1718924407.899981976 -7.423597 -6.367844 0.127349 0.007066 -0.007293 0.685984 0.727546
1718924407.900312662 -7.423595 -6.367746 0.127347 0.007058 -0.007297 0.685989 0.727541
1718924407.905318737 -7.423574 -6.366247 0.127310 0.006927 -0.007355 0.686074 0.727462
1718924407.910352230 -7.423561 -6.364740 0.127273 0.006787 -0.007405 0.686167 0.727374
1718924407.930317879 -7.423604 -6.358752 0.127098 0.006238 -0.007489 0.686603 0.726967
1718924407.935316563 -7.423645 -6.357235 0.127039 0.006092 -0.007521 0.686715 0.726863
1718924407.940401077 -7.423698 -6.355687 0.126973 0.005919 -0.007568 0.686846 0.726740
1718924407.945337772 -7.423760 -6.354182 0.126905 0.005722 -0.007631 0.686983 0.726611
1718924407.950384378 -7.423832 -6.352641 0.126836 0.005506 -0.007714 0.687129 0.726473
1718924407.955366373 -7.423912 -6.351115 0.126775 0.005307 -0.007811 0.687272 0.726339
1718924407.960318089 -7.423999 -6.349592 0.126733 0.005179 -0.007903 0.687402 0.726215
1718924407.965363503 -7.424096 -6.348035 0.126715 0.005155 -0.007961 0.687513 0.726110
1718924407.970376730 -7.424197 -6.346485 0.126719 0.005228 -0.007975 0.687605 0.726022
1718924407.975355864 -7.424299 -6.344946 0.126740 0.005354 -0.007952 0.687700 0.725932
1718924407.980367661 -7.424400 -6.343402 0.126767 0.005478 -0.007912 0.687787 0.725849
1718924407.985381603 -7.424497 -6.341861 0.126790 0.005574 -0.007873 0.687869 0.725771
1718924407.990328074 -7.424586 -6.340342 0.126800 0.005630 -0.007823 0.687961 0.725684
1718924407.995388031 -7.424667 -6.338788 0.126796 0.005638 -0.007770 0.688058 0.725592
1718924408.000315905 -7.424735 -6.337272 0.126780 0.005635 -0.007723 0.688139 0.725516
1718924408.005366087 -7.424793 -6.335713 0.126761 0.005662 -0.007655 0.688223 0.725437
1718924408.010401011 -7.424840 -6.334151 0.126748 0.005737 -0.007572 0.688316 0.725349
1718924408.015343666 -7.424877 -6.332612 0.126747 0.005852 -0.007487 0.688421 0.725249
1718924408.020320892 -7.424905 -6.331059 0.126758 0.005992 -0.007411 0.688542 0.725134
1718924408.025381565 -7.424922 -6.329481 0.126779 0.006129 -0.007347 0.688678 0.725004
1718924408.030326128 -7.424926 -6.327943 0.126805 0.006241 -0.007313 0.688818 0.724871
1718924408.035316467 -7.424915 -6.326395 0.126833 0.006310 -0.007303 0.688973 0.724723
1718924408.040313482 -7.424888 -6.324850 0.126862 0.006329 -0.007317 0.689144 0.724559
1718924408.045366526 -7.424846 -6.323293 0.126887 0.006311 -0.007335 0.689321 0.724392
1718924408.050321579 -7.424790 -6.321768 0.126908 0.006297 -0.007340 0.689493 0.724228
1718924408.055314541 -7.424723 -6.320230 0.126927 0.006301 -0.007332 0.689660 0.724068
1718924408.060348749 -7.424643 -6.318678 0.126943 0.006327 -0.007309 0.689817 0.723919
1718924408.065352917 -7.424553 -6.317134 0.126958 0.006377 -0.007263 0.689959 0.723784
1718924408.070312738 -7.424453 -6.315605 0.126968 0.006440 -0.007205 0.690086 0.723663
1718924408.075320005 -7.424339 -6.314065 0.126975 0.006512 -0.007150 0.690196 0.723558
1718924408.080310822 -7.424213 -6.312536 0.126978 0.006570 -0.007103 0.690282 0.723476
1718924408.085353136 -7.424073 -6.311000 0.126978 0.006605 -0.007060 0.690355 0.723406
1718924408.090312004 -7.423928 -6.309495 0.126977 0.006633 -0.007026 0.690404 0.723360
1718924408.095306158 -7.423774 -6.307983 0.126975 0.006665 -0.007007 0.690430 0.723335
1718924408.099995136 -7.423624 -6.306566 0.126976 0.006694 -0.006996 0.690443 0.723322
1718924408.099995136 -7.423624 -6.306566 0.126976 0.006694 -0.006996 0.690443 0.723322
1718924408.100298882 -7.423614 -6.306474 0.126977 0.006696 -0.006995 0.690444 0.723321
1718924408.105304241 -7.423448 -6.304964 0.126987 0.006734 -0.006982 0.690443 0.723322
1718924408.110315561 -7.423280 -6.303456 0.126995 0.006789 -0.006937 0.690425 0.723338
1718924408.115327597 -7.423114 -6.301952 0.126998 0.006846 -0.006868 0.690397 0.723366
1718924408.199987173 -7.420290 -6.276883 0.126668 0.006634 -0.006928 0.690974 0.722816
1718924408.199987173 -7.420290 -6.276883 0.126668 0.006634 -0.006928 0.690974 0.722816
1718924408.225317717 -7.419424 -6.269503 0.126477 0.006598 -0.006880 0.691140 0.722658
1718924408.230315208 -7.419253 -6.268050 0.126430 0.006569 -0.006902 0.691169 0.722630
1718924408.235316038 -7.419081 -6.266597 0.126380 0.006543 -0.006911 0.691196 0.722605
1718924408.240313053 -7.418908 -6.265145 0.126325 0.006527 -0.006898 0.691223 0.722579
1718924408.245315075 -7.418733 -6.263691 0.126267 0.006521 -0.006871 0.691238 0.722565
1718924408.250331163 -7.418552 -6.262231 0.126205 0.006524 -0.006839 0.691243 0.722561
1718924408.255313396 -7.418368 -6.260781 0.126140 0.006530 -0.006802 0.691253 0.722551
1718924408.260311365 -7.418176 -6.259327 0.126073 0.006530 -0.006772 0.691263 0.722542
1718924408.265305996 -7.417978 -6.257873 0.126006 0.006525 -0.006753 0.691258 0.722547
1718924408.270292997 -7.417772 -6.256421 0.125938 0.006515 -0.006741 0.691238 0.722566
1718924408.275306463 -7.417558 -6.254960 0.125869 0.006507 -0.006724 0.691220 0.722584
1718924408.280304909 -7.417336 -6.253503 0.125801 0.006507 -0.006714 0.691199 0.722604
1718924408.285309792 -7.417106 -6.252044 0.125734 0.006510 -0.006703 0.691176 0.722626
1718924408.290302515 -7.416870 -6.250587 0.125667 0.006520 -0.006688 0.691149 0.722652
1718924408.295349598 -7.416624 -6.249114 0.125600 0.006531 -0.006666 0.691124 0.722676
1718924408.299992323 -7.416393 -6.247757 0.125538 0.006532 -0.006644 0.691097 0.722702
1718924408.299992323 -7.416393 -6.247757 0.125538 0.006532 -0.006644 0.691097 0.722702
1718924408.300309420 -7.416377 -6.247664 0.125534 0.006532 -0.006643 0.691095 0.722704
1718924408.305310726 -7.416125 -6.246203 0.125471 0.006531 -0.006618 0.691073 0.722725
1718924408.310305834 -7.415870 -6.244743 0.125405 0.006524 -0.006591 0.691060 0.722738
1718924408.315309525 -7.415611 -6.243280 0.125338 0.006514 -0.006561 0.691047 0.722750
1718924408.365355015 -7.413249 -6.228596 0.124459 0.006742 -0.006137 0.691615 0.722209
1718924408.370354414 -7.413037 -6.227122 0.124348 0.006754 -0.006112 0.691680 0.722147
1718924408.375312090 -7.412831 -6.225658 0.124234 0.006767 -0.006090 0.691744 0.722085
1718924408.380314589 -7.412627 -6.224179 0.124116 0.006778 -0.006067 0.691808 0.722024
1718924408.385318279 -7.412427 -6.222699 0.123996 0.006784 -0.006056 0.691876 0.721959
1718924408.390369177 -7.412227 -6.221205 0.123875 0.006784 -0.006055 0.691935 0.721902
1718924408.395321846 -7.412035 -6.219740 0.123759 0.006781 -0.006062 0.691997 0.721843
1718924408.399991274 -7.411856 -6.218361 0.123654 0.006775 -0.006082 0.692050 0.721792
1718924408.399991274 -7.411856 -6.218361 0.123654 0.006775 -0.006082 0.692050 0.721792
1718924408.400322676 -7.411844 -6.218263 0.123648 0.006775 -0.006083 0.692054 0.721788
1718924408.405312300 -7.411655 -6.216791 0.123547 0.006777 -0.006101 0.692102 0.721743
1718924408.410334826 -7.411469 -6.215312 0.123447 0.006781 -0.006121 0.692144 0.721701
1718924408.415407658 -7.411284 -6.213821 0.123346 0.006779 -0.006131 0.692183 0.721664
1718924408.420323133 -7.411109 -6.212380 0.123244 0.006772 -0.006123 0.692214 0.721635
1718924408.425339937 -7.410935 -6.210910 0.123136 0.006760 -0.006115 0.692241 0.721608
1718924408.430322647 -7.410765 -6.209448 0.123023 0.006736 -0.006114 0.692268 0.721583
1718924408.435352087 -7.410598 -6.207970 0.122908 0.006697 -0.006115 0.692291 0.721562
1718924408.440320969 -7.410438 -6.206507 0.122794 0.006651 -0.006120 0.692314 0.721540
1718924408.445323706 -7.410282 -6.205032 0.122682 0.006614 -0.006142 0.692342 0.721513
1718924408.450311899 -7.410131 -6.203558 0.122575 0.006589 -0.006182 0.692365 0.721491
1718924408.455322981 -7.409984 -6.202075 0.122472 0.006568 -0.006220 0.692382 0.721475
1718924408.460347414 -7.409844 -6.200589 0.122372 0.006546 -0.006249 0.692404 0.721453
1718924408.465358019 -7.409711 -6.199114 0.122273 0.006529 -0.006267 0.692430 0.721428
1718924408.470315933 -7.409586 -6.197661 0.122175 0.006518 -0.006274 0.692451 0.721408
1718924408.475327253 -7.409465 -6.196197 0.122077 0.006507 -0.006277 0.692476 0.721385
1718924408.480316401 -7.409350 -6.194746 0.121980 0.006490 -0.006279 0.692506 0.721355
1718924408.485319376 -7.409240 -6.193296 0.121884 0.006477 -0.006278 0.692539 0.721324
1718924408.490318298 -7.409133 -6.191852 0.121789 0.006462 -0.006270 0.692570 0.721294
1718924408.495319843 -7.409029 -6.190410 0.121694 0.006453 -0.006256 0.692604 0.721262
1718924408.499994278 -7.408933 -6.189065 0.121604 0.006448 -0.006248 0.692640 0.721228
1718924408.499994278 -7.408933 -6.189065 0.121604 0.006448 -0.006248 0.692640 0.721228
1718924408.500313520 -7.408926 -6.188973 0.121598 0.006447 -0.006248 0.692642 0.721226
1718924408.505305767 -7.408824 -6.187541 0.121501 0.006438 -0.006249 0.692678 0.721191
1718924408.510316372 -7.408722 -6.186108 0.121401 0.006425 -0.006246 0.692715 0.721156
1718924408.515321255 -7.408618 -6.184681 0.121300 0.006409 -0.006246 0.692746 0.721126
1718924408.560303688 -7.407578 -6.171941 0.120405 0.006234 -0.006036 0.692741 0.721134
1718924408.565308332 -7.407448 -6.170530 0.120306 0.006217 -0.006044 0.692749 0.721127
1718924408.570307493 -7.407318 -6.169123 0.120209 0.006202 -0.006045 0.692752 0.721124
1718924408.575309277 -7.407186 -6.167718 0.120113 0.006193 -0.006035 0.692756 0.721120
1718924408.580304384 -7.407054 -6.166319 0.120019 0.006196 -0.006024 0.692760 0.721116
1718924408.585348606 -7.406920 -6.164907 0.119927 0.006205 -0.006023 0.692760 0.721116
1718924408.590319157 -7.406787 -6.163518 0.119838 0.006208 -0.006030 0.692759 0.721117
1718924408.595304489 -7.406653 -6.162127 0.119750 0.006209 -0.006039 0.692756 0.721120
1718924408.599996328 -7.406528 -6.160823 0.119668 0.006208 -0.006054 0.692758 0.721118
1718924408.599996328 -7.406528 -6.160823 0.119668 0.006208 -0.006054 0.692758 0.721118
1718924408.600306749 -7.406520 -6.160737 0.119665 0.006207 -0.006054 0.692758 0.721118
1718924408.605311155 -7.406384 -6.159363 0.119615 0.006204 -0.006057 0.692778 0.721099
1718924408.610348225 -7.406249 -6.157980 0.119564 0.006204 -0.006063 0.692804 0.721074
1718924408.615317822 -7.406116 -6.156617 0.119510 0.006204 -0.006063 0.692829 0.721049
1718924408.620321035 -7.405986 -6.155246 0.119453 0.006198 -0.006052 0.692855 0.721025
1718924408.625419140 -7.405855 -6.153850 0.119393 0.006192 -0.006030 0.692885 0.720997
1718924408.630324364 -7.405732 -6.152508 0.119332 0.006189 -0.006005 0.692906 0.720976
1718924408.635323286 -7.405607 -6.151138 0.119272 0.006190 -0.005978 0.692925 0.720958
1718924408.640391350 -7.405483 -6.149749 0.119213 0.006194 -0.005961 0.692953 0.720931
1718924408.645384789 -7.405363 -6.148382 0.119157 0.006196 -0.005957 0.692979 0.720907
1718924408.650379896 -7.405245 -6.147016 0.119104 0.006194 -0.005959 0.693011 0.720876
1718924408.655360699 -7.405128 -6.145657 0.119053 0.006194 -0.005957 0.693044 0.720844
1718924408.660307169 -7.405014 -6.144308 0.119001 0.006193 -0.005952 0.693066 0.720823
1718924408.665312052 -7.404900 -6.142948 0.118946 0.006198 -0.005950 0.693081 0.720808
1718924408.670314789 -7.404789 -6.141591 0.118889 0.006206 -0.005937 0.693096 0.720795
1718924408.675310373 -7.404680 -6.140238 0.118828 0.006212 -0.005913 0.693111 0.720780
1718924408.680314302 -7.404572 -6.138882 0.118765 0.006218 -0.005895 0.693131 0.720761
1718924408.685320377 -7.404466 -6.137523 0.118699 0.006222 -0.005882 0.693155 0.720738
1718924408.690325975 -7.404361 -6.136164 0.118631 0.006217 -0.005866 0.693170 0.720723
1718924408.695313931 -7.404257 -6.134811 0.118562 0.006207 -0.005847 0.693183 0.720711
1718924408.699895144 -7.404162 -6.133566 0.118496 0.006194 -0.005829 0.693195 0.720700
1718924408.699895144 -7.404162 -6.133566 0.118496 0.006194 -0.005829 0.693195 0.720700
1718924408.700315714 -7.404154 -6.133451 0.118489 0.006193 -0.005829 0.693196 0.720699
1718924408.705314398 -7.404053 -6.132080 0.118396 0.006189 -0.005832 0.693209 0.720687
1718924408.710337877 -7.403952 -6.130701 0.118305 0.006192 -0.005832 0.693217 0.720678
1718924408.715317011 -7.403851 -6.129334 0.118217 0.006206 -0.005817 0.693224 0.720672
1718924408.795323849 -7.402431 -6.107642 0.117020 0.006003 -0.005643 0.693695 0.720222
1718924408.799987316 -7.402359 -6.106392 0.116960 0.006009 -0.005651 0.693723 0.720195
1718924408.799987316 -7.402359 -6.106392 0.116960 0.006009 -0.005651 0.693723 0.720195
1718924408.805305243 -7.402275 -6.104974 0.116899 0.006011 -0.005643 0.693753 0.720166
1718924408.810304642 -7.402200 -6.103642 0.116841 0.006012 -0.005630 0.693786 0.720135
1718924408.815313101 -7.402128 -6.102312 0.116782 0.006011 -0.005615 0.693814 0.720107
1718924408.820384502 -7.402058 -6.100965 0.116722 0.006003 -0.005600 0.693855 0.720068
1718924408.825318575 -7.401991 -6.099655 0.116662 0.005993 -0.005595 0.693887 0.720038
1718924408.830315351 -7.401926 -6.098328 0.116601 0.005988 -0.005581 0.693910 0.720015
1718924408.835318327 -7.401863 -6.097000 0.116539 0.005987 -0.005565 0.693934 0.719992
1718924408.840301275 -7.401802 -6.095679 0.116481 0.005990 -0.005543 0.693959 0.719968
1718924408.845309258 -7.401742 -6.094351 0.116424 0.006003 -0.005525 0.693983 0.719945
1718924408.850308180 -7.401682 -6.093025 0.116371 0.006025 -0.005507 0.693998 0.719931
1718924408.855309963 -7.401622 -6.091700 0.116319 0.006042 -0.005487 0.694009 0.719920
1718924408.860300541 -7.401561 -6.090382 0.116265 0.006047 -0.005474 0.694011 0.719918
1718924408.865311146 -7.401500 -6.089063 0.116209 0.006040 -0.005459 0.694009 0.719920
1718924408.870310783 -7.401437 -6.087747 0.116151 0.006025 -0.005451 0.694006 0.719923
1718924408.875314236 -7.401373 -6.086429 0.116092 0.006010 -0.005452 0.694003 0.719927
1718924408.880327225 -7.401309 -6.085109 0.116032 0.006000 -0.005452 0.693987 0.719942
1718924408.885357141 -7.401246 -6.083788 0.115971 0.005994 -0.005445 0.693970 0.719959
1718924408.890348434 -7.401183 -6.082479 0.115911 0.005987 -0.005434 0.693954 0.719974
1718924408.895340443 -7.401120 -6.081170 0.115850 0.005980 -0.005423 0.693939 0.719989
1718924408.900011063 -7.401060 -6.079946 0.115791 0.005979 -0.005412 0.693926 0.720001
1718924408.900011063 -7.401060 -6.079946 0.115791 0.005979 -0.005412 0.693926 0.720001
1718924408.900344610 -7.401056 -6.079858 0.115787 0.005979 -0.005412 0.693926 0.720002
1718924408.905339003 -7.400994 -6.078545 0.115726 0.005976 -0.005395 0.693910 0.720017
1718924408.910305262 -7.400932 -6.077242 0.115664 0.005962 -0.005384 0.693890 0.720036
1718924408.915363073 -7.400867 -6.075915 0.115603 0.005942 -0.005382 0.693875 0.720050
1718924408.955362320 -7.400516 -6.065381 0.115140 0.005739 -0.005060 0.693923 0.720009
1718924408.960305214 -7.400486 -6.064077 0.115065 0.005717 -0.005063 0.693939 0.719993
1718924408.965362787 -7.400459 -6.062742 0.114988 0.005681 -0.005079 0.693964 0.719969
1718924408.970371008 -7.400436 -6.061416 0.114911 0.005647 -0.005092 0.693987 0.719947
1718924408.975360394 -7.400417 -6.060093 0.114835 0.005618 -0.005092 0.694007 0.719929
1718924408.980310440 -7.400402 -6.058781 0.114759 0.005603 -0.005091 0.694028 0.719908
1718924408.985349178 -7.400391 -6.057446 0.114684 0.005597 -0.005082 0.694057 0.719880
1718924408.990400076 -7.400382 -6.056108 0.114613 0.005596 -0.005069 0.694087 0.719852
1718924408.995347500 -7.400375 -6.054795 0.114546 0.005603 -0.005061 0.694107 0.719832
1718924409.000344992 -7.400368 -6.053469 0.114481 0.005617 -0.005060 0.694124 0.719815
1718924409.005340099 -7.400362 -6.052145 0.114416 0.005630 -0.005054 0.694146 0.719794
1718924409.010341883 -7.400355 -6.050822 0.114349 0.005636 -0.005052 0.694162 0.719779
1718924409.015312910 -7.400346 -6.049508 0.114279 0.005626 -0.005055 0.694176 0.719765
1718924409.020323038 -7.400336 -6.048182 0.114205 0.005611 -0.005058 0.694198 0.719744
1718924409.025316477 -7.400325 -6.046859 0.114128 0.005595 -0.005056 0.694215 0.719728
1718924409.030308723 -7.400312 -6.045537 0.114048 0.005582 -0.005050 0.694225 0.719718
1718924409.035309315 -7.400297 -6.044212 0.113966 0.005575 -0.005035 0.694226 0.719718
1718924409.040303946 -7.400280 -6.042887 0.113885 0.005580 -0.005018 0.694222 0.719722
1718924409.045315742 -7.400259 -6.041554 0.113804 0.005586 -0.005004 0.694215 0.719729
1718924409.050343275 -7.400235 -6.040217 0.113721 0.005596 -0.004987 0.694205 0.719738
1718924409.055311203 -7.400206 -6.038897 0.113639 0.005595 -0.004966 0.694186 0.719756
1718924409.060296535 -7.400173 -6.037573 0.113556 0.005587 -0.004956 0.694162 0.719781
1718924409.065307379 -7.400134 -6.036240 0.113472 0.005568 -0.004953 0.694136 0.719806
1718924409.070308924 -7.400090 -6.034906 0.113388 0.005551 -0.004956 0.694109 0.719831
1718924409.075294733 -7.400041 -6.033573 0.113305 0.005540 -0.004962 0.694088 0.719852
1718924409.080302000 -7.399989 -6.032233 0.113221 0.005534 -0.004964 0.694068 0.719871
1718924409.085306168 -7.399934 -6.030892 0.113139 0.005531 -0.004957 0.694044 0.719894
1718924409.090298176 -7.399876 -6.029553 0.113057 0.005535 -0.004947 0.694018 0.719920
1718924409.095295668 -7.399816 -6.028210 0.112977 0.005535 -0.004931 0.693993 0.719944
1718924409.099996328 -7.399758 -6.026946 0.112903 0.005532 -0.004908 0.693972 0.719964
1718924409.099996328 -7.399758 -6.026946 0.112903 0.005532 -0.004908 0.693972 0.719964
1718924409.100305557 -7.399754 -6.026863 0.112898 0.005532 -0.004907 0.693971 0.719965
1718924409.105299234 -7.399686 -6.025519 0.112826 0.005527 -0.004890 0.693956 0.719979
1718924409.110304594 -7.399617 -6.024171 0.112756 0.005526 -0.004875 0.693949 0.719987
1718924409.115317345 -7.399546 -6.022818 0.112687 0.005534 -0.004861 0.693937 0.719998
1718924409.199986219 -7.398452 -5.999646 0.111509 0.005569 -0.004485 0.694053 0.719889
1718924409.199986219 -7.398452 -5.999646 0.111509 0.005569 -0.004485 0.694053 0.719889
1718924409.200307608 -7.398449 -5.999557 0.111504 0.005570 -0.004484 0.694053 0.719888
1718924409.205363989 -7.398394 -5.998153 0.111430 0.005571 -0.004473 0.694064 0.719878
1718924409.210313082 -7.398342 -5.996773 0.111355 0.005568 -0.004467 0.694076 0.719867
1718924409.215313196 -7.398291 -5.995375 0.111276 0.005560 -0.004457 0.694078 0.719864
1718924409.220322371 -7.398240 -5.993970 0.111195 0.005545 -0.004444 0.694081 0.719861
1718924409.225312710 -7.398193 -5.992569 0.111112 0.005526 -0.004423 0.694093 0.719851
1718924409.230314255 -7.398148 -5.991160 0.111029 0.005506 -0.004401 0.694106 0.719838
1718924409.235336304 -7.398105 -5.989738 0.110948 0.005485 -0.004379 0.694114 0.719831
1718924409.240309000 -7.398065 -5.988324 0.110870 0.005469 -0.004357 0.694117 0.719828
1718924409.245311975 -7.398027 -5.986896 0.110794 0.005458 -0.004330 0.694121 0.719825
1718924409.250304461 -7.397992 -5.985469 0.110722 0.005449 -0.004295 0.694127 0.719819
1718924409.255307198 -7.397959 -5.984036 0.110651 0.005448 -0.004258 0.694133 0.719814
1718924409.260311127 -7.397928 -5.982600 0.110583 0.005452 -0.004229 0.694131 0.719815
1718924409.265357018 -7.397898 -5.981146 0.110514 0.005463 -0.004200 0.694130 0.719817
1718924409.270369530 -7.397869 -5.979700 0.110444 0.005467 -0.004174 0.694138 0.719809
1718924409.275347948 -7.397842 -5.978261 0.110371 0.005461 -0.004149 0.694146 0.719802
1718924409.280360222 -7.397817 -5.976809 0.110293 0.005449 -0.004131 0.694159 0.719789
1718924409.285297632 -7.397792 -5.975372 0.110211 0.005439 -0.004117 0.694173 0.719776
1718924409.290313959 -7.397767 -5.973905 0.110124 0.005428 -0.004108 0.694182 0.719767
1718924409.295300961 -7.397743 -5.972442 0.110034 0.005415 -0.004096 0.694189 0.719761
1718924409.299980164 -7.397721 -5.971064 0.109946 0.005408 -0.004073 0.694200 0.719751
1718924409.299980164 -7.397721 -5.971064 0.109946 0.005408 -0.004073 0.694200 0.719751
1718924409.300305605 -7.397720 -5.970968 0.109940 0.005409 -0.004072 0.694200 0.719750
1718924409.305293798 -7.397697 -5.969494 0.109846 0.005408 -0.004068 0.694212 0.719739
1718924409.310291052 -7.397673 -5.968013 0.109752 0.005407 -0.004067 0.694217 0.719733
1718924409.315366983 -7.397647 -5.966503 0.109655 0.005404 -0.004064 0.694219 0.719732
1718924409.360296249 -7.397469 -5.952965 0.108680 0.005092 -0.003906 0.694064 0.719885
1718924409.365306854 -7.397454 -5.951435 0.108548 0.005074 -0.003910 0.694047 0.719901
1718924409.370298862 -7.397441 -5.949907 0.108415 0.005065 -0.003905 0.694035 0.719913
1718924409.375299931 -7.397429 -5.948369 0.108281 0.005067 -0.003902 0.694027 0.719921
1718924409.380316019 -7.397417 -5.946819 0.108148 0.005080 -0.003900 0.694013 0.719934
1718924409.385356903 -7.397403 -5.945259 0.108016 0.005093 -0.003894 0.693993 0.719953
1718924409.390299559 -7.397391 -5.943726 0.107889 0.005108 -0.003880 0.693976 0.719969
1718924409.395340204 -7.397377 -5.942159 0.107762 0.005126 -0.003876 0.693969 0.719976
1718924409.399987221 -7.397363 -5.940711 0.107646 0.005134 -0.003881 0.693967 0.719978
1718924409.399987221 -7.397363 -5.940711 0.107646 0.005134 -0.003881 0.693967 0.719978
1718924409.400305033 -7.397362 -5.940611 0.107638 0.005134 -0.003881 0.693967 0.719978
1718924409.405297279 -7.397345 -5.939051 0.107519 0.005124 -0.003884 0.693955 0.719990
1718924409.410331964 -7.397328 -5.937474 0.107398 0.005113 -0.003877 0.693939 0.720005
1718924409.415317774 -7.397310 -5.935909 0.107277 0.005106 -0.003862 0.693932 0.720012
1718924409.420319080 -7.397292 -5.934335 0.107155 0.005099 -0.003845 0.693934 0.720010
1718924409.425306082 -7.397274 -5.932759 0.107031 0.005097 -0.003829 0.693936 0.720008
1718924409.430315256 -7.397255 -5.931171 0.106905 0.005089 -0.003817 0.693938 0.720007
1718924409.435383558 -7.397236 -5.929560 0.106776 0.005088 -0.003799 0.693946 0.719999
1718924409.440297127 -7.397217 -5.927994 0.106650 0.005093 -0.003774 0.693954 0.719992
1718924409.445300817 -7.397196 -5.926393 0.106523 0.005091 -0.003749 0.693961 0.719985
1718924409.450346470 -7.397174 -5.924774 0.106398 0.005087 -0.003732 0.693965 0.719981
1718924409.455341101 -7.397150 -5.923170 0.106280 0.005086 -0.003721 0.693970 0.719976
1718924409.460341215 -7.397127 -5.921564 0.106167 0.005093 -0.003710 0.693976 0.719970
1718924409.465362072 -7.397103 -5.919952 0.106058 0.005091 -0.003708 0.693980 0.719966
1718924409.470300913 -7.397080 -5.918366 0.105954 0.005081 -0.003709 0.693984 0.719963
1718924409.475357294 -7.397058 -5.916744 0.105848 0.005076 -0.003711 0.693988 0.719960
1718924409.480362177 -7.397036 -5.915141 0.105742 0.005069 -0.003707 0.693996 0.719951
1718924409.485308647 -7.397016 -5.913558 0.105637 0.005069 -0.003689 0.694005 0.719943
1718924409.490351200 -7.396996 -5.911943 0.105529 0.005073 -0.003670 0.694008 0.719940
1718924409.495338440 -7.396978 -5.910345 0.105421 0.005081 -0.003658 0.694012 0.719937
1718924409.499991179 -7.396961 -5.908853 0.105320 0.005092 -0.003644 0.694016 0.719933
1718924409.499991179 -7.396961 -5.908853 0.105320 0.005092 -0.003644 0.694016 0.719933
1718924409.500334501 -7.396960 -5.908743 0.105312 0.005094 -0.003644 0.694016 0.719932
1718924409.505336523 -7.396941 -5.907137 0.105205 0.005113 -0.003640 0.694021 0.719928
1718924409.510333300 -7.396920 -5.905531 0.105097 0.005137 -0.003629 0.694018 0.719930
1718924409.515315056 -7.396897 -5.903929 0.104989 0.005171 -0.003623 0.694010 0.719938
1718924409.599987268 -7.396714 -5.876312 0.103184 0.004917 -0.003492 0.693835 0.720109
1718924409.599987268 -7.396714 -5.876312 0.103184 0.004917 -0.003492 0.693835 0.720109
1718924409.600288868 -7.396715 -5.876212 0.103178 0.004916 -0.003492 0.693834 0.720109
1718924409.605293036 -7.396719 -5.874557 0.103072 0.004902 -0.003499 0.693821 0.720122
1718924409.610288382 -7.396727 -5.872904 0.102967 0.004894 -0.003502 0.693813 0.720130
1718924409.615318060 -7.396741 -5.871239 0.102861 0.004887 -0.003496 0.693813 0.720131
1718924409.620322943 -7.396759 -5.869583 0.102757 0.004876 -0.003501 0.693818 0.720126
1718924409.625351429 -7.396783 -5.867917 0.102655 0.004852 -0.003525 0.693825 0.720119
1718924409.630384922 -7.396814 -5.866249 0.102554 0.004826 -0.003549 0.693828 0.720116
1718924409.635312319 -7.396851 -5.864617 0.102457 0.004798 -0.003571 0.693827 0.720117
1718924409.640296221 -7.396897 -5.862966 0.102361 0.004775 -0.003602 0.693830 0.720114
1718924409.645298719 -7.396952 -5.861307 0.102266 0.004766 -0.003640 0.693845 0.720099
1718924409.650293112 -7.397014 -5.859650 0.102172 0.004760 -0.003674 0.693865 0.720080
1718924409.655299425 -7.397084 -5.857991 0.102078 0.004752 -0.003708 0.693886 0.720060
1718924409.660340309 -7.397163 -5.856321 0.101982 0.004738 -0.003744 0.693911 0.720036
1718924409.665348768 -7.397248 -5.854661 0.101886 0.004723 -0.003794 0.693939 0.720008
1718924409.670372963 -7.397341 -5.852994 0.101788 0.004709 -0.003839 0.693975 0.719973
1718924409.675351620 -7.397440 -5.851343 0.101690 0.004678 -0.003883 0.694017 0.719933
1718924409.680307388 -7.397543 -5.849700 0.101594 0.004637 -0.003935 0.694059 0.719892
1718924409.685379028 -7.397655 -5.848021 0.101497 0.004595 -0.003988 0.694101 0.719852
1718924409.690343857 -7.397769 -5.846378 0.101405 0.004562 -0.004041 0.694146 0.719809
1718924409.695333481 -7.397888 -5.844730 0.101315 0.004528 -0.004088 0.694183 0.719773
1718924409.699975967 -7.398001 -5.843201 0.101233 0.004487 -0.004133 0.694207 0.719749
1718924409.699975967 -7.398001 -5.843201 0.101233 0.004487 -0.004133 0.694207 0.719749
1718924409.700295448 -7.398009 -5.843096 0.101228 0.004484 -0.004137 0.694209 0.719748
1718924409.705335855 -7.398135 -5.841443 0.101144 0.004446 -0.004199 0.694229 0.719728
1718924409.710338354 -7.398262 -5.839806 0.101064 0.004414 -0.004281 0.694247 0.719711
1718924409.715337515 -7.398389 -5.838173 0.100990 0.004384 -0.004386 0.694261 0.719697
1718924409.760344744 -7.399746 -5.823429 0.100542 0.003741 -0.005439 0.694574 0.719391
1718924409.765341997 -7.399919 -5.821788 0.100514 0.003672 -0.005581 0.694617 0.719349
1718924409.770361900 -7.400100 -5.820141 0.100488 0.003614 -0.005719 0.694667 0.719299
1718924409.775357008 -7.400287 -5.818503 0.100463 0.003572 -0.005859 0.694722 0.719246
1718924409.780315638 -7.400478 -5.816874 0.100439 0.003534 -0.006011 0.694787 0.719182
1718924409.785398722 -7.400681 -5.815202 0.100414 0.003498 -0.006173 0.694858 0.719112
1718924409.790347576 -7.400883 -5.813574 0.100385 0.003472 -0.006324 0.694931 0.719040
1718924409.795335054 -7.401093 -5.811935 0.100350 0.003443 -0.006462 0.695016 0.718957
1718924409.799990177 -7.401292 -5.810405 0.100313 0.003415 -0.006584 0.695103 0.718872
1718924409.799990177 -7.401292 -5.810405 0.100313 0.003415 -0.006584 0.695103 0.718872
1718924409.800340176 -7.401307 -5.810289 0.100310 0.003413 -0.006593 0.695110 0.718865
1718924409.805334568 -7.401522 -5.808638 0.100281 0.003385 -0.006721 0.695210 0.718767
1718924409.810298443 -7.401738 -5.806994 0.100250 0.003358 -0.006847 0.695315 0.718665
1718924409.815322876 -7.401957 -5.805325 0.100221 0.003334 -0.006962 0.695418 0.718564
1718924409.820417166 -7.402179 -5.803629 0.100193 0.003311 -0.007065 0.695530 0.718455
1718924409.825351954 -7.402392 -5.801980 0.100168 0.003309 -0.007157 0.695634 0.718353
1718924409.830310345 -7.402604 -5.800317 0.100145 0.003328 -0.007239 0.695740 0.718249
1718924409.835309029 -7.402817 -5.798634 0.100120 0.003357 -0.007297 0.695853 0.718139
1718924409.840297699 -7.403033 -5.796948 0.100090 0.003414 -0.007312 0.695970 0.718025
1718924409.845340967 -7.403253 -5.795238 0.100049 0.003509 -0.007275 0.696097 0.717903
1718924409.850346565 -7.403473 -5.793534 0.099996 0.003626 -0.007200 0.696228 0.717775
1718924409.855354548 -7.403691 -5.791822 0.099933 0.003754 -0.007108 0.696373 0.717635
1718924409.860350847 -7.403905 -5.790105 0.099861 0.003898 -0.007006 0.696537 0.717476
1718924409.865342140 -7.404118 -5.788380 0.099782 0.004072 -0.006884 0.696725 0.717294
1718924409.870294809 -7.404328 -5.786659 0.099700 0.004267 -0.006752 0.696928 0.717097
1718924409.875375032 -7.404536 -5.784882 0.099617 0.004451 -0.006633 0.697148 0.716883
1718924409.880323172 -7.404727 -5.783141 0.099540 0.004608 -0.006541 0.697374 0.716662
1718924409.885297060 -7.404905 -5.781383 0.099467 0.004749 -0.006473 0.697606 0.716436
1718924409.890336514 -7.405071 -5.779594 0.099402 0.004875 -0.006410 0.697844 0.716204
1718924409.895331383 -7.405221 -5.777815 0.099348 0.004972 -0.006363 0.698078 0.715976
1718924409.899991989 -7.405344 -5.776151 0.099305 0.005033 -0.006351 0.698292 0.715767
1718924409.899991989 -7.405344 -5.776151 0.099305 0.005033 -0.006351 0.698292 0.715767
1718924409.899999142 -7.388293 -5.782509 0.099593 0.006456 -0.001231 0.700166 0.713950
1718924409.899999142 -7.388293 -5.782509 0.099593 0.006456 -0.001231 0.700166 0.713950
1718924409.900297642 -7.388307 -5.782458 0.099598 0.006460 -0.001231 0.700180 0.713937
1718924409.905292034 -7.388524 -5.781602 0.099675 0.006509 -0.001246 0.700391 0.713729
1718924409.910287619 -7.388721 -5.780741 0.099756 0.006557 -0.001259 0.700586 0.713537
1718924409.960343122 -7.389706 -5.771860 0.100174 0.007511 -0.000018 0.700319 0.713791
1718924409.965297937 -7.389703 -5.770941 0.100169 0.007609 0.000116 0.700264 0.713844
1718924409.970363855 -7.389681 -5.769997 0.100155 0.007726 0.000260 0.700194 0.713911
1718924409.975342512 -7.389642 -5.769063 0.100134 0.007865 0.000422 0.700123 0.713979
1718924409.980307102 -7.389590 -5.768128 0.100105 0.008000 0.000608 0.700049 0.714050
1718924409.985339880 -7.389521 -5.767175 0.100068 0.008138 0.000821 0.699979 0.714117
1718924409.990385771 -7.389434 -5.766214 0.100025 0.008284 0.001041 0.699914 0.714179
1718924409.995296717 -7.389331 -5.765271 0.099981 0.008442 0.001269 0.699845 0.714244
1718924410.000299215 -7.389209 -5.764305 0.099935 0.008620 0.001505 0.699780 0.714305
1718924410.005297422 -7.389068 -5.763334 0.099887 0.008801 0.001740 0.699736 0.714345
1718924410.010288239 -7.388908 -5.762361 0.099837 0.008989 0.001983 0.699712 0.714365
1718924410.015305996 -7.388730 -5.761378 0.099782 0.009205 0.002250 0.699705 0.714369
1718924410.020305634 -7.388534 -5.760389 0.099721 0.009460 0.002544 0.699704 0.714366
1718924410.025302172 -7.388317 -5.759390 0.099650 0.009749 0.002856 0.699703 0.714361
1718924410.030292749 -7.388076 -5.758380 0.099570 0.010037 0.003170 0.699715 0.714345
1718924410.035353899 -7.387806 -5.757351 0.099476 0.010346 0.003510 0.699734 0.714320
1718924410.040346861 -7.387513 -5.756332 0.099375 0.010671 0.003840 0.699758 0.714290
1718924410.045304298 -7.387197 -5.755312 0.099288 0.010993 0.004095 0.699804 0.714239
1718924410.050312519 -7.386853 -5.754271 0.099231 0.011301 0.004234 0.699868 0.714170
1718924410.055289268 -7.386493 -5.753229 0.099210 0.011628 0.004287 0.699952 0.714082
1718924410.060289383 -7.386121 -5.752181 0.099216 0.012009 0.004329 0.700055 0.713975
1718924410.065289974 -7.385739 -5.751134 0.099235 0.012459 0.004404 0.700166 0.713858
1718924410.070292711 -7.385348 -5.750087 0.099256 0.012962 0.004534 0.700274 0.713742
1718924410.075289488 -7.384946 -5.749040 0.099279 0.013469 0.004710 0.700392 0.713615
1718924410.080294132 -7.384536 -5.747990 0.099310 0.013908 0.004906 0.700522 0.713479
1718924410.085287333 -7.384122 -5.746941 0.099362 0.014211 0.005084 0.700649 0.713347
1718924410.090282202 -7.383706 -5.745888 0.099445 0.014373 0.005237 0.700762 0.713231
1718924410.095289469 -7.383293 -5.744827 0.099558 0.014435 0.005364 0.700858 0.713134
1718924410.099985123 -7.382914 -5.743826 0.099682 0.014479 0.005492 0.700932 0.713060
1718924410.099985123 -7.382914 -5.743826 0.099682 0.014479 0.005492 0.700932 0.713060
1718924410.100285530 -7.382890 -5.743762 0.099691 0.014482 0.005500 0.700937 0.713055
1718924410.105282545 -7.382496 -5.742690 0.099830 0.014588 0.005667 0.700987 0.713003
1718924410.110285044 -7.382117 -5.741616 0.099965 0.014780 0.005873 0.701018 0.712967
1718924410.115297556 -7.381754 -5.740542 0.100090 0.015043 0.006092 0.701043 0.712934
1718924410.199942112 -7.379148 -5.721778 0.101617 0.013164 0.002455 0.699967 0.714050
1718924410.199942112 -7.379148 -5.721778 0.101617 0.013164 0.002455 0.699967 0.714050
1718924410.220306158 -7.379548 -5.717064 0.101833 0.012711 0.001568 0.699720 0.714302
1718924410.225393057 -7.379713 -5.715872 0.101881 0.012600 0.001341 0.699643 0.714381
1718924410.230305910 -7.379896 -5.714714 0.101929 0.012512 0.001156 0.699564 0.714460
1718924410.235311031 -7.380103 -5.713523 0.101988 0.012454 0.001081 0.699494 0.714530
1718924410.240288258 -7.380323 -5.712328 0.102067 0.012442 0.001136 0.699441 0.714581
1718924410.245326996 -7.380554 -5.711104 0.102172 0.012457 0.001277 0.699390 0.714631
1718924410.250330687 -7.380785 -5.709876 0.102298 0.012466 0.001416 0.699334 0.714685
1718924410.255331993 -7.381012 -5.708637 0.102438 0.012447 0.001492 0.699286 0.714732
1718924410.260290384 -7.381231 -5.707400 0.102578 0.012393 0.001465 0.699253 0.714765
1718924410.265279770 -7.381440 -5.706147 0.102706 0.012308 0.001347 0.699229 0.714791
1718924410.270287037 -7.381636 -5.704882 0.102810 0.012217 0.001177 0.699209 0.714812
1718924410.275282860 -7.381816 -5.703614 0.102883 0.012131 0.001007 0.699205 0.714817
1718924410.280329704 -7.381979 -5.702324 0.102928 0.012050 0.000879 0.699222 0.714802
1718924410.285295010 -7.382123 -5.701043 0.102954 0.011968 0.000824 0.699254 0.714773
1718924410.290325165 -7.382252 -5.699732 0.102975 0.011876 0.000837 0.699302 0.714727
1718924410.295321465 -7.382363 -5.698414 0.103001 0.011750 0.000878 0.699367 0.714666
1718924410.299980164 -7.382451 -5.697172 0.103035 0.011597 0.000912 0.699443 0.714594
1718924410.299980164 -7.382451 -5.697172 0.103035 0.011597 0.000912 0.699443 0.714594
1718924410.300318718 -7.382457 -5.697082 0.103038 0.011585 0.000914 0.699448 0.714589
1718924410.305314541 -7.382533 -5.695738 0.103084 0.011401 0.000912 0.699545 0.714497
1718924410.310308456 -7.382593 -5.694382 0.103133 0.011223 0.000878 0.699661 0.714387
1718924410.315291882 -7.382637 -5.693018 0.103175 0.011071 0.000836 0.699794 0.714258
1718924410.395322800 -7.382507 -5.670111 0.102313 0.011318 0.001045 0.699824 0.714225
1718924410.399995089 -7.382456 -5.668716 0.102192 0.011353 0.001058 0.699808 0.714240
1718924410.399995089 -7.382456 -5.668716 0.102192 0.011353 0.001058 0.699808 0.714240
1718924410.400316954 -7.382453 -5.668620 0.102183 0.011355 0.001059 0.699807 0.714241
1718924410.405327082 -7.382396 -5.667119 0.102048 0.011392 0.001065 0.699774 0.714273
1718924410.410307884 -7.382337 -5.665621 0.101924 0.011402 0.001060 0.699733 0.714313
1718924410.415298223 -7.382278 -5.664116 0.101813 0.011390 0.001044 0.699680 0.714365
1718924410.420302153 -7.382221 -5.662600 0.101711 0.011365 0.001026 0.699626 0.714418
1718924410.425294638 -7.382168 -5.661084 0.101614 0.011330 0.001017 0.699572 0.714471
1718924410.430291891 -7.382120 -5.659564 0.101518 0.011304 0.001027 0.699516 0.714527
1718924410.435290813 -7.382075 -5.658040 0.101419 0.011315 0.001060 0.699460 0.714582
1718924410.440263033 -7.382035 -5.656521 0.101317 0.011363 0.001109 0.699416 0.714623
1718924410.445270300 -7.381999 -5.654988 0.101211 0.011427 0.001159 0.699380 0.714658
1718924410.450274229 -7.381964 -5.653452 0.101106 0.011475 0.001187 0.699354 0.714683
1718924410.455269098 -7.381932 -5.651917 0.101004 0.011485 0.001188 0.699341 0.714695
1718924410.460270882 -7.381902 -5.650375 0.100907 0.011451 0.001167 0.699340 0.714697
1718924410.465270042 -7.381874 -5.648829 0.100816 0.011401 0.001139 0.699352 0.714685
1718924410.470328808 -7.381849 -5.647259 0.100730 0.011366 0.001137 0.699378 0.714660
1718924410.475332022 -7.381825 -5.645702 0.100647 0.011356 0.001151 0.699409 0.714631
1718924410.480316639 -7.381803 -5.644146 0.100565 0.011376 0.001176 0.699444 0.714596
1718924410.485338211 -7.381782 -5.642574 0.100480 0.011414 0.001204 0.699477 0.714563
1718924410.490290403 -7.381761 -5.641021 0.100392 0.011452 0.001227 0.699511 0.714529
1718924410.495302916 -7.381740 -5.639448 0.100297 0.011472 0.001233 0.699545 0.714495
1718924410.499991179 -7.381720 -5.637976 0.100204 0.011461 0.001225 0.699575 0.714466
1718924410.499991179 -7.381720 -5.637976 0.100204 0.011461 0.001225 0.699575 0.714466
1718924410.500313282 -7.381718 -5.637875 0.100198 0.011460 0.001225 0.699577 0.714464
1718924410.505310297 -7.381695 -5.636304 0.100099 0.011431 0.001208 0.699602 0.714440
1718924410.510304451 -7.381671 -5.634730 0.100001 0.011399 0.001193 0.699618 0.714425
1718924410.560263157 -7.381555 -5.618796 0.099177 0.011572 0.001225 0.699390 0.714645
1718924410.565283775 -7.381555 -5.617175 0.099113 0.011586 0.001228 0.699358 0.714677
1718924410.570285082 -7.381554 -5.615558 0.099057 0.011581 0.001225 0.699329 0.714705
1718924410.575283051 -7.381553 -5.613938 0.099009 0.011558 0.001208 0.699306 0.714728
1718924410.580272675 -7.381554 -5.612318 0.098967 0.011524 0.001175 0.699289 0.714745
1718924410.585279942 -7.381558 -5.610689 0.098929 0.011479 0.001125 0.699279 0.714756
1718924410.590282202 -7.381565 -5.609060 0.098891 0.011430 0.001065 0.699275 0.714761
1718924410.595277071 -7.381576 -5.607431 0.098851 0.011385 0.001002 0.699281 0.714755
1718924410.599991083 -7.381591 -5.605893 0.098810 0.011355 0.000946 0.699290 0.714748
1718924410.599991083 -7.381591 -5.605893 0.098810 0.011355 0.000946 0.699290 0.714748
1718924410.600275040 -7.381592 -5.605800 0.098807 0.011353 0.000943 0.699290 0.714747
1718924410.605264425 -7.381613 -5.604173 0.098761 0.011338 0.000893 0.699305 0.714733
1718924410.610278845 -7.381640 -5.602536 0.098711 0.011322 0.000844 0.699335 0.714704
1718924410.615283966 -7.381672 -5.600904 0.098662 0.011304 0.000784 0.699374 0.714666
1718924410.620286465 -7.381708 -5.599275 0.098613 0.011276 0.000734 0.699423 0.714619
1718924410.625279188 -7.381750 -5.597652 0.098563 0.011238 0.000697 0.699469 0.714575
1718924410.630265236 -7.381796 -5.596033 0.098515 0.011197 0.000655 0.699512 0.714533
1718924410.635274649 -7.381845 -5.594407 0.098470 0.011144 0.000592 0.699567 0.714480
1718924410.640268564 -7.381898 -5.592786 0.098429 0.011087 0.000511 0.699623 0.714426
1718924410.645270109 -7.381956 -5.591164 0.098388 0.011036 0.000434 0.699675 0.714376
1718924410.650275946 -7.382019 -5.589543 0.098344 0.011000 0.000364 0.699736 0.714317
1718924410.655269861 -7.382085 -5.587930 0.098298 0.010963 0.000289 0.699798 0.714256
1718924410.660263062 -7.382155 -5.586320 0.098253 0.010927 0.000202 0.699858 0.714198
1718924410.665275812 -7.382227 -5.584709 0.098210 0.010898 0.000107 0.699913 0.714145
1718924410.670270920 -7.382300 -5.583107 0.098170 0.010881 0.000007 0.699962 0.714097
1718924410.675276279 -7.382376 -5.581505 0.098135 0.010866 -0.000098 0.700004 0.714056
1718924410.680280685 -7.382452 -5.579906 0.098105 0.010854 -0.000222 0.700060 0.714002
1718924410.685275555 -7.382530 -5.578312 0.098082 0.010847 -0.000348 0.700123 0.713940
1718924410.690274954 -7.382612 -5.576718 0.098063 0.010841 -0.000470 0.700185 0.713879
1718924410.695284367 -7.382696 -5.575122 0.098048 0.010825 -0.000593 0.700251 0.713814
1718924410.699899197 -7.382776 -5.573655 0.098036 0.010785 -0.000696 0.700315 0.713752
1718924410.699899197 -7.382776 -5.573655 0.098036 0.010785 -0.000696 0.700315 0.713752
1718924410.700263739 -7.382783 -5.573539 0.098035 0.010782 -0.000704 0.700320 0.713747
1718924410.705266237 -7.382873 -5.571956 0.098023 0.010723 -0.000801 0.700402 0.713667
1718924410.710270643 -7.382968 -5.570375 0.098011 0.010664 -0.000893 0.700501 0.713571
1718924410.715269566 -7.383067 -5.568797 0.097997 0.010608 -0.000989 0.700609 0.713465
1718924410.760259867 -7.384279 -5.554452 0.097731 0.010771 -0.001222 0.702251 0.711847
1718924410.765312195 -7.384457 -5.552801 0.097707 0.010778 -0.001248 0.702442 0.711658
1718924410.770264626 -7.384638 -5.551178 0.097683 0.010782 -0.001272 0.702631 0.711472
1718924410.775272131 -7.384826 -5.549531 0.097659 0.010801 -0.001288 0.702825 0.711280
1718924410.780313969 -7.385019 -5.547863 0.097635 0.010837 -0.001311 0.703019 0.711087
1718924410.785315275 -7.385215 -5.546200 0.097611 0.010885 -0.001337 0.703200 0.710907
1718924410.790339708 -7.385414 -5.544524 0.097586 0.010951 -0.001356 0.703376 0.710732
1718924410.795313597 -7.385612 -5.542861 0.097558 0.011024 -0.001370 0.703548 0.710561
1718924410.800001144 -7.385795 -5.541289 0.097528 0.011069 -0.001383 0.703710 0.710400
1718924410.800001144 -7.385795 -5.541289 0.097528 0.011069 -0.001383 0.703710 0.710400
1718924410.800264120 -7.385805 -5.541201 0.097526 0.011072 -0.001383 0.703719 0.710391
1718924410.805310965 -7.385986 -5.539500 0.097490 0.011097 -0.001397 0.703888 0.710223
1718924410.810306311 -7.386157 -5.537810 0.097455 0.011092 -0.001427 0.704039 0.710073
1718924410.815336227 -7.386321 -5.536102 0.097421 0.011068 -0.001470 0.704191 0.709922
1718924410.820282221 -7.386475 -5.534415 0.097390 0.011045 -0.001508 0.704342 0.709773
1718924410.825278759 -7.386623 -5.532700 0.097362 0.011034 -0.001541 0.704491 0.709626
1718924410.830307961 -7.386763 -5.530966 0.097335 0.011042 -0.001562 0.704630 0.709487
1718924410.835268974 -7.386892 -5.529247 0.097308 0.011062 -0.001567 0.704759 0.709359
1718924410.840275526 -7.387012 -5.527506 0.097277 0.011077 -0.001563 0.704889 0.709229
1718924410.845265388 -7.387119 -5.525764 0.097237 0.011074 -0.001563 0.705017 0.709103
1718924410.850295544 -7.387211 -5.524002 0.097188 0.011054 -0.001571 0.705142 0.708979
1718924410.855252028 -7.387289 -5.522257 0.097131 0.011040 -0.001582 0.705252 0.708869
1718924410.860266685 -7.387359 -5.520483 0.097063 0.011032 -0.001586 0.705359 0.708763
1718924410.865262985 -7.387422 -5.518707 0.096986 0.011017 -0.001580 0.705468 0.708654
1718924410.870260477 -7.387480 -5.516923 0.096900 0.010995 -0.001564 0.705588 0.708535
1718924410.875265360 -7.387537 -5.515130 0.096809 0.010969 -0.001534 0.705720 0.708404
1718924410.880250216 -7.387592 -5.513335 0.096716 0.010940 -0.001497 0.705871 0.708254
1718924410.885255098 -7.387649 -5.511525 0.096623 0.010918 -0.001459 0.706039 0.708087
1718924410.890259743 -7.387706 -5.509705 0.096534 0.010896 -0.001418 0.706219 0.707908
1718924410.895249367 -7.387764 -5.507881 0.096445 0.010875 -0.001368 0.706410 0.707718
1718924410.899993181 -7.387822 -5.506136 0.096359 0.010860 -0.001316 0.706616 0.707513
1718924410.899993181 -7.387822 -5.506136 0.096359 0.010860 -0.001316 0.706616 0.707513
1718924410.900001049 -7.374407 -5.483319 0.097534 0.013833 -0.004020 0.708896 0.705166
1718924410.900001049 -7.374407 -5.483319 0.097534 0.013833 -0.004020 0.708896 0.705166
1718924410.900262594 -7.374419 -5.483261 0.097524 0.013833 -0.004017 0.708908 0.705154
1718924410.905248642 -7.374648 -5.482147 0.097363 0.013823 -0.003964 0.709137 0.704924
1718924410.910253763 -7.374877 -5.481022 0.097198 0.013828 -0.003912 0.709369 0.704690
1718924410.940252304 -7.375989 -5.474086 0.095688 0.013926 -0.003153 0.710366 0.703687
1718924410.945304632 -7.376127 -5.472898 0.095476 0.013924 -0.002992 0.710507 0.703546
1718924410.950303793 -7.376249 -5.471717 0.095257 0.013931 -0.002806 0.710638 0.703415
1718924410.955314636 -7.376357 -5.470528 0.095026 0.013943 -0.002596 0.710751 0.703300
1718924410.960316896 -7.376447 -5.469330 0.094783 0.013941 -0.002385 0.710845 0.703207
1718924410.965320110 -7.376514 -5.468120 0.094530 0.013931 -0.002169 0.710923 0.703129
1718924410.970262766 -7.376558 -5.466916 0.094277 0.013899 -0.001965 0.710982 0.703070
1718924410.975268602 -7.376580 -5.465692 0.094031 0.013827 -0.001825 0.711035 0.703018
1718924410.980247259 -7.376585 -5.464469 0.093819 0.013721 -0.001803 0.711097 0.702958
1718924410.985288858 -7.376579 -5.463222 0.093657 0.013602 -0.001907 0.711183 0.702873
1718924410.990240335 -7.376566 -5.461992 0.093551 0.013486 -0.002100 0.711286 0.702770
1718924410.995256424 -7.376547 -5.460748 0.093484 0.013389 -0.002318 0.711399 0.702657
1718924411.000234842 -7.376525 -5.459521 0.093440 0.013355 -0.002473 0.711526 0.702529
1718924411.005248785 -7.376508 -5.458295 0.093399 0.013397 -0.002554 0.711672 0.702379
1718924411.010275126 -7.376498 -5.457075 0.093350 0.013483 -0.002581 0.711825 0.702223
1718924411.015256882 -7.376494 -5.455873 0.093290 0.013573 -0.002605 0.711982 0.702062
1718924411.020366192 -7.376490 -5.454646 0.093221 0.013663 -0.002654 0.712153 0.701886
1718924411.025331974 -7.376486 -5.453455 0.093148 0.013744 -0.002746 0.712337 0.701698
1718924411.030261517 -7.376482 -5.452272 0.093075 0.013814 -0.002884 0.712539 0.701491
1718924411.035253525 -7.376482 -5.451071 0.092997 0.013886 -0.003039 0.712751 0.701273
1718924411.040258884 -7.376484 -5.449869 0.092915 0.013972 -0.003178 0.712958 0.701060
1718924411.045238972 -7.376487 -5.448675 0.092827 0.014061 -0.003280 0.713166 0.700846
1718924411.050269127 -7.376489 -5.447472 0.092732 0.014145 -0.003356 0.713378 0.700629
1718924411.055252314 -7.376489 -5.446281 0.092631 0.014219 -0.003421 0.713585 0.700416
1718924411.060254097 -7.376488 -5.445087 0.092528 0.014261 -0.003506 0.713798 0.700198
1718924411.065250874 -7.376486 -5.443895 0.092424 0.014289 -0.003607 0.714006 0.699985
1718924411.070257664 -7.376484 -5.442701 0.092318 0.014318 -0.003729 0.714207 0.699778
1718924411.075295687 -7.376484 -5.441499 0.092207 0.014348 -0.003854 0.714417 0.699562
1718924411.080235958 -7.376483 -5.440323 0.092096 0.014362 -0.003984 0.714622 0.699352
1718924411.085246801 -7.376479 -5.439132 0.091980 0.014361 -0.004125 0.714837 0.699132
1718924411.090241671 -7.376476 -5.437943 0.091859 0.014379 -0.004257 0.715058 0.698905
1718924411.095288277 -7.376477 -5.436738 0.091733 0.014425 -0.004366 0.715276 0.698679
1718924411.099987030 -7.376482 -5.435612 0.091617 0.014482 -0.004452 0.715473 0.698476
1718924411.099987030 -7.376482 -5.435612 0.091617 0.014482 -0.004452 0.715473 0.698476
1718924411.100273132 -7.376483 -5.435543 0.091611 0.014485 -0.004458 0.715485 0.698464
1718924411.105245590 -7.376490 -5.434351 0.091516 0.014547 -0.004551 0.715688 0.698254
1718924411.110233784 -7.376500 -5.433145 0.091427 0.014599 -0.004633 0.715882 0.698053
1718924411.115301132 -7.376515 -5.431911 0.091344 0.014642 -0.004689 0.716070 0.697859
1718924411.199981213 -7.377972 -5.410352 0.089717 0.012530 -0.005433 0.715958 0.698010
1718924411.199981213 -7.377972 -5.410352 0.089717 0.012530 -0.005433 0.715958 0.698010
1718924411.230258226 -7.379094 -5.402295 0.088866 0.011857 -0.005753 0.715912 0.698067
1718924411.235312939 -7.379313 -5.400915 0.088750 0.011722 -0.005790 0.715923 0.698056
1718924411.240252018 -7.379539 -5.399559 0.088637 0.011584 -0.005838 0.715959 0.698022
1718924411.245251179 -7.379779 -5.398181 0.088525 0.011443 -0.005891 0.716015 0.697966
1718924411.250253439 -7.380032 -5.396798 0.088412 0.011306 -0.005942 0.716089 0.697892
1718924411.255254745 -7.380296 -5.395411 0.088296 0.011162 -0.005995 0.716175 0.697806
1718924411.260240316 -7.380572 -5.394024 0.088175 0.011015 -0.006053 0.716270 0.697710
1718924411.265250921 -7.380862 -5.392627 0.088046 0.010862 -0.006112 0.716378 0.697601
1718924411.270238638 -7.381163 -5.391233 0.087910 0.010699 -0.006174 0.716503 0.697474
1718924411.275253057 -7.381479 -5.389830 0.087766 0.010514 -0.006244 0.716645 0.697331
1718924411.280251265 -7.381804 -5.388428 0.087615 0.010301 -0.006330 0.716799 0.697175
1718924411.285255671 -7.382143 -5.387019 0.087459 0.010058 -0.006427 0.716968 0.697004
1718924411.290244818 -7.382495 -5.385608 0.087300 0.009781 -0.006533 0.717138 0.696832
1718924411.295232773 -7.382863 -5.384190 0.087144 0.009506 -0.006638 0.717312 0.696655
1718924411.299998045 -7.383228 -5.382826 0.087005 0.009294 -0.006723 0.717482 0.696482
1718924411.299998045 -7.383228 -5.382826 0.087005 0.009294 -0.006723 0.717482 0.696482
1718924411.300242424 -7.383248 -5.382755 0.086999 0.009283 -0.006728 0.717491 0.696473
1718924411.305232763 -7.383644 -5.381309 0.086878 0.009166 -0.006783 0.717650 0.696310
1718924411.310243368 -7.384047 -5.379848 0.086791 0.009145 -0.006807 0.717796 0.696160
1718924411.315244198 -7.384450 -5.378388 0.086735 0.009166 -0.006808 0.717932 0.696020
1718924411.365237236 -7.387673 -5.363530 0.086830 0.009187 -0.007362 0.717907 0.696040
1718924411.370239973 -7.387903 -5.362043 0.086951 0.009175 -0.007416 0.717900 0.696046
1718924411.375277281 -7.388118 -5.360545 0.087084 0.009169 -0.007463 0.717904 0.696042
1718924411.380249977 -7.388314 -5.359068 0.087218 0.009163 -0.007499 0.717909 0.696037
1718924411.385271072 -7.388496 -5.357578 0.087348 0.009163 -0.007520 0.717911 0.696034
1718924411.390282154 -7.388660 -5.356093 0.087470 0.009168 -0.007517 0.717923 0.696022
1718924411.395244360 -7.388805 -5.354623 0.087581 0.009190 -0.007497 0.717951 0.695992
1718924411.399994135 -7.388929 -5.353215 0.087681 0.009222 -0.007473 0.717992 0.695950
1718924411.399994135 -7.388929 -5.353215 0.087681 0.009222 -0.007473 0.717992 0.695950
1718924411.400283098 -7.388936 -5.353130 0.087687 0.009224 -0.007472 0.717995 0.695947
1718924411.405230761 -7.389049 -5.351674 0.087801 0.009271 -0.007460 0.718046 0.695894
1718924411.410234451 -7.389143 -5.350199 0.087919 0.009314 -0.007468 0.718106 0.695832
1718924411.415250301 -7.389220 -5.348717 0.088044 0.009342 -0.007486 0.718171 0.695764
1718924411.420261383 -7.389279 -5.347235 0.088176 0.009363 -0.007509 0.718232 0.695700
1718924411.425302267 -7.389323 -5.345744 0.088312 0.009388 -0.007521 0.718294 0.695635
1718924411.430250645 -7.389351 -5.344280 0.088445 0.009412 -0.007520 0.718362 0.695565
1718924411.435256004 -7.389366 -5.342801 0.088576 0.009438 -0.007496 0.718435 0.695489
1718924411.440278053 -7.389367 -5.341319 0.088701 0.009484 -0.007451 0.718506 0.695416
1718924411.445246220 -7.389359 -5.339854 0.088818 0.009545 -0.007397 0.718569 0.695351
1718924411.450239182 -7.389341 -5.338382 0.088929 0.009601 -0.007348 0.718631 0.695287
1718924411.455256224 -7.389313 -5.336903 0.089036 0.009649 -0.007312 0.718693 0.695222
1718924411.460248232 -7.389278 -5.335432 0.089140 0.009683 -0.007296 0.718752 0.695161
1718924411.465256929 -7.389238 -5.333956 0.089246 0.009711 -0.007289 0.718806 0.695105
1718924411.470243931 -7.389195 -5.332483 0.089354 0.009737 -0.007280 0.718845 0.695064
1718924411.475250721 -7.389150 -5.331004 0.089465 0.009762 -0.007271 0.718876 0.695031
1718924411.480240822 -7.389105 -5.329529 0.089578 0.009799 -0.007250 0.718905 0.695001
1718924411.485226870 -7.389063 -5.328055 0.089692 0.009839 -0.007226 0.718923 0.694983
1718924411.490240574 -7.389026 -5.326573 0.089806 0.009883 -0.007199 0.718939 0.694966
1718924411.495228052 -7.388994 -5.325101 0.089918 0.009925 -0.007170 0.718943 0.694962
1718924411.499991179 -7.388971 -5.323695 0.090023 0.009950 -0.007151 0.718943 0.694961
1718924411.499991179 -7.388971 -5.323695 0.090023 0.009950 -0.007151 0.718943 0.694961
1718924411.500230789 -7.388970 -5.323624 0.090028 0.009951 -0.007150 0.718943 0.694961
1718924411.505277157 -7.388951 -5.322127 0.090134 0.009959 -0.007137 0.718931 0.694973
1718924411.510238171 -7.388943 -5.320654 0.090236 0.009970 -0.007143 0.718913 0.694992
1718924411.515300274 -7.388946 -5.319150 0.090340 0.009978 -0.007152 0.718900 0.695006
1718924411.540246725 -7.389126 -5.311724 0.090913 0.010164 -0.007292 0.718783 0.695122
1718924411.545247793 -7.389196 -5.310245 0.091044 0.010172 -0.007303 0.718757 0.695149
1718924411.550256491 -7.389278 -5.308766 0.091174 0.010168 -0.007317 0.718727 0.695180
1718924411.555239201 -7.389370 -5.307296 0.091299 0.010159 -0.007331 0.718700 0.695208
1718924411.560242414 -7.389472 -5.305821 0.091421 0.010151 -0.007343 0.718684 0.695224
1718924411.565236568 -7.389583 -5.304349 0.091537 0.010144 -0.007355 0.718674 0.695234
1718924411.570292234 -7.389704 -5.302857 0.091649 0.010134 -0.007377 0.718665 0.695244
1718924411.575241566 -7.389829 -5.301395 0.091756 0.010129 -0.007404 0.718666 0.695242
1718924411.580247164 -7.389960 -5.299914 0.091862 0.010132 -0.007420 0.718677 0.695230
1718924411.585300684 -7.390097 -5.298415 0.091970 0.010133 -0.007438 0.718705 0.695201
1718924411.590259075 -7.390234 -5.296942 0.092080 0.010117 -0.007472 0.718739 0.695166
1718924411.595241070 -7.390373 -5.295456 0.092195 0.010097 -0.007510 0.718780 0.695123
1718924411.599986076 -7.390506 -5.294038 0.092308 0.010084 -0.007539 0.718830 0.695072
1718924411.599986076 -7.390506 -5.294038 0.092308 0.010084 -0.007539 0.718830 0.695072
1718924411.600240469 -7.390513 -5.293962 0.092313 0.010083 -0.007541 0.718833 0.695069
1718924411.605239630 -7.390653 -5.292468 0.092424 0.010067 -0.007558 0.718895 0.695004
1718924411.610234499 -7.390793 -5.290974 0.092533 0.010059 -0.007565 0.718962 0.694935
1718924411.615251541 -7.390930 -5.289470 0.092636 0.010057 -0.007570 0.719032 0.694863
1718924411.665246487 -7.391978 -5.274480 0.093167 0.010387 -0.007778 0.719343 0.694533
1718924411.670245409 -7.392061 -5.272992 0.093263 0.010394 -0.007783 0.719358 0.694518
1718924411.675282717 -7.392140 -5.271496 0.093358 0.010397 -0.007795 0.719357 0.694519
1718924411.680288315 -7.392215 -5.270011 0.093449 0.010383 -0.007808 0.719346 0.694530
1718924411.685234547 -7.392283 -5.268544 0.093538 0.010364 -0.007813 0.719330 0.694547
1718924411.690231085 -7.392348 -5.267060 0.093628 0.010351 -0.007811 0.719313 0.694566
1718924411.695235014 -7.392409 -5.265572 0.093718 0.010346 -0.007803 0.719296 0.694583
1718924411.699897051 -7.392463 -5.264182 0.093803 0.010344 -0.007791 0.719279 0.694601
1718924411.699897051 -7.392463 -5.264182 0.093803 0.010344 -0.007791 0.719279 0.694601
1718924411.700271606 -7.392467 -5.264070 0.093809 0.010344 -0.007791 0.719278 0.694602
1718924411.705276966 -7.392521 -5.262575 0.093888 0.010358 -0.007784 0.719266 0.694614
1718924411.710237026 -7.392571 -5.261090 0.093969 0.010382 -0.007780 0.719260 0.694620
1718924411.715283394 -7.392618 -5.259577 0.094052 0.010408 -0.007787 0.719259 0.694620
1718924411.720243692 -7.392662 -5.258088 0.094134 0.010430 -0.007797 0.719263 0.694616
1718924411.725258827 -7.392704 -5.256582 0.094216 0.010455 -0.007819 0.719270 0.694608
1718924411.730251551 -7.392743 -5.255083 0.094296 0.010478 -0.007844 0.719285 0.694592
1718924411.735302687 -7.392779 -5.253567 0.094378 0.010506 -0.007860 0.719310 0.694565
1718924411.740246534 -7.392813 -5.252084 0.094461 0.010535 -0.007873 0.719342 0.694532
1718924411.745280027 -7.392845 -5.250574 0.094549 0.010570 -0.007893 0.719372 0.694500
1718924411.750241041 -7.392874 -5.249086 0.094642 0.010597 -0.007919 0.719409 0.694460
1718924411.755234957 -7.392901 -5.247587 0.094741 0.010612 -0.007947 0.719453 0.694414
1718924411.760245085 -7.392928 -5.246084 0.094845 0.010621 -0.007979 0.719495 0.694371
1718924411.765237808 -7.392956 -5.244586 0.094954 0.010630 -0.008014 0.719539 0.694324
1718924411.770245314 -7.392985 -5.243082 0.095066 0.010641 -0.008047 0.719586 0.694275
1718924411.775291443 -7.393014 -5.241569 0.095180 0.010662 -0.008080 0.719634 0.694225
1718924411.780253410 -7.393046 -5.240085 0.095289 0.010676 -0.008108 0.719678 0.694178
1718924411.785241842 -7.393080 -5.238597 0.095395 0.010693 -0.008133 0.719715 0.694140
1718924411.790231228 -7.393117 -5.237113 0.095496 0.010707 -0.008159 0.719740 0.694113
1718924411.795235157 -7.393156 -5.235631 0.095594 0.010707 -0.008191 0.719763 0.694089
1718924411.799980164 -7.393197 -5.234233 0.095684 0.010699 -0.008221 0.719783 0.694068
1718924411.799980164 -7.393197 -5.234233 0.095684 0.010699 -0.008221 0.719783 0.694068
1718924411.800273657 -7.393199 -5.234147 0.095691 0.010698 -0.008223 0.719784 0.694067
1718924411.805274963 -7.393245 -5.232689 0.095796 0.010673 -0.008246 0.719807 0.694043
1718924411.810231686 -7.393294 -5.231247 0.095903 0.010654 -0.008285 0.719827 0.694023
1718924411.815255165 -7.393347 -5.229789 0.096015 0.010626 -0.008344 0.719838 0.694011
1718924411.865272284 -7.394156 -5.215841 0.097083 0.010424 -0.009773 0.720378 0.693434
1718924411.870293617 -7.394272 -5.214451 0.097194 0.010382 -0.009898 0.720437 0.693372
1718924411.875299931 -7.394393 -5.213071 0.097303 0.010331 -0.010016 0.720504 0.693301
1718924411.880253315 -7.394518 -5.211709 0.097414 0.010267 -0.010130 0.720582 0.693220
1718924411.885227442 -7.394647 -5.210342 0.097530 0.010196 -0.010250 0.720673 0.693125
1718924411.890271425 -7.394783 -5.208957 0.097653 0.010122 -0.010385 0.720770 0.693023
1718924411.895235300 -7.394919 -5.207596 0.097779 0.010045 -0.010535 0.720875 0.692912
1718924411.900021076 -7.395052 -5.206284 0.097902 0.009966 -0.010693 0.720990 0.692791
1718924411.900021076 -7.395052 -5.206284 0.097902 0.009966 -0.010693 0.720990 0.692791
1718924411.900271177 -7.395060 -5.206215 0.097908 0.009963 -0.010702 0.720996 0.692784
1718924411.905273914 -7.395206 -5.204841 0.098033 0.009874 -0.010879 0.721123 0.692652
1718924411.910261869 -7.395356 -5.203473 0.098156 0.009784 -0.011047 0.721258 0.692510
1718924411.915258646 -7.395509 -5.202105 0.098274 0.009691 -0.011196 0.721399 0.692361
1718924411.920253992 -7.395666 -5.200741 0.098387 0.009589 -0.011332 0.721539 0.692215
1718924411.925289631 -7.395826 -5.199367 0.098496 0.009486 -0.011467 0.721670 0.692077
1718924411.930230856 -7.395984 -5.198020 0.098600 0.009396 -0.011591 0.721792 0.691950
1718924411.935243130 -7.396145 -5.196656 0.098702 0.009312 -0.011702 0.721915 0.691820
1718924411.940238237 -7.396305 -5.195299 0.098801 0.009226 -0.011801 0.722034 0.691695
1718924411.945284843 -7.396467 -5.193930 0.098901 0.009144 -0.011900 0.722144 0.691580
1718924411.950235128 -7.396621 -5.192590 0.099003 0.009054 -0.012009 0.722237 0.691482
1718924411.955297709 -7.396775 -5.191221 0.099114 0.008930 -0.012140 0.722318 0.691397
1718924411.960238457 -7.396920 -5.189887 0.099229 0.008796 -0.012273 0.722383 0.691328
1718924411.965224743 -7.397064 -5.188543 0.099351 0.008657 -0.012401 0.722434 0.691274
1718924411.970247746 -7.397206 -5.187192 0.099480 0.008510 -0.012521 0.722468 0.691239
1718924411.975278616 -7.397347 -5.185841 0.099614 0.008362 -0.012629 0.722480 0.691226
1718924411.980287313 -7.397486 -5.184499 0.099749 0.008215 -0.012719 0.722467 0.691240
1718924411.985231638 -7.397622 -5.183178 0.099880 0.008079 -0.012798 0.722433 0.691275
1718924411.990273952 -7.397760 -5.181834 0.100010 0.007947 -0.012875 0.722382 0.691329
1718924411.995274782 -7.397896 -5.180502 0.100132 0.007824 -0.012955 0.722309 0.691405
1718924412.000269890 -7.398033 -5.179172 0.100245 0.007700 -0.013036 0.722216 0.691502
1718924412.005231619 -7.398169 -5.177850 0.100351 0.007581 -0.013110 0.722107 0.691615
1718924412.010259867 -7.398306 -5.176513 0.100454 0.007471 -0.013178 0.721985 0.691743
1718924412.030243158 -7.398859 -5.171191 0.100863 0.007130 -0.013537 0.721454 0.692293
1718924412.035229445 -7.398984 -5.169868 0.100984 0.007035 -0.013613 0.721322 0.692431
1718924412.040232658 -7.399109 -5.168540 0.101106 0.006948 -0.013678 0.721195 0.692562
1718924412.045234203 -7.399232 -5.167212 0.101225 0.006860 -0.013729 0.721075 0.692687
1718924412.050246000 -7.399352 -5.165879 0.101340 0.006761 -0.013768 0.720963 0.692804
1718924412.055222273 -7.399469 -5.164554 0.101447 0.006664 -0.013791 0.720872 0.692899
1718924412.060235739 -7.399583 -5.163215 0.101548 0.006591 -0.013786 0.720815 0.692959
1718924412.065227747 -7.399692 -5.161876 0.101641 0.006534 -0.013763 0.720775 0.693002
1718924412.070237160 -7.399794 -5.160525 0.101730 0.006492 -0.013723 0.720743 0.693036
1718924412.075262308 -7.399888 -5.159165 0.101812 0.006469 -0.013661 0.720725 0.693056
1718924412.080274343 -7.399972 -5.157803 0.101887 0.006460 -0.013596 0.720719 0.693064
1718924412.085223436 -7.400043 -5.156448 0.101954 0.006475 -0.013528 0.720723 0.693061
1718924412.090234995 -7.400103 -5.155065 0.102016 0.006516 -0.013450 0.720735 0.693049
1718924412.095220804 -7.400148 -5.153678 0.102073 0.006571 -0.013365 0.720748 0.693038
1718924412.099970102 -7.400174 -5.152350 0.102121 0.006619 -0.013278 0.720758 0.693027
1718924412.099970102 -7.400174 -5.152350 0.102121 0.006619 -0.013278 0.720758 0.693027
1718924412.100234032 -7.400175 -5.152277 0.102125 0.006621 -0.013273 0.720759 0.693027
1718924412.105270386 -7.400188 -5.150886 0.102201 0.006675 -0.013163 0.720772 0.693015
1718924412.110276699 -7.400180 -5.149494 0.102269 0.006741 -0.013027 0.720782 0.693007
1718924412.115244389 -7.400151 -5.148104 0.102330 0.006827 -0.012863 0.720784 0.693007
1718924412.120234013 -7.400101 -5.146700 0.102383 0.006927 -0.012682 0.720772 0.693021
1718924412.125259638 -7.400025 -5.145279 0.102427 0.007042 -0.012466 0.720739 0.693059
1718924412.130229712 -7.399925 -5.143867 0.102458 0.007182 -0.012221 0.720688 0.693115
1718924412.135317087 -7.399796 -5.142415 0.102480 0.007324 -0.011963 0.720616 0.693193
1718924412.140237093 -7.399643 -5.141002 0.102492 0.007455 -0.011707 0.720529 0.693286
1718924412.145255089 -7.399458 -5.139555 0.102493 0.007586 -0.011430 0.720423 0.693399
1718924412.150233269 -7.399248 -5.138112 0.102484 0.007720 -0.011139 0.720294 0.693537
1718924412.155262709 -7.399009 -5.136648 0.102462 0.007878 -0.010826 0.720146 0.693693
1718924412.160319567 -7.398745 -5.135169 0.102429 0.008069 -0.010469 0.719983 0.693866
1718924412.165222406 -7.398467 -5.133730 0.102387 0.008267 -0.010074 0.719807 0.694052
1718924412.170236588 -7.398155 -5.132256 0.102338 0.008456 -0.009636 0.719617 0.694253
1718924412.175283670 -7.397812 -5.130772 0.102287 0.008630 -0.009180 0.719420 0.694461
1718924412.180240870 -7.397445 -5.129306 0.102246 0.008789 -0.008753 0.719222 0.694669
1718924412.185233116 -7.397047 -5.127820 0.102233 0.008931 -0.008394 0.719025 0.694876
1718924412.190236568 -7.396623 -5.126321 0.102267 0.009025 -0.008137 0.718833 0.695076
1718924412.195300817 -7.396175 -5.124799 0.102355 0.009082 -0.007971 0.718661 0.695256
1718924412.199988127 -7.395750 -5.123390 0.102480 0.009120 -0.007875 0.718534 0.695387
1718924412.199988127 -7.395750 -5.123390 0.102480 0.009120 -0.007875 0.718534 0.695387
1718924412.200239897 -7.395726 -5.123314 0.102487 0.009121 -0.007870 0.718527 0.695394
1718924412.205273628 -7.395257 -5.121797 0.102638 0.009174 -0.007759 0.718422 0.695503
1718924412.210218668 -7.394804 -5.120319 0.102802 0.009284 -0.007585 0.718355 0.695574
1718924412.215250731 -7.394357 -5.118831 0.102970 0.009455 -0.007327 0.718328 0.695602
1718924412.299968004 -7.388066 -5.094255 0.104375 0.014034 -0.006525 0.720182 0.693612
1718924412.299968004 -7.388066 -5.094255 0.104375 0.014034 -0.006525 0.720182 0.693612
1718924412.325246096 -7.386520 -5.087148 0.104431 0.015443 -0.006312 0.720743 0.693002
1718924412.330245256 -7.386232 -5.085754 0.104416 0.015723 -0.006255 0.720847 0.692887
1718924412.335246325 -7.385943 -5.084364 0.104396 0.015991 -0.006217 0.720954 0.692771
1718924412.340233564 -7.385651 -5.082980 0.104375 0.016208 -0.006211 0.721072 0.692643
1718924412.345248938 -7.385353 -5.081590 0.104361 0.016345 -0.006238 0.721204 0.692502
1718924412.350223064 -7.385056 -5.080213 0.104364 0.016387 -0.006272 0.721344 0.692354
1718924412.355241537 -7.384760 -5.078823 0.104389 0.016364 -0.006282 0.721490 0.692203
1718924412.360223055 -7.384475 -5.077441 0.104434 0.016309 -0.006259 0.721639 0.692049
1718924412.365240097 -7.384198 -5.076043 0.104494 0.016267 -0.006202 0.721794 0.691889
1718924412.370235682 -7.383933 -5.074644 0.104562 0.016269 -0.006121 0.721949 0.691728
1718924412.375236750 -7.383679 -5.073239 0.104632 0.016325 -0.006038 0.722110 0.691560
1718924412.380249977 -7.383435 -5.071827 0.104701 0.016433 -0.005969 0.722261 0.691400
1718924412.385226250 -7.383203 -5.070423 0.104763 0.016562 -0.005913 0.722403 0.691248
1718924412.390233040 -7.382982 -5.069009 0.104817 0.016680 -0.005886 0.722546 0.691097
1718924412.395222902 -7.382772 -5.067600 0.104862 0.016761 -0.005885 0.722683 0.690952
1718924412.399965048 -7.382583 -5.066262 0.104896 0.016803 -0.005878 0.722798 0.690830
1718924412.399965048 -7.382583 -5.066262 0.104896 0.016803 -0.005878 0.722798 0.690830
1718924412.400233984 -7.382572 -5.066186 0.104897 0.016805 -0.005877 0.722804 0.690823
1718924412.405220509 -7.382386 -5.064782 0.104927 0.016820 -0.005852 0.722911 0.690712
1718924412.410233736 -7.382211 -5.063368 0.104948 0.016820 -0.005813 0.723003 0.690615
1718924412.415231228 -7.382047 -5.061956 0.104963 0.016814 -0.005758 0.723081 0.690534
1718924412.465232134 -7.381450 -5.047735 0.104601 0.016151 -0.006239 0.722652 0.690996
1718924412.470234871 -7.381495 -5.046296 0.104504 0.016071 -0.006292 0.722596 0.691055
1718924412.475236416 -7.381560 -5.044854 0.104400 0.015970 -0.006378 0.722539 0.691116
1718924412.480249405 -7.381647 -5.043401 0.104292 0.015842 -0.006502 0.722482 0.691177
1718924412.485227346 -7.381755 -5.041953 0.104180 0.015694 -0.006653 0.722439 0.691224
1718924412.490231037 -7.381889 -5.040494 0.104061 0.015534 -0.006829 0.722404 0.691263
1718924412.495234966 -7.382047 -5.039031 0.103934 0.015365 -0.007004 0.722372 0.691298
1718924412.499943018 -7.382220 -5.037652 0.103805 0.015208 -0.007173 0.722352 0.691322
1718924412.499943018 -7.382220 -5.037652 0.103805 0.015208 -0.007173 0.722352 0.691322
1718924412.500214577 -7.382231 -5.037573 0.103797 0.015198 -0.007183 0.722350 0.691323
1718924412.505269051 -7.382443 -5.036089 0.103657 0.015021 -0.007373 0.722340 0.691335
1718924412.510217905 -7.382677 -5.034631 0.103508 0.014824 -0.007568 0.722341 0.691337
1718924412.515240669 -7.382944 -5.033146 0.103347 0.014597 -0.007788 0.722353 0.691326
1718924412.520244598 -7.383237 -5.031660 0.103178 0.014337 -0.008031 0.722376 0.691305
1718924412.525280952 -7.383562 -5.030158 0.102996 0.014046 -0.008296 0.722407 0.691276
1718924412.530231714 -7.383911 -5.028674 0.102806 0.013733 -0.008583 0.722451 0.691233
1718924412.535246849 -7.384295 -5.027161 0.102601 0.013394 -0.008898 0.722509 0.691175
1718924412.540228128 -7.384707 -5.025647 0.102384 0.013035 -0.009227 0.722572 0.691112
1718924412.545235634 -7.385151 -5.024110 0.102163 0.012714 -0.009542 0.722633 0.691049
1718924412.550221920 -7.385624 -5.022563 0.101962 0.012504 -0.009783 0.722681 0.691000
1718924412.555237293 -7.386123 -5.020992 0.101804 0.012428 -0.009911 0.722723 0.690955
1718924412.560229301 -7.386634 -5.019414 0.101711 0.012446 -0.009928 0.722762 0.690913
1718924412.565227032 -7.387146 -5.017822 0.101688 0.012503 -0.009887 0.722793 0.690880
1718924412.570225000 -7.387650 -5.016217 0.101721 0.012536 -0.009847 0.722815 0.690858
1718924412.575230122 -7.388138 -5.014598 0.101781 0.012521 -0.009857 0.722827 0.690845
1718924412.580222368 -7.388600 -5.012973 0.101835 0.012452 -0.009926 0.722834 0.690839
1718924412.585227489 -7.389033 -5.011336 0.101858 0.012342 -0.010042 0.722832 0.690841
1718924412.590223789 -7.389426 -5.009696 0.101835 0.012204 -0.010172 0.722818 0.690855
1718924412.595262289 -7.389781 -5.008037 0.101762 0.012074 -0.010278 0.722799 0.690877
1718924412.599993229 -7.390076 -5.006471 0.101660 0.012002 -0.010319 0.722776 0.690901
1718924412.599993229 -7.390076 -5.006471 0.101660 0.012002 -0.010319 0.722776 0.690901
1718924412.600222349 -7.390089 -5.006395 0.101654 0.011999 -0.010320 0.722775 0.690902
1718924412.605260372 -7.390361 -5.004722 0.101520 0.011987 -0.010300 0.722753 0.690926
1718924412.610225677 -7.390587 -5.003064 0.101390 0.012009 -0.010245 0.722734 0.690946
1718924412.615239143 -7.390773 -5.001383 0.101277 0.012025 -0.010209 0.722729 0.690952
1718924412.670275211 -7.391327 -4.982711 0.100526 0.011884 -0.010073 0.722689 0.690998
1718924412.699883938 -7.391029 -4.972636 0.100538 0.012552 -0.009719 0.722665 0.691016
1718924412.699883938 -7.391029 -4.972636 0.100538 0.012552 -0.009719 0.722665 0.691016
1718924412.700224876 -7.391027 -4.972521 0.100533 0.012560 -0.009715 0.722665 0.691016
1718924412.705219507 -7.390994 -4.970843 0.100429 0.012626 -0.009661 0.722663 0.691018
1718924412.710224867 -7.390968 -4.969165 0.100316 0.012655 -0.009623 0.722665 0.691016
1718924412.715224743 -7.390952 -4.967490 0.100198 0.012668 -0.009593 0.722670 0.691010
1718924412.720227480 -7.390950 -4.965813 0.100079 0.012691 -0.009548 0.722682 0.690998
1718924412.725254059 -7.390964 -4.964125 0.099962 0.012743 -0.009493 0.722700 0.690979
1718924412.730248451 -7.390995 -4.962447 0.099853 0.012809 -0.009442 0.722720 0.690958
1718924412.735235691 -7.391047 -4.960769 0.099749 0.012882 -0.009398 0.722738 0.690938
1718924412.740226030 -7.391119 -4.959091 0.099649 0.012951 -0.009367 0.722765 0.690909
1718924412.745229959 -7.391212 -4.957413 0.099549 0.013004 -0.009345 0.722796 0.690876
1718924412.750225782 -7.391326 -4.955745 0.099445 0.013033 -0.009325 0.722829 0.690841
1718924412.755274296 -7.391464 -4.954064 0.099333 0.013048 -0.009301 0.722865 0.690803
1718924412.760230780 -7.391620 -4.952418 0.099218 0.013051 -0.009272 0.722903 0.690764
1718924412.765262842 -7.391799 -4.950751 0.099094 0.013054 -0.009245 0.722933 0.690733
1718924412.770222425 -7.391995 -4.949111 0.098970 0.013058 -0.009222 0.722958 0.690707
1718924412.775224924 -7.392211 -4.947459 0.098844 0.013064 -0.009194 0.722989 0.690674
1718924412.780227423 -7.392444 -4.945808 0.098719 0.013065 -0.009182 0.723018 0.690644
1718924412.785231590 -7.392692 -4.944158 0.098597 0.013057 -0.009191 0.723040 0.690622
1718924412.790245295 -7.392953 -4.942508 0.098478 0.013038 -0.009217 0.723057 0.690603
1718924412.795260906 -7.393228 -4.940859 0.098364 0.013016 -0.009257 0.723072 0.690588
1718924412.799983025 -7.393498 -4.939309 0.098262 0.013007 -0.009285 0.723076 0.690584
1718924412.799983025 -7.393498 -4.939309 0.098262 0.013007 -0.009285 0.723076 0.690584
1718924412.800228834 -7.393512 -4.939228 0.098261 0.013007 -0.009286 0.723076 0.690584
1718924412.805221796 -7.393804 -4.937597 0.098251 0.013010 -0.009313 0.723068 0.690591
1718924412.810224056 -7.394103 -4.935966 0.098241 0.013024 -0.009344 0.723051 0.690608
1718924412.815230131 -7.394405 -4.934336 0.098232 0.013036 -0.009363 0.723026 0.690635
1718924412.860217571 -7.396653 -4.919953 0.097897 0.013010 -0.009568 0.722836 0.690831
1718924412.865248680 -7.396859 -4.918338 0.097856 0.013022 -0.009589 0.722824 0.690843
1718924412.870220184 -7.397051 -4.916746 0.097813 0.013023 -0.009612 0.722821 0.690846
1718924412.875250101 -7.397233 -4.915138 0.097770 0.013001 -0.009638 0.722825 0.690841
1718924412.880225897 -7.397400 -4.913550 0.097730 0.012962 -0.009659 0.722835 0.690832
1718924412.885261059 -7.397557 -4.911944 0.097692 0.012919 -0.009669 0.722854 0.690813
1718924412.890222788 -7.397700 -4.910362 0.097658 0.012870 -0.009674 0.722880 0.690786
1718924412.895217657 -7.397832 -4.908772 0.097624 0.012815 -0.009671 0.722902 0.690764
1718924412.900018930 -7.397949 -4.907246 0.097594 0.012776 -0.009666 0.722918 0.690748
1718924412.900018930 -7.397949 -4.907246 0.097594 0.012776 -0.009666 0.722918 0.690748
1718924412.900223732 -7.397954 -4.907182 0.097593 0.012774 -0.009666 0.722919 0.690747
1718924412.905227423 -7.398070 -4.905593 0.097578 0.012742 -0.009675 0.722926 0.690740
1718924412.910223484 -7.398179 -4.904011 0.097561 0.012714 -0.009697 0.722933 0.690733
1718924412.915228128 -7.398283 -4.902432 0.097544 0.012685 -0.009728 0.722936 0.690730
1718924412.920251131 -7.398384 -4.900852 0.097527 0.012661 -0.009751 0.722938 0.690728
1718924412.925262213 -7.398483 -4.899282 0.097511 0.012647 -0.009763 0.722926 0.690741
1718924412.930248499 -7.398582 -4.897727 0.097496 0.012635 -0.009758 0.722898 0.690770
1718924412.935267448 -7.398681 -4.896172 0.097483 0.012621 -0.009747 0.722868 0.690802
1718924412.940221310 -7.398779 -4.894645 0.097471 0.012605 -0.009724 0.722834 0.690839
1718924412.945269823 -7.398882 -4.893096 0.097460 0.012590 -0.009695 0.722797 0.690877
1718924412.950220823 -7.398985 -4.891581 0.097450 0.012576 -0.009675 0.722754 0.690923
1718924412.955273151 -7.399092 -4.890043 0.097437 0.012568 -0.009666 0.722711 0.690968
1718924412.960217953 -7.399200 -4.888545 0.097424 0.012548 -0.009667 0.722671 0.691010
1718924412.965281010 -7.399313 -4.887019 0.097411 0.012508 -0.009672 0.722622 0.691063
1718924412.970226288 -7.399429 -4.885536 0.097401 0.012455 -0.009682 0.722571 0.691117
1718924412.975233078 -7.399553 -4.884039 0.097395 0.012398 -0.009693 0.722521 0.691170
1718924412.980221510 -7.399684 -4.882553 0.097396 0.012345 -0.009703 0.722479 0.691214
1718924412.985271215 -7.399826 -4.881055 0.097405 0.012284 -0.009714 0.722440 0.691256
1718924412.990213871 -7.399973 -4.879593 0.097419 0.012225 -0.009724 0.722398 0.691301
1718924412.995227814 -7.400131 -4.878114 0.097435 0.012172 -0.009707 0.722360 0.691342
1718924413.000222921 -7.400299 -4.876649 0.097450 0.012120 -0.009671 0.722328 0.691377
1718924413.005247593 -7.400475 -4.875185 0.097461 0.012055 -0.009625 0.722296 0.691412
1718924413.010222673 -7.400656 -4.873742 0.097471 0.011978 -0.009585 0.722261 0.691450
1718924413.040230036 -7.401862 -4.865139 0.097547 0.011625 -0.009640 0.722080 0.691644
1718924413.045292616 -7.402079 -4.863689 0.097522 0.011589 -0.009633 0.722040 0.691687
1718924413.050248146 -7.402294 -4.862270 0.097495 0.011571 -0.009617 0.721996 0.691733
1718924413.055217266 -7.402511 -4.860848 0.097469 0.011565 -0.009595 0.721957 0.691775
1718924413.060228109 -7.402729 -4.859414 0.097446 0.011557 -0.009571 0.721912 0.691822
1718924413.065222740 -7.402946 -4.857986 0.097427 0.011547 -0.009543 0.721864 0.691873
1718924413.070210218 -7.403159 -4.856560 0.097409 0.011537 -0.009518 0.721812 0.691927
1718924413.075231791 -7.403368 -4.855123 0.097391 0.011514 -0.009500 0.721751 0.691992
1718924413.080230713 -7.403570 -4.853690 0.097371 0.011478 -0.009497 0.721689 0.692057
1718924413.085247993 -7.403765 -4.852249 0.097346 0.011428 -0.009507 0.721635 0.692114
1718924413.090219021 -7.403951 -4.850819 0.097316 0.011380 -0.009513 0.721587 0.692164
1718924413.095273256 -7.404134 -4.849361 0.097279 0.011341 -0.009505 0.721542 0.692213
1718924413.099995852 -7.404297 -4.847998 0.097240 0.011310 -0.009485 0.721499 0.692258
1718924413.099995852 -7.404297 -4.847998 0.097240 0.011310 -0.009485 0.721499 0.692258
1718924413.100229740 -7.404305 -4.847931 0.097238 0.011309 -0.009484 0.721497 0.692261
1718924413.105239630 -7.404468 -4.846489 0.097195 0.011287 -0.009455 0.721453 0.692307
1718924413.110221148 -7.404622 -4.845052 0.097152 0.011277 -0.009434 0.721415 0.692347
1718924413.115232944 -7.404770 -4.843601 0.097111 0.011266 -0.009413 0.721381 0.692383
1718924413.160236835 -7.405607 -4.830909 0.096612 0.011344 -0.008216 0.721413 0.692363
1718924413.165234327 -7.405660 -4.829487 0.096630 0.011347 -0.008095 0.721428 0.692349
1718924413.170241594 -7.405703 -4.828067 0.096660 0.011339 -0.007982 0.721447 0.692331
1718924413.175231934 -7.405738 -4.826660 0.096703 0.011329 -0.007868 0.721467 0.692311
1718924413.180226088 -7.405766 -4.825259 0.096757 0.011312 -0.007761 0.721497 0.692281
1718924413.185239315 -7.405787 -4.823862 0.096822 0.011282 -0.007658 0.721537 0.692241
1718924413.190240145 -7.405802 -4.822477 0.096892 0.011245 -0.007560 0.721579 0.692200
1718924413.195245266 -7.405811 -4.821098 0.096964 0.011207 -0.007460 0.721633 0.692144
1718924413.199993849 -7.405816 -4.819797 0.097028 0.011176 -0.007364 0.721700 0.692077
1718924413.199993849 -7.405816 -4.819797 0.097028 0.011176 -0.007364 0.721700 0.692077
1718924413.200230598 -7.405816 -4.819732 0.097032 0.011174 -0.007359 0.721703 0.692073
1718924413.205235481 -7.405819 -4.818365 0.097115 0.011148 -0.007249 0.721785 0.691990
1718924413.210230112 -7.405821 -4.817008 0.097188 0.011134 -0.007134 0.721875 0.691897
1718924413.215242624 -7.405822 -4.815651 0.097250 0.011134 -0.007027 0.721963 0.691806
1718924413.220252275 -7.405822 -4.814299 0.097301 0.011139 -0.006933 0.722054 0.691713
1718924413.225237846 -7.405820 -4.812956 0.097344 0.011154 -0.006855 0.722149 0.691614
1718924413.230247974 -7.405820 -4.811610 0.097378 0.011171 -0.006790 0.722246 0.691513
1718924413.235239267 -7.405822 -4.810274 0.097407 0.011182 -0.006742 0.722342 0.691413
1718924413.240233898 -7.405825 -4.808941 0.097433 0.011203 -0.006707 0.722432 0.691319
1718924413.245271921 -7.405831 -4.807600 0.097458 0.011239 -0.006678 0.722523 0.691223
1718924413.250228643 -7.405840 -4.806282 0.097480 0.011290 -0.006657 0.722612 0.691130
1718924413.255226851 -7.405855 -4.804955 0.097502 0.011359 -0.006631 0.722701 0.691036
1718924413.260230064 -7.405874 -4.803628 0.097522 0.011439 -0.006598 0.722790 0.690941
1718924413.265293121 -7.405898 -4.802287 0.097540 0.011526 -0.006560 0.722877 0.690849
1718924413.270237446 -7.405925 -4.800978 0.097554 0.011614 -0.006522 0.722957 0.690765
1718924413.275243759 -7.405956 -4.799652 0.097562 0.011706 -0.006490 0.723042 0.690675
1718924413.280228376 -7.405988 -4.798332 0.097563 0.011796 -0.006464 0.723138 0.690573
1718924413.285248280 -7.406020 -4.797003 0.097556 0.011880 -0.006439 0.723231 0.690474
1718924413.290270805 -7.406052 -4.795672 0.097541 0.011969 -0.006421 0.723329 0.690369
1718924413.295272589 -7.406082 -4.794343 0.097518 0.012075 -0.006412 0.723437 0.690255
1718924413.299993992 -7.406107 -4.793087 0.097492 0.012179 -0.006414 0.723542 0.690143
1718924413.299993992 -7.406107 -4.793087 0.097492 0.012179 -0.006414 0.723542 0.690143
1718924413.300218821 -7.406108 -4.793027 0.097491 0.012184 -0.006414 0.723547 0.690138
1718924413.305236340 -7.406131 -4.791695 0.097471 0.012305 -0.006425 0.723662 0.690015
1718924413.310228109 -7.406150 -4.790372 0.097451 0.012454 -0.006439 0.723785 0.689883
1718924413.330237389 -7.406103 -4.785050 0.097364 0.013289 -0.006705 0.724449 0.689168
1718924413.335221529 -7.406066 -4.783715 0.097319 0.013459 -0.006780 0.724609 0.688995
1718924413.340230465 -7.406016 -4.782369 0.097279 0.013546 -0.006866 0.724772 0.688821
1718924413.345231056 -7.405958 -4.781019 0.097257 0.013536 -0.006951 0.724927 0.688657
1718924413.350236654 -7.405895 -4.779658 0.097263 0.013450 -0.007008 0.725061 0.688518
1718924413.355222225 -7.405836 -4.778293 0.097299 0.013351 -0.007011 0.725180 0.688394
1718924413.360207796 -7.405784 -4.776921 0.097361 0.013287 -0.006945 0.725278 0.688293
1718924413.365220070 -7.405738 -4.775540 0.097441 0.013268 -0.006837 0.725356 0.688212
1718924413.370210409 -7.405698 -4.774165 0.097529 0.013302 -0.006722 0.725420 0.688145
1718924413.375222445 -7.405666 -4.772786 0.097616 0.013363 -0.006627 0.725471 0.688091
1718924413.380218744 -7.405644 -4.771415 0.097692 0.013416 -0.006580 0.725515 0.688044
1718924413.385226488 -7.405631 -4.770044 0.097753 0.013441 -0.006586 0.725541 0.688016
1718924413.390218258 -7.405627 -4.768682 0.097793 0.013427 -0.006650 0.725552 0.688005
1718924413.395223856 -7.405633 -4.767320 0.097813 0.013382 -0.006744 0.725544 0.688013
1718924413.399981022 -7.405650 -4.766026 0.097815 0.013333 -0.006825 0.725528 0.688029
1718924413.399981022 -7.405650 -4.766026 0.097815 0.013333 -0.006825 0.725528 0.688029
1718924413.400219917 -7.405652 -4.765961 0.097815 0.013330 -0.006829 0.725527 0.688030
1718924413.405206919 -7.405689 -4.764603 0.097807 0.013303 -0.006883 0.725504 0.688055
1718924413.410220623 -7.405742 -4.763234 0.097798 0.013298 -0.006899 0.725470 0.688090
1718924413.415218353 -7.405811 -4.761866 0.097797 0.013309 -0.006889 0.725425 0.688138
1718924413.465230227 -7.406996 -4.747958 0.097444 0.013060 -0.007967 0.724617 0.688982
1718924413.470213890 -7.407155 -4.746545 0.097409 0.013023 -0.008093 0.724530 0.689073
1718924413.475227356 -7.407324 -4.745118 0.097376 0.012977 -0.008230 0.724437 0.689169
1718924413.480216265 -7.407499 -4.743695 0.097347 0.012935 -0.008371 0.724339 0.689272
1718924413.485245228 -7.407684 -4.742258 0.097320 0.012899 -0.008518 0.724245 0.689370
1718924413.490224123 -7.407873 -4.740831 0.097297 0.012867 -0.008661 0.724149 0.689470
1718924413.495229006 -7.408068 -4.739393 0.097274 0.012835 -0.008809 0.724049 0.689572
1718924413.499966860 -7.408257 -4.738029 0.097250 0.012790 -0.008956 0.723953 0.689673
1718924413.499966860 -7.408257 -4.738029 0.097250 0.012790 -0.008956 0.723953 0.689673
1718924413.500242233 -7.408268 -4.737949 0.097249 0.012788 -0.008964 0.723947 0.689679
1718924413.505231380 -7.408472 -4.736512 0.097239 0.012733 -0.009130 0.723838 0.689792
1718924413.510228872 -7.408682 -4.735070 0.097225 0.012664 -0.009313 0.723724 0.689910
1718924413.515250444 -7.408897 -4.733617 0.097208 0.012581 -0.009517 0.723609 0.690030
1718924413.520247221 -7.409117 -4.732169 0.097188 0.012495 -0.009737 0.723489 0.690154
1718924413.525222301 -7.409343 -4.730723 0.097164 0.012418 -0.009964 0.723370 0.690277
1718924413.530248880 -7.409577 -4.729261 0.097137 0.012356 -0.010186 0.723238 0.690413
1718924413.535230398 -7.409816 -4.727809 0.097107 0.012313 -0.010382 0.723093 0.690563
1718924413.540224791 -7.410063 -4.726350 0.097076 0.012287 -0.010538 0.722951 0.690710
1718924413.545246840 -7.410315 -4.724877 0.097051 0.012277 -0.010622 0.722816 0.690849
1718924413.550211191 -7.410564 -4.723416 0.097041 0.012272 -0.010627 0.722678 0.690994
1718924413.555282116 -7.410816 -4.721918 0.097049 0.012269 -0.010573 0.722535 0.691145
1718924413.560218573 -7.411056 -4.720456 0.097075 0.012267 -0.010502 0.722403 0.691283
1718924413.565227032 -7.411290 -4.718969 0.097115 0.012255 -0.010468 0.722272 0.691422
1718924413.570224762 -7.411510 -4.717481 0.097160 0.012239 -0.010498 0.722147 0.691552
1718924413.575219631 -7.411716 -4.715991 0.097201 0.012228 -0.010576 0.722025 0.691678
1718924413.580239534 -7.411907 -4.714492 0.097233 0.012225 -0.010669 0.721916 0.691790
1718924413.585219145 -7.412079 -4.713005 0.097253 0.012238 -0.010740 0.721831 0.691878
1718924413.590219259 -7.412235 -4.711513 0.097262 0.012256 -0.010766 0.721757 0.691954
1718924413.595221043 -7.412373 -4.710019 0.097267 0.012267 -0.010744 0.721694 0.692021
1718924413.599988937 -7.412486 -4.708593 0.097275 0.012265 -0.010704 0.721645 0.692072
1718924413.599988937 -7.412486 -4.708593 0.097275 0.012265 -0.010704 0.721645 0.692072
1718924413.600235462 -7.412492 -4.708519 0.097276 0.012265 -0.010702 0.721642 0.692075
1718924413.605215073 -7.412592 -4.707026 0.097301 0.012250 -0.010653 0.721608 0.692112
1718924413.610220671 -7.412675 -4.705520 0.097337 0.012239 -0.010620 0.721588 0.692133
1718924413.615215302 -7.412742 -4.704012 0.097378 0.012250 -0.010596 0.721576 0.692146
1718924413.660207033 -7.412881 -4.690390 0.098107 0.012137 -0.010642 0.721409 0.692321
1718924413.665256977 -7.412850 -4.688853 0.098215 0.012144 -0.010643 0.721393 0.692337
1718924413.670209408 -7.412817 -4.687346 0.098321 0.012168 -0.010636 0.721379 0.692352
1718924413.675211191 -7.412782 -4.685826 0.098426 0.012194 -0.010627 0.721363 0.692369
1718924413.680227518 -7.412746 -4.684303 0.098527 0.012210 -0.010622 0.721350 0.692382
1718924413.685215473 -7.412714 -4.682789 0.098622 0.012217 -0.010622 0.721330 0.692402
1718924413.690217972 -7.412686 -4.681271 0.098715 0.012228 -0.010618 0.721307 0.692427
1718924413.695203066 -7.412666 -4.679760 0.098806 0.012244 -0.010609 0.721284 0.692450
1718924413.699962854 -7.412654 -4.678320 0.098894 0.012278 -0.010592 0.721264 0.692470
1718924413.699962854 -7.412654 -4.678320 0.098894 0.012278 -0.010592 0.721264 0.692470
1718924413.700219631 -7.412654 -4.678242 0.098900 0.012280 -0.010591 0.721263 0.692471
1718924413.705219507 -7.412652 -4.676733 0.099007 0.012325 -0.010560 0.721243 0.692492
1718924413.710218430 -7.412658 -4.675227 0.099119 0.012371 -0.010540 0.721223 0.692513
1718924413.715204239 -7.412673 -4.673728 0.099233 0.012409 -0.010529 0.721198 0.692537
1718924413.720226765 -7.412701 -4.672223 0.099350 0.012433 -0.010530 0.721179 0.692557
1718924413.725227833 -7.412740 -4.670726 0.099465 0.012428 -0.010542 0.721159 0.692578
1718924413.730251074 -7.412792 -4.669224 0.099577 0.012417 -0.010552 0.721142 0.692596
1718924413.735276222 -7.412857 -4.667720 0.099685 0.012400 -0.010547 0.721130 0.692608
1718924413.740296125 -7.412935 -4.666217 0.099788 0.012388 -0.010533 0.721124 0.692615
1718924413.745333910 -7.413027 -4.664707 0.099886 0.012382 -0.010511 0.721126 0.692614
1718924413.750263929 -7.413128 -4.663225 0.099978 0.012390 -0.010483 0.721137 0.692602
1718924413.755229950 -7.413240 -4.661729 0.100068 0.012399 -0.010462 0.721151 0.692588
1718924413.760222912 -7.413361 -4.660223 0.100157 0.012405 -0.010455 0.721167 0.692571
1718924413.765253544 -7.413491 -4.658703 0.100248 0.012411 -0.010460 0.721190 0.692547
1718924413.770257235 -7.413626 -4.657190 0.100342 0.012411 -0.010475 0.721222 0.692514
1718924413.775249004 -7.413765 -4.655677 0.100437 0.012399 -0.010505 0.721259 0.692475
1718924413.780261993 -7.413910 -4.654156 0.100536 0.012379 -0.010525 0.721296 0.692436
1718924413.785271168 -7.414057 -4.652636 0.100635 0.012360 -0.010536 0.721333 0.692398
1718924413.790276289 -7.414207 -4.651117 0.100736 0.012344 -0.010545 0.721371 0.692359
1718924413.795269728 -7.414356 -4.649598 0.100838 0.012323 -0.010554 0.721400 0.692328
1718924413.799989939 -7.414497 -4.648160 0.100937 0.012297 -0.010571 0.721427 0.692300
1718924413.799989939 -7.414497 -4.648160 0.100937 0.012297 -0.010571 0.721427 0.692300
1718924413.800228357 -7.414504 -4.648088 0.100943 0.012296 -0.010572 0.721429 0.692299
1718924413.805217505 -7.414651 -4.646571 0.101062 0.012264 -0.010604 0.721453 0.692274
1718924413.810227156 -7.414796 -4.645048 0.101182 0.012231 -0.010647 0.721476 0.692249
1718924413.815220356 -7.414939 -4.643532 0.101303 0.012199 -0.010686 0.721491 0.692234
1718924413.860209942 -7.416084 -4.630008 0.102133 0.011818 -0.011019 0.721275 0.692460
1718924413.865261555 -7.416199 -4.628461 0.102201 0.011787 -0.011054 0.721253 0.692483
1718924413.870223522 -7.416309 -4.626940 0.102259 0.011768 -0.011074 0.721234 0.692503
1718924413.875219584 -7.416419 -4.625409 0.102311 0.011752 -0.011094 0.721211 0.692526
1718924413.880230188 -7.416528 -4.623871 0.102359 0.011748 -0.011107 0.721198 0.692540
1718924413.885207415 -7.416633 -4.622342 0.102407 0.011752 -0.011123 0.721187 0.692552
1718924413.890212774 -7.416738 -4.620803 0.102460 0.011764 -0.011142 0.721169 0.692570
1718924413.895211935 -7.416839 -4.619267 0.102520 0.011780 -0.011155 0.721155 0.692584
1718924413.900002956 -7.416933 -4.617795 0.102584 0.011792 -0.011169 0.721144 0.692595
1718924413.900002956 -7.416933 -4.617795 0.102584 0.011792 -0.011169 0.721144 0.692595
1718924413.900214195 -7.416937 -4.617730 0.102588 0.011792 -0.011170 0.721143 0.692596
1718924413.905209780 -7.417034 -4.616196 0.102682 0.011804 -0.011177 0.721139 0.692599
1718924413.910256147 -7.417127 -4.614646 0.102779 0.011810 -0.011185 0.721149 0.692589
1718924413.915289640 -7.417217 -4.613102 0.102875 0.011805 -0.011190 0.721161 0.692577
1718924413.920232773 -7.417302 -4.611585 0.102965 0.011798 -0.011188 0.721170 0.692568
1718924413.925226688 -7.417385 -4.610051 0.103051 0.011791 -0.011186 0.721177 0.692560
1718924413.930229902 -7.417465 -4.608511 0.103131 0.011791 -0.011185 0.721181 0.692556
1718924413.935225964 -7.417542 -4.606971 0.103207 0.011796 -0.011184 0.721178 0.692559
1718924413.940207481 -7.417614 -4.605435 0.103282 0.011820 -0.011175 0.721181 0.692556
1718924413.945222139 -7.417684 -4.603888 0.103360 0.011854 -0.011168 0.721185 0.692551
1718924413.950215340 -7.417749 -4.602347 0.103443 0.011872 -0.011155 0.721191 0.692544
1718924413.955220461 -7.417812 -4.600804 0.103535 0.011882 -0.011152 0.721202 0.692533
1718924413.960206747 -7.417872 -4.599270 0.103632 0.011890 -0.011147 0.721222 0.692513
1718924413.965270996 -7.417931 -4.597716 0.103735 0.011892 -0.011144 0.721245 0.692488
1718924413.970206499 -7.417988 -4.596202 0.103836 0.011893 -0.011142 0.721261 0.692471
1718924413.975278616 -7.418046 -4.594647 0.103936 0.011893 -0.011141 0.721280 0.692452
1718924413.980241299 -7.418104 -4.593128 0.104025 0.011893 -0.011140 0.721302 0.692429
1718924413.985242605 -7.418163 -4.591597 0.104104 0.011897 -0.011134 0.721328 0.692402
1718924413.990261078 -7.418224 -4.590061 0.104175 0.011904 -0.011126 0.721355 0.692374
1718924413.995203495 -7.418287 -4.588546 0.104239 0.011903 -0.011119 0.721377 0.692351
1718924414.000216246 -7.418351 -4.587009 0.104303 0.011902 -0.011112 0.721393 0.692334
1718924414.005242825 -7.418419 -4.585467 0.104369 0.011914 -0.011103 0.721407 0.692320
1718924414.010255337 -7.418490 -4.583928 0.104441 0.011940 -0.011088 0.721419 0.692307
1718924414.040205479 -7.418989 -4.574745 0.104890 0.011868 -0.011122 0.721464 0.692261
1718924414.045230150 -7.419080 -4.573196 0.104916 0.011852 -0.011128 0.721467 0.692258
1718924414.050214291 -7.419172 -4.571658 0.104933 0.011841 -0.011134 0.721455 0.692271
1718924414.055259466 -7.419268 -4.570098 0.104947 0.011845 -0.011132 0.721437 0.692289
1718924414.060221910 -7.419364 -4.568561 0.104959 0.011859 -0.011120 0.721412 0.692316
1718924414.065271616 -7.419462 -4.566995 0.104976 0.011872 -0.011107 0.721387 0.692341
1718924414.070221186 -7.419559 -4.565459 0.105001 0.011889 -0.011095 0.721362 0.692367
1718924414.075240374 -7.419658 -4.563902 0.105035 0.011906 -0.011087 0.721344 0.692386
1718924414.080215454 -7.419756 -4.562358 0.105076 0.011922 -0.011094 0.721330 0.692400
1718924414.085200787 -7.419854 -4.560813 0.105123 0.011932 -0.011103 0.721320 0.692411
1718924414.090214014 -7.419953 -4.559262 0.105169 0.011932 -0.011113 0.721306 0.692425
1718924414.095210791 -7.420051 -4.557719 0.105210 0.011926 -0.011117 0.721295 0.692436
1718924414.099979162 -7.420145 -4.556247 0.105244 0.011918 -0.011122 0.721296 0.692435
1718924414.099979162 -7.420145 -4.556247 0.105244 0.011918 -0.011122 0.721296 0.692435
1718924414.100214958 -7.420150 -4.556174 0.105246 0.011918 -0.011122 0.721296 0.692435
1718924414.105209589 -7.420245 -4.554636 0.105294 0.011908 -0.011138 0.721300 0.692431
1718924414.110209703 -7.420340 -4.553093 0.105338 0.011894 -0.011163 0.721303 0.692428
1718924414.115234137 -7.420436 -4.551541 0.105381 0.011873 -0.011201 0.721309 0.692421
1718924414.150213242 -7.421129 -4.540998 0.105721 0.011730 -0.011263 0.721398 0.692329
1718924414.155220747 -7.421237 -4.539492 0.105775 0.011687 -0.011290 0.721410 0.692317
1718924414.160206079 -7.421347 -4.537997 0.105827 0.011640 -0.011324 0.721419 0.692309
1718924414.165223837 -7.421461 -4.536497 0.105875 0.011596 -0.011368 0.721418 0.692309
1718924414.170252562 -7.421578 -4.534999 0.105919 0.011553 -0.011412 0.721406 0.692322
1718924414.175274372 -7.421698 -4.533507 0.105960 0.011510 -0.011458 0.721389 0.692340
1718924414.180223465 -7.421821 -4.532041 0.106001 0.011480 -0.011497 0.721374 0.692356
1718924414.185277700 -7.421952 -4.530546 0.106048 0.011458 -0.011530 0.721352 0.692378
1718924414.190221786 -7.422084 -4.529085 0.106102 0.011443 -0.011562 0.721329 0.692401
1718924414.195232153 -7.422220 -4.527611 0.106167 0.011421 -0.011585 0.721302 0.692430
1718924414.199981213 -7.422353 -4.526221 0.106236 0.011387 -0.011606 0.721273 0.692460
1718924414.199981213 -7.422353 -4.526221 0.106236 0.011387 -0.011606 0.721273 0.692460
1718924414.200231075 -7.422360 -4.526148 0.106241 0.011385 -0.011608 0.721272 0.692461
1718924414.205220461 -7.422503 -4.524696 0.106340 0.011325 -0.011631 0.721248 0.692487
1718924414.210227013 -7.422649 -4.523248 0.106447 0.011242 -0.011655 0.721221 0.692516
1718924414.215234041 -7.422798 -4.521805 0.106557 0.011150 -0.011683 0.721188 0.692551
1718924414.220231533 -7.422950 -4.520368 0.106667 0.011055 -0.011716 0.721166 0.692575
1718924414.225286245 -7.423108 -4.518919 0.106777 0.010958 -0.011758 0.721152 0.692590
1718924414.230229855 -7.423265 -4.517505 0.106880 0.010868 -0.011802 0.721136 0.692608
1718924414.235283852 -7.423430 -4.516062 0.106978 0.010796 -0.011837 0.721114 0.692631
1718924414.240237713 -7.423598 -4.514652 0.107066 0.010751 -0.011858 0.721089 0.692658
1718924414.245275974 -7.423769 -4.513225 0.107149 0.010700 -0.011869 0.721063 0.692685
1718924414.250271320 -7.423940 -4.511817 0.107229 0.010640 -0.011882 0.721031 0.692719
1718924414.255228758 -7.424110 -4.510427 0.107310 0.010584 -0.011893 0.720998 0.692754
1718924414.260230303 -7.424284 -4.509029 0.107397 0.010538 -0.011887 0.720957 0.692797
1718924414.265224695 -7.424459 -4.507638 0.107489 0.010500 -0.011873 0.720905 0.692853
1718924414.270227432 -7.424635 -4.506249 0.107586 0.010469 -0.011854 0.720844 0.692917
1718924414.275231123 -7.424812 -4.504863 0.107686 0.010442 -0.011840 0.720768 0.692997
1718924414.280227184 -7.424986 -4.503483 0.107785 0.010401 -0.011825 0.720679 0.693090
1718924414.285238981 -7.425160 -4.502102 0.107879 0.010353 -0.011823 0.720586 0.693188
1718924414.290269136 -7.425332 -4.500719 0.107967 0.010292 -0.011820 0.720485 0.693293
1718924414.295267582 -7.425502 -4.499346 0.108046 0.010230 -0.011814 0.720379 0.693405
1718924414.299987316 -7.425662 -4.498049 0.108116 0.010176 -0.011810 0.720265 0.693524
1718924414.299987316 -7.425662 -4.498049 0.108116 0.010176 -0.011810 0.720265 0.693524
1718924414.300232649 -7.425671 -4.497982 0.108120 0.010173 -0.011810 0.720259 0.693530
1718924414.305268049 -7.425840 -4.496598 0.108203 0.010120 -0.011808 0.720131 0.693664
1718924414.310219526 -7.426005 -4.495233 0.108287 0.010069 -0.011815 0.720011 0.693789
1718924414.315239906 -7.426170 -4.493842 0.108376 0.010019 -0.011833 0.719889 0.693916
1718924414.365276337 -7.427359 -4.479836 0.109306 0.010250 -0.011454 0.719544 0.694277
1718924414.370281935 -7.427434 -4.478391 0.109398 0.010262 -0.011435 0.719528 0.694294
1718924414.395267248 -7.427654 -4.471209 0.109888 0.010316 -0.011474 0.719565 0.694254
1718924414.400004864 -7.427669 -4.469843 0.109984 0.010319 -0.011478 0.719575 0.694244
1718924414.400004864 -7.427669 -4.469843 0.109984 0.010319 -0.011478 0.719575 0.694244
1718924414.400231123 -7.427670 -4.469778 0.109990 0.010319 -0.011478 0.719575 0.694243
1718924414.405218840 -7.427678 -4.468341 0.110114 0.010319 -0.011480 0.719585 0.694233
1718924414.410230160 -7.427679 -4.466896 0.110234 0.010330 -0.011483 0.719596 0.694221
1718924414.415253162 -7.427673 -4.465447 0.110350 0.010352 -0.011491 0.719610 0.694206
1718924414.420247316 -7.427661 -4.464006 0.110460 0.010374 -0.011499 0.719631 0.694184
1718924414.425286055 -7.427643 -4.462551 0.110564 0.010401 -0.011496 0.719653 0.694161
1718924414.430228472 -7.427620 -4.461123 0.110660 0.010437 -0.011480 0.719672 0.694141
1718924414.435219526 -7.427593 -4.459680 0.110755 0.010483 -0.011468 0.719681 0.694131
1718924414.440280437 -7.427560 -4.458216 0.110851 0.010535 -0.011454 0.719700 0.694111
1718924414.445240498 -7.427524 -4.456781 0.110951 0.010604 -0.011433 0.719725 0.694084
1718924414.450222254 -7.427484 -4.455340 0.111058 0.010676 -0.011415 0.719750 0.694057
1718924414.455280066 -7.427440 -4.453877 0.111175 0.010750 -0.011402 0.719773 0.694033
1718924414.460239649 -7.427395 -4.452445 0.111294 0.010811 -0.011391 0.719791 0.694014
1718924414.465233326 -7.427349 -4.451004 0.111414 0.010869 -0.011381 0.719818 0.693985
1718924414.470233917 -7.427300 -4.449564 0.111529 0.010928 -0.011367 0.719857 0.693944
1718924414.475247145 -7.427251 -4.448122 0.111634 0.010990 -0.011338 0.719898 0.693900
1718924414.480243921 -7.427203 -4.446685 0.111726 0.011055 -0.011302 0.719947 0.693849
1718924414.485229969 -7.427155 -4.445251 0.111804 0.011134 -0.011258 0.720000 0.693793
1718924414.490266800 -7.427108 -4.443801 0.111873 0.011227 -0.011211 0.720053 0.693738
1718924414.495226383 -7.427060 -4.442371 0.111933 0.011330 -0.011171 0.720110 0.693678
1718924414.500232935 -7.427011 -4.440928 0.111990 0.011448 -0.011140 0.720175 0.693608
1718924414.505227327 -7.426961 -4.439488 0.112049 0.011580 -0.011110 0.720249 0.693530
1718924414.510220289 -7.426910 -4.438048 0.112111 0.011731 -0.011074 0.720329 0.693445
1718924414.540231466 -7.426480 -4.429519 0.112458 0.012764 -0.010617 0.720855 0.692887
1718924414.545235157 -7.426378 -4.428111 0.112451 0.012949 -0.010535 0.720946 0.692790
1718924414.550234556 -7.426268 -4.426709 0.112434 0.013147 -0.010439 0.721041 0.692689
1718924414.555252552 -7.426147 -4.425307 0.112412 0.013331 -0.010338 0.721135 0.692590
1718924414.560234785 -7.426014 -4.423922 0.112398 0.013449 -0.010253 0.721224 0.692495
1718924414.565244436 -7.425867 -4.422533 0.112404 0.013485 -0.010176 0.721301 0.692415
1718924414.570233822 -7.425712 -4.421151 0.112438 0.013473 -0.010106 0.721376 0.692339
1718924414.575233936 -7.425549 -4.419762 0.112504 0.013443 -0.010044 0.721439 0.692275
1718924414.580250978 -7.425380 -4.418366 0.112600 0.013429 -0.009987 0.721484 0.692229
1718924414.585231781 -7.425209 -4.416978 0.112715 0.013460 -0.009926 0.721509 0.692203
1718924414.590236187 -7.425037 -4.415584 0.112836 0.013536 -0.009859 0.721516 0.692195
1718924414.595218658 -7.424864 -4.414196 0.112949 0.013623 -0.009808 0.721508 0.692202
1718924414.599958181 -7.424702 -4.412879 0.113042 0.013681 -0.009788 0.721488 0.692222
1718924414.599958181 -7.424702 -4.412879 0.113042 0.013681 -0.009788 0.721488 0.692222
1718924414.600230694 -7.424692 -4.412803 0.113048 0.013685 -0.009786 0.721487 0.692223
1718924414.605227232 -7.424526 -4.411423 0.113150 0.013711 -0.009801 0.721463 0.692248
1718924414.610223293 -7.424369 -4.410045 0.113239 0.013683 -0.009857 0.721434 0.692278
1718924414.615305901 -7.424221 -4.408646 0.113324 0.013613 -0.009948 0.721399 0.692314
1718924414.655231476 -7.423835 -4.397802 0.113572 0.013443 -0.010171 0.721491 0.692218
1718924414.660273314 -7.423877 -4.396411 0.113546 0.013397 -0.010221 0.721511 0.692198
1718924414.665279388 -7.423938 -4.395027 0.113506 0.013343 -0.010273 0.721536 0.692172
1718924414.670233727 -7.424016 -4.393654 0.113456 0.013298 -0.010319 0.721562 0.692145
1718924414.675275087 -7.424113 -4.392251 0.113399 0.013278 -0.010357 0.721597 0.692109
1718924414.680240631 -7.424223 -4.390864 0.113342 0.013288 -0.010382 0.721633 0.692071
1718924414.685267687 -7.424346 -4.389454 0.113292 0.013301 -0.010413 0.721673 0.692028
1718924414.690228939 -7.424475 -4.388054 0.113255 0.013305 -0.010460 0.721708 0.691991
1718924414.695271492 -7.424610 -4.386627 0.113230 0.013297 -0.010512 0.721741 0.691956
1718924414.699901342 -7.424736 -4.385313 0.113217 0.013288 -0.010555 0.721765 0.691930
1718924414.699901342 -7.424736 -4.385313 0.113217 0.013288 -0.010555 0.721765 0.691930
1718924414.700260401 -7.424746 -4.385211 0.113218 0.013287 -0.010558 0.721767 0.691928
1718924414.705253839 -7.424880 -4.383787 0.113231 0.013272 -0.010589 0.721784 0.691911
1718924414.710232735 -7.425007 -4.382363 0.113246 0.013249 -0.010610 0.721787 0.691907
1718924414.715272665 -7.425127 -4.380917 0.113259 0.013223 -0.010625 0.721784 0.691910
1718924414.720247746 -7.425236 -4.379485 0.113267 0.013204 -0.010641 0.721782 0.691913
1718924414.725235701 -7.425333 -4.378045 0.113270 0.013189 -0.010661 0.721784 0.691911
1718924414.730286837 -7.425417 -4.376583 0.113267 0.013171 -0.010691 0.721784 0.691911
1718924414.735256910 -7.425485 -4.375140 0.113261 0.013144 -0.010727 0.721778 0.691917
1718924414.740243673 -7.425538 -4.373688 0.113253 0.013115 -0.010761 0.721776 0.691919
1718924414.745226860 -7.425576 -4.372235 0.113244 0.013087 -0.010790 0.721778 0.691917
1718924414.750233889 -7.425599 -4.370772 0.113236 0.013067 -0.010806 0.721779 0.691916
1718924414.755276680 -7.425606 -4.369297 0.113232 0.013056 -0.010805 0.721784 0.691911
1718924414.760231018 -7.425598 -4.367846 0.113234 0.013053 -0.010792 0.721791 0.691904
1718924414.765231848 -7.425574 -4.366381 0.113241 0.013057 -0.010775 0.721798 0.691896
1718924414.770224571 -7.425535 -4.364919 0.113252 0.013063 -0.010763 0.721808 0.691887
1718924414.775255203 -7.425480 -4.363448 0.113266 0.013067 -0.010759 0.721822 0.691872
1718924414.780239582 -7.425410 -4.361991 0.113279 0.013057 -0.010757 0.721835 0.691858
1718924414.785233259 -7.425328 -4.360532 0.113288 0.013041 -0.010753 0.721847 0.691846
1718924414.790218830 -7.425235 -4.359075 0.113292 0.013020 -0.010748 0.721862 0.691831
1718924414.795234680 -7.425134 -4.357609 0.113288 0.012999 -0.010739 0.721875 0.691818
1718924414.799990177 -7.425031 -4.356218 0.113280 0.012998 -0.010716 0.721885 0.691808
1718924414.799990177 -7.425031 -4.356218 0.113280 0.012998 -0.010716 0.721885 0.691808
1718924414.800226688 -7.425025 -4.356149 0.113280 0.012998 -0.010715 0.721885 0.691808
1718924414.805273533 -7.424908 -4.354674 0.113280 0.013022 -0.010677 0.721894 0.691799
1718924414.810224771 -7.424788 -4.353224 0.113281 0.013055 -0.010644 0.721894 0.691799
1718924414.860244989 -7.423908 -4.338894 0.113070 0.013060 -0.010630 0.721726 0.691974
1718924414.865239620 -7.423881 -4.337442 0.113025 0.013067 -0.010646 0.721715 0.691985
1718924414.870230675 -7.423863 -4.335993 0.112976 0.013079 -0.010667 0.721700 0.692000
1718924414.875288486 -7.423854 -4.334526 0.112926 0.013090 -0.010686 0.721684 0.692017
1718924414.880223274 -7.423855 -4.333097 0.112876 0.013100 -0.010700 0.721673 0.692027
1718924414.885273933 -7.423866 -4.331636 0.112827 0.013108 -0.010712 0.721677 0.692023
1718924414.890257597 -7.423886 -4.330196 0.112781 0.013112 -0.010727 0.721682 0.692018
1718924414.895214796 -7.423913 -4.328764 0.112735 0.013110 -0.010742 0.721685 0.692015
1718924414.900018215 -7.423946 -4.327379 0.112689 0.013092 -0.010753 0.721693 0.692006
1718924414.900018215 -7.423946 -4.327379 0.112689 0.013092 -0.010753 0.721693 0.692006
1718924414.900227308 -7.423948 -4.327319 0.112689 0.013091 -0.010754 0.721693 0.692006
1718924414.905261278 -7.423996 -4.325870 0.112664 0.013048 -0.010771 0.721716 0.691983
1718924414.910226107 -7.424049 -4.324441 0.112634 0.012984 -0.010794 0.721743 0.691955
1718924414.915289402 -7.424109 -4.322982 0.112596 0.012899 -0.010823 0.721769 0.691929
1718924414.920252800 -7.424177 -4.321549 0.112549 0.012803 -0.010859 0.721802 0.691896
1718924414.925233603 -7.424253 -4.320108 0.112492 0.012704 -0.010891 0.721842 0.691855
1718924414.930223227 -7.424337 -4.318660 0.112426 0.012603 -0.010915 0.721887 0.691810
1718924414.935278177 -7.424430 -4.317189 0.112354 0.012503 -0.010949 0.721929 0.691767
1718924414.940288544 -7.424531 -4.315726 0.112283 0.012420 -0.010983 0.721969 0.691727
1718924414.945275307 -7.424638 -4.314264 0.112223 0.012376 -0.011006 0.722004 0.691691
1718924414.950267315 -7.424751 -4.312797 0.112179 0.012366 -0.011016 0.722040 0.691653
1718924414.955232382 -7.424864 -4.311335 0.112154 0.012378 -0.011024 0.722079 0.691612
1718924414.960218191 -7.424977 -4.309869 0.112149 0.012404 -0.011022 0.722110 0.691579
1718924414.965299368 -7.425088 -4.308378 0.112163 0.012450 -0.011012 0.722133 0.691555
1718924414.970288992 -7.425189 -4.306917 0.112190 0.012502 -0.010996 0.722150 0.691536
1718924414.975233316 -7.425276 -4.305473 0.112223 0.012541 -0.010998 0.722162 0.691523
1718924414.980217218 -7.425348 -4.304021 0.112254 0.012556 -0.011016 0.722169 0.691515
1718924414.985280275 -7.425403 -4.302547 0.112272 0.012560 -0.011047 0.722167 0.691516
1718924414.990265846 -7.425440 -4.301095 0.112273 0.012564 -0.011081 0.722156 0.691527
1718924414.995249987 -7.425457 -4.299641 0.112256 0.012574 -0.011111 0.722136 0.691547
1718924415.000223875 -7.425455 -4.298185 0.112224 0.012586 -0.011127 0.722100 0.691585
1718924415.005261421 -7.425432 -4.296705 0.112183 0.012609 -0.011127 0.722050 0.691636
1718924415.010225773 -7.425391 -4.295243 0.112141 0.012644 -0.011121 0.721993 0.691695
1718924415.040218592 -7.424988 -4.286475 0.111980 0.012673 -0.011094 0.721823 0.691873
1718924415.045240641 -7.424884 -4.285001 0.111907 0.012701 -0.011082 0.721796 0.691900
1718924415.050236225 -7.424776 -4.283534 0.111829 0.012742 -0.011069 0.721785 0.691912
1718924415.055228472 -7.424664 -4.282066 0.111745 0.012786 -0.011071 0.721785 0.691911
1718924415.060211658 -7.424551 -4.280601 0.111660 0.012838 -0.011075 0.721795 0.691899
1718924415.065218925 -7.424440 -4.279129 0.111576 0.012889 -0.011080 0.721818 0.691874
1718924415.070225477 -7.424332 -4.277658 0.111498 0.012938 -0.011083 0.721843 0.691848
1718924415.075227499 -7.424228 -4.276191 0.111429 0.012994 -0.011084 0.721868 0.691820
1718924415.080214024 -7.424132 -4.274730 0.111367 0.013040 -0.011079 0.721895 0.691791
1718924415.085227728 -7.424043 -4.273266 0.111311 0.013078 -0.011070 0.721932 0.691752
1718924415.090262175 -7.423964 -4.271801 0.111257 0.013106 -0.011062 0.721969 0.691713
1718924415.095219612 -7.423897 -4.270360 0.111204 0.013126 -0.011065 0.722005 0.691675
1718924415.099978209 -7.423844 -4.268980 0.111150 0.013141 -0.011073 0.722038 0.691639
1718924415.099978209 -7.423844 -4.268980 0.111150 0.013141 -0.011073 0.722038 0.691639
1718924415.100217104 -7.423841 -4.268912 0.111149 0.013142 -0.011074 0.722040 0.691638
1718924415.105219841 -7.423801 -4.267482 0.111119 0.013155 -0.011090 0.722070 0.691606
1718924415.110226393 -7.423776 -4.266054 0.111083 0.013162 -0.011118 0.722103 0.691571
1718924415.115225554 -7.423765 -4.264628 0.111040 0.013172 -0.011148 0.722131 0.691541
1718924415.120231152 -7.423770 -4.263201 0.110994 0.013173 -0.011182 0.722154 0.691516
1718924415.125224352 -7.423790 -4.261780 0.110947 0.013163 -0.011225 0.722170 0.691499
1718924415.130222559 -7.423826 -4.260359 0.110901 0.013152 -0.011268 0.722183 0.691485
1718924415.135258198 -7.423877 -4.258929 0.110858 0.013152 -0.011308 0.722189 0.691478
1718924415.140233994 -7.423941 -4.257517 0.110819 0.013151 -0.011344 0.722188 0.691479
1718924415.145284414 -7.424019 -4.256085 0.110783 0.013146 -0.011376 0.722184 0.691482
1718924415.150275469 -7.424106 -4.254671 0.110749 0.013140 -0.011405 0.722174 0.691492
1718924415.155231714 -7.424204 -4.253269 0.110716 0.013123 -0.011429 0.722156 0.691511
1718924415.160308599 -7.424313 -4.251833 0.110682 0.013099 -0.011458 0.722131 0.691537
1718924415.165266991 -7.424426 -4.250430 0.110649 0.013067 -0.011495 0.722108 0.691561
1718924415.170285225 -7.424545 -4.249010 0.110614 0.013037 -0.011543 0.722092 0.691577
1718924415.175292969 -7.424667 -4.247593 0.110577 0.013016 -0.011591 0.722072 0.691598
1718924415.180235863 -7.424789 -4.246193 0.110538 0.013004 -0.011625 0.722053 0.691617
1718924415.185272217 -7.424911 -4.244765 0.110499 0.012999 -0.011654 0.722031 0.691640
1718924415.190240383 -7.425027 -4.243356 0.110463 0.013006 -0.011674 0.722015 0.691656
1718924415.195228577 -7.425137 -4.241941 0.110431 0.013020 -0.011692 0.722004 0.691668
1718924415.199985027 -7.425235 -4.240592 0.110406 0.013041 -0.011716 0.721997 0.691674
1718924415.199985027 -7.425235 -4.240592 0.110406 0.013041 -0.011716 0.721997 0.691674
1718924415.200228691 -7.425239 -4.240522 0.110406 0.013042 -0.011717 0.721997 0.691674
1718924415.205210209 -7.425327 -4.239090 0.110391 0.013068 -0.011742 0.721991 0.691680
1718924415.210216761 -7.425402 -4.237652 0.110382 0.013080 -0.011766 0.721986 0.691684
1718924415.215238571 -7.425463 -4.236213 0.110375 0.013077 -0.011795 0.721987 0.691682
1718924415.299992085 -7.427342 -4.211719 0.109686 0.013708 -0.011406 0.721668 0.692009
1718924415.299992085 -7.427342 -4.211719 0.109686 0.013708 -0.011406 0.721668 0.692009
1718924415.310225725 -7.427660 -4.208789 0.109572 0.013779 -0.011379 0.721623 0.692055
1718924415.315233469 -7.427817 -4.207330 0.109501 0.013823 -0.011348 0.721601 0.692078
1718924415.320239782 -7.427979 -4.205867 0.109435 0.013881 -0.011316 0.721573 0.692106
1718924415.325242043 -7.428147 -4.204402 0.109376 0.013939 -0.011289 0.721544 0.692136
1718924415.330298662 -7.428325 -4.202918 0.109327 0.013987 -0.011273 0.721513 0.692168
1718924415.335338831 -7.428511 -4.201439 0.109289 0.014024 -0.011266 0.721482 0.692199
1718924415.340289831 -7.428701 -4.199986 0.109258 0.014055 -0.011270 0.721454 0.692228
1718924415.345288277 -7.428903 -4.198520 0.109229 0.014082 -0.011280 0.721431 0.692251
1718924415.350244045 -7.429111 -4.197066 0.109200 0.014099 -0.011293 0.721415 0.692267
1718924415.355231762 -7.429331 -4.195605 0.109166 0.014110 -0.011314 0.721403 0.692279
1718924415.360235214 -7.429562 -4.194138 0.109127 0.014135 -0.011338 0.721396 0.692286
1718924415.365234375 -7.429804 -4.192670 0.109082 0.014175 -0.011362 0.721389 0.692292
1718924415.370275259 -7.430058 -4.191188 0.109033 0.014217 -0.011388 0.721383 0.692297
1718924415.375290155 -7.430320 -4.189712 0.108982 0.014251 -0.011421 0.721381 0.692298
1718924415.380243778 -7.430588 -4.188252 0.108933 0.014278 -0.011459 0.721385 0.692292
1718924415.385238647 -7.430866 -4.186778 0.108888 0.014301 -0.011498 0.721396 0.692280
1718924415.390238523 -7.431151 -4.185303 0.108846 0.014309 -0.011540 0.721414 0.692260
1718924415.395278215 -7.431445 -4.183816 0.108808 0.014301 -0.011586 0.721433 0.692240
1718924415.399983168 -7.431724 -4.182429 0.108774 0.014284 -0.011621 0.721451 0.692221
1718924415.399983168 -7.431724 -4.182429 0.108774 0.014284 -0.011621 0.721451 0.692221
1718924415.400235653 -7.431739 -4.182353 0.108772 0.014283 -0.011623 0.721452 0.692220
1718924415.405225277 -7.432031 -4.180861 0.108736 0.014262 -0.011657 0.721471 0.692200
1718924415.410220385 -7.432329 -4.179367 0.108699 0.014243 -0.011690 0.721487 0.692183
1718924415.415236473 -7.432633 -4.177867 0.108660 0.014225 -0.011722 0.721503 0.692166
1718924415.490270138 -7.435933 -4.155626 0.106902 0.014193 -0.011961 0.721621 0.692040
1718924415.495269299 -7.436095 -4.154083 0.106744 0.014217 -0.011960 0.721625 0.692035
1718924415.499996185 -7.436240 -4.152621 0.106591 0.014240 -0.011973 0.721635 0.692023
1718924415.499996185 -7.436240 -4.152621 0.106591 0.014240 -0.011973 0.721635 0.692023
1718924415.500269175 -7.436249 -4.152537 0.106583 0.014241 -0.011975 0.721636 0.692023
1718924415.505280256 -7.436407 -4.150990 0.106450 0.014276 -0.011997 0.721654 0.692002
1718924415.510231495 -7.436554 -4.149461 0.106320 0.014315 -0.012007 0.721668 0.691987
1718924415.515232086 -7.436693 -4.147916 0.106196 0.014356 -0.012006 0.721678 0.691976
1718924415.520241022 -7.436823 -4.146368 0.106082 0.014397 -0.012004 0.721700 0.691952
1718924415.525242090 -7.436942 -4.144823 0.105976 0.014425 -0.012007 0.721730 0.691920
1718924415.530235767 -7.437052 -4.143283 0.105877 0.014450 -0.012012 0.721759 0.691889
1718924415.535279751 -7.437155 -4.141727 0.105778 0.014474 -0.012021 0.721784 0.691863
1718924415.540240526 -7.437249 -4.140197 0.105679 0.014493 -0.012031 0.721810 0.691835
1718924415.545241594 -7.437337 -4.138653 0.105572 0.014512 -0.012037 0.721839 0.691804
1718924415.550233603 -7.437420 -4.137112 0.105457 0.014546 -0.012032 0.721870 0.691771
1718924415.555234194 -7.437499 -4.135567 0.105335 0.014598 -0.012012 0.721901 0.691738
1718924415.560227871 -7.437573 -4.134023 0.105209 0.014656 -0.011976 0.721923 0.691715
1718924415.565262794 -7.437645 -4.132466 0.105084 0.014710 -0.011947 0.721936 0.691700
1718924415.570237398 -7.437713 -4.130929 0.104964 0.014761 -0.011928 0.721945 0.691690
1718924415.575243950 -7.437780 -4.129385 0.104851 0.014807 -0.011915 0.721948 0.691686
1718924415.580246449 -7.437846 -4.127846 0.104746 0.014856 -0.011911 0.721952 0.691681
1718924415.585244894 -7.437912 -4.126312 0.104648 0.014897 -0.011913 0.721951 0.691682
1718924415.590239525 -7.437978 -4.124781 0.104554 0.014929 -0.011913 0.721940 0.691692
1718924415.595256805 -7.438048 -4.123247 0.104457 0.014969 -0.011910 0.721924 0.691708
1718924415.599988222 -7.438116 -4.121802 0.104362 0.015015 -0.011912 0.721903 0.691729
1718924415.599988222 -7.438116 -4.121802 0.104362 0.015015 -0.011912 0.721903 0.691729
1718924415.600248814 -7.438120 -4.121722 0.104356 0.015017 -0.011911 0.721902 0.691730
1718924415.605231524 -7.438192 -4.120193 0.104254 0.015065 -0.011900 0.721877 0.691755
1718924415.610234737 -7.438269 -4.118656 0.104144 0.015112 -0.011889 0.721845 0.691788
1718924415.615250587 -7.438353 -4.117113 0.104025 0.015158 -0.011881 0.721817 0.691816
1718924415.699901104 -7.439837 -4.091433 0.103235 0.015240 -0.012464 0.721948 0.691668
1718924415.699901104 -7.439837 -4.091433 0.103235 0.015240 -0.012464 0.721948 0.691668
1718924415.700230837 -7.439843 -4.091334 0.103238 0.015241 -0.012466 0.721948 0.691667
1718924415.705264091 -7.439930 -4.089820 0.103290 0.015232 -0.012505 0.721958 0.691656
1718924415.710229635 -7.440015 -4.088329 0.103347 0.015219 -0.012540 0.721964 0.691650
1718924415.715269804 -7.440100 -4.086817 0.103404 0.015213 -0.012574 0.721970 0.691643
1718924415.720291853 -7.440182 -4.085309 0.103455 0.015207 -0.012603 0.721978 0.691634
1718924415.725278616 -7.440261 -4.083812 0.103496 0.015211 -0.012632 0.721995 0.691616
1718924415.730250120 -7.440336 -4.082319 0.103527 0.015216 -0.012660 0.722015 0.691595
1718924415.735301495 -7.440408 -4.080799 0.103549 0.015221 -0.012683 0.722023 0.691585
1718924415.740307093 -7.440475 -4.079290 0.103564 0.015220 -0.012714 0.722022 0.691586
1718924415.745302677 -7.440537 -4.077779 0.103576 0.015218 -0.012744 0.722018 0.691589
1718924415.750247478 -7.440593 -4.076281 0.103588 0.015214 -0.012770 0.722020 0.691588
1718924415.755283594 -7.440645 -4.074754 0.103606 0.015214 -0.012794 0.722020 0.691586
1718924415.760230541 -7.440691 -4.073251 0.103632 0.015222 -0.012814 0.722022 0.691584
1718924415.765235424 -7.440733 -4.071731 0.103667 0.015236 -0.012829 0.722019 0.691586
1718924415.770235538 -7.440771 -4.070213 0.103711 0.015256 -0.012849 0.722015 0.691590
1718924415.775280237 -7.440805 -4.068684 0.103761 0.015270 -0.012867 0.722010 0.691594
1718924415.780285835 -7.440836 -4.067168 0.103812 0.015276 -0.012884 0.722003 0.691601
1718924415.785281897 -7.440864 -4.065656 0.103861 0.015280 -0.012907 0.722000 0.691603
1718924415.790239096 -7.440888 -4.064157 0.103905 0.015280 -0.012928 0.721999 0.691605
1718924415.795284748 -7.440911 -4.062631 0.103942 0.015290 -0.012943 0.721991 0.691612
1718924415.799992085 -7.440930 -4.061206 0.103971 0.015306 -0.012952 0.721978 0.691625
1718924415.799992085 -7.440930 -4.061206 0.103971 0.015306 -0.012952 0.721978 0.691625
1718924415.800309658 -7.440931 -4.061110 0.103973 0.015307 -0.012952 0.721978 0.691626
1718924415.805277586 -7.440948 -4.059608 0.104009 0.015332 -0.012948 0.721966 0.691637
1718924415.810232639 -7.440963 -4.058109 0.104045 0.015367 -0.012945 0.721955 0.691648
1718924415.815293074 -7.440977 -4.056578 0.104086 0.015402 -0.012940 0.721940 0.691663
1718924415.865280390 -7.441236 -4.041884 0.104183 0.015744 -0.013237 0.721972 0.691616
1718924415.870286942 -7.441280 -4.040377 0.104180 0.015774 -0.013248 0.721977 0.691611
1718924415.875279665 -7.441324 -4.038875 0.104179 0.015799 -0.013259 0.721978 0.691609
1718924415.880249739 -7.441370 -4.037380 0.104180 0.015823 -0.013272 0.721982 0.691603
1718924415.885266304 -7.441419 -4.035873 0.104184 0.015848 -0.013277 0.721989 0.691595
1718924415.890267849 -7.441468 -4.034370 0.104193 0.015881 -0.013274 0.721994 0.691589
1718924415.895266533 -7.441518 -4.032867 0.104205 0.015906 -0.013272 0.721993 0.691590
1718924415.900007010 -7.441565 -4.031441 0.104215 0.015919 -0.013273 0.721989 0.691594
1718924415.900007010 -7.441565 -4.031441 0.104215 0.015919 -0.013273 0.721989 0.691594
1718924415.900267124 -7.441568 -4.031363 0.104218 0.015920 -0.013274 0.721989 0.691594
1718924415.905265570 -7.441620 -4.029857 0.104254 0.015930 -0.013286 0.721985 0.691597
1718924415.910231590 -7.441674 -4.028358 0.104285 0.015935 -0.013294 0.721982 0.691601
1718924415.915301323 -7.441732 -4.026825 0.104311 0.015942 -0.013304 0.721978 0.691605
1718924415.920253992 -7.441789 -4.025323 0.104330 0.015952 -0.013316 0.721975 0.691607
1718924415.925233364 -7.441847 -4.023810 0.104345 0.015974 -0.013321 0.721968 0.691614
1718924415.930237055 -7.441907 -4.022286 0.104361 0.015994 -0.013312 0.721951 0.691631
1718924415.935282230 -7.441968 -4.020748 0.104379 0.016019 -0.013290 0.721930 0.691653
1718924415.940233946 -7.442027 -4.019236 0.104404 0.016052 -0.013258 0.721919 0.691665
1718924415.945295095 -7.442086 -4.017689 0.104438 0.016082 -0.013235 0.721900 0.691684
1718924415.950228453 -7.442142 -4.016182 0.104481 0.016105 -0.013222 0.721883 0.691702
1718924415.955227852 -7.442197 -4.014655 0.104534 0.016127 -0.013215 0.721871 0.691713
1718924415.960223913 -7.442250 -4.013132 0.104594 0.016138 -0.013227 0.721860 0.691725
1718924415.965267658 -7.442301 -4.011598 0.104657 0.016139 -0.013257 0.721851 0.691734
1718924415.970224380 -7.442352 -4.010096 0.104715 0.016135 -0.013282 0.721847 0.691737
1718924415.975259304 -7.442403 -4.008574 0.104768 0.016137 -0.013303 0.721846 0.691738
1718924415.980223179 -7.442455 -4.007078 0.104811 0.016147 -0.013310 0.721846 0.691737
1718924415.985219955 -7.442507 -4.005572 0.104847 0.016167 -0.013311 0.721850 0.691732
1718924415.990224600 -7.442560 -4.004064 0.104878 0.016194 -0.013324 0.721862 0.691719
1718924415.995221615 -7.442615 -4.002558 0.104908 0.016205 -0.013343 0.721876 0.691704
1718924416.000267267 -7.442672 -4.001035 0.104939 0.016209 -0.013371 0.721891 0.691687
1718924416.005222082 -7.442731 -3.999539 0.104973 0.016207 -0.013418 0.721904 0.691674
1718924416.010226488 -7.442792 -3.998027 0.105014 0.016195 -0.013473 0.721913 0.691663
1718924416.040228367 -7.443196 -3.989013 0.105333 0.016301 -0.013678 0.721907 0.691663
1718924416.045233965 -7.443271 -3.987504 0.105334 0.016315 -0.013710 0.721901 0.691668
1718924416.050250292 -7.443346 -3.985990 0.105330 0.016329 -0.013750 0.721896 0.691672
1718924416.055242538 -7.443422 -3.984482 0.105323 0.016347 -0.013781 0.721892 0.691675
1718924416.060233116 -7.443499 -3.982972 0.105318 0.016370 -0.013797 0.721885 0.691682
1718924416.065274477 -7.443577 -3.981446 0.105319 0.016401 -0.013801 0.721877 0.691690
1718924416.070242882 -7.443654 -3.979940 0.105329 0.016435 -0.013794 0.721865 0.691701
1718924416.075267792 -7.443730 -3.978417 0.105351 0.016477 -0.013780 0.721854 0.691712
1718924416.080230951 -7.443803 -3.976911 0.105383 0.016525 -0.013771 0.721854 0.691711
1718924416.085260153 -7.443875 -3.975385 0.105421 0.016568 -0.013766 0.721863 0.691701
1718924416.090218306 -7.443944 -3.973881 0.105457 0.016593 -0.013775 0.721867 0.691695
1718924416.095260143 -7.444011 -3.972351 0.105488 0.016609 -0.013784 0.721876 0.691686
1718924416.099992990 -7.444070 -3.970916 0.105508 0.016613 -0.013786 0.721902 0.691659
1718924416.099992990 -7.444070 -3.970916 0.105508 0.016613 -0.013786 0.721902 0.691659
1718924416.100268126 -7.444073 -3.970833 0.105509 0.016613 -0.013786 0.721903 0.691657
1718924416.105230331 -7.444135 -3.969337 0.105533 0.016619 -0.013773 0.721939 0.691620
1718924416.110227823 -7.444194 -3.967828 0.105549 0.016636 -0.013752 0.721976 0.691581
1718924416.115293503 -7.444248 -3.966295 0.105558 0.016670 -0.013726 0.722013 0.691543
1718924416.160235643 -7.444557 -3.952893 0.105257 0.016809 -0.013695 0.722145 0.691402
1718924416.165319204 -7.444577 -3.951332 0.105205 0.016825 -0.013695 0.722152 0.691394
1718924416.170241356 -7.444595 -3.949817 0.105148 0.016847 -0.013690 0.722144 0.691402
1718924416.175224304 -7.444612 -3.948281 0.105085 0.016873 -0.013675 0.722124 0.691423
1718924416.180225849 -7.444628 -3.946739 0.105017 0.016903 -0.013664 0.722092 0.691455
1718924416.185259342 -7.444645 -3.945186 0.104949 0.016937 -0.013644 0.722054 0.691495
1718924416.190225840 -7.444662 -3.943653 0.104883 0.016973 -0.013621 0.722016 0.691534
1718924416.195221901 -7.444681 -3.942113 0.104824 0.017012 -0.013599 0.721972 0.691579
1718924416.199986935 -7.444701 -3.940644 0.104776 0.017051 -0.013588 0.721930 0.691623
1718924416.199986935 -7.444701 -3.940644 0.104776 0.017051 -0.013588 0.721930 0.691623
1718924416.200224638 -7.444702 -3.940571 0.104775 0.017053 -0.013588 0.721928 0.691625
1718924416.205262423 -7.444730 -3.939019 0.104753 0.017087 -0.013586 0.721887 0.691667
1718924416.210226774 -7.444760 -3.937491 0.104741 0.017112 -0.013596 0.721843 0.691711
1718924416.215271473 -7.444794 -3.935942 0.104734 0.017127 -0.013611 0.721795 0.691761
1718924416.220250130 -7.444835 -3.934417 0.104728 0.017134 -0.013621 0.721753 0.691805
1718924416.225280046 -7.444882 -3.932879 0.104719 0.017138 -0.013634 0.721716 0.691843
1718924416.230239391 -7.444935 -3.931363 0.104704 0.017137 -0.013640 0.721685 0.691875
1718924416.235257626 -7.444997 -3.929830 0.104680 0.017137 -0.013639 0.721659 0.691902
1718924416.240222216 -7.445067 -3.928311 0.104648 0.017148 -0.013639 0.721642 0.691920
1718924416.245236635 -7.445146 -3.926776 0.104609 0.017170 -0.013650 0.721628 0.691933
1718924416.250291586 -7.445234 -3.925228 0.104567 0.017190 -0.013669 0.721622 0.691939
1718924416.255270243 -7.445328 -3.923700 0.104527 0.017209 -0.013695 0.721623 0.691936
1718924416.260303736 -7.445431 -3.922155 0.104492 0.017232 -0.013721 0.721628 0.691930
1718924416.265269995 -7.445539 -3.920631 0.104464 0.017250 -0.013740 0.721635 0.691922
1718924416.270235300 -7.445653 -3.919109 0.104444 0.017257 -0.013757 0.721642 0.691914
1718924416.275280714 -7.445776 -3.917565 0.104427 0.017255 -0.013767 0.721653 0.691902
1718924416.280223846 -7.445902 -3.916054 0.104412 0.017248 -0.013766 0.721669 0.691887
1718924416.285228491 -7.446034 -3.914524 0.104393 0.017236 -0.013774 0.721686 0.691869
1718924416.290227652 -7.446171 -3.912996 0.104371 0.017219 -0.013791 0.721698 0.691856
1718924416.295218468 -7.446311 -3.911468 0.104343 0.017194 -0.013817 0.721706 0.691848
1718924416.299983978 -7.446448 -3.910009 0.104312 0.017179 -0.013844 0.721713 0.691841
1718924416.299983978 -7.446448 -3.910009 0.104312 0.017179 -0.013844 0.721713 0.691841
1718924416.300237179 -7.446455 -3.909931 0.104311 0.017179 -0.013845 0.721713 0.691841
1718924416.305261374 -7.446600 -3.908391 0.104289 0.017179 -0.013876 0.721720 0.691832
1718924416.310226679 -7.446747 -3.906869 0.104271 0.017186 -0.013906 0.721724 0.691828
1718924416.315290689 -7.446898 -3.905317 0.104260 0.017192 -0.013937 0.721721 0.691830
1718924416.360231638 -7.448242 -3.891623 0.103876 0.017014 -0.014211 0.721601 0.691954
1718924416.365228653 -7.448390 -3.890098 0.103786 0.016993 -0.014247 0.721584 0.691972
1718924416.370228052 -7.448538 -3.888571 0.103692 0.016975 -0.014285 0.721566 0.691990
1718924416.375226974 -7.448686 -3.887042 0.103598 0.016957 -0.014315 0.721556 0.692000
1718924416.380221605 -7.448833 -3.885512 0.103510 0.016948 -0.014337 0.721543 0.692014
1718924416.385221243 -7.448980 -3.883978 0.103429 0.016951 -0.014351 0.721524 0.692033
1718924416.390223265 -7.449126 -3.882443 0.103356 0.016964 -0.014366 0.721512 0.692045
1718924416.395217896 -7.449271 -3.880908 0.103290 0.016978 -0.014381 0.721504 0.692052
1718924416.399996996 -7.449408 -3.879438 0.103230 0.016974 -0.014394 0.721498 0.692059
1718924416.399996996 -7.449408 -3.879438 0.103230 0.016974 -0.014394 0.721498 0.692059
1718924416.400264740 -7.449416 -3.879355 0.103227 0.016974 -0.014394 0.721498 0.692059
1718924416.405218363 -7.449560 -3.877828 0.103177 0.016964 -0.014391 0.721485 0.692072
1718924416.410223007 -7.449703 -3.876284 0.103123 0.016962 -0.014381 0.721476 0.692083
1718924416.415239096 -7.449844 -3.874736 0.103064 0.016966 -0.014363 0.721471 0.692088
1718924416.420253992 -7.449979 -3.873187 0.103001 0.016979 -0.014339 0.721459 0.692100
1718924416.425235987 -7.450108 -3.871647 0.102937 0.016995 -0.014323 0.721445 0.692115
1718924416.430242538 -7.450232 -3.870100 0.102874 0.017009 -0.014316 0.721429 0.692131
1718924416.435234547 -7.450349 -3.868560 0.102818 0.017023 -0.014318 0.721413 0.692147
1718924416.440242290 -7.450460 -3.867016 0.102771 0.017039 -0.014327 0.721401 0.692160
1718924416.445227623 -7.450564 -3.865483 0.102733 0.017059 -0.014334 0.721388 0.692173
1718924416.450220346 -7.450661 -3.863953 0.102702 0.017079 -0.014331 0.721379 0.692181
1718924416.455229044 -7.450752 -3.862423 0.102675 0.017097 -0.014316 0.721372 0.692189
1718924416.460222244 -7.450836 -3.860903 0.102646 0.017112 -0.014298 0.721362 0.692199
1718924416.465274334 -7.450915 -3.859368 0.102613 0.017124 -0.014284 0.721355 0.692206
1718924416.470240116 -7.450989 -3.857860 0.102575 0.017140 -0.014275 0.721349 0.692213
1718924416.475307941 -7.451059 -3.856321 0.102527 0.017141 -0.014271 0.721345 0.692217
1718924416.480223179 -7.451123 -3.854828 0.102472 0.017139 -0.014273 0.721351 0.692210
1718924416.485218763 -7.451187 -3.853310 0.102408 0.017153 -0.014271 0.721350 0.692212
1718924416.490228415 -7.451250 -3.851787 0.102338 0.017175 -0.014264 0.721346 0.692215
1718924416.495219469 -7.451311 -3.850269 0.102264 0.017197 -0.014243 0.721345 0.692216
1718924416.499993086 -7.451367 -3.848818 0.102192 0.017217 -0.014224 0.721345 0.692216
1718924416.499993086 -7.451367 -3.848818 0.102192 0.017217 -0.014224 0.721345 0.692216
1718924416.500219822 -7.451370 -3.848749 0.102190 0.017218 -0.014223 0.721345 0.692216
1718924416.505229473 -7.451425 -3.847228 0.102134 0.017254 -0.014203 0.721351 0.692209
1718924416.510222912 -7.451480 -3.845714 0.102086 0.017289 -0.014182 0.721360 0.692199
1718924416.515286684 -7.451535 -3.844182 0.102048 0.017309 -0.014171 0.721367 0.692192
1718924416.595252037 -7.452779 -3.820312 0.100270 0.017013 -0.014171 0.721273 0.692296
1718924416.599992037 -7.452875 -3.818908 0.100081 0.016990 -0.014179 0.721271 0.692300
1718924416.599992037 -7.452875 -3.818908 0.100081 0.016990 -0.014179 0.721271 0.692300
1718924416.600258827 -7.452880 -3.818829 0.100070 0.016989 -0.014179 0.721270 0.692300
1718924416.605230808 -7.452986 -3.817361 0.099874 0.016980 -0.014183 0.721270 0.692300
1718924416.610225677 -7.453095 -3.815884 0.099668 0.016974 -0.014186 0.721275 0.692295
1718924416.615248203 -7.453208 -3.814397 0.099454 0.016977 -0.014184 0.721278 0.692292
1718924416.620257854 -7.453325 -3.812910 0.099239 0.016992 -0.014181 0.721290 0.692280
1718924416.625222921 -7.453442 -3.811435 0.099031 0.017011 -0.014185 0.721312 0.692256
1718924416.630254984 -7.453562 -3.809941 0.098829 0.017020 -0.014192 0.721335 0.692232
1718924416.635237932 -7.453680 -3.808464 0.098638 0.017023 -0.014202 0.721356 0.692210
1718924416.640237093 -7.453800 -3.806985 0.098455 0.017017 -0.014209 0.721378 0.692187
1718924416.645237684 -7.453922 -3.805508 0.098276 0.017001 -0.014212 0.721405 0.692158
1718924416.650237083 -7.454044 -3.804033 0.098098 0.016984 -0.014217 0.721435 0.692128
1718924416.655230999 -7.454168 -3.802560 0.097915 0.016966 -0.014224 0.721469 0.692093
1718924416.660244226 -7.454293 -3.801081 0.097724 0.016951 -0.014222 0.721505 0.692055
1718924416.665241480 -7.454420 -3.799605 0.097523 0.016938 -0.014223 0.721531 0.692029
1718924416.670244217 -7.454548 -3.798124 0.097312 0.016926 -0.014234 0.721546 0.692013
1718924416.675236464 -7.454677 -3.796643 0.097094 0.016917 -0.014249 0.721561 0.691998
1718924416.680243254 -7.454808 -3.795155 0.096871 0.016906 -0.014273 0.721581 0.691976
1718924416.685235739 -7.454940 -3.793668 0.096651 0.016895 -0.014292 0.721591 0.691965
1718924416.690225840 -7.455074 -3.792179 0.096437 0.016888 -0.014307 0.721599 0.691958
1718924416.695230246 -7.455208 -3.790683 0.096235 0.016883 -0.014319 0.721601 0.691955
1718924416.699902058 -7.455333 -3.789286 0.096057 0.016888 -0.014323 0.721601 0.691955
1718924416.699902058 -7.455333 -3.789286 0.096057 0.016888 -0.014323 0.721601 0.691955
1718924416.700262547 -7.455343 -3.789178 0.096045 0.016888 -0.014323 0.721601 0.691955
1718924416.705234528 -7.455474 -3.787689 0.095874 0.016895 -0.014331 0.721598 0.691958
1718924416.710227013 -7.455605 -3.786195 0.095709 0.016900 -0.014337 0.721587 0.691969
1718924416.715233088 -7.455735 -3.784697 0.095542 0.016899 -0.014349 0.721575 0.691981
1718924416.760230780 -7.456616 -3.771128 0.094457 0.017225 -0.014063 0.721583 0.691971
1718924416.765225649 -7.456680 -3.769604 0.094386 0.017243 -0.014053 0.721593 0.691960
1718924416.770221233 -7.456736 -3.768077 0.094321 0.017250 -0.014047 0.721607 0.691945
1718924416.775233030 -7.456787 -3.766544 0.094259 0.017248 -0.014046 0.721620 0.691932
1718924416.780228138 -7.456832 -3.765015 0.094194 0.017255 -0.014046 0.721622 0.691929
1718924416.785272121 -7.456872 -3.763468 0.094121 0.017267 -0.014037 0.721626 0.691926
1718924416.790220022 -7.456906 -3.761948 0.094040 0.017278 -0.014020 0.721640 0.691911
1718924416.795265198 -7.456935 -3.760395 0.093947 0.017290 -0.013998 0.721650 0.691900
1718924416.799992085 -7.456959 -3.758937 0.093850 0.017308 -0.013974 0.721658 0.691892
1718924416.799992085 -7.456959 -3.758937 0.093850 0.017308 -0.013974 0.721658 0.691892
1718924416.800221920 -7.456959 -3.758867 0.093846 0.017309 -0.013972 0.721659 0.691891
1718924416.805233717 -7.456973 -3.757339 0.093744 0.017338 -0.013934 0.721661 0.691890
1718924416.810220718 -7.456984 -3.755815 0.093642 0.017366 -0.013897 0.721654 0.691896
1718924416.815233707 -7.456991 -3.754279 0.093546 0.017399 -0.013863 0.721648 0.691903
1718924416.820250750 -7.456997 -3.752741 0.093461 0.017436 -0.013833 0.721649 0.691902
1718924416.825222731 -7.457000 -3.751215 0.093390 0.017483 -0.013808 0.721646 0.691904
1718924416.830230474 -7.457002 -3.749678 0.093332 0.017526 -0.013779 0.721638 0.691912
1718924416.835234642 -7.457004 -3.748143 0.093282 0.017555 -0.013749 0.721635 0.691915
1718924416.840237141 -7.457005 -3.746611 0.093232 0.017578 -0.013720 0.721637 0.691913
1718924416.845224380 -7.457008 -3.745085 0.093174 0.017608 -0.013683 0.721636 0.691914
1718924416.850233793 -7.457013 -3.743552 0.093102 0.017638 -0.013648 0.721632 0.691918
1718924416.855226040 -7.457020 -3.742021 0.093016 0.017663 -0.013624 0.721628 0.691922
1718924416.860302925 -7.457029 -3.740460 0.092914 0.017683 -0.013607 0.721626 0.691923
1718924416.865280390 -7.457042 -3.738926 0.092804 0.017711 -0.013586 0.721630 0.691919
1718924416.870224714 -7.457058 -3.737399 0.092692 0.017750 -0.013555 0.721630 0.691918
1718924416.875238657 -7.457077 -3.735845 0.092582 0.017795 -0.013520 0.721617 0.691931
1718924416.880228996 -7.457100 -3.734296 0.092481 0.017847 -0.013484 0.721611 0.691937
1718924416.885254145 -7.457125 -3.732734 0.092392 0.017902 -0.013452 0.721611 0.691937
1718924416.890220642 -7.457152 -3.731188 0.092312 0.017967 -0.013417 0.721620 0.691926
1718924416.895224333 -7.457182 -3.729630 0.092235 0.018036 -0.013382 0.721634 0.691910
1718924416.900001049 -7.457211 -3.728143 0.092158 0.018098 -0.013351 0.721648 0.691895
1718924416.900001049 -7.457211 -3.728143 0.092158 0.018098 -0.013351 0.721648 0.691895
1718924416.900221109 -7.457213 -3.728074 0.092155 0.018101 -0.013350 0.721649 0.691894
1718924416.905227661 -7.457249 -3.726498 0.092080 0.018163 -0.013326 0.721671 0.691870
1718924416.910220623 -7.457285 -3.724925 0.091992 0.018243 -0.013306 0.721697 0.691840
1718924416.915230513 -7.457320 -3.723344 0.091891 0.018330 -0.013286 0.721730 0.691805
1718924416.960218191 -7.457738 -3.709467 0.090539 0.018385 -0.012811 0.721718 0.691824
1718924416.965233564 -7.457798 -3.707958 0.090298 0.018368 -0.012802 0.721702 0.691842
1718924416.970228434 -7.457862 -3.706463 0.090041 0.018330 -0.012821 0.721680 0.691865
1718924416.975230932 -7.457932 -3.704970 0.089770 0.018278 -0.012858 0.721640 0.691907
1718924416.980222940 -7.458007 -3.703483 0.089490 0.018227 -0.012900 0.721585 0.691966
1718924416.985285997 -7.458091 -3.701976 0.089200 0.018189 -0.012924 0.721525 0.692029
1718924416.990225792 -7.458182 -3.700507 0.088917 0.018173 -0.012928 0.721465 0.692092
1718924416.995212793 -7.458283 -3.699024 0.088636 0.018166 -0.012912 0.721402 0.692157
1718924417.000217199 -7.458394 -3.697535 0.088365 0.018167 -0.012882 0.721347 0.692216
1718924417.005213976 -7.458511 -3.696046 0.088107 0.018168 -0.012861 0.721293 0.692272
1718924417.010216713 -7.458635 -3.694556 0.087860 0.018157 -0.012854 0.721248 0.692319
1718924417.015221834 -7.458766 -3.693064 0.087619 0.018151 -0.012851 0.721214 0.692355
1718924417.020321846 -7.458904 -3.691544 0.087373 0.018152 -0.012849 0.721192 0.692379
1718924417.025269508 -7.459041 -3.690068 0.087128 0.018155 -0.012847 0.721182 0.692389
1718924417.030236721 -7.459178 -3.688585 0.086872 0.018162 -0.012837 0.721185 0.692385
1718924417.035277843 -7.459314 -3.687076 0.086602 0.018174 -0.012816 0.721192 0.692378
1718924417.040230513 -7.459445 -3.685590 0.086326 0.018195 -0.012781 0.721199 0.692371
1718924417.045238495 -7.459571 -3.684084 0.086042 0.018217 -0.012737 0.721206 0.692364
1718924417.050218105 -7.459690 -3.682584 0.085760 0.018229 -0.012690 0.721223 0.692347
1718924417.055266619 -7.459802 -3.681062 0.085483 0.018247 -0.012659 0.721246 0.692323
1718924417.060256720 -7.459900 -3.679555 0.085223 0.018262 -0.012648 0.721274 0.692293
1718924417.065222979 -7.459987 -3.678057 0.084975 0.018271 -0.012651 0.721302 0.692264
1718924417.070225716 -7.460063 -3.676550 0.084733 0.018282 -0.012661 0.721331 0.692234
1718924417.075267553 -7.460128 -3.675037 0.084488 0.018296 -0.012669 0.721365 0.692197
1718924417.080260515 -7.460183 -3.673543 0.084240 0.018310 -0.012674 0.721392 0.692169
1718924417.085223675 -7.460228 -3.672060 0.083982 0.018323 -0.012693 0.721412 0.692147
1718924417.090216398 -7.460265 -3.670571 0.083712 0.018334 -0.012728 0.721438 0.692119
1718924417.095213652 -7.460295 -3.669082 0.083431 0.018336 -0.012764 0.721460 0.692095
1718924417.099985838 -7.460320 -3.667661 0.083153 0.018335 -0.012803 0.721469 0.692085
1718924417.099985838 -7.460320 -3.667661 0.083153 0.018335 -0.012803 0.721469 0.692085
1718924417.100218773 -7.460321 -3.667591 0.083140 0.018335 -0.012805 0.721470 0.692085
1718924417.105258226 -7.460338 -3.666093 0.082849 0.018326 -0.012860 0.721470 0.692084
1718924417.110219717 -7.460352 -3.664617 0.082557 0.018318 -0.012926 0.721459 0.692094
1718924417.115282774 -7.460364 -3.663110 0.082258 0.018316 -0.012989 0.721434 0.692119
1718924417.199995041 -7.459993 -3.637838 0.078624 0.018920 -0.011873 0.722630 0.690874
1718924417.199995041 -7.459993 -3.637838 0.078624 0.018920 -0.011873 0.722630 0.690874
1718924417.200243950 -7.459991 -3.637762 0.078617 0.018922 -0.011870 0.722633 0.690871
1718924417.205276489 -7.459951 -3.636226 0.078496 0.018950 -0.011823 0.722720 0.690780
1718924417.210223436 -7.459910 -3.634713 0.078376 0.018976 -0.011784 0.722802 0.690694
1718924417.215229750 -7.459867 -3.633178 0.078247 0.019008 -0.011746 0.722888 0.690603
1718924417.220236778 -7.459823 -3.631640 0.078105 0.019044 -0.011702 0.722976 0.690511
1718924417.225229263 -7.459780 -3.630104 0.077949 0.019083 -0.011643 0.723052 0.690431
1718924417.230237961 -7.459737 -3.628558 0.077784 0.019125 -0.011578 0.723123 0.690357
1718924417.235285521 -7.459695 -3.626994 0.077616 0.019164 -0.011518 0.723191 0.690286
1718924417.240294933 -7.459654 -3.625436 0.077455 0.019193 -0.011484 0.723254 0.690220
1718924417.245232105 -7.459617 -3.623896 0.077307 0.019208 -0.011460 0.723312 0.690159
1718924417.250277758 -7.459582 -3.622319 0.077167 0.019215 -0.011445 0.723358 0.690111
1718924417.255263805 -7.459552 -3.620759 0.077038 0.019203 -0.011434 0.723388 0.690080
1718924417.260223389 -7.459528 -3.619205 0.076913 0.019183 -0.011415 0.723406 0.690062
1718924417.265214443 -7.459510 -3.617642 0.076785 0.019165 -0.011395 0.723413 0.690056
1718924417.270223856 -7.459501 -3.616073 0.076649 0.019151 -0.011365 0.723406 0.690064
1718924417.275219917 -7.459501 -3.614508 0.076505 0.019136 -0.011333 0.723380 0.690092
1718924417.280224562 -7.459510 -3.612940 0.076352 0.019116 -0.011316 0.723336 0.690139
1718924417.285230637 -7.459530 -3.611369 0.076195 0.019088 -0.011324 0.723284 0.690194
1718924417.290220976 -7.459562 -3.609802 0.076038 0.019055 -0.011350 0.723234 0.690246
1718924417.295215845 -7.459606 -3.608231 0.075886 0.019020 -0.011371 0.723177 0.690308
1718924417.299980879 -7.459659 -3.606730 0.075751 0.018986 -0.011379 0.723114 0.690374
1718924417.299980879 -7.459659 -3.606730 0.075751 0.018986 -0.011379 0.723114 0.690374
1718924417.300259352 -7.459663 -3.606642 0.075744 0.018983 -0.011380 0.723110 0.690378
1718924417.305224180 -7.459729 -3.605075 0.075623 0.018948 -0.011382 0.723042 0.690450
1718924417.310211420 -7.459806 -3.603499 0.075514 0.018913 -0.011370 0.722975 0.690522
1718924417.315235853 -7.459894 -3.601910 0.075414 0.018887 -0.011357 0.722917 0.690584
1718924417.365264416 -7.460259 -3.585932 0.075148 0.018967 -0.011105 0.723562 0.689910
1718924417.370272875 -7.460241 -3.584312 0.075190 0.018953 -0.011110 0.723630 0.689838
1718924417.375265837 -7.460210 -3.582696 0.075237 0.018924 -0.011121 0.723699 0.689767
1718924417.380219221 -7.460166 -3.581091 0.075283 0.018891 -0.011134 0.723765 0.689698
1718924417.385315657 -7.460107 -3.579440 0.075320 0.018857 -0.011134 0.723830 0.689631
1718924417.390257359 -7.460036 -3.577838 0.075344 0.018826 -0.011128 0.723885 0.689574
1718924417.395252943 -7.459951 -3.576217 0.075353 0.018806 -0.011113 0.723931 0.689527
1718924417.399994850 -7.459858 -3.574677 0.075351 0.018794 -0.011089 0.723962 0.689495
1718924417.399994850 -7.459858 -3.574677 0.075351 0.018794 -0.011089 0.723962 0.689495
1718924417.400207520 -7.459853 -3.574608 0.075351 0.018794 -0.011087 0.723963 0.689494
1718924417.405249119 -7.459736 -3.572971 0.075349 0.018796 -0.011051 0.723986 0.689470
1718924417.410207748 -7.459608 -3.571357 0.075348 0.018805 -0.011013 0.724004 0.689451
1718924417.415233850 -7.459466 -3.569720 0.075356 0.018823 -0.010984 0.724013 0.689442
1718924417.420222282 -7.459314 -3.568095 0.075376 0.018845 -0.010954 0.724010 0.689445
1718924417.425237656 -7.459150 -3.566460 0.075411 0.018863 -0.010916 0.724000 0.689455
1718924417.430249214 -7.458975 -3.564826 0.075455 0.018881 -0.010876 0.723986 0.689470
1718924417.435224533 -7.458793 -3.563206 0.075502 0.018892 -0.010846 0.723969 0.689488
1718924417.440220594 -7.458603 -3.561581 0.075544 0.018897 -0.010806 0.723944 0.689515
1718924417.445216417 -7.458409 -3.559956 0.075574 0.018912 -0.010764 0.723913 0.689548
1718924417.450215101 -7.458210 -3.558329 0.075589 0.018936 -0.010724 0.723884 0.689579
1718924417.455211878 -7.458008 -3.556699 0.075589 0.018958 -0.010681 0.723860 0.689603
1718924417.460216761 -7.457804 -3.555062 0.075578 0.018991 -0.010635 0.723839 0.689626
1718924417.465255737 -7.457598 -3.553410 0.075560 0.019031 -0.010582 0.723815 0.689650
1718924417.470216036 -7.457395 -3.551778 0.075544 0.019067 -0.010525 0.723795 0.689671
1718924417.475210428 -7.457192 -3.550132 0.075535 0.019092 -0.010464 0.723782 0.689685
1718924417.480299473 -7.456985 -3.548450 0.075539 0.019111 -0.010401 0.723774 0.689694
1718924417.485201836 -7.456788 -3.546828 0.075556 0.019120 -0.010348 0.723772 0.689697
1718924417.490208626 -7.456589 -3.545169 0.075583 0.019123 -0.010299 0.723769 0.689700
1718924417.495212317 -7.456393 -3.543510 0.075613 0.019120 -0.010258 0.723770 0.689700
1718924417.499982834 -7.456211 -3.541929 0.075640 0.019116 -0.010230 0.723781 0.689689
1718924417.499982834 -7.456211 -3.541929 0.075640 0.019116 -0.010230 0.723781 0.689689
1718924417.500208378 -7.456203 -3.541854 0.075642 0.019116 -0.010229 0.723782 0.689688
1718924417.505209923 -7.456017 -3.540196 0.075666 0.019118 -0.010217 0.723792 0.689677
1718924417.510211945 -7.455837 -3.538537 0.075681 0.019122 -0.010207 0.723800 0.689669
1718924417.515220404 -7.455663 -3.536875 0.075689 0.019122 -0.010199 0.723799 0.689670
1718924417.555259943 -7.454513 -3.523648 0.075452 0.019071 -0.009824 0.723878 0.689595
1718924417.560260296 -7.454409 -3.521997 0.075377 0.019059 -0.009813 0.723883 0.689590
1718924417.565269470 -7.454311 -3.520344 0.075290 0.019043 -0.009816 0.723888 0.689585
1718924417.570270061 -7.454218 -3.518690 0.075192 0.019022 -0.009825 0.723890 0.689583
1718924417.575283766 -7.454129 -3.517029 0.075086 0.018999 -0.009842 0.723893 0.689580
1718924417.580221891 -7.454044 -3.515390 0.074979 0.018973 -0.009854 0.723895 0.689579
1718924417.585215092 -7.453960 -3.513730 0.074873 0.018949 -0.009854 0.723906 0.689567
1718924417.590212345 -7.453876 -3.512065 0.074775 0.018931 -0.009840 0.723927 0.689547
1718924417.595212936 -7.453790 -3.510397 0.074689 0.018914 -0.009817 0.723952 0.689521
1718924417.599984884 -7.453705 -3.508804 0.074618 0.018898 -0.009799 0.723980 0.689493
1718924417.599984884 -7.453705 -3.508804 0.074618 0.018898 -0.009799 0.723980 0.689493
1718924417.600207329 -7.453701 -3.508729 0.074615 0.018897 -0.009798 0.723981 0.689491
1718924417.605211735 -7.453601 -3.507048 0.074567 0.018887 -0.009780 0.724003 0.689468
1718924417.610207081 -7.453495 -3.505370 0.074523 0.018875 -0.009770 0.724025 0.689447
1718924417.615227222 -7.453381 -3.503685 0.074477 0.018860 -0.009762 0.724056 0.689415
1718924417.620248079 -7.453258 -3.502002 0.074423 0.018845 -0.009757 0.724095 0.689374
1718924417.625274658 -7.453126 -3.500318 0.074356 0.018837 -0.009749 0.724126 0.689341
1718924417.630237818 -7.452985 -3.498655 0.074277 0.018842 -0.009727 0.724142 0.689324
1718924417.635216713 -7.452833 -3.496985 0.074188 0.018855 -0.009700 0.724148 0.689319
1718924417.640215874 -7.452669 -3.495305 0.074097 0.018873 -0.009668 0.724147 0.689320
1718924417.645211220 -7.452492 -3.493624 0.074012 0.018894 -0.009640 0.724140 0.689327
1718924417.650213718 -7.452302 -3.491936 0.073940 0.018918 -0.009618 0.724131 0.689336
1718924417.655215025 -7.452099 -3.490247 0.073884 0.018939 -0.009601 0.724127 0.689340
1718924417.660215139 -7.451884 -3.488557 0.073842 0.018948 -0.009584 0.724129 0.689337
1718924417.665216684 -7.451658 -3.486870 0.073804 0.018958 -0.009570 0.724131 0.689336
1718924417.670223236 -7.451423 -3.485182 0.073762 0.018973 -0.009550 0.724128 0.689338
1718924417.675213099 -7.451180 -3.483501 0.073708 0.018996 -0.009519 0.724130 0.689336
1718924417.680205584 -7.450930 -3.481821 0.073638 0.019030 -0.009471 0.724137 0.689329
1718924417.685211897 -7.450674 -3.480138 0.073553 0.019071 -0.009418 0.724144 0.689320
1718924417.690204620 -7.450411 -3.478458 0.073458 0.019120 -0.009367 0.724153 0.689310
1718924417.695209742 -7.450142 -3.476771 0.073359 0.019175 -0.009314 0.724162 0.689300
1718924417.699982882 -7.449880 -3.475161 0.073267 0.019223 -0.009261 0.724174 0.689287
1718924417.699982882 -7.449880 -3.475161 0.073267 0.019223 -0.009261 0.724174 0.689287
1718924417.700205803 -7.449868 -3.475086 0.073263 0.019224 -0.009259 0.724175 0.689286
1718924417.705213308 -7.449590 -3.473412 0.073175 0.019256 -0.009217 0.724183 0.689277
1718924417.710214853 -7.449308 -3.471739 0.073099 0.019276 -0.009188 0.724193 0.689267
1718924417.715213537 -7.449025 -3.470066 0.073031 0.019280 -0.009167 0.724202 0.689258
1718924417.765209198 -7.446270 -3.453571 0.073537 0.019370 -0.008697 0.724128 0.689339
1718924417.770213604 -7.446023 -3.451915 0.073626 0.019386 -0.008662 0.724127 0.689340
1718924417.775216579 -7.445780 -3.450262 0.073722 0.019402 -0.008618 0.724127 0.689339
1718924417.780205488 -7.445544 -3.448616 0.073819 0.019403 -0.008564 0.724132 0.689335
1718924417.785222769 -7.445310 -3.446965 0.073912 0.019397 -0.008518 0.724132 0.689336
1718924417.790209293 -7.445082 -3.445326 0.073994 0.019393 -0.008485 0.724131 0.689337
1718924417.795209885 -7.444857 -3.443682 0.074065 0.019390 -0.008466 0.724135 0.689333
1718924417.799983025 -7.444645 -3.442114 0.074121 0.019397 -0.008454 0.724140 0.689328
1718924417.799983025 -7.444645 -3.442114 0.074121 0.019397 -0.008454 0.724140 0.689328
1718924417.800202608 -7.444635 -3.442042 0.074123 0.019397 -0.008453 0.724141 0.689328
1718924417.805202961 -7.444401 -3.440405 0.074168 0.019416 -0.008429 0.724155 0.689313
1718924417.810247183 -7.444165 -3.438751 0.074210 0.019437 -0.008403 0.724169 0.689298
1718924417.815241098 -7.443932 -3.437111 0.074256 0.019451 -0.008382 0.724184 0.689282
1718924417.820321798 -7.443694 -3.435441 0.074311 0.019452 -0.008358 0.724200 0.689265
1718924417.825301409 -7.443461 -3.433802 0.074373 0.019437 -0.008340 0.724214 0.689250
1718924417.830292225 -7.443229 -3.432158 0.074441 0.019413 -0.008322 0.724231 0.689234
1718924417.835254192 -7.443001 -3.430520 0.074510 0.019377 -0.008304 0.724256 0.689209
1718924417.840234756 -7.442775 -3.428874 0.074573 0.019334 -0.008282 0.724289 0.689176
1718924417.845251799 -7.442548 -3.427216 0.074628 0.019307 -0.008243 0.724320 0.689145
1718924417.850292206 -7.442321 -3.425547 0.074673 0.019291 -0.008199 0.724347 0.689117
1718924417.855251551 -7.442098 -3.423901 0.074709 0.019280 -0.008165 0.724373 0.689091
1718924417.860272646 -7.441873 -3.422231 0.074740 0.019274 -0.008145 0.724405 0.689057
1718924417.865248442 -7.441651 -3.420572 0.074771 0.019262 -0.008145 0.724444 0.689017
1718924417.870219231 -7.441427 -3.418909 0.074808 0.019248 -0.008165 0.724482 0.688977
1718924417.875213146 -7.441201 -3.417233 0.074854 0.019238 -0.008189 0.724515 0.688942
1718924417.880208492 -7.440974 -3.415551 0.074914 0.019239 -0.008198 0.724548 0.688907
1718924417.885207176 -7.440745 -3.413863 0.074984 0.019237 -0.008188 0.724573 0.688881
1718924417.890202761 -7.440513 -3.412171 0.075062 0.019233 -0.008155 0.724592 0.688862
1718924417.895247936 -7.440276 -3.410458 0.075141 0.019239 -0.008108 0.724612 0.688840
1718924417.900000811 -7.440050 -3.408842 0.075211 0.019241 -0.008060 0.724627 0.688826
1718924417.900000811 -7.440050 -3.408842 0.075211 0.019241 -0.008060 0.724627 0.688826
1718924417.900206089 -7.440041 -3.408773 0.075212 0.019241 -0.008058 0.724628 0.688825
1718924417.905248165 -7.439808 -3.407058 0.075262 0.019232 -0.008032 0.724641 0.688812
1718924417.910243034 -7.439572 -3.405358 0.075302 0.019224 -0.008021 0.724652 0.688801
1718924417.915220737 -7.439331 -3.403659 0.075334 0.019234 -0.008020 0.724661 0.688790
1718924417.960202217 -7.437111 -3.388582 0.074168 0.018473 -0.008110 0.725922 0.687481
1718924417.965209961 -7.436852 -3.386860 0.074047 0.018372 -0.008139 0.726066 0.687332
1718924417.970207214 -7.436596 -3.385140 0.073907 0.018257 -0.008179 0.726233 0.687157
1718924417.975212336 -7.436345 -3.383416 0.073751 0.018146 -0.008209 0.726421 0.686962
1718924417.980203867 -7.436100 -3.381698 0.073587 0.018052 -0.008224 0.726623 0.686750
1718924417.985206366 -7.435859 -3.379974 0.073425 0.017971 -0.008243 0.726846 0.686516
1718924417.990199566 -7.435622 -3.378251 0.073275 0.017887 -0.008275 0.727084 0.686265
1718924417.995205402 -7.435388 -3.376521 0.073137 0.017800 -0.008304 0.727339 0.685997
1718924418.000202417 -7.435160 -3.374792 0.073007 0.017698 -0.008336 0.727612 0.685710
1718924418.005198956 -7.434937 -3.373062 0.072879 0.017574 -0.008378 0.727901 0.685406
1718924418.010201216 -7.434720 -3.371331 0.072744 0.017441 -0.008421 0.728197 0.685094
1718924418.015260696 -7.434509 -3.369581 0.072592 0.017319 -0.008440 0.728506 0.684768
1718924418.020234585 -7.434309 -3.367860 0.072426 0.017213 -0.008453 0.728823 0.684434
1718924418.025213242 -7.434111 -3.366139 0.072249 0.017083 -0.008510 0.729154 0.684083
1718924418.030215025 -7.433911 -3.364411 0.072065 0.016911 -0.008621 0.729504 0.683713
1718924418.035206079 -7.433712 -3.362687 0.071878 0.016731 -0.008757 0.729863 0.683332
1718924418.040203094 -7.433517 -3.360959 0.071691 0.016557 -0.008910 0.730238 0.682934
1718924418.045228004 -7.433323 -3.359219 0.071498 0.016400 -0.009066 0.730642 0.682503
1718924418.050202131 -7.433134 -3.357499 0.071299 0.016249 -0.009220 0.731077 0.682039
1718924418.055205822 -7.432950 -3.355773 0.071085 0.016128 -0.009346 0.731543 0.681540
1718924418.060200930 -7.432774 -3.354053 0.070858 0.016067 -0.009421 0.732040 0.681007
1718924418.065206289 -7.432603 -3.352337 0.070624 0.016031 -0.009473 0.732567 0.680440
1718924418.070202827 -7.432430 -3.350632 0.070390 0.015981 -0.009546 0.733123 0.679841
1718924418.075199127 -7.432251 -3.348932 0.070163 0.015870 -0.009666 0.733710 0.679209
1718924418.080201149 -7.432064 -3.347235 0.069946 0.015696 -0.009849 0.734327 0.678543
1718924418.085196733 -7.431874 -3.345545 0.069738 0.015498 -0.010064 0.734972 0.677846
1718924418.090199947 -7.431683 -3.343859 0.069538 0.015301 -0.010271 0.735651 0.677110
1718924418.095196486 -7.431494 -3.342178 0.069343 0.015135 -0.010445 0.736363 0.676337
1718924418.099982262 -7.431318 -3.340572 0.069156 0.015022 -0.010558 0.737067 0.675570
1718924418.099982262 -7.431318 -3.340572 0.069156 0.015022 -0.010558 0.737067 0.675570
1718924418.100200653 -7.431310 -3.340498 0.069148 0.015017 -0.010563 0.737099 0.675536
1718924418.105197668 -7.431130 -3.338825 0.068965 0.014940 -0.010647 0.737856 0.674709
1718924418.110201120 -7.430958 -3.337155 0.068778 0.014901 -0.010697 0.738634 0.673857
1718924418.115206003 -7.430795 -3.335487 0.068589 0.014866 -0.010762 0.739452 0.672959
1718924418.199981928 -7.430472 -3.308446 0.066382 0.012290 -0.011721 0.751465 0.659555
1718924418.199981928 -7.430472 -3.308446 0.066382 0.012290 -0.011721 0.751465 0.659555
1718924418.205199957 -7.430627 -3.306841 0.066330 0.012134 -0.011784 0.752193 0.658726
1718924418.210194826 -7.430796 -3.305309 0.066283 0.012072 -0.011786 0.752886 0.657934
1718924418.215215445 -7.430978 -3.303772 0.066233 0.012043 -0.011749 0.753604 0.657113
1718924418.220209360 -7.431166 -3.302245 0.066177 0.012013 -0.011704 0.754331 0.656280
1718924418.225214243 -7.431355 -3.300717 0.066118 0.011983 -0.011665 0.755056 0.655447
1718924418.230209827 -7.431550 -3.299198 0.066060 0.011953 -0.011607 0.755777 0.654617
1718924418.235270023 -7.431755 -3.297664 0.066000 0.011924 -0.011543 0.756505 0.653777
1718924418.240260363 -7.431958 -3.296154 0.065943 0.011870 -0.011512 0.757230 0.652940
1718924418.245243788 -7.432153 -3.294649 0.065894 0.011778 -0.011525 0.757954 0.652100
1718924418.250251293 -7.432342 -3.293140 0.065857 0.011691 -0.011541 0.758684 0.651252
1718924418.255198240 -7.432531 -3.291654 0.065830 0.011683 -0.011478 0.759408 0.650408
1718924418.260202408 -7.432728 -3.290153 0.065810 0.011737 -0.011352 0.760144 0.649549
1718924418.265250444 -7.432924 -3.288638 0.065799 0.011786 -0.011238 0.760869 0.648701
1718924418.270201206 -7.433103 -3.287152 0.065795 0.011737 -0.011203 0.761563 0.647888
1718924418.275201559 -7.433270 -3.285650 0.065791 0.011600 -0.011239 0.762257 0.647073
1718924418.280199051 -7.433429 -3.284150 0.065781 0.011409 -0.011301 0.762952 0.646256
1718924418.285209417 -7.433591 -3.282646 0.065760 0.011219 -0.011362 0.763656 0.645426
1718924418.290199518 -7.433756 -3.281148 0.065732 0.011071 -0.011398 0.764369 0.644584
1718924418.295202971 -7.433926 -3.279643 0.065707 0.010975 -0.011384 0.765084 0.643736
1718924418.299966812 -7.434090 -3.278211 0.065690 0.010936 -0.011316 0.765768 0.642924
1718924418.299966812 -7.434090 -3.278211 0.065690 0.010936 -0.011316 0.765768 0.642924
1718924418.300246716 -7.434100 -3.278127 0.065689 0.010934 -0.011313 0.765808 0.642877
1718924418.305202007 -7.434274 -3.276636 0.065688 0.010958 -0.011199 0.766534 0.642013
1718924418.310194016 -7.434459 -3.275136 0.065705 0.011033 -0.011038 0.767281 0.641121
1718924418.315196753 -7.434660 -3.273633 0.065735 0.011159 -0.010827 0.768053 0.640198
1718924418.365195751 -7.435987 -3.258098 0.066519 0.011103 -0.008920 0.777200 0.629093
1718924418.370197773 -7.436049 -3.256496 0.066641 0.011126 -0.008707 0.778106 0.627974
1718924418.375195742 -7.436112 -3.254886 0.066756 0.011127 -0.008480 0.779007 0.626859
1718924418.380189896 -7.436178 -3.253269 0.066869 0.011059 -0.008294 0.779912 0.625737
1718924418.385203838 -7.436251 -3.251640 0.066987 0.010893 -0.008180 0.780841 0.624581
1718924418.390194654 -7.436331 -3.250014 0.067112 0.010630 -0.008139 0.781775 0.623417
1718924418.395188093 -7.436416 -3.248381 0.067244 0.010289 -0.008174 0.782707 0.622251
1718924418.399945259 -7.436495 -3.246820 0.067374 0.009929 -0.008287 0.783575 0.621163
1718924418.399945259 -7.436495 -3.246820 0.067374 0.009929 -0.008287 0.783575 0.621163
1718924418.400181770 -7.436499 -3.246742 0.067381 0.009911 -0.008292 0.783618 0.621109
1718924418.405178070 -7.436575 -3.245096 0.067521 0.009517 -0.008453 0.784511 0.619984
1718924418.410190105 -7.436637 -3.243435 0.067656 0.009151 -0.008602 0.785384 0.618882
1718924418.415197849 -7.436687 -3.241768 0.067778 0.008840 -0.008700 0.786226 0.617815
1718924418.420191288 -7.436727 -3.240099 0.067882 0.008573 -0.008761 0.787022 0.616803
1718924418.425198793 -7.436760 -3.238415 0.067967 0.008313 -0.008815 0.787786 0.615830
1718924418.430207968 -7.436787 -3.236717 0.068036 0.008056 -0.008885 0.788521 0.614891
1718924418.435196877 -7.436809 -3.235017 0.068096 0.007794 -0.008994 0.789229 0.613983
1718924418.440189362 -7.436825 -3.233309 0.068153 0.007521 -0.009157 0.789910 0.613109
1718924418.445183754 -7.436833 -3.231596 0.068203 0.007261 -0.009347 0.790571 0.612256
1718924418.450197458 -7.436837 -3.229872 0.068240 0.007037 -0.009543 0.791199 0.611444
1718924418.455239773 -7.436838 -3.228135 0.068260 0.006892 -0.009703 0.791799 0.610666
1718924418.460194111 -7.436839 -3.226426 0.068274 0.006794 -0.009834 0.792363 0.609933
1718924418.465186357 -7.436836 -3.224699 0.068292 0.006713 -0.009960 0.792916 0.609213
1718924418.470258236 -7.436833 -3.222942 0.068324 0.006629 -0.010082 0.793468 0.608492
1718924418.475201368 -7.436834 -3.221229 0.068377 0.006538 -0.010179 0.794013 0.607780
1718924418.480201244 -7.436838 -3.219495 0.068456 0.006423 -0.010284 0.794568 0.607055
1718924418.485202789 -7.436839 -3.217757 0.068559 0.006286 -0.010419 0.795122 0.606327
1718924418.490191221 -7.436838 -3.216016 0.068678 0.006140 -0.010587 0.795682 0.605591
1718924418.495230675 -7.436839 -3.214253 0.068802 0.006009 -0.010746 0.796249 0.604844
1718924418.499983311 -7.436846 -3.212586 0.068913 0.005917 -0.010855 0.796789 0.604132
1718924418.499983311 -7.436846 -3.212586 0.068913 0.005917 -0.010855 0.796789 0.604132
1718924418.500183821 -7.436846 -3.212515 0.068917 0.005914 -0.010860 0.796811 0.604102
1718924418.505217552 -7.436858 -3.210747 0.069022 0.005840 -0.010931 0.797389 0.603338
1718924418.510213614 -7.436870 -3.208992 0.069120 0.005762 -0.010974 0.797960 0.602584
1718924418.515190125 -7.436882 -3.207242 0.069215 0.005668 -0.011001 0.798518 0.601843
1718924418.555257320 -7.437094 -3.193240 0.069630 0.007535 -0.009440 0.802494 0.596537
1718924418.560193777 -7.437139 -3.191525 0.069642 0.007816 -0.009214 0.802986 0.595875
1718924418.565241337 -7.437191 -3.189774 0.069648 0.008083 -0.008976 0.803490 0.595196
1718924418.570240736 -7.437241 -3.188038 0.069658 0.008270 -0.008800 0.803990 0.594520
1718924418.575255871 -7.437282 -3.186292 0.069679 0.008332 -0.008724 0.804490 0.593843
1718924418.580276728 -7.437312 -3.184537 0.069715 0.008290 -0.008742 0.805000 0.593153
1718924418.585233927 -7.437339 -3.182802 0.069763 0.008209 -0.008803 0.805513 0.592455
1718924418.590212822 -7.437368 -3.181059 0.069820 0.008115 -0.008874 0.806030 0.591752
1718924418.595169306 -7.437403 -3.179329 0.069883 0.008017 -0.008934 0.806553 0.591040
1718924418.599985123 -7.437441 -3.177656 0.069945 0.007929 -0.008981 0.807070 0.590334
1718924418.599985123 -7.437441 -3.177656 0.069945 0.007929 -0.008981 0.807070 0.590334
1718924418.600172997 -7.437443 -3.177591 0.069947 0.007925 -0.008982 0.807091 0.590306
1718924418.605217457 -7.437490 -3.175846 0.070004 0.007817 -0.009047 0.807623 0.589578
1718924418.610213518 -7.437540 -3.174122 0.070055 0.007738 -0.009114 0.808129 0.588884
1718924418.615179777 -7.437595 -3.172410 0.070102 0.007714 -0.009154 0.808613 0.588219
1718924418.620215893 -7.437654 -3.170678 0.070147 0.007737 -0.009162 0.809082 0.587573
1718924418.625182629 -7.437712 -3.168973 0.070195 0.007789 -0.009136 0.809522 0.586966
1718924418.630268812 -7.437769 -3.167233 0.070255 0.007855 -0.009088 0.809955 0.586369
1718924418.635181904 -7.437819 -3.165557 0.070326 0.007902 -0.009054 0.810345 0.585830
1718924418.640185356 -7.437861 -3.163851 0.070414 0.007907 -0.009070 0.810713 0.585321
1718924418.645192623 -7.437893 -3.162141 0.070517 0.007875 -0.009128 0.811059 0.584841
1718924418.650169849 -7.437921 -3.160437 0.070628 0.007833 -0.009203 0.811385 0.584387
1718924418.655228376 -7.437951 -3.158702 0.070738 0.007794 -0.009264 0.811701 0.583947
1718924418.660187006 -7.437982 -3.157000 0.070837 0.007779 -0.009273 0.812003 0.583528
1718924418.665224314 -7.438018 -3.155276 0.070926 0.007799 -0.009197 0.812298 0.583118
1718924418.670178175 -7.438065 -3.153583 0.071001 0.007911 -0.009013 0.812580 0.582726
1718924418.675186157 -7.438121 -3.151875 0.071066 0.008052 -0.008782 0.812872 0.582320
1718924418.680181026 -7.438174 -3.150167 0.071130 0.008109 -0.008623 0.813177 0.581896
1718924418.685186148 -7.438219 -3.148446 0.071206 0.008085 -0.008587 0.813488 0.581462
1718924418.690184832 -7.438260 -3.146719 0.071294 0.007985 -0.008669 0.813807 0.581016
1718924418.695168972 -7.438304 -3.144992 0.071391 0.007859 -0.008785 0.814132 0.580561
1718924418.699892282 -7.438352 -3.143353 0.071484 0.007775 -0.008875 0.814440 0.580128
1718924418.699892282 -7.438352 -3.143353 0.071484 0.007775 -0.008875 0.814440 0.580128
1718924418.700185776 -7.438355 -3.143251 0.071490 0.007771 -0.008881 0.814459 0.580101
1718924418.705176353 -7.438408 -3.141513 0.071598 0.007723 -0.008952 0.814788 0.579638
1718924418.710161209 -7.438462 -3.139775 0.071706 0.007707 -0.008972 0.815123 0.579167
1718924418.715214252 -7.438519 -3.138012 0.071814 0.007741 -0.008920 0.815462 0.578690
1718924418.770186186 -7.439732 -3.118698 0.073685 0.010136 -0.005136 0.820340 0.571764
1718924418.790210724 -7.440332 -3.111550 0.074610 0.010195 -0.004810 0.822314 0.568922
1718924418.795165062 -7.440470 -3.109764 0.074828 0.010245 -0.004744 0.822813 0.568199
1718924418.799988270 -7.440600 -3.108018 0.075034 0.010308 -0.004692 0.823315 0.567472
1718924418.799988270 -7.440600 -3.108018 0.075034 0.010308 -0.004692 0.823315 0.567472
1718924418.800215244 -7.440607 -3.107936 0.075043 0.010310 -0.004689 0.823338 0.567438
1718924418.805167198 -7.440735 -3.106134 0.075244 0.010379 -0.004640 0.823850 0.566695
1718924418.810213566 -7.440860 -3.104290 0.075435 0.010466 -0.004583 0.824368 0.565938
1718924418.815199137 -7.440978 -3.102463 0.075612 0.010569 -0.004504 0.824874 0.565200
1718924418.820209980 -7.441096 -3.100621 0.075784 0.010679 -0.004386 0.825376 0.564465
1718924418.825205564 -7.441210 -3.098776 0.075957 0.010756 -0.004300 0.825871 0.563740
1718924418.830206871 -7.441318 -3.096918 0.076137 0.010774 -0.004257 0.826361 0.563022
1718924418.835170507 -7.441417 -3.095060 0.076332 0.010735 -0.004271 0.826838 0.562321
1718924418.840183496 -7.441505 -3.093171 0.076548 0.010677 -0.004325 0.827306 0.561634
1718924418.845225334 -7.441578 -3.091260 0.076780 0.010629 -0.004402 0.827770 0.560949
1718924418.850212336 -7.441635 -3.089359 0.077015 0.010613 -0.004477 0.828214 0.560293
1718924418.855181456 -7.441681 -3.087456 0.077247 0.010660 -0.004487 0.828634 0.559672
1718924418.860174656 -7.441726 -3.085540 0.077470 0.010809 -0.004386 0.829040 0.559068
1718924418.865185738 -7.441776 -3.083617 0.077679 0.011012 -0.004228 0.829436 0.558477
1718924418.870167494 -7.441827 -3.081701 0.077878 0.011209 -0.004083 0.829801 0.557933
1718924418.875179529 -7.441872 -3.079766 0.078074 0.011353 -0.004014 0.830138 0.557427
1718924418.880185604 -7.441909 -3.077826 0.078268 0.011442 -0.004015 0.830453 0.556957
1718924418.885218620 -7.441939 -3.075872 0.078460 0.011529 -0.004055 0.830750 0.556511
1718924418.890164852 -7.441967 -3.073951 0.078643 0.011669 -0.004094 0.831005 0.556127
1718924418.895207405 -7.442001 -3.071995 0.078820 0.011884 -0.004092 0.831231 0.555786
1718924418.899995327 -7.442045 -3.070145 0.078981 0.012135 -0.004024 0.831438 0.555470
1718924418.899995327 -7.442045 -3.070145 0.078981 0.012135 -0.004024 0.831438 0.555470
1718924418.900005341 -7.447696 -3.062350 0.049813 0.008080 -0.005639 0.827036 0.562063
1718924418.900005341 -7.447696 -3.062350 0.049813 0.008080 -0.005639 0.827036 0.562063
1718924418.900210142 -7.447693 -3.062298 0.049832 0.008091 -0.005636 0.827044 0.562050
1718924418.905161381 -7.447631 -3.061050 0.050272 0.008365 -0.005531 0.827265 0.561722
1718924418.910173655 -7.447583 -3.059790 0.050717 0.008631 -0.005415 0.827481 0.561402
1718924418.915179253 -7.447554 -3.058528 0.051174 0.008873 -0.005295 0.827714 0.561055
1718924418.985167503 -7.448795 -3.040614 0.055716 0.005378 -0.009164 0.836094 0.548484
1718924418.990163326 -7.449078 -3.039334 0.055918 0.005179 -0.009394 0.836751 0.547478
1718924418.995149374 -7.449380 -3.038055 0.056105 0.005023 -0.009599 0.837439 0.546424
1718924419.000202179 -7.449709 -3.036757 0.056262 0.004913 -0.009764 0.838162 0.545312
1718924419.005146980 -7.450056 -3.035482 0.056371 0.004870 -0.009893 0.838902 0.544170
1718924419.010201454 -7.450427 -3.034175 0.056441 0.004871 -0.009989 0.839687 0.542957
1718924419.015171289 -7.450806 -3.032892 0.056467 0.004898 -0.010048 0.840484 0.541722
1718924419.020165205 -7.451200 -3.031598 0.056446 0.004944 -0.010105 0.841310 0.540435
1718924419.025161505 -7.451605 -3.030294 0.056383 0.005002 -0.010204 0.842164 0.539102
1718924419.030148029 -7.452012 -3.028981 0.056283 0.005022 -0.010369 0.843043 0.537723
1718924419.035216570 -7.452422 -3.027640 0.056145 0.005009 -0.010594 0.843967 0.536268
1718924419.040200949 -7.452819 -3.026315 0.055977 0.004947 -0.010893 0.844902 0.534788
1718924419.045233965 -7.453213 -3.024969 0.055795 0.004850 -0.011226 0.845864 0.533258
1718924419.050194502 -7.453605 -3.023637 0.055622 0.004739 -0.011471 0.846843 0.531698
1718924419.055155039 -7.454004 -3.022301 0.055440 0.004545 -0.011744 0.847872 0.530052
1718924419.060156822 -7.454416 -3.020945 0.055209 0.004369 -0.012032 0.848950 0.528319
1718924419.065152884 -7.454837 -3.019579 0.054914 0.004189 -0.012364 0.850071 0.526507
1718924419.070138454 -7.455272 -3.018211 0.054561 0.004007 -0.012739 0.851255 0.524583
1718924419.075155735 -7.455720 -3.016833 0.054156 0.003869 -0.013149 0.852484 0.522574
1718924419.080139875 -7.456170 -3.015465 0.053744 0.004043 -0.013374 0.853697 0.520583
1718924419.085153580 -7.456618 -3.014085 0.053385 0.004635 -0.013443 0.854861 0.518663
1718924419.090139389 -7.457022 -3.012694 0.053157 0.005408 -0.013552 0.855980 0.516803
1718924419.095145226 -7.457350 -3.011284 0.053101 0.005968 -0.013798 0.857037 0.515035
1718924419.099957228 -7.457607 -3.009947 0.053215 0.006200 -0.013971 0.857892 0.513603
1718924419.099957228 -7.457607 -3.009947 0.053215 0.006200 -0.013971 0.857892 0.513603
1718924419.100148678 -7.457615 -3.009893 0.053223 0.006209 -0.013978 0.857926 0.513546
1718924419.105146885 -7.457840 -3.008517 0.053493 0.006354 -0.013820 0.858595 0.512428
1718924419.110154152 -7.458110 -3.007176 0.053888 0.006484 -0.013418 0.859082 0.511621
1718924419.140157461 -7.458779 -2.998099 0.054949 0.006296 -0.011571 0.861591 0.507432
1718924419.145155907 -7.459105 -2.996691 0.054812 0.006407 -0.011143 0.862021 0.506709
1718924419.150162458 -7.459449 -2.995282 0.054621 0.006617 -0.010636 0.862492 0.505915
1718924419.155142784 -7.459807 -2.993885 0.054393 0.006840 -0.010075 0.862996 0.505063
1718924419.160212040 -7.460176 -2.992461 0.054135 0.006958 -0.009612 0.863550 0.504123
1718924419.165189266 -7.460541 -2.991052 0.053887 0.006958 -0.009352 0.864128 0.503137
1718924419.170196533 -7.460912 -2.989627 0.053664 0.006898 -0.009211 0.864730 0.502105
1718924419.175203562 -7.461292 -2.988202 0.053466 0.006838 -0.009102 0.865332 0.501069
1718924419.180152893 -7.461670 -2.986793 0.053298 0.006749 -0.009055 0.865920 0.500055
1718924419.185202837 -7.462050 -2.985346 0.053164 0.006632 -0.009077 0.866512 0.499029
1718924419.190149307 -7.462415 -2.983920 0.053071 0.006530 -0.009153 0.867089 0.498027
1718924419.195154428 -7.462782 -2.982473 0.053003 0.006487 -0.009191 0.867667 0.497019
1718924419.200002193 -7.463144 -2.981073 0.052954 0.006530 -0.009155 0.868203 0.496081
1718924419.200002193 -7.463144 -2.981073 0.052954 0.006530 -0.009155 0.868203 0.496081
1718924419.200208902 -7.463162 -2.981015 0.052952 0.006532 -0.009154 0.868226 0.496041
1718924419.205139160 -7.463581 -2.979632 0.052899 0.006657 -0.009055 0.868747 0.495128
1718924419.210148335 -7.464018 -2.978232 0.052836 0.006837 -0.008889 0.869279 0.494195
1718924419.215153694 -7.464471 -2.976837 0.052761 0.007027 -0.008641 0.869815 0.493252
1718924419.255140543 -7.467840 -2.965383 0.052156 0.007113 -0.006786 0.874774 0.484431
1718924419.260180235 -7.468310 -2.963914 0.052155 0.007176 -0.006535 0.875379 0.483340
1718924419.265185356 -7.468778 -2.962453 0.052171 0.007308 -0.006256 0.875966 0.482278
1718924419.270177603 -7.469248 -2.960993 0.052208 0.007447 -0.005998 0.876527 0.481258
1718924419.275177479 -7.469723 -2.959526 0.052270 0.007552 -0.005815 0.877072 0.480265
1718924419.280138731 -7.470196 -2.958069 0.052347 0.007600 -0.005713 0.877595 0.479309
1718924419.285176039 -7.470679 -2.956589 0.052424 0.007617 -0.005648 0.878108 0.478369
1718924419.290140867 -7.471155 -2.955130 0.052490 0.007583 -0.005638 0.878594 0.477477
1718924419.295137405 -7.471629 -2.953660 0.052542 0.007491 -0.005685 0.879069 0.476602
1718924419.299963236 -7.472083 -2.952241 0.052580 0.007375 -0.005731 0.879517 0.475775
1718924419.299963236 -7.472083 -2.952241 0.052580 0.007375 -0.005731 0.879517 0.475775
1718924419.300140142 -7.472100 -2.952189 0.052581 0.007371 -0.005733 0.879534 0.475745
1718924419.305179596 -7.472579 -2.950714 0.052604 0.007244 -0.005739 0.879994 0.474895
1718924419.310139179 -7.473059 -2.949267 0.052616 0.007156 -0.005701 0.880444 0.474063
1718924419.315192938 -7.473557 -2.947797 0.052624 0.007117 -0.005662 0.880887 0.473240
1718924419.320147991 -7.474050 -2.946353 0.052639 0.007094 -0.005682 0.881301 0.472468
1718924419.325206280 -7.474552 -2.944876 0.052666 0.007077 -0.005781 0.881701 0.471720
1718924419.330147266 -7.475043 -2.943428 0.052703 0.007078 -0.005913 0.882064 0.471039
1718924419.335155249 -7.475543 -2.941959 0.052744 0.007086 -0.006040 0.882402 0.470403
1718924419.340214729 -7.476051 -2.940474 0.052785 0.007074 -0.006155 0.882728 0.469791
1718924419.345153570 -7.476548 -2.939024 0.052821 0.007030 -0.006245 0.883030 0.469223
1718924419.350266933 -7.477066 -2.937526 0.052852 0.006961 -0.006311 0.883319 0.468678
1718924419.355149031 -7.477565 -2.936103 0.052877 0.006870 -0.006371 0.883576 0.468195
1718924419.360137463 -7.478077 -2.934655 0.052899 0.006759 -0.006465 0.883818 0.467737
1718924419.365146637 -7.478594 -2.933204 0.052925 0.006653 -0.006610 0.884045 0.467307
1718924419.370142460 -7.479115 -2.931760 0.052958 0.006575 -0.006775 0.884259 0.466902
1718924419.375138044 -7.479647 -2.930320 0.052998 0.006531 -0.006908 0.884468 0.466504
1718924419.380142212 -7.480189 -2.928882 0.053042 0.006525 -0.006997 0.884677 0.466106
1718924419.385145903 -7.480733 -2.927450 0.053086 0.006512 -0.007063 0.884889 0.465703
1718924419.390142918 -7.481279 -2.926026 0.053125 0.006481 -0.007128 0.885098 0.465305
1718924419.395139694 -7.481829 -2.924609 0.053155 0.006431 -0.007187 0.885314 0.464893
1718924419.399978161 -7.482369 -2.923243 0.053176 0.006364 -0.007249 0.885535 0.464472
1718924419.399978161 -7.482369 -2.923243 0.053176 0.006364 -0.007249 0.885535 0.464472
1718924419.400156498 -7.482389 -2.923192 0.053176 0.006361 -0.007252 0.885544 0.464456
1718924419.405145407 -7.482956 -2.921790 0.053194 0.006290 -0.007334 0.885783 0.463999
1718924419.410141945 -7.483528 -2.920391 0.053206 0.006237 -0.007408 0.886028 0.463531
1718924419.415147066 -7.484107 -2.918993 0.053210 0.006226 -0.007465 0.886283 0.463042
1718924419.465165138 -7.489946 -2.905235 0.053233 0.005713 -0.008009 0.889513 0.456803
1718924419.470197201 -7.490527 -2.903869 0.053252 0.005663 -0.008057 0.889837 0.456173
1718924419.475213289 -7.491109 -2.902511 0.053272 0.005646 -0.008088 0.890148 0.455566
1718924419.480197191 -7.491694 -2.901160 0.053296 0.005663 -0.008101 0.890442 0.454989
1718924419.485178471 -7.492285 -2.899809 0.053324 0.005705 -0.008085 0.890719 0.454446
1718924419.490146875 -7.492878 -2.898461 0.053355 0.005753 -0.008031 0.890969 0.453956
1718924419.495177507 -7.493478 -2.897096 0.053387 0.005775 -0.007976 0.891203 0.453499
1718924419.499983072 -7.494047 -2.895792 0.053418 0.005756 -0.007939 0.891408 0.453095
1718924419.499983072 -7.494047 -2.895792 0.053418 0.005756 -0.007939 0.891408 0.453095
1718924419.500135899 -7.494065 -2.895751 0.053418 0.005756 -0.007938 0.891415 0.453082
1718924419.505141735 -7.494658 -2.894395 0.053415 0.005708 -0.007909 0.891614 0.452692
1718924419.510133505 -7.495254 -2.893046 0.053411 0.005661 -0.007898 0.891805 0.452316
1718924419.515157461 -7.495860 -2.891692 0.053407 0.005615 -0.007896 0.891986 0.451959
1718924419.520145893 -7.496468 -2.890351 0.053406 0.005560 -0.007917 0.892159 0.451618
1718924419.525147438 -7.497082 -2.889008 0.053412 0.005497 -0.007971 0.892336 0.451268
1718924419.530277491 -7.497714 -2.887629 0.053425 0.005429 -0.008044 0.892520 0.450902
1718924419.535150290 -7.498318 -2.886318 0.053445 0.005392 -0.008092 0.892698 0.450550
1718924419.540162325 -7.498946 -2.884973 0.053468 0.005394 -0.008088 0.892883 0.450185
1718924419.545136690 -7.499579 -2.883644 0.053491 0.005450 -0.008002 0.893077 0.449800
1718924419.550141335 -7.500225 -2.882314 0.053508 0.005539 -0.007879 0.893277 0.449404
1718924419.555134296 -7.500875 -2.880991 0.053520 0.005605 -0.007767 0.893477 0.449007
1718924419.560208559 -7.501536 -2.879648 0.053525 0.005634 -0.007697 0.893679 0.448605
1718924419.565144300 -7.502182 -2.878341 0.053524 0.005632 -0.007671 0.893888 0.448190
1718924419.570153475 -7.502843 -2.877015 0.053518 0.005617 -0.007660 0.894113 0.447741
1718924419.575149536 -7.503509 -2.875692 0.053506 0.005610 -0.007641 0.894345 0.447277
1718924419.580153465 -7.504183 -2.874365 0.053488 0.005605 -0.007623 0.894579 0.446810
1718924419.585134506 -7.504858 -2.873042 0.053464 0.005609 -0.007603 0.894810 0.446347
1718924419.590132236 -7.505541 -2.871714 0.053435 0.005627 -0.007560 0.895044 0.445878
1718924419.595140934 -7.506230 -2.870386 0.053403 0.005648 -0.007510 0.895280 0.445404
1718924419.599984169 -7.506900 -2.869105 0.053374 0.005675 -0.007461 0.895510 0.444942
1718924419.599984169 -7.506900 -2.869105 0.053374 0.005675 -0.007461 0.895510 0.444942
1718924419.600141764 -7.506922 -2.869063 0.053374 0.005676 -0.007459 0.895518 0.444927
1718924419.605176926 -7.507621 -2.867735 0.053375 0.005704 -0.007402 0.895757 0.444445
1718924419.610174417 -7.508315 -2.866415 0.053384 0.005731 -0.007374 0.895989 0.443978
1718924419.615155935 -7.509005 -2.865094 0.053401 0.005750 -0.007379 0.896215 0.443521
1718924419.665189743 -7.516076 -2.851857 0.054073 0.005634 -0.006773 0.898360 0.439172
1718924419.670193195 -7.516801 -2.850540 0.054227 0.005601 -0.006733 0.898583 0.438715
1718924419.675209284 -7.517528 -2.849216 0.054400 0.005548 -0.006761 0.898805 0.438262
1718924419.680188656 -7.518251 -2.847899 0.054588 0.005494 -0.006823 0.899019 0.437821
1718924419.685138226 -7.518970 -2.846591 0.054783 0.005451 -0.006877 0.899226 0.437397
1718924419.690129995 -7.519697 -2.845275 0.054979 0.005423 -0.006899 0.899428 0.436981
1718924419.695134401 -7.520427 -2.843959 0.055172 0.005417 -0.006885 0.899625 0.436575
1718924419.699906111 -7.521124 -2.842704 0.055349 0.005433 -0.006844 0.899809 0.436196
1718924419.699906111 -7.521124 -2.842704 0.055349 0.005433 -0.006844 0.899809 0.436196
1718924419.700173140 -7.521163 -2.842634 0.055358 0.005433 -0.006842 0.899819 0.436175
1718924419.705140352 -7.521890 -2.841330 0.055512 0.005458 -0.006801 0.900003 0.435796
1718924419.710130930 -7.522622 -2.840018 0.055653 0.005476 -0.006772 0.900181 0.435430
1718924419.715126991 -7.523355 -2.838704 0.055785 0.005481 -0.006764 0.900355 0.435068
1718924419.720164061 -7.524094 -2.837378 0.055917 0.005468 -0.006781 0.900525 0.434717
1718924419.725139856 -7.524825 -2.836069 0.056050 0.005445 -0.006822 0.900684 0.434386
1718924419.730142593 -7.525560 -2.834749 0.056192 0.005407 -0.006883 0.900837 0.434070
1718924419.735162735 -7.526296 -2.833420 0.056347 0.005371 -0.006962 0.900977 0.433779
1718924419.740135431 -7.527022 -2.832102 0.056517 0.005340 -0.007021 0.901096 0.433529
1718924419.745136499 -7.527752 -2.830776 0.056698 0.005330 -0.007037 0.901201 0.433311
1718924419.750139475 -7.528483 -2.829446 0.056887 0.005330 -0.007038 0.901297 0.433111
1718924419.755133390 -7.529210 -2.828115 0.057080 0.005327 -0.007063 0.901383 0.432932
1718924419.760130882 -7.529934 -2.826776 0.057275 0.005306 -0.007141 0.901454 0.432784
1718924419.765129328 -7.530652 -2.825431 0.057465 0.005242 -0.007256 0.901511 0.432664
1718924419.770127773 -7.531364 -2.824080 0.057647 0.005151 -0.007417 0.901562 0.432556
1718924419.775135279 -7.532071 -2.822720 0.057822 0.005042 -0.007618 0.901612 0.432450
1718924419.780128717 -7.532770 -2.821358 0.057994 0.004939 -0.007832 0.901662 0.432342
1718924419.785137892 -7.533470 -2.819987 0.058167 0.004855 -0.008045 0.901721 0.432217
1718924419.790129423 -7.534168 -2.818616 0.058344 0.004782 -0.008239 0.901791 0.432067
1718924419.795124054 -7.534866 -2.817244 0.058527 0.004715 -0.008399 0.901875 0.431891
1718924419.799982071 -7.535544 -2.815906 0.058712 0.004654 -0.008545 0.901972 0.431686
1718924419.799982071 -7.535544 -2.815906 0.058712 0.004654 -0.008545 0.901972 0.431686
1718924419.800129890 -7.535565 -2.815865 0.058718 0.004652 -0.008549 0.901975 0.431679
1718924419.805126667 -7.536264 -2.814489 0.058924 0.004598 -0.008689 0.902098 0.431419
1718924419.810119629 -7.536962 -2.813108 0.059126 0.004546 -0.008820 0.902244 0.431111
1718924419.855123997 -7.543292 -2.800728 0.060948 0.004409 -0.009997 0.903816 0.427782
1718924419.860129356 -7.543975 -2.799295 0.061257 0.004428 -0.010077 0.903996 0.427399
1718924419.865138531 -7.544656 -2.797858 0.061572 0.004455 -0.010140 0.904164 0.427043
1718924419.870131016 -7.545331 -2.796424 0.061884 0.004482 -0.010184 0.904313 0.426725
1718924419.875147104 -7.546005 -2.794982 0.062191 0.004502 -0.010202 0.904454 0.426426
1718924419.880132437 -7.546671 -2.793550 0.062487 0.004491 -0.010200 0.904588 0.426140
1718924419.885133982 -7.547338 -2.792113 0.062772 0.004470 -0.010178 0.904707 0.425890
1718924419.890126228 -7.548001 -2.790676 0.063046 0.004446 -0.010178 0.904808 0.425674
1718924419.895123959 -7.548662 -2.789234 0.063310 0.004430 -0.010184 0.904896 0.425488
1718924419.900002241 -7.549311 -2.787826 0.063561 0.004423 -0.010201 0.904972 0.425326
1718924419.900002241 -7.549311 -2.787826 0.063561 0.004423 -0.010201 0.904972 0.425326
1718924419.900119305 -7.549327 -2.787792 0.063568 0.004423 -0.010203 0.904973 0.425323
1718924419.905128241 -7.549994 -2.786343 0.063835 0.004429 -0.010226 0.905042 0.425176
1718924419.910127640 -7.550664 -2.784895 0.064106 0.004435 -0.010267 0.905107 0.425038
1718924419.915152311 -7.551340 -2.783438 0.064388 0.004434 -0.010331 0.905176 0.424888
1718924419.920153856 -7.552015 -2.781989 0.064682 0.004419 -0.010381 0.905254 0.424721
1718924419.925148726 -7.552697 -2.780545 0.064989 0.004418 -0.010405 0.905337 0.424543
1718924419.930160046 -7.553391 -2.779098 0.065310 0.004422 -0.010433 0.905431 0.424342
1718924419.935130596 -7.554090 -2.777663 0.065636 0.004428 -0.010473 0.905533 0.424123
1718924419.940192699 -7.554815 -2.776203 0.065965 0.004438 -0.010508 0.905654 0.423865
1718924419.945120573 -7.555532 -2.774787 0.066274 0.004464 -0.010488 0.905784 0.423586
1718924419.950174093 -7.556279 -2.773340 0.066577 0.004503 -0.010409 0.905927 0.423282
1718924419.955120087 -7.557019 -2.771924 0.066857 0.004535 -0.010300 0.906076 0.422966
1718924419.960172415 -7.557780 -2.770477 0.067130 0.004540 -0.010190 0.906240 0.422616
1718924419.965130091 -7.558531 -2.769059 0.067389 0.004538 -0.010068 0.906418 0.422238
1718924419.970201254 -7.559307 -2.767613 0.067654 0.004540 -0.009946 0.906608 0.421832
1718924419.975203276 -7.560080 -2.766190 0.067917 0.004562 -0.009845 0.906803 0.421415
1718924419.980137348 -7.560847 -2.764790 0.068178 0.004594 -0.009760 0.907000 0.420992
1718924419.985165358 -7.561634 -2.763371 0.068440 0.004645 -0.009672 0.907207 0.420548
1718924419.990130901 -7.562416 -2.761978 0.068693 0.004692 -0.009591 0.907416 0.420098
1718924419.995171070 -7.563213 -2.760568 0.068942 0.004720 -0.009529 0.907621 0.419655
1718924420.000160933 -7.564002 -2.759176 0.069182 0.004722 -0.009470 0.907815 0.419237
1718924420.005166531 -7.564795 -2.757784 0.069417 0.004701 -0.009407 0.908007 0.418824
1718924420.010127306 -7.565585 -2.756409 0.069647 0.004675 -0.009341 0.908192 0.418423
1718924420.035193920 -7.569561 -2.749464 0.070885 0.004717 -0.009148 0.908750 0.417213
1718924420.040238380 -7.570364 -2.748071 0.071153 0.004715 -0.009087 0.908859 0.416977
1718924420.045182228 -7.571151 -2.746705 0.071418 0.004699 -0.009027 0.908947 0.416787
1718924420.050164938 -7.571945 -2.745328 0.071686 0.004666 -0.008969 0.909019 0.416632
1718924420.055175066 -7.572742 -2.743941 0.071958 0.004619 -0.008924 0.909078 0.416505
1718924420.060164452 -7.573536 -2.742558 0.072235 0.004571 -0.008910 0.909126 0.416400
1718924420.065167904 -7.574335 -2.741171 0.072517 0.004536 -0.008909 0.909165 0.416315
1718924420.070129871 -7.575132 -2.739794 0.072801 0.004520 -0.008909 0.909196 0.416247
1718924420.075128555 -7.575938 -2.738406 0.073088 0.004519 -0.008917 0.909221 0.416193
1718924420.080127239 -7.576745 -2.737017 0.073376 0.004527 -0.008924 0.909249 0.416133
1718924420.085122108 -7.577557 -2.735629 0.073664 0.004530 -0.008929 0.909278 0.416069
1718924420.090118170 -7.578371 -2.734240 0.073953 0.004525 -0.008925 0.909316 0.415986
1718924420.095123768 -7.579191 -2.732850 0.074245 0.004511 -0.008920 0.909360 0.415889
1718924420.100018263 -7.579995 -2.731490 0.074530 0.004472 -0.008921 0.909417 0.415766
1718924420.100018263 -7.579995 -2.731490 0.074530 0.004472 -0.008921 0.909417 0.415766
1718924420.100121021 -7.580012 -2.731461 0.074537 0.004471 -0.008922 0.909417 0.415765
1718924420.105123043 -7.580841 -2.730081 0.074846 0.004427 -0.008934 0.909492 0.415603
1718924420.110127449 -7.581676 -2.728698 0.075149 0.004389 -0.008957 0.909581 0.415406
1718924420.115133286 -7.582517 -2.727310 0.075443 0.004362 -0.008985 0.909678 0.415194
1718924420.150168896 -7.588354 -2.717338 0.077839 0.004238 -0.009148 0.910390 0.413627
1718924420.155168056 -7.589181 -2.715873 0.078217 0.004222 -0.009135 0.910507 0.413372
1718924420.160122395 -7.590004 -2.714415 0.078594 0.004230 -0.009106 0.910620 0.413122
1718924420.165162086 -7.590842 -2.712928 0.078975 0.004262 -0.009061 0.910735 0.412869
1718924420.170132875 -7.591668 -2.711457 0.079345 0.004294 -0.009022 0.910845 0.412627
1718924420.175130606 -7.592496 -2.709972 0.079713 0.004324 -0.008987 0.910950 0.412395
1718924420.180125475 -7.593323 -2.708484 0.080077 0.004359 -0.008951 0.911049 0.412178
1718924420.185132027 -7.594152 -2.706992 0.080437 0.004395 -0.008903 0.911146 0.411964
1718924420.190130472 -7.594980 -2.705500 0.080794 0.004432 -0.008847 0.911239 0.411758
1718924420.195129395 -7.595808 -2.704006 0.081151 0.004465 -0.008794 0.911324 0.411571
1718924420.200125456 -7.596639 -2.702511 0.081509 0.004505 -0.008719 0.911406 0.411391
1718924420.205162048 -7.597483 -2.701003 0.081874 0.004556 -0.008609 0.911486 0.411215
1718924420.210118532 -7.598318 -2.699518 0.082241 0.004618 -0.008481 0.911566 0.411040
1718924420.215140820 -7.599167 -2.698010 0.082624 0.004670 -0.008392 0.911644 0.410868
1718924420.220135689 -7.600010 -2.696504 0.083012 0.004687 -0.008361 0.911719 0.410702
1718924420.225169420 -7.600860 -2.694980 0.083405 0.004682 -0.008372 0.911791 0.410542
1718924420.230129719 -7.601698 -2.693475 0.083788 0.004670 -0.008408 0.911865 0.410378
1718924420.235127211 -7.602548 -2.691961 0.084166 0.004675 -0.008445 0.911942 0.410205
1718924420.240127325 -7.603405 -2.690445 0.084534 0.004686 -0.008470 0.912016 0.410040
1718924420.245173216 -7.604274 -2.688914 0.084895 0.004693 -0.008501 0.912088 0.409879
1718924420.250162840 -7.605135 -2.687398 0.085245 0.004687 -0.008534 0.912158 0.409722
1718924420.255156994 -7.605997 -2.685880 0.085593 0.004675 -0.008550 0.912228 0.409566
1718924420.260161638 -7.606865 -2.684358 0.085942 0.004650 -0.008546 0.912299 0.409409
1718924420.265158176 -7.607737 -2.682836 0.086301 0.004622 -0.008538 0.912368 0.409257
1718924420.270162344 -7.608614 -2.681308 0.086678 0.004583 -0.008555 0.912438 0.409100
1718924420.275156975 -7.609493 -2.679780 0.087073 0.004534 -0.008614 0.912513 0.408932
1718924420.280116796 -7.610368 -2.678258 0.087477 0.004486 -0.008690 0.912596 0.408746
1718924420.285119534 -7.611255 -2.676720 0.087888 0.004437 -0.008777 0.912683 0.408549
1718924420.290107965 -7.612143 -2.675187 0.088294 0.004393 -0.008863 0.912778 0.408336
1718924420.295111656 -7.613035 -2.673651 0.088687 0.004373 -0.008915 0.912879 0.408109
1718924420.299988031 -7.613906 -2.672158 0.089049 0.004375 -0.008915 0.912982 0.407880
1718924420.299988031 -7.613906 -2.672158 0.089049 0.004375 -0.008915 0.912982 0.407880
1718924420.300157309 -7.613936 -2.672107 0.089061 0.004375 -0.008915 0.912985 0.407872
1718924420.305124283 -7.614830 -2.670606 0.089421 0.004376 -0.008870 0.913096 0.407624
1718924420.310157061 -7.615736 -2.669089 0.089774 0.004373 -0.008819 0.913216 0.407357
1718924420.315128803 -7.616630 -2.667594 0.090118 0.004361 -0.008773 0.913342 0.407075
1718924420.345135450 -7.622122 -2.658924 0.092166 0.004963 -0.008432 0.914239 0.405056
1718924420.350193739 -7.623054 -2.657460 0.092521 0.005076 -0.008289 0.914415 0.404661
1718924420.355163097 -7.623973 -2.656031 0.092862 0.005173 -0.008146 0.914608 0.404226
1718924420.360162497 -7.624903 -2.654600 0.093195 0.005234 -0.008022 0.914826 0.403736
1718924420.365166664 -7.625840 -2.653173 0.093518 0.005262 -0.007933 0.915061 0.403203
1718924420.370113134 -7.626775 -2.651769 0.093828 0.005259 -0.007876 0.915311 0.402637
1718924420.375174046 -7.627742 -2.650338 0.094131 0.005226 -0.007850 0.915584 0.402015
1718924420.380181074 -7.628713 -2.648928 0.094420 0.005177 -0.007836 0.915865 0.401377
1718924420.385124207 -7.629685 -2.647540 0.094704 0.005143 -0.007800 0.916147 0.400734
1718924420.390178680 -7.630686 -2.646124 0.095000 0.005129 -0.007728 0.916437 0.400071
1718924420.395203114 -7.631685 -2.644715 0.095306 0.005140 -0.007649 0.916723 0.399416
1718924420.399980068 -7.632638 -2.643371 0.095608 0.005171 -0.007574 0.916991 0.398803
1718924420.399980068 -7.632638 -2.643371 0.095608 0.005171 -0.007574 0.916991 0.398803
1718924420.400190592 -7.632680 -2.643311 0.095623 0.005172 -0.007572 0.917003 0.398776
1718924420.405163765 -7.633683 -2.641895 0.095967 0.005208 -0.007518 0.917270 0.398162
1718924420.410115480 -7.634681 -2.640480 0.096316 0.005232 -0.007503 0.917535 0.397549
1718924420.415183306 -7.635700 -2.639025 0.096683 0.005235 -0.007538 0.917808 0.396920
1718924420.420149803 -7.636700 -2.637597 0.097051 0.005219 -0.007605 0.918068 0.396314
1718924420.425123215 -7.637709 -2.636169 0.097421 0.005199 -0.007654 0.918334 0.395698
1718924420.430126667 -7.638737 -2.634739 0.097790 0.005179 -0.007662 0.918603 0.395073
1718924420.435129166 -7.639778 -2.633315 0.098157 0.005173 -0.007645 0.918877 0.394436
1718924420.440178394 -7.640840 -2.631881 0.098530 0.005178 -0.007627 0.919164 0.393768
1718924420.445216656 -7.641909 -2.630452 0.098900 0.005181 -0.007620 0.919459 0.393078
1718924420.450125217 -7.642956 -2.629059 0.099258 0.005188 -0.007611 0.919753 0.392389
1718924420.455119848 -7.644025 -2.627641 0.099621 0.005200 -0.007615 0.920043 0.391710
1718924420.460152626 -7.645105 -2.626207 0.099984 0.005213 -0.007632 0.920317 0.391064
1718924420.465153456 -7.646176 -2.624779 0.100338 0.005230 -0.007652 0.920582 0.390438
1718924420.470155478 -7.647241 -2.623345 0.100682 0.005223 -0.007682 0.920834 0.389843
1718924420.475158930 -7.648301 -2.621908 0.101021 0.005196 -0.007723 0.921073 0.389279
1718924420.480115652 -7.649352 -2.620486 0.101355 0.005158 -0.007752 0.921304 0.388731
1718924420.485119104 -7.650423 -2.619058 0.101694 0.005119 -0.007779 0.921537 0.388178
1718924420.490165710 -7.651510 -2.617620 0.102042 0.005060 -0.007844 0.921761 0.387645
1718924420.495160103 -7.652588 -2.616195 0.102392 0.004982 -0.007958 0.921969 0.387150
1718924420.499982119 -7.653633 -2.614822 0.102721 0.004974 -0.008003 0.922157 0.386701
1718924420.499982119 -7.653633 -2.614822 0.102721 0.004974 -0.008003 0.922157 0.386701
1718924420.500125170 -7.653664 -2.614782 0.102731 0.004974 -0.008004 0.922163 0.386687
1718924420.505121231 -7.654742 -2.613371 0.103044 0.005006 -0.007975 0.922354 0.386231
1718924420.510118723 -7.655817 -2.611954 0.103332 0.005090 -0.007941 0.922528 0.385815
1718924420.515196323 -7.656904 -2.610504 0.103617 0.005183 -0.007976 0.922699 0.385404
1718924420.595165253 -7.673802 -2.587234 0.106768 0.008734 -0.006943 0.929611 0.368374
1718924420.599982977 -7.674808 -2.585759 0.106865 0.008926 -0.006865 0.930035 0.367299
1718924420.599982977 -7.674808 -2.585759 0.106865 0.008926 -0.006865 0.930035 0.367299
1718924420.600158215 -7.674842 -2.585708 0.106869 0.008933 -0.006863 0.930050 0.367260
1718924420.605160236 -7.675799 -2.584234 0.106973 0.009099 -0.006907 0.930510 0.366087
1718924420.610156298 -7.676759 -2.582758 0.107051 0.009239 -0.006990 0.930988 0.364867
1718924420.615158558 -7.677723 -2.581284 0.107091 0.009380 -0.007067 0.931486 0.363588
1718924420.620186329 -7.678693 -2.579806 0.107074 0.009499 -0.007141 0.931999 0.362266
1718924420.625131845 -7.679650 -2.578353 0.106996 0.009607 -0.007182 0.932525 0.360905
1718924420.630136251 -7.680624 -2.576886 0.106860 0.009722 -0.007171 0.933079 0.359470
1718924420.635130405 -7.681606 -2.575429 0.106663 0.009872 -0.007084 0.933645 0.357994
1718924420.640120029 -7.682599 -2.573981 0.106410 0.010058 -0.006951 0.934223 0.356480
1718924420.645128012 -7.683609 -2.572531 0.106117 0.010260 -0.006821 0.934823 0.354900
1718924420.650118828 -7.684627 -2.571087 0.105815 0.010439 -0.006758 0.935445 0.353253
1718924420.655112743 -7.685663 -2.569656 0.105519 0.010786 -0.006554 0.936075 0.351574
1718924420.660115004 -7.686727 -2.568247 0.105225 0.011221 -0.006242 0.936721 0.349842
1718924420.665120840 -7.687812 -2.566850 0.104917 0.011584 -0.006032 0.937404 0.347998
1718924420.670105219 -7.688908 -2.565469 0.104566 0.011977 -0.005870 0.938129 0.346029
1718924420.675114632 -7.690024 -2.564107 0.104148 0.012388 -0.005761 0.938907 0.343900
1718924420.680123329 -7.691157 -2.562770 0.103647 0.012787 -0.005673 0.939724 0.341648
1718924420.685166121 -7.692303 -2.561422 0.103077 0.013066 -0.005741 0.940576 0.339283
1718924420.690128565 -7.693414 -2.560073 0.102535 0.012959 -0.006121 0.941411 0.336957
1718924420.695125103 -7.694508 -2.558724 0.102050 0.012342 -0.006614 0.942207 0.334737
1718924420.699861050 -7.695562 -2.557498 0.101621 0.011360 -0.006949 0.942886 0.332849
1718924420.699861050 -7.695562 -2.557498 0.101621 0.011360 -0.006949 0.942886 0.332849
1718924420.700152636 -7.695632 -2.557420 0.101594 0.011300 -0.006968 0.942927 0.332734
1718924420.705093622 -7.696866 -2.556154 0.101146 0.010019 -0.007196 0.943559 0.330974
1718924420.710134506 -7.698197 -2.554925 0.100727 0.008426 -0.007698 0.944158 0.329296
1718924420.715086460 -7.699557 -2.553746 0.100405 0.006849 -0.008511 0.944704 0.327742
1718924420.720092773 -7.700962 -2.552545 0.100252 0.005774 -0.009266 0.945202 0.326305
1718924420.799978018 -7.721836 -2.531879 0.097236 0.006039 -0.009344 0.951661 0.306949
1718924420.799978018 -7.721836 -2.531879 0.097236 0.006039 -0.009344 0.951661 0.306949
1718924420.830079794 -7.729758 -2.523717 0.096280 0.006030 -0.009514 0.953964 0.299711
1718924420.834993124 -7.731049 -2.522330 0.096174 0.006044 -0.009460 0.954334 0.298530
1718924420.840057373 -7.732379 -2.520898 0.096068 0.006093 -0.009274 0.954712 0.297325
1718924420.844992638 -7.733677 -2.519500 0.095964 0.006170 -0.009001 0.955077 0.296157
1718924420.849992752 -7.734995 -2.518080 0.095850 0.006252 -0.008699 0.955439 0.294993
1718924420.854988575 -7.736315 -2.516657 0.095726 0.006303 -0.008427 0.955789 0.293866
1718924420.859984398 -7.737635 -2.515236 0.095599 0.006331 -0.008214 0.956135 0.292744
1718924420.864981890 -7.738958 -2.513819 0.095482 0.006359 -0.008068 0.956479 0.291619
1718924420.869981050 -7.740289 -2.512407 0.095378 0.006402 -0.007970 0.956829 0.290471
1718924420.874989033 -7.741626 -2.510994 0.095285 0.006463 -0.007927 0.957176 0.289325
1718924420.879987955 -7.742953 -2.509578 0.095196 0.006509 -0.007976 0.957517 0.288194
1718924420.884964705 -7.744263 -2.508160 0.095099 0.006543 -0.008082 0.957847 0.287090
1718924420.889952898 -7.745565 -2.506731 0.094983 0.006574 -0.008175 0.958164 0.286027
1718924420.894963503 -7.746864 -2.505292 0.094851 0.006605 -0.008245 0.958465 0.285013
1718924420.899995565 -7.748160 -2.503847 0.094705 0.006634 -0.008292 0.958750 0.284051
1718924420.900023937 -7.748167 -2.503839 0.094704 0.006634 -0.008292 0.958752 0.284046
1718924420.900023937 -7.748167 -2.503839 0.094704 0.006634 -0.008292 0.958752 0.284046
1718924420.904963255 -7.749448 -2.502424 0.094600 0.006672 -0.008305 0.959016 0.283152
1718924420.909959078 -7.750743 -2.500997 0.094497 0.006716 -0.008298 0.959264 0.282309
1718924420.914987326 -7.752044 -2.499561 0.094401 0.006750 -0.008296 0.959496 0.281519
1718924420.954962492 -7.762477 -2.488446 0.093750 0.006352 -0.010945 0.960457 0.278141
1718924420.959972620 -7.763755 -2.487052 0.093596 0.006292 -0.011199 0.960581 0.277703
1718924420.964976311 -7.765032 -2.485667 0.093438 0.006244 -0.011407 0.960705 0.277267
1718924420.969977140 -7.766310 -2.484292 0.093277 0.006194 -0.011586 0.960833 0.276818
1718924420.974969625 -7.767588 -2.482926 0.093112 0.006157 -0.011745 0.960969 0.276337
1718924420.979980946 -7.768871 -2.481559 0.092941 0.006134 -0.011907 0.961115 0.275823
1718924420.984963655 -7.770146 -2.480205 0.092766 0.006112 -0.012063 0.961270 0.275277
1718924420.989972591 -7.771423 -2.478851 0.092579 0.006098 -0.012165 0.961431 0.274709
1718924420.994962215 -7.772690 -2.477511 0.092380 0.006098 -0.012201 0.961593 0.274140
1718924420.999990940 -7.773959 -2.476167 0.092166 0.006111 -0.012197 0.961759 0.273556
1718924421.004965067 -7.775207 -2.474839 0.091946 0.006118 -0.012191 0.961925 0.272974
1718924421.010005951 -7.776465 -2.473490 0.091717 0.006133 -0.012164 0.962090 0.272393
1718924421.014983416 -7.777702 -2.472159 0.091489 0.006174 -0.012112 0.962245 0.271845
1718924421.019989014 -7.778940 -2.470820 0.091265 0.006226 -0.012036 0.962392 0.271328
1718924421.024965286 -7.780163 -2.469489 0.091052 0.006274 -0.011985 0.962527 0.270850
1718924421.029993534 -7.781389 -2.468138 0.090849 0.006304 -0.011990 0.962651 0.270407
1718924421.034994841 -7.782600 -2.466789 0.090660 0.006310 -0.012048 0.962761 0.270012
1718924421.039985180 -7.783801 -2.465441 0.090483 0.006303 -0.012135 0.962858 0.269664
1718924421.044990540 -7.785002 -2.464092 0.090310 0.006306 -0.012212 0.962939 0.269368
1718924421.049976826 -7.786197 -2.462751 0.090137 0.006326 -0.012278 0.963008 0.269119
1718924421.055030107 -7.787402 -2.461396 0.089960 0.006342 -0.012358 0.963071 0.268890
1718924421.060007811 -7.788585 -2.460067 0.089782 0.006355 -0.012464 0.963129 0.268675
1718924421.064963341 -7.789763 -2.458749 0.089596 0.006370 -0.012567 0.963181 0.268486
1718924421.069962740 -7.790953 -2.457425 0.089402 0.006384 -0.012680 0.963229 0.268306
1718924421.074964523 -7.792146 -2.456105 0.089198 0.006394 -0.012786 0.963280 0.268120
1718924421.080010891 -7.793353 -2.454778 0.088987 0.006384 -0.012878 0.963332 0.267925
1718924421.085015059 -7.794553 -2.453467 0.088775 0.006352 -0.012953 0.963390 0.267717
1718924421.090020180 -7.795757 -2.452163 0.088563 0.006300 -0.012985 0.963455 0.267482
1718924421.095028877 -7.796970 -2.450865 0.088347 0.006265 -0.012972 0.963525 0.267231
1718924421.099986076 -7.798180 -2.449586 0.088134 0.006264 -0.012933 0.963599 0.266964
1718924421.099986076 -7.798180 -2.449586 0.088134 0.006264 -0.012933 0.963599 0.266964
1718924421.099990368 -7.798182 -2.449585 0.088134 0.006264 -0.012933 0.963600 0.266963
1718924421.105032444 -7.799430 -2.448302 0.087930 0.006293 -0.012876 0.963679 0.266677
1718924421.110036850 -7.800675 -2.447036 0.087730 0.006356 -0.012803 0.963765 0.266370
1718924421.115008354 -7.801915 -2.445788 0.087532 0.006430 -0.012725 0.963859 0.266033
1718924421.145104885 -7.809792 -2.438477 0.086248 0.006339 -0.012489 0.964561 0.263489
1718924421.150043488 -7.811051 -2.437270 0.086058 0.006342 -0.012436 0.964678 0.263062
1718924421.155040264 -7.812327 -2.436051 0.085869 0.006367 -0.012408 0.964793 0.262642
1718924421.160125494 -7.813627 -2.434811 0.085681 0.006412 -0.012409 0.964906 0.262225
1718924421.165055513 -7.814885 -2.433610 0.085500 0.006462 -0.012436 0.965010 0.261839
1718924421.170067787 -7.816163 -2.432391 0.085319 0.006506 -0.012494 0.965112 0.261459
1718924421.175071478 -7.817436 -2.431176 0.085140 0.006523 -0.012586 0.965205 0.261109
1718924421.180074930 -7.818708 -2.429965 0.084963 0.006502 -0.012694 0.965294 0.260776
1718924421.185083389 -7.819982 -2.428758 0.084786 0.006471 -0.012777 0.965381 0.260449
1718924421.190096855 -7.821262 -2.427557 0.084609 0.006451 -0.012821 0.965463 0.260145
1718924421.195120335 -7.822550 -2.426361 0.084429 0.006447 -0.012823 0.965536 0.259875
1718924421.199987888 -7.823803 -2.425208 0.084254 0.006462 -0.012802 0.965600 0.259636
1718924421.199987888 -7.823803 -2.425208 0.084254 0.006462 -0.012802 0.965600 0.259636
1718924421.200113058 -7.823835 -2.425178 0.084250 0.006463 -0.012801 0.965602 0.259629
1718924421.205113888 -7.825114 -2.423995 0.084090 0.006486 -0.012783 0.965662 0.259407
1718924421.210112572 -7.826393 -2.422814 0.083926 0.006502 -0.012788 0.965715 0.259208
1718924421.215131760 -7.827677 -2.421632 0.083758 0.006508 -0.012814 0.965764 0.259022
1718924421.265167713 -7.840685 -2.410092 0.082220 0.006929 -0.012408 0.966106 0.257755
1718924421.270123720 -7.842001 -2.408973 0.082021 0.006945 -0.012349 0.966143 0.257619
1718924421.275169373 -7.843345 -2.407836 0.081817 0.006949 -0.012292 0.966182 0.257475
1718924421.280128241 -7.844667 -2.406719 0.081620 0.006951 -0.012245 0.966221 0.257329
1718924421.285156727 -7.846010 -2.405589 0.081425 0.006958 -0.012202 0.966260 0.257186
1718924421.290108442 -7.847334 -2.404480 0.081239 0.006979 -0.012145 0.966301 0.257032
1718924421.295115471 -7.848675 -2.403363 0.081055 0.007012 -0.012077 0.966345 0.256869
1718924421.299988985 -7.849983 -2.402280 0.080878 0.007048 -0.012013 0.966391 0.256700
1718924421.299988985 -7.849983 -2.402280 0.080878 0.007048 -0.012013 0.966391 0.256700
1718924421.300109625 -7.850015 -2.402253 0.080874 0.007050 -0.012012 0.966392 0.256696
1718924421.305115223 -7.851366 -2.401153 0.080686 0.007098 -0.011957 0.966438 0.256522
1718924421.310108662 -7.852710 -2.400057 0.080495 0.007140 -0.011920 0.966481 0.256360
1718924421.315137148 -7.854061 -2.398952 0.080295 0.007183 -0.011896 0.966523 0.256205
1718924421.320122719 -7.855398 -2.397858 0.080089 0.007217 -0.011882 0.966565 0.256046
1718924421.325121641 -7.856737 -2.396763 0.079877 0.007245 -0.011884 0.966607 0.255885
1718924421.330122948 -7.858078 -2.395673 0.079665 0.007275 -0.011892 0.966649 0.255723
1718924421.335118294 -7.859420 -2.394588 0.079458 0.007315 -0.011921 0.966690 0.255566
1718924421.340115547 -7.860765 -2.393507 0.079261 0.007353 -0.011970 0.966729 0.255415
1718924421.345159054 -7.862123 -2.392419 0.079072 0.007382 -0.012034 0.966767 0.255271
1718924421.350120068 -7.863460 -2.391353 0.078894 0.007413 -0.012089 0.966801 0.255138
1718924421.355153561 -7.864818 -2.390274 0.078717 0.007452 -0.012132 0.966834 0.255010
1718924421.360125542 -7.866160 -2.389213 0.078539 0.007488 -0.012159 0.966862 0.254899
1718924421.365116358 -7.867508 -2.388152 0.078354 0.007520 -0.012179 0.966886 0.254807
1718924421.370144606 -7.868865 -2.387085 0.078159 0.007547 -0.012200 0.966904 0.254736
1718924421.375160217 -7.870222 -2.386025 0.077957 0.007560 -0.012220 0.966921 0.254672
1718924421.380159616 -7.871578 -2.384971 0.077753 0.007565 -0.012240 0.966935 0.254616
1718924421.385157824 -7.872937 -2.383920 0.077549 0.007563 -0.012267 0.966952 0.254553
1718924421.390108347 -7.874287 -2.382882 0.077353 0.007556 -0.012311 0.966968 0.254489
1718924421.395117044 -7.875658 -2.381834 0.077165 0.007547 -0.012378 0.966980 0.254438
1718924421.399984837 -7.876998 -2.380819 0.076995 0.007552 -0.012450 0.966994 0.254384
1718924421.399984837 -7.876998 -2.380819 0.076995 0.007552 -0.012450 0.966994 0.254384
1718924421.400111198 -7.877033 -2.380793 0.076992 0.007552 -0.012452 0.966994 0.254383
1718924421.405114412 -7.878410 -2.379753 0.076861 0.007565 -0.012508 0.967009 0.254323
1718924421.410110235 -7.879790 -2.378721 0.076736 0.007593 -0.012565 0.967024 0.254261
1718924421.415136576 -7.881182 -2.377688 0.076612 0.007628 -0.012622 0.967039 0.254199
1718924421.499988079 -7.904938 -2.359996 0.076727 0.008860 -0.011886 0.967371 0.252929
1718924421.499988079 -7.904938 -2.359996 0.076727 0.008860 -0.011886 0.967371 0.252929
1718924421.500149488 -7.904984 -2.359962 0.076730 0.008862 -0.011885 0.967372 0.252926
1718924421.505152702 -7.906398 -2.358911 0.076848 0.008953 -0.011827 0.967397 0.252832
1718924421.510160208 -7.907814 -2.357855 0.076976 0.009065 -0.011751 0.967425 0.252723
1718924421.515190363 -7.909233 -2.356791 0.077108 0.009194 -0.011655 0.967456 0.252602
1718924421.520189762 -7.910638 -2.355732 0.077235 0.009331 -0.011532 0.967489 0.252478
1718924421.525168657 -7.912033 -2.354670 0.077353 0.009467 -0.011397 0.967526 0.252336
1718924421.530127048 -7.913419 -2.353604 0.077460 0.009598 -0.011282 0.967566 0.252184
1718924421.535125971 -7.914813 -2.352517 0.077557 0.009729 -0.011202 0.967605 0.252031
1718924421.540116787 -7.916201 -2.351420 0.077645 0.009840 -0.011157 0.967642 0.251887
1718924421.545174360 -7.917603 -2.350298 0.077728 0.009926 -0.011128 0.967681 0.251737
1718924421.550115824 -7.918972 -2.349192 0.077810 0.009997 -0.011099 0.967721 0.251581
1718924421.555112362 -7.920357 -2.348063 0.077902 0.010060 -0.011063 0.967760 0.251428
1718924421.560113430 -7.921742 -2.346924 0.078003 0.010116 -0.011029 0.967799 0.251279
1718924421.565149784 -7.923136 -2.345769 0.078112 0.010167 -0.011010 0.967836 0.251135
1718924421.570113897 -7.924510 -2.344626 0.078224 0.010209 -0.011023 0.967873 0.250990
1718924421.575150967 -7.925906 -2.343461 0.078338 0.010260 -0.011067 0.967906 0.250860
1718924421.580116272 -7.927284 -2.342313 0.078445 0.010338 -0.011103 0.967932 0.250755
1718924421.585112333 -7.928675 -2.341165 0.078544 0.010460 -0.011086 0.967955 0.250661
1718924421.590107441 -7.930070 -2.340024 0.078637 0.010610 -0.011010 0.967973 0.250589
1718924421.595154047 -7.931481 -2.338873 0.078728 0.010750 -0.010928 0.967987 0.250533
1718924421.599985838 -7.932831 -2.337772 0.078816 0.010858 -0.010872 0.967993 0.250506
1718924421.599985838 -7.932831 -2.337772 0.078816 0.010858 -0.010872 0.967993 0.250506
1718924421.600108862 -7.932865 -2.337744 0.078819 0.010860 -0.010870 0.967993 0.250505
1718924421.605151176 -7.934262 -2.336594 0.078925 0.010932 -0.010827 0.967994 0.250503
1718924421.610148430 -7.935646 -2.335460 0.079034 0.010987 -0.010773 0.967990 0.250516
1718924421.615136147 -7.937032 -2.334333 0.079146 0.011037 -0.010712 0.967982 0.250550
1718924421.700011015 -7.960329 -2.315662 0.079851 0.012945 -0.010178 0.968140 0.249867
1718924421.700011015 -7.960329 -2.315662 0.079851 0.012945 -0.010178 0.968140 0.249867
1718924421.710106850 -7.963126 -2.313493 0.080013 0.013174 -0.010124 0.968161 0.249776
1718924421.715157747 -7.964527 -2.312411 0.080076 0.013248 -0.010113 0.968177 0.249712
1718924421.720168352 -7.965918 -2.311339 0.080127 0.013290 -0.010120 0.968196 0.249633
1718924421.725126505 -7.967297 -2.310277 0.080165 0.013315 -0.010141 0.968216 0.249554
1718924421.730134964 -7.968691 -2.309207 0.080191 0.013339 -0.010188 0.968237 0.249472
1718924421.735157251 -7.970092 -2.308135 0.080208 0.013373 -0.010236 0.968256 0.249392
1718924421.740179300 -7.971497 -2.307068 0.080219 0.013425 -0.010264 0.968274 0.249320
1718924421.745131731 -7.972885 -2.306021 0.080231 0.013486 -0.010274 0.968292 0.249246
1718924421.750172377 -7.974299 -2.304960 0.080250 0.013554 -0.010269 0.968311 0.249168
1718924421.755126238 -7.975690 -2.303922 0.080276 0.013623 -0.010253 0.968332 0.249082
1718924421.760119677 -7.977094 -2.302880 0.080311 0.013690 -0.010235 0.968354 0.248994
1718924421.765114784 -7.978498 -2.301841 0.080351 0.013751 -0.010220 0.968372 0.248920
1718924421.770116568 -7.979903 -2.300803 0.080396 0.013810 -0.010208 0.968389 0.248854
1718924421.775153875 -7.981318 -2.299759 0.080442 0.013876 -0.010201 0.968408 0.248776
1718924421.780108690 -7.982713 -2.298733 0.080487 0.013951 -0.010207 0.968424 0.248707
1718924421.785179615 -7.984141 -2.297681 0.080528 0.014029 -0.010225 0.968440 0.248642
1718924421.790184259 -7.985552 -2.296644 0.080560 0.014100 -0.010255 0.968454 0.248580
1718924421.795178413 -7.986960 -2.295609 0.080582 0.014163 -0.010282 0.968466 0.248532
1718924421.800180674 -7.988373 -2.294574 0.080594 0.014226 -0.010286 0.968472 0.248502
1718924421.805114269 -7.989768 -2.293553 0.080598 0.014291 -0.010267 0.968476 0.248486
1718924421.810110331 -7.991180 -2.292518 0.080599 0.014352 -0.010246 0.968479 0.248471
1718924421.835114479 -7.998229 -2.287295 0.080720 0.014391 -0.010121 0.968420 0.248702
1718924421.840122223 -7.999654 -2.286239 0.080702 0.014361 -0.010098 0.968406 0.248758
1718924421.845134735 -8.001081 -2.285180 0.080679 0.014329 -0.010063 0.968393 0.248813
1718924421.850113630 -8.002501 -2.284127 0.080653 0.014301 -0.010013 0.968380 0.248870
1718924421.855118275 -8.003931 -2.283066 0.080628 0.014285 -0.009961 0.968366 0.248928
1718924421.860113144 -8.005361 -2.282005 0.080608 0.014280 -0.009918 0.968351 0.248988
1718924421.865109205 -8.006794 -2.280943 0.080603 0.014284 -0.009895 0.968335 0.249049
1718924421.870151997 -8.008244 -2.279869 0.080617 0.014301 -0.009894 0.968320 0.249107
1718924421.875106573 -8.009671 -2.278814 0.080651 0.014335 -0.009908 0.968306 0.249157
1718924421.880113602 -8.011114 -2.277746 0.080702 0.014378 -0.009931 0.968297 0.249191
1718924421.885150671 -8.012569 -2.276672 0.080767 0.014428 -0.009959 0.968293 0.249202
1718924421.890105724 -8.014003 -2.275619 0.080838 0.014487 -0.009979 0.968292 0.249201
1718924421.895147800 -8.015464 -2.274552 0.080910 0.014551 -0.009985 0.968292 0.249196
1718924421.900009155 -8.016873 -2.273528 0.080973 0.014617 -0.009981 0.968292 0.249193
1718924421.900009155 -8.016873 -2.273528 0.080973 0.014617 -0.009981 0.968292 0.249193
1718924421.900106668 -8.016901 -2.273508 0.080975 0.014619 -0.009980 0.968292 0.249193
1718924421.905122757 -8.018349 -2.272458 0.081057 0.014691 -0.009954 0.968294 0.249181
1718924421.910107613 -8.019786 -2.271418 0.081123 0.014748 -0.009921 0.968300 0.249157
1718924421.915166140 -8.021240 -2.270368 0.081175 0.014780 -0.009892 0.968304 0.249142
1718924421.920170546 -8.022675 -2.269332 0.081212 0.014796 -0.009886 0.968309 0.249121
1718924421.925197840 -8.024115 -2.268296 0.081240 0.014804 -0.009885 0.968315 0.249095
1718924421.930110931 -8.025521 -2.267286 0.081263 0.014811 -0.009880 0.968323 0.249064
1718924421.935120583 -8.026953 -2.266262 0.081285 0.014812 -0.009873 0.968336 0.249017
1718924421.940122128 -8.028382 -2.265242 0.081310 0.014825 -0.009856 0.968349 0.248963
1718924421.945168257 -8.029825 -2.264218 0.081340 0.014849 -0.009832 0.968360 0.248920
1718924421.950119257 -8.031241 -2.263216 0.081375 0.014870 -0.009805 0.968372 0.248875
1718924421.955177069 -8.032687 -2.262198 0.081414 0.014884 -0.009790 0.968384 0.248828
1718924421.960183620 -8.034118 -2.261194 0.081453 0.014883 -0.009795 0.968395 0.248784
1718924421.965193033 -8.035551 -2.260192 0.081491 0.014873 -0.009814 0.968407 0.248739
1718924421.970122814 -8.036964 -2.259209 0.081524 0.014853 -0.009822 0.968418 0.248695
1718924421.975153923 -8.038407 -2.258210 0.081553 0.014841 -0.009803 0.968429 0.248655
1718924421.980115891 -8.039832 -2.257227 0.081577 0.014843 -0.009755 0.968438 0.248622
1718924421.985110044 -8.041268 -2.256239 0.081600 0.014852 -0.009690 0.968446 0.248591
1718924421.990114450 -8.042709 -2.255250 0.081623 0.014865 -0.009635 0.968451 0.248572
1718924421.995151997 -8.044159 -2.254255 0.081647 0.014870 -0.009602 0.968452 0.248570
1718924422.000107288 -8.045586 -2.253276 0.081675 0.014863 -0.009592 0.968453 0.248567
1718924422.005150795 -8.047040 -2.252278 0.081707 0.014849 -0.009604 0.968458 0.248549
1718924422.010107756 -8.048470 -2.251297 0.081742 0.014834 -0.009628 0.968463 0.248530
1718924422.015172720 -8.049932 -2.250296 0.081777 0.014822 -0.009648 0.968466 0.248519
1718924422.060167789 -8.062905 -2.241389 0.082412 0.015085 -0.009177 0.968481 0.248460
1718924422.065125942 -8.064353 -2.240397 0.082451 0.015083 -0.009165 0.968485 0.248447
1718924422.070118427 -8.065813 -2.239396 0.082494 0.015081 -0.009163 0.968486 0.248443
1718924422.075109482 -8.067277 -2.238397 0.082539 0.015088 -0.009162 0.968487 0.248438
1718924422.080110550 -8.068745 -2.237399 0.082586 0.015092 -0.009171 0.968489 0.248429
1718924422.085107803 -8.070213 -2.236405 0.082634 0.015095 -0.009181 0.968494 0.248411
1718924422.090104580 -8.071681 -2.235415 0.082681 0.015104 -0.009187 0.968500 0.248387
1718924422.095109701 -8.073151 -2.234427 0.082725 0.015113 -0.009188 0.968503 0.248373
1718924422.099983215 -8.074583 -2.233466 0.082763 0.015123 -0.009176 0.968507 0.248358
1718924422.099983215 -8.074583 -2.233466 0.082763 0.015123 -0.009176 0.968507 0.248358
1718924422.100103855 -8.074618 -2.233443 0.082764 0.015123 -0.009176 0.968507 0.248358
1718924422.105109215 -8.076083 -2.232458 0.082826 0.015124 -0.009148 0.968511 0.248342
1718924422.110104322 -8.077548 -2.231475 0.082886 0.015120 -0.009132 0.968517 0.248322
1718924422.115172625 -8.079037 -2.230479 0.082947 0.015106 -0.009141 0.968519 0.248312
1718924422.165156364 -8.093516 -2.220727 0.083585 0.015452 -0.008717 0.968548 0.248194
1718924422.170108318 -8.094945 -2.219767 0.083653 0.015461 -0.008712 0.968556 0.248162
1718924422.175164938 -8.096404 -2.218787 0.083722 0.015460 -0.008718 0.968564 0.248132
1718924422.180120230 -8.097834 -2.217828 0.083788 0.015454 -0.008742 0.968568 0.248114
1718924422.185118675 -8.099276 -2.216862 0.083852 0.015450 -0.008768 0.968572 0.248096
1718924422.190128088 -8.100723 -2.215894 0.083912 0.015450 -0.008783 0.968578 0.248073
1718924422.195178509 -8.102183 -2.214919 0.083967 0.015459 -0.008793 0.968586 0.248043
1718924422.199995279 -8.103577 -2.213991 0.084014 0.015476 -0.008788 0.968591 0.248022
1718924422.199995279 -8.103577 -2.213991 0.084014 0.015476 -0.008788 0.968591 0.248022
1718924422.200117826 -8.103612 -2.213968 0.084016 0.015476 -0.008787 0.968591 0.248021
1718924422.205110312 -8.105055 -2.213008 0.084088 0.015492 -0.008746 0.968598 0.247997
1718924422.210104704 -8.106501 -2.212051 0.084159 0.015526 -0.008670 0.968605 0.247966
1718924422.215119839 -8.107957 -2.211093 0.084229 0.015567 -0.008561 0.968615 0.247929
1718924422.220136642 -8.109415 -2.210135 0.084298 0.015595 -0.008456 0.968627 0.247886
1718924422.225143433 -8.110870 -2.209172 0.084368 0.015601 -0.008397 0.968639 0.247839
1718924422.230126619 -8.112318 -2.208206 0.084442 0.015577 -0.008409 0.968654 0.247784
1718924422.235125065 -8.113774 -2.207233 0.084519 0.015539 -0.008456 0.968671 0.247717
1718924422.240118742 -8.115236 -2.206262 0.084596 0.015512 -0.008488 0.968689 0.247647
1718924422.245122671 -8.116708 -2.205293 0.084671 0.015497 -0.008510 0.968709 0.247570
1718924422.250113010 -8.118179 -2.204326 0.084744 0.015493 -0.008525 0.968730 0.247488
1718924422.255151510 -8.119665 -2.203349 0.084815 0.015494 -0.008537 0.968751 0.247405
1718924422.260113716 -8.121131 -2.202388 0.084882 0.015506 -0.008525 0.968771 0.247324
1718924422.265117884 -8.122610 -2.201423 0.084950 0.015518 -0.008489 0.968792 0.247242
1718924422.270120621 -8.124089 -2.200461 0.085019 0.015529 -0.008449 0.968814 0.247156
1718924422.275130033 -8.125569 -2.199498 0.085092 0.015534 -0.008426 0.968838 0.247063
1718924422.280117273 -8.127042 -2.198539 0.085171 0.015519 -0.008434 0.968859 0.246981
1718924422.285149574 -8.128528 -2.197572 0.085256 0.015493 -0.008448 0.968876 0.246915
1718924422.290112019 -8.129994 -2.196620 0.085346 0.015465 -0.008444 0.968894 0.246849
1718924422.295107365 -8.131469 -2.195665 0.085439 0.015436 -0.008419 0.968914 0.246772
1718924422.299992323 -8.132911 -2.194732 0.085532 0.015409 -0.008374 0.968934 0.246699
1718924422.299992323 -8.132911 -2.194732 0.085532 0.015409 -0.008374 0.968934 0.246699
1718924422.300110579 -8.132946 -2.194709 0.085535 0.015408 -0.008373 0.968934 0.246697
1718924422.305109262 -8.134422 -2.193756 0.085644 0.015387 -0.008324 0.968955 0.246616
1718924422.310102940 -8.135894 -2.192806 0.085753 0.015379 -0.008273 0.968977 0.246533
1718924422.315173626 -8.137386 -2.191844 0.085861 0.015379 -0.008208 0.969000 0.246444
1718924422.360108137 -8.150440 -2.183424 0.086970 0.015312 -0.007800 0.969221 0.245590
1718924422.365105152 -8.151879 -2.182497 0.087086 0.015317 -0.007800 0.969246 0.245491
1718924422.370109320 -8.153322 -2.181570 0.087203 0.015345 -0.007812 0.969272 0.245389
1718924422.375114918 -8.154767 -2.180644 0.087321 0.015384 -0.007824 0.969299 0.245280
1718924422.380115271 -8.156210 -2.179721 0.087439 0.015426 -0.007829 0.969326 0.245169
1718924422.385115385 -8.157652 -2.178800 0.087556 0.015450 -0.007831 0.969354 0.245055
1718924422.390112162 -8.159091 -2.177881 0.087673 0.015448 -0.007821 0.969382 0.244948
1718924422.395147085 -8.160541 -2.176960 0.087792 0.015426 -0.007791 0.969406 0.244855
1718924422.399986267 -8.161939 -2.176077 0.087907 0.015389 -0.007761 0.969428 0.244769
1718924422.399986267 -8.161939 -2.176077 0.087907 0.015389 -0.007761 0.969428 0.244769
1718924422.400145054 -8.161985 -2.176048 0.087912 0.015388 -0.007759 0.969429 0.244766
1718924422.405146122 -8.163429 -2.175138 0.088058 0.015335 -0.007738 0.969456 0.244662
1718924422.410141945 -8.164876 -2.174232 0.088207 0.015294 -0.007728 0.969483 0.244560
1718924422.415123224 -8.166324 -2.173333 0.088353 0.015270 -0.007717 0.969510 0.244455
1718924422.420137167 -8.167785 -2.172432 0.088497 0.015257 -0.007697 0.969539 0.244340
1718924422.425127506 -8.169242 -2.171541 0.088635 0.015252 -0.007666 0.969570 0.244220
1718924422.430133343 -8.170705 -2.170653 0.088768 0.015248 -0.007602 0.969601 0.244097
1718924422.435123920 -8.172166 -2.169773 0.088897 0.015255 -0.007522 0.969632 0.243976
1718924422.440110922 -8.173633 -2.168895 0.089029 0.015268 -0.007448 0.969664 0.243852
1718924422.445111513 -8.175109 -2.168016 0.089167 0.015277 -0.007384 0.969696 0.243724
1718924422.450127125 -8.176593 -2.167137 0.089315 0.015283 -0.007321 0.969733 0.243579
1718924422.455151320 -8.178083 -2.166260 0.089472 0.015271 -0.007272 0.969774 0.243419
1718924422.460110664 -8.179555 -2.165398 0.089633 0.015244 -0.007227 0.969814 0.243261
1718924422.465113640 -8.181039 -2.164534 0.089796 0.015221 -0.007181 0.969854 0.243105
1718924422.470132351 -8.182528 -2.163672 0.089958 0.015222 -0.007132 0.969897 0.242936
1718924422.475118399 -8.184011 -2.162820 0.090111 0.015250 -0.007072 0.969939 0.242767
1718924422.480108976 -8.185497 -2.161971 0.090256 0.015299 -0.007009 0.969981 0.242597
1718924422.485104322 -8.186985 -2.161126 0.090392 0.015345 -0.006947 0.970025 0.242422
1718924422.490105152 -8.188471 -2.160286 0.090522 0.015378 -0.006875 0.970070 0.242241
1718924422.495107889 -8.189953 -2.159450 0.090647 0.015400 -0.006786 0.970118 0.242050
1718924422.499980211 -8.191394 -2.158638 0.090772 0.015396 -0.006701 0.970165 0.241862
1718924422.499980211 -8.191394 -2.158638 0.090772 0.015396 -0.006701 0.970165 0.241862
1718924422.500105858 -8.191431 -2.158617 0.090775 0.015396 -0.006699 0.970167 0.241857
1718924422.505103588 -8.192906 -2.157782 0.090926 0.015386 -0.006644 0.970215 0.241666
1718924422.510100603 -8.194381 -2.156944 0.091086 0.015376 -0.006613 0.970263 0.241475
1718924422.515116930 -8.195863 -2.156101 0.091256 0.015370 -0.006610 0.970308 0.241291
1718924422.585150719 -8.216547 -2.144336 0.093130 0.015463 -0.006123 0.970377 0.241022
1718924422.590146542 -8.218024 -2.143494 0.093202 0.015476 -0.006112 0.970381 0.241005
1718924422.595103264 -8.219490 -2.142658 0.093264 0.015481 -0.006105 0.970386 0.240984
1718924422.599985123 -8.220934 -2.141835 0.093317 0.015483 -0.006111 0.970390 0.240969
1718924422.599985123 -8.220934 -2.141835 0.093317 0.015483 -0.006111 0.970390 0.240969
1718924422.600107670 -8.220971 -2.141814 0.093319 0.015483 -0.006111 0.970390 0.240969
1718924422.605103493 -8.222447 -2.140971 0.093398 0.015476 -0.006120 0.970391 0.240964
1718924422.610107660 -8.223926 -2.140126 0.093478 0.015471 -0.006123 0.970395 0.240951
1718924422.615120888 -8.225412 -2.139281 0.093566 0.015475 -0.006109 0.970402 0.240922
1718924422.620124102 -8.226896 -2.138437 0.093665 0.015477 -0.006092 0.970413 0.240878
1718924422.625114441 -8.228379 -2.137595 0.093777 0.015477 -0.006083 0.970426 0.240826
1718924422.630136967 -8.229872 -2.136747 0.093899 0.015484 -0.006078 0.970440 0.240769
1718924422.635111809 -8.231351 -2.135907 0.094021 0.015494 -0.006069 0.970456 0.240705
1718924422.640120745 -8.232841 -2.135062 0.094138 0.015498 -0.006049 0.970474 0.240632
1718924422.645102978 -8.234323 -2.134222 0.094243 0.015496 -0.006018 0.970494 0.240553
1718924422.650125504 -8.235816 -2.133375 0.094333 0.015486 -0.005991 0.970514 0.240473
1718924422.655107975 -8.237297 -2.132532 0.094407 0.015470 -0.005971 0.970533 0.240396
1718924422.660121918 -8.238789 -2.131682 0.094471 0.015445 -0.005957 0.970552 0.240323
1718924422.665109158 -8.240275 -2.130836 0.094527 0.015413 -0.005940 0.970574 0.240234
1718924422.670129776 -8.241774 -2.129982 0.094583 0.015391 -0.005911 0.970600 0.240134
1718924422.675101757 -8.243264 -2.129132 0.094643 0.015367 -0.005880 0.970624 0.240038
1718924422.680118322 -8.244773 -2.128270 0.094711 0.015340 -0.005852 0.970647 0.239946
1718924422.685142994 -8.246290 -2.127403 0.094789 0.015317 -0.005828 0.970670 0.239858
1718924422.690114498 -8.247797 -2.126541 0.094873 0.015293 -0.005799 0.970690 0.239776
1718924422.695105314 -8.249314 -2.125673 0.094961 0.015268 -0.005762 0.970711 0.239696
1718924422.699897051 -8.250774 -2.124839 0.095043 0.015242 -0.005730 0.970729 0.239623
1718924422.699897051 -8.250774 -2.124839 0.095043 0.015242 -0.005730 0.970729 0.239623
1718924422.700116396 -8.250841 -2.124800 0.095047 0.015240 -0.005729 0.970730 0.239620
1718924422.705112219 -8.252366 -2.123929 0.095138 0.015218 -0.005699 0.970750 0.239543
1718924422.710117817 -8.253897 -2.123055 0.095220 0.015197 -0.005662 0.970768 0.239472
1718924422.715149403 -8.255441 -2.122175 0.095295 0.015173 -0.005629 0.970786 0.239402
1718924422.720139980 -8.256975 -2.121302 0.095369 0.015142 -0.005607 0.970805 0.239328
1718924422.760125637 -8.269156 -2.114421 0.095728 0.015266 -0.005199 0.970946 0.238754
1718924422.765187502 -8.270689 -2.113565 0.095713 0.015283 -0.005174 0.970966 0.238673
1718924422.770132065 -8.272183 -2.112732 0.095687 0.015294 -0.005152 0.970983 0.238602
1718924422.775144100 -8.273697 -2.111887 0.095648 0.015301 -0.005130 0.971000 0.238533
1718924422.780128002 -8.275203 -2.111047 0.095602 0.015307 -0.005107 0.971018 0.238460
1718924422.785133362 -8.276714 -2.110203 0.095554 0.015304 -0.005081 0.971036 0.238388
1718924422.790133715 -8.278225 -2.109360 0.095509 0.015300 -0.005048 0.971055 0.238313
1718924422.795120478 -8.279735 -2.108519 0.095473 0.015304 -0.005009 0.971075 0.238230
1718924422.799985170 -8.281210 -2.107698 0.095448 0.015310 -0.004990 0.971096 0.238146
1718924422.799985170 -8.281210 -2.107698 0.095448 0.015310 -0.004990 0.971096 0.238146
1718924422.800170183 -8.281266 -2.107667 0.095448 0.015310 -0.004989 0.971097 0.238143
1718924422.805172205 -8.282776 -2.106821 0.095452 0.015307 -0.004970 0.971120 0.238047
1718924422.810119390 -8.284271 -2.105984 0.095459 0.015309 -0.004957 0.971146 0.237942
1718924422.815203428 -8.285810 -2.105123 0.095462 0.015312 -0.004943 0.971172 0.237836
1718924422.820147038 -8.287308 -2.104285 0.095455 0.015310 -0.004926 0.971197 0.237734
1718924422.825196743 -8.288838 -2.103428 0.095436 0.015299 -0.004901 0.971223 0.237628
1718924422.830131769 -8.290336 -2.102590 0.095407 0.015289 -0.004865 0.971250 0.237521
1718924422.835134745 -8.291858 -2.101741 0.095372 0.015279 -0.004817 0.971277 0.237412
1718924422.840127945 -8.293381 -2.100893 0.095336 0.015264 -0.004774 0.971300 0.237321
1718924422.845131874 -8.294909 -2.100044 0.095305 0.015248 -0.004744 0.971323 0.237227
1718924422.850131750 -8.296440 -2.099197 0.095283 0.015242 -0.004713 0.971346 0.237136
1718924422.855119228 -8.297971 -2.098351 0.095273 0.015238 -0.004674 0.971369 0.237039
1718924422.860122204 -8.299508 -2.097504 0.095273 0.015243 -0.004643 0.971396 0.236929
1718924422.865127325 -8.301045 -2.096659 0.095278 0.015259 -0.004612 0.971425 0.236812
1718924422.870142937 -8.302583 -2.095814 0.095282 0.015291 -0.004564 0.971451 0.236701
1718924422.875128269 -8.304110 -2.094975 0.095278 0.015325 -0.004500 0.971474 0.236606
1718924422.880137920 -8.305642 -2.094132 0.095264 0.015349 -0.004440 0.971497 0.236514
1718924422.885127306 -8.307163 -2.093293 0.095240 0.015364 -0.004400 0.971519 0.236423
1718924422.890132189 -8.308687 -2.092450 0.095206 0.015366 -0.004376 0.971541 0.236332
1718924422.895126104 -8.310207 -2.091608 0.095166 0.015362 -0.004352 0.971565 0.236235
1718924422.900007010 -8.311696 -2.090784 0.095124 0.015358 -0.004338 0.971590 0.236133
1718924422.900007010 -8.311696 -2.090784 0.095124 0.015358 -0.004338 0.971590 0.236133
1718924422.900155544 -8.311741 -2.090759 0.095123 0.015358 -0.004337 0.971590 0.236130
1718924422.905119181 -8.313264 -2.089921 0.095101 0.015348 -0.004334 0.971615 0.236028
1718924422.910123110 -8.314801 -2.089074 0.095085 0.015341 -0.004327 0.971640 0.235928
1718924422.915136576 -8.316345 -2.088225 0.095077 0.015340 -0.004308 0.971666 0.235822
1718924422.995168686 -8.340439 -2.075326 0.095318 0.014993 -0.003983 0.972047 0.234275
1718924423.005120516 -8.343341 -2.073831 0.095266 0.014950 -0.003982 0.972094 0.234083
1718924423.010123253 -8.344795 -2.073084 0.095236 0.014927 -0.003995 0.972117 0.233986
1718924423.015132427 -8.346250 -2.072340 0.095206 0.014906 -0.004025 0.972140 0.233890
1718924423.020142078 -8.347701 -2.071599 0.095179 0.014893 -0.004051 0.972165 0.233789
1718924423.025143623 -8.349146 -2.070866 0.095157 0.014899 -0.004059 0.972190 0.233683
1718924423.030133963 -8.350583 -2.070139 0.095142 0.014922 -0.004056 0.972216 0.233576
1718924423.035139322 -8.352018 -2.069413 0.095134 0.014945 -0.004053 0.972241 0.233467
1718924423.040138483 -8.353443 -2.068690 0.095128 0.014962 -0.004046 0.972267 0.233361
1718924423.045145273 -8.354862 -2.067969 0.095119 0.014969 -0.004041 0.972293 0.233252
1718924423.050120115 -8.356264 -2.067254 0.095105 0.014966 -0.004035 0.972318 0.233146
1718924423.055168867 -8.357680 -2.066529 0.095080 0.014955 -0.004019 0.972345 0.233035
1718924423.060129642 -8.359067 -2.065817 0.095048 0.014940 -0.003991 0.972370 0.232934
1718924423.065125704 -8.360462 -2.065097 0.095011 0.014924 -0.003962 0.972391 0.232847
1718924423.070133686 -8.361858 -2.064372 0.094972 0.014908 -0.003946 0.972412 0.232761
1718924423.075128555 -8.363248 -2.063646 0.094936 0.014892 -0.003940 0.972432 0.232679
1718924423.080131292 -8.364639 -2.062917 0.094906 0.014889 -0.003929 0.972449 0.232605
1718924423.085127592 -8.366024 -2.062189 0.094883 0.014898 -0.003906 0.972466 0.232534
1718924423.090112448 -8.367402 -2.061462 0.094868 0.014913 -0.003884 0.972482 0.232468
1718924423.095158100 -8.368791 -2.060723 0.094856 0.014926 -0.003876 0.972497 0.232404
1718924423.099990129 -8.370115 -2.060013 0.094845 0.014934 -0.003873 0.972512 0.232343
1718924423.099990129 -8.370115 -2.060013 0.094845 0.014934 -0.003873 0.972512 0.232343
1718924423.100133419 -8.370154 -2.059992 0.094845 0.014935 -0.003873 0.972512 0.232341
1718924423.105160713 -8.371523 -2.059251 0.094864 0.014937 -0.003864 0.972526 0.232284
1718924423.110126734 -8.372870 -2.058519 0.094876 0.014936 -0.003854 0.972537 0.232236
1718924423.115135908 -8.374225 -2.057778 0.094882 0.014928 -0.003851 0.972549 0.232189
1718924423.199987173 -8.397306 -2.045934 0.095345 0.015369 -0.003929 0.972967 0.230401
1718924423.199987173 -8.397306 -2.045934 0.095345 0.015369 -0.003929 0.972967 0.230401
1718924423.205152273 -8.398730 -2.045249 0.095435 0.015396 -0.003933 0.972992 0.230291
1718924423.210131645 -8.400104 -2.044594 0.095525 0.015428 -0.003941 0.973018 0.230181
1718924423.215129137 -8.401483 -2.043941 0.095616 0.015463 -0.003953 0.973044 0.230067
1718924423.220130205 -8.402861 -2.043288 0.095708 0.015494 -0.003963 0.973068 0.229961
1718924423.225132942 -8.404240 -2.042637 0.095796 0.015513 -0.003985 0.973092 0.229858
1718924423.230142593 -8.405620 -2.041985 0.095880 0.015518 -0.004024 0.973113 0.229771
1718924423.235175133 -8.407008 -2.041331 0.095960 0.015515 -0.004069 0.973128 0.229703
1718924423.240126610 -8.408377 -2.040689 0.096034 0.015510 -0.004115 0.973140 0.229655
1718924423.245199919 -8.409783 -2.040031 0.096106 0.015501 -0.004172 0.973148 0.229622
1718924423.250136375 -8.411154 -2.039392 0.096172 0.015494 -0.004238 0.973151 0.229607
1718924423.255144358 -8.412546 -2.038747 0.096235 0.015492 -0.004311 0.973154 0.229591
1718924423.260122776 -8.413932 -2.038110 0.096296 0.015497 -0.004383 0.973155 0.229585
1718924423.265124559 -8.415328 -2.037473 0.096358 0.015507 -0.004437 0.973152 0.229598
1718924423.270152569 -8.416737 -2.036836 0.096427 0.015511 -0.004461 0.973148 0.229616
1718924423.275131941 -8.418138 -2.036205 0.096508 0.015488 -0.004439 0.973144 0.229634
1718924423.280135870 -8.419550 -2.035570 0.096607 0.015438 -0.004387 0.973142 0.229647
1718924423.285169363 -8.420975 -2.034926 0.096723 0.015368 -0.004323 0.973145 0.229638
1718924423.290119886 -8.422380 -2.034288 0.096850 0.015286 -0.004267 0.973151 0.229618
1718924423.295158386 -8.423814 -2.033635 0.096982 0.015198 -0.004214 0.973161 0.229586
1718924423.299993038 -8.425192 -2.033006 0.097104 0.015126 -0.004185 0.973176 0.229527
1718924423.299993038 -8.425192 -2.033006 0.097104 0.015126 -0.004185 0.973176 0.229527
1718924423.300171375 -8.425243 -2.032982 0.097109 0.015123 -0.004184 0.973176 0.229525
1718924423.305170774 -8.426670 -2.032326 0.097233 0.015078 -0.004193 0.973196 0.229445
1718924423.310170889 -8.428098 -2.031664 0.097339 0.015055 -0.004223 0.973220 0.229345
1718924423.315189362 -8.429530 -2.030997 0.097426 0.015049 -0.004244 0.973248 0.229225
1718924423.365191460 -8.443384 -2.024296 0.097368 0.015009 -0.004061 0.973579 0.227822
1718924423.370130301 -8.444716 -2.023619 0.097248 0.014999 -0.004046 0.973608 0.227696
1718924423.375218630 -8.446083 -2.022920 0.097111 0.014991 -0.004034 0.973635 0.227581
1718924423.380222082 -8.447421 -2.022233 0.096973 0.014994 -0.004033 0.973658 0.227483
1718924423.385122776 -8.448726 -2.021561 0.096842 0.014999 -0.004038 0.973679 0.227394
1718924423.390126944 -8.450052 -2.020877 0.096722 0.015011 -0.004053 0.973696 0.227319
1718924423.395167828 -8.451380 -2.020189 0.096619 0.015035 -0.004076 0.973711 0.227255
1718924423.399990082 -8.452644 -2.019534 0.096536 0.015049 -0.004090 0.973722 0.227205
1718924423.399990082 -8.452644 -2.019534 0.096536 0.015049 -0.004090 0.973722 0.227205
1718924423.400171995 -8.452691 -2.019509 0.096534 0.015050 -0.004091 0.973723 0.227203
1718924423.405157328 -8.453987 -2.018837 0.096481 0.015055 -0.004091 0.973731 0.227167
1718924423.410112381 -8.455270 -2.018171 0.096432 0.015047 -0.004076 0.973736 0.227146
1718924423.415131330 -8.456564 -2.017500 0.096378 0.015037 -0.004063 0.973737 0.227140
1718924423.420143127 -8.457853 -2.016832 0.096316 0.015028 -0.004052 0.973735 0.227153
1718924423.425136566 -8.459135 -2.016168 0.096243 0.015026 -0.004052 0.973728 0.227183
1718924423.430134773 -8.460414 -2.015506 0.096160 0.015026 -0.004067 0.973718 0.227226
1718924423.435190678 -8.461704 -2.014841 0.096067 0.015035 -0.004075 0.973705 0.227278
1718924423.440122604 -8.462958 -2.014199 0.095972 0.015056 -0.004063 0.973693 0.227332
1718924423.445180893 -8.464242 -2.013546 0.095876 0.015086 -0.004040 0.973681 0.227380
1718924423.450129271 -8.465494 -2.012912 0.095790 0.015127 -0.004016 0.973670 0.227424
1718924423.455120325 -8.466752 -2.012275 0.095713 0.015166 -0.003994 0.973660 0.227464
1718924423.460134983 -8.468013 -2.011638 0.095647 0.015193 -0.003980 0.973650 0.227504
1718924423.465167522 -8.469277 -2.010998 0.095585 0.015217 -0.003966 0.973644 0.227531
1718924423.470133781 -8.470521 -2.010368 0.095524 0.015245 -0.003943 0.973640 0.227546
1718924423.475200891 -8.471789 -2.009723 0.095455 0.015269 -0.003917 0.973638 0.227555
1718924423.480131626 -8.473022 -2.009094 0.095380 0.015284 -0.003889 0.973637 0.227555
1718924423.485118628 -8.474269 -2.008456 0.095293 0.015301 -0.003861 0.973641 0.227539
1718924423.490127563 -8.475520 -2.007811 0.095196 0.015319 -0.003832 0.973647 0.227515
1718924423.495124102 -8.476767 -2.007166 0.095091 0.015339 -0.003806 0.973655 0.227478
1718924423.499987125 -8.477979 -2.006535 0.094986 0.015356 -0.003793 0.973665 0.227434
1718924423.499987125 -8.477979 -2.006535 0.094986 0.015356 -0.003793 0.973665 0.227434
1718924423.500130415 -8.478014 -2.006516 0.094983 0.015357 -0.003793 0.973665 0.227432
1718924423.505126715 -8.479259 -2.005867 0.094889 0.015384 -0.003791 0.973678 0.227376
1718924423.510117292 -8.480502 -2.005216 0.094802 0.015420 -0.003785 0.973693 0.227310
1718924423.515137911 -8.481751 -2.004560 0.094725 0.015456 -0.003781 0.973709 0.227237
1718924423.555114269 -8.491653 -1.999438 0.094068 0.015465 -0.003672 0.973782 0.226927
1718924423.560131550 -8.492897 -1.998799 0.093950 0.015465 -0.003654 0.973790 0.226892
1718924423.565148830 -8.494140 -1.998164 0.093832 0.015467 -0.003644 0.973798 0.226858
1718924423.570132971 -8.495374 -1.997535 0.093719 0.015462 -0.003632 0.973806 0.226825
1718924423.575128078 -8.496613 -1.996908 0.093613 0.015455 -0.003613 0.973813 0.226794
1718924423.580135345 -8.497855 -1.996282 0.093515 0.015455 -0.003598 0.973820 0.226765
1718924423.585148096 -8.499098 -1.995658 0.093424 0.015449 -0.003603 0.973827 0.226737
1718924423.590133190 -8.500332 -1.995041 0.093338 0.015432 -0.003605 0.973833 0.226711
1718924423.595117092 -8.501568 -1.994427 0.093251 0.015406 -0.003590 0.973836 0.226701
1718924423.599997044 -8.502781 -1.993828 0.093163 0.015378 -0.003564 0.973838 0.226696
1718924423.599997044 -8.502781 -1.993828 0.093163 0.015378 -0.003564 0.973838 0.226696
1718924423.600120068 -8.502811 -1.993813 0.093162 0.015378 -0.003564 0.973838 0.226695
1718924423.605165720 -8.504065 -1.993197 0.093086 0.015351 -0.003539 0.973843 0.226676
1718924423.610129118 -8.505301 -1.992590 0.093007 0.015327 -0.003516 0.973849 0.226651
1718924423.615135431 -8.506552 -1.991978 0.092924 0.015314 -0.003498 0.973857 0.226620
1718924423.620135546 -8.507809 -1.991364 0.092838 0.015313 -0.003482 0.973865 0.226583
1718924423.625154495 -8.509078 -1.990745 0.092750 0.015313 -0.003473 0.973876 0.226539
1718924423.630152702 -8.510347 -1.990126 0.092661 0.015315 -0.003472 0.973889 0.226483
1718924423.635137558 -8.511618 -1.989508 0.092575 0.015326 -0.003462 0.973903 0.226422
1718924423.640119553 -8.512892 -1.988889 0.092494 0.015358 -0.003442 0.973918 0.226353
1718924423.645135164 -8.514180 -1.988265 0.092419 0.015398 -0.003417 0.973937 0.226269
1718924423.650149584 -8.515468 -1.987639 0.092349 0.015426 -0.003392 0.973959 0.226176
1718924423.655133247 -8.516749 -1.987017 0.092283 0.015441 -0.003372 0.973982 0.226075
1718924423.660125732 -8.518031 -1.986392 0.092218 0.015450 -0.003355 0.974006 0.225969
1718924423.665200710 -8.519336 -1.985756 0.092150 0.015456 -0.003334 0.974032 0.225857
1718924423.670134306 -8.520607 -1.985135 0.092077 0.015467 -0.003309 0.974055 0.225758
1718924423.675178051 -8.521906 -1.984497 0.091996 0.015485 -0.003278 0.974077 0.225664
1718924423.680150032 -8.523186 -1.983864 0.091909 0.015513 -0.003246 0.974096 0.225577
1718924423.685130358 -8.524469 -1.983228 0.091815 0.015548 -0.003208 0.974118 0.225483
1718924423.690128803 -8.525755 -1.982588 0.091712 0.015591 -0.003167 0.974141 0.225380
1718924423.695125341 -8.527039 -1.981944 0.091606 0.015637 -0.003130 0.974166 0.225268
1718924423.699978828 -8.528284 -1.981317 0.091500 0.015678 -0.003088 0.974192 0.225156
1718924423.699978828 -8.528284 -1.981317 0.091500 0.015678 -0.003088 0.974192 0.225156
1718924423.700120211 -8.528320 -1.981298 0.091497 0.015679 -0.003086 0.974192 0.225153
1718924423.705155849 -8.529613 -1.980642 0.091395 0.015721 -0.003036 0.974218 0.225040
1718924423.710133076 -8.530892 -1.979988 0.091294 0.015767 -0.002982 0.974244 0.224924
1718924423.715132475 -8.532177 -1.979325 0.091192 0.015811 -0.002931 0.974273 0.224797
1718924423.795122147 -8.553282 -1.969702 0.089022 0.015609 -0.004262 0.974371 0.224365
1718924423.799989223 -8.554604 -1.969177 0.088842 0.015597 -0.004309 0.974376 0.224344
1718924423.799989223 -8.554604 -1.969177 0.088842 0.015597 -0.004309 0.974376 0.224344
1718924423.800119162 -8.554639 -1.969163 0.088837 0.015597 -0.004311 0.974376 0.224344
1718924423.805114031 -8.555990 -1.968629 0.088662 0.015594 -0.004347 0.974382 0.224316
1718924423.810127974 -8.557349 -1.968099 0.088485 0.015585 -0.004374 0.974393 0.224270
1718924423.815181017 -8.558723 -1.967567 0.088306 0.015578 -0.004409 0.974408 0.224204
1718924423.820148468 -8.560076 -1.967046 0.088132 0.015567 -0.004455 0.974424 0.224134
1718924423.825147629 -8.561442 -1.966526 0.087958 0.015554 -0.004509 0.974444 0.224044
1718924423.830146313 -8.562813 -1.966007 0.087784 0.015542 -0.004558 0.974470 0.223934
1718924423.835131884 -8.564185 -1.965490 0.087611 0.015529 -0.004594 0.974496 0.223819
1718924423.840124130 -8.565565 -1.964971 0.087434 0.015509 -0.004619 0.974524 0.223700
1718924423.845125198 -8.566951 -1.964450 0.087251 0.015493 -0.004625 0.974551 0.223581
1718924423.850123644 -8.568341 -1.963926 0.087062 0.015485 -0.004600 0.974578 0.223467
1718924423.855136395 -8.569739 -1.963398 0.086867 0.015475 -0.004570 0.974607 0.223340
1718924423.860134602 -8.571135 -1.962867 0.086668 0.015458 -0.004551 0.974637 0.223213
1718924423.865171432 -8.572542 -1.962326 0.086465 0.015434 -0.004552 0.974664 0.223094
1718924423.870124817 -8.573927 -1.961790 0.086265 0.015409 -0.004567 0.974690 0.222982
1718924423.875171185 -8.575339 -1.961240 0.086065 0.015391 -0.004605 0.974713 0.222881
1718924423.880133390 -8.576729 -1.960695 0.085873 0.015376 -0.004651 0.974732 0.222798
1718924423.885122776 -8.578127 -1.960144 0.085689 0.015365 -0.004696 0.974753 0.222709
1718924423.890125751 -8.579526 -1.959590 0.085512 0.015358 -0.004739 0.974774 0.222613
1718924423.895160675 -8.580935 -1.959031 0.085343 0.015355 -0.004787 0.974792 0.222534
1718924423.900012970 -8.582293 -1.958491 0.085185 0.015360 -0.004832 0.974807 0.222469
1718924423.900012970 -8.582293 -1.958491 0.085185 0.015360 -0.004832 0.974807 0.222469
1718924423.900125742 -8.582324 -1.958479 0.085183 0.015360 -0.004833 0.974807 0.222468
1718924423.905161858 -8.583739 -1.957923 0.085040 0.015367 -0.004877 0.974820 0.222409
1718924423.910147429 -8.585140 -1.957373 0.084895 0.015366 -0.004922 0.974830 0.222366
1718924423.915175676 -8.586553 -1.956817 0.084742 0.015351 -0.004964 0.974838 0.222329
1718924423.960130453 -8.599110 -1.951928 0.083744 0.015534 -0.005041 0.974920 0.221955
1718924423.965117693 -8.600510 -1.951367 0.083599 0.015544 -0.005024 0.974930 0.221911
1718924423.970113754 -8.601912 -1.950804 0.083448 0.015554 -0.004992 0.974938 0.221876
1718924423.975194454 -8.603335 -1.950229 0.083286 0.015564 -0.004941 0.974946 0.221840
1718924423.980135679 -8.604718 -1.949666 0.083120 0.015573 -0.004894 0.974955 0.221802
1718924423.985126257 -8.606114 -1.949092 0.082948 0.015577 -0.004862 0.974966 0.221755
1718924423.990107775 -8.607504 -1.948513 0.082776 0.015573 -0.004851 0.974977 0.221705
1718924423.995162249 -8.608912 -1.947922 0.082607 0.015564 -0.004854 0.974987 0.221662
1718924424.000117779 -8.610290 -1.947341 0.082448 0.015557 -0.004862 0.974998 0.221616
1718924424.005112886 -8.611678 -1.946755 0.082295 0.015551 -0.004865 0.975008 0.221571
1718924424.010152102 -8.613075 -1.946164 0.082148 0.015552 -0.004858 0.975020 0.221520
1718924424.015128613 -8.614452 -1.945580 0.082004 0.015563 -0.004848 0.975031 0.221468
1718924424.020142555 -8.615837 -1.944993 0.081859 0.015580 -0.004844 0.975044 0.221412
1718924424.025176525 -8.617224 -1.944404 0.081707 0.015590 -0.004841 0.975057 0.221353
1718924424.030186892 -8.618602 -1.943819 0.081550 0.015594 -0.004842 0.975069 0.221301
1718924424.035169601 -8.619970 -1.943236 0.081386 0.015599 -0.004850 0.975077 0.221264
1718924424.040180206 -8.621345 -1.942650 0.081216 0.015602 -0.004861 0.975085 0.221227
1718924424.045137167 -8.622704 -1.942070 0.081045 0.015600 -0.004865 0.975096 0.221179
1718924424.050120115 -8.624071 -1.941487 0.080873 0.015600 -0.004864 0.975107 0.221132
1718924424.055163860 -8.625455 -1.940899 0.080700 0.015601 -0.004863 0.975116 0.221094
1718924424.060124159 -8.626816 -1.940322 0.080535 0.015608 -0.004855 0.975124 0.221055
1718924424.065158367 -8.628198 -1.939740 0.080372 0.015615 -0.004844 0.975137 0.221001
1718924424.070127010 -8.629563 -1.939167 0.080215 0.015626 -0.004836 0.975151 0.220938
1718924424.075159073 -8.630948 -1.938588 0.080058 0.015643 -0.004831 0.975164 0.220880
1718924424.080128908 -8.632317 -1.938018 0.079899 0.015662 -0.004837 0.975177 0.220818
1718924424.085160255 -8.633703 -1.937444 0.079732 0.015680 -0.004832 0.975193 0.220747
1718924424.090133190 -8.635075 -1.936878 0.079556 0.015696 -0.004804 0.975206 0.220688
1718924424.095120668 -8.636452 -1.936312 0.079368 0.015717 -0.004757 0.975217 0.220642
1718924424.099986076 -8.637798 -1.935758 0.079178 0.015737 -0.004703 0.975223 0.220613
1718924424.099986076 -8.637798 -1.935758 0.079178 0.015737 -0.004703 0.975223 0.220613
1718924424.100109339 -8.637832 -1.935744 0.079174 0.015738 -0.004701 0.975223 0.220612
1718924424.105123043 -8.639219 -1.935174 0.078988 0.015753 -0.004663 0.975229 0.220587
1718924424.110117674 -8.640601 -1.934601 0.078808 0.015761 -0.004666 0.975233 0.220570
1718924424.115139723 -8.641991 -1.934023 0.078637 0.015750 -0.004715 0.975233 0.220569
1718924424.195183992 -8.664261 -1.924719 0.075504 0.015337 -0.005426 0.975064 0.221326
1718924424.199983120 -8.665607 -1.924156 0.075301 0.015324 -0.005479 0.975053 0.221373
1718924424.199983120 -8.665607 -1.924156 0.075301 0.015324 -0.005479 0.975053 0.221373
1718924424.200107336 -8.665642 -1.924142 0.075296 0.015323 -0.005481 0.975053 0.221375
1718924424.205121279 -8.667047 -1.923564 0.075088 0.015311 -0.005540 0.975041 0.221428
1718924424.210114717 -8.668448 -1.922991 0.074868 0.015305 -0.005601 0.975028 0.221481
1718924424.215141296 -8.669861 -1.922412 0.074638 0.015299 -0.005653 0.975017 0.221533
1718924424.220137835 -8.671267 -1.921836 0.074403 0.015292 -0.005694 0.975006 0.221578
1718924424.225124836 -8.672673 -1.921260 0.074169 0.015282 -0.005710 0.974998 0.221614
1718924424.230136156 -8.674087 -1.920682 0.073941 0.015261 -0.005708 0.974995 0.221630
1718924424.235129356 -8.675498 -1.920107 0.073728 0.015240 -0.005715 0.974996 0.221625
1718924424.240117788 -8.676911 -1.919531 0.073532 0.015236 -0.005743 0.974999 0.221611
1718924424.245106936 -8.678326 -1.918953 0.073351 0.015253 -0.005790 0.975002 0.221597
1718924424.250118256 -8.679747 -1.918372 0.073178 0.015271 -0.005849 0.975008 0.221569
1718924424.255125761 -8.681168 -1.917791 0.073004 0.015290 -0.005895 0.975015 0.221536
1718924424.260123014 -8.682584 -1.917211 0.072822 0.015298 -0.005919 0.975020 0.221509
1718924424.265117407 -8.683998 -1.916631 0.072626 0.015294 -0.005916 0.975023 0.221496
1718924424.270122528 -8.685413 -1.916051 0.072414 0.015285 -0.005865 0.975025 0.221493
1718924424.275195360 -8.686845 -1.915461 0.072187 0.015281 -0.005781 0.975022 0.221505
1718924424.280167103 -8.688248 -1.914878 0.071960 0.015288 -0.005702 0.975015 0.221540
1718924424.285160303 -8.689656 -1.914285 0.071739 0.015306 -0.005661 0.975001 0.221601
1718924424.290147066 -8.691060 -1.913685 0.071531 0.015314 -0.005665 0.974984 0.221674
1718924424.295118809 -8.692458 -1.913076 0.071339 0.015318 -0.005716 0.974963 0.221767
1718924424.299992085 -8.693826 -1.912470 0.071165 0.015317 -0.005781 0.974937 0.221877
1718924424.299992085 -8.693826 -1.912470 0.071165 0.015317 -0.005781 0.974937 0.221877
1718924424.300115108 -8.693860 -1.912455 0.071161 0.015317 -0.005783 0.974936 0.221880
1718924424.305121660 -8.695265 -1.911822 0.070998 0.015319 -0.005826 0.974905 0.222019
1718924424.310106277 -8.696662 -1.911185 0.070836 0.015326 -0.005838 0.974869 0.222175
1718924424.315132380 -8.698069 -1.910539 0.070667 0.015329 -0.005820 0.974828 0.222354
1718924424.355123520 -8.709276 -1.905420 0.069553 0.015333 -0.005715 0.974499 0.223793
1718924424.360120058 -8.710685 -1.904782 0.069436 0.015345 -0.005699 0.974465 0.223942
1718924424.365168333 -8.712110 -1.904139 0.069323 0.015361 -0.005687 0.974436 0.224069
1718924424.370124102 -8.713510 -1.903509 0.069216 0.015380 -0.005678 0.974411 0.224175
1718924424.375113487 -8.714922 -1.902877 0.069109 0.015408 -0.005659 0.974389 0.224267
1718924424.380137920 -8.716346 -1.902243 0.069007 0.015446 -0.005634 0.974372 0.224340
1718924424.385210991 -8.717786 -1.901603 0.068910 0.015500 -0.005600 0.974360 0.224390
1718924424.390122175 -8.719180 -1.900984 0.068824 0.015559 -0.005542 0.974349 0.224435
1718924424.395117760 -8.720599 -1.900351 0.068742 0.015638 -0.005454 0.974334 0.224496
1718924424.399991989 -8.721983 -1.899730 0.068664 0.015726 -0.005352 0.974316 0.224573
1718924424.399991989 -8.721983 -1.899730 0.068664 0.015726 -0.005352 0.974316 0.224573
1718924424.400112629 -8.722017 -1.899714 0.068662 0.015728 -0.005350 0.974315 0.224575
1718924424.405120134 -8.723437 -1.899053 0.068589 0.015827 -0.005253 0.974291 0.224674
1718924424.410118103 -8.724850 -1.898384 0.068511 0.015933 -0.005169 0.974264 0.224787
1718924424.415135622 -8.726264 -1.897703 0.068427 0.016034 -0.005100 0.974233 0.224913
1718924424.420148373 -8.727670 -1.897010 0.068335 0.016121 -0.005050 0.974198 0.225062
1718924424.425179958 -8.729075 -1.896305 0.068235 0.016186 -0.005024 0.974155 0.225243
1718924424.430225134 -8.730475 -1.895587 0.068128 0.016228 -0.005004 0.974108 0.225445
1718924424.435180426 -8.731846 -1.894875 0.068019 0.016251 -0.004979 0.974057 0.225665
1718924424.440124035 -8.733211 -1.894156 0.067909 0.016264 -0.004948 0.974001 0.225905
1718924424.445119381 -8.734588 -1.893421 0.067799 0.016279 -0.004911 0.973944 0.226151
1718924424.450124741 -8.735965 -1.892679 0.067692 0.016301 -0.004885 0.973886 0.226400
1718924424.455116987 -8.737335 -1.891937 0.067588 0.016331 -0.004870 0.973830 0.226639
1718924424.460108995 -8.738703 -1.891193 0.067486 0.016371 -0.004857 0.973774 0.226877
1718924424.465175390 -8.740090 -1.890437 0.067387 0.016419 -0.004847 0.973719 0.227109
1718924424.470122099 -8.741441 -1.889699 0.067295 0.016466 -0.004846 0.973670 0.227314
1718924424.475174904 -8.742818 -1.888944 0.067205 0.016515 -0.004848 0.973625 0.227503
1718924424.480104208 -8.744158 -1.888207 0.067120 0.016560 -0.004852 0.973587 0.227663
1718924424.485116482 -8.745520 -1.887458 0.067036 0.016606 -0.004866 0.973550 0.227818
1718924424.490110159 -8.746876 -1.886712 0.066954 0.016638 -0.004890 0.973516 0.227959
1718924424.495115280 -8.748233 -1.885966 0.066873 0.016664 -0.004918 0.973484 0.228095
1718924424.499984980 -8.749551 -1.885242 0.066795 0.016695 -0.004938 0.973452 0.228226
1718924424.499984980 -8.749551 -1.885242 0.066795 0.016695 -0.004938 0.973452 0.228226
1718924424.500103235 -8.749582 -1.885225 0.066793 0.016696 -0.004938 0.973452 0.228229
1718924424.505107164 -8.750929 -1.884509 0.066718 0.016734 -0.004938 0.973422 0.228354
1718924424.510112286 -8.752276 -1.883796 0.066643 0.016798 -0.004915 0.973390 0.228484
1718924424.515133142 -8.753625 -1.883083 0.066568 0.016892 -0.004858 0.973358 0.228616
1718924424.565113783 -8.767026 -1.876363 0.065620 0.017492 -0.003074 0.972756 0.231150
1718924424.570168495 -8.768388 -1.875710 0.065503 0.017577 -0.002884 0.972694 0.231408
1718924424.575203896 -8.769742 -1.875061 0.065388 0.017665 -0.002725 0.972631 0.231666
1718924424.580153704 -8.771073 -1.874423 0.065282 0.017757 -0.002609 0.972570 0.231917
1718924424.585109711 -8.772406 -1.873784 0.065182 0.017851 -0.002518 0.972507 0.232174
1718924424.590100765 -8.773749 -1.873143 0.065084 0.017938 -0.002447 0.972444 0.232433
1718924424.595116615 -8.775099 -1.872503 0.064983 0.018002 -0.002393 0.972382 0.232688
1718924424.599973917 -8.776405 -1.871885 0.064878 0.018044 -0.002347 0.972322 0.232936
1718924424.599973917 -8.776405 -1.871885 0.064878 0.018044 -0.002347 0.972322 0.232936
1718924424.600152493 -8.776453 -1.871862 0.064875 0.018046 -0.002346 0.972320 0.232945
1718924424.605148077 -8.777796 -1.871231 0.064763 0.018062 -0.002302 0.972258 0.233200
1718924424.610107183 -8.779133 -1.870607 0.064642 0.018076 -0.002257 0.972197 0.233456
1718924424.615141869 -8.780493 -1.869975 0.064513 0.018098 -0.002218 0.972135 0.233711
1718924424.620144844 -8.781848 -1.869351 0.064383 0.018126 -0.002190 0.972078 0.233945
1718924424.625155210 -8.783207 -1.868730 0.064256 0.018155 -0.002176 0.972028 0.234153
1718924424.630146265 -8.784566 -1.868117 0.064138 0.018198 -0.002178 0.971984 0.234332
1718924424.635137320 -8.785927 -1.867508 0.064029 0.018245 -0.002186 0.971943 0.234497
1718924424.640123367 -8.787286 -1.866905 0.063929 0.018295 -0.002194 0.971907 0.234645
1718924424.645107508 -8.788646 -1.866305 0.063834 0.018355 -0.002181 0.971874 0.234774
1718924424.650106430 -8.790013 -1.865706 0.063744 0.018418 -0.002122 0.971847 0.234883
1718924424.655115604 -8.791384 -1.865108 0.063654 0.018488 -0.002012 0.971822 0.234983
1718924424.660111904 -8.792752 -1.864513 0.063564 0.018569 -0.001873 0.971796 0.235084
1718924424.665119171 -8.794121 -1.863916 0.063473 0.018658 -0.001724 0.971771 0.235181
1718924424.670104504 -8.795482 -1.863318 0.063377 0.018747 -0.001575 0.971747 0.235272
1718924424.675172567 -8.796862 -1.862708 0.063274 0.018838 -0.001411 0.971721 0.235374
1718924424.680125952 -8.798205 -1.862107 0.063165 0.018915 -0.001260 0.971692 0.235487
1718924424.685121775 -8.799553 -1.861494 0.063045 0.018963 -0.001141 0.971661 0.235614
1718924424.690142632 -8.800901 -1.860871 0.062914 0.018987 -0.001067 0.971630 0.235741
1718924424.695096731 -8.802228 -1.860252 0.062779 0.018992 -0.001034 0.971598 0.235870
1718924424.699971914 -8.803532 -1.859639 0.062642 0.018992 -0.001026 0.971564 0.236011
1718924424.699971914 -8.803532 -1.859639 0.062642 0.018992 -0.001026 0.971564 0.236011
1718924424.700150251 -8.803579 -1.859617 0.062637 0.018992 -0.001025 0.971563 0.236016
1718924424.705098629 -8.804901 -1.858995 0.062503 0.018996 -0.001023 0.971526 0.236167
1718924424.710154533 -8.806253 -1.858360 0.062368 0.019008 -0.001025 0.971490 0.236315
1718924424.715107441 -8.807578 -1.857738 0.062241 0.019022 -0.001030 0.971456 0.236456
1718924424.720115185 -8.808918 -1.857109 0.062117 0.019039 -0.001036 0.971421 0.236594
1718924424.765153885 -8.820909 -1.851600 0.061096 0.019404 -0.001326 0.971298 0.237070
1718924424.770112514 -8.822242 -1.850985 0.060987 0.019433 -0.001351 0.971284 0.237124
1718924424.775138855 -8.823594 -1.850359 0.060880 0.019459 -0.001375 0.971266 0.237195
1718924424.780141830 -8.824939 -1.849735 0.060774 0.019480 -0.001398 0.971244 0.237284
1718924424.785116911 -8.826273 -1.849113 0.060670 0.019501 -0.001418 0.971220 0.237381
1718924424.790143967 -8.827617 -1.848482 0.060563 0.019517 -0.001443 0.971195 0.237481
1718924424.795138836 -8.828950 -1.847852 0.060453 0.019528 -0.001467 0.971165 0.237604
1718924424.799983978 -8.830240 -1.847238 0.060340 0.019542 -0.001495 0.971136 0.237722
1718924424.799983978 -8.830240 -1.847238 0.060340 0.019542 -0.001495 0.971136 0.237722
1718924424.800112009 -8.830274 -1.847222 0.060337 0.019542 -0.001496 0.971135 0.237725
1718924424.805105209 -8.831595 -1.846590 0.060207 0.019552 -0.001511 0.971103 0.237853
1718924424.810102940 -8.832913 -1.845954 0.060074 0.019568 -0.001510 0.971071 0.237984
1718924424.815124273 -8.834236 -1.845312 0.059939 0.019590 -0.001499 0.971035 0.238130
1718924424.820134163 -8.835554 -1.844666 0.059805 0.019607 -0.001502 0.970994 0.238293
1718924424.825165987 -8.836874 -1.844011 0.059671 0.019607 -0.001538 0.970954 0.238457
1718924424.830131769 -8.838173 -1.843359 0.059540 0.019600 -0.001594 0.970917 0.238606
1718924424.835110903 -8.839475 -1.842701 0.059408 0.019590 -0.001653 0.970882 0.238751
1718924424.840106010 -8.840780 -1.842037 0.059277 0.019581 -0.001724 0.970845 0.238899
1718924424.845144510 -8.842096 -1.841364 0.059147 0.019560 -0.001801 0.970809 0.239048
1718924424.850133896 -8.843398 -1.840696 0.059019 0.019542 -0.001859 0.970775 0.239189
1718924424.855111361 -8.844699 -1.840029 0.058894 0.019532 -0.001886 0.970742 0.239323
1718924424.860109091 -8.846007 -1.839359 0.058772 0.019520 -0.001904 0.970711 0.239447
1718924424.865122080 -8.847321 -1.838687 0.058653 0.019494 -0.001937 0.970686 0.239551
1718924424.870127201 -8.848631 -1.838017 0.058541 0.019461 -0.002000 0.970663 0.239648
1718924424.875101805 -8.849935 -1.837353 0.058433 0.019425 -0.002075 0.970640 0.239741
1718924424.880111933 -8.851250 -1.836686 0.058325 0.019382 -0.002149 0.970617 0.239837
1718924424.885108232 -8.852564 -1.836026 0.058217 0.019325 -0.002225 0.970591 0.239947
1718924424.890106916 -8.853881 -1.835369 0.058105 0.019252 -0.002296 0.970562 0.240069
1718924424.895138502 -8.855209 -1.834713 0.057987 0.019172 -0.002344 0.970535 0.240183
1718924424.900012016 -8.856499 -1.834083 0.057869 0.019098 -0.002373 0.970510 0.240292
1718924424.900012016 -8.856499 -1.834083 0.057869 0.019098 -0.002373 0.970510 0.240292
1718924424.900112152 -8.856526 -1.834070 0.057868 0.019096 -0.002373 0.970509 0.240294
1718924424.905110836 -8.857856 -1.833432 0.057762 0.019038 -0.002400 0.970480 0.240415
1718924424.910100698 -8.859188 -1.832802 0.057655 0.018987 -0.002444 0.970450 0.240543
1718924424.915179729 -8.860545 -1.832168 0.057544 0.018928 -0.002499 0.970419 0.240672
1718924424.960102797 -8.872793 -1.826692 0.056663 0.018782 -0.002641 0.970165 0.241704
1718924424.965118885 -8.874174 -1.826081 0.056539 0.018791 -0.002658 0.970141 0.241798
1718924424.970117331 -8.875553 -1.825474 0.056413 0.018801 -0.002676 0.970119 0.241885
1718924424.975114822 -8.876934 -1.824868 0.056287 0.018802 -0.002694 0.970103 0.241951
1718924424.980125904 -8.878321 -1.824262 0.056159 0.018796 -0.002706 0.970091 0.241998
1718924424.985147238 -8.879712 -1.823654 0.056031 0.018791 -0.002714 0.970082 0.242035
1718924424.990150690 -8.881102 -1.823048 0.055905 0.018800 -0.002715 0.970075 0.242063
1718924424.995103836 -8.882479 -1.822445 0.055782 0.018807 -0.002713 0.970072 0.242074
1718924425.000143528 -8.883881 -1.821830 0.055658 0.018808 -0.002714 0.970074 0.242067
1718924425.005137682 -8.885271 -1.821216 0.055535 0.018800 -0.002716 0.970080 0.242043
1718924425.010151148 -8.886666 -1.820597 0.055412 0.018777 -0.002707 0.970087 0.242017
1718924425.015199423 -8.888071 -1.819971 0.055287 0.018747 -0.002692 0.970093 0.241994
1718924425.020117283 -8.889438 -1.819357 0.055161 0.018716 -0.002670 0.970099 0.241972
1718924425.025107384 -8.890824 -1.818730 0.055030 0.018682 -0.002645 0.970108 0.241939
1718924425.030102253 -8.892210 -1.818096 0.054898 0.018648 -0.002623 0.970117 0.241904
1718924425.035106897 -8.893597 -1.817456 0.054763 0.018612 -0.002600 0.970127 0.241867
1718924425.040112257 -8.894982 -1.816810 0.054628 0.018571 -0.002589 0.970137 0.241833
1718924425.045114994 -8.896363 -1.816159 0.054494 0.018522 -0.002597 0.970144 0.241807
1718924425.050150394 -8.897750 -1.815500 0.054361 0.018473 -0.002612 0.970149 0.241790
1718924425.055146694 -8.899124 -1.814841 0.054230 0.018435 -0.002624 0.970151 0.241786
1718924425.060098886 -8.900484 -1.814184 0.054102 0.018401 -0.002624 0.970151 0.241789
1718924425.065149784 -8.901868 -1.813511 0.053972 0.018370 -0.002615 0.970146 0.241809
1718924425.070106506 -8.903224 -1.812846 0.053843 0.018344 -0.002608 0.970138 0.241846
1718924425.075123787 -8.904597 -1.812168 0.053710 0.018326 -0.002604 0.970128 0.241887
1718924425.080109596 -8.905961 -1.811492 0.053575 0.018310 -0.002593 0.970117 0.241933
1718924425.085133553 -8.907334 -1.810809 0.053436 0.018287 -0.002580 0.970105 0.241984
1718924425.090108633 -8.908693 -1.810132 0.053298 0.018266 -0.002580 0.970090 0.242042
1718924425.095116377 -8.910061 -1.809447 0.053160 0.018257 -0.002579 0.970074 0.242107
1718924425.099990845 -8.911394 -1.808779 0.053028 0.018257 -0.002583 0.970055 0.242185
1718924425.099990845 -8.911394 -1.808779 0.053028 0.018257 -0.002583 0.970055 0.242185
1718924425.100106001 -8.911425 -1.808763 0.053024 0.018257 -0.002583 0.970054 0.242187
1718924425.105105639 -8.912789 -1.808079 0.052892 0.018266 -0.002582 0.970032 0.242274
1718924425.110106230 -8.914152 -1.807396 0.052765 0.018297 -0.002564 0.970008 0.242371
1718924425.115115404 -8.915517 -1.806713 0.052644 0.018340 -0.002533 0.969983 0.242468
1718924425.199980021 -8.938772 -1.795300 0.050921 0.017256 -0.002815 0.969656 0.243846
1718924425.199980021 -8.938772 -1.795300 0.050921 0.017256 -0.002815 0.969656 0.243846
1718924425.210112095 -8.941658 -1.793803 0.051041 0.017132 -0.002847 0.969617 0.244012
1718924425.215121269 -8.943063 -1.793097 0.051061 0.017077 -0.002871 0.969599 0.244084
1718924425.220109463 -8.944464 -1.792397 0.051085 0.017008 -0.002891 0.969583 0.244155
1718924425.225130796 -8.945878 -1.791695 0.051115 0.016938 -0.002921 0.969567 0.244223
1718924425.230121136 -8.947287 -1.791001 0.051147 0.016879 -0.002961 0.969551 0.244289
1718924425.235142708 -8.948706 -1.790306 0.051178 0.016827 -0.003006 0.969535 0.244354
1718924425.240111589 -8.950112 -1.789623 0.051204 0.016777 -0.003044 0.969521 0.244412
1718924425.245098591 -8.951527 -1.788941 0.051225 0.016727 -0.003085 0.969506 0.244478
1718924425.250098705 -8.952947 -1.788260 0.051240 0.016666 -0.003132 0.969487 0.244556
1718924425.255110025 -8.954373 -1.787581 0.051250 0.016594 -0.003183 0.969468 0.244635
1718924425.260112762 -8.955799 -1.786907 0.051254 0.016528 -0.003212 0.969447 0.244721
1718924425.265130281 -8.957234 -1.786233 0.051254 0.016479 -0.003215 0.969426 0.244808
1718924425.270128012 -8.958670 -1.785563 0.051249 0.016453 -0.003203 0.969406 0.244892
1718924425.275148153 -8.960115 -1.784890 0.051242 0.016440 -0.003187 0.969384 0.244977
1718924425.280115843 -8.961548 -1.784226 0.051231 0.016438 -0.003169 0.969364 0.245057
1718924425.285113096 -8.962991 -1.783558 0.051221 0.016434 -0.003160 0.969347 0.245124
1718924425.290102243 -8.964432 -1.782891 0.051213 0.016434 -0.003160 0.969331 0.245187
1718924425.295094013 -8.965876 -1.782220 0.051207 0.016430 -0.003171 0.969317 0.245242
1718924425.300000906 -8.967296 -1.781559 0.051203 0.016426 -0.003181 0.969306 0.245288
1718924425.300000906 -8.967296 -1.781559 0.051203 0.016426 -0.003181 0.969306 0.245288
1718924425.300108194 -8.967327 -1.781545 0.051202 0.016426 -0.003181 0.969306 0.245289
1718924425.305104017 -8.968747 -1.780906 0.051141 0.016427 -0.003176 0.969296 0.245325
1718924425.310107708 -8.970172 -1.780261 0.051080 0.016436 -0.003146 0.969288 0.245359
1718924425.315110445 -8.971597 -1.779610 0.051018 0.016453 -0.003092 0.969279 0.245392
1718924425.360100746 -8.984295 -1.773622 0.050476 0.016417 -0.002911 0.969237 0.245562
1718924425.365097761 -8.985692 -1.772941 0.050419 0.016423 -0.002884 0.969233 0.245581
1718924425.370101213 -8.987089 -1.772255 0.050361 0.016430 -0.002848 0.969229 0.245597
1718924425.375101328 -8.988483 -1.771565 0.050303 0.016425 -0.002816 0.969222 0.245624
1718924425.380105019 -8.989877 -1.770870 0.050242 0.016397 -0.002792 0.969212 0.245666
1718924425.385123253 -8.991275 -1.770169 0.050178 0.016366 -0.002765 0.969202 0.245709
1718924425.390177011 -8.992683 -1.769459 0.050109 0.016335 -0.002741 0.969191 0.245754
1718924425.395144939 -8.994068 -1.768758 0.050034 0.016305 -0.002708 0.969178 0.245807
1718924425.399993896 -8.995419 -1.768070 0.049956 0.016284 -0.002668 0.969163 0.245867
1718924425.399993896 -8.995419 -1.768070 0.049956 0.016284 -0.002668 0.969163 0.245867
1718924425.400138855 -8.995460 -1.768050 0.049953 0.016283 -0.002667 0.969163 0.245869
1718924425.405142069 -8.996855 -1.767340 0.049869 0.016260 -0.002617 0.969144 0.245945
1718924425.410109520 -8.998241 -1.766635 0.049787 0.016252 -0.002564 0.969126 0.246015
1718924425.415173531 -8.999655 -1.765915 0.049708 0.016252 -0.002519 0.969108 0.246087
1718924425.420125008 -9.001037 -1.765210 0.049639 0.016252 -0.002489 0.969091 0.246154
1718924425.425175428 -9.002446 -1.764490 0.049578 0.016248 -0.002473 0.969074 0.246221
1718924425.430122852 -9.003827 -1.763786 0.049524 0.016243 -0.002460 0.969058 0.246287
1718924425.435188293 -9.005242 -1.763065 0.049473 0.016228 -0.002431 0.969043 0.246345
1718924425.440093517 -9.006613 -1.762366 0.049422 0.016211 -0.002397 0.969030 0.246400
1718924425.445155382 -9.008030 -1.761646 0.049364 0.016197 -0.002356 0.969016 0.246454
1718924425.450113058 -9.009419 -1.760943 0.049303 0.016186 -0.002313 0.969006 0.246494
1718924425.455127239 -9.010826 -1.760234 0.049235 0.016182 -0.002285 0.968994 0.246542
1718924425.460106850 -9.012225 -1.759530 0.049164 0.016184 -0.002273 0.968981 0.246593
1718924425.465095282 -9.013627 -1.758828 0.049094 0.016191 -0.002279 0.968969 0.246642
1718924425.470165730 -9.015053 -1.758118 0.049025 0.016208 -0.002296 0.968957 0.246686
1718924425.475111961 -9.016444 -1.757430 0.048962 0.016231 -0.002305 0.968949 0.246716
1718924425.480108261 -9.017851 -1.756740 0.048902 0.016260 -0.002303 0.968941 0.246745
1718924425.485148668 -9.019271 -1.756048 0.048845 0.016281 -0.002294 0.968932 0.246780
1718924425.490154266 -9.020683 -1.755365 0.048789 0.016295 -0.002270 0.968927 0.246798
1718924425.495103598 -9.022080 -1.754694 0.048734 0.016298 -0.002237 0.968927 0.246799
1718924425.499987841 -9.023462 -1.754034 0.048678 0.016287 -0.002212 0.968929 0.246792
1718924425.499987841 -9.023462 -1.754034 0.048678 0.016287 -0.002212 0.968929 0.246792
1718924425.500104666 -9.023495 -1.754018 0.048677 0.016287 -0.002211 0.968929 0.246792
1718924425.505103111 -9.024912 -1.753343 0.048618 0.016270 -0.002197 0.968928 0.246798
1718924425.510103703 -9.026333 -1.752670 0.048555 0.016247 -0.002200 0.968925 0.246811
1718924425.515113354 -9.027758 -1.751999 0.048486 0.016227 -0.002205 0.968923 0.246821
1718924425.565100670 -9.042061 -1.745213 0.047575 0.016052 -0.001733 0.968922 0.246841
1718924425.570096970 -9.043500 -1.744518 0.047462 0.016049 -0.001687 0.968917 0.246858
1718924425.575105906 -9.044943 -1.743820 0.047345 0.016059 -0.001626 0.968909 0.246890
1718924425.580108404 -9.046383 -1.743120 0.047226 0.016081 -0.001554 0.968901 0.246921
1718924425.585102320 -9.047819 -1.742421 0.047108 0.016112 -0.001492 0.968894 0.246947
1718924425.590095997 -9.049251 -1.741718 0.046993 0.016143 -0.001450 0.968885 0.246978
1718924425.595102549 -9.050683 -1.741010 0.046879 0.016176 -0.001421 0.968876 0.247013
1718924425.599990845 -9.052077 -1.740316 0.046772 0.016206 -0.001398 0.968867 0.247049
1718924425.599990845 -9.052077 -1.740316 0.046772 0.016206 -0.001398 0.968867 0.247049
1718924425.600107193 -9.052110 -1.740299 0.046769 0.016206 -0.001397 0.968866 0.247049
1718924425.605143070 -9.053548 -1.739581 0.046660 0.016239 -0.001371 0.968853 0.247098
1718924425.610090256 -9.054960 -1.738870 0.046555 0.016267 -0.001343 0.968840 0.247150
1718924425.615149975 -9.056402 -1.738139 0.046448 0.016282 -0.001313 0.968823 0.247215
1718924425.620114565 -9.057817 -1.737418 0.046344 0.016286 -0.001285 0.968805 0.247285
1718924425.625119925 -9.059243 -1.736687 0.046237 0.016286 -0.001250 0.968790 0.247344
1718924425.630146503 -9.060677 -1.735950 0.046126 0.016287 -0.001212 0.968774 0.247406
1718924425.635152578 -9.062106 -1.735213 0.046014 0.016288 -0.001187 0.968756 0.247479
1718924425.640116453 -9.063523 -1.734479 0.045902 0.016287 -0.001177 0.968740 0.247542
1718924425.645120382 -9.064952 -1.733739 0.045790 0.016294 -0.001171 0.968728 0.247587
1718924425.650113106 -9.066379 -1.732999 0.045680 0.016305 -0.001174 0.968718 0.247625
1718924425.655119181 -9.067811 -1.732258 0.045571 0.016308 -0.001190 0.968709 0.247662
1718924425.660112858 -9.069240 -1.731518 0.045465 0.016300 -0.001220 0.968702 0.247689
1718924425.665110588 -9.070673 -1.730778 0.045359 0.016283 -0.001257 0.968698 0.247704
1718924425.670105457 -9.072108 -1.730042 0.045254 0.016253 -0.001279 0.968696 0.247714
1718924425.675094604 -9.073546 -1.729309 0.045146 0.016230 -0.001287 0.968695 0.247721
1718924425.680113554 -9.074996 -1.728573 0.045035 0.016210 -0.001285 0.968692 0.247733
1718924425.685109615 -9.076444 -1.727844 0.044922 0.016195 -0.001268 0.968690 0.247743
1718924425.690116167 -9.077899 -1.727117 0.044805 0.016190 -0.001249 0.968688 0.247749
1718924425.695103407 -9.079353 -1.726397 0.044686 0.016189 -0.001235 0.968687 0.247753
1718924425.699905157 -9.080755 -1.725707 0.044573 0.016188 -0.001222 0.968687 0.247753
1718924425.699905157 -9.080755 -1.725707 0.044573 0.016188 -0.001222 0.968687 0.247753
1718924425.699987888 -9.079052 -1.686035 0.086143 0.016042 0.001054 0.968588 0.248151
1718924425.699987888 -9.079052 -1.686035 0.086143 0.016042 0.001054 0.968588 0.248151
1718924425.700107813 -9.079081 -1.686028 0.086141 0.016042 0.001054 0.968588 0.248151
1718924425.705115557 -9.080318 -1.685709 0.086051 0.016058 0.001065 0.968589 0.248146
1718924425.710103750 -9.081551 -1.685394 0.085968 0.016082 0.001076 0.968589 0.248144
1718924425.715099812 -9.082787 -1.685080 0.085892 0.016110 0.001085 0.968591 0.248133
1718924425.785148382 -9.100216 -1.680537 0.084427 0.016394 0.000893 0.968329 0.249136
1718924425.790110826 -9.101457 -1.680196 0.084328 0.016396 0.000884 0.968311 0.249208
1718924425.795143366 -9.102717 -1.679847 0.084226 0.016393 0.000883 0.968293 0.249279
1718924425.800097704 -9.103961 -1.679501 0.084126 0.016389 0.000896 0.968278 0.249335
1718924425.805091143 -9.105219 -1.679149 0.084025 0.016390 0.000903 0.968265 0.249388
1718924425.810103893 -9.106485 -1.678790 0.083922 0.016391 0.000906 0.968251 0.249439
1718924425.815115213 -9.107753 -1.678427 0.083818 0.016390 0.000922 0.968238 0.249491
1718924425.820108891 -9.109019 -1.678063 0.083713 0.016392 0.000936 0.968226 0.249538
1718924425.825155497 -9.110300 -1.677691 0.083607 0.016406 0.000936 0.968216 0.249576
1718924425.830099106 -9.111556 -1.677324 0.083503 0.016424 0.000927 0.968210 0.249597
1718924425.835110426 -9.112830 -1.676950 0.083400 0.016446 0.000911 0.968206 0.249612
1718924425.840118170 -9.114102 -1.676574 0.083299 0.016468 0.000889 0.968202 0.249626
1718924425.845165968 -9.115385 -1.676192 0.083199 0.016499 0.000866 0.968201 0.249628
1718924425.850102425 -9.116640 -1.675816 0.083103 0.016525 0.000847 0.968200 0.249628
1718924425.855146646 -9.117923 -1.675428 0.083006 0.016534 0.000842 0.968200 0.249628
1718924425.860100985 -9.119183 -1.675045 0.082913 0.016537 0.000846 0.968201 0.249625
1718924425.865135670 -9.120464 -1.674652 0.082818 0.016535 0.000853 0.968205 0.249611
1718924425.870099306 -9.121730 -1.674260 0.082723 0.016527 0.000862 0.968209 0.249596
1718924425.875111818 -9.123009 -1.673861 0.082626 0.016517 0.000863 0.968211 0.249586
1718924425.880101442 -9.124282 -1.673460 0.082527 0.016512 0.000854 0.968213 0.249579
1718924425.885088444 -9.125553 -1.673057 0.082426 0.016502 0.000840 0.968216 0.249567
1718924425.890094280 -9.126830 -1.672649 0.082324 0.016495 0.000816 0.968217 0.249567
1718924425.895117521 -9.128110 -1.672238 0.082224 0.016488 0.000778 0.968216 0.249572
1718924425.900010347 -9.129357 -1.671834 0.082129 0.016477 0.000748 0.968215 0.249574
1718924425.900010347 -9.129357 -1.671834 0.082129 0.016477 0.000748 0.968215 0.249574
1718924425.900102377 -9.129380 -1.671827 0.082128 0.016478 0.000747 0.968215 0.249574
1718924425.905090809 -9.130650 -1.671416 0.082040 0.016477 0.000728 0.968213 0.249583
1718924425.910094261 -9.131926 -1.671002 0.081953 0.016480 0.000721 0.968208 0.249602
1718924425.915140629 -9.133215 -1.670583 0.081863 0.016476 0.000720 0.968202 0.249627
1718924425.945149183 -9.140886 -1.668108 0.081482 0.016368 0.000578 0.968108 0.249996
1718924425.950093508 -9.142153 -1.667694 0.081437 0.016336 0.000554 0.968093 0.250057
1718924425.955115318 -9.143442 -1.667273 0.081397 0.016324 0.000530 0.968077 0.250121
1718924425.960110903 -9.144728 -1.666856 0.081360 0.016324 0.000522 0.968058 0.250192
1718924425.965167284 -9.146030 -1.666435 0.081321 0.016343 0.000521 0.968038 0.250269
1718924425.970113039 -9.147306 -1.666024 0.081277 0.016371 0.000529 0.968020 0.250338
1718924425.975148439 -9.148608 -1.665607 0.081223 0.016397 0.000553 0.968001 0.250410
1718924425.980105162 -9.149892 -1.665197 0.081163 0.016402 0.000576 0.967982 0.250481
1718924425.985146046 -9.151199 -1.664778 0.081096 0.016380 0.000589 0.967963 0.250556
1718924425.990109444 -9.152489 -1.664363 0.081028 0.016345 0.000593 0.967947 0.250621
1718924425.995088816 -9.153787 -1.663945 0.080960 0.016316 0.000593 0.967933 0.250678
1718924426.000098705 -9.155098 -1.663521 0.080896 0.016299 0.000600 0.967922 0.250722
1718924426.005141258 -9.156421 -1.663094 0.080836 0.016303 0.000628 0.967909 0.250770
1718924426.010134697 -9.157733 -1.662669 0.080784 0.016324 0.000672 0.967897 0.250815
1718924426.015166044 -9.159056 -1.662240 0.080738 0.016352 0.000706 0.967887 0.250852
1718924426.020112753 -9.160355 -1.661817 0.080696 0.016383 0.000727 0.967880 0.250876
1718924426.025168896 -9.161680 -1.661382 0.080653 0.016402 0.000731 0.967877 0.250888
1718924426.030115128 -9.162974 -1.660954 0.080606 0.016406 0.000727 0.967872 0.250906
1718924426.035112381 -9.164280 -1.660519 0.080553 0.016407 0.000727 0.967868 0.250924
1718924426.040109158 -9.165587 -1.660079 0.080493 0.016409 0.000732 0.967861 0.250950
1718924426.045156002 -9.166907 -1.659630 0.080426 0.016412 0.000744 0.967852 0.250985
1718924426.050109148 -9.168202 -1.659184 0.080357 0.016420 0.000767 0.967844 0.251014
1718924426.055109024 -9.169509 -1.658731 0.080288 0.016429 0.000795 0.967836 0.251045
1718924426.060098648 -9.170814 -1.658274 0.080224 0.016446 0.000817 0.967827 0.251078
1718924426.065112114 -9.172124 -1.657812 0.080168 0.016473 0.000827 0.967819 0.251106
1718924426.070106506 -9.173428 -1.657348 0.080120 0.016503 0.000814 0.967810 0.251139
1718924426.075092793 -9.174727 -1.656882 0.080077 0.016530 0.000785 0.967800 0.251177
1718924426.080097675 -9.176030 -1.656413 0.080036 0.016558 0.000751 0.967789 0.251216
1718924426.085088015 -9.177326 -1.655945 0.079993 0.016589 0.000735 0.967778 0.251257
1718924426.090098143 -9.178627 -1.655475 0.079944 0.016609 0.000731 0.967763 0.251313
1718924426.095087528 -9.179920 -1.655005 0.079888 0.016622 0.000736 0.967748 0.251370
1718924426.099990129 -9.181191 -1.654542 0.079828 0.016630 0.000753 0.967735 0.251421
1718924426.099990129 -9.181191 -1.654542 0.079828 0.016630 0.000753 0.967735 0.251421
1718924426.100104332 -9.181220 -1.654532 0.079826 0.016630 0.000754 0.967734 0.251422
1718924426.105098009 -9.182512 -1.654060 0.079754 0.016619 0.000774 0.967722 0.251472
1718924426.110100269 -9.183809 -1.653585 0.079681 0.016601 0.000791 0.967713 0.251508
1718924426.115102530 -9.185107 -1.653109 0.079610 0.016592 0.000790 0.967702 0.251551
1718924426.199987173 -9.207349 -1.644148 0.078066 0.016292 0.000751 0.967861 0.250958
1718924426.199987173 -9.207349 -1.644148 0.078066 0.016292 0.000751 0.967861 0.250958
1718924426.230126619 -9.215307 -1.640550 0.077655 0.016276 0.000708 0.967916 0.250746
1718924426.235107899 -9.216628 -1.639935 0.077604 0.016240 0.000701 0.967927 0.250707
1718924426.240095854 -9.217952 -1.639314 0.077555 0.016194 0.000692 0.967938 0.250664
1718924426.245158195 -9.219297 -1.638681 0.077507 0.016151 0.000671 0.967951 0.250620
1718924426.250106096 -9.220614 -1.638059 0.077462 0.016119 0.000644 0.967964 0.250571
1718924426.255158424 -9.221958 -1.637423 0.077418 0.016087 0.000612 0.967979 0.250514
1718924426.260107040 -9.223274 -1.636800 0.077373 0.016056 0.000582 0.967994 0.250460
1718924426.265104532 -9.224603 -1.636173 0.077326 0.016025 0.000554 0.968009 0.250403
1718924426.270106792 -9.225933 -1.635546 0.077276 0.016000 0.000535 0.968022 0.250355
1718924426.275121689 -9.227268 -1.634918 0.077224 0.015969 0.000521 0.968034 0.250310
1718924426.280115366 -9.228599 -1.634294 0.077170 0.015938 0.000515 0.968041 0.250283
1718924426.285089016 -9.229926 -1.633673 0.077114 0.015910 0.000518 0.968048 0.250261
1718924426.290102959 -9.231268 -1.633047 0.077060 0.015885 0.000523 0.968051 0.250247
1718924426.295097113 -9.232607 -1.632424 0.077010 0.015873 0.000527 0.968054 0.250239
1718924426.299987316 -9.233922 -1.631815 0.076970 0.015867 0.000528 0.968055 0.250234
1718924426.299987316 -9.233922 -1.631815 0.076970 0.015867 0.000528 0.968055 0.250234
1718924426.300096035 -9.233952 -1.631801 0.076969 0.015867 0.000528 0.968055 0.250233
1718924426.305090427 -9.235295 -1.631180 0.076935 0.015882 0.000528 0.968058 0.250223
1718924426.310091972 -9.236639 -1.630560 0.076909 0.015910 0.000524 0.968058 0.250219
1718924426.315109491 -9.237987 -1.629938 0.076885 0.015939 0.000505 0.968057 0.250222
1718924426.365108252 -9.251248 -1.623504 0.076299 0.016357 0.000624 0.967849 0.251000
1718924426.370097399 -9.252549 -1.622837 0.076235 0.016377 0.000655 0.967826 0.251087
1718924426.375102758 -9.253850 -1.622163 0.076163 0.016397 0.000709 0.967801 0.251182
1718924426.380111933 -9.255148 -1.621485 0.076082 0.016422 0.000778 0.967778 0.251266
1718924426.385150909 -9.256449 -1.620800 0.075993 0.016455 0.000852 0.967757 0.251345
1718924426.390140057 -9.257734 -1.620115 0.075901 0.016490 0.000922 0.967739 0.251414
1718924426.395135403 -9.259018 -1.619422 0.075809 0.016530 0.000982 0.967720 0.251482
1718924426.399994135 -9.260263 -1.618741 0.075722 0.016562 0.001031 0.967703 0.251547
1718924426.399994135 -9.260263 -1.618741 0.075722 0.016562 0.001031 0.967703 0.251547
1718924426.400139570 -9.260300 -1.618720 0.075719 0.016564 0.001033 0.967702 0.251549
1718924426.405094147 -9.261565 -1.618022 0.075621 0.016598 0.001081 0.967687 0.251605
1718924426.410092592 -9.262839 -1.617312 0.075523 0.016622 0.001135 0.967673 0.251656
1718924426.415138006 -9.264124 -1.616588 0.075426 0.016655 0.001199 0.967662 0.251697
1718924426.420167685 -9.265404 -1.615858 0.075330 0.016690 0.001273 0.967651 0.251736
1718924426.425149918 -9.266672 -1.615128 0.075237 0.016730 0.001350 0.967642 0.251769
1718924426.430089235 -9.267927 -1.614397 0.075144 0.016780 0.001414 0.967633 0.251798
1718924426.435104847 -9.269199 -1.613649 0.075050 0.016843 0.001468 0.967624 0.251830
1718924426.440102577 -9.270464 -1.612898 0.074954 0.016920 0.001516 0.967615 0.251859
1718924426.445170164 -9.271744 -1.612131 0.074855 0.017003 0.001559 0.967606 0.251886
1718924426.450105190 -9.272988 -1.611379 0.074758 0.017075 0.001603 0.967597 0.251917
1718924426.455133677 -9.274252 -1.610608 0.074659 0.017141 0.001650 0.967585 0.251958
1718924426.460138083 -9.275506 -1.609836 0.074563 0.017191 0.001697 0.967571 0.252009
1718924426.465139389 -9.276758 -1.609061 0.074470 0.017228 0.001737 0.967553 0.252074
1718924426.470097303 -9.278000 -1.608289 0.074383 0.017257 0.001778 0.967533 0.252147
1718924426.475131512 -9.279261 -1.607501 0.074296 0.017283 0.001823 0.967511 0.252230
1718924426.480097055 -9.280504 -1.606721 0.074211 0.017307 0.001861 0.967486 0.252325
1718924426.485101461 -9.281758 -1.605935 0.074126 0.017334 0.001892 0.967457 0.252434
1718924426.490098238 -9.283010 -1.605150 0.074039 0.017373 0.001919 0.967428 0.252540
1718924426.495134592 -9.284273 -1.604362 0.073949 0.017419 0.001947 0.967402 0.252639
1718924426.499988317 -9.285490 -1.603606 0.073860 0.017469 0.001976 0.967376 0.252732
1718924426.499988317 -9.285490 -1.603606 0.073860 0.017469 0.001976 0.967376 0.252732
1718924426.500138283 -9.285527 -1.603582 0.073858 0.017470 0.001977 0.967376 0.252735
1718924426.505094051 -9.286769 -1.602813 0.073768 0.017518 0.002016 0.967346 0.252846
1718924426.510113955 -9.288027 -1.602036 0.073674 0.017568 0.002068 0.967314 0.252963
1718924426.515100718 -9.289280 -1.601267 0.073577 0.017610 0.002124 0.967285 0.253070
1718924426.565155268 -9.301969 -1.593657 0.072504 0.017851 0.001695 0.967214 0.253330
1718924426.570104599 -9.303234 -1.592918 0.072414 0.017858 0.001664 0.967207 0.253356
1718924426.575149298 -9.304527 -1.592167 0.072325 0.017867 0.001629 0.967197 0.253392
1718924426.580097437 -9.305798 -1.591432 0.072241 0.017865 0.001603 0.967192 0.253414
1718924426.585111618 -9.307089 -1.590687 0.072160 0.017851 0.001582 0.967186 0.253436
1718924426.590107918 -9.308379 -1.589945 0.072084 0.017830 0.001558 0.967181 0.253456
1718924426.595114946 -9.309674 -1.589203 0.072009 0.017806 0.001545 0.967178 0.253471
1718924426.599980116 -9.310935 -1.588483 0.071936 0.017790 0.001539 0.967175 0.253483
1718924426.599980116 -9.310935 -1.588483 0.071936 0.017790 0.001539 0.967175 0.253483
1718924426.600105047 -9.310968 -1.588464 0.071934 0.017790 0.001539 0.967175 0.253484
1718924426.605100393 -9.312264 -1.587727 0.071845 0.017784 0.001521 0.967170 0.253503
1718924426.610102654 -9.313563 -1.586988 0.071756 0.017786 0.001508 0.967163 0.253528
1718924426.615097046 -9.314861 -1.586251 0.071664 0.017794 0.001493 0.967155 0.253559
1718924426.620099306 -9.316162 -1.585513 0.071570 0.017805 0.001462 0.967148 0.253586
1718924426.625102282 -9.317461 -1.584776 0.071474 0.017817 0.001425 0.967140 0.253617
1718924426.630096912 -9.318754 -1.584042 0.071379 0.017830 0.001393 0.967130 0.253654
1718924426.635104895 -9.320047 -1.583308 0.071285 0.017834 0.001360 0.967121 0.253686
1718924426.640099525 -9.321333 -1.582577 0.071196 0.017836 0.001333 0.967112 0.253722
1718924426.645098448 -9.322617 -1.581848 0.071112 0.017846 0.001317 0.967101 0.253762
1718924426.650114059 -9.323901 -1.581117 0.071032 0.017860 0.001307 0.967091 0.253800
1718924426.655141592 -9.325184 -1.580384 0.070955 0.017887 0.001293 0.967081 0.253834
1718924426.660140991 -9.326453 -1.579657 0.070880 0.017926 0.001280 0.967071 0.253873
1718924426.665137291 -9.327715 -1.578930 0.070805 0.017961 0.001259 0.967059 0.253916
1718924426.670096397 -9.328961 -1.578211 0.070728 0.017988 0.001239 0.967046 0.253963
1718924426.675140619 -9.330219 -1.577480 0.070648 0.018021 0.001212 0.967033 0.254010
1718924426.680097580 -9.331448 -1.576762 0.070566 0.018054 0.001193 0.967020 0.254056
1718924426.685099602 -9.332682 -1.576038 0.070482 0.018092 0.001181 0.967007 0.254104
1718924426.690094471 -9.333907 -1.575315 0.070397 0.018133 0.001183 0.966997 0.254138
1718924426.695142984 -9.335141 -1.574584 0.070312 0.018182 0.001191 0.966988 0.254168
1718924426.699898243 -9.336299 -1.573895 0.070232 0.018224 0.001194 0.966978 0.254206
1718924426.699898243 -9.336299 -1.573895 0.070232 0.018224 0.001194 0.966978 0.254206
1718924426.700098515 -9.336347 -1.573866 0.070229 0.018225 0.001194 0.966977 0.254208
1718924426.705102682 -9.337557 -1.573141 0.070152 0.018246 0.001200 0.966969 0.254237
1718924426.710103750 -9.338760 -1.572417 0.070077 0.018258 0.001205 0.966966 0.254248
1718924426.715108633 -9.339958 -1.571694 0.070003 0.018258 0.001217 0.966966 0.254248
1718924426.720109701 -9.341150 -1.570970 0.069931 0.018255 0.001235 0.966968 0.254241
1718924426.795106411 -9.358708 -1.559750 0.068317 0.018482 0.001069 0.966724 0.255151
1718924426.799983263 -9.359829 -1.558995 0.068190 0.018481 0.001058 0.966704 0.255227
1718924426.799983263 -9.359829 -1.558995 0.068190 0.018481 0.001058 0.966704 0.255227
1718924426.800107956 -9.359858 -1.558976 0.068187 0.018482 0.001057 0.966703 0.255229
1718924426.805104733 -9.361007 -1.558199 0.068036 0.018497 0.001032 0.966679 0.255321
1718924426.810095787 -9.362151 -1.557423 0.067882 0.018518 0.001010 0.966653 0.255416
1718924426.815104485 -9.363295 -1.556644 0.067726 0.018547 0.000992 0.966629 0.255507
1718924426.820111036 -9.364435 -1.555864 0.067571 0.018582 0.000975 0.966601 0.255608
1718924426.825114965 -9.365572 -1.555085 0.067419 0.018610 0.000965 0.966573 0.255712
1718924426.830103159 -9.366701 -1.554308 0.067271 0.018647 0.000957 0.966545 0.255816
1718924426.835109711 -9.367832 -1.553531 0.067127 0.018688 0.000946 0.966518 0.255917
1718924426.840109110 -9.368959 -1.552755 0.066987 0.018718 0.000932 0.966492 0.256012
1718924426.845102072 -9.370084 -1.551982 0.066851 0.018737 0.000912 0.966467 0.256107
1718924426.850112677 -9.371213 -1.551206 0.066716 0.018750 0.000894 0.966441 0.256201
1718924426.855142355 -9.372346 -1.550429 0.066578 0.018761 0.000881 0.966416 0.256295
1718924426.860109329 -9.373465 -1.549662 0.066440 0.018768 0.000865 0.966395 0.256375
1718924426.865106344 -9.374592 -1.548891 0.066297 0.018774 0.000836 0.966376 0.256446
1718924426.870105267 -9.375722 -1.548121 0.066148 0.018783 0.000801 0.966358 0.256512
1718924426.875106096 -9.376853 -1.547353 0.065994 0.018797 0.000772 0.966342 0.256573
1718924426.880111456 -9.377988 -1.546587 0.065836 0.018818 0.000741 0.966326 0.256630
1718924426.885098934 -9.379121 -1.545826 0.065677 0.018844 0.000719 0.966312 0.256680
1718924426.890102386 -9.380260 -1.545064 0.065519 0.018870 0.000698 0.966301 0.256720
1718924426.895098448 -9.381400 -1.544305 0.065365 0.018883 0.000683 0.966291 0.256758
1718924426.900005102 -9.382522 -1.543562 0.065218 0.018886 0.000682 0.966285 0.256780
1718924426.900005102 -9.382522 -1.543562 0.065218 0.018886 0.000682 0.966285 0.256780
1718924426.900094271 -9.382542 -1.543549 0.065216 0.018886 0.000682 0.966285 0.256781
1718924426.905098677 -9.383675 -1.542804 0.065079 0.018874 0.000697 0.966280 0.256800
1718924426.910110235 -9.384814 -1.542059 0.064948 0.018863 0.000717 0.966277 0.256813
1718924426.915153503 -9.385962 -1.541310 0.064819 0.018860 0.000725 0.966276 0.256815
1718924426.955147743 -9.395084 -1.535459 0.063867 0.018912 0.000373 0.966231 0.256980
1718924426.960110903 -9.396252 -1.534699 0.063756 0.018896 0.000341 0.966223 0.257014
1718924426.965152264 -9.397443 -1.533925 0.063645 0.018870 0.000296 0.966214 0.257049
1718924426.970110655 -9.398619 -1.533165 0.063537 0.018846 0.000254 0.966205 0.257086
1718924426.975149393 -9.399817 -1.532393 0.063432 0.018822 0.000218 0.966196 0.257122
1718924426.980119467 -9.401003 -1.531633 0.063336 0.018807 0.000197 0.966188 0.257152
1718924426.985115767 -9.402201 -1.530870 0.063250 0.018811 0.000194 0.966181 0.257179
1718924426.990104437 -9.403402 -1.530108 0.063177 0.018832 0.000196 0.966172 0.257212
1718924426.995099068 -9.404606 -1.529348 0.063112 0.018854 0.000191 0.966163 0.257242
1718924427.000104189 -9.405813 -1.528589 0.063048 0.018875 0.000173 0.966158 0.257260
1718924427.005139112 -9.407026 -1.527828 0.062979 0.018884 0.000147 0.966153 0.257277
1718924427.010135651 -9.408228 -1.527075 0.062901 0.018884 0.000110 0.966147 0.257301
1718924427.015175104 -9.409440 -1.526316 0.062813 0.018891 0.000071 0.966141 0.257321
1718924427.020116091 -9.410627 -1.525573 0.062720 0.018902 0.000039 0.966139 0.257330
1718924427.025135756 -9.411833 -1.524819 0.062621 0.018920 0.000024 0.966134 0.257348
1718924427.030112743 -9.413029 -1.524071 0.062524 0.018945 0.000012 0.966127 0.257372
1718924427.035110474 -9.414230 -1.523319 0.062431 0.018972 0.000001 0.966121 0.257391
1718924427.040107250 -9.415430 -1.522566 0.062346 0.018990 -0.000003 0.966118 0.257400
1718924427.045121908 -9.416633 -1.521810 0.062271 0.019008 -0.000009 0.966116 0.257407
1718924427.050096989 -9.417825 -1.521059 0.062205 0.019023 -0.000021 0.966116 0.257406
1718924427.055095911 -9.419022 -1.520302 0.062145 0.019034 -0.000038 0.966118 0.257397
1718924427.060140610 -9.420229 -1.519536 0.062083 0.019041 -0.000057 0.966121 0.257387
1718924427.065095901 -9.421409 -1.518781 0.062017 0.019031 -0.000071 0.966122 0.257382
1718924427.070104122 -9.422598 -1.518018 0.061939 0.019019 -0.000080 0.966123 0.257380
1718924427.075138807 -9.423792 -1.517249 0.061849 0.019015 -0.000076 0.966125 0.257372
1718924427.080102444 -9.424968 -1.516488 0.061752 0.019018 -0.000061 0.966127 0.257365
1718924427.085098028 -9.426151 -1.515719 0.061650 0.019027 -0.000046 0.966129 0.257357
1718924427.090101004 -9.427334 -1.514945 0.061549 0.019048 -0.000027 0.966133 0.257341
1718924427.095136642 -9.428523 -1.514162 0.061451 0.019080 0.000001 0.966138 0.257321
1718924427.099992037 -9.429669 -1.513403 0.061363 0.019111 0.000016 0.966143 0.257300
1718924427.099992037 -9.429669 -1.513403 0.061363 0.019111 0.000016 0.966143 0.257300
1718924427.100133419 -9.429702 -1.513380 0.061360 0.019112 0.000017 0.966143 0.257299
1718924427.105137348 -9.430883 -1.512591 0.061258 0.019121 0.000023 0.966148 0.257277
1718924427.110093117 -9.432049 -1.511804 0.061164 0.019110 0.000019 0.966154 0.257256
1718924427.115154028 -9.433239 -1.510997 0.061075 0.019092 0.000031 0.966161 0.257230
1718924427.199993134 -9.453424 -1.497656 0.058372 0.019510 -0.000381 0.966077 0.257514
1718924427.199993134 -9.453424 -1.497656 0.058372 0.019510 -0.000381 0.966077 0.257514
1718924427.200113773 -9.453453 -1.497638 0.058366 0.019511 -0.000381 0.966077 0.257515
1718924427.205100298 -9.454645 -1.496887 0.058152 0.019545 -0.000397 0.966070 0.257538
1718924427.210102320 -9.455843 -1.496139 0.057933 0.019590 -0.000393 0.966068 0.257545
1718924427.215103388 -9.457042 -1.495394 0.057711 0.019650 -0.000374 0.966067 0.257542
1718924427.220119953 -9.458247 -1.494649 0.057491 0.019713 -0.000344 0.966066 0.257541
1718924427.225104332 -9.459444 -1.493910 0.057276 0.019771 -0.000317 0.966067 0.257535
1718924427.230122089 -9.460647 -1.493165 0.057064 0.019817 -0.000302 0.966071 0.257515
1718924427.235103369 -9.461839 -1.492423 0.056857 0.019844 -0.000295 0.966078 0.257486
1718924427.240098953 -9.463034 -1.491677 0.056651 0.019852 -0.000292 0.966086 0.257455
1718924427.245157003 -9.464243 -1.490920 0.056442 0.019848 -0.000287 0.966095 0.257422
1718924427.250098944 -9.465426 -1.490176 0.056241 0.019853 -0.000279 0.966105 0.257385
1718924427.255157471 -9.466636 -1.489410 0.056036 0.019870 -0.000273 0.966114 0.257349
1718924427.260097504 -9.467817 -1.488658 0.055834 0.019892 -0.000268 0.966126 0.257302
1718924427.265160561 -9.469024 -1.487885 0.055620 0.019902 -0.000275 0.966141 0.257245
1718924427.270109892 -9.470202 -1.487127 0.055400 0.019899 -0.000282 0.966151 0.257207
1718924427.275121689 -9.471393 -1.486358 0.055166 0.019895 -0.000282 0.966159 0.257179
1718924427.280112505 -9.472578 -1.485589 0.054925 0.019890 -0.000287 0.966165 0.257157
1718924427.285102367 -9.473761 -1.484818 0.054679 0.019885 -0.000294 0.966172 0.257131
1718924427.290103436 -9.474948 -1.484041 0.054433 0.019892 -0.000294 0.966177 0.257110
1718924427.295138359 -9.476145 -1.483257 0.054190 0.019905 -0.000285 0.966178 0.257106
1718924427.299985170 -9.477298 -1.482501 0.053963 0.019918 -0.000282 0.966175 0.257118
1718924427.299985170 -9.477298 -1.482501 0.053963 0.019918 -0.000282 0.966175 0.257118
1718924427.300104141 -9.477327 -1.482483 0.053957 0.019918 -0.000282 0.966175 0.257118
1718924427.305102587 -9.478515 -1.481704 0.053728 0.019924 -0.000278 0.966168 0.257142
1718924427.310102463 -9.479703 -1.480925 0.053508 0.019934 -0.000275 0.966163 0.257161
1718924427.315108299 -9.480892 -1.480144 0.053293 0.019942 -0.000275 0.966155 0.257188
1718924427.355123281 -9.490422 -1.473869 0.051410 0.019906 -0.000220 0.965934 0.258022
1718924427.360108376 -9.491616 -1.473080 0.051174 0.019890 -0.000178 0.965906 0.258128
1718924427.365109205 -9.492815 -1.472286 0.050933 0.019867 -0.000124 0.965878 0.258234
1718924427.370109320 -9.494017 -1.471489 0.050691 0.019834 -0.000054 0.965850 0.258340
1718924427.375106335 -9.495219 -1.470688 0.050449 0.019795 0.000035 0.965823 0.258447
1718924427.380112886 -9.496425 -1.469882 0.050212 0.019765 0.000139 0.965799 0.258539
1718924427.385108948 -9.497631 -1.469071 0.049984 0.019751 0.000252 0.965773 0.258635
1718924427.390101194 -9.498837 -1.468255 0.049769 0.019754 0.000364 0.965750 0.258721
1718924427.395142555 -9.500057 -1.467424 0.049563 0.019764 0.000454 0.965730 0.258795
1718924427.399991035 -9.501229 -1.466619 0.049371 0.019761 0.000519 0.965711 0.258864
1718924427.399991035 -9.501229 -1.466619 0.049371 0.019761 0.000519 0.965711 0.258864
1718924427.400105238 -9.501256 -1.466600 0.049366 0.019761 0.000520 0.965711 0.258866
1718924427.405138731 -9.502470 -1.465761 0.049151 0.019756 0.000559 0.965695 0.258925
1718924427.410093784 -9.503665 -1.464930 0.048933 0.019747 0.000592 0.965683 0.258972
1718924427.415154457 -9.504885 -1.464078 0.048703 0.019745 0.000633 0.965669 0.259022
1718924427.420119047 -9.506083 -1.463238 0.048470 0.019751 0.000678 0.965656 0.259073
1718924427.425157547 -9.507300 -1.462381 0.048230 0.019764 0.000719 0.965643 0.259118
1718924427.430154800 -9.508509 -1.461528 0.047993 0.019781 0.000751 0.965636 0.259145
1718924427.435155392 -9.509722 -1.460671 0.047761 0.019803 0.000764 0.965630 0.259166
1718924427.440099955 -9.510924 -1.459822 0.047543 0.019823 0.000762 0.965624 0.259183
1718924427.445103884 -9.512142 -1.458963 0.047334 0.019852 0.000755 0.965623 0.259187
1718924427.450089693 -9.513357 -1.458109 0.047134 0.019874 0.000756 0.965622 0.259188
1718924427.455112219 -9.514582 -1.457251 0.046934 0.019881 0.000774 0.965624 0.259182
1718924427.460098982 -9.515799 -1.456403 0.046730 0.019877 0.000803 0.965626 0.259174
1718924427.465095520 -9.517020 -1.455556 0.046517 0.019865 0.000824 0.965628 0.259166
1718924427.470098734 -9.518244 -1.454711 0.046293 0.019853 0.000839 0.965630 0.259159
1718924427.475098372 -9.519472 -1.453870 0.046060 0.019860 0.000839 0.965633 0.259147
1718924427.480112314 -9.520707 -1.453030 0.045821 0.019877 0.000827 0.965634 0.259145
1718924427.485140800 -9.521950 -1.452191 0.045580 0.019904 0.000811 0.965629 0.259158
1718924427.490142345 -9.523189 -1.451362 0.045341 0.019932 0.000787 0.965627 0.259164
1718924427.495136023 -9.524430 -1.450541 0.045106 0.019951 0.000760 0.965627 0.259165
1718924427.499983072 -9.525638 -1.449752 0.044883 0.019960 0.000741 0.965628 0.259160
1718924427.499983072 -9.525638 -1.449752 0.044883 0.019960 0.000741 0.965628 0.259160
1718924427.500098944 -9.525667 -1.449733 0.044878 0.019960 0.000741 0.965628 0.259160
1718924427.505098104 -9.526916 -1.448932 0.044656 0.019954 0.000741 0.965630 0.259153
1718924427.510093451 -9.528168 -1.448140 0.044444 0.019946 0.000744 0.965633 0.259143
1718924427.515154362 -9.529441 -1.447345 0.044237 0.019941 0.000746 0.965636 0.259131
1718924427.565159321 -9.542166 -1.439565 0.042533 0.019763 0.000672 0.965698 0.258915
1718924427.570156336 -9.543454 -1.438788 0.042429 0.019745 0.000693 0.965702 0.258902
1718924427.575154543 -9.544744 -1.438008 0.042343 0.019744 0.000712 0.965707 0.258883
1718924427.590139627 -9.548598 -1.435642 0.042071 0.019662 0.000731 0.965718 0.258847
1718924427.595126629 -9.549874 -1.434843 0.041964 0.019629 0.000757 0.965721 0.258837
1718924427.599989176 -9.551115 -1.434057 0.041843 0.019601 0.000797 0.965723 0.258831
1718924427.599989176 -9.551115 -1.434057 0.041843 0.019601 0.000797 0.965723 0.258831
1718924427.600092649 -9.551142 -1.434040 0.041840 0.019600 0.000798 0.965723 0.258831
1718924427.605134010 -9.552427 -1.433217 0.041682 0.019580 0.000828 0.965722 0.258836
1718924427.610132456 -9.553698 -1.432392 0.041516 0.019581 0.000853 0.965718 0.258853
1718924427.615145445 -9.554970 -1.431554 0.041348 0.019596 0.000864 0.965709 0.258885
1718924427.620132446 -9.556230 -1.430710 0.041184 0.019612 0.000860 0.965699 0.258920
1718924427.625161409 -9.557497 -1.429850 0.041028 0.019621 0.000858 0.965691 0.258950
1718924427.630147696 -9.558747 -1.428989 0.040886 0.019627 0.000868 0.965682 0.258982
1718924427.635161400 -9.559998 -1.428117 0.040758 0.019632 0.000891 0.965671 0.259022
1718924427.640094757 -9.561225 -1.427254 0.040644 0.019638 0.000922 0.965661 0.259059
1718924427.645158529 -9.562478 -1.426361 0.040536 0.019640 0.000956 0.965649 0.259103
1718924427.650103092 -9.563698 -1.425483 0.040433 0.019649 0.000984 0.965635 0.259156
1718924427.655101776 -9.564926 -1.424591 0.040324 0.019656 0.001014 0.965620 0.259213
1718924427.660104275 -9.566150 -1.423694 0.040203 0.019661 0.001044 0.965604 0.259271
1718924427.665148258 -9.567379 -1.422787 0.040067 0.019668 0.001065 0.965590 0.259323
1718924427.670155287 -9.568595 -1.421884 0.039917 0.019671 0.001077 0.965576 0.259374
1718924427.675143480 -9.569805 -1.420981 0.039759 0.019670 0.001094 0.965560 0.259433
1718924427.680116653 -9.571009 -1.420081 0.039600 0.019681 0.001118 0.965546 0.259485
1718924427.685142994 -9.572227 -1.419171 0.039440 0.019700 0.001142 0.965535 0.259524
1718924427.690101862 -9.573429 -1.418275 0.039290 0.019719 0.001161 0.965529 0.259547
1718924427.695132732 -9.574650 -1.417367 0.039145 0.019736 0.001171 0.965524 0.259563
1718924427.699903965 -9.575810 -1.416509 0.039019 0.019750 0.001171 0.965523 0.259566
1718924427.699903965 -9.575810 -1.416509 0.039019 0.019750 0.001171 0.965523 0.259566
1718924427.700090885 -9.575856 -1.416476 0.039014 0.019750 0.001171 0.965523 0.259566
1718924427.705095768 -9.577073 -1.415584 0.038892 0.019759 0.001176 0.965523 0.259563
1718924427.710089445 -9.578290 -1.414701 0.038780 0.019774 0.001179 0.965524 0.259558
1718924427.715135336 -9.579521 -1.413813 0.038670 0.019786 0.001176 0.965528 0.259544
1718924427.765154839 -9.591890 -1.405450 0.037972 0.019749 0.000946 0.965533 0.259529
1718924427.770107746 -9.593133 -1.404667 0.037973 0.019744 0.000952 0.965534 0.259527
1718924427.775098562 -9.594387 -1.403885 0.037980 0.019739 0.000956 0.965534 0.259524
1718924427.780107498 -9.595646 -1.403105 0.037990 0.019729 0.000965 0.965537 0.259517
1718924427.785152197 -9.596917 -1.402323 0.037996 0.019719 0.000971 0.965541 0.259502
1718924427.790104628 -9.598166 -1.401557 0.037996 0.019709 0.000974 0.965540 0.259505
1718924427.795094013 -9.599426 -1.400788 0.037987 0.019706 0.000975 0.965536 0.259521
1718924427.799992085 -9.600662 -1.400035 0.037969 0.019702 0.000971 0.965534 0.259530
1718924427.799992085 -9.600662 -1.400035 0.037969 0.019702 0.000971 0.965534 0.259530
1718924427.800130129 -9.600697 -1.400014 0.037968 0.019702 0.000970 0.965534 0.259530
1718924427.805134058 -9.601959 -1.399247 0.037930 0.019688 0.000948 0.965535 0.259527
1718924427.810129166 -9.603218 -1.398480 0.037887 0.019673 0.000929 0.965536 0.259522
1718924427.815146923 -9.604481 -1.397709 0.037844 0.019666 0.000913 0.965537 0.259520
1718924427.820227385 -9.605759 -1.396927 0.037804 0.019668 0.000900 0.965540 0.259508
1718924427.825154305 -9.606995 -1.396169 0.037771 0.019660 0.000895 0.965546 0.259487
1718924427.830108643 -9.608237 -1.395406 0.037745 0.019646 0.000882 0.965551 0.259470
1718924427.835145950 -9.609497 -1.394627 0.037729 0.019632 0.000854 0.965558 0.259445
1718924427.840098619 -9.610734 -1.393859 0.037722 0.019620 0.000818 0.965567 0.259411
1718924427.845090389 -9.611976 -1.393082 0.037721 0.019613 0.000787 0.965580 0.259363
1718924427.850113392 -9.613221 -1.392298 0.037718 0.019607 0.000767 0.965593 0.259318
1718924427.855092764 -9.614452 -1.391518 0.037706 0.019605 0.000757 0.965604 0.259277
1718924427.860156059 -9.615698 -1.390721 0.037684 0.019603 0.000745 0.965616 0.259232
1718924427.865155220 -9.616925 -1.389929 0.037650 0.019586 0.000731 0.965626 0.259195
1718924427.870112181 -9.618139 -1.389140 0.037609 0.019570 0.000713 0.965636 0.259160
1718924427.875097036 -9.619358 -1.388342 0.037565 0.019561 0.000692 0.965642 0.259137
1718924427.880096674 -9.620579 -1.387538 0.037524 0.019554 0.000655 0.965646 0.259124
1718924427.885091782 -9.621797 -1.386731 0.037489 0.019542 0.000613 0.965649 0.259112
1718924427.890126705 -9.623022 -1.385915 0.037461 0.019530 0.000572 0.965651 0.259105
1718924427.895091057 -9.624229 -1.385112 0.037439 0.019514 0.000534 0.965654 0.259095
1718924427.900002956 -9.625423 -1.384319 0.037425 0.019498 0.000507 0.965658 0.259084
1718924427.900002956 -9.625423 -1.384319 0.037425 0.019498 0.000507 0.965658 0.259084
1718924427.900086880 -9.625443 -1.384307 0.037424 0.019497 0.000506 0.965658 0.259084
1718924427.905094624 -9.626657 -1.383514 0.037411 0.019487 0.000512 0.965659 0.259079
1718924427.910090685 -9.627869 -1.382725 0.037405 0.019486 0.000530 0.965658 0.259084
1718924427.915170431 -9.629099 -1.381924 0.037401 0.019488 0.000547 0.965654 0.259100
1718924427.960161448 -9.639841 -1.375285 0.037516 0.019407 0.000391 0.965588 0.259351
1718924427.965103865 -9.641030 -1.374521 0.037582 0.019413 0.000396 0.965581 0.259375
1718924427.970120668 -9.642236 -1.373746 0.037656 0.019429 0.000396 0.965573 0.259404
1718924427.975092173 -9.643430 -1.372980 0.037733 0.019442 0.000383 0.965567 0.259425
1718924427.980093718 -9.644630 -1.372211 0.037809 0.019455 0.000367 0.965560 0.259451
1718924427.985093117 -9.645827 -1.371443 0.037877 0.019462 0.000349 0.965553 0.259478
1718924427.990087032 -9.647021 -1.370678 0.037935 0.019465 0.000331 0.965546 0.259505
1718924427.995092392 -9.648217 -1.369912 0.037984 0.019474 0.000321 0.965540 0.259525
1718924428.000088930 -9.649412 -1.369148 0.038026 0.019488 0.000318 0.965532 0.259552
1718924428.005091667 -9.650609 -1.368385 0.038066 0.019508 0.000313 0.965522 0.259590
1718924428.010090351 -9.651805 -1.367623 0.038107 0.019530 0.000302 0.965512 0.259625
1718924428.015161991 -9.653019 -1.366852 0.038151 0.019546 0.000282 0.965503 0.259655
1718924428.020106316 -9.654202 -1.366103 0.038196 0.019559 0.000262 0.965496 0.259681
1718924428.025102615 -9.655398 -1.365348 0.038247 0.019568 0.000234 0.965488 0.259710
1718924428.030101538 -9.656596 -1.364596 0.038305 0.019572 0.000203 0.965483 0.259729
1718924428.035091162 -9.657794 -1.363848 0.038370 0.019579 0.000186 0.965480 0.259740
1718924428.040102243 -9.659000 -1.363101 0.038441 0.019586 0.000179 0.965477 0.259749
1718924428.045099258 -9.660204 -1.362358 0.038515 0.019591 0.000177 0.965476 0.259753
1718924428.050099850 -9.661409 -1.361617 0.038589 0.019591 0.000179 0.965475 0.259758
1718924428.055136442 -9.662622 -1.360874 0.038660 0.019587 0.000172 0.965475 0.259760
1718924428.060093880 -9.663816 -1.360145 0.038723 0.019576 0.000156 0.965477 0.259752
1718924428.065128326 -9.665031 -1.359407 0.038781 0.019567 0.000143 0.965480 0.259741
1718924428.070131540 -9.666243 -1.358675 0.038832 0.019564 0.000124 0.965484 0.259727
1718924428.075131178 -9.667457 -1.357942 0.038880 0.019561 0.000101 0.965488 0.259711
1718924428.080129147 -9.668675 -1.357209 0.038926 0.019557 0.000091 0.965492 0.259697
1718924428.085091591 -9.669889 -1.356481 0.038971 0.019556 0.000097 0.965497 0.259678
1718924428.090126514 -9.671125 -1.355742 0.039022 0.019556 0.000114 0.965504 0.259652
1718924428.095131159 -9.672359 -1.355007 0.039080 0.019556 0.000124 0.965514 0.259617
1718924428.099982977 -9.673558 -1.354292 0.039147 0.019560 0.000116 0.965520 0.259593
1718924428.099982977 -9.673558 -1.354292 0.039147 0.019560 0.000116 0.965520 0.259593
1718924428.100089073 -9.673585 -1.354276 0.039148 0.019560 0.000115 0.965520 0.259592
1718924428.105093002 -9.674829 -1.353534 0.039213 0.019569 0.000104 0.965527 0.259567
1718924428.110086918 -9.676072 -1.352792 0.039281 0.019576 0.000093 0.965538 0.259523
1718924428.115102291 -9.677322 -1.352046 0.039346 0.019571 0.000080 0.965550 0.259481
1718924428.170108795 -9.690948 -1.344056 0.040335 0.019507 -0.000215 0.965486 0.259725
1718924428.199984074 -9.698319 -1.339875 0.040937 0.019399 -0.000322 0.965433 0.259928
1718924428.199984074 -9.698319 -1.339875 0.040937 0.019399 -0.000322 0.965433 0.259928
1718924428.200089693 -9.698345 -1.339860 0.040938 0.019398 -0.000322 0.965433 0.259929
1718924428.205094576 -9.699577 -1.339170 0.040997 0.019387 -0.000338 0.965424 0.259962
1718924428.210085392 -9.700803 -1.338483 0.041050 0.019373 -0.000361 0.965416 0.259994
1718924428.215116739 -9.702038 -1.337792 0.041104 0.019363 -0.000381 0.965406 0.260032
1718924428.220120192 -9.703264 -1.337108 0.041163 0.019363 -0.000399 0.965396 0.260068
1718924428.225106001 -9.704489 -1.336427 0.041232 0.019373 -0.000409 0.965391 0.260085
1718924428.230104685 -9.705719 -1.335744 0.041316 0.019397 -0.000415 0.965389 0.260091
1718924428.235095501 -9.706949 -1.335061 0.041414 0.019420 -0.000424 0.965387 0.260098
1718924428.240101099 -9.708185 -1.334375 0.041520 0.019436 -0.000440 0.965387 0.260096
1718924428.245093822 -9.709418 -1.333689 0.041624 0.019430 -0.000450 0.965388 0.260093
1718924428.250091791 -9.710653 -1.333001 0.041720 0.019404 -0.000456 0.965390 0.260087
1718924428.255087137 -9.711889 -1.332311 0.041802 0.019369 -0.000460 0.965390 0.260089
1718924428.260089636 -9.713129 -1.331616 0.041871 0.019342 -0.000458 0.965390 0.260092
1718924428.265089512 -9.714371 -1.330918 0.041930 0.019330 -0.000447 0.965390 0.260094
1718924428.270139456 -9.715628 -1.330210 0.041984 0.019336 -0.000429 0.965389 0.260096
1718924428.275171041 -9.716881 -1.329504 0.042038 0.019353 -0.000415 0.965388 0.260100
1718924428.280092716 -9.718108 -1.328811 0.042095 0.019368 -0.000422 0.965385 0.260109
1718924428.285089016 -9.719355 -1.328105 0.042162 0.019377 -0.000444 0.965381 0.260121
1718924428.290096998 -9.720606 -1.327397 0.042242 0.019377 -0.000480 0.965377 0.260136
1718924428.295089245 -9.721855 -1.326690 0.042336 0.019373 -0.000525 0.965370 0.260164
1718924428.299984932 -9.723081 -1.325997 0.042438 0.019367 -0.000566 0.965362 0.260193
1718924428.299984932 -9.723081 -1.325997 0.042438 0.019367 -0.000566 0.965362 0.260193
1718924428.300087214 -9.723107 -1.325982 0.042441 0.019367 -0.000566 0.965362 0.260194
1718924428.305092573 -9.724362 -1.325277 0.042550 0.019371 -0.000584 0.965354 0.260224
1718924428.310074091 -9.725613 -1.324576 0.042657 0.019373 -0.000583 0.965342 0.260268
1718924428.315132380 -9.726881 -1.323864 0.042758 0.019372 -0.000577 0.965326 0.260327
1718924428.365096092 -9.739484 -1.316785 0.043814 0.019416 -0.000706 0.965198 0.260796
1718924428.370093584 -9.740751 -1.316071 0.043954 0.019426 -0.000719 0.965187 0.260838
1718924428.375093460 -9.742020 -1.315354 0.044088 0.019424 -0.000741 0.965176 0.260880
1718924428.380086899 -9.743288 -1.314637 0.044212 0.019401 -0.000771 0.965164 0.260925
1718924428.385089397 -9.744561 -1.313916 0.044323 0.019376 -0.000804 0.965152 0.260969
1718924428.390083313 -9.745834 -1.313195 0.044423 0.019353 -0.000828 0.965143 0.261005
1718924428.395127773 -9.747124 -1.312463 0.044518 0.019342 -0.000844 0.965132 0.261046
1718924428.399985075 -9.748369 -1.311757 0.044607 0.019343 -0.000851 0.965123 0.261081
1718924428.399985075 -9.748369 -1.311757 0.044607 0.019343 -0.000851 0.965123 0.261081
1718924428.400084972 -9.748395 -1.311742 0.044608 0.019342 -0.000852 0.965122 0.261082
1718924428.405090094 -9.749680 -1.311014 0.044688 0.019343 -0.000863 0.965112 0.261120
1718924428.410090446 -9.750964 -1.310287 0.044773 0.019339 -0.000884 0.965100 0.261164
1718924428.415107012 -9.752253 -1.309558 0.044867 0.019338 -0.000904 0.965092 0.261196
1718924428.420120478 -9.753541 -1.308831 0.044971 0.019343 -0.000926 0.965084 0.261224
1718924428.425098896 -9.754820 -1.308109 0.045086 0.019346 -0.000944 0.965076 0.261254
1718924428.430105448 -9.756108 -1.307383 0.045210 0.019344 -0.000947 0.965064 0.261296
1718924428.435133934 -9.757403 -1.306653 0.045336 0.019340 -0.000939 0.965053 0.261339
1718924428.440093517 -9.758680 -1.305930 0.045456 0.019327 -0.000936 0.965038 0.261394
1718924428.445098639 -9.759970 -1.305199 0.045566 0.019300 -0.000945 0.965024 0.261449
1718924428.450091124 -9.761256 -1.304466 0.045665 0.019268 -0.000967 0.965008 0.261508
1718924428.455095053 -9.762544 -1.303729 0.045752 0.019241 -0.001000 0.964989 0.261581
1718924428.460096359 -9.763831 -1.302991 0.045832 0.019220 -0.001036 0.964967 0.261663
1718924428.465139389 -9.765131 -1.302245 0.045908 0.019206 -0.001066 0.964943 0.261755
1718924428.470097542 -9.766408 -1.301510 0.045983 0.019199 -0.001088 0.964921 0.261835
1718924428.475155830 -9.767710 -1.300762 0.046065 0.019201 -0.001098 0.964900 0.261911
1718924428.480084181 -9.768978 -1.300033 0.046154 0.019219 -0.001093 0.964879 0.261989
1718924428.485127926 -9.770278 -1.299289 0.046255 0.019246 -0.001084 0.964858 0.262062
1718924428.490089417 -9.771557 -1.298555 0.046364 0.019275 -0.001085 0.964842 0.262120
1718924428.495128155 -9.772856 -1.297807 0.046477 0.019282 -0.001110 0.964827 0.262177
1718924428.499977112 -9.774107 -1.297085 0.046583 0.019271 -0.001142 0.964813 0.262229
1718924428.499977112 -9.774107 -1.297085 0.046583 0.019271 -0.001142 0.964813 0.262229
1718924428.500075817 -9.774133 -1.297071 0.046585 0.019270 -0.001142 0.964812 0.262230
1718924428.505088091 -9.775429 -1.296324 0.046683 0.019256 -0.001174 0.964801 0.262274
1718924428.510083199 -9.776725 -1.295577 0.046769 0.019237 -0.001215 0.964788 0.262321
1718924428.515113115 -9.778033 -1.294821 0.046845 0.019216 -0.001262 0.964774 0.262375
1718924428.560134172 -9.789875 -1.288116 0.047327 0.018873 -0.001152 0.964647 0.262868
1718924428.565097332 -9.791190 -1.287391 0.047389 0.018860 -0.001146 0.964635 0.262912
1718924428.570099831 -9.792518 -1.286663 0.047442 0.018847 -0.001139 0.964617 0.262976
1718924428.575093985 -9.793846 -1.285936 0.047483 0.018826 -0.001139 0.964599 0.263045
1718924428.580117464 -9.795181 -1.285207 0.047512 0.018797 -0.001163 0.964579 0.263121
1718924428.585133791 -9.796515 -1.284480 0.047533 0.018772 -0.001195 0.964557 0.263202
1718924428.590080976 -9.797833 -1.283765 0.047552 0.018755 -0.001219 0.964535 0.263284
1718924428.595087528 -9.799168 -1.283045 0.047576 0.018741 -0.001233 0.964515 0.263358
1718924428.599983931 -9.800474 -1.282344 0.047611 0.018736 -0.001243 0.964497 0.263424
1718924428.599983931 -9.800474 -1.282344 0.047611 0.018736 -0.001243 0.964497 0.263424
1718924428.600083113 -9.800501 -1.282330 0.047612 0.018735 -0.001244 0.964497 0.263425
1718924428.605090618 -9.801837 -1.281620 0.047656 0.018724 -0.001238 0.964480 0.263489
1718924428.610083580 -9.803170 -1.280916 0.047715 0.018713 -0.001217 0.964463 0.263550
1718924428.615098000 -9.804509 -1.280212 0.047780 0.018702 -0.001195 0.964449 0.263603
1718924428.620094299 -9.805843 -1.279512 0.047843 0.018675 -0.001180 0.964437 0.263649
1718924428.625096083 -9.807177 -1.278812 0.047894 0.018635 -0.001174 0.964427 0.263690
1718924428.630098820 -9.808512 -1.278112 0.047932 0.018588 -0.001168 0.964417 0.263727
1718924428.635097742 -9.809849 -1.277413 0.047957 0.018553 -0.001171 0.964410 0.263756
1718924428.640087366 -9.811186 -1.276715 0.047971 0.018535 -0.001178 0.964405 0.263778
1718924428.645082712 -9.812529 -1.276014 0.047981 0.018528 -0.001184 0.964399 0.263798
1718924428.650108814 -9.813882 -1.275309 0.047993 0.018522 -0.001183 0.964396 0.263809
1718924428.655096769 -9.815229 -1.274609 0.048008 0.018522 -0.001169 0.964397 0.263807
1718924428.660091639 -9.816581 -1.273910 0.048029 0.018515 -0.001150 0.964401 0.263792
1718924428.665092707 -9.817936 -1.273209 0.048060 0.018500 -0.001132 0.964409 0.263765
1718924428.670094013 -9.819293 -1.272509 0.048101 0.018474 -0.001113 0.964418 0.263735
1718924428.675107718 -9.820656 -1.271809 0.048149 0.018442 -0.001091 0.964429 0.263697
1718924428.680100918 -9.822018 -1.271113 0.048199 0.018405 -0.001066 0.964441 0.263654
1718924428.685089111 -9.823382 -1.270420 0.048244 0.018360 -0.001044 0.964454 0.263609
1718924428.690071821 -9.824746 -1.269728 0.048280 0.018320 -0.001023 0.964469 0.263560
1718924428.695086479 -9.826122 -1.269033 0.048305 0.018291 -0.000999 0.964482 0.263514
1718924428.699978828 -9.827466 -1.268356 0.048318 0.018270 -0.000973 0.964495 0.263468
1718924428.699978828 -9.827466 -1.268356 0.048318 0.018270 -0.000973 0.964495 0.263468
1718924428.700085402 -9.827495 -1.268341 0.048318 0.018270 -0.000973 0.964495 0.263466
1718924428.705093861 -9.828874 -1.267648 0.048323 0.018263 -0.000972 0.964506 0.263426
1718924428.710124731 -9.830260 -1.266954 0.048328 0.018253 -0.000989 0.964516 0.263392
1718924428.715130568 -9.831640 -1.266265 0.048340 0.018242 -0.001018 0.964525 0.263359
1718924428.765088320 -9.845504 -1.259427 0.048454 0.018028 -0.000988 0.964484 0.263522
1718924428.770086765 -9.846901 -1.258747 0.048480 0.018039 -0.000986 0.964484 0.263522
1718924428.775097609 -9.848301 -1.258067 0.048512 0.018054 -0.000974 0.964488 0.263508
1718924428.780095816 -9.849697 -1.257391 0.048552 0.018071 -0.000943 0.964492 0.263491
1718924428.785101891 -9.851096 -1.256715 0.048601 0.018080 -0.000903 0.964498 0.263470
1718924428.790082932 -9.852490 -1.256040 0.048658 0.018075 -0.000867 0.964506 0.263441
1718924428.795093060 -9.853893 -1.255358 0.048719 0.018054 -0.000844 0.964517 0.263401
1718924428.799978971 -9.855264 -1.254689 0.048777 0.018027 -0.000825 0.964529 0.263359
1718924428.799978971 -9.855264 -1.254689 0.048777 0.018027 -0.000825 0.964529 0.263359
1718924428.800088406 -9.855295 -1.254674 0.048778 0.018026 -0.000825 0.964529 0.263359
1718924428.805087805 -9.856701 -1.253999 0.048835 0.017987 -0.000803 0.964543 0.263312
1718924428.810122728 -9.858122 -1.253315 0.048885 0.017942 -0.000800 0.964556 0.263265
1718924428.815146923 -9.859545 -1.252627 0.048927 0.017896 -0.000819 0.964567 0.263227
1718924428.820220709 -9.860985 -1.251929 0.048966 0.017852 -0.000840 0.964576 0.263199
1718924428.825137377 -9.862386 -1.251250 0.049003 0.017805 -0.000865 0.964583 0.263178
1718924428.830153465 -9.863819 -1.250556 0.049045 0.017755 -0.000902 0.964588 0.263160
1718924428.835101604 -9.865238 -1.249871 0.049093 0.017697 -0.000943 0.964591 0.263154
1718924428.840137720 -9.866687 -1.249173 0.049151 0.017639 -0.000976 0.964589 0.263166
1718924428.845089912 -9.868119 -1.248489 0.049216 0.017580 -0.000994 0.964585 0.263184
1718924428.850097895 -9.869574 -1.247800 0.049290 0.017515 -0.001007 0.964579 0.263208
1718924428.855135679 -9.871042 -1.247110 0.049371 0.017434 -0.001039 0.964568 0.263254
1718924428.860098839 -9.872492 -1.246433 0.049455 0.017344 -0.001092 0.964555 0.263309
1718924428.865092278 -9.873956 -1.245758 0.049537 0.017257 -0.001149 0.964538 0.263378
1718924428.870098829 -9.875430 -1.245086 0.049612 0.017166 -0.001211 0.964517 0.263459
1718924428.875131607 -9.876918 -1.244414 0.049679 0.017077 -0.001291 0.964491 0.263562
1718924428.880082130 -9.878385 -1.243756 0.049739 0.017001 -0.001382 0.964457 0.263689
1718924428.885085344 -9.879871 -1.243095 0.049796 0.016953 -0.001465 0.964418 0.263835
1718924428.890079737 -9.881360 -1.242441 0.049851 0.016923 -0.001515 0.964375 0.263994
1718924428.895125628 -9.882870 -1.241787 0.049907 0.016912 -0.001542 0.964331 0.264153
1718924428.900015831 -9.884336 -1.241157 0.049961 0.016901 -0.001558 0.964287 0.264314
1718924428.900015831 -9.884336 -1.241157 0.049961 0.016901 -0.001558 0.964287 0.264314
1718924428.900082827 -9.884356 -1.241149 0.049961 0.016900 -0.001557 0.964287 0.264316
1718924428.905126095 -9.885870 -1.240503 0.050009 0.016893 -0.001560 0.964238 0.264494
1718924428.910121202 -9.887371 -1.239864 0.050061 0.016889 -0.001559 0.964189 0.264671
1718924428.915099382 -9.888866 -1.239226 0.050116 0.016886 -0.001569 0.964142 0.264845
1718924428.950097799 -9.899400 -1.234813 0.050374 0.016944 -0.001490 0.963976 0.265444
1718924428.955087423 -9.900909 -1.234129 0.050393 0.016993 -0.001486 0.963956 0.265515
1718924428.960080385 -9.902420 -1.233441 0.050406 0.017059 -0.001462 0.963936 0.265584
1718924428.965088129 -9.903935 -1.232747 0.050415 0.017135 -0.001413 0.963915 0.265653
1718924428.970078230 -9.905446 -1.232049 0.050422 0.017217 -0.001359 0.963893 0.265729
1718924428.975094795 -9.906963 -1.231341 0.050427 0.017300 -0.001335 0.963868 0.265816
1718924428.980088234 -9.908474 -1.230630 0.050432 0.017367 -0.001339 0.963839 0.265914
1718924428.985083818 -9.909987 -1.229912 0.050435 0.017401 -0.001357 0.963807 0.266030
1718924428.990088224 -9.911503 -1.229189 0.050438 0.017405 -0.001371 0.963769 0.266165
1718924428.995075464 -9.913014 -1.228466 0.050440 0.017385 -0.001381 0.963728 0.266317
1718924429.000083923 -9.914535 -1.227736 0.050445 0.017350 -0.001388 0.963681 0.266488
1718924429.005075932 -9.916052 -1.227007 0.050452 0.017325 -0.001413 0.963633 0.266663
1718924429.010082483 -9.917575 -1.226275 0.050464 0.017307 -0.001443 0.963584 0.266843
1718924429.015083551 -9.919099 -1.225545 0.050481 0.017294 -0.001467 0.963537 0.267010
1718924429.020099163 -9.920629 -1.224814 0.050503 0.017295 -0.001478 0.963491 0.267176
1718924429.025100946 -9.922158 -1.224086 0.050531 0.017310 -0.001469 0.963448 0.267332
1718924429.030084372 -9.923681 -1.223361 0.050565 0.017328 -0.001449 0.963409 0.267470
1718924429.035094261 -9.925212 -1.222633 0.050604 0.017351 -0.001428 0.963374 0.267597
1718924429.040090084 -9.926741 -1.221908 0.050646 0.017378 -0.001393 0.963342 0.267711
1718924429.045148134 -9.928293 -1.221172 0.050690 0.017402 -0.001327 0.963312 0.267817
1718924429.050080776 -9.929808 -1.220452 0.050732 0.017424 -0.001231 0.963289 0.267898
1718924429.055084705 -9.931346 -1.219719 0.050771 0.017444 -0.001111 0.963268 0.267971
1718924429.060074806 -9.932881 -1.218983 0.050806 0.017462 -0.000999 0.963247 0.268049
1718924429.065080166 -9.934419 -1.218239 0.050836 0.017476 -0.000925 0.963228 0.268114
1718924429.070080042 -9.935956 -1.217490 0.050861 0.017490 -0.000881 0.963215 0.268160
1718924429.075077057 -9.937492 -1.216739 0.050880 0.017513 -0.000849 0.963205 0.268195
1718924429.080078125 -9.939029 -1.215985 0.050899 0.017560 -0.000815 0.963195 0.268227
1718924429.085075855 -9.940565 -1.215232 0.050919 0.017605 -0.000776 0.963187 0.268255
1718924429.090077877 -9.942102 -1.214478 0.050943 0.017643 -0.000737 0.963180 0.268275
1718924429.095075130 -9.943635 -1.213724 0.050972 0.017672 -0.000693 0.963174 0.268296
1718924429.099990845 -9.945142 -1.212984 0.051004 0.017688 -0.000643 0.963168 0.268316
1718924429.099990845 -9.945142 -1.212984 0.051004 0.017688 -0.000643 0.963168 0.268316
1718924429.100078583 -9.945169 -1.212970 0.051005 0.017689 -0.000642 0.963168 0.268316
1718924429.105075598 -9.946705 -1.212206 0.051034 0.017704 -0.000594 0.963161 0.268342
1718924429.110077858 -9.948243 -1.211442 0.051063 0.017716 -0.000536 0.963154 0.268367
1718924429.115083456 -9.949781 -1.210678 0.051092 0.017735 -0.000488 0.963149 0.268384
1718924429.195114613 -9.974240 -1.198968 0.052117 0.017945 0.000901 0.962116 0.272047
1718924429.199988842 -9.975721 -1.198253 0.052202 0.017969 0.000945 0.962054 0.272266
1718924429.199988842 -9.975721 -1.198253 0.052202 0.017969 0.000945 0.962054 0.272266
1718924429.200110197 -9.975758 -1.198236 0.052204 0.017969 0.000946 0.962052 0.272272
1718924429.205113649 -9.977277 -1.197501 0.052288 0.017974 0.000976 0.961992 0.272485
1718924429.210109711 -9.978793 -1.196767 0.052372 0.017976 0.000998 0.961937 0.272679
1718924429.215134382 -9.980318 -1.196028 0.052453 0.017977 0.001015 0.961881 0.272876
1718924429.220082760 -9.981820 -1.195300 0.052528 0.017972 0.001037 0.961828 0.273061
1718924429.225089788 -9.983340 -1.194563 0.052600 0.017967 0.001067 0.961780 0.273231
1718924429.230090857 -9.984858 -1.193827 0.052672 0.017969 0.001116 0.961736 0.273387
1718924429.235074997 -9.986373 -1.193094 0.052747 0.017972 0.001173 0.961695 0.273529
1718924429.240144491 -9.987916 -1.192347 0.052827 0.017981 0.001228 0.961659 0.273655
1718924429.245128393 -9.989432 -1.191613 0.052911 0.018005 0.001282 0.961626 0.273770
1718924429.250090837 -9.990943 -1.190883 0.052999 0.018043 0.001353 0.961594 0.273877
1718924429.255117416 -9.992471 -1.190143 0.053091 0.018094 0.001452 0.961566 0.273972
1718924429.260082483 -9.993980 -1.189411 0.053186 0.018151 0.001563 0.961545 0.274044
1718924429.265146732 -9.995518 -1.188664 0.053284 0.018213 0.001698 0.961527 0.274100
1718924429.270081520 -9.997016 -1.187935 0.053379 0.018278 0.001877 0.961510 0.274155
1718924429.275073290 -9.998530 -1.187196 0.053473 0.018337 0.002071 0.961489 0.274224
1718924429.280074596 -10.000044 -1.186449 0.053566 0.018389 0.002239 0.961462 0.274314
1718924429.285081625 -10.001558 -1.185693 0.053655 0.018431 0.002369 0.961430 0.274421
1718924429.290079355 -10.003067 -1.184931 0.053736 0.018472 0.002476 0.961393 0.274546
1718924429.295077324 -10.004576 -1.184163 0.053806 0.018518 0.002552 0.961348 0.274701
1718924429.299991846 -10.006059 -1.183401 0.053865 0.018576 0.002589 0.961295 0.274884
1718924429.299991846 -10.006059 -1.183401 0.053865 0.018576 0.002589 0.961295 0.274884
1718924429.300067425 -10.006081 -1.183389 0.053866 0.018577 0.002590 0.961294 0.274886
1718924429.305077553 -10.007593 -1.182608 0.053922 0.018657 0.002607 0.961233 0.275093
1718924429.310070276 -10.009100 -1.181826 0.053979 0.018750 0.002648 0.961163 0.275332
1718924429.315072775 -10.010612 -1.181041 0.054043 0.018854 0.002720 0.961083 0.275601
1718924429.360067129 -10.024225 -1.173922 0.054823 0.019169 0.002200 0.959894 0.279697
1718924429.365077496 -10.025739 -1.173118 0.054937 0.019246 0.002117 0.959760 0.280155
1718924429.370066166 -10.027243 -1.172311 0.055060 0.019337 0.002016 0.959621 0.280622
1718924429.375074863 -10.028752 -1.171494 0.055190 0.019423 0.001908 0.959483 0.281091
1718924429.380076885 -10.030257 -1.170673 0.055325 0.019498 0.001820 0.959342 0.281567
1718924429.385075569 -10.031760 -1.169849 0.055460 0.019559 0.001770 0.959199 0.282049
1718924429.390069246 -10.033259 -1.169022 0.055591 0.019610 0.001729 0.959057 0.282528
1718924429.395073414 -10.034760 -1.168187 0.055716 0.019656 0.001690 0.958913 0.283014
1718924429.399983883 -10.036232 -1.167359 0.055833 0.019703 0.001652 0.958768 0.283500
1718924429.399983883 -10.036232 -1.167359 0.055833 0.019703 0.001652 0.958768 0.283500
1718924429.400068283 -10.036257 -1.167345 0.055835 0.019704 0.001651 0.958766 0.283508
1718924429.405066490 -10.037756 -1.166496 0.055949 0.019745 0.001617 0.958618 0.284006
1718924429.410070419 -10.039255 -1.165640 0.056061 0.019785 0.001576 0.958473 0.284493
1718924429.415081739 -10.040753 -1.164778 0.056172 0.019816 0.001526 0.958329 0.284976
1718924429.420097589 -10.042253 -1.163910 0.056288 0.019845 0.001462 0.958186 0.285455
1718924429.425079107 -10.043740 -1.163043 0.056410 0.019880 0.001382 0.958047 0.285918
1718924429.430100203 -10.045237 -1.162162 0.056540 0.019920 0.001290 0.957911 0.286371
1718924429.435076714 -10.046717 -1.161284 0.056672 0.019965 0.001201 0.957777 0.286816
1718924429.440065622 -10.048198 -1.160403 0.056801 0.020003 0.001134 0.957648 0.287243
1718924429.445069313 -10.049682 -1.159516 0.056922 0.020032 0.001090 0.957521 0.287664
1718924429.450071573 -10.051163 -1.158627 0.057036 0.020063 0.001044 0.957398 0.288072
1718924429.455079079 -10.052643 -1.157729 0.057143 0.020108 0.000992 0.957271 0.288491
1718924429.460077047 -10.054118 -1.156825 0.057245 0.020155 0.000941 0.957138 0.288928
1718924429.465083122 -10.055593 -1.155915 0.057341 0.020202 0.000896 0.957001 0.289380
1718924429.470072746 -10.057061 -1.155005 0.057432 0.020247 0.000895 0.956862 0.289835
1718924429.475087404 -10.058536 -1.154090 0.057515 0.020305 0.000957 0.956717 0.290311
1718924429.480124474 -10.060018 -1.153167 0.057586 0.020367 0.001070 0.956560 0.290822
1718924429.485060930 -10.061470 -1.152257 0.057645 0.020428 0.001212 0.956394 0.291363
1718924429.490069628 -10.062939 -1.151328 0.057698 0.020478 0.001364 0.956217 0.291939
1718924429.495063305 -10.064398 -1.150399 0.057748 0.020516 0.001504 0.956032 0.292539
1718924429.499994993 -10.065832 -1.149476 0.057800 0.020556 0.001597 0.955841 0.293160
1718924429.499994993 -10.065832 -1.149476 0.057800 0.020556 0.001597 0.955841 0.293160
1718924429.500070333 -10.065854 -1.149462 0.057801 0.020557 0.001599 0.955838 0.293170
1718924429.505073547 -10.067302 -1.148516 0.057861 0.020581 0.001614 0.955638 0.293820
1718924429.510073185 -10.068744 -1.147565 0.057933 0.020584 0.001573 0.955440 0.294463
1718924429.515087128 -10.070185 -1.146608 0.058017 0.020578 0.001522 0.955243 0.295102
1718924429.560132265 -10.082755 -1.137702 0.059102 0.019547 0.000333 0.954091 0.298878
1718924429.565073490 -10.084090 -1.136691 0.059255 0.019433 0.000187 0.953971 0.299268
1718924429.570084810 -10.085440 -1.135667 0.059412 0.019318 0.000075 0.953849 0.299665
1718924429.575131655 -10.086796 -1.134638 0.059567 0.019207 -0.000019 0.953728 0.300056
1718924429.580067158 -10.088116 -1.133632 0.059712 0.019118 -0.000129 0.953617 0.300416
1718924429.585060120 -10.089446 -1.132613 0.059850 0.019046 -0.000247 0.953509 0.300762
1718924429.590074062 -10.090775 -1.131590 0.059978 0.018976 -0.000382 0.953400 0.301111
1718924429.595061302 -10.092092 -1.130577 0.060100 0.018907 -0.000506 0.953285 0.301479
1718924429.599982023 -10.093387 -1.129579 0.060224 0.018814 -0.000645 0.953167 0.301859
1718924429.599982023 -10.093387 -1.129579 0.060224 0.018814 -0.000645 0.953167 0.301859
1718924429.600060225 -10.093408 -1.129563 0.060226 0.018813 -0.000648 0.953165 0.301865
1718924429.605054855 -10.094734 -1.128563 0.060357 0.018693 -0.000823 0.953038 0.302274
1718924429.610059977 -10.096063 -1.127560 0.060502 0.018560 -0.001004 0.952905 0.302700
1718924429.615076542 -10.097395 -1.126559 0.060652 0.018430 -0.001150 0.952766 0.303144
1718924429.620081902 -10.098727 -1.125566 0.060795 0.018310 -0.001245 0.952622 0.303602
1718924429.625079870 -10.100060 -1.124578 0.060921 0.018221 -0.001308 0.952475 0.304069
1718924429.630095959 -10.101397 -1.123591 0.061026 0.018140 -0.001359 0.952322 0.304553
1718924429.635068417 -10.102722 -1.122619 0.061110 0.018050 -0.001414 0.952167 0.305041
1718924429.640065908 -10.104054 -1.121646 0.061181 0.017933 -0.001497 0.952012 0.305530
1718924429.645071507 -10.105388 -1.120675 0.061252 0.017787 -0.001634 0.951858 0.306019
1718924429.650071859 -10.106724 -1.119708 0.061331 0.017622 -0.001805 0.951702 0.306511
1718924429.655067444 -10.108066 -1.118746 0.061428 0.017451 -0.001968 0.951548 0.306997
1718924429.660068035 -10.109416 -1.117787 0.061549 0.017297 -0.002116 0.951399 0.307467
1718924429.665122509 -10.110786 -1.116822 0.061694 0.017160 -0.002257 0.951255 0.307921
1718924429.670120239 -10.112146 -1.115876 0.061851 0.017042 -0.002380 0.951113 0.308362
1718924429.675112247 -10.113506 -1.114941 0.062009 0.016934 -0.002480 0.950975 0.308793
1718924429.680148363 -10.114881 -1.114007 0.062160 0.016827 -0.002580 0.950841 0.309211
1718924429.685150623 -10.116250 -1.113085 0.062291 0.016721 -0.002690 0.950714 0.309606
1718924429.690060854 -10.117598 -1.112186 0.062399 0.016619 -0.002787 0.950594 0.309980
1718924429.695106268 -10.118986 -1.111269 0.062490 0.016496 -0.002875 0.950474 0.310353
1718924429.699889183 -10.120301 -1.110406 0.062564 0.016379 -0.002940 0.950366 0.310690
1718924429.699889183 -10.120301 -1.110406 0.062564 0.016379 -0.002940 0.950366 0.310690
1718924429.700007915 -10.125744 -1.102697 0.088692 0.013084 0.004725 0.949351 0.313909
1718924429.700007915 -10.125744 -1.102697 0.088692 0.013084 0.004725 0.949351 0.313909
1718924429.700100183 -10.125768 -1.102695 0.088684 0.013081 0.004724 0.949349 0.313916
1718924429.705102444 -10.127063 -1.102566 0.088262 0.012978 0.004676 0.949238 0.314256
1718924429.710064650 -10.128356 -1.102435 0.087849 0.012891 0.004646 0.949128 0.314592
1718924429.715092182 -10.129671 -1.102300 0.087442 0.012819 0.004643 0.949018 0.314928
1718924429.760057211 -10.141724 -1.101096 0.083807 0.013649 0.006210 0.947849 0.318367
1718924429.765070915 -10.143066 -1.100976 0.083400 0.013719 0.006364 0.947717 0.318753
1718924429.770124674 -10.144423 -1.100855 0.082993 0.013774 0.006529 0.947585 0.319141
1718924429.775049448 -10.145750 -1.100734 0.082600 0.013823 0.006728 0.947458 0.319510
1718924429.780143499 -10.147125 -1.100602 0.082201 0.013856 0.006952 0.947332 0.319877
1718924429.785059929 -10.148452 -1.100462 0.081828 0.013864 0.007131 0.947212 0.320229
1718924429.790057421 -10.149798 -1.100306 0.081466 0.013845 0.007256 0.947091 0.320584
1718924429.795041800 -10.151140 -1.100138 0.081119 0.013807 0.007315 0.946972 0.320937
1718924429.799979925 -10.152467 -1.099961 0.080782 0.013746 0.007308 0.946852 0.321292
1718924429.799979925 -10.152467 -1.099961 0.080782 0.013746 0.007308 0.946852 0.321292
1718924429.800047159 -10.152485 -1.099958 0.080777 0.013745 0.007308 0.946851 0.321297
1718924429.805075645 -10.153826 -1.099767 0.080436 0.013654 0.007228 0.946725 0.321673
1718924429.810056448 -10.155151 -1.099568 0.080095 0.013543 0.007099 0.946598 0.322053
1718924429.815124273 -10.156499 -1.099360 0.079739 0.013443 0.006983 0.946470 0.322436
1718924429.820056200 -10.157811 -1.099153 0.079383 0.013360 0.006895 0.946352 0.322788
1718924429.825105190 -10.159154 -1.098938 0.079010 0.013298 0.006824 0.946236 0.323133
1718924429.830060482 -10.160471 -1.098721 0.078637 0.013251 0.006753 0.946121 0.323472
1718924429.835059166 -10.161796 -1.098499 0.078255 0.013196 0.006676 0.946004 0.323817
1718924429.840046883 -10.163116 -1.098273 0.077867 0.013131 0.006601 0.945890 0.324155
1718924429.845047951 -10.164439 -1.098044 0.077477 0.013055 0.006525 0.945778 0.324487
1718924429.850053549 -10.165764 -1.097809 0.077090 0.012954 0.006442 0.945669 0.324810
1718924429.855039835 -10.167085 -1.097568 0.076714 0.012831 0.006371 0.945569 0.325105
1718924429.860091686 -10.168423 -1.097320 0.076341 0.012711 0.006338 0.945470 0.325400
1718924429.865046740 -10.169736 -1.097069 0.075981 0.012603 0.006327 0.945371 0.325690
1718924429.870083809 -10.171070 -1.096808 0.075613 0.012511 0.006340 0.945273 0.325978
1718924429.875097275 -10.172399 -1.096545 0.075239 0.012447 0.006388 0.945176 0.326262
1718924429.880062103 -10.173716 -1.096284 0.074856 0.012400 0.006463 0.945075 0.326555
1718924429.885049582 -10.175040 -1.096022 0.074461 0.012368 0.006537 0.944968 0.326864
1718924429.890098810 -10.176382 -1.095752 0.074056 0.012351 0.006609 0.944858 0.327180
1718924429.895094633 -10.177711 -1.095481 0.073657 0.012347 0.006698 0.944748 0.327496
1718924429.899991035 -10.179016 -1.095213 0.073271 0.012351 0.006811 0.944637 0.327813
1718924429.899991035 -10.179016 -1.095213 0.073271 0.012351 0.006811 0.944637 0.327813
1718924429.900037050 -10.179029 -1.095211 0.073267 0.012352 0.006813 0.944636 0.327816
1718924429.905043602 -10.180370 -1.094934 0.072881 0.012361 0.006911 0.944521 0.328147
1718924429.910048246 -10.181714 -1.094650 0.072507 0.012346 0.006946 0.944404 0.328482
1718924429.915057182 -10.183063 -1.094360 0.072144 0.012299 0.006923 0.944290 0.328813
1718924429.955115795 -10.193884 -1.091671 0.069437 0.011951 0.007124 0.943315 0.331606
1718924429.960053205 -10.195212 -1.091289 0.069135 0.011911 0.007095 0.943199 0.331940
1718924429.965054035 -10.196557 -1.090893 0.068834 0.011865 0.007064 0.943080 0.332279
1718924429.970063210 -10.197906 -1.090488 0.068536 0.011803 0.007030 0.942967 0.332603
1718924429.975060940 -10.199251 -1.090075 0.068246 0.011721 0.006988 0.942857 0.332917
1718924429.980049372 -10.200594 -1.089653 0.067969 0.011618 0.006923 0.942752 0.333220
1718924429.985093355 -10.201953 -1.089219 0.067702 0.011518 0.006856 0.942649 0.333517
1718924429.990086317 -10.203301 -1.088784 0.067448 0.011427 0.006795 0.942550 0.333801
1718924429.995090961 -10.204654 -1.088343 0.067195 0.011351 0.006732 0.942451 0.334084
1718924430.000087738 -10.206004 -1.087896 0.066934 0.011289 0.006655 0.942355 0.334359
1718924430.005034447 -10.207340 -1.087451 0.066661 0.011243 0.006576 0.942259 0.334632
1718924430.010038614 -10.208691 -1.086999 0.066365 0.011221 0.006507 0.942155 0.334927
1718924430.015059471 -10.210046 -1.086547 0.066048 0.011213 0.006449 0.942045 0.335236
1718924430.020052910 -10.211396 -1.086094 0.065717 0.011206 0.006384 0.941933 0.335552
1718924430.025114298 -10.212765 -1.085629 0.065371 0.011198 0.006314 0.941818 0.335878
1718924430.030062437 -10.214106 -1.085165 0.065027 0.011196 0.006256 0.941698 0.336214
1718924430.035099745 -10.215473 -1.084684 0.064676 0.011194 0.006224 0.941572 0.336569
1718924430.040093184 -10.216830 -1.084197 0.064334 0.011188 0.006204 0.941439 0.336939
1718924430.045044422 -10.218178 -1.083704 0.064004 0.011172 0.006190 0.941303 0.337322
1718924430.050067186 -10.219550 -1.083198 0.063681 0.011161 0.006209 0.941163 0.337710
1718924430.055125713 -10.220937 -1.082684 0.063364 0.011161 0.006285 0.941020 0.338108
1718924430.060045242 -10.222289 -1.082179 0.063059 0.011184 0.006388 0.940876 0.338506
1718924430.065041542 -10.223664 -1.081659 0.062749 0.011225 0.006477 0.940729 0.338911
1718924430.070065737 -10.225045 -1.081130 0.062433 0.011263 0.006530 0.940582 0.339316
1718924430.075092554 -10.226424 -1.080594 0.062111 0.011292 0.006555 0.940434 0.339727
1718924430.080046892 -10.227784 -1.080060 0.061782 0.011304 0.006555 0.940284 0.340140
1718924430.085090160 -10.229170 -1.079512 0.061435 0.011301 0.006548 0.940133 0.340557
1718924430.090034246 -10.230531 -1.078970 0.061083 0.011296 0.006563 0.939987 0.340961
1718924430.095080376 -10.231923 -1.078410 0.060716 0.011274 0.006601 0.939828 0.341397
1718924430.100002289 -10.233281 -1.077852 0.060354 0.011230 0.006645 0.939662 0.341857
1718924430.100002289 -10.233281 -1.077852 0.060354 0.011230 0.006645 0.939662 0.341857
1718924430.100044966 -10.233292 -1.077847 0.060351 0.011229 0.006646 0.939660 0.341860
1718924430.105074167 -10.234678 -1.077261 0.059983 0.011167 0.006663 0.939485 0.342344
1718924430.110038757 -10.236047 -1.076665 0.059628 0.011104 0.006647 0.939306 0.342835
1718924430.115098000 -10.237446 -1.076043 0.059276 0.011068 0.006636 0.939119 0.343350
1718924430.199970245 -10.259785 -1.064522 0.053264 0.007960 0.002807 0.934905 0.354797
1718924430.199970245 -10.259785 -1.064522 0.053264 0.007960 0.002807 0.934905 0.354797
1718924430.215094090 -10.263511 -1.062311 0.052165 0.007411 0.002151 0.934124 0.356865
1718924430.220054865 -10.264720 -1.061574 0.051803 0.007237 0.001923 0.933868 0.357540
1718924430.225111961 -10.265950 -1.060816 0.051432 0.007103 0.001757 0.933604 0.358231
1718924430.230064631 -10.267161 -1.060072 0.051060 0.007041 0.001740 0.933347 0.358902
1718924430.235060453 -10.268391 -1.059321 0.050675 0.007057 0.001868 0.933091 0.359565
1718924430.240040541 -10.269623 -1.058571 0.050288 0.007120 0.002065 0.932839 0.360218
1718924430.245038033 -10.270860 -1.057810 0.049897 0.007186 0.002264 0.932586 0.360870
1718924430.250040293 -10.272099 -1.057039 0.049503 0.007204 0.002424 0.932333 0.361520
1718924430.255086184 -10.273348 -1.056256 0.049105 0.007173 0.002546 0.932079 0.362174
1718924430.260108709 -10.274593 -1.055473 0.048705 0.007116 0.002652 0.931827 0.362823
1718924430.265080690 -10.275825 -1.054692 0.048311 0.007053 0.002726 0.931578 0.363464
1718924430.270121336 -10.277076 -1.053892 0.047918 0.006999 0.002787 0.931327 0.364105
1718924430.275094032 -10.278315 -1.053095 0.047538 0.006961 0.002848 0.931084 0.364728
1718924430.280047178 -10.279553 -1.052299 0.047165 0.006945 0.002924 0.930841 0.365346
1718924430.285057068 -10.280808 -1.051491 0.046791 0.006940 0.002987 0.930596 0.365970
1718924430.290046453 -10.282057 -1.050681 0.046420 0.006926 0.003000 0.930351 0.366592
1718924430.295038223 -10.283304 -1.049865 0.046049 0.006892 0.002962 0.930110 0.367205
1718924430.299998283 -10.284542 -1.049051 0.045680 0.006846 0.002922 0.929870 0.367813
1718924430.299998283 -10.284542 -1.049051 0.045680 0.006846 0.002922 0.929870 0.367813
1718924430.300028086 -10.284550 -1.049046 0.045678 0.006846 0.002921 0.929868 0.367817
1718924430.305043936 -10.285806 -1.048215 0.045302 0.006801 0.002907 0.929628 0.368424
1718924430.310032368 -10.287058 -1.047381 0.044926 0.006753 0.002917 0.929393 0.369017
1718924430.315040588 -10.288316 -1.046537 0.044549 0.006696 0.002933 0.929160 0.369606
1718924430.360035419 -10.299675 -1.038402 0.041805 0.006552 0.004585 0.926477 0.376267
1718924430.365034342 -10.300929 -1.037433 0.041586 0.006510 0.004667 0.926173 0.377013
1718924430.370030403 -10.302178 -1.036447 0.041378 0.006450 0.004640 0.925859 0.377786
1718924430.375044584 -10.303429 -1.035442 0.041173 0.006380 0.004552 0.925538 0.378575
1718924430.380033970 -10.304677 -1.034432 0.040962 0.006317 0.004471 0.925219 0.379354
1718924430.385051966 -10.305936 -1.033413 0.040738 0.006274 0.004429 0.924899 0.380136
1718924430.390037060 -10.307187 -1.032397 0.040502 0.006217 0.004420 0.924578 0.380915
1718924430.395043612 -10.308440 -1.031372 0.040255 0.006122 0.004427 0.924259 0.381692
1718924430.399994135 -10.309677 -1.030353 0.040008 0.006021 0.004453 0.923944 0.382453
1718924430.399994135 -10.309677 -1.030353 0.040008 0.006021 0.004453 0.923944 0.382453
1718924430.400030136 -10.309686 -1.030346 0.040006 0.006021 0.004453 0.923942 0.382459
1718924430.405023813 -10.310937 -1.029317 0.039758 0.005929 0.004519 0.923613 0.383254
1718924430.410035372 -10.312197 -1.028281 0.039515 0.005843 0.004591 0.923282 0.384052
1718924430.415087700 -10.313473 -1.027232 0.039275 0.005766 0.004648 0.922950 0.384848
1718924430.420063496 -10.314731 -1.026200 0.039036 0.005699 0.004743 0.922623 0.385632
1718924430.425045013 -10.315989 -1.025173 0.038790 0.005630 0.004898 0.922289 0.386429
1718924430.430054665 -10.317253 -1.024146 0.038536 0.005541 0.005085 0.921950 0.387235
1718924430.435047388 -10.318512 -1.023123 0.038275 0.005438 0.005292 0.921611 0.388040
1718924430.440038443 -10.319771 -1.022100 0.038009 0.005343 0.005530 0.921273 0.388841
1718924430.445028543 -10.321034 -1.021080 0.037741 0.005277 0.005792 0.920937 0.389633
1718924430.450035095 -10.322310 -1.020055 0.037473 0.005241 0.006062 0.920608 0.390406
1718924430.455048323 -10.323594 -1.019026 0.037208 0.005232 0.006314 0.920287 0.391157
1718924430.460040331 -10.324876 -1.017997 0.036944 0.005234 0.006537 0.919973 0.391892
1718924430.465047359 -10.326163 -1.016969 0.036671 0.005252 0.006790 0.919654 0.392637
1718924430.470031977 -10.327445 -1.015951 0.036382 0.005296 0.007118 0.919331 0.393385
1718924430.475029945 -10.328733 -1.014934 0.036077 0.005354 0.007502 0.919004 0.394141
1718924430.480038404 -10.330024 -1.013913 0.035763 0.005393 0.007887 0.918678 0.394891
1718924430.485039234 -10.331312 -1.012888 0.035448 0.005420 0.008258 0.918357 0.395631
1718924430.490027189 -10.332599 -1.011863 0.035135 0.005444 0.008635 0.918039 0.396359
1718924430.495019913 -10.333894 -1.010836 0.034823 0.005469 0.009009 0.917719 0.397091
1718924430.499997139 -10.335191 -1.009809 0.034514 0.005502 0.009363 0.917397 0.397825
1718924430.499997139 -10.335191 -1.009809 0.034514 0.005502 0.009363 0.917397 0.397825
1718924430.500036001 -10.335202 -1.009801 0.034512 0.005502 0.009366 0.917394 0.397831
1718924430.505031824 -10.336505 -1.008765 0.034198 0.005530 0.009667 0.917071 0.398567
1718924430.510027647 -10.337808 -1.007724 0.033882 0.005558 0.009920 0.916746 0.399308
1718924430.515023708 -10.339109 -1.006680 0.033566 0.005574 0.010165 0.916423 0.400044
1718924430.555027246 -10.349457 -0.998262 0.030763 0.005544 0.010866 0.913884 0.405793
1718924430.560039997 -10.350740 -0.997200 0.030379 0.005551 0.010999 0.913586 0.406460
1718924430.565028191 -10.352020 -0.996144 0.029988 0.005547 0.011163 0.913296 0.407105
1718924430.570026159 -10.353301 -0.995083 0.029592 0.005492 0.011312 0.913013 0.407737
1718924430.575101614 -10.354594 -0.993998 0.029187 0.005386 0.011406 0.912727 0.408375
1718924430.580024719 -10.355840 -0.992934 0.028799 0.005252 0.011448 0.912447 0.409001
1718924430.585034370 -10.357101 -0.991836 0.028413 0.005133 0.011477 0.912149 0.409666
1718924430.590020418 -10.358346 -0.990730 0.028036 0.005066 0.011506 0.911834 0.410366
1718924430.595073462 -10.359596 -0.989598 0.027660 0.005049 0.011537 0.911493 0.411123
1718924430.599977255 -10.360796 -0.988487 0.027294 0.005056 0.011582 0.911136 0.411913
1718924430.599977255 -10.360796 -0.988487 0.027294 0.005056 0.011582 0.911136 0.411913
1718924430.600068569 -10.360818 -0.988466 0.027287 0.005056 0.011583 0.911129 0.411928
1718924430.605031490 -10.362015 -0.987331 0.026909 0.005061 0.011646 0.910738 0.412789
1718924430.610028028 -10.363203 -0.986180 0.026515 0.005038 0.011704 0.910317 0.413717
1718924430.615071297 -10.364389 -0.985010 0.026109 0.004977 0.011784 0.909870 0.414697
1718924430.620036364 -10.365548 -0.983851 0.025702 0.004855 0.011872 0.909407 0.415709
1718924430.625099421 -10.366719 -0.982659 0.025284 0.004661 0.011950 0.908901 0.416815
1718924430.630161285 -10.367882 -0.981451 0.024864 0.004383 0.012028 0.908366 0.417980
1718924430.635042667 -10.368997 -0.980262 0.024466 0.004076 0.012093 0.907823 0.419159
1718924430.640040636 -10.370132 -0.979015 0.024067 0.003771 0.012137 0.907238 0.420426
1718924430.645030022 -10.371257 -0.977739 0.023668 0.003511 0.012161 0.906635 0.421726
1718924430.650016785 -10.372374 -0.976431 0.023264 0.003314 0.012132 0.906030 0.423027
1718924430.655040503 -10.373493 -0.975084 0.022840 0.003192 0.012086 0.905417 0.424340
1718924430.660068750 -10.374608 -0.973710 0.022395 0.003091 0.012002 0.904805 0.425646
1718924430.665058851 -10.375701 -0.972321 0.021937 0.002952 0.011817 0.904200 0.426936
1718924430.670025587 -10.376774 -0.970916 0.021472 0.002764 0.011541 0.903600 0.428214
1718924430.675121546 -10.377869 -0.969460 0.020986 0.002557 0.011277 0.902974 0.429539
1718924430.680081367 -10.378935 -0.968029 0.020507 0.002381 0.011108 0.902349 0.430857
1718924430.685030699 -10.379999 -0.966587 0.020015 0.002245 0.011051 0.901712 0.432191
1718924430.690017462 -10.381071 -0.965112 0.019503 0.002145 0.011084 0.901053 0.433562
1718924430.695020199 -10.382137 -0.963607 0.018967 0.002041 0.011130 0.900369 0.434980
1718924430.699882030 -10.383158 -0.962119 0.018424 0.001903 0.011129 0.899685 0.436395
1718924430.699882030 -10.383158 -0.962119 0.018424 0.001903 0.011129 0.899685 0.436395
1718924430.700017691 -10.383186 -0.962077 0.018408 0.001899 0.011128 0.899666 0.436434
1718924430.705060005 -10.384229 -0.960505 0.017831 0.001713 0.011054 0.898944 0.437920
1718924430.710018158 -10.385245 -0.958936 0.017255 0.001525 0.011024 0.898220 0.439406
1718924430.715021610 -10.386271 -0.957328 0.016666 0.001359 0.011114 0.897474 0.440926
1718924430.720023632 -10.387297 -0.955696 0.016077 0.001231 0.011344 0.896704 0.442484
1718924430.770029306 -10.400123 -0.940854 0.014923 0.001735 0.009043 0.892544 0.450867
1718924430.795059919 -10.407618 -0.934411 0.016506 0.002715 0.007290 0.891363 0.453223
1718924430.799953222 -10.409026 -0.933193 0.016754 0.002887 0.006955 0.891112 0.453720
1718924430.799953222 -10.409026 -0.933193 0.016754 0.002887 0.006955 0.891112 0.453720
1718924430.800048351 -10.409053 -0.933169 0.016758 0.002890 0.006948 0.891107 0.453730
1718924430.805009842 -10.410452 -0.931952 0.016981 0.003026 0.006627 0.890815 0.454309
1718924430.810055733 -10.411849 -0.930715 0.017196 0.003170 0.006300 0.890463 0.455001
1718924430.815100908 -10.413218 -0.929481 0.017401 0.003262 0.005903 0.890048 0.455817
1718924430.820055485 -10.414531 -0.928276 0.017601 0.003295 0.005476 0.889575 0.456743
1718924430.825156927 -10.415852 -0.927045 0.017822 0.003282 0.005010 0.889037 0.457796
1718924430.830149412 -10.417114 -0.925852 0.018059 0.003232 0.004516 0.888454 0.458932
1718924430.835077763 -10.418328 -0.924688 0.018304 0.003217 0.004049 0.887810 0.460182
1718924430.840061903 -10.419525 -0.923514 0.018566 0.003208 0.003530 0.887097 0.461559
1718924430.845059633 -10.420702 -0.922329 0.018848 0.003220 0.002975 0.886314 0.463063
1718924430.850072861 -10.421860 -0.921138 0.019131 0.003292 0.002516 0.885461 0.464694
1718924430.855067492 -10.422986 -0.919954 0.019393 0.003376 0.002144 0.884553 0.466422
1718924430.860022068 -10.424082 -0.918782 0.019620 0.003460 0.001898 0.883606 0.468215
1718924430.865026236 -10.425186 -0.917603 0.019820 0.003590 0.001809 0.882617 0.470076
1718924430.870079994 -10.426302 -0.916415 0.020012 0.003778 0.001822 0.881597 0.471984
1718924430.875014305 -10.427385 -0.915254 0.020209 0.003983 0.001882 0.880589 0.473861
1718924430.880015373 -10.428471 -0.914078 0.020426 0.004171 0.001995 0.879548 0.475787
1718924430.885010719 -10.429553 -0.912901 0.020659 0.004424 0.002226 0.878493 0.477729
1718924430.890058041 -10.430648 -0.911707 0.020912 0.004746 0.002535 0.877423 0.479688
1718924430.895049095 -10.431735 -0.910523 0.021186 0.005075 0.002837 0.876360 0.481622
1718924430.899976015 -10.432812 -0.909353 0.021482 0.005367 0.003041 0.875319 0.483507
1718924430.899976015 -10.432812 -0.909353 0.021482 0.005367 0.003041 0.875319 0.483507
1718924430.899997234 -10.429863 -0.921371 0.024279 0.002389 0.011650 0.864712 0.502127
1718924430.899997234 -10.429863 -0.921371 0.024279 0.002389 0.011650 0.864712 0.502127
1718924430.900054216 -10.429879 -0.921357 0.024288 0.002392 0.011653 0.864699 0.502149
1718924430.905014992 -10.431277 -0.920106 0.025057 0.002592 0.011700 0.863629 0.503986
1718924430.910015821 -10.432689 -0.918831 0.025818 0.002615 0.011624 0.862585 0.505772
1718924430.915020704 -10.434112 -0.917548 0.026563 0.002504 0.011528 0.861529 0.507571
1718924430.960017920 -10.448090 -0.905399 0.033983 0.000057 0.012200 0.855474 0.517702
1718924430.965061426 -10.449732 -0.903970 0.034898 -0.000169 0.012241 0.854877 0.518686
1718924430.970018864 -10.451372 -0.902564 0.035820 -0.000295 0.012313 0.854344 0.519561
1718924430.975018263 -10.453045 -0.901143 0.036760 -0.000296 0.012410 0.853835 0.520396
1718924430.980011940 -10.454722 -0.899715 0.037705 -0.000223 0.012504 0.853324 0.521230
1718924430.985050917 -10.456405 -0.898266 0.038665 -0.000170 0.012572 0.852799 0.522087
1718924430.990002632 -10.458042 -0.896841 0.039615 -0.000173 0.012600 0.852278 0.522938
1718924430.995048523 -10.459696 -0.895391 0.040591 -0.000233 0.012637 0.851723 0.523839
1718924431.000007153 -10.461313 -0.893962 0.041549 -0.000296 0.012780 0.851128 0.524803
1718924431.005049944 -10.462953 -0.892502 0.042512 -0.000374 0.012960 0.850469 0.525865
1718924431.010007858 -10.464560 -0.891058 0.043447 -0.000441 0.013191 0.849759 0.527007
1718924431.015027761 -10.466192 -0.889585 0.044393 -0.000465 0.013503 0.848972 0.528265
1718924431.020100832 -10.467841 -0.888076 0.045354 -0.000519 0.013833 0.848123 0.529618
1718924431.025067806 -10.469443 -0.886570 0.046285 -0.000629 0.014135 0.847240 0.531022
1718924431.030016661 -10.471017 -0.885041 0.047201 -0.000812 0.014366 0.846308 0.532500
1718924431.035007954 -10.472583 -0.883472 0.048118 -0.001029 0.014566 0.845328 0.534049
1718924431.040031433 -10.474149 -0.881865 0.049020 -0.001193 0.014800 0.844306 0.535655
1718924431.045027494 -10.475704 -0.880232 0.049882 -0.001277 0.015059 0.843261 0.537291
1718924431.050054789 -10.477266 -0.878554 0.050714 -0.001364 0.015237 0.842198 0.538951
1718924431.055016518 -10.478795 -0.876868 0.051505 -0.001512 0.015316 0.841131 0.540613
1718924431.060046196 -10.480332 -0.875136 0.052271 -0.001685 0.015378 0.840034 0.542313
1718924431.065045834 -10.481855 -0.873397 0.052994 -0.001820 0.015464 0.838930 0.544017
1718924431.070042610 -10.483365 -0.871637 0.053678 -0.001917 0.015577 0.837809 0.545737
1718924431.075048447 -10.484851 -0.869846 0.054329 -0.002049 0.015601 0.836678 0.547468
1718924431.080046177 -10.486304 -0.868028 0.054945 -0.002221 0.015532 0.835542 0.549202
1718924431.085063457 -10.487748 -0.866177 0.055530 -0.002369 0.015456 0.834388 0.550956
1718924431.090043783 -10.489178 -0.864319 0.056084 -0.002474 0.015422 0.833216 0.552727
1718924431.095039845 -10.490605 -0.862435 0.056620 -0.002580 0.015398 0.832014 0.554535
1718924431.099978209 -10.492000 -0.860549 0.057131 -0.002686 0.015397 0.830796 0.556358
1718924431.099978209 -10.492000 -0.860549 0.057131 -0.002686 0.015397 0.830796 0.556358
1718924431.100006580 -10.492008 -0.860538 0.057133 -0.002687 0.015397 0.830789 0.556368
1718924431.105039358 -10.493399 -0.858592 0.057636 -0.002802 0.015412 0.829530 0.558242
1718924431.110045671 -10.494756 -0.856630 0.058119 -0.002941 0.015419 0.828256 0.560131
1718924431.115020275 -10.496080 -0.854658 0.058580 -0.003079 0.015449 0.826969 0.562027
1718924431.195026159 -10.516600 -0.826630 0.060777 -0.001405 0.015181 0.815815 0.578112
1718924431.199985027 -10.517854 -0.825140 0.060605 -0.001344 0.015132 0.815121 0.579092
1718924431.199985027 -10.517854 -0.825140 0.060605 -0.001344 0.015132 0.815121 0.579092
1718924431.199997663 -10.517858 -0.825136 0.060604 -0.001343 0.015132 0.815119 0.579095
1718924431.205035686 -10.519157 -0.823644 0.060418 -0.001330 0.014944 0.814404 0.580105
1718924431.210037231 -10.520433 -0.822187 0.060230 -0.001361 0.014740 0.813648 0.581169
1718924431.215006590 -10.521682 -0.820763 0.060033 -0.001412 0.014537 0.812813 0.582342
1718924431.220011234 -10.522916 -0.819350 0.059822 -0.001514 0.014285 0.811894 0.583629
1718924431.225047588 -10.524125 -0.817943 0.059596 -0.001667 0.014038 0.810913 0.584996
1718924431.230058432 -10.525299 -0.816556 0.059348 -0.001822 0.013817 0.809874 0.586438
1718924431.235012293 -10.526445 -0.815205 0.059074 -0.001860 0.013737 0.808763 0.587971
1718924431.239994764 -10.527589 -0.813865 0.058780 -0.001799 0.013728 0.807580 0.589596
1718924431.244997740 -10.528724 -0.812525 0.058493 -0.001710 0.013688 0.806343 0.591287
1718924431.249991894 -10.529845 -0.811188 0.058226 -0.001589 0.013587 0.805074 0.593016
1718924431.255007744 -10.530960 -0.809846 0.057982 -0.001435 0.013471 0.803777 0.594776
1718924431.260015965 -10.532069 -0.808512 0.057765 -0.001230 0.013456 0.802459 0.596554
1718924431.265053511 -10.533188 -0.807180 0.057566 -0.000985 0.013520 0.801120 0.598350
1718924431.270053387 -10.534296 -0.805866 0.057385 -0.000729 0.013585 0.799799 0.600114
1718924431.275052786 -10.535390 -0.804546 0.057228 -0.000491 0.013590 0.798480 0.601867
1718924431.280057669 -10.536468 -0.803216 0.057095 -0.000263 0.013566 0.797143 0.603638
1718924431.285033464 -10.537529 -0.801894 0.056967 -0.000061 0.013560 0.795788 0.605424
1718924431.290025949 -10.538590 -0.800570 0.056832 0.000095 0.013587 0.794418 0.607219
1718924431.295032024 -10.539651 -0.799238 0.056691 0.000238 0.013613 0.793058 0.608994
1718924431.299993038 -10.540703 -0.797909 0.056549 0.000398 0.013649 0.791726 0.610723
1718924431.299993038 -10.540703 -0.797909 0.056549 0.000398 0.013649 0.791726 0.610723
1718924431.299996614 -10.540704 -0.797908 0.056548 0.000398 0.013649 0.791725 0.610725
1718924431.304988861 -10.541732 -0.796568 0.056406 0.000536 0.013740 0.790400 0.612437
1718924431.309986353 -10.542758 -0.795227 0.056250 0.000581 0.013859 0.789072 0.614144
1718924431.315014601 -10.543791 -0.793881 0.056085 0.000541 0.013954 0.787745 0.615843
1718924431.354991198 -10.551447 -0.782774 0.053615 -0.001105 0.012437 0.779354 0.626459
1718924431.359991312 -10.552364 -0.781338 0.053141 -0.001295 0.012323 0.778382 0.627669
1718924431.364995241 -10.553307 -0.779905 0.052629 -0.001392 0.012269 0.777464 0.628807
1718924431.370003700 -10.554273 -0.778482 0.052095 -0.001419 0.012302 0.776593 0.629881
1718924431.375044346 -10.555242 -0.777047 0.051556 -0.001443 0.012282 0.775769 0.630896
1718924431.379980564 -10.556176 -0.775619 0.051041 -0.001422 0.012166 0.774982 0.631865
1718924431.384986401 -10.557124 -0.774149 0.050532 -0.001296 0.012056 0.774193 0.632833
1718924431.389983177 -10.558076 -0.772680 0.050029 -0.001065 0.012062 0.773386 0.633819
1718924431.394989967 -10.559022 -0.771211 0.049524 -0.000832 0.012091 0.772540 0.634851
1718924431.399974108 -10.559944 -0.769744 0.049013 -0.000655 0.012098 0.771673 0.635904
1718924431.399974108 -10.559944 -0.769744 0.049013 -0.000655 0.012098 0.771673 0.635904
1718924431.399984360 -10.559946 -0.769741 0.049012 -0.000655 0.012098 0.771671 0.635907
1718924431.404991388 -10.560867 -0.768265 0.048482 -0.000494 0.012110 0.770781 0.636984
1718924431.409982681 -10.561791 -0.766788 0.047927 -0.000287 0.012180 0.769880 0.638073
1718924431.414996147 -10.562723 -0.765302 0.047342 -0.000001 0.012337 0.768945 0.639195
1718924431.420002460 -10.563651 -0.763807 0.046743 0.000311 0.012487 0.767983 0.640349
1718924431.424980402 -10.564559 -0.762305 0.046139 0.000595 0.012574 0.766993 0.641532
1718924431.429993153 -10.565459 -0.760775 0.045527 0.000815 0.012636 0.765949 0.642777
1718924431.434983730 -10.566341 -0.759230 0.044917 0.000948 0.012685 0.764891 0.644034
1718924431.440054655 -10.567219 -0.757644 0.044298 0.000970 0.012687 0.763784 0.645346
1718924431.445023060 -10.568065 -0.756079 0.043686 0.000927 0.012668 0.762657 0.646678
1718924431.449995756 -10.568906 -0.754498 0.043067 0.000887 0.012706 0.761485 0.648058
1718924431.455029249 -10.569752 -0.752886 0.042427 0.000876 0.012787 0.760260 0.649493
1718924431.459983349 -10.570579 -0.751283 0.041770 0.000978 0.012936 0.759028 0.650929
1718924431.465025425 -10.571418 -0.749628 0.041066 0.001251 0.013180 0.757757 0.652402
1718924431.470024109 -10.572244 -0.747963 0.040337 0.001614 0.013454 0.756492 0.653863
1718924431.475017071 -10.573045 -0.746282 0.039584 0.001926 0.013656 0.755232 0.655312
1718924431.479966164 -10.573811 -0.744602 0.038816 0.002122 0.013741 0.753993 0.656736
1718924431.484993219 -10.574567 -0.742875 0.038025 0.002236 0.013716 0.752743 0.658168
1718924431.489995480 -10.575299 -0.741131 0.037239 0.002291 0.013565 0.751500 0.659590
1718924431.494945526 -10.576005 -0.739381 0.036473 0.002316 0.013348 0.750269 0.660994
1718924431.499941349 -10.576705 -0.737598 0.035711 0.002316 0.013094 0.749027 0.662406
1718924431.499996185 -10.576712 -0.737578 0.035703 0.002317 0.013092 0.749013 0.662422
