id: 0
T_world_origin: 
 -0.437734   0.899063 0.00860499   0.965841
 -0.898345  -0.437737  0.0369195   -1.39133
 0.0369597 0.00843066   0.999281  0.0232663
         0          0          0          1
T_origin_endpoint_L: 
 -0.437734  -0.898345  0.0369601  -0.827972
  0.899063  -0.437737 0.00843069   -1.47759
0.00860515  0.0369199   0.999281  0.0198069
         0          0          0          1
T_origin_endpoint_R: 
   0.99892 -0.0391799   0.024963    5.67225
 0.0386348   0.999012  0.0219598    2.22691
-0.0257987 -0.0209716   0.999447  -0.165543
         0          0          0          1
T_lidar_imu: 
       1        0        0 -0.25708
       0        1        0  -0.0268
       0        0        1  -0.0305
       0        0        0        1
imu_bias:   0.00067156  7.55382e-05 -0.000858005  0.000505744 -0.000187977  -2.8949e-05
frame_id: 2
num_frames: 491
frame_0
id: 0
stamp: 1718924308.099987030
T_odom_lidar: 
           1  1.05658e-09  -3.3124e-08      0.25708
-1.05658e-09            1 -1.11084e-08       0.0268
  3.3124e-08  1.11084e-08            1       0.0305
           0            0            0            1
T_world_lidar: 
           1  1.05658e-09  -3.3124e-08      0.25708
-1.05658e-09            1 -1.11084e-08       0.0268
  3.3124e-08  1.11084e-08            1       0.0305
           0            0            0            1
v_world_imu: -0.0902801 -0.0292983 0.00991923
frame_1
id: 1
stamp: 1718924308.199985981
T_odom_lidar: 
    0.999994  4.51493e-05  -0.00338432     0.249182
-4.95705e-05     0.999999  -0.00130629    0.0241355
  0.00338425   0.00130645     0.999993    0.0322994
           0            0            0            1
T_world_lidar: 
    0.999994  4.51493e-05  -0.00338432     0.249182
-4.95705e-05     0.999999  -0.00130629    0.0241355
  0.00338425   0.00130645     0.999993    0.0322994
           0            0            0            1
v_world_imu: -0.0658481 -0.0230466 0.00725032
frame_2
id: 2
stamp: 1718924308.299984932
T_odom_lidar: 
    0.999978  9.65742e-05  -0.00662645     0.243486
-0.000113096     0.999997  -0.00249292    0.0220973
  0.00662618   0.00249362     0.999975    0.0338136
           0            0            0            1
T_world_lidar: 
    0.999978  9.65742e-05  -0.00662645     0.243486
-0.000113096     0.999997  -0.00249292    0.0220973
  0.00662618   0.00249362     0.999975    0.0338136
           0            0            0            1
v_world_imu: -0.0466867 -0.0166608 0.00662495
frame_3
id: 3
stamp: 1718924308.399983883
T_odom_lidar: 
    0.999955 -0.000259227  -0.00951124     0.239606
 0.000227099     0.999994  -0.00337873    0.0208329
  0.00951206   0.00337642     0.999949    0.0350889
           0            0            0            1
T_world_lidar: 
    0.999955 -0.000259227  -0.00951124     0.239606
 0.000227099     0.999994  -0.00337873    0.0208329
  0.00951206   0.00337642     0.999949    0.0350889
           0            0            0            1
v_world_imu:  -0.0291014 -0.00977552  0.00525226
frame_4
id: 4
stamp: 1718924308.499981880
T_odom_lidar: 
    0.999923 -0.000180902   -0.0124435     0.237325
 0.000125744      0.99999  -0.00443329    0.0200573
   0.0124442   0.00443138     0.999913    0.0362545
           0            0            0            1
T_world_lidar: 
    0.999923 -0.000180902   -0.0124435     0.237325
 0.000125744      0.99999  -0.00443329    0.0200573
   0.0124442   0.00443138     0.999913    0.0362545
           0            0            0            1
v_world_imu:  -0.0152018 -0.00504367  0.00484393
frame_5
id: 5
stamp: 1718924308.599982023
T_odom_lidar: 
    0.999888 -0.000191746   -0.0149675     0.236333
 0.000110327     0.999985  -0.00544035    0.0196726
   0.0149683   0.00543809     0.999873    0.0373114
           0            0            0            1
T_world_lidar: 
    0.999888 -0.000191746   -0.0149675     0.236333
 0.000110327     0.999985  -0.00544035    0.0196726
   0.0149683   0.00543809     0.999873    0.0373114
           0            0            0            1
v_world_imu: -0.00313718  -0.0019586  0.00479322
frame_6
id: 6
stamp: 1718924308.699983835
T_odom_lidar: 
    0.999848 -0.000243645   -0.0174545     0.236338
 0.000134111      0.99998  -0.00627627    0.0196123
   0.0174557   0.00627297     0.999828     0.038251
           0            0            0            1
T_world_lidar: 
    0.999848 -0.000243645   -0.0174545     0.236338
 0.000134111      0.99998  -0.00627627    0.0196123
   0.0174557   0.00627297     0.999828     0.038251
           0            0            0            1
v_world_imu:  0.00472604 0.000896325  0.00460117
frame_7
id: 7
stamp: 1718924308.799981833
T_odom_lidar: 
     0.99981  5.91239e-06   -0.0194702     0.237052
-0.000142593     0.999975   -0.0070186    0.0197818
   0.0194697   0.00702005     0.999786    0.0390421
           0            0            0            1
T_world_lidar: 
     0.99981  5.91239e-06   -0.0194702     0.237052
-0.000142593     0.999975   -0.0070186    0.0197818
   0.0194697   0.00702005     0.999786    0.0390421
           0            0            0            1
v_world_imu:  0.0107018 0.00406196 0.00423852
frame_8
id: 8
stamp: 1718924308.900025845
T_odom_lidar: 
    0.999771 -2.51987e-05    -0.021377     0.238246
 -0.00013789     0.999971  -0.00762764    0.0202546
   0.0213766   0.00762884     0.999742      0.03973
           0            0            0            1
T_world_lidar: 
    0.999771 -2.51987e-05    -0.021377     0.238246
 -0.00013789     0.999971  -0.00762764    0.0202546
   0.0213766   0.00762884     0.999742      0.03973
           0            0            0            1
v_world_imu:  0.0147239 0.00576912  0.0019709
frame_9
id: 9
stamp: 1718924309.099987268
T_odom_lidar: 
    0.999714  7.18118e-05   -0.0239299      0.24156
-0.000279707     0.999962  -0.00868443    0.0215671
   0.0239284   0.00868863     0.999676     0.040633
           0            0            0            1
T_world_lidar: 
    0.999714  7.18118e-05   -0.0239299      0.24156
-0.000279707     0.999962  -0.00868443    0.0215671
   0.0239284   0.00868863     0.999676     0.040633
           0            0            0            1
v_world_imu:  0.0185402 0.00748526 0.00134356
frame_10
id: 10
stamp: 1718924309.199988127
T_odom_lidar: 
    0.999692 -4.15694e-06   -0.0248241      0.24341
-0.000223833     0.999958  -0.00918145    0.0223569
   0.0248231   0.00918418      0.99965    0.0410438
           0            0            0            1
T_world_lidar: 
    0.999692 -4.15694e-06   -0.0248241      0.24341
-0.000223833     0.999958  -0.00918145    0.0223569
   0.0248231   0.00918418      0.99965    0.0410438
           0            0            0            1
v_world_imu:  0.0188077 0.00841943 0.00107844
frame_11
id: 11
stamp: 1718924309.299988270
T_odom_lidar: 
    0.999673  2.14174e-05   -0.0255823     0.245245
-0.000262036     0.999956  -0.00940237    0.0231972
   0.0255809     0.009406     0.999629    0.0412907
           0            0            0            1
T_world_lidar: 
    0.999673  2.14174e-05   -0.0255823     0.245245
-0.000262036     0.999956  -0.00940237    0.0231972
   0.0255809     0.009406     0.999629    0.0412907
           0            0            0            1
v_world_imu:   0.0186463  0.00886105 0.000406828
frame_12
id: 12
stamp: 1718924309.399987221
T_odom_lidar: 
    0.999664 -0.000295611   -0.0259144     0.247044
 4.30157e-05     0.999952   -0.0097473    0.0241032
   0.0259161   0.00974292     0.999617    0.0413556
           0            0            0            1
T_world_lidar: 
    0.999664 -0.000295611   -0.0259144     0.247044
 4.30157e-05     0.999952   -0.0097473    0.0241032
   0.0259161   0.00974292     0.999617    0.0413556
           0            0            0            1
v_world_imu:   0.0179994  0.00767804 0.000171946
frame_13
id: 13
stamp: 1718924309.499984264
T_odom_lidar: 
    0.999664 -0.000276161   -0.0259329     0.248042
 2.22764e-05     0.999952  -0.00978986    0.0245862
   0.0259343   0.00978598     0.999616    0.0406695
           0            0            0            1
T_world_lidar: 
    0.999664 -0.000276161   -0.0259329     0.248042
 2.22764e-05     0.999952  -0.00978986    0.0245862
   0.0259343   0.00978598     0.999616    0.0406695
           0            0            0            1
v_world_imu:  0.0164391 0.00737613 0.00017248
frame_14
id: 14
stamp: 1718924309.599990129
T_odom_lidar: 
    0.999657 -0.000127265   -0.0261875     0.249685
-0.000131128     0.999951  -0.00986508    0.0252035
   0.0261875   0.00986513     0.999608    0.0406868
           0            0            0            1
T_world_lidar: 
    0.999657 -0.000127265   -0.0261875     0.249685
-0.000131128     0.999951  -0.00986508    0.0252035
   0.0261875   0.00986513     0.999608    0.0406868
           0            0            0            1
v_world_imu:   0.0161346  0.00602893 -0.00072347
frame_15
id: 15
stamp: 1718924309.699899197
T_odom_lidar: 
    0.999652 -0.000205859   -0.0263847     0.251174
-5.36295e-05     0.999952  -0.00983371    0.0258091
   0.0263855    0.0098317     0.999603    0.0406498
           0            0            0            1
T_world_lidar: 
    0.999652 -0.000205859   -0.0263847     0.251174
-5.36295e-05     0.999952  -0.00983371    0.0258091
   0.0263855    0.0098317     0.999603    0.0406498
           0            0            0            1
v_world_imu:   0.0136464  0.00547281 -0.00127165
frame_16
id: 16
stamp: 1718924309.799987316
T_odom_lidar: 
    0.999645 -0.000582582   -0.0266343     0.252387
 0.000324337     0.999953  -0.00969923    0.0263935
   0.0266387   0.00968715     0.999598    0.0404943
           0            0            0            1
T_world_lidar: 
    0.999645 -0.000582582   -0.0266343     0.252387
 0.000324337     0.999953  -0.00969923    0.0263935
   0.0266387   0.00968715     0.999598    0.0404943
           0            0            0            1
v_world_imu:   0.0105601  0.00433243 -0.00134394
frame_17
id: 17
stamp: 1718924309.900012255
T_odom_lidar: 
    0.999642 -0.000540659   -0.0267409     0.253345
 0.000281584     0.999953  -0.00969116    0.0267315
   0.0267449   0.00968017     0.999595    0.0404171
           0            0            0            1
T_world_lidar: 
    0.999642 -0.000540659   -0.0267409     0.253345
 0.000281584     0.999953  -0.00969116    0.0267315
   0.0267449   0.00968017     0.999595    0.0404171
           0            0            0            1
v_world_imu:  0.00829555   0.0027223 5.55533e-05
frame_18
id: 18
stamp: 1718924310.099985123
T_odom_lidar: 
    0.999651 -0.000220863   -0.0264229     0.254759
-3.08951e-05     0.999955  -0.00952725    0.0268994
   0.0264238   0.00952474     0.999605     0.040289
           0            0            0            1
T_world_lidar: 
    0.999651 -0.000220863   -0.0264229     0.254759
-3.08951e-05     0.999955  -0.00952725    0.0268994
   0.0264238   0.00952474     0.999605     0.040289
           0            0            0            1
v_world_imu:  0.00573852 0.000165817 0.000860805
frame_19
id: 19
stamp: 1718924310.199984074
T_odom_lidar: 
    0.999662 -0.000127256   -0.0259971     0.255234
-0.000113594     0.999957   -0.0092628    0.0269012
   0.0259971   0.00926262     0.999619    0.0401941
           0            0            0            1
T_world_lidar: 
    0.999662 -0.000127256   -0.0259971     0.255234
-0.000113594     0.999957   -0.0092628    0.0269012
   0.0259971   0.00926262     0.999619    0.0401941
           0            0            0            1
v_world_imu:   0.00347881  0.000116753 -0.000515423
frame_20
id: 20
stamp: 1718924310.299985170
T_odom_lidar: 
    0.999669 -0.000100873   -0.0257099     0.255527
-0.000135682     0.999958    -0.009199    0.0269011
   0.0257097   0.00919944     0.999627    0.0399822
           0            0            0            1
T_world_lidar: 
    0.999669 -0.000100873   -0.0257099     0.255527
-0.000135682     0.999958    -0.009199    0.0269011
   0.0257097   0.00919944     0.999627    0.0399822
           0            0            0            1
v_world_imu:  0.00212949 9.07318e-05 -0.00108599
frame_21
id: 21
stamp: 1718924310.399986029
T_odom_lidar: 
    0.999678 -0.000263322   -0.0253858     0.255769
 3.14929e-05     0.999958  -0.00913221    0.0269604
   0.0253871   0.00912846     0.999636    0.0397275
           0            0            0            1
T_world_lidar: 
    0.999678 -0.000263322   -0.0253858     0.255769
 3.14929e-05     0.999958  -0.00913221    0.0269604
   0.0253871   0.00912846     0.999636    0.0397275
           0            0            0            1
v_world_imu:  0.00237229 0.000123996 -0.00195685
frame_22
id: 22
stamp: 1718924310.499984026
T_odom_lidar: 
   0.999682 -0.00033512   -0.025196    0.255959
0.000109703     0.99996 -0.00894738   0.0269852
   0.025198  0.00894177    0.999642   0.0394149
          0           0           0           1
T_world_lidar: 
   0.999682 -0.00033512   -0.025196    0.255959
0.000109703     0.99996 -0.00894738   0.0269852
   0.025198  0.00894177    0.999642   0.0394149
          0           0           0           1
v_world_imu:  0.00178868 0.000145501 -0.00244895
frame_23
id: 23
stamp: 1718924310.599987030
T_odom_lidar: 
    0.999687 -0.000537726   -0.0250201     0.256018
 0.000314418      0.99996  -0.00892821    0.0270844
   0.0250239   0.00891755     0.999647    0.0390998
           0            0            0            1
T_world_lidar: 
    0.999687 -0.000537726   -0.0250201     0.256018
 0.000314418      0.99996  -0.00892821    0.0270844
   0.0250239   0.00891755     0.999647    0.0390998
           0            0            0            1
v_world_imu: -0.000555627  0.000977872  -0.00242699
frame_24
id: 24
stamp: 1718924310.699902058
T_odom_lidar: 
   0.999689 -0.00043824  -0.0249392    0.255932
0.000218554    0.999961 -0.00881092   0.0271399
  0.0249421  0.00880272     0.99965    0.038834
          0           0           0           1
T_world_lidar: 
   0.999689 -0.00043824  -0.0249392    0.255932
0.000218554    0.999961 -0.00881092   0.0271399
  0.0249421  0.00880272     0.99965    0.038834
          0           0           0           1
v_world_imu: -0.00136157 0.000604578  -0.0020128
frame_25
id: 25
stamp: 1718924310.799989223
T_odom_lidar: 
     0.99969 -0.000409516   -0.0248839     0.255798
 0.000192629     0.999962  -0.00871772    0.0271473
   0.0248866   0.00871023     0.999652    0.0386308
           0            0            0            1
T_world_lidar: 
     0.99969 -0.000409516   -0.0248839     0.255798
 0.000192629     0.999962  -0.00871772    0.0271473
   0.0248866   0.00871023     0.999652    0.0386308
           0            0            0            1
v_world_imu:  -0.00144221 -0.000167076  -0.00090982
frame_26
id: 26
stamp: 1718924310.900013208
T_odom_lidar: 
     0.99969 -0.000250339   -0.0248875     0.255619
 3.30405e-05     0.999962  -0.00873127    0.0271198
   0.0248887   0.00872774     0.999652    0.0385432
           0            0            0            1
T_world_lidar: 
     0.99969 -0.000250339   -0.0248875     0.255619
 3.30405e-05     0.999962  -0.00873127    0.0271198
   0.0248887   0.00872774     0.999652    0.0385432
           0            0            0            1
v_world_imu:  -0.00198702  2.84518e-06 -0.000322824
frame_27
id: 27
stamp: 1718924311.099992037
T_odom_lidar: 
    0.999693  0.000130067   -0.0247935     0.255145
-0.000348769     0.999961  -0.00881682    0.0270688
   0.0247914   0.00882275     0.999654    0.0384076
           0            0            0            1
T_world_lidar: 
    0.999693  0.000130067   -0.0247935     0.255145
-0.000348769     0.999961  -0.00881682    0.0270688
   0.0247914   0.00882275     0.999654    0.0384076
           0            0            0            1
v_world_imu: -0.00262954 0.000241818 0.000398955
frame_28
id: 28
stamp: 1718924311.199990988
T_odom_lidar: 
      0.9997   7.4621e-05   -0.0245093     0.254933
-0.000292832      0.99996  -0.00889971     0.027137
   0.0245077   0.00890421      0.99966    0.0383516
           0            0            0            1
T_world_lidar: 
      0.9997   7.4621e-05   -0.0245093     0.254933
-0.000292832      0.99996  -0.00889971     0.027137
   0.0245077   0.00890421      0.99966    0.0383516
           0            0            0            1
v_world_imu:  -0.00189254  0.000731501 -6.74308e-06
frame_29
id: 29
stamp: 1718924311.299993038
T_odom_lidar: 
    0.999701  3.92958e-05   -0.0244386     0.254717
-0.000256198     0.999961  -0.00887234    0.0272046
   0.0244373   0.00887595     0.999662    0.0383062
           0            0            0            1
T_world_lidar: 
    0.999701  3.92958e-05   -0.0244386     0.254717
-0.000256198     0.999961  -0.00887234    0.0272046
   0.0244373   0.00887595     0.999662    0.0383062
           0            0            0            1
v_world_imu:  -0.00228936  0.000585118 -0.000102915
frame_30
id: 30
stamp: 1718924311.399989128
T_odom_lidar: 
      0.9997 -1.21632e-05    -0.024477     0.254447
 -0.00020421     0.999961  -0.00883732    0.0272465
   0.0244762   0.00883967     0.999661    0.0382413
           0            0            0            1
T_world_lidar: 
      0.9997 -1.21632e-05    -0.024477     0.254447
 -0.00020421     0.999961  -0.00883732    0.0272465
   0.0244762   0.00883967     0.999661    0.0382413
           0            0            0            1
v_world_imu:   -0.0024385  0.000162496 -0.000834975
frame_31
id: 31
stamp: 1718924311.499993086
T_odom_lidar: 
      0.9997 -1.46207e-06   -0.0244862     0.254223
-0.000214568     0.999961  -0.00881989    0.0272304
   0.0244853    0.0088225     0.999661    0.0381297
           0            0            0            1
T_world_lidar: 
      0.9997 -1.46207e-06   -0.0244862     0.254223
-0.000214568     0.999961  -0.00881989    0.0272304
   0.0244853    0.0088225     0.999661    0.0381297
           0            0            0            1
v_world_imu:  -0.00218622 -0.000368245  -0.00105528
frame_32
id: 32
stamp: 1718924311.599995136
T_odom_lidar: 
    0.999702 -2.45149e-05   -0.0243932     0.254015
-0.000193033      0.99996    -0.008916    0.0271649
   0.0243924   0.00891806     0.999663    0.0379334
           0            0            0            1
T_world_lidar: 
    0.999702 -2.45149e-05   -0.0243932     0.254015
-0.000193033      0.99996    -0.008916    0.0271649
   0.0243924   0.00891806     0.999663    0.0379334
           0            0            0            1
v_world_imu:  -0.0019789 -0.00100647 -0.00179075
frame_33
id: 33
stamp: 1718924311.699909925
T_odom_lidar: 
    0.999702  3.04434e-05   -0.0244236      0.25383
-0.000250418     0.999959  -0.00900361    0.0270362
   0.0244224   0.00900704     0.999661    0.0377661
           0            0            0            1
T_world_lidar: 
    0.999702  3.04434e-05   -0.0244236      0.25383
-0.000250418     0.999959  -0.00900361    0.0270362
   0.0244224   0.00900704     0.999661    0.0377661
           0            0            0            1
v_world_imu: -0.00148835 -0.00151741 -0.00108391
frame_34
id: 34
stamp: 1718924311.799997091
T_odom_lidar: 
    0.999698  4.45529e-05   -0.0245802     0.253745
-0.000269687     0.999958  -0.00915592    0.0268833
   0.0245788   0.00915978     0.999656    0.0377058
           0            0            0            1
T_world_lidar: 
    0.999698  4.45529e-05   -0.0245802     0.253745
-0.000269687     0.999958  -0.00915592    0.0268833
   0.0245788   0.00915978     0.999656    0.0377058
           0            0            0            1
v_world_imu: -2.11518e-05  -0.00115095 -0.000168943
frame_35
id: 35
stamp: 1718924311.900012970
T_odom_lidar: 
    0.999696   5.6333e-05   -0.0246674     0.253742
-0.000285086     0.999957  -0.00927006    0.0267454
   0.0246658   0.00927427     0.999653    0.0376538
           0            0            0            1
T_world_lidar: 
    0.999696   5.6333e-05   -0.0246674     0.253742
-0.000285086     0.999957  -0.00927006    0.0267454
   0.0246658   0.00927427     0.999653    0.0376538
           0            0            0            1
v_world_imu: -0.000106038  -0.00121488 -0.000637826
frame_36
id: 36
stamp: 1718924312.099996805
T_odom_lidar: 
    0.999696 -2.66422e-05   -0.0246479     0.253663
-0.000201262     0.999957  -0.00924389    0.0263805
   0.0246471   0.00924604     0.999653    0.0374904
           0            0            0            1
T_world_lidar: 
    0.999696 -2.66422e-05   -0.0246479     0.253663
-0.000201262     0.999957  -0.00924389    0.0263805
   0.0246471   0.00924604     0.999653    0.0374904
           0            0            0            1
v_world_imu: -0.000201886  -0.00232465 -0.000663515
frame_37
id: 37
stamp: 1718924312.199986935
T_odom_lidar: 
    0.999699 -8.39603e-05   -0.0245257     0.253649
-0.000137055     0.999959  -0.00900974    0.0262096
   0.0245255   0.00901039     0.999659    0.0373626
           0            0            0            1
T_world_lidar: 
    0.999699 -8.39603e-05   -0.0245257     0.253649
-0.000137055     0.999959  -0.00900974    0.0262096
   0.0245255   0.00901039     0.999659    0.0373626
           0            0            0            1
v_world_imu: -0.000163959  -0.00157654 -0.000602742
frame_38
id: 38
stamp: 1718924312.299986839
T_odom_lidar: 
    0.999715 -1.71809e-05   -0.0238937     0.253084
-0.000192215     0.999962  -0.00876133    0.0259539
   0.0238929   0.00876343     0.999676     0.036956
           0            0            0            1
T_world_lidar: 
    0.999715 -1.71809e-05   -0.0238937     0.253084
-0.000192215     0.999962  -0.00876133    0.0259539
   0.0238929   0.00876343     0.999676     0.036956
           0            0            0            1
v_world_imu:   0.00125554 -0.000854975  0.000235339
frame_39
id: 39
stamp: 1718924312.399981022
T_odom_lidar: 
    0.999716 -3.25476e-06   -0.0238293      0.25326
-0.000207524     0.999961  -0.00884287    0.0259224
   0.0238284    0.0088453     0.999677    0.0369166
           0            0            0            1
T_world_lidar: 
    0.999716 -3.25476e-06   -0.0238293      0.25326
-0.000207524     0.999961  -0.00884287    0.0259224
   0.0238284    0.0088453     0.999677    0.0369166
           0            0            0            1
v_world_imu:  0.00220599   0.0004714 7.71308e-05
frame_40
id: 40
stamp: 1718924312.499984980
T_odom_lidar: 
    0.999718 -2.21007e-05   -0.0237651     0.253487
-0.000187767     0.999961  -0.00882865    0.0259764
   0.0237644   0.00883062     0.999679      0.03685
           0            0            0            1
T_world_lidar: 
    0.999718 -2.21007e-05   -0.0237651     0.253487
-0.000187767     0.999961  -0.00882865    0.0259764
   0.0237644   0.00883062     0.999679      0.03685
           0            0            0            1
v_world_imu:   0.00299308  0.000365973 -0.000231451
frame_41
id: 41
stamp: 1718924312.599984884
T_odom_lidar: 
     0.99972 -0.000165354   -0.0236603     0.253815
 -4.3283e-05     0.999961  -0.00881723    0.0260555
   0.0236609   0.00881579     0.999681    0.0367592
           0            0            0            1
T_world_lidar: 
     0.99972 -0.000165354   -0.0236603     0.253815
 -4.3283e-05     0.999961  -0.00881723    0.0260555
   0.0236609   0.00881579     0.999681    0.0367592
           0            0            0            1
v_world_imu:   0.00362215  0.000577981 -0.000590852
frame_42
id: 42
stamp: 1718924312.699980974
T_odom_lidar: 
     0.99972 -0.000255692   -0.0236477     0.254177
 4.80416e-05     0.999961  -0.00878113    0.0261202
   0.0236491   0.00877753     0.999682    0.0366297
           0            0            0            1
T_world_lidar: 
     0.99972 -0.000255692   -0.0236477     0.254177
 4.80416e-05     0.999961  -0.00878113    0.0261202
   0.0236491   0.00877753     0.999682    0.0366297
           0            0            0            1
v_world_imu:  0.00398465  0.00055944 -0.00109403
frame_43
id: 43
stamp: 1718924312.799980879
T_odom_lidar: 
    0.999717 -0.000259945   -0.0237861     0.254637
 4.51906e-05     0.999959  -0.00902868    0.0261888
   0.0237874   0.00902505     0.999676    0.0365924
           0            0            0            1
T_world_lidar: 
    0.999717 -0.000259945   -0.0237861     0.254637
 4.51906e-05     0.999959  -0.00902868    0.0261888
   0.0237874   0.00902505     0.999676    0.0365924
           0            0            0            1
v_world_imu:   0.00526479   0.00138516 -0.000164688
frame_44
id: 44
stamp: 1718924312.900023937
T_odom_lidar: 
    0.999714 -0.000344797   -0.0238967     0.255229
 0.000130371      0.99996  -0.00897402    0.0263345
   0.0238988   0.00896834     0.999674    0.0365319
           0            0            0            1
T_world_lidar: 
    0.999714 -0.000344797   -0.0238967     0.255229
 0.000130371      0.99996  -0.00897402    0.0263345
   0.0238988   0.00896834     0.999674    0.0365319
           0            0            0            1
v_world_imu:  0.00665138 0.000848956 -0.00111383
frame_45
id: 45
stamp: 1718924313.099992275
T_odom_lidar: 
    0.999714 -0.000748657   -0.0239124     0.259117
 0.000537087     0.999961  -0.00885291    0.0265205
    0.023918   0.00883753     0.999675    0.0360001
           0            0            0            1
T_world_lidar: 
    0.999714 -0.000748657   -0.0239124     0.259117
 0.000537087     0.999961  -0.00885291    0.0265205
    0.023918   0.00883753     0.999675    0.0360001
           0            0            0            1
v_world_imu:   0.0403004 0.000128875 -0.00248321
frame_46
id: 46
stamp: 1718924313.199992180
T_odom_lidar: 
    0.999716  0.000392025   -0.0238287     0.262355
-0.000604926      0.99996  -0.00892807    0.0261617
   0.0238243   0.00893995     0.999676    0.0358752
           0            0            0            1
T_world_lidar: 
    0.999716  0.000392025   -0.0238287     0.262355
-0.000604926      0.99996  -0.00892807    0.0261617
   0.0238243   0.00893995     0.999676    0.0358752
           0            0            0            1
v_world_imu:   0.0162295 -0.00201532  0.00119062
frame_47
id: 47
stamp: 1718924313.299998283
T_odom_lidar: 
    0.999714  3.13777e-05    -0.023922     0.262022
-0.000247418     0.999959  -0.00902811    0.0260213
   0.0239207   0.00903145     0.999673    0.0361113
           0            0            0            1
T_world_lidar: 
    0.999714  3.13777e-05    -0.023922     0.262022
-0.000247418     0.999959  -0.00902811    0.0260213
   0.0239207   0.00903145     0.999673    0.0361113
           0            0            0            1
v_world_imu:  -0.0197333 -0.00218203  0.00253255
frame_48
id: 48
stamp: 1718924313.399987221
T_odom_lidar: 
   0.999717 0.000900872  -0.0237559    0.260375
 -0.0011081    0.999961  -0.0087115   0.0256981
  0.0237471  0.00873536     0.99968   0.0362888
          0           0           0           1
T_world_lidar: 
   0.999717 0.000900872  -0.0237559    0.260375
 -0.0011081    0.999961  -0.0087115   0.0256981
  0.0237471  0.00873536     0.99968   0.0362888
          0           0           0           1
v_world_imu: -0.00957771  0.00138669  0.00263574
frame_49
id: 49
stamp: 1718924313.499996185
T_odom_lidar: 
    0.999717   0.00061937   -0.0237737     0.259825
-0.000828496     0.999961  -0.00878772    0.0257397
   0.0237673   0.00880493     0.999679     0.036495
           0            0            0            1
T_world_lidar: 
    0.999717   0.00061937   -0.0237737     0.259825
-0.000828496     0.999961  -0.00878772    0.0257397
   0.0237673   0.00880493     0.999679     0.036495
           0            0            0            1
v_world_imu: -0.00580624 -0.00362115  0.00199079
frame_50
id: 50
stamp: 1718924313.599999189
T_odom_lidar: 
    0.999717  0.000264753    -0.023796     0.259293
-0.000476691      0.99996  -0.00890123     0.025702
   0.0237927   0.00891006     0.999677    0.0366693
           0            0            0            1
T_world_lidar: 
    0.999717  0.000264753    -0.023796     0.259293
-0.000476691      0.99996  -0.00890123     0.025702
   0.0237927   0.00891006     0.999677    0.0366693
           0            0            0            1
v_world_imu: -0.00218153 0.000761591  0.00174769
frame_51
id: 51
stamp: 1718924313.699904203
T_odom_lidar: 
    0.999717  0.000639981   -0.0237626     0.259656
-0.000846363     0.999962  -0.00867609    0.0255812
   0.0237562   0.00869375      0.99968    0.0368159
           0            0            0            1
T_world_lidar: 
    0.999717  0.000639981   -0.0237626     0.259656
-0.000846363     0.999962  -0.00867609    0.0255812
   0.0237562   0.00869375      0.99968    0.0368159
           0            0            0            1
v_world_imu:  0.00767943 -0.00122276  0.00169169
frame_52
id: 52
stamp: 1718924313.800001144
T_odom_lidar: 
    0.999714  0.000772607   -0.0238843     0.260262
-0.000981254     0.999961  -0.00872527    0.0252789
   0.0238767   0.00874622     0.999677     0.037015
           0            0            0            1
T_world_lidar: 
    0.999714  0.000772607   -0.0238843     0.260262
-0.000981254     0.999961  -0.00872527    0.0252789
   0.0238767   0.00874622     0.999677     0.037015
           0            0            0            1
v_world_imu:  0.00298592 -0.00338896  0.00173188
frame_53
id: 53
stamp: 1718924313.900011301
T_odom_lidar: 
    0.999711  0.000538829   -0.0240514      0.26011
-0.000750744     0.999961  -0.00880275    0.0251347
   0.0240457   0.00881826     0.999672    0.0372039
           0            0            0            1
T_world_lidar: 
    0.999711  0.000538829   -0.0240514      0.26011
-0.000750744     0.999961  -0.00880275    0.0251347
   0.0240457   0.00881826     0.999672    0.0372039
           0            0            0            1
v_world_imu: -0.00452994 -0.00122166  0.00200671
frame_54
id: 54
stamp: 1718924314.100000143
T_odom_lidar: 
    0.999705  0.000495504   -0.0243016     0.260016
-0.000704886     0.999963  -0.00860818     0.024891
   0.0242964   0.00862276     0.999668    0.0374013
           0            0            0            1
T_world_lidar: 
    0.999705  0.000495504   -0.0243016     0.260016
-0.000704886     0.999963  -0.00860818     0.024891
   0.0242964   0.00862276     0.999668    0.0374013
           0            0            0            1
v_world_imu: -0.000466126 -0.000429563  0.000501966
frame_55
id: 55
stamp: 1718924314.199998140
T_odom_lidar: 
    0.999702  0.000355742   -0.0244016     0.260066
-0.000564826     0.999963   -0.0085621    0.0248545
   0.0243976   0.00857333     0.999666      0.03743
           0            0            0            1
T_world_lidar: 
    0.999702  0.000355742   -0.0244016     0.260066
-0.000564826     0.999963   -0.0085621    0.0248545
   0.0243976   0.00857333     0.999666      0.03743
           0            0            0            1
v_world_imu:   0.00149556  -0.00147128 -0.000251118
frame_56
id: 56
stamp: 1718924314.299994230
T_odom_lidar: 
      0.9997  0.000220288   -0.0244945      0.26019
-0.000429352     0.999964  -0.00853024    0.0247324
   0.0244917   0.00853819     0.999664    0.0374047
           0            0            0            1
T_world_lidar: 
      0.9997  0.000220288   -0.0244945      0.26019
-0.000429352     0.999964  -0.00853024    0.0247324
   0.0244917   0.00853819     0.999664    0.0374047
           0            0            0            1
v_world_imu: 0.000861149 -0.00131604 5.23521e-05
frame_57
id: 57
stamp: 1718924314.399995089
T_odom_lidar: 
      0.9997   0.00021679   -0.0244999     0.260365
-0.000422759     0.999965  -0.00840209    0.0246372
   0.0244972   0.00840992     0.999665    0.0373373
           0            0            0            1
T_world_lidar: 
      0.9997   0.00021679   -0.0244999     0.260365
-0.000422759     0.999965  -0.00840209    0.0246372
   0.0244972   0.00840992     0.999665    0.0373373
           0            0            0            1
v_world_imu:  0.00251769 -0.00111782 -0.00071096
frame_58
id: 58
stamp: 1718924314.499998093
T_odom_lidar: 
    0.999711  0.000241837   -0.0240562     0.260036
-0.000442667     0.999965  -0.00834336    0.0244207
   0.0240533   0.00835159     0.999676    0.0363366
           0            0            0            1
T_world_lidar: 
    0.999711  0.000241837   -0.0240562     0.260036
-0.000442667     0.999965  -0.00834336    0.0244207
   0.0240533   0.00835159     0.999676    0.0363366
           0            0            0            1
v_world_imu:   0.00367493  -0.00105983 -0.000198329
frame_59
id: 59
stamp: 1718924314.599995136
T_odom_lidar: 
     0.99971  0.000350646    -0.024085     0.260435
-0.000551425     0.999965  -0.00833012    0.0243459
   0.0240813   0.00834098     0.999675      0.03626
           0            0            0            1
T_world_lidar: 
     0.99971  0.000350646    -0.024085     0.260435
-0.000551425     0.999965  -0.00833012    0.0243459
   0.0240813   0.00834098     0.999675      0.03626
           0            0            0            1
v_world_imu:   0.00433099 -0.000249495 -0.000448904
frame_60
id: 60
stamp: 1718924314.699899197
T_odom_lidar: 
    0.999705  0.000477837    -0.024271     0.260819
-0.000681602     0.999965  -0.00838786    0.0243155
   0.0242661   0.00840193      0.99967    0.0361907
           0            0            0            1
T_world_lidar: 
    0.999705  0.000477837    -0.024271     0.260819
-0.000681602     0.999965  -0.00838786    0.0243155
   0.0242661   0.00840193      0.99967    0.0361907
           0            0            0            1
v_world_imu:  0.00360788 0.000399613 -0.00108832
frame_61
id: 61
stamp: 1718924314.799995184
T_odom_lidar: 
    0.999703  0.000488286   -0.0243723     0.260772
-0.000691553     0.999965  -0.00833234    0.0242932
   0.0243673   0.00834671     0.999668    0.0340984
           0            0            0            1
T_world_lidar: 
    0.999703  0.000488286   -0.0243723     0.260772
-0.000691553     0.999965  -0.00833234    0.0242932
   0.0243673   0.00834671     0.999668    0.0340984
           0            0            0            1
v_world_imu:  0.00457616  0.00058297 -0.00232324
frame_62
id: 62
stamp: 1718924314.900014162
T_odom_lidar: 
    0.999699  0.000616606   -0.0245263     0.261324
-0.000817766     0.999966  -0.00819262    0.0243342
   0.0245204   0.00821021     0.999666    0.0337843
           0            0            0            1
T_world_lidar: 
    0.999699  0.000616606   -0.0245263     0.261324
-0.000817766     0.999966  -0.00819262    0.0243342
   0.0245204   0.00821021     0.999666    0.0337843
           0            0            0            1
v_world_imu:  0.00545082  0.00124452 -0.00326018
frame_63
id: 63
stamp: 1718924315.099992990
T_odom_lidar: 
   0.999696  0.00067284  -0.0246304    0.263122
-0.00087242    0.999967 -0.00809316   0.0247259
  0.0246241  0.00811219    0.999664   0.0330509
          0           0           0           1
T_world_lidar: 
   0.999696  0.00067284  -0.0246304    0.263122
-0.00087242    0.999967 -0.00809316   0.0247259
  0.0246241  0.00811219    0.999664   0.0330509
          0           0           0           1
v_world_imu:   0.0174863   0.0019538 -0.00294506
frame_64
id: 64
stamp: 1718924315.199988127
T_odom_lidar: 
    0.999697  0.000681303   -0.0246236     0.265118
-0.000876705     0.999968   -0.0079256    0.0250067
   0.0246174   0.00794478     0.999665    0.0326876
           0            0            0            1
T_world_lidar: 
    0.999697  0.000681303   -0.0246236     0.265118
-0.000876705     0.999968   -0.0079256    0.0250067
   0.0246174   0.00794478     0.999665    0.0326876
           0            0            0            1
v_world_imu:  0.0228716 0.00408954 -0.0034595
frame_65
id: 65
stamp: 1718924315.299983978
T_odom_lidar: 
    0.99969 0.000928729  -0.0248794    0.268639
-0.00112135    0.999969 -0.00772945   0.0253934
  0.0248715  0.00775495    0.999661     0.03242
          0           0           0           1
T_world_lidar: 
    0.99969 0.000928729  -0.0248794    0.268639
-0.00112135    0.999969 -0.00772945   0.0253934
  0.0248715  0.00775495    0.999661     0.03242
          0           0           0           1
v_world_imu:   0.0612793  0.00495789 -0.00208441
frame_66
id: 66
stamp: 1718924315.399984121
T_odom_lidar: 
    0.999687  0.000415556   -0.0250326     0.278361
-0.000605063     0.999971  -0.00756334    0.0262076
   0.0250287   0.00757611     0.999658    0.0324924
           0            0            0            1
T_world_lidar: 
    0.999687  0.000415556   -0.0250326     0.278361
-0.000605063     0.999971  -0.00756334    0.0262076
   0.0250287   0.00757611     0.999658    0.0324924
           0            0            0            1
v_world_imu:   0.131547  0.0065427 0.00182386
frame_67
id: 67
stamp: 1718924315.499979973
T_odom_lidar: 
   0.999682   0.0011576  -0.0252084    0.293763
-0.00133492    0.999974 -0.00701865   0.0266406
  0.0251996  0.00705007    0.999658   0.0326254
          0           0           0           1
T_world_lidar: 
   0.999682   0.0011576  -0.0252084    0.293763
-0.00133492    0.999974 -0.00701865   0.0266406
  0.0251996  0.00705007    0.999658   0.0326254
          0           0           0           1
v_world_imu:    0.170268  0.00977326 0.000938658
frame_68
id: 68
stamp: 1718924315.599982023
T_odom_lidar: 
    0.999684  0.000682972   -0.0251467     0.311916
-0.000842079      0.99998  -0.00631708    0.0275443
   0.0251419   0.00633625     0.999664    0.0327806
           0            0            0            1
T_world_lidar: 
    0.999684  0.000682972   -0.0251467     0.311916
-0.000842079      0.99998  -0.00631708    0.0275443
   0.0251419   0.00633625     0.999664    0.0327806
           0            0            0            1
v_world_imu:    0.192351  0.00356448 0.000961084
frame_69
id: 69
stamp: 1718924315.699909925
T_odom_lidar: 
   0.999678 0.000987049  -0.0253657    0.332341
 -0.0011469     0.99998 -0.00628827   0.0275148
   0.025359  0.00631533    0.999658   0.0329491
          0           0           0           1
T_world_lidar: 
   0.999678 0.000987049  -0.0253657    0.332341
 -0.0011469     0.99998 -0.00628827   0.0275148
   0.025359  0.00631533    0.999658   0.0329491
          0           0           0           1
v_world_imu:    0.215288  0.00167823 0.000735113
frame_70
id: 70
stamp: 1718924315.799978018
T_odom_lidar: 
    0.999684  5.17472e-05   -0.0251511     0.354328
-0.000211433      0.99998  -0.00634643    0.0279355
   0.0251503   0.00634974     0.999664    0.0331479
           0            0            0            1
T_world_lidar: 
    0.999684  5.17472e-05   -0.0251511     0.354328
-0.000211433      0.99998  -0.00634643    0.0279355
   0.0251503   0.00634974     0.999664    0.0331479
           0            0            0            1
v_world_imu:     0.221657 -0.000475428   0.00343379
frame_71
id: 71
stamp: 1718924315.900018930
T_odom_lidar: 
    0.999676 -2.17676e-05   -0.0254634     0.376398
-0.000126318     0.999983  -0.00581401    0.0279644
   0.0254631   0.00581534     0.999659    0.0336459
           0            0            0            1
T_world_lidar: 
    0.999676 -2.17676e-05   -0.0254634     0.376398
-0.000126318     0.999983  -0.00581401    0.0279644
   0.0254631   0.00581534     0.999659    0.0336459
           0            0            0            1
v_world_imu:   0.216717  0.0053623 0.00434593
frame_72
id: 72
stamp: 1718924316.099987030
T_odom_lidar: 
    0.999677  0.000423026   -0.0253965     0.418825
-0.000551801     0.999987  -0.00506379    0.0271231
    0.025394   0.00507617     0.999665    0.0347921
           0            0            0            1
T_world_lidar: 
    0.999677  0.000423026   -0.0253965     0.418825
-0.000551801     0.999987  -0.00506379    0.0271231
    0.025394   0.00507617     0.999665    0.0347921
           0            0            0            1
v_world_imu:    0.20982 -0.0061356 0.00712646
frame_73
id: 73
stamp: 1718924316.199985027
T_odom_lidar: 
   0.999681  0.00125236  -0.0252327    0.439741
-0.00137017    0.999988 -0.00465213    0.026189
  0.0252266  0.00468521    0.999671   0.0353907
          0           0           0           1
T_world_lidar: 
   0.999681  0.00125236  -0.0252327    0.439741
-0.00137017    0.999988 -0.00465213    0.026189
  0.0252266  0.00468521    0.999671   0.0353907
          0           0           0           1
v_world_imu:    0.207308 -0.00736755  0.00788998
frame_74
id: 74
stamp: 1718924316.299983978
T_odom_lidar: 
   0.999677  0.00103228  -0.0254053    0.460257
-0.00114317     0.99999 -0.00435042   0.0256902
  0.0254006  0.00437806    0.999668   0.0361965
          0           0           0           1
T_world_lidar: 
   0.999677  0.00103228  -0.0254053    0.460257
-0.00114317     0.99999 -0.00435042   0.0256902
  0.0254006  0.00437806    0.999668   0.0361965
          0           0           0           1
v_world_imu:    0.204943 -0.00548666  0.00735834
frame_75
id: 75
stamp: 1718924316.399984837
T_odom_lidar: 
   0.999674  0.00136466  -0.0255105    0.480713
-0.00145631    0.999993 -0.00357454   0.0253916
  0.0255055  0.00361052    0.999668   0.0372608
          0           0           0           1
T_world_lidar: 
   0.999674  0.00136466  -0.0255105    0.480713
-0.00145631    0.999993 -0.00357454   0.0253916
  0.0255055  0.00361052    0.999668   0.0372608
          0           0           0           1
v_world_imu:   0.200707 0.00292076  0.0140254
frame_76
id: 76
stamp: 1718924316.499989986
T_odom_lidar: 
   0.999666  0.00129037  -0.0258068    0.500476
-0.00136582    0.999995 -0.00290601   0.0259543
  0.0258029  0.00294028    0.999663   0.0386792
          0           0           0           1
T_world_lidar: 
   0.999666  0.00129037  -0.0258068    0.500476
-0.00136582    0.999995 -0.00290601   0.0259543
  0.0258029  0.00294028    0.999663   0.0386792
          0           0           0           1
v_world_imu:   0.195743 0.00235469    0.01361
frame_77
id: 77
stamp: 1718924316.599992037
T_odom_lidar: 
   0.999667   0.0019111   -0.025747     0.52057
 -0.0020005    0.999992 -0.00344692   0.0256685
  0.0257402  0.00349728    0.999663   0.0400375
          0           0           0           1
T_world_lidar: 
   0.999667   0.0019111   -0.025747     0.52057
 -0.0020005    0.999992 -0.00344692   0.0256685
  0.0257402  0.00349728    0.999663   0.0400375
          0           0           0           1
v_world_imu:     0.205634 -2.60647e-05    0.0149597
frame_78
id: 78
stamp: 1718924316.699987888
T_odom_lidar: 
   0.999656  0.00140239  -0.0261969    0.541615
-0.00149148    0.999993 -0.00338129   0.0263897
   0.026192   0.0034192    0.999651   0.0415365
          0           0           0           1
T_world_lidar: 
   0.999656  0.00140239  -0.0261969    0.541615
-0.00149148    0.999993 -0.00338129   0.0263897
   0.026192   0.0034192    0.999651   0.0415365
          0           0           0           1
v_world_imu:  0.213892 0.0102594 0.0142163
frame_79
id: 79
stamp: 1718924316.799993992
T_odom_lidar: 
    0.999646  0.000290009    -0.026618     0.563413
-0.000376736     0.999995  -0.00325325    0.0271506
   0.0266169   0.00326213      0.99964    0.0427574
           0            0            0            1
T_world_lidar: 
    0.999646  0.000290009    -0.026618     0.563413
-0.000376736     0.999995  -0.00325325    0.0271506
   0.0266169   0.00326213      0.99964    0.0427574
           0            0            0            1
v_world_imu:    0.223754 -0.00403613  0.00871897
frame_80
id: 80
stamp: 1718924316.900007010
T_odom_lidar: 
    0.999636 -0.000398914   -0.0269694     0.585914
 0.000303347     0.999994  -0.00354756    0.0262602
   0.0269706   0.00353809      0.99963    0.0438587
           0            0            0            1
T_world_lidar: 
    0.999636 -0.000398914   -0.0269694     0.585914
 0.000303347     0.999994  -0.00354756    0.0262602
   0.0269706   0.00353809      0.99963    0.0438587
           0            0            0            1
v_world_imu:    0.222834 -0.00989803   0.0107247
frame_81
id: 81
stamp: 1718924317.099992275
T_odom_lidar: 
    0.999629 -0.000269163   -0.0272291     0.630943
 0.000174174     0.999994  -0.00349084    0.0251158
   0.0272299    0.0034848     0.999623    0.0449787
           0            0            0            1
T_world_lidar: 
    0.999629 -0.000269163   -0.0272291     0.630943
 0.000174174     0.999994  -0.00349084    0.0251158
   0.0272299    0.0034848     0.999623    0.0449787
           0            0            0            1
v_world_imu:    0.222568 -0.00484839  0.00820742
frame_82
id: 82
stamp: 1718924317.199991226
T_odom_lidar: 
    0.999637 -0.000466635   -0.0269551     0.653425
 0.000377914     0.999994  -0.00329642    0.0246972
   0.0269565   0.00328504     0.999631    0.0450367
           0            0            0            1
T_world_lidar: 
    0.999637 -0.000466635   -0.0269551     0.653425
 0.000377914     0.999994  -0.00329642    0.0246972
   0.0269565   0.00328504     0.999631    0.0450367
           0            0            0            1
v_world_imu:    0.227299 -0.00597922 -0.00592377
frame_83
id: 83
stamp: 1718924317.299991131
T_odom_lidar: 
    0.999645 -0.000574631   -0.0266527     0.676065
 0.000489272     0.999995  -0.00320903    0.0245343
   0.0266544   0.00319485      0.99964    0.0442099
           0            0            0            1
T_world_lidar: 
    0.999645 -0.000574631   -0.0266527     0.676065
 0.000489272     0.999995  -0.00320903    0.0245343
   0.0266544   0.00319485      0.99964    0.0442099
           0            0            0            1
v_world_imu:    0.228461  0.00257622 -0.00737907
frame_84
id: 84
stamp: 1718924317.399995327
T_odom_lidar: 
    0.999646 -0.000338551    -0.026589     0.699271
 0.000260689     0.999996  -0.00293177    0.0245084
   0.0265898   0.00292381     0.999642    0.0433083
           0            0            0            1
T_world_lidar: 
    0.999646 -0.000338551    -0.026589     0.699271
 0.000260689     0.999996  -0.00293177    0.0245084
   0.0265898   0.00292381     0.999642    0.0433083
           0            0            0            1
v_world_imu:    0.233874  -0.0019809 -0.00756319
frame_85
id: 85
stamp: 1718924317.499980211
T_odom_lidar: 
   0.999662 -0.00121471  -0.0259586    0.721676
 0.00113817    0.999995 -0.00296293   0.0242872
   0.025962  0.00293238    0.999659   0.0423435
          0           0           0           1
T_world_lidar: 
   0.999662 -0.00121471  -0.0259586    0.721676
 0.00113817    0.999995 -0.00296293   0.0242872
   0.025962  0.00293238    0.999659   0.0423435
          0           0           0           1
v_world_imu:    0.228381  0.00396564 -0.00787595
frame_86
id: 86
stamp: 1718924317.599990129
T_odom_lidar: 
   0.999667   -0.000789  -0.0258061    0.744853
0.000717835    0.999996 -0.00276682   0.0248859
  0.0258082  0.00274737    0.999663   0.0416641
          0           0           0           1
T_world_lidar: 
   0.999667   -0.000789  -0.0258061    0.744853
0.000717835    0.999996 -0.00276682   0.0248859
  0.0258082  0.00274737    0.999663   0.0416641
          0           0           0           1
v_world_imu:    0.232911  0.00678347 -0.00363871
frame_87
id: 87
stamp: 1718924317.699901342
T_odom_lidar: 
   0.999669 -0.00173732  -0.0256738    0.767967
 0.00165487    0.999993 -0.00323262   0.0249539
  0.0256793  0.00318906    0.999665   0.0410199
          0           0           0           1
T_world_lidar: 
   0.999669 -0.00173732  -0.0256738    0.767967
 0.00165487    0.999993 -0.00323262   0.0249539
  0.0256793  0.00318906    0.999665   0.0410199
          0           0           0           1
v_world_imu:    0.229886  -0.0058126 -0.00461062
frame_88
id: 88
stamp: 1718924317.799991131
T_odom_lidar: 
   0.999678 -0.00174133  -0.0253142    0.790087
 0.00164799    0.999992  -0.0037078    0.025034
  0.0253204  0.00366489    0.999673   0.0402462
          0           0           0           1
T_world_lidar: 
   0.999678 -0.00174133  -0.0253142    0.790087
 0.00164799    0.999992  -0.0037078    0.025034
  0.0253204  0.00366489    0.999673   0.0402462
          0           0           0           1
v_world_imu:    0.211541  0.00344319 -0.00804049
frame_89
id: 89
stamp: 1718924317.900009155
T_odom_lidar: 
   0.999679 -0.00141696  -0.0252786    0.810792
 0.00131063     0.99999 -0.00422247   0.0245323
  0.0252843  0.00418798    0.999672   0.0394618
          0           0           0           1
T_world_lidar: 
   0.999679 -0.00141696  -0.0252786    0.810792
 0.00131063     0.99999 -0.00422247   0.0245323
  0.0252843  0.00418798    0.999672   0.0394618
          0           0           0           1
v_world_imu:    0.201866 -0.00340097 -0.00692394
frame_90
id: 90
stamp: 1718924318.099990129
T_odom_lidar: 
    0.99967 -0.00261536  -0.0255644    0.850691
 0.00248111    0.999983 -0.00528169   0.0238749
  0.0255778  0.00521652    0.999659   0.0381562
          0           0           0           1
T_world_lidar: 
    0.99967 -0.00261536  -0.0255644    0.850691
 0.00248111    0.999983 -0.00528169   0.0238749
  0.0255778  0.00521652    0.999659   0.0381562
          0           0           0           1
v_world_imu:    0.198855 -0.00264223 -0.00307474
frame_91
id: 91
stamp: 1718924318.199992180
T_odom_lidar: 
   0.999686 -0.00342289  -0.0248253    0.870204
 0.00326023    0.999973 -0.00658986   0.0233502
  0.0248472  0.00650685     0.99967   0.0371979
          0           0           0           1
T_world_lidar: 
   0.999686 -0.00342289  -0.0248253    0.870204
 0.00326023    0.999973 -0.00658986   0.0233502
  0.0248472  0.00650685     0.99967   0.0371979
          0           0           0           1
v_world_imu:    0.19267 -0.0172981 -0.0126137
frame_92
id: 92
stamp: 1718924318.299984217
T_odom_lidar: 
    0.99969 -0.00429512  -0.0245056     0.88963
 0.00410236     0.99996 -0.00791101   0.0212351
  0.0245386  0.00780803    0.999668   0.0358196
          0           0           0           1
T_world_lidar: 
    0.99969 -0.00429512  -0.0245056     0.88963
 0.00410236     0.99996 -0.00791101   0.0212351
  0.0245386  0.00780803    0.999668   0.0358196
          0           0           0           1
v_world_imu:   0.194465 -0.0152325 -0.0121268
frame_93
id: 93
stamp: 1718924318.399982214
T_odom_lidar: 
   0.999687 -0.00437381  -0.0246269    0.909181
 0.00418246    0.999961 -0.00781628   0.0201728
  0.0246601  0.00771083    0.999666   0.0345917
          0           0           0           1
T_world_lidar: 
   0.999687 -0.00437381  -0.0246269    0.909181
 0.00418246    0.999961 -0.00781628   0.0201728
  0.0246601  0.00771083    0.999666   0.0345917
          0           0           0           1
v_world_imu:   0.197102 -0.0127798  -0.013157
frame_94
id: 94
stamp: 1718924318.499986172
T_odom_lidar: 
   0.999686 -0.00458023  -0.0246297    0.929131
 0.00436863    0.999953 -0.00863847   0.0179073
  0.0246681  0.00852816    0.999659   0.0333695
          0           0           0           1
T_world_lidar: 
   0.999686 -0.00458023  -0.0246297    0.929131
 0.00436863    0.999953 -0.00863847   0.0179073
  0.0246681  0.00852816    0.999659   0.0333695
          0           0           0           1
v_world_imu:   0.200237 -0.0291689 -0.0130027
frame_95
id: 95
stamp: 1718924318.599983215
T_odom_lidar: 
   0.999675  -0.0045494  -0.0250958     0.94899
 0.00432658    0.999951 -0.00892569   0.0156438
  0.0251352   0.0088142    0.999645   0.0321821
          0           0           0           1
T_world_lidar: 
   0.999675  -0.0045494  -0.0250958     0.94899
 0.00432658    0.999951 -0.00892569   0.0156438
  0.0251352   0.0088142    0.999645   0.0321821
          0           0           0           1
v_world_imu:     0.19767  -0.0130516 -0.00920246
frame_96
id: 96
stamp: 1718924318.699899197
T_odom_lidar: 
   0.999667 -0.00405941  -0.0254812    0.968521
 0.00383501    0.999953 -0.00884949   0.0143941
   0.025516  0.00874882    0.999636   0.0314518
          0           0           0           1
T_world_lidar: 
   0.999667 -0.00405941  -0.0254812    0.968521
 0.00383501    0.999953 -0.00884949   0.0143941
   0.025516  0.00874882    0.999636   0.0314518
          0           0           0           1
v_world_imu:   0.193107 -0.0192159 -0.0099225
frame_97
id: 97
stamp: 1718924318.799984217
T_odom_lidar: 
   0.999662 -0.00389611  -0.0257011    0.987547
  0.0036544    0.999949 -0.00944479   0.0129054
  0.0257366  0.00934768    0.999625   0.0304533
          0           0           0           1
T_world_lidar: 
   0.999662 -0.00389611  -0.0257011    0.987547
  0.0036544    0.999949 -0.00944479   0.0129054
  0.0257366  0.00934768    0.999625   0.0304533
          0           0           0           1
v_world_imu:    0.186622  0.00174241 -0.00991211
frame_98
id: 98
stamp: 1718924318.900006056
T_odom_lidar: 
   0.999647 -0.00436574  -0.0261937     1.00573
  0.0041136    0.999945 -0.00967225   0.0141671
  0.0262345  0.00956109     0.99961   0.0295939
          0           0           0           1
T_world_lidar: 
   0.999647 -0.00436574  -0.0261937     1.00573
  0.0041136    0.999945 -0.00967225   0.0141671
  0.0262345  0.00956109     0.99961   0.0295939
          0           0           0           1
v_world_imu:   0.181926  0.0101238 -0.0110659
frame_99
id: 99
stamp: 1718924319.099985123
T_odom_lidar: 
   0.999644 -0.00460182  -0.0262942     1.04139
 0.00432848    0.999936  -0.0104432   0.0154806
  0.0263405   0.0103256      0.9996   0.0271625
          0           0           0           1
T_world_lidar: 
   0.999644 -0.00460182  -0.0262942     1.04139
 0.00432848    0.999936  -0.0104432   0.0154806
  0.0263405   0.0103256      0.9996   0.0271625
          0           0           0           1
v_world_imu:   0.176195  0.0148907 -0.0113758
frame_100
id: 100
stamp: 1718924319.199986935
T_odom_lidar: 
   0.999632 -0.00461127  -0.0267163     1.05954
 0.00433658    0.999937  -0.0103306   0.0164846
  0.0267623   0.0102109     0.99959   0.0264584
          0           0           0           1
T_world_lidar: 
   0.999632 -0.00461127  -0.0267163     1.05954
 0.00433658    0.999937  -0.0103306   0.0164846
  0.0267623   0.0102109     0.99959   0.0264584
          0           0           0           1
v_world_imu:    0.187836  0.00380722 -0.00358204
frame_101
id: 101
stamp: 1718924319.299988985
T_odom_lidar: 
   0.999612 -0.00535833  -0.0273342     1.07808
 0.00506891     0.99993  -0.0106465   0.0172701
  0.0273894   0.0105038     0.99957   0.0262709
          0           0           0           1
T_world_lidar: 
   0.999612 -0.00535833  -0.0273342     1.07808
 0.00506891     0.99993  -0.0106465   0.0172701
  0.0273894   0.0105038     0.99957   0.0262709
          0           0           0           1
v_world_imu:    0.184887     0.01251 -0.00278963
frame_102
id: 102
stamp: 1718924319.399987936
T_odom_lidar: 
   0.999592 -0.00506954  -0.0281051     1.09657
 0.00478342    0.999936  -0.0102381   0.0179701
  0.0281552   0.0100995    0.999553   0.0262479
          0           0           0           1
T_world_lidar: 
   0.999592 -0.00506954  -0.0281051     1.09657
 0.00478342    0.999936  -0.0102381   0.0179701
  0.0281552   0.0100995    0.999553   0.0262479
          0           0           0           1
v_world_imu:    0.186734 0.000877356 -0.00145047
frame_103
id: 103
stamp: 1718924319.499987125
T_odom_lidar: 
   0.999572 -0.00603198  -0.0286241     1.11522
 0.00572638    0.999926  -0.0107462   0.0179861
  0.0286868   0.0105777    0.999532   0.0261783
          0           0           0           1
T_world_lidar: 
   0.999572 -0.00603198  -0.0286241     1.11522
 0.00572638    0.999926  -0.0107462   0.0179861
  0.0286868   0.0105777    0.999532   0.0261783
          0           0           0           1
v_world_imu:    0.189625 -0.00230008 -0.00158496
frame_104
id: 104
stamp: 1718924319.599990129
T_odom_lidar: 
   0.999536 -0.00566018  -0.0299225     1.13805
 0.00532558    0.999923    -0.01125    0.018684
  0.0299838   0.0110854    0.999489   0.0226048
          0           0           0           1
T_world_lidar: 
   0.999536 -0.00566018  -0.0299225     1.13805
 0.00532558    0.999923    -0.01125    0.018684
  0.0299838   0.0110854    0.999489   0.0226048
          0           0           0           1
v_world_imu:    0.198863 -0.00473777  0.00221106
frame_105
id: 105
stamp: 1718924319.699896097
T_odom_lidar: 
   0.999528 -0.00504381  -0.0303186     1.15742
 0.00469611    0.999923  -0.0115284   0.0177096
  0.0303744   0.0113806    0.999474   0.0228718
          0           0           0           1
T_world_lidar: 
   0.999528 -0.00504381  -0.0303186     1.15742
 0.00469611    0.999923  -0.0115284   0.0177096
  0.0303744   0.0113806    0.999474   0.0228718
          0           0           0           1
v_world_imu:   0.192087 -0.0109337 0.00217781
frame_106
id: 106
stamp: 1718924319.799987078
T_odom_lidar: 
   0.999515 -0.00526772  -0.0306804     1.17651
 0.00491876    0.999922  -0.0114385   0.0169904
  0.0307382    0.011282    0.999464   0.0232104
          0           0           0           1
T_world_lidar: 
   0.999515 -0.00526772  -0.0306804     1.17651
 0.00491876    0.999922  -0.0114385   0.0169904
  0.0307382    0.011282    0.999464   0.0232104
          0           0           0           1
v_world_imu:    0.188341 -0.00327193  0.00373246
frame_107
id: 107
stamp: 1718924319.900000095
T_odom_lidar: 
   0.999492 -0.00547945  -0.0313967     1.19531
 0.00512494    0.999922  -0.0113609   0.0166567
  0.0314565   0.0111943    0.999442   0.0237731
          0           0           0           1
T_world_lidar: 
   0.999492 -0.00547945  -0.0313967     1.19531
 0.00512494    0.999922  -0.0113609   0.0166567
  0.0314565   0.0111943    0.999442   0.0237731
          0           0           0           1
v_world_imu:   0.188851 -0.0091147 0.00334358
frame_108
id: 108
stamp: 1718924320.099987984
T_odom_lidar: 
   0.999495 -0.00485822  -0.0314045     1.22952
 0.00450766    0.999927   -0.011224   0.0147306
  0.0314567   0.0110767    0.999444   0.0238193
          0           0           0           1
T_world_lidar: 
   0.999495 -0.00485822  -0.0314045     1.22952
 0.00450766    0.999927   -0.011224   0.0147306
  0.0314567   0.0110767    0.999444   0.0238193
          0           0           0           1
v_world_imu:    0.155325 -0.00203095  0.00156591
frame_109
id: 109
stamp: 1718924320.199991941
T_odom_lidar: 
   0.999478 -0.00616873  -0.0317025     1.24299
 0.00585499    0.999933 -0.00997964   0.0145598
  0.0317619  0.00978882    0.999448    0.024105
          0           0           0           1
T_world_lidar: 
   0.999478 -0.00616873  -0.0317025     1.24299
 0.00585499    0.999933 -0.00997964   0.0145598
  0.0317619  0.00978882    0.999448    0.024105
          0           0           0           1
v_world_imu:    0.102521 -0.00168965   0.0123947
frame_110
id: 110
stamp: 1718924320.299990892
T_odom_lidar: 
   0.999403 -0.00660295  -0.0339109     1.24841
 0.00629997    0.999939 -0.00903352   0.0146002
  0.0339685  0.00881449    0.999384   0.0258663
          0           0           0           1
T_world_lidar: 
   0.999403 -0.00660295  -0.0339109     1.24841
 0.00629997    0.999939 -0.00903352   0.0146002
  0.0339685  0.00881449    0.999384   0.0258663
          0           0           0           1
v_world_imu: -0.000955712  -0.00788211   0.00470408
frame_111
id: 111
stamp: 1718924320.399989843
T_odom_lidar: 
   0.999402  -0.0039699  -0.0343356      1.2463
 0.00367612    0.999956 -0.00861515    0.013542
  0.0343683  0.00848378    0.999373   0.0267046
          0           0           0           1
T_world_lidar: 
   0.999402  -0.0039699  -0.0343356      1.2463
 0.00367612    0.999956 -0.00861515    0.013542
  0.0343683  0.00848378    0.999373   0.0267046
          0           0           0           1
v_world_imu: -0.0283669 0.00312999  0.0109456
frame_112
id: 112
stamp: 1718924320.499992847
T_odom_lidar: 
     0.9994 -0.00191224  -0.0345711     1.24282
  0.0016286    0.999965 -0.00823084   0.0142279
  0.0345857   0.0081696    0.999368   0.0279381
          0           0           0           1
T_world_lidar: 
     0.9994 -0.00191224  -0.0345711     1.24282
  0.0016286    0.999965 -0.00823084   0.0142279
  0.0345857   0.0081696    0.999368   0.0279381
          0           0           0           1
v_world_imu: -0.0433215  0.0207974  0.0141983
frame_113
id: 113
stamp: 1718924320.599983931
T_odom_lidar: 
     0.99942 -0.000715603    -0.034045       1.2386
 0.000437907     0.999967   -0.0081635    0.0153113
   0.0340497   0.00814386     0.999387    0.0294098
           0            0            0            1
T_world_lidar: 
     0.99942 -0.000715603    -0.034045       1.2386
 0.000437907     0.999967   -0.0081635    0.0153113
   0.0340497   0.00814386     0.999387    0.0294098
           0            0            0            1
v_world_imu: -0.0408431  0.0125081  0.0178646
frame_114
id: 114
stamp: 1718924320.699975967
T_odom_lidar: 
    0.999437  0.000330307   -0.0335354      1.23474
-0.000590615      0.99997  -0.00775259     0.017351
   0.0335318   0.00776803     0.999407    0.0310952
           0            0            0            1
T_world_lidar: 
    0.999437  0.000330307   -0.0335354      1.23474
-0.000590615      0.99997  -0.00775259     0.017351
   0.0335318   0.00776803     0.999407    0.0310952
           0            0            0            1
v_world_imu: -0.0382679  0.0290876  0.0187353
frame_115
id: 115
stamp: 1718924320.799979925
T_odom_lidar: 
   0.999492  0.00314016  -0.0317121     1.23136
-0.00334536    0.999974 -0.00641966   0.0195172
  0.0316911  0.00652248    0.999476   0.0332016
          0           0           0           1
T_world_lidar: 
   0.999492  0.00314016  -0.0317121     1.23136
-0.00334536    0.999974 -0.00641966   0.0195172
  0.0316911  0.00652248    0.999476   0.0332016
          0           0           0           1
v_world_imu: -0.0361043    0.03066  0.0316325
frame_116
id: 116
stamp: 1718924320.900017977
T_odom_lidar: 
   0.999498  0.00825954  -0.0305821     1.22832
-0.00841458    0.999952 -0.00494455   0.0219279
  0.0305398  0.00519941     0.99952   0.0359474
          0           0           0           1
T_world_lidar: 
   0.999498  0.00825954  -0.0305821     1.22832
-0.00841458    0.999952 -0.00494455   0.0219279
  0.0305398  0.00519941     0.99952   0.0359474
          0           0           0           1
v_world_imu: -0.0268311  0.0404466  0.0337205
frame_117
id: 117
stamp: 1718924321.099987984
T_odom_lidar: 
   0.999285   0.0269511  -0.0265034     1.22463
 -0.0268676    0.999633  0.00350065   0.0205423
   0.026588 -0.00278607    0.999643   0.0414858
          0           0           0           1
T_world_lidar: 
   0.999285   0.0269511  -0.0265034     1.22463
 -0.0268676    0.999633  0.00350065   0.0205423
   0.026588 -0.00278607    0.999643   0.0414858
          0           0           0           1
v_world_imu: -0.0232392 0.00533875  0.0305506
frame_118
id: 118
stamp: 1718924321.199980259
T_odom_lidar: 
   0.998956   0.0385241  -0.0245462      1.2226
 -0.0383547    0.999237  0.00733397   0.0192387
  0.0248101 -0.00638485    0.999672   0.0432598
          0           0           0           1
T_world_lidar: 
   0.998956   0.0385241  -0.0245462      1.2226
 -0.0383547    0.999237  0.00733397   0.0192387
  0.0248101 -0.00638485    0.999672   0.0432598
          0           0           0           1
v_world_imu: -0.0222621  0.0294932   0.012051
frame_119
id: 119
stamp: 1718924321.299994230
T_odom_lidar: 
   0.998536   0.0490802   -0.022727     1.22118
 -0.0488518    0.998751   0.0104999   0.0202896
  0.0232139 -0.00937424    0.999687   0.0441103
          0           0           0           1
T_world_lidar: 
   0.998536   0.0490802   -0.022727     1.22118
 -0.0488518    0.998751   0.0104999   0.0202896
  0.0232139 -0.00937424    0.999687   0.0441103
          0           0           0           1
v_world_imu: -0.00913346   0.0416729   0.0136009
frame_120
id: 120
stamp: 1718924321.399999142
T_odom_lidar: 
  0.998074  0.0583108 -0.0211906    1.22087
-0.0580512   0.998233  0.0126673  0.0228514
 0.0218918 -0.0114128   0.999695  0.0456542
         0          0          0          1
T_world_lidar: 
  0.998074  0.0583108 -0.0211906    1.22087
-0.0580512   0.998233  0.0126673  0.0228514
 0.0218918 -0.0114128   0.999695  0.0456542
         0          0          0          1
v_world_imu: -0.00145341   0.0595368   0.0200081
frame_121
id: 121
stamp: 1718924321.500002146
T_odom_lidar: 
   0.997685   0.0649704  -0.0200901     1.22122
  -0.064755    0.997838   0.0111951   0.0285639
  0.0207741 -0.00986827    0.999735    0.047545
          0           0           0           1
T_world_lidar: 
   0.997685   0.0649704  -0.0200901     1.22122
  -0.064755    0.997838   0.0111951   0.0285639
  0.0207741 -0.00986827    0.999735    0.047545
          0           0           0           1
v_world_imu: 0.00631603  0.0893168  0.0258488
frame_122
id: 122
stamp: 1718924321.599977255
T_odom_lidar: 
  0.996757  0.0782076  -0.018972    1.22218
-0.0779919   0.996883  0.0118562  0.0335881
 0.0198402 -0.0103381    0.99975  0.0493267
         0          0          0          1
T_world_lidar: 
  0.996757  0.0782076  -0.018972    1.22218
-0.0779919   0.996883  0.0118562  0.0335881
 0.0198402 -0.0103381    0.99975  0.0493267
         0          0          0          1
v_world_imu: 0.00987934  0.0780933  0.0192964
frame_123
id: 123
stamp: 1718924321.699892282
T_odom_lidar: 
  0.995272  0.0956029 -0.0171138    1.22381
-0.0953615   0.995338  0.0144076  0.0373919
 0.0184114 -0.0127075    0.99975    0.05093
         0          0          0          1
T_world_lidar: 
  0.995272  0.0956029 -0.0171138    1.22381
-0.0953615   0.995338  0.0144076  0.0373919
 0.0184114 -0.0127075    0.99975    0.05093
         0          0          0          1
v_world_imu:  0.020362 0.0893362 0.0199483
frame_124
id: 124
stamp: 1718924321.799995184
T_odom_lidar: 
  0.992272   0.123101 -0.0155797    1.22598
 -0.122832   0.992279  0.0171901  0.0399525
 0.0175755 -0.0151436   0.999731  0.0523921
         0          0          0          1
T_world_lidar: 
  0.992272   0.123101 -0.0155797    1.22598
 -0.122832   0.992279  0.0171901  0.0399525
 0.0175755 -0.0151436   0.999731  0.0523921
         0          0          0          1
v_world_imu: 0.0270104  0.107324 0.0267784
frame_125
id: 125
stamp: 1718924321.900022268
T_odom_lidar: 
  0.988411   0.151081 -0.0147459    1.22884
 -0.150775   0.988365  0.0200384   0.045062
 0.0176018 -0.0175828    0.99969   0.054645
         0          0          0          1
T_world_lidar: 
  0.988411   0.151081 -0.0147459    1.22884
 -0.150775   0.988365  0.0200384   0.045062
 0.0176018 -0.0175828    0.99969   0.054645
         0          0          0          1
v_world_imu:  0.038621  0.136766 0.0140178
frame_126
id: 126
stamp: 1718924322.099982023
T_odom_lidar: 
  0.978633   0.205264 -0.0120107    1.24113
 -0.204877   0.978401  0.0275155  0.0607445
 0.0173992 -0.0244669   0.999549  0.0581335
         0          0          0          1
T_world_lidar: 
  0.978633   0.205264 -0.0120107    1.24113
 -0.204877   0.978401  0.0275155  0.0607445
 0.0173992 -0.0244669   0.999549  0.0581335
         0          0          0          1
v_world_imu:   0.07637   0.15149 0.0174725
frame_127
id: 127
stamp: 1718924322.200005293
T_odom_lidar: 
  0.972613    0.23215 -0.0114392    1.24882
 -0.231768   0.972377  0.0276929  0.0704335
 0.0175521 -0.0242832   0.999551   0.059623
         0          0          0          1
T_world_lidar: 
  0.972613    0.23215 -0.0114392    1.24882
 -0.231768   0.972377  0.0276929  0.0704335
 0.0175521 -0.0242832   0.999551   0.059623
         0          0          0          1
v_world_imu: 0.0854833  0.165463 0.0137267
frame_128
id: 128
stamp: 1718924322.399972200
T_odom_lidar: 
   0.941155     0.33797 -0.00183827     1.25614
  -0.337884    0.941016   0.0179848   0.0756959
 0.00780815  -0.0163054    0.999837   0.0519654
          0           0           0           1
T_world_lidar: 
   0.941155     0.33797 -0.00183827     1.25614
  -0.337884    0.941016   0.0179848   0.0756959
 0.00780815  -0.0163054    0.999837   0.0519654
          0           0           0           1
v_world_imu:  0.0475849   0.148997 -0.0747391
frame_129
id: 129
stamp: 1718924322.499963999
T_odom_lidar: 
   0.913849    0.405889  -0.0115318     1.25442
  -0.405869    0.913922   0.0041705   0.0717201
   0.012232 0.000869208    0.999925   0.0380383
          0           0           0           1
T_world_lidar: 
   0.913849    0.405889  -0.0115318     1.25442
  -0.405869    0.913922   0.0041705   0.0717201
   0.012232 0.000869208    0.999925   0.0380383
          0           0           0           1
v_world_imu: 0.0261256  0.141637 -0.209903
frame_130
id: 130
stamp: 1718924322.599920988
T_odom_lidar: 
  0.877155   0.479973 -0.0150118     1.2486
 -0.479945    0.87728 0.00567821  0.0670404
 0.0158949 0.00222417   0.999871  0.0175527
         0          0          0          1
T_world_lidar: 
  0.877155   0.479973 -0.0150118     1.2486
 -0.479945    0.87728 0.00567821  0.0670404
 0.0158949 0.00222417   0.999871  0.0175527
         0          0          0          1
v_world_imu: 0.0228546  0.154045 -0.223149
frame_131
id: 131
stamp: 1718924322.699898243
T_odom_lidar: 
    0.855117     0.518298    -0.011884      1.24843
   -0.518243       0.8552   0.00755368    0.0737765
   0.0140783 -0.000300482     0.999901  -0.00841951
           0            0            0            1
T_world_lidar: 
    0.855117     0.518298    -0.011884      1.24843
   -0.518243       0.8552   0.00755368    0.0737765
   0.0140783 -0.000300482     0.999901  -0.00841951
           0            0            0            1
v_world_imu: 0.0631812  0.184947 -0.279184
frame_132
id: 132
stamp: 1718924322.799969912
T_odom_lidar: 
   0.822032    0.569407 -0.00619008       1.248
  -0.569299    0.822022   0.0133723   0.0779187
  0.0127027 -0.00746846    0.999891  -0.0382041
          0           0           0           1
T_world_lidar: 
   0.822032    0.569407 -0.00619008       1.248
  -0.569299    0.822022   0.0133723   0.0779187
  0.0127027 -0.00746846    0.999891  -0.0382041
          0           0           0           1
v_world_imu:  0.061888  0.170411 -0.308128
frame_133
id: 133
stamp: 1718924322.899981976
T_odom_lidar: 
   0.781619    0.623754   -0.001569     1.24485
  -0.623677    0.781558   0.0139108   0.0768668
 0.00990315 -0.00989436    0.999902  -0.0639088
          0           0           0           1
T_world_lidar: 
   0.781619    0.623754   -0.001569     1.24485
  -0.623677    0.781558   0.0139108   0.0768668
 0.00990315 -0.00989436    0.999902  -0.0639088
          0           0           0           1
v_world_imu: 0.0835104   0.14815 -0.172505
frame_134
id: 134
stamp: 1718924322.900018930
T_odom_lidar: 
   0.766051    0.642766  -0.0041184     1.26265
  -0.642658    0.766016    0.014494   0.0399817
   0.012471 -0.00845639    0.999886  -0.0316114
          0           0           0           1
T_world_lidar: 
   0.766051    0.642766  -0.0041184     1.26265
  -0.642658    0.766016    0.014494   0.0399817
   0.012471 -0.00845639    0.999886  -0.0316114
          0           0           0           1
v_world_imu: 0.0724579 0.0199993   0.11986
frame_135
id: 135
stamp: 1718924323.099937916
T_odom_lidar: 
   0.687715    0.725888  -0.0116037      1.2552
  -0.725735     0.68781   0.0150637   0.0261265
  0.0189157 -0.00193828    0.999819 -0.00628153
          0           0           0           1
T_world_lidar: 
   0.687715    0.725888  -0.0116037      1.2552
  -0.725735     0.68781   0.0150637   0.0261265
  0.0189157 -0.00193828    0.999819 -0.00628153
          0           0           0           1
v_world_imu: 0.0651497 0.0674651  0.100547
frame_136
id: 136
stamp: 1718924323.199996948
T_odom_lidar: 
   0.656691    0.754118 -0.00787877     1.25435
  -0.753969    0.656725   0.0155925   0.0250814
  0.0169328 -0.00429913    0.999847  0.00256563
          0           0           0           1
T_world_lidar: 
   0.656691    0.754118 -0.00787877     1.25435
  -0.753969    0.656725   0.0155925   0.0250814
  0.0169328 -0.00429913    0.999847  0.00256563
          0           0           0           1
v_world_imu: 0.0334126 0.0570049 0.0658968
frame_137
id: 137
stamp: 1718924323.299955845
T_odom_lidar: 
   0.593907    0.804506 -0.00664941     1.24242
  -0.804384    0.593936   0.0143476   0.0152551
   0.015492 -0.00317246    0.999875  0.00441682
          0           0           0           1
T_world_lidar: 
   0.593907    0.804506 -0.00664941     1.24242
  -0.804384    0.593936   0.0143476   0.0152551
   0.015492 -0.00317246    0.999875  0.00441682
          0           0           0           1
v_world_imu: 0.0429426 0.0462306 0.0661236
frame_138
id: 138
stamp: 1718924323.399986982
T_odom_lidar: 
   0.576768    0.816879 -0.00689568     1.24825
  -0.816735      0.5768   0.0157072   0.0200298
  0.0168083 -0.00342746    0.999853   0.0092778
          0           0           0           1
T_world_lidar: 
   0.576768    0.816879 -0.00689568     1.24825
  -0.816735      0.5768   0.0157072   0.0200298
  0.0168083 -0.00342746    0.999853   0.0092778
          0           0           0           1
v_world_imu:  0.113299 0.0924521 0.0136531
frame_139
id: 139
stamp: 1718924323.499949932
T_odom_lidar: 
  0.530926   0.847339 -0.0115903     1.2467
 -0.847255   0.531043  0.0123371  0.0191927
 0.0166086  0.0032699   0.999857  0.0126168
         0          0          0          1
T_world_lidar: 
  0.530926   0.847339 -0.0115903     1.2467
 -0.847255   0.531043  0.0123371  0.0191927
 0.0166086  0.0032699   0.999857  0.0126168
         0          0          0          1
v_world_imu: 0.0759034 0.0754455 0.0466853
frame_140
id: 140
stamp: 1718924323.600003004
T_odom_lidar: 
   0.506984    0.861935  -0.0058986     1.24844
  -0.861783    0.507008   0.0165348   0.0212954
  0.0172426 -0.00329957    0.999846   0.0168301
          0           0           0           1
T_world_lidar: 
   0.506984    0.861935  -0.0058986     1.24844
  -0.861783    0.507008   0.0165348   0.0212954
  0.0172426 -0.00329957    0.999846   0.0168301
          0           0           0           1
v_world_imu: 0.0606068 0.0432835 0.0354421
frame_141
id: 141
stamp: 1718924323.699901342
T_odom_lidar: 
   0.477474    0.878616 -0.00716549     1.24397
  -0.878385    0.477515   0.0204805   0.0191063
  0.0214161 -0.00348484    0.999765   0.0197828
          0           0           0           1
T_world_lidar: 
   0.477474    0.878616 -0.00716549     1.24397
  -0.878385    0.477515   0.0204805   0.0191063
  0.0214161 -0.00348484    0.999765   0.0197828
          0           0           0           1
v_world_imu:  0.0159428  0.0174754 0.00441134
frame_142
id: 142
stamp: 1718924323.799980879
T_odom_lidar: 
  0.455673   0.890041 -0.0137498      1.242
 -0.889904   0.455855  0.0163422    0.01849
 0.0208131 0.00478931   0.999772  0.0194005
         0          0          0          1
T_world_lidar: 
  0.455673   0.890041 -0.0137498      1.242
 -0.889904   0.455855  0.0163422    0.01849
 0.0208131 0.00478931   0.999772  0.0194005
         0          0          0          1
v_world_imu:  0.0469882  0.0433034 -0.0273486
frame_143
id: 143
stamp: 1718924323.900089979
T_odom_lidar: 
  0.421378   0.906696 -0.0185097    1.24092
 -0.906524   0.421699  0.0196292    0.01997
 0.0256033 0.00850817   0.999636  0.0181927
         0          0          0          1
T_world_lidar: 
  0.421378   0.906696 -0.0185097    1.24092
 -0.906524   0.421699  0.0196292    0.01997
 0.0256033 0.00850817   0.999636  0.0181927
         0          0          0          1
v_world_imu:   0.11751   0.09392 -0.021789
frame_144
id: 144
stamp: 1718924324.099979877
T_odom_lidar: 
   0.35125    0.93614 -0.0162706    1.24347
 -0.935967    0.35153  0.0198209  0.0232619
 0.0242748 0.00826661   0.999671  0.0184954
         0          0          0          1
T_world_lidar: 
   0.35125    0.93614 -0.0162706    1.24347
 -0.935967    0.35153  0.0198209  0.0232619
 0.0242748 0.00826661   0.999671  0.0184954
         0          0          0          1
v_world_imu: 0.0645275 0.0546005 0.0127834
frame_145
id: 145
stamp: 1718924324.199982882
T_odom_lidar: 
  0.316909   0.948329 -0.0155342     1.2429
 -0.948302    0.31711  0.0128337  0.0249136
 0.0170966   0.010664   0.999797  0.0182089
         0          0          0          1
T_world_lidar: 
  0.316909   0.948329 -0.0155342     1.2429
 -0.948302    0.31711  0.0128337  0.0249136
 0.0170966   0.010664   0.999797  0.0182089
         0          0          0          1
v_world_imu:  0.102537 0.0541687 0.0212405
frame_146
id: 146
stamp: 1718924324.299983025
T_odom_lidar: 
    0.28317    0.959064  -0.0032946     1.24202
  -0.958938    0.283186   0.0155899   0.0245443
  0.0158847 -0.00125526    0.999873   0.0195547
          0           0           0           1
T_world_lidar: 
    0.28317    0.959064  -0.0032946     1.24202
  -0.958938    0.283186   0.0155899   0.0245443
  0.0158847 -0.00125526    0.999873   0.0195547
          0           0           0           1
v_world_imu:   0.037543  0.0226072 0.00792329
frame_147
id: 147
stamp: 1718924324.399986982
T_odom_lidar: 
   0.220612    0.975348 -0.00515474     1.22828
  -0.975326    0.220646  0.00743966   0.0202339
 0.00839363  0.00338627    0.999959   0.0146595
          0           0           0           1
T_world_lidar: 
   0.220612    0.975348 -0.00515474     1.22828
  -0.975326    0.220646  0.00743966   0.0202339
 0.00839363  0.00338627    0.999959   0.0146595
          0           0           0           1
v_world_imu: -0.00896989 -0.00396151  -0.0432799
frame_148
id: 148
stamp: 1718924324.499996901
T_odom_lidar: 
   0.179194    0.983787 -0.00728166     1.21594
  -0.983795    0.179232  0.00491455   0.0142367
 0.00613998    0.006283    0.999961   0.0139529
          0           0           0           1
T_world_lidar: 
   0.179194    0.983787 -0.00728166     1.21594
  -0.983795    0.179232  0.00491455   0.0142367
 0.00613998    0.006283    0.999961   0.0139529
          0           0           0           1
v_world_imu:  0.0205421 -0.0203762  0.0349133
frame_149
id: 149
stamp: 1718924324.599982977
T_odom_lidar: 
  0.132949    0.99107 -0.0102898      1.208
 -0.991052   0.133056  0.0106209  0.0111143
 0.0118952 0.00878571   0.999891  0.0176695
         0          0          0          1
T_world_lidar: 
  0.132949    0.99107 -0.0102898      1.208
 -0.991052   0.133056  0.0106209  0.0111143
 0.0118952 0.00878571   0.999891  0.0176695
         0          0          0          1
v_world_imu:  0.0512674 0.00883328  0.0214553
frame_150
id: 150
stamp: 1718924324.699919224
T_odom_lidar: 
  0.0896659    0.995951 -0.00643134     1.20457
  -0.995865    0.089749   0.0140683  0.00953155
  0.0145886  0.00514329     0.99988   0.0198282
          0           0           0           1
T_world_lidar: 
  0.0896659    0.995951 -0.00643134     1.20457
  -0.995865    0.089749   0.0140683  0.00953155
  0.0145886  0.00514329     0.99988   0.0198282
          0           0           0           1
v_world_imu: 0.0986788 0.0030708 0.0154213
frame_151
id: 151
stamp: 1718924324.699975014
T_odom_lidar: 
  0.0945155    0.995516 -0.00391662     1.21453
  -0.995246   0.0945813    0.023234  0.00162246
  0.0235003  0.00170202    0.999722  0.00642097
          0           0           0           1
T_world_lidar: 
  0.0945155    0.995516 -0.00391662     1.21453
  -0.995246   0.0945813    0.023234  0.00162246
  0.0235003  0.00170202    0.999722  0.00642097
          0           0           0           1
v_world_imu: -0.0487441  0.0423536  0.0408932
frame_152
id: 152
stamp: 1718924324.900027275
T_odom_lidar: 
  0.0488815    0.998756 -0.00981022     1.19647
  -0.998414   0.0491345    0.027465   0.0087679
  0.0279128  0.00845214    0.999575   0.0104892
          0           0           0           1
T_world_lidar: 
  0.0488815    0.998756 -0.00981022     1.19647
  -0.998414   0.0491345    0.027465   0.0087679
  0.0279128  0.00845214    0.999575   0.0104892
          0           0           0           1
v_world_imu: -0.00118456   0.0477029   0.0140045
frame_153
id: 153
stamp: 1718924325.099979162
T_odom_lidar: 
 0.0605183   0.998107 -0.0109687    1.19369
 -0.997866  0.0607662  0.0238824  0.0157543
 0.0245037 0.00949999   0.999655  0.0135895
         0          0          0          1
T_world_lidar: 
 0.0605183   0.998107 -0.0109687    1.19369
 -0.997866  0.0607662  0.0238824  0.0157543
 0.0245037 0.00949999   0.999655  0.0135895
         0          0          0          1
v_world_imu: -0.0359785  0.0245567  0.0360936
frame_154
id: 154
stamp: 1718924325.199993134
T_odom_lidar: 
  0.0728787    0.997306 -0.00833171     1.19309
  -0.997096   0.0730434   0.0215616   0.0195071
  0.0221121  0.00673613    0.999733   0.0170978
          0           0           0           1
T_world_lidar: 
  0.0728787    0.997306 -0.00833171     1.19309
  -0.997096   0.0730434   0.0215616   0.0195071
  0.0221121  0.00673613    0.999733   0.0170978
          0           0           0           1
v_world_imu: -0.0301369  0.0320566  0.0360076
frame_155
id: 155
stamp: 1718924325.299991131
T_odom_lidar: 
  0.0837393    0.996467 -0.00647429     1.19395
   -0.99627    0.083855   0.0203576   0.0229943
  0.0208286  0.00474541    0.999772   0.0208161
          0           0           0           1
T_world_lidar: 
  0.0837393    0.996467 -0.00647429     1.19395
   -0.99627    0.083855   0.0203576   0.0229943
  0.0208286  0.00474541    0.999772   0.0208161
          0           0           0           1
v_world_imu: -0.014131 0.0282024 0.0395114
frame_156
id: 156
stamp: 1718924325.399999142
T_odom_lidar: 
  0.0955077    0.995395 -0.00813744     1.19589
  -0.995225   0.0956503    0.019446   0.0261164
  0.0201348  0.00624134    0.999778   0.0230782
          0           0           0           1
T_world_lidar: 
  0.0955077    0.995395 -0.00813744     1.19589
  -0.995225   0.0956503    0.019446   0.0261164
  0.0201348  0.00624134    0.999778   0.0230782
          0           0           0           1
v_world_imu: 0.00889478   0.016985  0.0364219
frame_157
id: 157
stamp: 1718924325.499973297
T_odom_lidar: 
   0.101679    0.994803 -0.00525662     1.19808
  -0.994583    0.101769   0.0211533   0.0259872
  0.0215784  0.00307729    0.999762   0.0258205
          0           0           0           1
T_world_lidar: 
   0.101679    0.994803 -0.00525662     1.19808
  -0.994583    0.101769   0.0211533   0.0259872
  0.0215784  0.00307729    0.999762   0.0258205
          0           0           0           1
v_world_imu: 0.00473773 -0.0296299  0.0209208
frame_158
id: 158
stamp: 1718924325.599996328
T_odom_lidar: 
     0.10972     0.993961  -0.00170625      1.20059
   -0.993686     0.109729    0.0234055    0.0208871
   0.0234513 -0.000872559     0.999725    0.0280343
           0            0            0            1
T_world_lidar: 
     0.10972     0.993961  -0.00170625      1.20059
   -0.993686     0.109729    0.0234055    0.0208871
   0.0234513 -0.000872559     0.999725    0.0280343
           0            0            0            1
v_world_imu: -0.000808282   -0.0822012    0.0114828
frame_159
id: 159
stamp: 1718924325.699992180
T_odom_lidar: 
   0.112748    0.993623 0.000698535     1.20221
  -0.993292    0.112693   0.0258934   0.0110552
  0.0256495 -0.00361328    0.999664   0.0296606
          0           0           0           1
T_world_lidar: 
   0.112748    0.993623 0.000698535     1.20221
  -0.993292    0.112693   0.0258934   0.0110552
  0.0256495 -0.00361328    0.999664   0.0296606
          0           0           0           1
v_world_imu:  0.0214255  -0.114537 0.00567841
frame_160
id: 160
stamp: 1718924325.799993277
T_odom_lidar: 
    0.116826     0.993152  0.000906363      1.20572
    -0.99277     0.116756    0.0278399 -0.000232686
   0.0275434  -0.00415223     0.999612    0.0291863
           0            0            0            1
T_world_lidar: 
    0.116826     0.993152  0.000906363      1.20572
    -0.99277     0.116756    0.0278399 -0.000232686
   0.0275434  -0.00415223     0.999612    0.0291863
           0            0            0            1
v_world_imu:   0.035908  -0.115504 0.00543744
frame_161
id: 161
stamp: 1718924325.900011301
T_odom_lidar: 
   0.123546    0.992339 0.000749279     1.21165
  -0.991883    0.123466      0.0304  -0.0113682
  0.0300746 -0.00449898    0.999538   0.0302091
          0           0           0           1
T_world_lidar: 
   0.123546    0.992339 0.000749279     1.21165
  -0.991883    0.123466      0.0304  -0.0113682
  0.0300746 -0.00449898    0.999538   0.0302091
          0           0           0           1
v_world_imu:  0.0437045  -0.117699 -0.0037251
frame_162
id: 162
stamp: 1718924326.099993229
T_odom_lidar: 
   0.126368    0.991981  0.00222359     1.21867
  -0.991458    0.126228   0.0328238   -0.034136
  0.0322799 -0.00635248    0.999459   0.0303136
          0           0           0           1
T_world_lidar: 
   0.126368    0.991981  0.00222359     1.21867
  -0.991458    0.126228   0.0328238   -0.034136
  0.0322799 -0.00635248    0.999459   0.0303136
          0           0           0           1
v_world_imu:   0.0211618   -0.107849 -0.00197783
frame_163
id: 163
stamp: 1718924326.199978113
T_odom_lidar: 
   0.126825    0.991922  0.00237874     1.22093
  -0.991399    0.126679   0.0328785  -0.0442149
  0.0323116 -0.00652809    0.999457   0.0301624
          0           0           0           1
T_world_lidar: 
   0.126825    0.991922  0.00237874     1.22093
  -0.991399    0.126679   0.0328785  -0.0442149
  0.0323116 -0.00652809    0.999457   0.0301624
          0           0           0           1
v_world_imu:   0.0192233   -0.101083 -0.00211392
frame_164
id: 164
stamp: 1718924326.299988031
T_odom_lidar: 
    0.12781    0.991795  0.00258789     1.22316
  -0.991261    0.127654   0.0332559  -0.0536591
  0.0326527 -0.00681569    0.999444   0.0300533
          0           0           0           1
T_world_lidar: 
    0.12781    0.991795  0.00258789     1.22316
  -0.991261    0.127654   0.0332559  -0.0536591
  0.0326527 -0.00681569    0.999444   0.0300533
          0           0           0           1
v_world_imu:  0.0145159 -0.0917352 0.00174881
frame_165
id: 165
stamp: 1718924326.399986029
T_odom_lidar: 
   0.128458    0.991712  0.00255426      1.2244
   -0.99116    0.128299   0.0337714  -0.0628516
  0.0331637 -0.00686987    0.999426   0.0304358
          0           0           0           1
T_world_lidar: 
   0.128458    0.991712  0.00255426      1.2244
   -0.99116    0.128299   0.0337714  -0.0628516
  0.0331637 -0.00686987    0.999426   0.0304358
          0           0           0           1
v_world_imu:  0.0074736 -0.0974627 0.00319202
frame_166
id: 166
stamp: 1718924326.499987125
T_odom_lidar: 
   0.128492    0.991707  0.00283796     1.22546
  -0.991142    0.128321   0.0342288   -0.073271
  0.0335808 -0.00721094     0.99941   0.0304684
          0           0           0           1
T_world_lidar: 
   0.128492    0.991707  0.00283796     1.22546
  -0.991142    0.128321   0.0342288   -0.073271
  0.0335808 -0.00721094     0.99941   0.0304684
          0           0           0           1
v_world_imu:   0.0133758   -0.110332 -0.00560951
frame_167
id: 167
stamp: 1718924326.599989176
T_odom_lidar: 
   0.128578    0.991693  0.00354647     1.22697
  -0.991118    0.128379   0.0346942  -0.0842484
  0.0339507 -0.00797588    0.999392   0.0302282
          0           0           0           1
T_world_lidar: 
   0.128578    0.991693  0.00354647     1.22697
  -0.991118    0.128379   0.0346942  -0.0842484
  0.0339507 -0.00797588    0.999392   0.0302282
          0           0           0           1
v_world_imu:   0.016565  -0.107875 -0.0038359
frame_168
id: 168
stamp: 1718924326.699899197
T_odom_lidar: 
   0.128408    0.991716  0.00325372     1.22817
  -0.991125    0.128217   0.0350911   -0.094902
  0.0343832 -0.00773083    0.999379   0.0302894
          0           0           0           1
T_world_lidar: 
   0.128408    0.991716  0.00325372     1.22817
  -0.991125    0.128217   0.0350911   -0.094902
  0.0343832 -0.00773083    0.999379   0.0302894
          0           0           0           1
v_world_imu:  0.00777154   -0.108528 0.000433751
frame_169
id: 169
stamp: 1718924326.799983025
T_odom_lidar: 
  0.128959   0.991646 0.00279331    1.22895
 -0.991047   0.128782  0.0352236  -0.106325
 0.0345696 -0.0073107   0.999376  0.0305338
         0          0          0          1
T_world_lidar: 
  0.128959   0.991646 0.00279331    1.22895
 -0.991047   0.128782  0.0352236  -0.106325
 0.0345696 -0.0073107   0.999376  0.0305338
         0          0          0          1
v_world_imu: 0.00986297   -0.11922 0.00405848
frame_170
id: 170
stamp: 1718924326.900018215
T_odom_lidar: 
   0.12887   0.991657 0.00300351    1.23033
 -0.991037   0.128681  0.0358688  -0.119577
 0.0351831  -0.007599   0.999352  0.0309831
         0          0          0          1
T_world_lidar: 
   0.12887   0.991657 0.00300351    1.23033
 -0.991037   0.128681  0.0358688  -0.119577
 0.0351831  -0.007599   0.999352  0.0309831
         0          0          0          1
v_world_imu:  0.0180848   -0.15106 0.00264133
frame_171
id: 171
stamp: 1718924327.099986076
T_odom_lidar: 
   0.129382     0.99159  0.00294628     1.23368
  -0.990939    0.129188   0.0367432   -0.155184
  0.0360536 -0.00767349     0.99932    0.031527
          0           0           0           1
T_world_lidar: 
   0.129382     0.99159  0.00294628     1.23368
  -0.990939    0.129188   0.0367432   -0.155184
  0.0360536 -0.00767349     0.99932    0.031527
          0           0           0           1
v_world_imu:  0.0175359  -0.198795 0.00185824
frame_172
id: 172
stamp: 1718924327.199988127
T_odom_lidar: 
   0.129344    0.991594  0.00345817      1.2355
  -0.990921    0.129126   0.0374377   -0.174851
  0.0366764 -0.00826912    0.999293   0.0318949
          0           0           0           1
T_world_lidar: 
   0.129344    0.991594  0.00345817      1.2355
  -0.990921    0.129126   0.0374377   -0.174851
  0.0366764 -0.00826912    0.999293   0.0318949
          0           0           0           1
v_world_imu:  0.0168578  -0.195337 0.00348405
frame_173
id: 173
stamp: 1718924327.299987078
T_odom_lidar: 
    0.12944    0.991581  0.00355541     1.23681
  -0.990902    0.129217   0.0376359   -0.194246
  0.0368596 -0.00839467    0.999285   0.0323432
          0           0           0           1
T_world_lidar: 
    0.12944    0.991581  0.00355541     1.23681
  -0.990902    0.129217   0.0376359   -0.194246
  0.0368596 -0.00839467    0.999285   0.0323432
          0           0           0           1
v_world_imu:  0.0107743   -0.19296 0.00540226
frame_174
id: 174
stamp: 1718924327.399980068
T_odom_lidar: 
   0.130314    0.991467  0.00337221     1.23831
  -0.990783    0.130096   0.0377289   -0.213514
  0.0369683 -0.00825774    0.999282   0.0331617
          0           0           0           1
T_world_lidar: 
   0.130314    0.991467  0.00337221     1.23831
  -0.990783    0.130096   0.0377289   -0.213514
  0.0369683 -0.00825774    0.999282   0.0331617
          0           0           0           1
v_world_imu: 0.0138443 -0.192003 0.0102687
frame_175
id: 175
stamp: 1718924327.499985933
T_odom_lidar: 
   0.129397    0.991587  0.00344571     1.23926
  -0.990892    0.129174   0.0380434   -0.232635
  0.0372782 -0.00833703     0.99927   0.0343001
          0           0           0           1
T_world_lidar: 
   0.129397    0.991587  0.00344571     1.23926
  -0.990892    0.129174   0.0380434   -0.232635
  0.0372782 -0.00833703     0.99927   0.0343001
          0           0           0           1
v_world_imu: 0.0114601 -0.190957 0.0108293
frame_176
id: 176
stamp: 1718924327.599983931
T_odom_lidar: 
   0.130237    0.991475  0.00384595     1.24062
  -0.990772    0.129996    0.038359   -0.251379
  0.0375321 -0.00880624    0.999257   0.0357939
          0           0           0           1
T_world_lidar: 
   0.130237    0.991475  0.00384595     1.24062
  -0.990772    0.129996    0.038359   -0.251379
  0.0375321 -0.00880624    0.999257   0.0357939
          0           0           0           1
v_world_imu: 0.0108262 -0.183495 0.0188788
frame_177
id: 177
stamp: 1718924327.699893951
T_odom_lidar: 
    0.12963    0.991552  0.00459295     1.24168
  -0.990832    0.129356   0.0389701   -0.269808
  0.0380468 -0.00960255     0.99923   0.0378815
          0           0           0           1
T_world_lidar: 
    0.12963    0.991552  0.00459295     1.24168
  -0.990832    0.129356   0.0389701   -0.269808
  0.0380468 -0.00960255     0.99923   0.0378815
          0           0           0           1
v_world_imu: 0.0147822 -0.189703 0.0194577
frame_178
id: 178
stamp: 1718924327.799988985
T_odom_lidar: 
   0.132776    0.991139  0.00379079      1.2434
  -0.990427    0.132533   0.0385821   -0.289386
  0.0377379 -0.00887729    0.999248   0.0392713
          0           0           0           1
T_world_lidar: 
   0.132776    0.991139  0.00379079      1.2434
  -0.990427    0.132533   0.0385821   -0.289386
  0.0377379 -0.00887729    0.999248   0.0392713
          0           0           0           1
v_world_imu: 0.00320691  -0.203921 0.00797746
frame_179
id: 179
stamp: 1718924327.900003910
T_odom_lidar: 
   0.132923    0.991122  0.00294367     1.24407
  -0.990451    0.132722   0.0373005   -0.309731
  0.0365787 -0.00787364      0.9993   0.0402629
          0           0           0           1
T_world_lidar: 
   0.132923    0.991122  0.00294367     1.24407
  -0.990451    0.132722   0.0373005   -0.309731
  0.0365787 -0.00787364      0.9993   0.0402629
          0           0           0           1
v_world_imu:  0.0098569  -0.205171 0.00992972
frame_180
id: 180
stamp: 1718924328.099992990
T_odom_lidar: 
    0.13423    0.990941  0.00431714     1.24789
  -0.990289     0.13398   0.0371117   -0.350304
   0.036197 -0.00925671    0.999302   0.0417607
          0           0           0           1
T_world_lidar: 
    0.13423    0.990941  0.00431714     1.24789
  -0.990289     0.13398   0.0371117   -0.350304
   0.036197 -0.00925671    0.999302   0.0417607
          0           0           0           1
v_world_imu: 0.0221648 -0.203215 0.0124454
frame_181
id: 181
stamp: 1718924328.199991941
T_odom_lidar: 
   0.132823    0.991128  0.00481747     1.25007
  -0.990504    0.132562   0.0364712   -0.370753
   0.035509 -0.00961593    0.999323   0.0427613
          0           0           0           1
T_world_lidar: 
   0.132823    0.991128  0.00481747     1.25007
  -0.990504    0.132562   0.0364712   -0.370753
   0.035509 -0.00961593    0.999323   0.0427613
          0           0           0           1
v_world_imu: 0.0306144 -0.205452 0.0147486
frame_182
id: 182
stamp: 1718924328.299994946
T_odom_lidar: 
  0.133775   0.990996 0.00565203    1.25421
 -0.990398   0.133489  0.0359521  -0.391277
 0.0348739 -0.0104073   0.999338  0.0440569
         0          0          0          1
T_world_lidar: 
  0.133775   0.990996 0.00565203    1.25421
 -0.990398   0.133489  0.0359521  -0.391277
 0.0348739 -0.0104073   0.999338  0.0440569
         0          0          0          1
v_world_imu: 0.0446532 -0.206084 0.0181498
frame_183
id: 183
stamp: 1718924328.399993896
T_odom_lidar: 
  0.132531   0.991155  0.0068418    1.25836
 -0.990581   0.132208  0.0356487  -0.411885
 0.0344288 -0.0115019   0.999341  0.0455592
         0          0          0          1
T_world_lidar: 
  0.132531   0.991155  0.0068418    1.25836
 -0.990581   0.132208  0.0356487  -0.411885
 0.0344288 -0.0115019   0.999341  0.0455592
         0          0          0          1
v_world_imu: 0.0461667 -0.205742 0.0153926
frame_184
id: 184
stamp: 1718924328.499996901
T_odom_lidar: 
  0.134214   0.990919 0.00813206    1.26448
 -0.990382   0.133854  0.0350112  -0.432498
 0.0336047 -0.0127528   0.999354  0.0470433
         0          0          0          1
T_world_lidar: 
  0.134214   0.990919 0.00813206    1.26448
 -0.990382   0.133854  0.0350112  -0.432498
 0.0336047 -0.0127528   0.999354  0.0470433
         0          0          0          1
v_world_imu: 0.0618019 -0.201806 0.0213998
frame_185
id: 185
stamp: 1718924328.599997997
T_odom_lidar: 
   0.13228   0.991168 0.00935065    1.27024
 -0.990681   0.131894  0.0339794   -0.45195
  0.032446 -0.0137583   0.999379  0.0489251
         0          0          0          1
T_world_lidar: 
   0.13228   0.991168 0.00935065    1.27024
 -0.990681   0.131894  0.0339794   -0.45195
  0.032446 -0.0137583   0.999379  0.0489251
         0          0          0          1
v_world_imu: 0.0641595 -0.185832 0.0250608
frame_186
id: 186
stamp: 1718924328.699975014
T_odom_lidar: 
  0.132159   0.991173  0.0105321    1.27758
 -0.990742   0.131754  0.0327404  -0.470492
 0.0310637 -0.0147615   0.999408   0.051121
         0          0          0          1
T_world_lidar: 
  0.132159   0.991173  0.0105321    1.27758
 -0.990742   0.131754  0.0327404  -0.470492
 0.0310637 -0.0147615   0.999408   0.051121
         0          0          0          1
v_world_imu:  0.083118 -0.184724 0.0262804
frame_187
id: 187
stamp: 1718924328.799995899
T_odom_lidar: 
  0.128233   0.991693  0.0100853    1.28543
 -0.991298   0.127864  0.0312846   -0.48973
 0.0297352 -0.0140093    0.99946  0.0534446
         0          0          0          1
T_world_lidar: 
  0.128233   0.991693  0.0100853    1.28543
 -0.991298   0.127864  0.0312846   -0.48973
 0.0297352 -0.0140093    0.99946  0.0534446
         0          0          0          1
v_world_imu: 0.0893231 -0.193561 0.0306376
frame_188
id: 188
stamp: 1718924328.900012970
T_odom_lidar: 
  0.125258    0.99207  0.0103745     1.2941
 -0.991717     0.1249  0.0299521  -0.509674
 0.0284188 -0.0140403   0.999497  0.0561871
         0          0          0          1
T_world_lidar: 
  0.125258    0.99207  0.0103745     1.2941
 -0.991717     0.1249  0.0299521  -0.509674
 0.0284188 -0.0140403   0.999497  0.0561871
         0          0          0          1
v_world_imu: 0.0995642 -0.203325 0.0347905
frame_189
id: 189
stamp: 1718924329.099984884
T_odom_lidar: 
  0.107365   0.994125  0.0137145    1.31171
 -0.993883   0.106959  0.0274908  -0.554442
 0.0258624 -0.0165822   0.999528  0.0624775
         0          0          0          1
T_world_lidar: 
  0.107365   0.994125  0.0137145    1.31171
 -0.993883   0.106959  0.0274908  -0.554442
 0.0258624 -0.0165822   0.999528  0.0624775
         0          0          0          1
v_world_imu:  0.119382 -0.240772 0.0327768
frame_190
id: 190
stamp: 1718924329.199983120
T_odom_lidar: 
 0.0852613   0.996199   0.017814     1.3186
 -0.996016  0.0847495  0.0277414  -0.580828
 0.0261263 -0.0201083   0.999456  0.0643628
         0          0          0          1
T_world_lidar: 
 0.0852613   0.996199   0.017814     1.3186
 -0.996016  0.0847495  0.0277414  -0.580828
 0.0261263 -0.0201083   0.999456  0.0643628
         0          0          0          1
v_world_imu:  0.117167 -0.259381 0.0182229
frame_191
id: 191
stamp: 1718924329.299998999
T_odom_lidar: 
  0.060742    0.99797  0.0191635    1.32479
 -0.997807  0.0602041  0.0275003  -0.608368
 0.0262907 -0.0207919   0.999438  0.0664331
         0          0          0          1
T_world_lidar: 
  0.060742    0.99797  0.0191635    1.32479
 -0.997807  0.0602041  0.0275003  -0.608368
 0.0262907 -0.0207919   0.999438  0.0664331
         0          0          0          1
v_world_imu:  0.140443 -0.267271 0.0164397
frame_192
id: 192
stamp: 1718924329.399986267
T_odom_lidar: 
 0.0266304   0.999248  0.0281752     1.3287
   -0.9993  0.0258699  0.0270211  -0.636642
 0.0262719 -0.0288751   0.999238  0.0669711
         0          0          0          1
T_world_lidar: 
 0.0266304   0.999248  0.0281752     1.3287
   -0.9993  0.0258699  0.0270211  -0.636642
 0.0262719 -0.0288751   0.999238  0.0669711
         0          0          0          1
v_world_imu:   0.110454  -0.274113 0.00590402
frame_193
id: 193
stamp: 1718924329.499980211
T_odom_lidar: 
-0.0327384   0.998755  0.0376424    1.32628
 -0.999187 -0.0335932  0.0223055  -0.665076
 0.0235423 -0.0368815   0.999042  0.0672044
         0          0          0          1
T_world_lidar: 
-0.0327384   0.998755  0.0376424    1.32628
 -0.999187 -0.0335932  0.0223055  -0.665076
 0.0235423 -0.0368815   0.999042  0.0672044
         0          0          0          1
v_world_imu:    0.155979   -0.261693 -0.00302177
frame_194
id: 194
stamp: 1718924329.599994183
T_odom_lidar: 
-0.0933682   0.995309  0.0253317    1.32459
 -0.995362 -0.0939048  0.0208891  -0.687671
 0.0231699 -0.0232639   0.999461  0.0692668
         0          0          0          1
T_world_lidar: 
-0.0933682   0.995309  0.0253317    1.32459
 -0.995362 -0.0939048  0.0208891  -0.687671
 0.0231699 -0.0232639   0.999461  0.0692668
         0          0          0          1
v_world_imu: 0.0865498 -0.191336 0.0160974
frame_195
id: 195
stamp: 1718924329.699987888
T_odom_lidar: 
 -0.184448   0.982564  0.0233892    1.30526
 -0.982501  -0.184959  0.0219673  -0.707244
 0.0259103 -0.0189281   0.999485  0.0677823
         0          0          0          1
T_world_lidar: 
 -0.184448   0.982564  0.0233892    1.30526
 -0.982501  -0.184959  0.0219673  -0.707244
 0.0259103 -0.0189281   0.999485  0.0677823
         0          0          0          1
v_world_imu:  0.0142405  -0.220114 -0.0414395
frame_196
id: 196
stamp: 1718924329.799940109
T_odom_lidar: 
  -0.254211    0.967106  0.00912609     1.28381
  -0.966881   -0.254351   0.0211375    -0.72506
  0.0227634 -0.00345047    0.999735   0.0653838
          0           0           0           1
T_world_lidar: 
  -0.254211    0.967106  0.00912609     1.28381
  -0.966881   -0.254351   0.0211375    -0.72506
  0.0227634 -0.00345047    0.999735   0.0653838
          0           0           0           1
v_world_imu: -0.000779443    -0.168395   -0.0162379
frame_197
id: 197
stamp: 1718924329.900044918
T_odom_lidar: 
  -0.323533    0.946122   0.0133975     1.26814
   -0.94591   -0.323756   0.0208686   -0.737723
  0.0240818 -0.00592118    0.999692   0.0634854
          0           0           0           1
T_world_lidar: 
  -0.323533    0.946122   0.0133975     1.26814
   -0.94591   -0.323756   0.0208686   -0.737723
  0.0240818 -0.00592118    0.999692   0.0634854
          0           0           0           1
v_world_imu:  0.0558872  -0.168331 -0.0421485
frame_198
id: 198
stamp: 1718924330.099916935
T_odom_lidar: 
 -0.425275   0.905002 -0.0105821    1.26031
 -0.904777  -0.424817  0.0301381  -0.764914
 0.0227796  0.0223915    0.99949  0.0452544
         0          0          0          1
T_world_lidar: 
 -0.425275   0.905002 -0.0105821    1.26031
 -0.904777  -0.424817  0.0301381  -0.764914
 0.0227796  0.0223915    0.99949  0.0452544
         0          0          0          1
v_world_imu:  0.119935 -0.194007  -0.10132
frame_199
id: 199
stamp: 1718924330.199989080
T_odom_lidar: 
 -0.479424   0.877515 -0.0109472     1.2592
 -0.877355  -0.478976  0.0288255  -0.775837
 0.0200514  0.0234242   0.999525  0.0328927
         0          0          0          1
T_world_lidar: 
 -0.479424   0.877515 -0.0109472     1.2592
 -0.877355  -0.478976  0.0288255  -0.775837
 0.0200514  0.0234242   0.999525  0.0328927
         0          0          0          1
v_world_imu:  0.117438 -0.121916 -0.137192
frame_200
id: 200
stamp: 1718924330.299979925
T_odom_lidar: 
   -0.54149    0.840678 -0.00691838     1.25167
  -0.840518   -0.541176   0.0256323   -0.777236
  0.0178045   0.0196947    0.999647   0.0194259
          0           0           0           1
T_world_lidar: 
   -0.54149    0.840678 -0.00691838     1.25167
  -0.840518   -0.541176   0.0256323   -0.777236
  0.0178045   0.0196947    0.999647   0.0194259
          0           0           0           1
v_world_imu:  0.0749847 -0.0986674  -0.116488
frame_201
id: 201
stamp: 1718924330.400001049
T_odom_lidar: 
 -0.533484   0.845804 -0.0030944    1.26004
 -0.845579  -0.533249  0.0253233  -0.791264
 0.0197685  0.0161261   0.999675 0.00801046
         0          0          0          1
T_world_lidar: 
 -0.533484   0.845804 -0.0030944    1.26004
 -0.845579  -0.533249  0.0253233  -0.791264
 0.0197685  0.0161261   0.999675 0.00801046
         0          0          0          1
v_world_imu: 0.0465433 -0.147823 -0.101087
frame_202
id: 202
stamp: 1718924330.499987125
T_odom_lidar: 
  -0.526808    0.849984 -0.00028256     1.26528
  -0.849676   -0.526609   0.0270839   -0.807598
  0.0228721   0.0145081    0.999633 -0.00225764
          0           0           0           1
T_world_lidar: 
  -0.526808    0.849984 -0.00028256     1.26528
  -0.849676   -0.526609   0.0270839   -0.807598
  0.0228721   0.0145081    0.999633 -0.00225764
          0           0           0           1
v_world_imu: 0.0250568 -0.166441 -0.120745
frame_203
id: 203
stamp: 1718924330.599981070
T_odom_lidar: 
 -0.520677    0.85375 0.00266369    1.26916
 -0.853399  -0.520548  0.0272192  -0.825511
  0.024625  0.0118992   0.999626 -0.0152515
         0          0          0          1
T_world_lidar: 
 -0.520677    0.85375 0.00266369    1.26916
 -0.853399  -0.520548  0.0272192  -0.825511
  0.024625  0.0118992   0.999626 -0.0152515
         0          0          0          1
v_world_imu: 0.0167031 -0.175001 -0.141444
frame_204
id: 204
stamp: 1718924330.699877262
T_odom_lidar: 
 -0.513304   0.858191 0.00517607    1.27264
 -0.857813  -0.513242  0.0272041  -0.843943
 0.0260029 0.00952389   0.999616 -0.0297132
         0          0          0          1
T_world_lidar: 
 -0.513304   0.858191 0.00517607    1.27264
 -0.857813  -0.513242  0.0272041  -0.843943
 0.0260029 0.00952389   0.999616 -0.0297132
         0          0          0          1
v_world_imu: 0.00930644  -0.177588  -0.148429
frame_205
id: 205
stamp: 1718924330.699998140
T_odom_lidar: 
 -0.507328   0.861691  0.0103592    1.23061
 -0.861128  -0.507382  0.0319884   -0.84279
 0.0328202 0.00730806   0.999435  0.0305848
         0          0          0          1
T_world_lidar: 
 -0.507328   0.861691  0.0103592    1.23061
 -0.861128  -0.507382  0.0319884   -0.84279
 0.0328202 0.00730806   0.999435  0.0305848
         0          0          0          1
v_world_imu: -0.0356994  -0.095732  0.0341498
frame_206
id: 206
stamp: 1718924330.900013208
T_odom_lidar: 
 -0.491507   0.870807  0.0107693       1.23
 -0.870058  -0.491544  0.0371827  -0.866312
 0.0376725 0.00890563    0.99925   0.035463
         0          0          0          1
T_world_lidar: 
 -0.491507   0.870807  0.0107693       1.23
 -0.870058  -0.491544  0.0371827  -0.866312
 0.0376725 0.00890563    0.99925   0.035463
         0          0          0          1
v_world_imu: -0.0153381  -0.122868   0.018702
frame_207
id: 207
stamp: 1718924331.099977016
T_odom_lidar: 
 -0.479989   0.877223 0.00949408    1.22687
 -0.876406  -0.479967  0.0392922  -0.894483
 0.0390249  0.0105392   0.999183  0.0395677
         0          0          0          1
T_world_lidar: 
 -0.479989   0.877223 0.00949408    1.22687
 -0.876406  -0.479967  0.0392922  -0.894483
 0.0390249  0.0105392   0.999183  0.0395677
         0          0          0          1
v_world_imu: -0.0361722  -0.138647  0.0119451
frame_208
id: 208
stamp: 1718924331.199986935
T_odom_lidar: 
 -0.475571   0.879554  0.0147179    1.22426
 -0.878713  -0.475766  0.0388667  -0.908481
 0.0411876 0.00555108   0.999136  0.0408048
         0          0          0          1
T_world_lidar: 
 -0.475571   0.879554  0.0147179    1.22426
 -0.878713  -0.475766  0.0388667  -0.908481
 0.0411876 0.00555108   0.999136  0.0408048
         0          0          0          1
v_world_imu: -0.0415928  -0.134472 0.00868532
frame_209
id: 209
stamp: 1718924331.299996138
T_odom_lidar: 
 -0.470954   0.882006  0.0163712    1.22118
 -0.881142  -0.471221  0.0392318  -0.922563
 0.0423171 0.00405096   0.999096  0.0414203
         0          0          0          1
T_world_lidar: 
 -0.470954   0.882006  0.0163712    1.22118
 -0.881142  -0.471221  0.0392318  -0.922563
 0.0423171 0.00405096   0.999096  0.0414203
         0          0          0          1
v_world_imu: -0.0472522  -0.137032 0.00177671
frame_210
id: 210
stamp: 1718924331.499988079
T_odom_lidar: 
  -0.46448   0.885457   0.014961    1.21265
 -0.884507  -0.464682  0.0414428  -0.951551
 0.0436479 0.00601625   0.999029  0.0420709
         0          0          0          1
T_world_lidar: 
  -0.46448   0.885457   0.014961    1.21265
 -0.884507  -0.464682  0.0414428  -0.951551
 0.0436479 0.00601625   0.999029  0.0420709
         0          0          0          1
v_world_imu: -0.0570064   -0.14299 0.00298316
frame_211
id: 211
stamp: 1718924331.599993944
T_odom_lidar: 
 -0.463979   0.885692   0.016519    1.20699
 -0.884701  -0.464246  0.0421843  -0.966163
 0.0450312 0.00495824   0.998973  0.0432076
         0          0          0          1
T_world_lidar: 
 -0.463979   0.885692   0.016519    1.20699
 -0.884701  -0.464246  0.0421843  -0.966163
 0.0450312 0.00495824   0.998973  0.0432076
         0          0          0          1
v_world_imu: -0.0559046  -0.149656  0.0109383
frame_212
id: 212
stamp: 1718924331.699896097
T_odom_lidar: 
 -0.461454   0.887006  0.0167752    1.20164
 -0.885974  -0.461732  0.0430478  -0.981298
 0.0459293 0.00500212   0.998932  0.0444625
         0          0          0          1
T_world_lidar: 
 -0.461454   0.887006  0.0167752    1.20164
 -0.885974  -0.461732  0.0430478  -0.981298
 0.0459293 0.00500212   0.998932  0.0444625
         0          0          0          1
v_world_imu: -0.0668527  -0.145462  0.0101525
frame_213
id: 213
stamp: 1718924331.800002098
T_odom_lidar: 
 -0.461761   0.886832  0.0174932     1.1944
 -0.885777  -0.462069  0.0434911  -0.995745
 0.0466524 0.00458738   0.998901  0.0455604
         0          0          0          1
T_world_lidar: 
 -0.461761   0.886832  0.0174932     1.1944
 -0.885777  -0.462069  0.0434911  -0.995745
 0.0466524 0.00458738   0.998901  0.0455604
         0          0          0          1
v_world_imu:   -0.07636  -0.147405 0.00880445
frame_214
id: 214
stamp: 1718924331.900007010
T_odom_lidar: 
 -0.461099   0.887181  0.0172561    1.18685
 -0.886099  -0.461394  0.0440783   -1.01067
 0.0470673 0.00503383   0.998879   0.046578
         0          0          0          1
T_world_lidar: 
 -0.461099   0.887181  0.0172561    1.18685
 -0.886099  -0.461394  0.0440783   -1.01067
 0.0470673 0.00503383   0.998879   0.046578
         0          0          0          1
v_world_imu: -0.0781101  -0.150233  0.0118171
frame_215
id: 215
stamp: 1718924332.100000143
T_odom_lidar: 
 -0.461265   0.887088  0.0175944     1.1711
 -0.885982  -0.461574  0.0445513   -1.04128
 0.0476421 0.00496163   0.998852  0.0483717
         0          0          0          1
T_world_lidar: 
 -0.461265   0.887088  0.0175944     1.1711
 -0.885982  -0.461574  0.0445513   -1.04128
 0.0476421 0.00496163   0.998852  0.0483717
         0          0          0          1
v_world_imu: -0.0809554  -0.157607 0.00857224
frame_216
id: 216
stamp: 1718924332.199990988
T_odom_lidar: 
 -0.457388   0.889152   0.014274    1.16325
 -0.888032   -0.45754  0.0453528   -1.05745
 0.0468565 0.00806806   0.998869  0.0490159
         0          0          0          1
T_world_lidar: 
 -0.457388   0.889152   0.014274    1.16325
 -0.888032   -0.45754  0.0453528   -1.05745
 0.0468565 0.00806806   0.998869  0.0490159
         0          0          0          1
v_world_imu: -0.0934523  -0.163525 0.00671962
frame_217
id: 217
stamp: 1718924332.299993038
T_odom_lidar: 
 -0.452687   0.891556  0.0142298    1.15526
 -0.890451  -0.452845  0.0450475   -1.07463
 0.0466063 0.00772142   0.998883  0.0496569
         0          0          0          1
T_world_lidar: 
 -0.452687   0.891556  0.0142298    1.15526
 -0.890451  -0.452845  0.0450475   -1.07463
 0.0466063 0.00772142   0.998883  0.0496569
         0          0          0          1
v_world_imu: -0.0939385  -0.166845 0.00448585
frame_218
id: 218
stamp: 1718924332.399983883
T_odom_lidar: 
 -0.447916   0.893964  0.0141468    1.14733
 -0.892869  -0.448077  0.0448462   -1.09184
 0.0464297 0.00745605   0.998894  0.0496533
         0          0          0          1
T_world_lidar: 
 -0.447916   0.893964  0.0141468    1.14733
 -0.892869  -0.448077  0.0448462   -1.09184
 0.0464297 0.00745605   0.998894  0.0496533
         0          0          0          1
v_world_imu:   -0.0923844    -0.169418 -6.37401e-05
frame_219
id: 219
stamp: 1718924332.499981880
T_odom_lidar: 
 -0.447452   0.894183  0.0149701    1.13798
 -0.893075  -0.447651  0.0450046    -1.1091
 0.0469437 0.00676793   0.998875  0.0503639
         0          0          0          1
T_world_lidar: 
 -0.447452   0.894183  0.0149701    1.13798
 -0.893075  -0.447651  0.0450046    -1.1091
 0.0469437 0.00676793   0.998875  0.0503639
         0          0          0          1
v_world_imu: -0.0988982  -0.172841  0.0137189
frame_220
id: 220
stamp: 1718924332.599992990
T_odom_lidar: 
   -0.4439    0.89593  0.0161866     1.1296
 -0.894811  -0.444161  0.0451044    -1.1269
 0.0475998 0.00553787   0.998851  0.0517672
         0          0          0          1
T_world_lidar: 
   -0.4439    0.89593  0.0161866     1.1296
 -0.894811  -0.444161  0.0451044    -1.1269
 0.0475998 0.00553787   0.998851  0.0517672
         0          0          0          1
v_world_imu: -0.0903066  -0.177932  0.0101098
frame_221
id: 221
stamp: 1718924332.699896097
T_odom_lidar: 
-0.443815  0.895972 0.0161878   1.12021
-0.894835 -0.444074 0.0454822  -1.14449
0.0479393 0.0057003  0.998834 0.0531162
        0         0         0         1
T_world_lidar: 
-0.443815  0.895972 0.0161878   1.12021
-0.894835 -0.444074 0.0454822  -1.14449
0.0479393 0.0057003  0.998834 0.0531162
        0         0         0         1
v_world_imu: -0.0985443  -0.171924  0.0143847
frame_222
id: 222
stamp: 1718924332.799985886
T_odom_lidar: 
 -0.443133   0.896312  0.0160799    1.11022
 -0.895149  -0.443384  0.0460238   -1.16165
 0.0483812 0.00600076   0.998811  0.0544934
         0          0          0          1
T_world_lidar: 
 -0.443133   0.896312  0.0160799    1.11022
 -0.895149  -0.443384  0.0460238   -1.16165
 0.0483812 0.00600076   0.998811  0.0544934
         0          0          0          1
v_world_imu: -0.102041 -0.173786 0.0154984
frame_223
id: 223
stamp: 1718924332.900012016
T_odom_lidar: 
 -0.443267   0.896239  0.0164566    1.10037
 -0.895056  -0.443534  0.0464058   -1.17926
 0.0488897 0.00584058   0.998787  0.0561037
         0          0          0          1
T_world_lidar: 
 -0.443267   0.896239  0.0164566    1.10037
 -0.895056  -0.443534  0.0464058   -1.17926
 0.0488897 0.00584058   0.998787  0.0561037
         0          0          0          1
v_world_imu: -0.0965618  -0.177451  0.0157059
frame_224
id: 224
stamp: 1718924333.099993229
T_odom_lidar: 
 -0.443307   0.896214  0.0167213    1.08055
 -0.895021  -0.443585  0.0465695   -1.21471
 0.0491535 0.00567864   0.998775  0.0588939
         0          0          0          1
T_world_lidar: 
 -0.443307   0.896214  0.0167213    1.08055
 -0.895021  -0.443585  0.0465695   -1.21471
 0.0491535 0.00567864   0.998775  0.0588939
         0          0          0          1
v_world_imu: -0.0966045  -0.177528  0.0140107
frame_225
id: 225
stamp: 1718924333.199990273
T_odom_lidar: 
 -0.443149   0.896307  0.0158912    1.07085
 -0.895115  -0.443387  0.0466605   -1.23254
 0.0488681 0.00645317   0.998784  0.0602038
         0          0          0          1
T_world_lidar: 
 -0.443149   0.896307  0.0158912    1.07085
 -0.895115  -0.443387  0.0466605   -1.23254
 0.0488681 0.00645317   0.998784  0.0602038
         0          0          0          1
v_world_imu: -0.099599 -0.179156 0.0165203
frame_226
id: 226
stamp: 1718924333.299990177
T_odom_lidar: 
-0.442798  0.896492 0.0152037    1.0607
-0.895309 -0.443003 0.0465709  -1.25049
0.0484857 0.0070095  0.998799 0.0618232
        0         0         0         1
T_world_lidar: 
-0.442798  0.896492 0.0152037    1.0607
-0.895309 -0.443003 0.0465709  -1.25049
0.0484857 0.0070095  0.998799 0.0618232
        0         0         0         1
v_world_imu: -0.103169 -0.178209 0.0160772
frame_227
id: 227
stamp: 1718924333.399989128
T_odom_lidar: 
-0.442858  0.896455 0.0156522   1.05057
 -0.89528 -0.443087 0.0463482  -1.26856
0.0484844 0.0065126  0.998803  0.062779
        0         0         0         1
T_world_lidar: 
-0.442858  0.896455 0.0156522   1.05057
 -0.89528 -0.443087 0.0463482  -1.26856
0.0484844 0.0065126  0.998803  0.062779
        0         0         0         1
v_world_imu: -0.0976018  -0.182195 0.00593463
frame_228
id: 228
stamp: 1718924333.499989271
T_odom_lidar: 
 -0.441217   0.897266  0.0155296    1.04145
   -0.8961  -0.441443  0.0461819   -1.28705
 0.0482928 0.00646021   0.998812  0.0633074
         0          0          0          1
T_world_lidar: 
 -0.441217   0.897266  0.0155296    1.04145
   -0.8961  -0.441443  0.0461819   -1.28705
 0.0482928 0.00646021   0.998812  0.0633074
         0          0          0          1
v_world_imu: -0.0984309  -0.182169 0.00508631
frame_229
id: 229
stamp: 1718924333.599995136
T_odom_lidar: 
 -0.443009   0.896385  0.0154233    1.03099
 -0.895241   -0.44323  0.0457262   -1.30484
 0.0478244 0.00644952   0.998835  0.0632182
         0          0          0          1
T_world_lidar: 
 -0.443009   0.896385  0.0154233    1.03099
 -0.895241   -0.44323  0.0457262   -1.30484
 0.0478244 0.00644952   0.998835  0.0632182
         0          0          0          1
v_world_imu:  -0.0987491   -0.177365 -0.00100801
frame_230
id: 230
stamp: 1718924333.699975967
T_odom_lidar: 
 -0.442062    0.89686  0.0149669    1.02179
 -0.895725  -0.442264  0.0455926   -1.32264
 0.0475095 0.00674855   0.998848  0.0630781
         0          0          0          1
T_world_lidar: 
 -0.442062    0.89686  0.0149669    1.02179
 -0.895725  -0.442264  0.0455926   -1.32264
 0.0475095 0.00674855   0.998848  0.0630781
         0          0          0          1
v_world_imu:   -0.090083   -0.176064 -0.00142323
frame_231
id: 231
stamp: 1718924333.799990177
T_odom_lidar: 
 -0.442643   0.896569  0.0151977    1.01264
 -0.895446  -0.442857  0.0453211   -1.34026
 0.0473639 0.00645237   0.998857  0.0627857
         0          0          0          1
T_world_lidar: 
 -0.442643   0.896569  0.0151977    1.01264
 -0.895446  -0.442857  0.0453211   -1.34026
 0.0473639 0.00645237   0.998857  0.0627857
         0          0          0          1
v_world_imu:  -0.0905661   -0.176487 -0.00392074
frame_232
id: 232
stamp: 1718924333.900002003
T_odom_lidar: 
 -0.442033   0.896875  0.0149236    1.00365
  -0.89577  -0.442237  0.0449801   -1.35782
 0.0469412 0.00651453   0.998876  0.0623637
         0          0          0          1
T_world_lidar: 
 -0.442033   0.896875  0.0149236    1.00365
  -0.89577  -0.442237  0.0449801   -1.35782
 0.0469412 0.00651453   0.998876  0.0623637
         0          0          0          1
v_world_imu:  -0.0917161   -0.174835 -0.00423164
frame_233
id: 233
stamp: 1718924334.099998236
T_odom_lidar: 
  -0.44172   0.897053   0.013406   0.985715
 -0.896018  -0.441864  0.0436751    -1.3928
 0.0451025 0.00728016   0.998956  0.0626736
         0          0          0          1
T_world_lidar: 
  -0.44172   0.897053   0.013406   0.985715
 -0.896018  -0.441864  0.0436751    -1.3928
 0.0451025 0.00728016   0.998956  0.0626736
         0          0          0          1
v_world_imu: -0.0971393  -0.172761 0.00786089
frame_234
id: 234
stamp: 1718924334.199991226
T_odom_lidar: 
 -0.441218   0.897311  0.0126635   0.976573
 -0.896302  -0.441332  0.0432238   -1.41048
  0.044374 0.00772081   0.998985   0.062996
         0          0          0          1
T_world_lidar: 
 -0.441218   0.897311  0.0126635   0.976573
 -0.896302  -0.441332  0.0432238   -1.41048
  0.044374 0.00772081   0.998985   0.062996
         0          0          0          1
v_world_imu: -0.0836178  -0.181423 0.00240623
frame_235
id: 235
stamp: 1718924334.299993038
T_odom_lidar: 
 -0.441355   0.897252  0.0120514   0.969022
 -0.896283  -0.441448  0.0424301    -1.4289
 0.0433906 0.00792533   0.999027   0.062571
         0          0          0          1
T_world_lidar: 
 -0.441355   0.897252  0.0120514   0.969022
 -0.896283  -0.441448  0.0424301    -1.4289
 0.0433906 0.00792533   0.999027   0.062571
         0          0          0          1
v_world_imu:  -0.0716374    -0.18708 -0.00301225
frame_236
id: 236
stamp: 1718924334.399986029
T_odom_lidar: 
 -0.439906   0.897972   0.011345   0.961758
 -0.897025  -0.439973  0.0420788    -1.4479
 0.0427771 0.00833398    0.99905  0.0627006
         0          0          0          1
T_world_lidar: 
 -0.439906   0.897972   0.011345   0.961758
 -0.897025  -0.439973  0.0420788    -1.4479
 0.0427771 0.00833398    0.99905  0.0627006
         0          0          0          1
v_world_imu:  -0.079093  -0.187128 0.00691651
frame_237
id: 237
stamp: 1718924334.499992132
T_odom_lidar: 
 -0.441265     0.8973   0.011743   0.953765
 -0.896392  -0.441356  0.0410729   -1.46681
 0.0420376 0.00759767   0.999087  0.0630205
         0          0          0          1
T_world_lidar: 
 -0.441265     0.8973   0.011743   0.953765
 -0.896392  -0.441356  0.0410729   -1.46681
 0.0420376 0.00759767   0.999087  0.0630205
         0          0          0          1
v_world_imu: -0.0716495  -0.196292 0.00596623
frame_238
id: 238
stamp: 1718924334.599990129
T_odom_lidar: 
 -0.439021   0.898404  0.0114152   0.946928
 -0.897525  -0.439105  0.0404443   -1.48637
 0.0413478 0.00751047   0.999117   0.063637
         0          0          0          1
T_world_lidar: 
 -0.439021   0.898404  0.0114152   0.946928
 -0.897525  -0.439105  0.0404443   -1.48637
 0.0413478 0.00751047   0.999117   0.063637
         0          0          0          1
v_world_imu: -0.0783789   -0.18938 0.00626791
frame_239
id: 239
stamp: 1718924334.699898243
T_odom_lidar: 
  -0.44001   0.897915  0.0117838   0.938807
 -0.897048  -0.440111   0.040085    -1.5053
 0.0411791 0.00706715   0.999127    0.06414
         0          0          0          1
T_world_lidar: 
  -0.44001   0.897915  0.0117838   0.938807
 -0.897048  -0.440111   0.040085    -1.5053
 0.0411791 0.00706715   0.999127    0.06414
         0          0          0          1
v_world_imu: -0.0769502  -0.197157 0.00395797
frame_240
id: 240
stamp: 1718924334.799999237
T_odom_lidar: 
 -0.439778   0.898024   0.012159   0.931192
 -0.897203  -0.439903  0.0388934   -1.52515
  0.040276 0.00619539   0.999169  0.0635105
         0          0          0          1
T_world_lidar: 
 -0.439778   0.898024   0.012159   0.931192
 -0.897203  -0.439903  0.0388934   -1.52515
  0.040276 0.00619539   0.999169  0.0635105
         0          0          0          1
v_world_imu:  -0.0810239   -0.195547 -0.00871169
frame_241
id: 241
stamp: 1718924334.899997234
T_odom_lidar: 
 -0.440341   0.897745  0.0123879   0.922749
 -0.896945  -0.440477  0.0383368    -1.5443
 0.0398733 0.00576998   0.999188  0.0624616
         0          0          0          1
T_world_lidar: 
 -0.440341   0.897745  0.0123879   0.922749
 -0.896945  -0.440477  0.0383368    -1.5443
 0.0398733 0.00576998   0.999188  0.0624616
         0          0          0          1
v_world_imu: -0.0902261  -0.199868 -0.0123171
frame_242
id: 242
stamp: 1718924334.900000095
T_odom_lidar: 
 -0.441521   0.897199 0.00962614   0.912479
 -0.896474   -0.44156  0.0368697   -1.54771
   0.03733  0.0076492   0.999274  0.0664183
         0          0          0          1
T_world_lidar: 
 -0.441521   0.897199 0.00962614   0.912479
 -0.896474   -0.44156  0.0368697   -1.54771
   0.03733  0.0076492   0.999274  0.0664183
         0          0          0          1
v_world_imu: -0.0618892  -0.164736 0.00300589
frame_243
id: 243
stamp: 1718924335.100005150
T_odom_lidar: 
 -0.440521     0.8977 0.00869775   0.899419
 -0.896982  -0.440526  0.0368727   -1.58066
 0.0369322 0.00844149   0.999282  0.0661094
         0          0          0          1
T_world_lidar: 
 -0.440521     0.8977 0.00869775   0.899419
 -0.896982  -0.440526  0.0368727   -1.58066
 0.0369322 0.00844149   0.999282  0.0661094
         0          0          0          1
v_world_imu:  -0.0642495   -0.169976 -0.00282583
frame_244
id: 244
stamp: 1718924335.299986124
T_odom_lidar: 
 -0.437615    0.89913 0.00757824   0.885806
 -0.898419   -0.43758   0.036974   -1.61544
 0.0365605 0.00937195   0.999287  0.0644296
         0          0          0          1
T_world_lidar: 
 -0.437615    0.89913 0.00757824   0.885806
 -0.898419   -0.43758   0.036974   -1.61544
 0.0365605 0.00937195   0.999287  0.0644296
         0          0          0          1
v_world_imu: -0.0831814  -0.172352 -0.0122008
frame_245
id: 245
stamp: 1718924335.399982929
T_odom_lidar: 
 -0.437734   0.899063 0.00860511   0.877666
 -0.898345  -0.437737  0.0369199   -1.63288
 0.0369601 0.00843072   0.999281  0.0634721
         0          0          0          1
T_world_lidar: 
 -0.437734   0.899063 0.00860511   0.877666
 -0.898345  -0.437737  0.0369199   -1.63288
 0.0369601 0.00843072   0.999281  0.0634721
         0          0          0          1
v_world_imu:  -0.0785302    -0.17743 -0.00439821
frame_246
id: 246
stamp: 1718924335.500004292
T_odom_lidar: 
 -0.436154   0.899828 0.00887818   0.870363
 -0.899089  -0.436165   0.037407   -1.65063
 0.0375323 0.00833297   0.999261  0.0633182
         0          0          0          1
T_world_lidar: 
 -0.436154   0.899828 0.00887818   0.870363
 -0.899089  -0.436165   0.037407   -1.65063
 0.0375323 0.00833297   0.999261  0.0633182
         0          0          0          1
v_world_imu:  -0.0848065   -0.173445 -0.00686261
frame_247
id: 247
stamp: 1718924335.699900150
T_odom_lidar: 
 -0.436443   0.899684 0.00925604    0.85365
 -0.898937  -0.436467  0.0375307   -1.68643
 0.0378058 0.00805944   0.999253  0.0635108
         0          0          0          1
T_world_lidar: 
 -0.436443   0.899684 0.00925604    0.85365
 -0.898937  -0.436467  0.0375307   -1.68643
 0.0378058 0.00805944   0.999253  0.0635108
         0          0          0          1
v_world_imu: -0.0846619  -0.184468 0.00242119
frame_248
id: 248
stamp: 1718924335.799987078
T_odom_lidar: 
 -0.436608   0.899607 0.00895309   0.845129
 -0.898875  -0.436622  0.0372167   -1.70503
 0.0373895 0.00820138   0.999267  0.0639467
         0          0          0          1
T_world_lidar: 
 -0.436608   0.899607 0.00895309   0.845129
 -0.898875  -0.436622  0.0372167   -1.70503
 0.0373895 0.00820138   0.999267  0.0639467
         0          0          0          1
v_world_imu: -0.0821318  -0.186781  0.0112095
frame_249
id: 249
stamp: 1718924335.900005102
T_odom_lidar: 
 -0.436156   0.899823 0.00929998   0.837268
 -0.899101  -0.436187  0.0368468   -1.72367
 0.0372122 0.00770935   0.999278  0.0648982
         0          0          0          1
T_world_lidar: 
 -0.436156   0.899823 0.00929998   0.837268
 -0.899101  -0.436187  0.0368468   -1.72367
 0.0372122 0.00770935   0.999278  0.0648982
         0          0          0          1
v_world_imu: -0.0782376  -0.184813  0.0103151
frame_250
id: 250
stamp: 1718924336.099982977
T_odom_lidar: 
 -0.436177   0.899812 0.00938763   0.820321
   -0.8991  -0.436213  0.0365651   -1.76051
 0.0369967 0.00750842   0.999287  0.0665273
         0          0          0          1
T_world_lidar: 
 -0.436177   0.899812 0.00938763   0.820321
   -0.8991  -0.436213  0.0365651   -1.76051
 0.0369967 0.00750842   0.999287  0.0665273
         0          0          0          1
v_world_imu: -0.0881265   -0.18775 0.00523185
frame_251
id: 251
stamp: 1718924336.199990988
T_odom_lidar: 
 -0.435723   0.900027 0.00981627    0.81123
 -0.899336   -0.43578  0.0359272   -1.77968
 0.0366132  0.0068262   0.999306  0.0669782
         0          0          0          1
T_world_lidar: 
 -0.435723   0.900027 0.00981627    0.81123
 -0.899336   -0.43578  0.0359272   -1.77968
 0.0366132  0.0068262   0.999306  0.0669782
         0          0          0          1
v_world_imu: -0.0997324  -0.192555 0.00487042
frame_252
id: 252
stamp: 1718924336.299989939
T_odom_lidar: 
 -0.436699   0.899555 0.00970514   0.800488
  -0.89886   -0.43675  0.0360617   -1.79883
 0.0366782 0.00702454   0.999302  0.0675871
         0          0          0          1
T_world_lidar: 
 -0.436699   0.899555 0.00970514   0.800488
  -0.89886   -0.43675  0.0360617   -1.79883
 0.0366782 0.00702454   0.999302  0.0675871
         0          0          0          1
v_world_imu:  -0.108399  -0.191296 0.00849323
frame_253
id: 253
stamp: 1718924336.399989843
T_odom_lidar: 
 -0.436331   0.899735 0.00954334   0.790291
 -0.899029  -0.436375  0.0363757    -1.8176
  0.036893 0.00729212   0.999293  0.0681355
         0          0          0          1
T_world_lidar: 
 -0.436331   0.899735 0.00954334   0.790291
 -0.899029  -0.436375  0.0363757    -1.8176
  0.036893 0.00729212   0.999293  0.0681355
         0          0          0          1
v_world_imu: -0.0983864  -0.186899 0.00345901
frame_254
id: 254
stamp: 1718924336.499991894
T_odom_lidar: 
-0.436712  0.899541 0.0103886  0.780664
-0.898824 -0.436786 0.0365104  -1.83672
0.0373803  0.006607  0.999279 0.0688361
        0         0         0         1
T_world_lidar: 
-0.436712  0.899541 0.0103886  0.780664
-0.898824 -0.436786 0.0365104  -1.83672
0.0373803  0.006607  0.999279 0.0688361
        0         0         0         1
v_world_imu: -0.0980056  -0.196422 0.00924702
frame_255
id: 255
stamp: 1718924336.599992990
T_odom_lidar: 
 -0.435298   0.900231   0.010012   0.770388
 -0.899497  -0.435355  0.0370198   -1.85643
 0.0376852 0.00710889   0.999264  0.0696905
         0          0          0          1
T_world_lidar: 
 -0.435298   0.900231   0.010012   0.770388
 -0.899497  -0.435355  0.0370198   -1.85643
 0.0376852 0.00710889   0.999264  0.0696905
         0          0          0          1
v_world_imu:  -0.114252  -0.195194 0.00776384
frame_256
id: 256
stamp: 1718924336.699913979
T_odom_lidar: 
 -0.436349   0.899721  0.0100766   0.759244
 -0.898974  -0.436405  0.0373559   -1.87608
 0.0380074 0.00724163   0.999251  0.0706175
         0          0          0          1
T_world_lidar: 
 -0.436349   0.899721  0.0100766   0.759244
 -0.898974  -0.436405  0.0373559   -1.87608
 0.0380074 0.00724163   0.999251  0.0706175
         0          0          0          1
v_world_imu:  -0.103614  -0.200512 0.00922608
frame_257
id: 257
stamp: 1718924336.799993992
T_odom_lidar: 
 -0.435582   0.900094 0.00993504    0.74893
 -0.899334  -0.435631  0.0377292   -1.89585
 0.0382878 0.00749923   0.999239  0.0716117
         0          0          0          1
T_world_lidar: 
 -0.435582   0.900094 0.00993504    0.74893
 -0.899334  -0.435631  0.0377292   -1.89585
 0.0382878 0.00749923   0.999239  0.0716117
         0          0          0          1
v_world_imu:  -0.107543   -0.19292 0.00856069
frame_258
id: 258
stamp: 1718924336.900026083
T_odom_lidar: 
 -0.434974   0.900395 0.00927326   0.738282
 -0.899609  -0.434992   0.038549   -1.91515
 0.0387431 0.00842553   0.999214  0.0725301
         0          0          0          1
T_world_lidar: 
 -0.434974   0.900395 0.00927326   0.738282
 -0.899609  -0.434992   0.038549   -1.91515
 0.0387431 0.00842553   0.999214  0.0725301
         0          0          0          1
v_world_imu:  -0.109782  -0.195444 0.00602885
frame_259
id: 259
stamp: 1718924337.100000143
T_odom_lidar: 
 -0.434434   0.900655 0.00933485    0.71755
  -0.89985   -0.43445  0.0390237   -1.95514
 0.0392024 0.00855328   0.999195   0.072801
         0          0          0          1
T_world_lidar: 
 -0.434434   0.900655 0.00933485    0.71755
  -0.89985   -0.43445  0.0390237   -1.95514
 0.0392024 0.00855328   0.999195   0.072801
         0          0          0          1
v_world_imu:    -0.108397    -0.200639 -0.000286379
frame_260
id: 260
stamp: 1718924337.200001240
T_odom_lidar: 
 -0.435854   0.899973  0.0089314   0.706503
 -0.899171  -0.435853  0.0390328   -1.97483
 0.0390213 0.00898176   0.999198  0.0728994
         0          0          0          1
T_world_lidar: 
 -0.435854   0.899973  0.0089314   0.706503
 -0.899171  -0.435853  0.0390328   -1.97483
 0.0390213 0.00898176   0.999198  0.0728994
         0          0          0          1
v_world_imu:  -0.102789  -0.197468 0.00498699
frame_261
id: 261
stamp: 1718924337.299992323
T_odom_lidar: 
 -0.434704   0.900533 0.00856539   0.696723
 -0.899719  -0.434686  0.0394287   -1.99478
 0.0392301 0.00943336   0.999186  0.0730204
         0          0          0          1
T_world_lidar: 
 -0.434704   0.900533 0.00856539   0.696723
 -0.899719  -0.434686  0.0394287   -1.99478
 0.0392301 0.00943336   0.999186  0.0730204
         0          0          0          1
v_world_imu:    -0.101633    -0.200222 -0.000289711
frame_262
id: 262
stamp: 1718924337.399997234
T_odom_lidar: 
 -0.435418   0.900184 0.00893196   0.686383
 -0.899372  -0.435415  0.0393026   -2.01497
 0.0392687  0.0090799   0.999187  0.0732207
         0          0          0          1
T_world_lidar: 
 -0.435418   0.900184 0.00893196   0.686383
 -0.899372  -0.435415  0.0393026   -2.01497
 0.0392687  0.0090799   0.999187  0.0732207
         0          0          0          1
v_world_imu:  -0.100867  -0.204068 0.00298217
frame_263
id: 263
stamp: 1718924337.499991179
T_odom_lidar: 
 -0.434272   0.900739 0.00870767   0.676528
 -0.899923   -0.43426  0.0394666   -2.03555
 0.0393305 0.00930302   0.999183  0.0733613
         0          0          0          1
T_world_lidar: 
 -0.434272   0.900739 0.00870767   0.676528
 -0.899923   -0.43426  0.0394666   -2.03555
 0.0393305 0.00930302   0.999183  0.0733613
         0          0          0          1
v_world_imu:   -0.103309   -0.206165 -0.00116134
frame_264
id: 264
stamp: 1718924337.599990129
T_odom_lidar: 
 -0.435024   0.900379 0.00846599    0.66593
 -0.899581  -0.435005  0.0390463   -2.05546
 0.0388392 0.00937022   0.999202  0.0728373
         0          0          0          1
T_world_lidar: 
 -0.435024   0.900379 0.00846599    0.66593
 -0.899581  -0.435005  0.0390463   -2.05546
 0.0388392 0.00937022   0.999202  0.0728373
         0          0          0          1
v_world_imu:   -0.104228   -0.193187 -0.00609244
frame_265
id: 265
stamp: 1718924337.699988127
T_odom_lidar: 
 -0.435654   0.900073 0.00858781   0.655705
 -0.899281  -0.435641  0.0388721   -2.07461
 0.0387289 0.00921191   0.999207  0.0722186
         0          0          0          1
T_world_lidar: 
 -0.435654   0.900073 0.00858781   0.655705
 -0.899281  -0.435641  0.0388721   -2.07461
 0.0387289 0.00921191   0.999207  0.0722186
         0          0          0          1
v_world_imu:  -0.0985867   -0.192125 -0.00810448
frame_266
id: 266
stamp: 1718924337.799987316
T_odom_lidar: 
 -0.435466   0.900159 0.00914193   0.645757
 -0.899373  -0.435477  0.0385643   -2.09395
 0.0386951 0.00857144   0.999214   0.071619
         0          0          0          1
T_world_lidar: 
 -0.435466   0.900159 0.00914193   0.645757
 -0.899373  -0.435477  0.0385643   -2.09395
 0.0386951 0.00857144   0.999214   0.071619
         0          0          0          1
v_world_imu:    -0.10306   -0.192784 -0.00340722
frame_267
id: 267
stamp: 1718924337.900000811
T_odom_lidar: 
 -0.435722   0.900033 0.00928407     0.6352
 -0.899243  -0.435738   0.038648   -2.11307
 0.0388299 0.00849115    0.99921  0.0707547
         0          0          0          1
T_world_lidar: 
 -0.435722   0.900033 0.00928407     0.6352
 -0.899243  -0.435738   0.038648   -2.11307
 0.0388299 0.00849115    0.99921  0.0707547
         0          0          0          1
v_world_imu:   -0.106572   -0.189365 -0.00415378
frame_268
id: 268
stamp: 1718924338.099985123
T_odom_lidar: 
 -0.434505   0.900641 0.00713612   0.613838
 -0.899901  -0.434448  0.0378707   -2.15069
 0.0372081  0.0100332   0.999257  0.0696424
         0          0          0          1
T_world_lidar: 
 -0.434505   0.900641 0.00713612   0.613838
 -0.899901  -0.434448  0.0378707   -2.15069
 0.0372081  0.0100332   0.999257  0.0696424
         0          0          0          1
v_world_imu:   -0.11065  -0.183285 -0.0055059
frame_269
id: 269
stamp: 1718924338.199989080
T_odom_lidar: 
 -0.434351   0.900706 0.00827177   0.603024
 -0.899961  -0.434338  0.0376863   -2.16922
  0.037537 0.00892481   0.999255  0.0692557
         0          0          0          1
T_world_lidar: 
 -0.434351   0.900706 0.00827177   0.603024
 -0.899961  -0.434338  0.0376863   -2.16922
  0.037537 0.00892481   0.999255  0.0692557
         0          0          0          1
v_world_imu:  -0.100951   -0.18803 -0.0023108
frame_270
id: 270
stamp: 1718924338.299959183
T_odom_lidar: 
 -0.429347   0.903071  0.0111711   0.594618
 -0.902304  -0.429449  0.0377066    -2.1886
 0.0388492 0.00610947   0.999226  0.0698575
         0          0          0          1
T_world_lidar: 
 -0.429347   0.903071  0.0111711   0.594618
 -0.902304  -0.429449  0.0377066    -2.1886
 0.0388492 0.00610947   0.999226  0.0698575
         0          0          0          1
v_world_imu: -0.0944256  -0.192152 0.00905911
frame_271
id: 271
stamp: 1718924338.399987936
T_odom_lidar: 
  -0.404597    0.914347   0.0164754    0.593726
  -0.913733    -0.40493   0.0335351    -2.21056
  0.0373341 -0.00148588    0.999302   0.0712091
          0           0           0           1
T_world_lidar: 
  -0.404597    0.914347   0.0164754    0.593726
  -0.913733    -0.40493   0.0335351    -2.21056
  0.0373341 -0.00148588    0.999302   0.0712091
          0           0           0           1
v_world_imu: -0.0617449  -0.194108  0.0238079
frame_272
id: 272
stamp: 1718924338.499989033
T_odom_lidar: 
   -0.38176    0.924076   0.0185054    0.594458
  -0.923536   -0.382177   0.0319505    -2.23172
  0.0365971 -0.00489299    0.999318   0.0731126
          0           0           0           1
T_world_lidar: 
   -0.38176    0.924076   0.0185054    0.594458
  -0.923536   -0.382177   0.0319505    -2.23172
  0.0365971 -0.00489299    0.999318   0.0731126
          0           0           0           1
v_world_imu: -0.0472534  -0.192837  0.0209454
frame_273
id: 273
stamp: 1718924338.599989891
T_odom_lidar: 
  -0.369353    0.929114   0.0180568     0.59167
  -0.928574   -0.369761   0.0320602    -2.25136
  0.0364642 -0.00492557    0.999323   0.0753736
          0           0           0           1
T_world_lidar: 
  -0.369353    0.929114   0.0180568     0.59167
  -0.928574   -0.369761   0.0320602    -2.25136
  0.0364642 -0.00492557    0.999323   0.0753736
          0           0           0           1
v_world_imu: -0.0751274    -0.1813  0.0165466
frame_274
id: 274
stamp: 1718924338.699896336
T_odom_lidar: 
  -0.361504    0.932212   0.0172116    0.584793
  -0.931631   -0.361891   0.0331312    -2.26971
   0.037114 -0.00405776    0.999303   0.0773248
          0           0           0           1
T_world_lidar: 
  -0.361504    0.932212   0.0172116    0.584793
  -0.931631   -0.361891   0.0331312    -2.26971
   0.037114 -0.00405776    0.999303   0.0773248
          0           0           0           1
v_world_imu:  -0.11153 -0.171256 0.0185601
frame_275
id: 275
stamp: 1718924338.799992085
T_odom_lidar: 
  -0.365004    0.930874   0.0156843    0.573276
  -0.930278   -0.365333   0.0333711    -2.28641
  0.0367943 -0.00241016     0.99932   0.0784647
          0           0           0           1
T_world_lidar: 
  -0.365004    0.930874   0.0156843    0.573276
  -0.930278   -0.365333   0.0333711    -2.28641
  0.0367943 -0.00241016     0.99932   0.0784647
          0           0           0           1
v_world_imu:  -0.109094  -0.165369 0.00500158
frame_276
id: 276
stamp: 1718924338.900013208
T_odom_lidar: 
  -0.363486    0.931485   0.0146383    0.563876
  -0.930879   -0.363778   0.0336112    -2.30347
  0.0366334 -0.00140929    0.999328   0.0792262
          0           0           0           1
T_world_lidar: 
  -0.363486    0.931485   0.0146383    0.563876
  -0.930879   -0.363778   0.0336112    -2.30347
  0.0366334 -0.00140929    0.999328   0.0792262
          0           0           0           1
v_world_imu: -0.0998325   -0.16539 0.00446319
frame_277
id: 277
stamp: 1718924339.099992037
T_odom_lidar: 
   -0.363131     0.931642    0.0134227     0.543351
    -0.93102    -0.363379    0.0340192     -2.33567
   0.0365712 -0.000143344     0.999331    0.0807067
           0            0            0            1
T_world_lidar: 
   -0.363131     0.931642    0.0134227     0.543351
    -0.93102    -0.363379    0.0340192     -2.33567
   0.0365712 -0.000143344     0.999331    0.0807067
           0            0            0            1
v_world_imu:  -0.105549  -0.161616 0.00698388
frame_278
id: 278
stamp: 1718924339.199986935
T_odom_lidar: 
  -0.362228       0.932   0.0129395    0.533191
  -0.931388   -0.362459   0.0337682    -2.35221
   0.036162 0.000180107    0.999346   0.0815049
          0           0           0           1
T_world_lidar: 
  -0.362228       0.932   0.0129395    0.533191
  -0.931388   -0.362459   0.0337682    -2.35221
   0.036162 0.000180107    0.999346   0.0815049
          0           0           0           1
v_world_imu:  -0.109664  -0.164622 0.00683817
frame_279
id: 279
stamp: 1718924339.299996138
T_odom_lidar: 
   -0.362914     0.931732    0.0130402     0.522144
   -0.931142    -0.363148    0.0331292     -2.36877
   0.0356031 -0.000119243     0.999366      0.08185
           0            0            0            1
T_world_lidar: 
   -0.362914     0.931732    0.0130402     0.522144
   -0.931142    -0.363148    0.0331292     -2.36877
   0.0356031 -0.000119243     0.999366      0.08185
           0            0            0            1
v_world_imu:  -0.108458    -0.1669 0.00647189
frame_280
id: 280
stamp: 1718924339.400017262
T_odom_lidar: 
 -0.360713   0.932596  0.0122486   0.511049
  -0.93199   -0.36092  0.0336282   -2.38543
 0.0357823 0.00071458   0.999359   0.082952
         0          0          0          1
T_world_lidar: 
 -0.360713   0.932596  0.0122486   0.511049
  -0.93199   -0.36092  0.0336282   -2.38543
 0.0357823 0.00071458   0.999359   0.082952
         0          0          0          1
v_world_imu:  -0.124358  -0.166827 0.00227344
frame_281
id: 281
stamp: 1718924339.599987030
T_odom_lidar: 
 -0.305288   0.952185  0.0119743   0.502844
 -0.951593  -0.305521  0.0335787   -2.42547
 0.0356315 -0.0011435   0.999364    0.08234
         0          0          0          1
T_world_lidar: 
 -0.305288   0.952185  0.0119743   0.502844
 -0.951593  -0.305521  0.0335787   -2.42547
 0.0356315 -0.0011435   0.999364    0.08234
         0          0          0          1
v_world_imu: -0.0897706  -0.185083 -0.0223277
frame_282
id: 282
stamp: 1718924339.699900150
T_odom_lidar: 
  -0.246839     0.96898   0.0122096    0.510309
  -0.968528   -0.247101   0.0299203    -2.44672
  0.0320092 -0.00443985    0.999478   0.0789121
          0           0           0           1
T_world_lidar: 
  -0.246839     0.96898   0.0122096    0.510309
  -0.968528   -0.247101   0.0299203    -2.44672
  0.0320092 -0.00443985    0.999478   0.0789121
          0           0           0           1
v_world_imu:    -0.0781   -0.17573 -0.0276115
frame_283
id: 283
stamp: 1718924339.800018311
T_odom_lidar: 
  -0.232227    0.972621  0.00892259    0.505103
   -0.97214   -0.232393   0.0306211    -2.46326
  0.0318563 -0.00156297    0.999491   0.0831526
          0           0           0           1
T_world_lidar: 
  -0.232227    0.972621  0.00892259    0.505103
   -0.97214   -0.232393   0.0306211    -2.46326
  0.0318563 -0.00156297    0.999491   0.0831526
          0           0           0           1
v_world_imu: -0.0812278  -0.168494 -0.0202261
frame_284
id: 284
stamp: 1718924339.900015116
T_odom_lidar: 
  -0.236551    0.971569  0.00984353    0.494217
  -0.971104   -0.236743   0.0301599    -2.47987
  0.0316329 -0.00242473    0.999497   0.0810388
          0           0           0           1
T_world_lidar: 
  -0.236551    0.971569  0.00984353    0.494217
  -0.971104   -0.236743   0.0301599    -2.47987
  0.0316329 -0.00242473    0.999497   0.0810388
          0           0           0           1
v_world_imu:  -0.110976  -0.168638 -0.0177535
frame_285
id: 285
stamp: 1718924339.999958992
T_odom_lidar: 
  -0.24507   0.969484 0.00648217   0.479891
 -0.968932  -0.245149  0.0327407   -2.49584
 0.0333306 0.00174295   0.999443  0.0790691
         0          0          0          1
T_world_lidar: 
  -0.24507   0.969484 0.00648217   0.479891
 -0.968932  -0.245149  0.0327407   -2.49584
 0.0333306 0.00174295   0.999443  0.0790691
         0          0          0          1
v_world_imu:  -0.123993  -0.163353 -0.0269661
frame_286
id: 286
stamp: 1718924340.200011253
T_odom_lidar: 
 -0.253863   0.967221  0.0060513   0.454581
 -0.966573  -0.253915  0.0355549   -2.52934
  0.035926 0.00317705   0.999349  0.0740515
         0          0          0          1
T_world_lidar: 
 -0.253863   0.967221  0.0060513   0.454581
 -0.966573  -0.253915  0.0355549   -2.52934
  0.035926 0.00317705   0.999349  0.0740515
         0          0          0          1
v_world_imu: -0.0983778  -0.178316 -0.0284113
frame_287
id: 287
stamp: 1718924340.299993992
T_odom_lidar: 
 -0.256847   0.966434 0.00599015   0.444925
 -0.965763  -0.256893  0.0361537   -2.54769
  0.036479 0.00350089   0.999328  0.0716852
         0          0          0          1
T_world_lidar: 
 -0.256847   0.966434 0.00599015   0.444925
 -0.965763  -0.256893  0.0361537   -2.54769
  0.036479 0.00350089   0.999328  0.0716852
         0          0          0          1
v_world_imu: -0.0841969  -0.185698 -0.0267099
frame_288
id: 288
stamp: 1718924340.399971008
T_odom_lidar: 
 -0.260478   0.965448 0.00784806   0.435057
 -0.964806  -0.260592  0.0352298   -2.56598
 0.0360577 0.00160476   0.999348   0.068053
         0          0          0          1
T_world_lidar: 
 -0.260478   0.965448 0.00784806   0.435057
 -0.964806  -0.260592  0.0352298   -2.56598
 0.0360577 0.00160476   0.999348   0.068053
         0          0          0          1
v_world_imu: -0.0906196  -0.187489 -0.0370886
frame_289
id: 289
stamp: 1718924340.499994993
T_odom_lidar: 
  -0.263068     0.96471   0.0114214     0.42648
  -0.964118   -0.263307   0.0338482    -2.58533
   0.035661 -0.00210716    0.999362   0.0637543
          0           0           0           1
T_world_lidar: 
  -0.263068     0.96471   0.0114214     0.42648
  -0.964118   -0.263307   0.0338482    -2.58533
   0.035661 -0.00210716    0.999362   0.0637543
          0           0           0           1
v_world_imu: -0.0743732  -0.197649  -0.043557
frame_290
id: 290
stamp: 1718924340.699898243
T_odom_lidar: 
  -0.264285    0.964267   0.0185023    0.412458
  -0.963819   -0.264756   0.0309467    -2.62838
  0.0347395 -0.00965413     0.99935   0.0533627
          0           0           0           1
T_world_lidar: 
  -0.264285    0.964267   0.0185023    0.412458
  -0.963819   -0.264756   0.0309467    -2.62838
  0.0347395 -0.00965413     0.99935   0.0533627
          0           0           0           1
v_world_imu: -0.0459983  -0.230736 -0.0557321
frame_291
id: 291
stamp: 1718924340.800015211
T_odom_lidar: 
 -0.233659    0.97193  0.0274998   0.418324
  -0.97183  -0.234344   0.025072   -2.65224
 0.0308126 -0.0208668   0.999307  0.0464478
         0          0          0          1
T_world_lidar: 
 -0.233659    0.97193  0.0274998   0.418324
  -0.97183  -0.234344   0.025072   -2.65224
 0.0308126 -0.0208668   0.999307  0.0464478
         0          0          0          1
v_world_imu: -0.00411968   -0.215671  -0.0564434
frame_292
id: 292
stamp: 1718924340.899997950
T_odom_lidar: 
 -0.186524   0.981946  0.0314671   0.433209
 -0.982124  -0.187192  0.0197902   -2.67539
 0.0253233 -0.0272133   0.999309  0.0385857
         0          0          0          1
T_world_lidar: 
 -0.186524   0.981946  0.0314671   0.433209
 -0.982124  -0.187192  0.0197902   -2.67539
 0.0253233 -0.0272133   0.999309  0.0385857
         0          0          0          1
v_world_imu:  0.0579443  -0.226063 -0.0760703
frame_293
id: 293
stamp: 1718924341.099983215
T_odom_lidar: 
-0.00871317    0.999563   0.0282623     0.49801
  -0.999913 -0.00898881  0.00964077    -2.72783
 0.00989059  -0.0281758    0.999554    0.017753
          0           0           0           1
T_world_lidar: 
-0.00871317    0.999563   0.0282623     0.49801
  -0.999913 -0.00898881  0.00964077    -2.72783
 0.00989059  -0.0281758    0.999554    0.017753
          0           0           0           1
v_world_imu:  0.125166 -0.294153 -0.100666
frame_294
id: 294
stamp: 1718924341.199967146
T_odom_lidar: 
 0.0352745    0.99894  0.0295867   0.512983
 -0.999184  0.0346699  0.0207036   -2.75495
 0.0196559 -0.0302929   0.999348  0.0145671
         0          0          0          1
T_world_lidar: 
 0.0352745    0.99894  0.0295867   0.512983
 -0.999184  0.0346699  0.0207036   -2.75495
 0.0196559 -0.0302929   0.999348  0.0145671
         0          0          0          1
v_world_imu: -0.0875857  -0.280679  0.0328084
frame_295
id: 295
stamp: 1718924341.299990177
T_odom_lidar: 
 0.0360588   0.998852  0.0315362   0.498519
 -0.999037  0.0352398  0.0261517   -2.78176
 0.0250103 -0.0324488    0.99916  0.0188358
         0          0          0          1
T_world_lidar: 
 0.0360588   0.998852  0.0315362   0.498519
 -0.999037  0.0352398  0.0261517   -2.78176
 0.0250103 -0.0324488    0.99916  0.0188358
         0          0          0          1
v_world_imu: -0.172316 -0.282969 0.0222117
frame_296
id: 296
stamp: 1718924341.399994135
T_odom_lidar: 
 0.0421801   0.998739  0.0272313   0.481618
 -0.998751  0.0414191  0.0279288   -2.81057
 0.0267657 -0.0283753   0.999239   0.023092
         0          0          0          1
T_world_lidar: 
 0.0421801   0.998739  0.0272313   0.481618
 -0.998751  0.0414191  0.0279288   -2.81057
 0.0267657 -0.0283753   0.999239   0.023092
         0          0          0          1
v_world_imu: -0.178538 -0.290135 0.0463765
frame_297
id: 297
stamp: 1718924341.499993324
T_odom_lidar: 
 0.0375578   0.999006  0.0240041   0.464811
 -0.998858  0.0368209  0.0304387   -2.83892
 0.0295246 -0.0251199   0.999248  0.0282592
         0          0          0          1
T_world_lidar: 
 0.0375578   0.999006  0.0240041   0.464811
 -0.998858  0.0368209  0.0304387   -2.83892
 0.0295246 -0.0251199   0.999248  0.0282592
         0          0          0          1
v_world_imu:  -0.12692 -0.275499 0.0421509
frame_298
id: 298
stamp: 1718924341.599983215
T_odom_lidar: 
 0.0376978   0.999044  0.0221335   0.452415
 -0.998807  0.0369823  0.0318941   -2.86538
  0.031045 -0.0233094   0.999246  0.0326838
         0          0          0          1
T_world_lidar: 
 0.0376978   0.999044  0.0221335   0.452415
 -0.998807  0.0369823  0.0318941   -2.86538
  0.031045 -0.0233094   0.999246  0.0326838
         0          0          0          1
v_world_imu: -0.114127 -0.256779 0.0374194
frame_299
id: 299
stamp: 1718924341.699896097
T_odom_lidar: 
 0.0396051   0.999002  0.0206409   0.443808
 -0.998704  0.0389153  0.0328129   -2.89012
 0.0319769 -0.0219137   0.999248  0.0366872
         0          0          0          1
T_world_lidar: 
 0.0396051   0.999002  0.0206409   0.443808
 -0.998704  0.0389153  0.0328129   -2.89012
 0.0319769 -0.0219137   0.999248  0.0366872
         0          0          0          1
v_world_imu: -0.0848482   -0.24189  0.0322054
frame_300
id: 300
stamp: 1718924341.800001144
T_odom_lidar: 
 0.0417716   0.998952  0.0187353   0.436961
 -0.998601  0.0411336  0.0332329   -2.91389
 0.0324274 -0.0200973   0.999272  0.0402407
         0          0          0          1
T_world_lidar: 
 0.0417716   0.998952  0.0187353   0.436961
 -0.998601  0.0411336  0.0332329   -2.91389
 0.0324274 -0.0200973   0.999272  0.0402407
         0          0          0          1
v_world_imu: -0.0588642  -0.236135  0.0313975
frame_301
id: 301
stamp: 1718924341.900011063
T_odom_lidar: 
 0.0427904   0.998947  0.0165224    0.43251
 -0.998533   0.042212  0.0338992   -2.93673
 0.0331661 -0.0179487   0.999289  0.0435969
         0          0          0          1
T_world_lidar: 
 0.0427904   0.998947  0.0165224    0.43251
 -0.998533   0.042212  0.0338992   -2.93673
 0.0331661 -0.0179487   0.999289  0.0435969
         0          0          0          1
v_world_imu: -0.0388277  -0.218391  0.0287344
frame_302
id: 302
stamp: 1718924342.099995136
T_odom_lidar: 
 0.0458651   0.998869  0.0125719   0.428637
 -0.998375  0.0454092  0.0344187   -2.97893
 0.0338089 -0.0141301   0.999328  0.0500484
         0          0          0          1
T_world_lidar: 
 0.0458651   0.998869  0.0125719   0.428637
 -0.998375  0.0454092  0.0344187   -2.97893
 0.0338089 -0.0141301   0.999328  0.0500484
         0          0          0          1
v_world_imu: -0.0107393  -0.205458  0.0270457
frame_303
id: 303
stamp: 1718924342.199988127
T_odom_lidar: 
 0.0474256   0.998822  0.0103047   0.428461
 -0.998298  0.0470453  0.0344597   -2.99957
 0.0339343 -0.0119214   0.999353  0.0532471
         0          0          0          1
T_world_lidar: 
 0.0474256   0.998822  0.0103047   0.428461
 -0.998298  0.0470453  0.0344597   -2.99957
 0.0339343 -0.0119214   0.999353  0.0532471
         0          0          0          1
v_world_imu: -0.00340055   -0.215109   0.0303577
frame_304
id: 304
stamp: 1718924342.299986124
T_odom_lidar: 
   0.047415    0.998844  0.00788446    0.428524
  -0.998277   0.0471121   0.0349648    -3.02177
  0.0345529 -0.00952873    0.999357   0.0561967
          0           0           0           1
T_world_lidar: 
   0.047415    0.998844  0.00788446    0.428524
  -0.998277   0.0471121   0.0349648    -3.02177
  0.0345529 -0.00952873    0.999357   0.0561967
          0           0           0           1
v_world_imu: 0.00447157  -0.227431  0.0247293
frame_305
id: 305
stamp: 1718924342.399989128
T_odom_lidar: 
  0.0488988     0.99879  0.00530427    0.430245
  -0.998191   0.0486822   0.0352735    -3.04504
  0.0349726 -0.00701951    0.999364   0.0584865
          0           0           0           1
T_world_lidar: 
  0.0488988     0.99879  0.00530427    0.430245
  -0.998191   0.0486822   0.0352735    -3.04504
  0.0349726 -0.00701951    0.999364   0.0584865
          0           0           0           1
v_world_imu:  0.018842 -0.237974 0.0194615
frame_306
id: 306
stamp: 1718924342.499989033
T_odom_lidar: 
  0.0487258    0.998807  0.00312055    0.431952
  -0.998179   0.0485835   0.0357575    -3.06881
  0.0355632 -0.00485718    0.999356   0.0605792
          0           0           0           1
T_world_lidar: 
  0.0487258    0.998807  0.00312055    0.431952
  -0.998179   0.0485835   0.0357575    -3.06881
  0.0355632 -0.00485718    0.999356   0.0605792
          0           0           0           1
v_world_imu:  0.020253 -0.234516 0.0191785
frame_307
id: 307
stamp: 1718924342.599985123
T_odom_lidar: 
  0.0495666     0.99877  0.00144937    0.435045
  -0.998127   0.0494825    0.035971    -3.09279
  0.0358551 -0.00322962    0.999352   0.0623141
          0           0           0           1
T_world_lidar: 
  0.0495666     0.99877  0.00144937    0.435045
  -0.998127   0.0494825    0.035971    -3.09279
  0.0358551 -0.00322962    0.999352   0.0623141
          0           0           0           1
v_world_imu: 0.0316765 -0.244462 0.0181529
frame_308
id: 308
stamp: 1718924342.699901104
T_odom_lidar: 
  0.0493129    0.998783 0.000340559     0.43768
  -0.998112   0.0492673   0.0366634    -3.11705
   0.036602 -0.00214789    0.999328   0.0641275
          0           0           0           1
T_world_lidar: 
  0.0493129    0.998783 0.000340559     0.43768
  -0.998112   0.0492673   0.0366634    -3.11705
   0.036602 -0.00214789    0.999328   0.0641275
          0           0           0           1
v_world_imu:   0.02936 -0.240196  0.015037
frame_309
id: 309
stamp: 1718924342.799985170
T_odom_lidar: 
   0.0512869     0.998684 -0.000201369      0.44166
   -0.998016      0.05126    0.0365494     -3.14096
   0.0365116  -0.00167354     0.999332    0.0657828
           0            0            0            1
T_world_lidar: 
   0.0512869     0.998684 -0.000201369      0.44166
   -0.998016      0.05126    0.0365494     -3.14096
   0.0365116  -0.00167354     0.999332    0.0657828
           0            0            0            1
v_world_imu:  0.034297 -0.238349 0.0149006
frame_310
id: 310
stamp: 1718924342.900005102
T_odom_lidar: 
   0.0506599     0.998716 -0.000222363     0.445205
   -0.998034    0.0506335    0.0369507     -3.16483
   0.0369145  -0.00164999     0.999317    0.0664833
           0            0            0            1
T_world_lidar: 
   0.0506599     0.998716 -0.000222363     0.445205
   -0.998034    0.0506335    0.0369507     -3.16483
   0.0369145  -0.00164999     0.999317    0.0664833
           0            0            0            1
v_world_imu: 0.0341951  -0.23943 0.0126223
frame_311
id: 311
stamp: 1718924343.099985123
T_odom_lidar: 
   0.0501596     0.998741 -0.000726054     0.451976
   -0.998058    0.0501521    0.0369508     -3.21308
   0.0369407  -0.00112879     0.999317    0.0686783
           0            0            0            1
T_world_lidar: 
   0.0501596     0.998741 -0.000726054     0.451976
   -0.998058    0.0501521    0.0369508     -3.21308
   0.0369407  -0.00112879     0.999317    0.0686783
           0            0            0            1
v_world_imu: 0.0292882 -0.235658 0.0116935
frame_312
id: 312
stamp: 1718924343.199989080
T_odom_lidar: 
    0.048659     0.998815   -0.0011722     0.454405
   -0.998145    0.0486693    0.0365674      -3.2369
   0.0365811 -0.000609303     0.999331    0.0695006
           0            0            0            1
T_world_lidar: 
    0.048659     0.998815   -0.0011722     0.454405
   -0.998145    0.0486693    0.0365674      -3.2369
   0.0365811 -0.000609303     0.999331    0.0695006
           0            0            0            1
v_world_imu:  0.0254406  -0.237807 0.00826414
frame_313
id: 313
stamp: 1718924343.299986124
T_odom_lidar: 
   0.0476515     0.998864 -0.000522628     0.456449
   -0.998213    0.0476393    0.0360772     -3.26094
   0.0360611  -0.00119744     0.999349    0.0701553
           0            0            0            1
T_world_lidar: 
   0.0476515     0.998864 -0.000522628     0.456449
   -0.998213    0.0476393    0.0360772     -3.26094
   0.0360611  -0.00119744     0.999349    0.0701553
           0            0            0            1
v_world_imu:  0.0228032   -0.24201 0.00774777
frame_314
id: 314
stamp: 1718924343.399991989
T_odom_lidar: 
  0.0473334    0.998879  3.2913e-05    0.458513
  -0.998235   0.0473017   0.0359107    -3.28508
  0.0358689 -0.00173263    0.999355   0.0709307
          0           0           0           1
T_world_lidar: 
  0.0473334    0.998879  3.2913e-05    0.458513
  -0.998235   0.0473017   0.0359107    -3.28508
  0.0358689 -0.00173263    0.999355   0.0709307
          0           0           0           1
v_world_imu: 0.0185766 -0.238995 0.0114579
frame_315
id: 315
stamp: 1718924343.499989986
T_odom_lidar: 
   0.0484488     0.998826 -0.000217546     0.460556
   -0.998164    0.0484246    0.0363929     -3.30921
   0.0363607  -0.00154605     0.999338    0.0719314
           0            0            0            1
T_world_lidar: 
   0.0484488     0.998826 -0.000217546     0.460556
   -0.998164    0.0484246    0.0363929     -3.30921
   0.0363607  -0.00154605     0.999338    0.0719314
           0            0            0            1
v_world_imu:  0.0183646  -0.245886 0.00794339
frame_316
id: 316
stamp: 1718924343.599987030
T_odom_lidar: 
   0.047243    0.998883  0.00043922      0.4625
  -0.998234   0.0471964   0.0360665    -3.33327
  0.0360055 -0.00214234    0.999349   0.0728823
          0           0           0           1
T_world_lidar: 
   0.047243    0.998883  0.00043922      0.4625
  -0.998234   0.0471964   0.0360665    -3.33327
  0.0360055 -0.00214234    0.999349   0.0728823
          0           0           0           1
v_world_imu:    0.02918  -0.237578 0.00949546
frame_317
id: 317
stamp: 1718924343.699975967
T_odom_lidar: 
  0.0482412    0.998835 0.000688054    0.465503
  -0.998203   0.0481862   0.0356097    -3.35741
  0.0355351 -0.00240467    0.999366   0.0735658
          0           0           0           1
T_world_lidar: 
  0.0482412    0.998835 0.000688054    0.465503
  -0.998203   0.0481862   0.0356097    -3.35741
  0.0355351 -0.00240467    0.999366   0.0735658
          0           0           0           1
v_world_imu:  0.0211175  -0.242777 0.00554196
frame_318
id: 318
stamp: 1718924343.799989939
T_odom_lidar: 
  0.0481321    0.998841 0.000474169    0.467279
  -0.998203   0.0480844   0.0357507    -3.38159
  0.0356865 -0.00219407    0.999361   0.0746918
          0           0           0           1
T_world_lidar: 
  0.0481321    0.998841 0.000474169    0.467279
  -0.998203   0.0480844   0.0357507    -3.38159
  0.0356865 -0.00219407    0.999361   0.0746918
          0           0           0           1
v_world_imu: 0.0156154 -0.239834 0.0175201
frame_319
id: 319
stamp: 1718924343.900012016
T_odom_lidar: 
  0.0476946    0.998862 0.000284895    0.468595
  -0.998224   0.0476539   0.0357475    -3.40554
  0.0356933 -0.00198935    0.999361   0.0763484
          0           0           0           1
T_world_lidar: 
  0.0476946    0.998862 0.000284895    0.468595
  -0.998224   0.0476539   0.0357475    -3.40554
  0.0356933 -0.00198935    0.999361   0.0763484
          0           0           0           1
v_world_imu: 0.0166409 -0.240961 0.0160005
frame_320
id: 320
stamp: 1718924344.099987984
T_odom_lidar: 
  0.0479289    0.998851 0.000664131    0.471312
  -0.998232   0.0478758   0.0352144    -3.45386
  0.0351421 -0.00235074     0.99938   0.0792726
          0           0           0           1
T_world_lidar: 
  0.0479289    0.998851 0.000664131    0.471312
  -0.998232   0.0478758   0.0352144    -3.45386
  0.0351421 -0.00235074     0.99938   0.0792726
          0           0           0           1
v_world_imu: 0.0107044 -0.248367  0.014144
frame_321
id: 321
stamp: 1718924344.199985981
T_odom_lidar: 
  0.0472935    0.998881  0.00077514    0.472372
  -0.998274   0.0472377   0.0348908    -3.47893
  0.0348152 -0.00242391    0.999391   0.0804916
          0           0           0           1
T_world_lidar: 
  0.0472935    0.998881  0.00077514    0.472372
  -0.998274   0.0472377   0.0348908    -3.47893
  0.0348152 -0.00242391    0.999391   0.0804916
          0           0           0           1
v_world_imu: 0.0132896 -0.254612 0.0103214
frame_322
id: 322
stamp: 1718924344.299983978
T_odom_lidar: 
  0.0481024    0.998842 0.000405201    0.473936
  -0.998237   0.0480591   0.0348291    -3.50476
  0.0347693 -0.00207985    0.999393    0.081317
          0           0           0           1
T_world_lidar: 
  0.0481024    0.998842 0.000405201    0.473936
  -0.998237   0.0480591   0.0348291    -3.50476
  0.0347693 -0.00207985    0.999393    0.081317
          0           0           0           1
v_world_imu:  0.0138486  -0.260785 0.00826002
frame_323
id: 323
stamp: 1718924344.399984837
T_odom_lidar: 
  0.0478215    0.998856 0.000685388    0.475449
  -0.998273   0.0477701   0.0342024    -3.53123
  0.0341306 -0.00231982    0.999415   0.0814957
          0           0           0           1
T_world_lidar: 
  0.0478215    0.998856 0.000685388    0.475449
  -0.998273   0.0477701   0.0342024    -3.53123
  0.0341306 -0.00231982    0.999415   0.0814957
          0           0           0           1
v_world_imu:   0.0180779    -0.26825 0.000973294
frame_324
id: 324
stamp: 1718924344.499986887
T_odom_lidar: 
  0.0480051    0.998847 0.000885828    0.477191
   -0.99829   0.0479486   0.0334422    -3.55834
  0.0333611 -0.00248971     0.99944   0.0813536
          0           0           0           1
T_world_lidar: 
  0.0480051    0.998847 0.000885828    0.477191
   -0.99829   0.0479486   0.0334422    -3.55834
  0.0333611 -0.00248971     0.99944   0.0813536
          0           0           0           1
v_world_imu:  0.0157728  -0.273497 0.00238983
frame_325
id: 325
stamp: 1718924344.599992990
T_odom_lidar: 
   0.0481605      0.99884 -2.25699e-05     0.478645
   -0.998283    0.0481344    0.0333772     -3.58537
   0.0333396  -0.00158493     0.999443    0.0811803
           0            0            0            1
T_world_lidar: 
   0.0481605      0.99884 -2.25699e-05     0.478645
   -0.998283    0.0481344    0.0333772     -3.58537
   0.0333396  -0.00158493     0.999443    0.0811803
           0            0            0            1
v_world_imu:   0.0118723   -0.267044 -0.00811015
frame_326
id: 326
stamp: 1718924344.699893236
T_odom_lidar: 
  0.0488279    0.998807 -0.00021118    0.479869
  -0.998245   0.0488075   0.0335312    -3.61149
  0.0335015 -0.00142645    0.999438   0.0796498
          0           0           0           1
T_world_lidar: 
  0.0488279    0.998807 -0.00021118    0.479869
  -0.998245   0.0488075   0.0335312    -3.61149
  0.0335015 -0.00142645    0.999438   0.0796498
          0           0           0           1
v_world_imu:   0.0112644   -0.268777 -0.00948216
frame_327
id: 327
stamp: 1718924344.699987888
T_odom_lidar: 
   0.0489521     0.998801 -0.000100665     0.477329
   -0.998168    0.0489246    0.0356067     -3.60121
   0.0355689  -0.00164254     0.999366    0.0645146
           0            0            0            1
T_world_lidar: 
   0.0489521     0.998801 -0.000100665     0.477329
   -0.998168    0.0489246    0.0356067     -3.60121
   0.0355689  -0.00164254     0.999366    0.0645146
           0            0            0            1
v_world_imu: 0.00777101  -0.227864  0.0217937
frame_328
id: 328
stamp: 1718924344.799985886
T_odom_lidar: 
  0.0488836    0.998804 0.000282636    0.478177
  -0.998176   0.0488427   0.0354952    -3.62412
   0.035439 -0.00201725     0.99937   0.0665029
          0           0           0           1
T_world_lidar: 
  0.0488836    0.998804 0.000282636    0.478177
  -0.998176   0.0488427   0.0354952    -3.62412
   0.035439 -0.00201725     0.99937   0.0665029
          0           0           0           1
v_world_imu: 0.00752556  -0.230276  0.0170494
frame_329
id: 329
stamp: 1718924344.899989843
T_odom_lidar: 
     0.04934     0.998782 -0.000149384     0.478871
   -0.998152    0.0493142     0.035515     -3.64728
   0.0354792   -0.0016032     0.999369    0.0681242
           0            0            0            1
T_world_lidar: 
     0.04934     0.998782 -0.000149384     0.478871
   -0.998152    0.0493142     0.035515     -3.64728
   0.0354792   -0.0016032     0.999369    0.0681242
           0            0            0            1
v_world_imu: 0.00368175  -0.232228  0.0164361
frame_330
id: 330
stamp: 1718924345.099985123
T_odom_lidar: 
   0.0503317     0.998732  -0.00121803     0.480794
   -0.998086     0.050343    0.0359246     -3.69391
   0.0359404 -0.000592449     0.999354    0.0711948
           0            0            0            1
T_world_lidar: 
   0.0503317     0.998732  -0.00121803     0.480794
   -0.998086     0.050343    0.0359246     -3.69391
   0.0359404 -0.000592449     0.999354    0.0711948
           0            0            0            1
v_world_imu: 0.0046654  -0.23146 0.0175377
frame_331
id: 331
stamp: 1718924345.199987173
T_odom_lidar: 
   0.0502023     0.998739 -0.000847351     0.481168
   -0.998085    0.0502001    0.0361561     -3.71726
    0.036153 -0.000969388     0.999346    0.0729349
           0            0            0            1
T_world_lidar: 
   0.0502023     0.998739 -0.000847351     0.481168
   -0.998085    0.0502001    0.0361561     -3.71726
    0.036153 -0.000969388     0.999346    0.0729349
           0            0            0            1
v_world_imu: 0.0048831 -0.238471 0.0174505
frame_332
id: 332
stamp: 1718924345.299989223
T_odom_lidar: 
   0.0508005     0.998709 -0.000255688     0.481897
   -0.998043    0.0507759    0.0365074     -3.74141
   0.0364732  -0.00159941     0.999333    0.0746884
           0            0            0            1
T_world_lidar: 
   0.0508005     0.998709 -0.000255688     0.481897
   -0.998043    0.0507759    0.0365074     -3.74141
   0.0364732  -0.00159941     0.999333    0.0746884
           0            0            0            1
v_world_imu: 0.00253048   -0.24411  0.0152545
frame_333
id: 333
stamp: 1718924345.399983168
T_odom_lidar: 
   0.0501873     0.998739 -0.000855956     0.481518
   -0.998062    0.0501848    0.0367897     -3.76597
   0.0367863 -0.000992077     0.999323    0.0760987
           0            0            0            1
T_world_lidar: 
   0.0501873     0.998739 -0.000855956     0.481518
   -0.998062    0.0501848    0.0367897     -3.76597
   0.0367863 -0.000992077     0.999323    0.0760987
           0            0            0            1
v_world_imu: -0.00154542   -0.244731   0.0133161
frame_334
id: 334
stamp: 1718924345.499979258
T_odom_lidar: 
   0.0512216     0.998687 -0.000459308     0.482395
   -0.998003    0.0512035    0.0369927     -3.79025
   0.0369676  -0.00143643     0.999315    0.0771839
           0            0            0            1
T_world_lidar: 
   0.0512216     0.998687 -0.000459308     0.482395
   -0.998003    0.0512035    0.0369927     -3.79025
   0.0369676  -0.00143643     0.999315    0.0771839
           0            0            0            1
v_world_imu: 0.00843822  -0.242789   0.010624
frame_335
id: 335
stamp: 1718924345.599981308
T_odom_lidar: 
   0.0525176      0.99862 -0.000727086     0.483312
   -0.997954    0.0525092     0.036475     -3.81424
   0.0364629  -0.00118998     0.999334    0.0770898
           0            0            0            1
T_world_lidar: 
   0.0525176      0.99862 -0.000727086     0.483312
   -0.997954    0.0525092     0.036475     -3.81424
   0.0364629  -0.00118998     0.999334    0.0770898
           0            0            0            1
v_world_imu:   0.0085096   -0.242627 -0.00606676
frame_336
id: 336
stamp: 1718924345.699896097
T_odom_lidar: 
   0.0531724     0.998585 -0.000441858      0.48481
   -0.997922    0.0531532    0.0364203     -3.83847
   0.0363923  -0.00149562     0.999336    0.0765798
           0            0            0            1
T_world_lidar: 
   0.0531724     0.998585 -0.000441858      0.48481
   -0.997922    0.0531532    0.0364203     -3.83847
   0.0363923  -0.00149562     0.999336    0.0765798
           0            0            0            1
v_world_imu:   0.0141561   -0.241866 -0.00203836
frame_337
id: 337
stamp: 1718924345.799986124
T_odom_lidar: 
   0.0545349     0.998511 -0.000951553     0.486485
   -0.997829    0.0545328    0.0369381      -3.8626
    0.036935  -0.00106493     0.999317     0.076605
           0            0            0            1
T_world_lidar: 
   0.0545349     0.998511 -0.000951553     0.486485
   -0.997829    0.0545328    0.0369381      -3.8626
    0.036935  -0.00106493     0.999317     0.076605
           0            0            0            1
v_world_imu:    0.0133307    -0.242895 -0.000789749
frame_338
id: 338
stamp: 1718924345.900014162
T_odom_lidar: 
   0.0539678     0.998541  -0.00200893     0.487433
   -0.997826    0.0540052    0.0377724      -3.8868
   0.0378258 -3.39296e-05     0.999284    0.0771981
           0            0            0            1
T_world_lidar: 
   0.0539678     0.998541  -0.00200893     0.487433
   -0.997826    0.0540052    0.0377724      -3.8868
   0.0378258 -3.39296e-05     0.999284    0.0771981
           0            0            0            1
v_world_imu: 0.00433468  -0.239653 0.00322375
frame_339
id: 339
stamp: 1718924346.099990129
T_odom_lidar: 
  0.0523002    0.998628 -0.00246977     0.48962
  -0.997897   0.0523564   0.0382223    -3.93438
  0.0382992 0.000465541    0.999266    0.077284
          0           0           0           1
T_world_lidar: 
  0.0523002    0.998628 -0.00246977     0.48962
  -0.997897   0.0523564   0.0382223    -3.93438
  0.0382992 0.000465541    0.999266    0.077284
          0           0           0           1
v_world_imu: 0.00649261  -0.239156 0.00145087
frame_340
id: 340
stamp: 1718924346.199993134
T_odom_lidar: 
  0.0527673    0.998601 -0.00330886    0.490951
   -0.99788    0.052855   0.0379829    -3.95836
  0.0381047  0.00129759    0.999273   0.0774555
          0           0           0           1
T_world_lidar: 
  0.0527673    0.998601 -0.00330886    0.490951
   -0.99788    0.052855   0.0379829    -3.95836
  0.0381047  0.00129759    0.999273   0.0774555
          0           0           0           1
v_world_imu:  0.0212195  -0.241316 0.00395057
frame_341
id: 341
stamp: 1718924346.299997091
T_odom_lidar: 
  0.0543993    0.998513 -0.00340497    0.493436
  -0.997804   0.0544891   0.0376483    -3.98234
  0.0377778  0.00134945    0.999285   0.0777273
          0           0           0           1
T_world_lidar: 
  0.0543993    0.998513 -0.00340497    0.493436
  -0.997804   0.0544891   0.0376483    -3.98234
  0.0377778  0.00134945    0.999285   0.0777273
          0           0           0           1
v_world_imu:  0.0110601   -0.23885 0.00476021
frame_342
id: 342
stamp: 1718924346.399992228
T_odom_lidar: 
  0.0552614    0.998465 -0.00383719    0.495151
  -0.997775    0.055366   0.0371514    -4.00642
  0.0373068  0.00177561    0.999302   0.0782288
          0           0           0           1
T_world_lidar: 
  0.0552614    0.998465 -0.00383719    0.495151
  -0.997775    0.055366   0.0371514    -4.00642
  0.0373068  0.00177561    0.999302   0.0782288
          0           0           0           1
v_world_imu:   0.021747  -0.244699 0.00635912
frame_343
id: 343
stamp: 1718924346.499991179
T_odom_lidar: 
  0.0548497    0.998486 -0.00408024    0.497239
  -0.997793   0.0549638   0.0372687    -4.03204
  0.0374366  0.00202706    0.999297   0.0801289
          0           0           0           1
T_world_lidar: 
  0.0548497    0.998486 -0.00408024    0.497239
  -0.997793   0.0549638   0.0372687    -4.03204
  0.0374366  0.00202706    0.999297   0.0801289
          0           0           0           1
v_world_imu: 0.0143473 -0.240527 0.0144223
frame_344
id: 344
stamp: 1718924346.600000143
T_odom_lidar: 
 0.0550535   0.998475 -0.0041035   0.498403
 -0.997797  0.0551676  0.0368464   -4.05592
 0.0370166 0.00206594   0.999313  0.0815923
         0          0          0          1
T_world_lidar: 
 0.0550535   0.998475 -0.0041035   0.498403
 -0.997797  0.0551676  0.0368464   -4.05592
 0.0370166 0.00206594   0.999313  0.0815923
         0          0          0          1
v_world_imu: 0.00761908  -0.237389  0.0173274
frame_345
id: 345
stamp: 1718924346.699903965
T_odom_lidar: 
  0.0544432    0.998509 -0.00406544    0.498701
  -0.997838   0.0545558   0.0366531    -4.07952
  0.0368202  0.00206114     0.99932   0.0831764
          0           0           0           1
T_world_lidar: 
  0.0544432    0.998509 -0.00406544    0.498701
  -0.997838   0.0545558   0.0366531    -4.07952
  0.0368202  0.00206114     0.99932   0.0831764
          0           0           0           1
v_world_imu: 0.000999194   -0.236231   0.0160383
frame_346
id: 346
stamp: 1718924346.800001144
T_odom_lidar: 
  0.0544855    0.998506 -0.00402911    0.499145
  -0.997842   0.0545965   0.0364835    -4.10361
   0.036649   0.0020326    0.999326   0.0843774
          0           0           0           1
T_world_lidar: 
  0.0544855    0.998506 -0.00402911    0.499145
  -0.997842   0.0545965   0.0364835    -4.10361
   0.036649   0.0020326    0.999326   0.0843774
          0           0           0           1
v_world_imu: 0.00924769  -0.245963 0.00612121
frame_347
id: 347
stamp: 1718924346.900017023
T_odom_lidar: 
  0.0547681    0.998486 -0.00511874    0.500024
  -0.997828   0.0549185   0.0363632    -4.12825
  0.0365893  0.00311608    0.999326   0.0851226
          0           0           0           1
T_world_lidar: 
  0.0547681    0.998486 -0.00511874    0.500024
  -0.997828   0.0549185   0.0363632    -4.12825
  0.0365893  0.00311608    0.999326   0.0851226
          0           0           0           1
v_world_imu: 0.00227125   -0.24211 0.00807742
frame_348
id: 348
stamp: 1718924347.099998951
T_odom_lidar: 
  0.0543951      0.9985 -0.00627238    0.502134
  -0.997873   0.0545849   0.0356461    -4.17654
   0.035935  0.00432006    0.999345   0.0861297
          0           0           0           1
T_world_lidar: 
  0.0543951      0.9985 -0.00627238    0.502134
  -0.997873   0.0545849   0.0356461    -4.17654
   0.035935  0.00432006    0.999345   0.0861297
          0           0           0           1
v_world_imu: 0.00556538  -0.240288 0.00478502
frame_349
id: 349
stamp: 1718924347.199990034
T_odom_lidar: 
  0.0530141    0.998577 -0.00572566    0.502687
  -0.997961   0.0531837   0.0352891     -4.2007
  0.0355434  0.00384316    0.999361   0.0863191
          0           0           0           1
T_world_lidar: 
  0.0530141    0.998577 -0.00572566    0.502687
  -0.997961   0.0531837   0.0352891     -4.2007
  0.0355434  0.00384316    0.999361   0.0863191
          0           0           0           1
v_world_imu:  0.0136889   -0.24097 0.00199399
frame_350
id: 350
stamp: 1718924347.299987078
T_odom_lidar: 
  0.0527786    0.998593 -0.00514603    0.504217
  -0.997978   0.0529275   0.0352017     -4.2249
  0.0354246  0.00327773    0.999367   0.0863939
          0           0           0           1
T_world_lidar: 
  0.0527786    0.998593 -0.00514603    0.504217
  -0.997978   0.0529275   0.0352017     -4.2249
  0.0354246  0.00327773    0.999367   0.0863939
          0           0           0           1
v_world_imu:    0.0110844      -0.2425 -3.77902e-05
frame_351
id: 351
stamp: 1718924347.399987936
T_odom_lidar: 
   0.053685    0.998546 -0.00488711    0.505607
  -0.997947   0.0538227   0.0347197    -4.24901
  0.0349323  0.00301314    0.999385   0.0856854
          0           0           0           1
T_world_lidar: 
   0.053685    0.998546 -0.00488711    0.505607
  -0.997947   0.0538227   0.0347197    -4.24901
  0.0349323  0.00301314    0.999385   0.0856854
          0           0           0           1
v_world_imu:  0.0141032  -0.239546 -0.0132504
frame_352
id: 352
stamp: 1718924347.499989033
T_odom_lidar: 
   0.054878    0.998482 -0.00474534    0.507309
  -0.997888   0.0550095   0.0345375    -4.27279
  0.0347461  0.00283997    0.999392   0.0842368
          0           0           0           1
T_world_lidar: 
   0.054878    0.998482 -0.00474534    0.507309
  -0.997888   0.0550095   0.0345375    -4.27279
  0.0347461  0.00283997    0.999392   0.0842368
          0           0           0           1
v_world_imu:  0.0120847  -0.238568 -0.0145272
frame_353
id: 353
stamp: 1718924347.599987984
T_odom_lidar: 
  0.0556018    0.998438 -0.00544031    0.508707
   -0.99787   0.0557547   0.0338736    -4.29642
   0.034124  0.00354529    0.999411   0.0828175
          0           0           0           1
T_world_lidar: 
  0.0556018    0.998438 -0.00544031    0.508707
   -0.99787   0.0557547   0.0338736    -4.29642
   0.034124  0.00354529    0.999411   0.0828175
          0           0           0           1
v_world_imu:  0.0124642    -0.2367 -0.0145795
frame_354
id: 354
stamp: 1718924347.699978113
T_odom_lidar: 
  0.0555472     0.99844 -0.00562591    0.510029
  -0.997876   0.0557061   0.0337674    -4.31998
  0.0340282  0.00373828    0.999414   0.0815099
          0           0           0           1
T_world_lidar: 
  0.0555472     0.99844 -0.00562591    0.510029
  -0.997876   0.0557061   0.0337674    -4.31998
  0.0340282  0.00373828    0.999414   0.0815099
          0           0           0           1
v_world_imu:  0.0157515   -0.23372 -0.0113647
frame_355
id: 355
stamp: 1718924347.799978018
T_odom_lidar: 
  0.0567073    0.998379 -0.00485549    0.512011
  -0.997849   0.0568361   0.0326711    -4.34368
  0.0328941  0.00299235    0.999454   0.0794514
          0           0           0           1
T_world_lidar: 
  0.0567073    0.998379 -0.00485549    0.512011
  -0.997849   0.0568361   0.0326711    -4.34368
  0.0328941  0.00299235    0.999454   0.0794514
          0           0           0           1
v_world_imu:  0.0164606  -0.238943 -0.0206973
frame_356
id: 356
stamp: 1718924347.900004864
T_odom_lidar: 
  0.0561426    0.998412 -0.00453681     0.51359
  -0.997889   0.0562605   0.0324326    -4.36752
  0.0326363  0.00270639    0.999464   0.0773755
          0           0           0           1
T_world_lidar: 
  0.0561426    0.998412 -0.00453681     0.51359
  -0.997889   0.0562605   0.0324326    -4.36752
  0.0326363  0.00270639    0.999464   0.0773755
          0           0           0           1
v_world_imu:  0.0182699  -0.237589 -0.0226318
frame_357
id: 357
stamp: 1718924348.099987984
T_odom_lidar: 
  0.0556216    0.998445 -0.00362925    0.517989
  -0.997942    0.055709   0.0317422    -4.41541
   0.031895  0.00185623     0.99949   0.0743122
          0           0           0           1
T_world_lidar: 
  0.0556216    0.998445 -0.00362925    0.517989
  -0.997942    0.055709   0.0317422    -4.41541
   0.031895  0.00185623     0.99949   0.0743122
          0           0           0           1
v_world_imu: 0.0219598 -0.239674 -0.010812
frame_358
id: 358
stamp: 1718924348.199991941
T_odom_lidar: 
   0.056217     0.99841 -0.00402028     0.52025
  -0.997916    0.056316   0.0314942    -4.43957
  0.0316705   0.0022414    0.999496   0.0730074
          0           0           0           1
T_world_lidar: 
   0.056217     0.99841 -0.00402028     0.52025
  -0.997916    0.056316   0.0314942    -4.43957
  0.0316705   0.0022414    0.999496   0.0730074
          0           0           0           1
v_world_imu: 0.0194551 -0.246139 -0.012305
frame_359
id: 359
stamp: 1718924348.299989939
T_odom_lidar: 
 0.0566527   0.998386 -0.0040543   0.521985
 -0.997908  0.0567513  0.0309595   -4.46456
 0.0311396 0.00229188   0.999512   0.071526
         0          0          0          1
T_world_lidar: 
 0.0566527   0.998386 -0.0040543   0.521985
 -0.997908  0.0567513  0.0309595   -4.46456
 0.0311396 0.00229188   0.999512   0.071526
         0          0          0          1
v_world_imu:  0.0142746   -0.25187 -0.0131003
frame_360
id: 360
stamp: 1718924348.399992943
T_odom_lidar: 
  0.0579971    0.998307 -0.00441201    0.523997
  -0.997854   0.0581041   0.0301735    -4.49017
  0.0303787  0.00265257    0.999535    0.069945
          0           0           0           1
T_world_lidar: 
  0.0579971    0.998307 -0.00441201    0.523997
  -0.997854   0.0581041   0.0301735    -4.49017
  0.0303787  0.00265257    0.999535    0.069945
          0           0           0           1
v_world_imu:  0.0169021  -0.261066 -0.0136044
frame_361
id: 361
stamp: 1718924348.499989986
T_odom_lidar: 
  0.0578602    0.998312 -0.00497852    0.525104
  -0.997881   0.0579824   0.0295052     -4.5165
  0.0297441   0.0032608    0.999552   0.0683906
          0           0           0           1
T_world_lidar: 
  0.0578602    0.998312 -0.00497852    0.525104
  -0.997881   0.0579824   0.0295052     -4.5165
  0.0297441   0.0032608    0.999552   0.0683906
          0           0           0           1
v_world_imu:  0.0109492  -0.264358 -0.0131358
frame_362
id: 362
stamp: 1718924348.599990845
T_odom_lidar: 
  0.0584955    0.998279 -0.00408991    0.526906
  -0.997877   0.0585885   0.0284396    -4.54315
  0.0286303  0.00241764    0.999587   0.0669639
          0           0           0           1
T_world_lidar: 
  0.0584955    0.998279 -0.00408991    0.526906
  -0.997877   0.0585885   0.0284396    -4.54315
  0.0286303  0.00241764    0.999587   0.0669639
          0           0           0           1
v_world_imu:   0.0191469   -0.269459 -0.00798327
frame_363
id: 363
stamp: 1718924348.699890137
T_odom_lidar: 
   0.059113    0.998246 -0.00333723     0.52892
  -0.997857   0.0591833   0.0279229     -4.5704
  0.0280715  0.00167946    0.999605   0.0660875
          0           0           0           1
T_world_lidar: 
   0.059113    0.998246 -0.00333723     0.52892
  -0.997857   0.0591833   0.0279229     -4.5704
  0.0280715  0.00167946    0.999605   0.0660875
          0           0           0           1
v_world_imu:   0.0166909   -0.276181 -0.00782885
frame_364
id: 364
stamp: 1718924348.699997902
T_odom_lidar: 
  0.0586583    0.998229 -0.00989032    0.534322
  -0.997873   0.0589139   0.0279055    -4.55866
  0.0284387  0.00823239    0.999562    0.069165
          0           0           0           1
T_world_lidar: 
  0.0586583    0.998229 -0.00989032    0.534322
  -0.997873   0.0589139   0.0279055    -4.55866
  0.0284387  0.00823239    0.999562    0.069165
          0           0           0           1
v_world_imu: 0.00543369  -0.235259  0.0245662
frame_365
id: 365
stamp: 1718924348.799999952
T_odom_lidar: 
  0.059295   0.998193 -0.0097761    0.53479
 -0.997832   0.059548  0.0280267   -4.58251
 0.0285582 0.00809306   0.999559  0.0720802
         0          0          0          1
T_world_lidar: 
  0.059295   0.998193 -0.0097761    0.53479
 -0.997832   0.059548  0.0280267   -4.58251
 0.0285582 0.00809306   0.999559  0.0720802
         0          0          0          1
v_world_imu: 0.000352769   -0.240921   0.0324228
frame_366
id: 366
stamp: 1718924348.899999857
T_odom_lidar: 
  0.0600252    0.998155 -0.00911909     0.53452
   -0.99778   0.0602616   0.0283438    -4.60653
  0.0288411   0.0073975    0.999557   0.0752862
          0           0           0           1
T_world_lidar: 
  0.0600252    0.998155 -0.00911909     0.53452
   -0.99778   0.0602616   0.0283438    -4.60653
  0.0288411   0.0073975    0.999557   0.0752862
          0           0           0           1
v_world_imu: -0.00502578   -0.241144   0.0310119
frame_367
id: 367
stamp: 1718924349.100002289
T_odom_lidar: 
  0.060304   0.998162 -0.0060763    0.53275
 -0.997773  0.0604521  0.0281806   -4.65485
 0.0284961 0.00436336   0.999584  0.0808128
         0          0          0          1
T_world_lidar: 
  0.060304   0.998162 -0.0060763    0.53275
 -0.997773  0.0604521  0.0281806   -4.65485
 0.0284961 0.00436336   0.999584  0.0808128
         0          0          0          1
v_world_imu: -0.0160324  -0.251499  0.0250524
frame_368
id: 368
stamp: 1718924349.200000286
T_odom_lidar: 
  0.0601902    0.998167 -0.00623309    0.531079
  -0.997747    0.060348   0.0293265    -4.68001
  0.0296489  0.00445388     0.99955   0.0835038
          0           0           0           1
T_world_lidar: 
  0.0601902    0.998167 -0.00623309    0.531079
  -0.997747    0.060348   0.0293265    -4.68001
  0.0296489  0.00445388     0.99955   0.0835038
          0           0           0           1
v_world_imu: -0.0136154  -0.248742  0.0249127
frame_369
id: 369
stamp: 1718924349.299994230
T_odom_lidar: 
  0.0597857    0.998184 -0.00732816    0.529839
  -0.997726   0.0599839   0.0307362    -4.70447
    0.03112  0.00547391    0.999501   0.0863055
          0           0           0           1
T_world_lidar: 
  0.0597857    0.998184 -0.00732816    0.529839
  -0.997726   0.0599839   0.0307362    -4.70447
    0.03112  0.00547391    0.999501   0.0863055
          0           0           0           1
v_world_imu: -0.011755 -0.244818 0.0234377
frame_370
id: 370
stamp: 1718924349.399982214
T_odom_lidar: 
  0.0603714    0.998137 -0.00884151    0.528729
   -0.99765   0.0606246   0.0319124    -4.72899
   0.032389  0.00689413    0.999452   0.0871177
          0           0           0           1
T_world_lidar: 
  0.0603714    0.998137 -0.00884151    0.528729
   -0.99765   0.0606246   0.0319124    -4.72899
   0.032389  0.00689413    0.999452   0.0871177
          0           0           0           1
v_world_imu: -0.00587442   -0.244737  -0.0138869
frame_371
id: 371
stamp: 1718924349.499988317
T_odom_lidar: 
  0.0608803    0.998099 -0.00958793    0.528524
  -0.997589   0.0611642   0.0327928    -4.75343
  0.0333169  0.00756838    0.999416   0.0853765
          0           0           0           1
T_world_lidar: 
  0.0608803    0.998099 -0.00958793    0.528524
  -0.997589   0.0611642   0.0327928    -4.75343
  0.0333169  0.00756838    0.999416   0.0853765
          0           0           0           1
v_world_imu: -0.0100991  -0.248775 -0.0240314
frame_372
id: 372
stamp: 1718924349.599979162
T_odom_lidar: 
 0.0607017   0.998089 -0.0115308   0.526774
 -0.997565  0.0610591  0.0336916   -4.77859
 0.0343313 0.00945757   0.999366  0.0833276
         0          0          0          1
T_world_lidar: 
 0.0607017   0.998089 -0.0115308   0.526774
 -0.997565  0.0610591  0.0336916   -4.77859
 0.0343313 0.00945757   0.999366  0.0833276
         0          0          0          1
v_world_imu: -0.0171602  -0.251625 -0.0209703
frame_373
id: 373
stamp: 1718924349.699895144
T_odom_lidar: 
 0.0608237   0.998074 -0.0121948   0.526175
  -0.99755  0.0612058  0.0338859   -4.80387
  0.034567  0.0101038   0.999351  0.0809679
         0          0          0          1
T_world_lidar: 
 0.0608237   0.998074 -0.0121948   0.526175
  -0.99755  0.0612058  0.0338859   -4.80387
  0.034567  0.0101038   0.999351  0.0809679
         0          0          0          1
v_world_imu: -0.00703155   -0.251461  -0.0176697
frame_374
id: 374
stamp: 1718924349.799979210
T_odom_lidar: 
 0.0593776   0.998148 -0.0132517   0.525591
 -0.997593  0.0598106  0.0350977   -4.82908
 0.0358253  0.0111358   0.999296  0.0799026
         0          0          0          1
T_world_lidar: 
 0.0593776   0.998148 -0.0132517   0.525591
 -0.997593  0.0598106  0.0350977   -4.82908
 0.0358253  0.0111358   0.999296  0.0799026
         0          0          0          1
v_world_imu:   0.0175059   -0.255872 -0.00437929
frame_375
id: 375
stamp: 1718924349.900011063
T_odom_lidar: 
 0.0593687   0.998146 -0.0133787   0.529365
 -0.997571  0.0598129  0.0356889   -4.85485
  0.036423  0.0112274   0.999273   0.080004
         0          0          0          1
T_world_lidar: 
 0.0593687   0.998146 -0.0133787   0.529365
 -0.997571  0.0598129  0.0356889   -4.85485
  0.036423  0.0112274   0.999273   0.080004
         0          0          0          1
v_world_imu:    0.046385    -0.25879 0.000157001
frame_376
id: 376
stamp: 1718924350.099982023
T_odom_lidar: 
  0.059719   0.998142 -0.0121084   0.536433
 -0.997485  0.0601347  0.0375098   -4.90539
 0.0381682 0.00983792   0.999223  0.0796663
         0          0          0          1
T_world_lidar: 
  0.059719   0.998142 -0.0121084   0.536433
 -0.997485  0.0601347  0.0375098   -4.90539
 0.0381682 0.00983792   0.999223  0.0796663
         0          0          0          1
v_world_imu:    0.0394246    -0.252062 -0.000182967
frame_377
id: 377
stamp: 1718924350.199990034
T_odom_lidar: 
  0.060323   0.998115 -0.0112848   0.540238
 -0.997462  0.0607042  0.0372031    -4.9306
 0.0378181 0.00901196   0.999244  0.0796225
         0          0          0          1
T_world_lidar: 
  0.060323   0.998115 -0.0112848   0.540238
 -0.997462  0.0607042  0.0372031    -4.9306
 0.0378181 0.00901196   0.999244  0.0796225
         0          0          0          1
v_world_imu:   0.0335374   -0.252071 0.000186606
frame_378
id: 378
stamp: 1718924350.299986124
T_odom_lidar: 
 0.0611313   0.998072 -0.0107061   0.543843
 -0.997402  0.0614927  0.0375246   -4.95581
 0.0381106 0.00838431   0.999238  0.0797785
         0          0          0          1
T_world_lidar: 
 0.0611313   0.998072 -0.0107061   0.543843
 -0.997402  0.0614927  0.0375246   -4.95581
 0.0381106 0.00838431   0.999238  0.0797785
         0          0          0          1
v_world_imu:      0.03666    -0.249901 -0.000641704
frame_379
id: 379
stamp: 1718924350.399989128
T_odom_lidar: 
   0.061185    0.998083 -0.00934112    0.547451
  -0.997392   0.0614963    0.037793    -4.98082
   0.038295  0.00700439    0.999242   0.0793832
          0           0           0           1
T_world_lidar: 
   0.061185    0.998083 -0.00934112    0.547451
  -0.997392   0.0614963    0.037793    -4.98082
   0.038295  0.00700439    0.999242   0.0793832
          0           0           0           1
v_world_imu:   0.0330476   -0.251431 -0.00392224
frame_380
id: 380
stamp: 1718924350.499992132
T_odom_lidar: 
  0.0613813    0.998082 -0.00805577    0.550738
  -0.997373   0.0616447   0.0380269    -5.00584
  0.0384506  0.00570047    0.999244   0.0789075
          0           0           0           1
T_world_lidar: 
  0.0613813    0.998082 -0.00805577    0.550738
  -0.997373   0.0616447   0.0380269    -5.00584
  0.0384506  0.00570047    0.999244   0.0789075
          0           0           0           1
v_world_imu:   0.0319797   -0.249728 -0.00599165
frame_381
id: 381
stamp: 1718924350.599990129
T_odom_lidar: 
  0.0629914    0.997994 -0.00633675     0.55435
  -0.997292    0.063186    0.037642    -5.03099
  0.0379669  0.00394847    0.999271    0.078083
          0           0           0           1
T_world_lidar: 
  0.0629914    0.997994 -0.00633675     0.55435
  -0.997292    0.063186    0.037642    -5.03099
  0.0379669  0.00394847    0.999271    0.078083
          0           0           0           1
v_world_imu:   0.0312926   -0.254537 -0.00503415
frame_382
id: 382
stamp: 1718924350.699897051
T_odom_lidar: 
   0.064158    0.997924 -0.00554626    0.557491
  -0.997204   0.0643231   0.0380457    -5.05628
  0.0383235  0.00308982    0.999261   0.0778199
          0           0           0           1
T_world_lidar: 
   0.064158    0.997924 -0.00554626    0.557491
  -0.997204   0.0643231   0.0380457    -5.05628
  0.0383235  0.00308982    0.999261   0.0778199
          0           0           0           1
v_world_imu:   0.0235427   -0.251363 8.01509e-05
frame_383
id: 383
stamp: 1718924350.799992085
T_odom_lidar: 
  0.0657813    0.997821 -0.00506703     0.56045
  -0.997113   0.0659259   0.0376779    -5.08121
  0.0379298  0.00257391    0.999277   0.0775069
          0           0           0           1
T_world_lidar: 
  0.0657813    0.997821 -0.00506703     0.56045
  -0.997113   0.0659259   0.0376779    -5.08121
  0.0379298  0.00257391    0.999277   0.0775069
          0           0           0           1
v_world_imu:    0.0274557    -0.249663 -0.000864323
frame_384
id: 384
stamp: 1718924350.900003910
T_odom_lidar: 
  0.0673373     0.99772 -0.00446018    0.563196
  -0.997008   0.0674579   0.0377328    -5.10632
  0.0379477  0.00190601    0.999278   0.0773772
          0           0           0           1
T_world_lidar: 
  0.0673373     0.99772 -0.00446018    0.563196
  -0.997008   0.0674579   0.0377328    -5.10632
  0.0379477  0.00190601    0.999278   0.0773772
          0           0           0           1
v_world_imu:   0.0192353   -0.253305 -0.00284476
frame_385
id: 385
stamp: 1718924351.099988937
T_odom_lidar: 
  0.0679118    0.997682 -0.00435199     0.56714
  -0.996959   0.0680284   0.0380184    -5.15466
  0.0382263  0.00175686    0.999268   0.0782874
          0           0           0           1
T_world_lidar: 
  0.0679118    0.997682 -0.00435199     0.56714
  -0.996959   0.0680284   0.0380184    -5.15466
  0.0382263  0.00175686    0.999268   0.0782874
          0           0           0           1
v_world_imu:   0.016724  -0.230979 0.00601017
frame_386
id: 386
stamp: 1718924351.199990988
T_odom_lidar: 
  0.0679829    0.997676 -0.00454006    0.568691
  -0.996955   0.0681066   0.0379662     -5.1776
  0.0381871  0.00194519    0.999269   0.0794053
          0           0           0           1
T_world_lidar: 
  0.0679829    0.997676 -0.00454006    0.568691
  -0.996955   0.0681066   0.0379662     -5.1776
  0.0381871  0.00194519    0.999269   0.0794053
          0           0           0           1
v_world_imu: 0.00984795  -0.227651  0.0187772
frame_387
id: 387
stamp: 1718924351.299986124
T_odom_lidar: 
  0.0677245    0.997695 -0.00414922    0.569178
  -0.996972   0.0678335   0.0380269    -5.20035
  0.0382207   0.0015613    0.999268    0.081435
          0           0           0           1
T_world_lidar: 
  0.0677245    0.997695 -0.00414922    0.569178
  -0.996972   0.0678335   0.0380269    -5.20035
  0.0382207   0.0015613    0.999268    0.081435
          0           0           0           1
v_world_imu: 0.00691183  -0.228634  0.0217084
frame_388
id: 388
stamp: 1718924351.399987936
T_odom_lidar: 
   0.068317    0.997658 -0.00324687    0.570679
  -0.996945   0.0683909   0.0377389    -5.22308
  0.0378726 0.000658742    0.999282   0.0831957
          0           0           0           1
T_world_lidar: 
   0.068317    0.997658 -0.00324687    0.570679
  -0.996945   0.0683909   0.0377389    -5.22308
  0.0378726 0.000658742    0.999282   0.0831957
          0           0           0           1
v_world_imu: 0.0159251 -0.227535 0.0177979
frame_389
id: 389
stamp: 1718924351.499989986
T_odom_lidar: 
  0.0664793    0.997785 -0.00248215     0.57152
  -0.997059   0.0665256    0.038052    -5.24599
  0.0381328 -5.4815e-05    0.999273    0.085157
          0           0           0           1
T_world_lidar: 
  0.0664793    0.997785 -0.00248215     0.57152
  -0.997059   0.0665256    0.038052    -5.24599
  0.0381328 -5.4815e-05    0.999273    0.085157
          0           0           0           1
v_world_imu: 0.0140719 -0.226299 0.0200882
frame_390
id: 390
stamp: 1718924351.599995136
T_odom_lidar: 
   0.066647    0.997773 -0.00273611    0.573024
  -0.997069   0.0667027     0.03747    -5.26871
   0.037569  0.00023083    0.999294   0.0867527
          0           0           0           1
T_world_lidar: 
   0.066647    0.997773 -0.00273611    0.573024
  -0.997069   0.0667027     0.03747    -5.26871
   0.037569  0.00023083    0.999294   0.0867527
          0           0           0           1
v_world_imu: 0.0142532 -0.228315 0.0128524
frame_391
id: 391
stamp: 1718924351.699975967
T_odom_lidar: 
  0.0669354    0.997751 -0.00344648    0.574251
  -0.997073    0.067017    0.036794    -5.29171
  0.0369423 0.000973568    0.999317   0.0879429
          0           0           0           1
T_world_lidar: 
  0.0669354    0.997751 -0.00344648    0.574251
  -0.997073    0.067017    0.036794    -5.29171
  0.0369423 0.000973568    0.999317   0.0879429
          0           0           0           1
v_world_imu:  0.012324 -0.231299 0.0147229
frame_392
id: 392
stamp: 1718924351.799987078
T_odom_lidar: 
   0.066378    0.997787 -0.00391047    0.575203
  -0.997116   0.0664769   0.0366193    -5.31471
  0.0367982  0.00146847    0.999322   0.0894023
          0           0           0           1
T_world_lidar: 
   0.066378    0.997787 -0.00391047    0.575203
  -0.997116   0.0664769   0.0366193    -5.31471
  0.0367982  0.00146847    0.999322   0.0894023
          0           0           0           1
v_world_imu: 0.00669205  -0.228043  0.0175271
frame_393
id: 393
stamp: 1718924351.900010824
T_odom_lidar: 
  0.0627483    0.998012 -0.00590265    0.574405
  -0.997322   0.0629253   0.0372757    -5.33749
  0.0375731  0.00354785    0.999288   0.0913601
          0           0           0           1
T_world_lidar: 
  0.0627483    0.998012 -0.00590265    0.574405
  -0.997322   0.0629253   0.0372757    -5.33749
  0.0375731  0.00354785    0.999288   0.0913601
          0           0           0           1
v_world_imu: -0.0112382  -0.227931  0.0223452
frame_394
id: 394
stamp: 1718924352.099996805
T_odom_lidar: 
-0.00370579    0.999993 0.000115477    0.548639
  -0.999112 -0.00370738   0.0419741    -5.38761
  0.0419742 4.01725e-05    0.999119   0.0911324
          0           0           0           1
T_world_lidar: 
-0.00370579    0.999993 0.000115477    0.548639
  -0.999112 -0.00370738   0.0419741    -5.38761
  0.0419742 4.01725e-05    0.999119   0.0911324
          0           0           0           1
v_world_imu: -0.0376024   -0.24951 -0.0172801
frame_395
id: 395
stamp: 1718924352.199975014
T_odom_lidar: 
 0.00124048    0.999997 -0.00200159    0.549122
  -0.999143  0.00132224    0.041376    -5.41259
  0.0413786  0.00194854    0.999142   0.0903454
          0           0           0           1
T_world_lidar: 
 0.00124048    0.999997 -0.00200159    0.549122
  -0.999143  0.00132224    0.041376    -5.41259
  0.0413786  0.00194854    0.999142   0.0903454
          0           0           0           1
v_world_imu:  0.0189974  -0.253583 -0.0107888
frame_396
id: 396
stamp: 1718924352.299989939
T_odom_lidar: 
   -0.001323     0.999999 -0.000642233      0.55202
   -0.999164  -0.00129564    0.0408719     -5.43853
    0.040871  0.000695769     0.999164    0.0888501
           0            0            0            1
T_world_lidar: 
   -0.001323     0.999999 -0.000642233      0.55202
   -0.999164  -0.00129564    0.0408719     -5.43853
    0.040871  0.000695769     0.999164    0.0888501
           0            0            0            1
v_world_imu:  0.0354882  -0.265724 -0.0134163
frame_397
id: 397
stamp: 1718924352.399997950
T_odom_lidar: 
-0.000220184     0.999999  -0.00140515     0.555373
   -0.999189 -0.000163425    0.0402666      -5.4654
   0.0402663   0.00141287     0.999188    0.0882775
           0            0            0            1
T_world_lidar: 
-0.000220184     0.999999  -0.00140515     0.555373
   -0.999189 -0.000163425    0.0402666      -5.4654
   0.0402663   0.00141287     0.999188    0.0882775
           0            0            0            1
v_world_imu:   0.0304628   -0.268609 8.85877e-05
frame_398
id: 398
stamp: 1718924352.499984026
T_odom_lidar: 
 0.00147617    0.999997 -0.00179966    0.559819
  -0.999197  0.00154704   0.0400364    -5.49259
  0.0400391  0.00173912    0.999197   0.0878532
          0           0           0           1
T_world_lidar: 
 0.00147617    0.999997 -0.00179966    0.559819
  -0.999197  0.00154704   0.0400364    -5.49259
  0.0400391  0.00173912    0.999197   0.0878532
          0           0           0           1
v_world_imu:   0.0517893   -0.276464 -0.00598288
frame_399
id: 399
stamp: 1718924352.599985838
T_odom_lidar: 
  0.0018966    0.999995 -0.00250448    0.564804
  -0.999206  0.00199474   0.0397836    -5.52053
  0.0397884  0.00242703    0.999205    0.087816
          0           0           0           1
T_world_lidar: 
  0.0018966    0.999995 -0.00250448    0.564804
  -0.999206  0.00199474   0.0397836    -5.52053
  0.0397884  0.00242703    0.999205    0.087816
          0           0           0           1
v_world_imu:  0.0423772  -0.280133 0.00412905
frame_400
id: 400
stamp: 1718924352.699908257
T_odom_lidar: 
 0.00229433    0.999993 -0.00286728     0.56976
  -0.999193  0.00240745   0.0400927    -5.54858
  0.0400993  0.00277298    0.999192   0.0885492
          0           0           0           1
T_world_lidar: 
 0.00229433    0.999993 -0.00286728     0.56976
  -0.999193  0.00240745   0.0400927    -5.54858
  0.0400993  0.00277298    0.999192   0.0885492
          0           0           0           1
v_world_imu:   0.0587094   -0.285208 0.000773251
frame_401
id: 401
stamp: 1718924352.699985981
T_odom_lidar: 
0.000145326    0.999972 -0.00748482    0.556953
  -0.999134   0.0004566   0.0416024    -5.53548
  0.0416047   0.0074723    0.999106    0.115055
          0           0           0           1
T_world_lidar: 
0.000145326    0.999972 -0.00748482    0.556953
  -0.999134   0.0004566   0.0416024    -5.53548
  0.0416047   0.0074723    0.999106    0.115055
          0           0           0           1
v_world_imu: -0.00490097   -0.225826  -0.0711954
frame_402
id: 402
stamp: 1718924352.799993038
T_odom_lidar: 
0.000686506    0.999981 -0.00610583    0.556962
  -0.999138 0.000939302   0.0414964    -5.55813
  0.0415013  0.00607208     0.99912    0.106231
          0           0           0           1
T_world_lidar: 
0.000686506    0.999981 -0.00610583    0.556962
  -0.999138 0.000939302   0.0414964    -5.55813
  0.0415013  0.00607208     0.99912    0.106231
          0           0           0           1
v_world_imu: -0.00390665   -0.231117  -0.0539436
frame_403
id: 403
stamp: 1718924352.899993896
T_odom_lidar: 
0.000653395    0.999982 -0.00597516    0.556158
  -0.999118 0.000903628   0.0419727    -5.58135
  0.0419773  0.00594246    0.999101    0.100758
          0           0           0           1
T_world_lidar: 
0.000653395    0.999982 -0.00597516    0.556158
  -0.999118 0.000903628   0.0419727    -5.58135
  0.0419773  0.00594246    0.999101    0.100758
          0           0           0           1
v_world_imu: -0.0123829   -0.23225 -0.0554506
frame_404
id: 404
stamp: 1718924353.099992275
T_odom_lidar: 
0.000340771     0.99998 -0.00630864    0.554768
  -0.999083 0.000610571   0.0428143    -5.62822
  0.0428173  0.00628826    0.999063   0.0901565
          0           0           0           1
T_world_lidar: 
0.000340771     0.99998 -0.00630864    0.554768
  -0.999083 0.000610571   0.0428143    -5.62822
  0.0428173  0.00628826    0.999063   0.0901565
          0           0           0           1
v_world_imu:  0.0015304  -0.239505 -0.0525703
frame_405
id: 405
stamp: 1718924353.199994326
T_odom_lidar: 
0.000699868    0.999977 -0.00677484    0.555557
  -0.999076 0.000990353   0.0429691    -5.65276
  0.0429748  0.00673851    0.999053   0.0854658
          0           0           0           1
T_world_lidar: 
0.000699868    0.999977 -0.00677484    0.555557
  -0.999076 0.000990353   0.0429691    -5.65276
  0.0429748  0.00673851    0.999053   0.0854658
          0           0           0           1
v_world_imu:  0.0147544  -0.254582 -0.0389898
frame_406
id: 406
stamp: 1718924353.299992323
T_odom_lidar: 
5.48968e-05    0.999973 -0.00734974    0.557696
  -0.999081  0.00036987   0.0428605    -5.67878
  0.0428621  0.00734063    0.999054    0.081963
          0           0           0           1
T_world_lidar: 
5.48968e-05    0.999973 -0.00734974    0.557696
  -0.999081  0.00036987   0.0428605    -5.67878
  0.0428621  0.00734063    0.999054    0.081963
          0           0           0           1
v_world_imu:  0.0284218  -0.260397 -0.0332809
frame_407
id: 407
stamp: 1718924353.399981260
T_odom_lidar: 
-0.00417084    0.999945 -0.00959585    0.559188
  -0.999024 -0.00374464   0.0440125    -5.70504
  0.0439741  0.00977005    0.998985   0.0795137
          0           0           0           1
T_world_lidar: 
-0.00417084    0.999945 -0.00959585    0.559188
  -0.999024 -0.00374464   0.0440125    -5.70504
  0.0439741  0.00977005    0.998985   0.0795137
          0           0           0           1
v_world_imu:   0.015714  -0.263326 -0.0180416
frame_408
id: 408
stamp: 1718924353.499986172
T_odom_lidar: 
 -0.0159952    0.999861 -0.00479421    0.557057
  -0.998953  -0.0157748    0.042933    -5.73184
  0.0428514  0.00547591    0.999066    0.076869
          0           0           0           1
T_world_lidar: 
 -0.0159952    0.999861 -0.00479421    0.557057
  -0.998953  -0.0157748    0.042933    -5.73184
  0.0428514  0.00547591    0.999066    0.076869
          0           0           0           1
v_world_imu: 0.00389608  -0.260937 -0.0235875
frame_409
id: 409
stamp: 1718924353.600005150
T_odom_lidar: 
 -0.0122563    0.999918 -0.00377044    0.559774
  -0.999028  -0.0120856   0.0423804    -5.75825
  0.0423314   0.0042862    0.999094    0.074367
          0           0           0           1
T_world_lidar: 
 -0.0122563    0.999918 -0.00377044    0.559774
  -0.999028  -0.0120856   0.0423804    -5.75825
  0.0423314   0.0042862    0.999094    0.074367
          0           0           0           1
v_world_imu:  0.0347724   -0.26798 -0.0214681
frame_410
id: 410
stamp: 1718924353.699902058
T_odom_lidar: 
   -0.01117    0.999932 -0.00341419    0.564618
  -0.999043  -0.0110156   0.0423202    -5.78496
  0.0422797  0.00388364    0.999098   0.0721434
          0           0           0           1
T_world_lidar: 
   -0.01117    0.999932 -0.00341419    0.564618
  -0.999043  -0.0110156   0.0423202    -5.78496
  0.0422797  0.00388364    0.999098   0.0721434
          0           0           0           1
v_world_imu:  0.0428361  -0.267972 -0.0210972
frame_411
id: 411
stamp: 1718924353.799997330
T_odom_lidar: 
 -0.0106577    0.999937 -0.00352431    0.568864
  -0.999045  -0.0104986   0.0424202    -5.81207
  0.0423806  0.00397304    0.999094   0.0705202
          0           0           0           1
T_world_lidar: 
 -0.0106577    0.999937 -0.00352431    0.568864
  -0.999045  -0.0104986   0.0424202    -5.81207
  0.0423806  0.00397304    0.999094   0.0705202
          0           0           0           1
v_world_imu:   0.0446994   -0.271292 -0.00623042
frame_412
id: 412
stamp: 1718924353.900018215
T_odom_lidar: 
 -0.0124814    0.999916 -0.00362391    0.572861
  -0.999019  -0.0123161   0.0425277    -5.83917
  0.0424795  0.00415116    0.999089   0.0698384
          0           0           0           1
T_world_lidar: 
 -0.0124814    0.999916 -0.00362391    0.572861
  -0.999019  -0.0123161   0.0425277    -5.83917
  0.0424795  0.00415116    0.999089   0.0698384
          0           0           0           1
v_world_imu:    0.048496   -0.270394 -0.00861893
frame_413
id: 413
stamp: 1718924354.099991083
T_odom_lidar: 
 -0.0267873    0.999629 -0.00488177    0.578343
  -0.998738  -0.0265552   0.0426228    -5.89348
  0.0424774  0.00601736    0.999079   0.0675173
          0           0           0           1
T_world_lidar: 
 -0.0267873    0.999629 -0.00488177    0.578343
  -0.998738  -0.0265552   0.0426228    -5.89348
  0.0424774  0.00601736    0.999079   0.0675173
          0           0           0           1
v_world_imu:  0.0370108   -0.27739 -0.0121709
frame_414
id: 414
stamp: 1718924354.199997187
T_odom_lidar: 
  -0.0746533     0.997203   0.00353435     0.569107
   -0.996418   -0.0747348    0.0395722     -5.92145
   0.0397257 -0.000567488      0.99921    0.0662554
           0            0            0            1
T_world_lidar: 
  -0.0746533     0.997203   0.00353435     0.569107
   -0.996418   -0.0747348    0.0395722     -5.92145
   0.0397257 -0.000567488      0.99921    0.0662554
           0            0            0            1
v_world_imu: 0.0181798 -0.264168 0.0216363
frame_415
id: 415
stamp: 1718924354.299958229
T_odom_lidar: 
  -0.137097    0.990547  0.00463293    0.554814
  -0.989913   -0.137175   0.0354258    -5.94831
  0.0357264 0.000270581    0.999362   0.0667543
          0           0           0           1
T_world_lidar: 
  -0.137097    0.990547  0.00463293    0.554814
  -0.989913   -0.137175   0.0354258    -5.94831
  0.0357264 0.000270581    0.999362   0.0667543
          0           0           0           1
v_world_imu:  0.019064 -0.275487 0.0166519
frame_416
id: 416
stamp: 1718924354.400000095
T_odom_lidar: 
   -0.146975     0.989121   0.00616982     0.552375
    -0.98849    -0.147101    0.0353272     -5.97724
   0.0358505 -0.000906605     0.999357    0.0704413
           0            0            0            1
T_world_lidar: 
   -0.146975     0.989121   0.00616982     0.552375
    -0.98849    -0.147101    0.0353272     -5.97724
   0.0358505 -0.000906605     0.999357    0.0704413
           0            0            0            1
v_world_imu: -0.0242121  -0.302047  0.0504373
frame_417
id: 417
stamp: 1718924354.499998093
T_odom_lidar: 
   -0.140028     0.990131   0.00563929     0.549889
   -0.989439    -0.140141    0.0370165     -6.00728
   0.0374415 -0.000396376     0.999299    0.0766239
           0            0            0            1
T_world_lidar: 
   -0.140028     0.990131   0.00563929     0.549889
   -0.989439    -0.140141    0.0370165     -6.00728
   0.0374415 -0.000396376     0.999299    0.0766239
           0            0            0            1
v_world_imu: -0.0583003  -0.292784  0.0543561
frame_418
id: 418
stamp: 1718924354.599997044
T_odom_lidar: 
 -0.134756   0.990871 0.00388176   0.545659
 -0.990183  -0.134807   0.036947   -6.03567
  0.037133 0.00113519    0.99931   0.082676
         0          0          0          1
T_world_lidar: 
 -0.134756   0.990871 0.00388176   0.545659
 -0.990183  -0.134807   0.036947   -6.03567
  0.037133 0.00113519    0.99931   0.082676
         0          0          0          1
v_world_imu: -0.0506863  -0.273577  0.0666952
frame_419
id: 419
stamp: 1718924354.699888945
T_odom_lidar: 
  -0.13129   0.991342 0.00210469   0.541222
 -0.990655  -0.131278  0.0369858    -6.0623
 0.0369419 0.00277086   0.999314  0.0890844
         0          0          0          1
T_world_lidar: 
  -0.13129   0.991342 0.00210469   0.541222
 -0.990655  -0.131278  0.0369858    -6.0623
 0.0369419 0.00277086   0.999314  0.0890844
         0          0          0          1
v_world_imu: -0.0473887  -0.262318  0.0614497
frame_420
id: 420
stamp: 1718924354.799981117
T_odom_lidar: 
   -0.128612     0.991695 -0.000280397     0.537466
   -0.991048    -0.128518    0.0361386     -6.08867
   0.0358024   0.00492576     0.999347    0.0939406
           0            0            0            1
T_world_lidar: 
   -0.128612     0.991695 -0.000280397     0.537466
   -0.991048    -0.128518    0.0361386     -6.08867
   0.0358024   0.00492576     0.999347    0.0939406
           0            0            0            1
v_world_imu: -0.0373036  -0.262792  0.0510819
frame_421
id: 421
stamp: 1718924354.900010109
T_odom_lidar: 
  -0.126513    0.991961 -0.00278446    0.535158
  -0.991346   -0.126335   0.0356862    -6.11479
  0.0350475  0.00727515    0.999359   0.0983384
          0           0           0           1
T_world_lidar: 
  -0.126513    0.991961 -0.00278446    0.535158
  -0.991346   -0.126335   0.0356862    -6.11479
  0.0350475  0.00727515    0.999359   0.0983384
          0           0           0           1
v_world_imu: -0.0259003  -0.259786  0.0437198
frame_422
id: 422
stamp: 1718924355.099979162
T_odom_lidar: 
  -0.121931    0.992516 -0.00669073    0.529672
  -0.991953   -0.121625   0.0351755    -6.16572
  0.0340985   0.0109259    0.999359     0.10589
          0           0           0           1
T_world_lidar: 
  -0.121931    0.992516 -0.00669073    0.529672
  -0.991953   -0.121625   0.0351755    -6.16572
  0.0340985   0.0109259    0.999359     0.10589
          0           0           0           1
v_world_imu: -0.0333421   -0.26147  0.0399709
frame_423
id: 423
stamp: 1718924355.199990034
T_odom_lidar: 
  -0.117437    0.993055 -0.00704508    0.527964
  -0.992478   -0.117116   0.0356537    -6.19215
   0.034581   0.0111792    0.999339    0.109384
          0           0           0           1
T_world_lidar: 
  -0.117437    0.993055 -0.00704508    0.527964
  -0.992478   -0.117116   0.0356537    -6.19215
   0.034581   0.0111792    0.999339    0.109384
          0           0           0           1
v_world_imu: -0.0251438   -0.26842  0.0231122
frame_424
id: 424
stamp: 1718924355.299998045
T_odom_lidar: 
 -0.115759   0.993262 -0.0055132   0.525037
 -0.992631  -0.115482  0.0367055   -6.21863
 0.0358215 0.00972156   0.999311   0.112426
         0          0          0          1
T_world_lidar: 
 -0.115759   0.993262 -0.0055132   0.525037
 -0.992631  -0.115482  0.0367055   -6.21863
 0.0358215 0.00972156   0.999311   0.112426
         0          0          0          1
v_world_imu: -0.036913 -0.258609 0.0241154
frame_425
id: 425
stamp: 1718924355.399990082
T_odom_lidar: 
  -0.116436    0.993183 -0.00543475    0.520773
   -0.99256   -0.116164   0.0364689    -6.24453
   0.035589  0.00964062     0.99932    0.113637
          0           0           0           1
T_world_lidar: 
  -0.116436    0.993183 -0.00543475    0.520773
   -0.99256   -0.116164   0.0364689    -6.24453
   0.035589  0.00964062     0.99932    0.113637
          0           0           0           1
v_world_imu: -0.0433265  -0.259709  0.0103137
frame_426
id: 426
stamp: 1718924355.499986172
T_odom_lidar: 
  -0.113816     0.99349 -0.00483609    0.517668
  -0.992918   -0.113581   0.0348333    -6.27052
  0.0340573  0.00876642    0.999381    0.114505
          0           0           0           1
T_world_lidar: 
  -0.113816     0.99349 -0.00483609    0.517668
  -0.992918   -0.113581   0.0348333    -6.27052
  0.0340573  0.00876642    0.999381    0.114505
          0           0           0           1
v_world_imu: -0.0326201  -0.257375 0.00886947
frame_427
id: 427
stamp: 1718924355.599990129
T_odom_lidar: 
  -0.115345    0.993319 -0.00359228    0.513865
   -0.99275   -0.115155   0.0344364    -6.29659
  0.0337927  0.00753832      0.9994    0.114704
          0           0           0           1
T_world_lidar: 
  -0.115345    0.993319 -0.00359228    0.513865
   -0.99275   -0.115155   0.0344364    -6.29659
  0.0337927  0.00753832      0.9994    0.114704
          0           0           0           1
v_world_imu:  -0.035961  -0.265128 0.00247324
frame_428
id: 428
stamp: 1718924355.699970007
T_odom_lidar: 
 -0.113796   0.993497   -0.00378   0.510295
 -0.992933  -0.113601  0.0343339   -6.32334
 0.0336813 0.00766037   0.999403   0.114947
         0          0          0          1
T_world_lidar: 
 -0.113796   0.993497   -0.00378   0.510295
 -0.992933  -0.113601  0.0343339   -6.32334
 0.0336813 0.00766037   0.999403   0.114947
         0          0          0          1
v_world_imu:   -0.0473285    -0.265202 -0.000351939
frame_429
id: 429
stamp: 1718924355.799991131
T_odom_lidar: 
  -0.114115     0.99346 -0.00395966    0.505867
  -0.992902   -0.113915   0.0341801    -6.34993
  0.0335054  0.00783202    0.999408    0.114398
          0           0           0           1
T_world_lidar: 
  -0.114115     0.99346 -0.00395966    0.505867
  -0.992902   -0.113915   0.0341801    -6.34993
  0.0335054  0.00783202    0.999408    0.114398
          0           0           0           1
v_world_imu:  -0.0352689   -0.266375 -0.00531612
frame_430
id: 430
stamp: 1718924355.900014877
T_odom_lidar: 
  -0.112894      0.9936 -0.00369255     0.50305
  -0.993035   -0.112702   0.0343394    -6.37625
  0.0337034  0.00754353    0.999403    0.113888
          0           0           0           1
T_world_lidar: 
  -0.112894      0.9936 -0.00369255     0.50305
  -0.993035   -0.112702   0.0343394    -6.37625
  0.0337034  0.00754353    0.999403    0.113888
          0           0           0           1
v_world_imu:  -0.0319772   -0.262513 -0.00680608
frame_431
id: 431
stamp: 1718924356.099987984
T_odom_lidar: 
  -0.113453    0.993534 -0.00434253    0.496233
  -0.993015   -0.113249   0.0331093     -6.4283
  0.0324034  0.00806854    0.999442    0.110407
          0           0           0           1
T_world_lidar: 
  -0.113453    0.993534 -0.00434253    0.496233
  -0.993015   -0.113249   0.0331093     -6.4283
  0.0324034  0.00806854    0.999442    0.110407
          0           0           0           1
v_world_imu: -0.0400809  -0.261551 -0.0132202
frame_432
id: 432
stamp: 1718924356.199988127
T_odom_lidar: 
  -0.111864     0.99371 -0.00509138    0.492746
  -0.993213   -0.111641   0.0326349    -6.45438
  0.0318612   0.0087075    0.999454    0.109908
          0           0           0           1
T_world_lidar: 
  -0.111864     0.99371 -0.00509138    0.492746
  -0.993213   -0.111641   0.0326349    -6.45438
  0.0318612   0.0087075    0.999454    0.109908
          0           0           0           1
v_world_imu: -0.0363794   -0.26228  0.0128139
frame_433
id: 433
stamp: 1718924356.299978018
T_odom_lidar: 
  -0.111691    0.993731 -0.00479152    0.489912
  -0.993251   -0.111482   0.0320043    -6.48031
  0.0312695  0.00833376    0.999476    0.110948
          0           0           0           1
T_world_lidar: 
  -0.111691    0.993731 -0.00479152    0.489912
  -0.993251   -0.111482   0.0320043    -6.48031
  0.0312695  0.00833376    0.999476    0.110948
          0           0           0           1
v_world_imu: -0.0271027  -0.262846  0.0170869
frame_434
id: 434
stamp: 1718924356.399986029
T_odom_lidar: 
  -0.111663    0.993735 -0.00468625    0.487288
  -0.993273   -0.111463   0.0313739     -6.5067
   0.030655  0.00815803    0.999497    0.112394
          0           0           0           1
T_world_lidar: 
  -0.111663    0.993735 -0.00468625    0.487288
  -0.993273   -0.111463   0.0313739     -6.5067
   0.030655  0.00815803    0.999497    0.112394
          0           0           0           1
v_world_imu: -0.035095 -0.263671 0.0147591
frame_435
id: 435
stamp: 1718924356.499985933
T_odom_lidar: 
  -0.111758    0.993716 -0.00615323    0.483666
    -0.9933   -0.111523    0.030302    -6.53321
  0.0294254  0.00949848    0.999522    0.113096
          0           0           0           1
T_world_lidar: 
  -0.111758    0.993716 -0.00615323    0.483666
    -0.9933   -0.111523    0.030302    -6.53321
  0.0294254  0.00949848    0.999522    0.113096
          0           0           0           1
v_world_imu: -0.0332962    -0.2636 0.00787014
frame_436
id: 436
stamp: 1718924356.599982977
T_odom_lidar: 
  -0.111642    0.993729 -0.00626342    0.480748
  -0.993331    -0.11141   0.0296823    -6.55956
  0.0287983  0.00953544     0.99954    0.113349
          0           0           0           1
T_world_lidar: 
  -0.111642    0.993729 -0.00626342    0.480748
  -0.993331    -0.11141   0.0296823    -6.55956
  0.0287983  0.00953544     0.99954    0.113349
          0           0           0           1
v_world_imu: -0.0244349  -0.265717 0.00287076
frame_437
id: 437
stamp: 1718924356.699904203
T_odom_lidar: 
  -0.110689    0.993833 -0.00666534    0.478135
  -0.993463   -0.110455   0.0288343    -6.58612
  0.0279203  0.00981342    0.999562    0.112524
          0           0           0           1
T_world_lidar: 
  -0.110689    0.993833 -0.00666534    0.478135
  -0.993463   -0.110455   0.0288343    -6.58612
  0.0279203  0.00981342    0.999562    0.112524
          0           0           0           1
v_world_imu:  -0.0373258   -0.264156 -0.00918431
frame_438
id: 438
stamp: 1718924356.799986124
T_odom_lidar: 
  -0.110806    0.993813 -0.00755219    0.473868
  -0.993468   -0.110552   0.0282789    -6.61263
  0.0272691   0.0106363    0.999572    0.111062
          0           0           0           1
T_world_lidar: 
  -0.110806    0.993813 -0.00755219    0.473868
  -0.993468   -0.110552   0.0282789    -6.61263
  0.0272691   0.0106363    0.999572    0.111062
          0           0           0           1
v_world_imu: -0.0447307  -0.268179 -0.0104116
frame_439
id: 439
stamp: 1718924356.900013208
T_odom_lidar: 
   -0.11036    0.993866 -0.00710894    0.470668
  -0.993524   -0.110122    0.027989    -6.63923
  0.0270344   0.0101518    0.999583    0.110038
          0           0           0           1
T_world_lidar: 
   -0.11036    0.993866 -0.00710894    0.470668
  -0.993524   -0.110122    0.027989    -6.63923
  0.0270344   0.0101518    0.999583    0.110038
          0           0           0           1
v_world_imu:  -0.0239541   -0.264992 -0.00743016
frame_440
id: 440
stamp: 1718924357.100006342
T_odom_lidar: 
  -0.105537    0.994394 -0.00650977    0.464218
  -0.994061   -0.105323   0.0273647    -6.69249
  0.0265256  0.00935911    0.999604    0.107335
          0           0           0           1
T_world_lidar: 
  -0.105537    0.994394 -0.00650977    0.464218
  -0.994061   -0.105323   0.0273647    -6.69249
  0.0265256  0.00935911    0.999604    0.107335
          0           0           0           1
v_world_imu: -0.0396603  -0.269791 -0.0243723
frame_441
id: 441
stamp: 1718924357.300016165
T_odom_lidar: 
  -0.104798    0.994485 -0.00420227    0.458343
  -0.994169   -0.104654   0.0259891    -6.74699
  0.0254059  0.00690136    0.999653    0.103238
          0           0           0           1
T_world_lidar: 
  -0.104798    0.994485 -0.00420227    0.458343
  -0.994169   -0.104654   0.0259891    -6.74699
  0.0254059  0.00690136    0.999653    0.103238
          0           0           0           1
v_world_imu: -0.0263617  -0.273021 -0.0192268
frame_442
id: 442
stamp: 1718924357.399989843
T_odom_lidar: 
  -0.103801    0.994593 -0.00312015    0.455746
  -0.994262   -0.103684   0.0263007    -6.77397
   0.025835   0.0058323    0.999649    0.101956
          0           0           0           1
T_world_lidar: 
  -0.103801    0.994593 -0.00312015    0.455746
  -0.994262   -0.103684   0.0263007    -6.77397
   0.025835   0.0058323    0.999649    0.101956
          0           0           0           1
v_world_imu: -0.0285349   -0.27208 -0.0144909
frame_443
id: 443
stamp: 1718924357.499992847
T_odom_lidar: 
  -0.103653    0.994609 -0.00290436    0.452534
  -0.994269    -0.10354   0.0266351    -6.80116
  0.0261908  0.00564852    0.999641    0.101023
          0           0           0           1
T_world_lidar: 
  -0.103653    0.994609 -0.00290436    0.452534
  -0.994269    -0.10354   0.0266351    -6.80116
  0.0261908  0.00564852    0.999641    0.101023
          0           0           0           1
v_world_imu:  -0.0372984   -0.273138 -0.00754729
frame_444
id: 444
stamp: 1718924357.699908018
T_odom_lidar: 
 -0.0991968    0.995058 -0.00436394    0.448274
  -0.994708   -0.099042   0.0273198    -6.85473
  0.0267526  0.00705089    0.999617    0.100183
          0           0           0           1
T_world_lidar: 
 -0.0991968    0.995058 -0.00436394    0.448274
  -0.994708   -0.099042   0.0273198    -6.85473
  0.0267526  0.00705089    0.999617    0.100183
          0           0           0           1
v_world_imu: -0.00932417     -0.2702 -0.00662487
frame_445
id: 445
stamp: 1718924357.800020218
T_odom_lidar: 
 -0.0967283    0.995303 -0.00401155    0.447593
  -0.994917  -0.0965758   0.0285243    -6.88191
  0.0280029  0.00675027    0.999585   0.0998309
          0           0           0           1
T_world_lidar: 
 -0.0967283    0.995303 -0.00401155    0.447593
  -0.994917  -0.0965758   0.0285243    -6.88191
  0.0280029  0.00675027    0.999585   0.0998309
          0           0           0           1
v_world_imu: -0.0261094  -0.270555 -0.0138033
frame_446
id: 446
stamp: 1718924357.899988890
T_odom_lidar: 
 -0.0949995    0.995472 -0.00317491    0.445989
  -0.995052  -0.0948652   0.0295417    -6.90886
  0.0291067  0.00596565    0.999559   0.0981467
          0           0           0           1
T_world_lidar: 
 -0.0949995    0.995472 -0.00317491    0.445989
  -0.995052  -0.0948652   0.0295417    -6.90886
  0.0291067  0.00596565    0.999559   0.0981467
          0           0           0           1
v_world_imu: -0.0196074  -0.270125 -0.0181723
frame_447
id: 447
stamp: 1718924358.099991322
T_odom_lidar: 
 -0.0952992    0.995445 -0.00268847    0.440092
  -0.994985  -0.0951719   0.0307893    -6.96253
  0.0303932  0.00560918    0.999522   0.0948005
          0           0           0           1
T_world_lidar: 
 -0.0952992    0.995445 -0.00268847    0.440092
  -0.994985  -0.0951719   0.0307893    -6.96253
  0.0303932  0.00560918    0.999522   0.0948005
          0           0           0           1
v_world_imu: -0.0241788  -0.266776 -0.0165672
frame_448
id: 448
stamp: 1718924358.199995279
T_odom_lidar: 
 -0.0967056    0.995306 -0.00379274    0.436983
  -0.994854  -0.0965445   0.0307479    -6.98913
  0.0302374  0.00674671     0.99952   0.0931303
          0           0           0           1
T_world_lidar: 
 -0.0967056    0.995306 -0.00379274    0.436983
  -0.994854  -0.0965445   0.0307479    -6.98913
  0.0302374  0.00674671     0.99952   0.0931303
          0           0           0           1
v_world_imu: -0.0342784  -0.264481 -0.0106604
frame_449
id: 449
stamp: 1718924358.299993277
T_odom_lidar: 
 -0.0973517    0.995237 -0.00515679    0.432951
  -0.994784  -0.0971461   0.0311152    -7.01548
  0.0304661  0.00815901    0.999503   0.0923976
          0           0           0           1
T_world_lidar: 
 -0.0973517    0.995237 -0.00515679    0.432951
  -0.994784  -0.0971461   0.0311152    -7.01548
  0.0304661  0.00815901    0.999503   0.0923976
          0           0           0           1
v_world_imu:   -0.035741   -0.262342 -0.00503468
frame_450
id: 450
stamp: 1718924358.399981260
T_odom_lidar: 
 -0.0957012    0.995392 -0.00606459    0.429799
   -0.99495  -0.0954699   0.0309935    -7.04183
  0.0302717  0.00900008    0.999501   0.0928524
          0           0           0           1
T_world_lidar: 
 -0.0957012    0.995392 -0.00606459    0.429799
   -0.99495  -0.0954699   0.0309935    -7.04183
  0.0302717  0.00900008    0.999501   0.0928524
          0           0           0           1
v_world_imu:  -0.032833  -0.262803 0.00842093
frame_451
id: 451
stamp: 1718924358.499984264
T_odom_lidar: 
 -0.0971271    0.995252 -0.00629835     0.42646
  -0.994793   -0.096882   0.0316504    -7.06808
  0.0308899  0.00933966    0.999479   0.0939045
          0           0           0           1
T_world_lidar: 
 -0.0971271    0.995252 -0.00629835     0.42646
  -0.994793   -0.096882   0.0316504    -7.06808
  0.0308899  0.00933966    0.999479   0.0939045
          0           0           0           1
v_world_imu: -0.0313049  -0.261469  0.0086722
frame_452
id: 452
stamp: 1718924358.599992275
T_odom_lidar: 
 -0.0970061    0.995262 -0.00661813    0.423357
    -0.9948  -0.0967496   0.0318058    -7.09403
  0.0310148  0.00966908    0.999472   0.0953553
          0           0           0           1
T_world_lidar: 
 -0.0970061    0.995262 -0.00661813    0.423357
    -0.9948  -0.0967496   0.0318058    -7.09403
  0.0310148  0.00966908    0.999472   0.0953553
          0           0           0           1
v_world_imu: -0.027343 -0.256851 0.0171707
frame_453
id: 453
stamp: 1718924358.699902058
T_odom_lidar: 
-0.0964066   0.995321 -0.0065077   0.421256
  -0.99485 -0.0961512    0.03208   -7.11981
 0.0313041 0.00956691   0.999464  0.0969283
         0          0          0          1
T_world_lidar: 
-0.0964066   0.995321 -0.0065077   0.421256
  -0.99485 -0.0961512    0.03208   -7.11981
 0.0313041 0.00956691   0.999464  0.0969283
         0          0          0          1
v_world_imu: -0.0214795   -0.25962  0.0114205
frame_454
id: 454
stamp: 1718924358.799993277
T_odom_lidar: 
 -0.0973366    0.995232 -0.00616431    0.418533
  -0.994744  -0.0970873   0.0325293    -7.14569
  0.0317758   0.0092982    0.999452   0.0979083
          0           0           0           1
T_world_lidar: 
 -0.0973366    0.995232 -0.00616431    0.418533
  -0.994744  -0.0970873   0.0325293    -7.14569
  0.0317758   0.0092982    0.999452   0.0979083
          0           0           0           1
v_world_imu: -0.0264525  -0.257284 0.00859262
frame_455
id: 455
stamp: 1718924358.900010109
T_odom_lidar: 
 -0.0968948    0.995273 -0.00656932    0.415762
  -0.994774  -0.0966286   0.0329735    -7.17126
  0.0321828  0.00972995    0.999435   0.0985898
          0           0           0           1
T_world_lidar: 
 -0.0968948    0.995273 -0.00656932    0.415762
  -0.994774  -0.0966286   0.0329735    -7.17126
  0.0321828  0.00972995    0.999435   0.0985898
          0           0           0           1
v_world_imu: -0.0283159  -0.254801 0.00387792
frame_456
id: 456
stamp: 1718924359.099993229
T_odom_lidar: 
 -0.0959621    0.995366 -0.00615123    0.411335
  -0.994863  -0.0957099   0.0329596    -7.22256
  0.0322181   0.0092825    0.999438   0.0976932
          0           0           0           1
T_world_lidar: 
 -0.0959621    0.995366 -0.00615123    0.411335
  -0.994863  -0.0957099   0.0329596    -7.22256
  0.0322181   0.0092825    0.999438   0.0976932
          0           0           0           1
v_world_imu:  -0.0306163   -0.255273 -0.00401426
frame_457
id: 457
stamp: 1718924359.199988127
T_odom_lidar: 
 -0.0971607    0.995249 -0.00626883     0.40821
  -0.994755  -0.0969064   0.0327231    -7.24828
  0.0319602  0.00941536    0.999445   0.0974989
          0           0           0           1
T_world_lidar: 
 -0.0971607    0.995249 -0.00626883     0.40821
  -0.994755  -0.0969064   0.0327231    -7.24828
  0.0319602  0.00941536    0.999445   0.0974989
          0           0           0           1
v_world_imu: -0.0268522  -0.260524 0.00630165
frame_458
id: 458
stamp: 1718924359.299988031
T_odom_lidar: 
-0.0965367   0.995308 -0.0065867   0.405482
 -0.994815 -0.0962719  0.0327866   -7.27456
 0.0319987 0.00971766   0.999441  0.0982598
         0          0          0          1
T_world_lidar: 
-0.0965367   0.995308 -0.0065867   0.405482
 -0.994815 -0.0962719  0.0327866   -7.27456
 0.0319987 0.00971766   0.999441  0.0982598
         0          0          0          1
v_world_imu: -0.0333582  -0.261277  0.0101212
frame_459
id: 459
stamp: 1718924359.399990082
T_odom_lidar: 
 -0.0977376     0.99519 -0.00658483    0.402421
  -0.994701  -0.0974732   0.0326898    -7.30061
  0.0318907  0.00974496    0.999444    0.100021
          0           0           0           1
T_world_lidar: 
 -0.0977376     0.99519 -0.00658483    0.402421
  -0.994701  -0.0974732   0.0326898    -7.30061
  0.0318907  0.00974496    0.999444    0.100021
          0           0           0           1
v_world_imu: -0.0194548  -0.263846  0.0167927
frame_460
id: 460
stamp: 1718924359.499985218
T_odom_lidar: 
 -0.0976853    0.995199 -0.00608194     0.40074
  -0.994712  -0.0974391   0.0324612    -7.32715
  0.0317127  0.00922076    0.999454    0.102177
          0           0           0           1
T_world_lidar: 
 -0.0976853    0.995199 -0.00608194     0.40074
  -0.994712  -0.0974391   0.0324612    -7.32715
  0.0317127  0.00922076    0.999454    0.102177
          0           0           0           1
v_world_imu: -0.0173975  -0.263616  0.0233493
frame_461
id: 461
stamp: 1718924359.599984169
T_odom_lidar: 
 -0.0952911    0.995419 -0.00781266    0.398143
  -0.994968   -0.094998   0.0318507    -7.35338
  0.0309626   0.0108084    0.999462    0.104122
          0           0           0           1
T_world_lidar: 
 -0.0952911    0.995419 -0.00781266    0.398143
  -0.994968   -0.094998   0.0318507    -7.35338
  0.0309626   0.0108084    0.999462    0.104122
          0           0           0           1
v_world_imu: -0.045934 -0.259128 0.0192995
frame_462
id: 462
stamp: 1718924359.699980974
T_odom_lidar: 
 -0.0956058    0.995381 -0.00867561    0.394624
  -0.994959   -0.095293   0.0312388    -7.37923
  0.0302678   0.0116185    0.999474    0.105636
          0           0           0           1
T_world_lidar: 
 -0.0956058    0.995381 -0.00867561    0.394624
  -0.994959   -0.095293   0.0312388    -7.37923
  0.0302678   0.0116185    0.999474    0.105636
          0           0           0           1
v_world_imu: -0.0172632   -0.26018  0.0168039
frame_463
id: 463
stamp: 1718924359.799986124
T_odom_lidar: 
 -0.0951314    0.995427 -0.00862308    0.392395
  -0.995021  -0.0948268   0.0306839    -7.40503
  0.0297259   0.0114992    0.999492     0.10724
          0           0           0           1
T_world_lidar: 
 -0.0951314    0.995427 -0.00862308    0.392395
  -0.995021  -0.0948268   0.0306839    -7.40503
  0.0297259   0.0114992    0.999492     0.10724
          0           0           0           1
v_world_imu: -0.0324674  -0.255466   0.017545
frame_464
id: 464
stamp: 1718924359.900014877
T_odom_lidar: 
 -0.0958468    0.995355 -0.00905735     0.38903
  -0.994971  -0.0955359   0.0300981     -7.4307
   0.029093   0.0118966    0.999506    0.108732
          0           0           0           1
T_world_lidar: 
 -0.0958468    0.995355 -0.00905735     0.38903
  -0.994971  -0.0955359   0.0300981     -7.4307
   0.029093   0.0118966    0.999506    0.108732
          0           0           0           1
v_world_imu: -0.0284016  -0.259798  0.0170179
frame_465
id: 465
stamp: 1718924360.099986076
T_odom_lidar: 
  -0.095779     0.99536 -0.00919463    0.383174
  -0.995012  -0.0954787   0.0288817    -7.48331
  0.0278698    0.011915    0.999541    0.111024
          0           0           0           1
T_world_lidar: 
  -0.095779     0.99536 -0.00919463    0.383174
  -0.995012  -0.0954787   0.0288817    -7.48331
  0.0278698    0.011915    0.999541    0.111024
          0           0           0           1
v_world_imu: -0.0362513  -0.266239  0.0105457
frame_466
id: 466
stamp: 1718924360.199985027
T_odom_lidar: 
 -0.0961733    0.995326 -0.00874955    0.380084
  -0.994979  -0.0958878   0.0286681    -7.50995
  0.0276952   0.0114627    0.999551    0.112129
          0           0           0           1
T_world_lidar: 
 -0.0961733    0.995326 -0.00874955    0.380084
  -0.994979  -0.0958878   0.0286681    -7.50995
  0.0276952   0.0114627    0.999551    0.112129
          0           0           0           1
v_world_imu: -0.0206753  -0.267007   0.017676
frame_467
id: 467
stamp: 1718924360.299986124
T_odom_lidar: 
 -0.0947996     0.99546 -0.00854252    0.378547
  -0.995124  -0.0945259   0.0281679    -7.53694
  0.0272325   0.0111712    0.999567    0.113653
          0           0           0           1
T_world_lidar: 
 -0.0947996     0.99546 -0.00854252    0.378547
  -0.995124  -0.0945259   0.0281679    -7.53694
  0.0272325   0.0111712    0.999567    0.113653
          0           0           0           1
v_world_imu: -0.0247094  -0.269612  0.0190006
frame_468
id: 468
stamp: 1718924360.399982929
T_odom_lidar: 
 -0.0948251    0.995457 -0.00857433    0.376643
  -0.995131  -0.0945547   0.0277987    -7.56371
  0.0268616   0.0111686    0.999577    0.114851
          0           0           0           1
T_world_lidar: 
 -0.0948251    0.995457 -0.00857433    0.376643
  -0.995131  -0.0945547   0.0277987    -7.56371
  0.0268616   0.0111686    0.999577    0.114851
          0           0           0           1
v_world_imu: -0.0111348  -0.269707 0.00759891
frame_469
id: 469
stamp: 1718924360.499980927
T_odom_lidar: 
 -0.0948939    0.995455 -0.00801585    0.375709
  -0.995127  -0.0946398   0.0276786     -7.5908
  0.0267942   0.0106033    0.999585    0.115801
          0           0           0           1
T_world_lidar: 
 -0.0948939    0.995455 -0.00801585    0.375709
  -0.995127  -0.0946398   0.0276786     -7.5908
  0.0267942   0.0106033    0.999585    0.115801
          0           0           0           1
v_world_imu: -0.00787569   -0.269178   0.0109615
frame_470
id: 470
stamp: 1718924360.599991083
T_odom_lidar: 
-0.0940902   0.995533 -0.0078061   0.374791
   -0.9952 -0.0938409  0.0277707   -7.61823
 0.0269141  0.0103816   0.999584   0.117236
         0          0          0          1
T_world_lidar: 
-0.0940902   0.995533 -0.0078061   0.374791
   -0.9952 -0.0938409  0.0277707   -7.61823
 0.0269141  0.0103816   0.999584   0.117236
         0          0          0          1
v_world_imu: -0.0163964  -0.276382  0.0153007
frame_471
id: 471
stamp: 1718924360.699900150
T_odom_lidar: 
 -0.0948419    0.995449 -0.00924695    0.372368
  -0.995148  -0.0945608   0.0271779    -7.64553
  0.0261798   0.0117797    0.999588    0.118271
          0           0           0           1
T_world_lidar: 
 -0.0948419    0.995449 -0.00924695    0.372368
  -0.995148  -0.0945608   0.0271779    -7.64553
  0.0261798   0.0117797    0.999588    0.118271
          0           0           0           1
v_world_imu: -0.0228276  -0.270895  0.0095936
frame_472
id: 472
stamp: 1718924360.699981928
T_odom_lidar: 
 -0.0927762    0.995652 -0.00835132    0.353971
   -0.99547  -0.0925778   0.0216295    -7.62903
  0.0207623   0.0103202    0.999731     0.10624
          0           0           0           1
T_world_lidar: 
 -0.0927762    0.995652 -0.00835132    0.353971
   -0.99547  -0.0925778   0.0216295    -7.62903
  0.0207623   0.0103202    0.999731     0.10624
          0           0           0           1
v_world_imu: -0.0119498  -0.191138 -0.0066446
frame_473
id: 473
stamp: 1718924360.900021315
T_odom_lidar: 
 -0.0886176     0.99604 -0.00716013    0.356842
  -0.995787  -0.0884206   0.0242802    -7.66687
  0.0235509  0.00928162     0.99968    0.107525
          0           0           0           1
T_world_lidar: 
 -0.0886176     0.99604 -0.00716013    0.356842
  -0.995787  -0.0884206   0.0242802    -7.66687
  0.0235509  0.00928162     0.99968    0.107525
          0           0           0           1
v_world_imu:   0.013351  -0.194784 0.00277765
frame_474
id: 474
stamp: 1718924360.999953985
T_odom_lidar: 
 -0.0857063     0.99629 -0.00776212    0.358632
  -0.996031  -0.0854913   0.0247495    -7.68659
   0.023994   0.0098525    0.999664    0.108353
          0           0           0           1
T_world_lidar: 
 -0.0857063     0.99629 -0.00776212    0.358632
  -0.996031  -0.0854913   0.0247495    -7.68659
   0.023994   0.0098525    0.999664    0.108353
          0           0           0           1
v_world_imu: 0.00767069  -0.200799 0.00837915
frame_475
id: 475
stamp: 1718924361.099993944
T_odom_lidar: 
 -0.0843298    0.996415 -0.00670894    0.360493
  -0.996097  -0.0841229   0.0267324    -7.70514
  0.0260722  0.00893709     0.99962     0.11025
          0           0           0           1
T_world_lidar: 
 -0.0843298    0.996415 -0.00670894    0.360493
  -0.996097  -0.0841229   0.0267324    -7.70514
  0.0260722  0.00893709     0.99962     0.11025
          0           0           0           1
v_world_imu: 0.0270632  -0.15974 0.0246791
frame_476
id: 476
stamp: 1718924361.200001001
T_odom_lidar: 
 -0.0852577    0.996333 -0.00717996    0.363335
  -0.995947  -0.0850132    0.029349    -7.71464
   0.028631  0.00965309    0.999543    0.112738
          0           0           0           1
T_world_lidar: 
 -0.0852577    0.996333 -0.00717996    0.363335
  -0.995947  -0.0850132    0.029349    -7.71464
   0.028631  0.00965309    0.999543    0.112738
          0           0           0           1
v_world_imu:  0.0307426 -0.0303611  0.0135717
frame_477
id: 477
stamp: 1718924361.299988985
T_odom_lidar: 
 -0.0887117     0.99602 -0.00866551    0.365029
  -0.995618   -0.088411   0.0304565    -7.71365
  0.0295692   0.0113294    0.999499    0.114035
          0           0           0           1
T_world_lidar: 
 -0.0887117     0.99602 -0.00866551    0.365029
  -0.995618   -0.088411   0.0304565    -7.71365
  0.0295692   0.0113294    0.999499    0.114035
          0           0           0           1
v_world_imu: 0.0277409 0.0356363 0.0110547
frame_478
id: 478
stamp: 1718924361.399974823
T_odom_lidar: 
  -0.100183    0.994943 -0.00717387    0.366441
  -0.994578  -0.0999386   0.0287695    -7.71003
   0.027907   0.0100172     0.99956    0.115515
          0           0           0           1
T_world_lidar: 
  -0.100183    0.994943 -0.00717387    0.366441
  -0.994578  -0.0999386   0.0287695    -7.71003
   0.027907   0.0100172     0.99956    0.115515
          0           0           0           1
v_world_imu: 0.0561862 0.0410492 0.0252531
frame_479
id: 479
stamp: 1718924361.500006914
T_odom_lidar: 
  -0.107578    0.994189 -0.00396549    0.369618
  -0.993848   -0.107434   0.0269118    -7.70539
  0.0263293  0.00683622     0.99963    0.117226
          0           0           0           1
T_world_lidar: 
  -0.107578    0.994189 -0.00396549    0.369618
  -0.993848   -0.107434   0.0269118    -7.70539
  0.0263293  0.00683622     0.99963    0.117226
          0           0           0           1
v_world_imu: 0.0448151 0.0472695 0.0249482
frame_480
id: 480
stamp: 1718924361.699888229
T_odom_lidar: 
  -0.120792    0.992654 -0.00695021    0.377845
  -0.992385   -0.120583   0.0251473    -7.69809
  0.0241244  0.00993487     0.99966    0.118786
          0           0           0           1
T_world_lidar: 
  -0.120792    0.992654 -0.00695021    0.377845
  -0.992385   -0.120583   0.0251473    -7.69809
  0.0241244  0.00993487     0.99966    0.118786
          0           0           0           1
v_world_imu:  0.0466616  0.0207444 0.00643685
frame_481
id: 481
stamp: 1718924361.799962997
T_odom_lidar: 
  -0.133746    0.991015 0.000940382    0.378534
  -0.990727   -0.133729   0.0240294    -7.69587
  0.0239392  0.00228216    0.999711    0.117641
          0           0           0           1
T_world_lidar: 
  -0.133746    0.991015 0.000940382    0.378534
  -0.990727   -0.133729   0.0240294    -7.69587
  0.0239392  0.00228216    0.999711    0.117641
          0           0           0           1
v_world_imu:  0.0158315  0.0145541 -0.0253994
frame_482
id: 482
stamp: 1718924361.900003195
T_odom_lidar: 
  -0.148671    0.988852  0.00825621    0.375864
  -0.988578   -0.148828   0.0237555    -7.69476
  0.0247194 -0.00463016    0.999684    0.114637
          0           0           0           1
T_world_lidar: 
  -0.148671    0.988852  0.00825621    0.375864
  -0.988578   -0.148828   0.0237555    -7.69476
  0.0247194 -0.00463016    0.999684    0.114637
          0           0           0           1
v_world_imu:     0.010248 -0.000106863   -0.0247615
frame_483
id: 483
stamp: 1718924361.900009871
T_odom_lidar: 
   -0.166863      0.98598 -0.000419094      0.34547
   -0.985836    -0.166831    0.0171889     -7.68067
    0.016878   0.00328134     0.999852     0.106768
           0            0            0            1
T_world_lidar: 
   -0.166863      0.98598 -0.000419094      0.34547
   -0.985836    -0.166831    0.0171889     -7.68067
    0.016878   0.00328134     0.999852     0.106768
           0            0            0            1
v_world_imu:  0.143028 0.0181051  0.073631
frame_484
id: 484
stamp: 1718924362.099996090
T_odom_lidar: 
 -0.222387   0.974958 0.00064436    0.36294
 -0.974854  -0.222372  0.0144691   -7.67916
 0.0142501 0.00258958   0.999895   0.116137
         0          0          0          1
T_world_lidar: 
 -0.222387   0.974958 0.00064436    0.36294
 -0.974854  -0.222372  0.0144691   -7.67916
 0.0142501 0.00258958   0.999895   0.116137
         0          0          0          1
v_world_imu:   0.157825 -0.0121969  0.0524012
frame_485
id: 485
stamp: 1718924362.199989319
T_odom_lidar: 
   -0.247591     0.968856   0.00408618     0.373053
   -0.968751    -0.247624    0.0142719       -7.681
   0.0148392 -0.000424909      0.99989      0.11845
           0            0            0            1
T_world_lidar: 
   -0.247591     0.968856   0.00408618     0.373053
   -0.968751    -0.247624    0.0142719       -7.681
   0.0148392 -0.000424909      0.99989      0.11845
           0            0            0            1
v_world_imu:    0.171125  -0.0418483 -0.00837798
frame_486
id: 486
stamp: 1718924362.300001144
T_odom_lidar: 
  -0.268389     0.96331 0.000916798    0.384746
  -0.963217   -0.268376   0.0136721    -7.68614
  0.0134166  0.00278637    0.999906    0.115911
          0           0           0           1
T_world_lidar: 
  -0.268389     0.96331 0.000916798    0.384746
  -0.963217   -0.268376   0.0136721    -7.68614
  0.0134166  0.00278637    0.999906    0.115911
          0           0           0           1
v_world_imu:   0.167558 -0.0774996 -0.0189999
frame_487
id: 487
stamp: 1718924362.399981260
T_odom_lidar: 
  -0.287643     0.95771   0.0073461    0.395984
  -0.957632   -0.287717   0.0126838     -7.6943
   0.014261 -0.00338644    0.999893       0.116
          0           0           0           1
T_world_lidar: 
  -0.287643     0.95771   0.0073461    0.395984
  -0.957632   -0.287717   0.0126838     -7.6943
   0.014261 -0.00338644    0.999893       0.116
          0           0           0           1
v_world_imu:  0.156608 -0.101839 0.0262315
frame_488
id: 488
stamp: 1718924362.499978304
T_odom_lidar: 
  -0.316273    0.948622  0.00933843    0.404789
  -0.948566   -0.316368   0.0115488    -7.70308
  0.0139098 -0.00520555     0.99989    0.117958
          0           0           0           1
T_world_lidar: 
  -0.316273    0.948622  0.00933843    0.404789
  -0.948566   -0.316368   0.0115488    -7.70308
  0.0139098 -0.00520555     0.99989    0.117958
          0           0           0           1
v_world_imu:   0.167385 -0.0984176   0.017301
frame_489
id: 489
stamp: 1718924362.599992275
T_odom_lidar: 
 -0.352013     0.9359  0.0133273   0.408988
 -0.935882  -0.352156  0.0105109   -7.71056
 0.0145305 -0.0087728   0.999856   0.120483
         0          0          0          1
T_world_lidar: 
 -0.352013     0.9359  0.0133273   0.408988
 -0.935882  -0.352156  0.0105109   -7.71056
 0.0145305 -0.0087728   0.999856   0.120483
         0          0          0          1
v_world_imu:  0.0990954 -0.0976458  0.0323643
frame_490
id: 490
stamp: 1718924362.699913025
T_odom_lidar: 
 -0.402748   0.915145  0.0174164    0.40513
 -0.915239  -0.402882  0.0048615   -7.71381
 0.0114658 -0.0139823   0.999837   0.119332
         0          0          0          1
T_world_lidar: 
 -0.402748   0.915145  0.0174164    0.40513
 -0.915239  -0.402882  0.0048615   -7.71381
 0.0114658 -0.0139823   0.999837   0.119332
         0          0          0          1
v_world_imu:  0.0570543 -0.0738167 -0.0248528
