1718924308.099987030 0.000000 0.000000 -0.000000 0.000000 -0.000000 -0.000000 1.000000
1718924308.101507664 -0.000137 -0.000044 0.000015 0.000001 -0.000003 0.000001 1.000000
1718924308.106462002 -0.000579 -0.000188 0.000064 0.000006 -0.000017 -0.000004 1.000000
1718924308.111463785 -0.001020 -0.000332 0.000114 0.000016 -0.000027 -0.000015 1.000000
1718924308.116475582 -0.001455 -0.000474 0.000164 0.000026 -0.000038 -0.000025 1.000000
1718924308.199985981 -0.007795 -0.002612 0.000895 0.000653 -0.001692 -0.000024 0.999998
1718924308.199985981 -0.007795 -0.002612 0.000895 0.000653 -0.001692 -0.000024 0.999998
1718924308.206501245 -0.008223 -0.002762 0.000943 0.000702 -0.001821 -0.000024 0.999998
1718924308.211478233 -0.008543 -0.002875 0.000979 0.000737 -0.001907 -0.000026 0.999998
1718924308.216481686 -0.008861 -0.002987 0.001014 0.000769 -0.001992 -0.000034 0.999998
1718924308.221529007 -0.009176 -0.003098 0.001048 0.000801 -0.002072 -0.000033 0.999998
1718924308.226481915 -0.009480 -0.003206 0.001081 0.000825 -0.002149 -0.000035 0.999997
1718924308.231506586 -0.009783 -0.003314 0.001115 0.000846 -0.002223 -0.000042 0.999997
1718924308.236467600 -0.010077 -0.003419 0.001147 0.000876 -0.002301 -0.000042 0.999997
1718924308.241464376 -0.010367 -0.003523 0.001179 0.000909 -0.002379 -0.000036 0.999997
1718924308.246472359 -0.010653 -0.003625 0.001211 0.000942 -0.002462 -0.000031 0.999997
1718924308.251475096 -0.010934 -0.003726 0.001243 0.000973 -0.002547 -0.000033 0.999996
1718924308.256471157 -0.011209 -0.003824 0.001275 0.001002 -0.002629 -0.000031 0.999996
1718924308.261467218 -0.011480 -0.003920 0.001306 0.001033 -0.002707 -0.000032 0.999996
1718924308.266534090 -0.011749 -0.004015 0.001338 0.001062 -0.002790 -0.000031 0.999996
1718924308.271511316 -0.012007 -0.004107 0.001369 0.001084 -0.002873 -0.000033 0.999995
1718924308.276511431 -0.012262 -0.004197 0.001400 0.001114 -0.002958 -0.000039 0.999995
1718924308.281505823 -0.012511 -0.004285 0.001431 0.001146 -0.003036 -0.000046 0.999995
1718924308.286501646 -0.012756 -0.004372 0.001462 0.001172 -0.003116 -0.000047 0.999994
1718924308.291503906 -0.012996 -0.004457 0.001493 0.001199 -0.003194 -0.000051 0.999994
1718924308.296499491 -0.013229 -0.004541 0.001523 0.001232 -0.003270 -0.000053 0.999994
1718924308.299984932 -0.013389 -0.004598 0.001544 0.001247 -0.003313 -0.000052 0.999994
1718924308.299984932 -0.013389 -0.004598 0.001544 0.001247 -0.003313 -0.000052 0.999994
1718924308.301504850 -0.013460 -0.004623 0.001554 0.001247 -0.003314 -0.000052 0.999994
1718924308.306461573 -0.013688 -0.004704 0.001586 0.001249 -0.003318 -0.000048 0.999994
1718924308.311480761 -0.013914 -0.004785 0.001619 0.001252 -0.003326 -0.000043 0.999994
1718924308.396478176 -0.017064 -0.005888 0.002037 0.001687 -0.004754 0.000120 0.999987
1718924308.399983883 -0.017166 -0.005922 0.002055 0.001689 -0.004756 0.000122 0.999987
1718924308.399983883 -0.017166 -0.005922 0.002055 0.001689 -0.004756 0.000122 0.999987
1718924308.401475668 -0.017209 -0.005937 0.002062 0.001693 -0.004767 0.000122 0.999987
1718924308.406461954 -0.017354 -0.005985 0.002082 0.001715 -0.004833 0.000113 0.999987
1718924308.411463737 -0.017495 -0.006032 0.002103 0.001734 -0.004906 0.000108 0.999986
1718924308.416469336 -0.017632 -0.006076 0.002125 0.001756 -0.004982 0.000104 0.999986
1718924308.421529055 -0.017767 -0.006120 0.002146 0.001785 -0.005067 0.000098 0.999986
1718924308.426534653 -0.017896 -0.006162 0.002167 0.001812 -0.005142 0.000094 0.999985
1718924308.431471348 -0.018019 -0.006204 0.002188 0.001837 -0.005210 0.000092 0.999985
1718924308.436521769 -0.018142 -0.006245 0.002208 0.001860 -0.005284 0.000089 0.999984
1718924308.441524267 -0.018259 -0.006284 0.002228 0.001891 -0.005361 0.000094 0.999984
1718924308.446509600 -0.018373 -0.006321 0.002247 0.001923 -0.005440 0.000096 0.999983
1718924308.451509953 -0.018482 -0.006357 0.002267 0.001951 -0.005519 0.000094 0.999983
1718924308.456518412 -0.018589 -0.006392 0.002286 0.001981 -0.005595 0.000095 0.999982
1718924308.461519241 -0.018691 -0.006425 0.002304 0.002014 -0.005669 0.000090 0.999982
1718924308.466537714 -0.018790 -0.006457 0.002322 0.002043 -0.005742 0.000082 0.999981
1718924308.471535444 -0.018885 -0.006487 0.002339 0.002071 -0.005812 0.000082 0.999981
1718924308.476478815 -0.018975 -0.006516 0.002355 0.002096 -0.005882 0.000072 0.999981
1718924308.481508255 -0.019063 -0.006545 0.002373 0.002120 -0.005957 0.000068 0.999980
1718924308.486471891 -0.019145 -0.006572 0.002390 0.002143 -0.006035 0.000069 0.999979
1718924308.491505861 -0.019225 -0.006599 0.002408 0.002167 -0.006114 0.000075 0.999979
1718924308.496459961 -0.019300 -0.006623 0.002426 0.002198 -0.006182 0.000076 0.999978
1718924308.499981880 -0.019351 -0.006640 0.002439 0.002216 -0.006222 0.000077 0.999978
1718924308.499981880 -0.019351 -0.006640 0.002439 0.002216 -0.006222 0.000077 0.999978
1718924308.501503229 -0.019374 -0.006647 0.002446 0.002219 -0.006224 0.000077 0.999978
1718924308.506499529 -0.019448 -0.006672 0.002470 0.002229 -0.006234 0.000078 0.999978
1718924308.511503458 -0.019519 -0.006696 0.002493 0.002239 -0.006244 0.000071 0.999978
1718924308.561461449 -0.020073 -0.006899 0.002664 0.002586 -0.007116 0.000062 0.999971
1718924308.591505051 -0.020235 -0.006975 0.002784 0.002710 -0.007464 0.000071 0.999968
1718924308.596460819 -0.020249 -0.006984 0.002806 0.002717 -0.007478 0.000073 0.999968
1718924308.599982023 -0.020257 -0.006989 0.002822 0.002720 -0.007484 0.000076 0.999968
1718924308.599982023 -0.020257 -0.006989 0.002822 0.002720 -0.007484 0.000076 0.999968
1718924308.601465940 -0.020262 -0.006992 0.002827 0.002723 -0.007494 0.000076 0.999968
1718924308.606457472 -0.020279 -0.007003 0.002842 0.002741 -0.007559 0.000079 0.999968
1718924308.611505032 -0.020294 -0.007012 0.002857 0.002759 -0.007634 0.000085 0.999967
1718924308.616472483 -0.020307 -0.007020 0.002871 0.002789 -0.007705 0.000089 0.999966
1718924308.621478319 -0.020317 -0.007027 0.002885 0.002815 -0.007762 0.000085 0.999966
1718924308.626478672 -0.020325 -0.007033 0.002898 0.002832 -0.007820 0.000077 0.999965
1718924308.631529093 -0.020330 -0.007039 0.002912 0.002849 -0.007884 0.000075 0.999965
1718924308.636470318 -0.020333 -0.007043 0.002925 0.002868 -0.007945 0.000078 0.999964
1718924308.641460419 -0.020334 -0.007047 0.002939 0.002888 -0.008004 0.000081 0.999964
1718924308.646471024 -0.020332 -0.007050 0.002953 0.002911 -0.008066 0.000083 0.999963
1718924308.651482582 -0.020328 -0.007052 0.002968 0.002935 -0.008127 0.000092 0.999963
1718924308.656469584 -0.020322 -0.007053 0.002982 0.002956 -0.008191 0.000096 0.999962
1718924308.661512852 -0.020314 -0.007053 0.002997 0.002981 -0.008252 0.000097 0.999962
1718924308.666538715 -0.020303 -0.007053 0.003011 0.002999 -0.008313 0.000101 0.999961
1718924308.671489239 -0.020289 -0.007052 0.003025 0.003022 -0.008379 0.000107 0.999960
1718924308.676464558 -0.020273 -0.007050 0.003038 0.003045 -0.008444 0.000107 0.999960
1718924308.681504726 -0.020254 -0.007047 0.003051 0.003062 -0.008505 0.000109 0.999959
1718924308.686459064 -0.020233 -0.007044 0.003064 0.003082 -0.008567 0.000108 0.999959
1718924308.691505432 -0.020209 -0.007039 0.003077 0.003100 -0.008634 0.000100 0.999958
1718924308.696502209 -0.020184 -0.007034 0.003090 0.003124 -0.008696 0.000091 0.999957
1718924308.699983835 -0.020164 -0.007030 0.003101 0.003137 -0.008728 0.000094 0.999957
1718924308.699983835 -0.020164 -0.007030 0.003101 0.003137 -0.008728 0.000094 0.999957
1718924308.701470852 -0.020157 -0.007029 0.003107 0.003139 -0.008729 0.000096 0.999957
1718924308.706464052 -0.020133 -0.007024 0.003128 0.003141 -0.008741 0.000101 0.999957
1718924308.711504936 -0.020106 -0.007017 0.003149 0.003146 -0.008757 0.000100 0.999957
1718924308.716503382 -0.020077 -0.007010 0.003170 0.003154 -0.008773 0.000101 0.999957
1718924308.766467571 -0.019736 -0.006901 0.003231 0.003458 -0.009654 -0.000017 0.999947
1718924308.771475077 -0.019689 -0.006883 0.003249 0.003460 -0.009659 -0.000016 0.999947
1718924308.776472330 -0.019641 -0.006865 0.003268 0.003463 -0.009672 -0.000008 0.999947
1718924308.781555414 -0.019589 -0.006846 0.003287 0.003475 -0.009686 -0.000005 0.999947
1718924308.786509991 -0.019537 -0.006826 0.003305 0.003483 -0.009696 -0.000020 0.999947
1718924308.791506529 -0.019482 -0.006804 0.003324 0.003494 -0.009705 -0.000041 0.999947
1718924308.796467543 -0.019426 -0.006782 0.003342 0.003502 -0.009723 -0.000043 0.999947
1718924308.799981833 -0.019385 -0.006767 0.003355 0.003510 -0.009736 -0.000037 0.999946
1718924308.799981833 -0.019385 -0.006767 0.003355 0.003510 -0.009736 -0.000037 0.999946
1718924308.801497221 -0.019369 -0.006761 0.003360 0.003515 -0.009746 -0.000035 0.999946
1718924308.806461811 -0.019319 -0.006742 0.003369 0.003540 -0.009794 -0.000033 0.999946
1718924308.811454773 -0.019267 -0.006722 0.003379 0.003562 -0.009841 -0.000041 0.999945
1718924308.816474676 -0.019213 -0.006702 0.003388 0.003580 -0.009886 -0.000049 0.999945
1718924308.821473837 -0.019159 -0.006681 0.003398 0.003595 -0.009936 -0.000052 0.999944
1718924308.826474428 -0.019104 -0.006660 0.003408 0.003611 -0.009987 -0.000050 0.999944
1718924308.831532240 -0.019046 -0.006638 0.003418 0.003628 -0.010037 -0.000040 0.999943
1718924308.836465836 -0.018989 -0.006616 0.003427 0.003645 -0.010084 -0.000026 0.999943
1718924308.841519356 -0.018928 -0.006592 0.003436 0.003661 -0.010132 -0.000020 0.999942
1718924308.846477032 -0.018868 -0.006569 0.003445 0.003676 -0.010180 -0.000009 0.999941
1718924308.851538897 -0.018805 -0.006544 0.003454 0.003680 -0.010233 -0.000004 0.999941
1718924308.856469393 -0.018742 -0.006519 0.003463 0.003682 -0.010278 -0.000013 0.999940
1718924308.861512184 -0.018676 -0.006493 0.003472 0.003691 -0.010325 -0.000016 0.999940
1718924308.866510153 -0.018610 -0.006466 0.003480 0.003710 -0.010374 -0.000012 0.999939
1718924308.871515751 -0.018542 -0.006439 0.003488 0.003726 -0.010427 -0.000008 0.999939
1718924308.876480103 -0.018473 -0.006412 0.003496 0.003739 -0.010476 -0.000009 0.999938
1718924308.881494999 -0.018402 -0.006383 0.003504 0.003759 -0.010521 -0.000024 0.999938
1718924308.886457682 -0.018329 -0.006355 0.003513 0.003774 -0.010566 -0.000033 0.999937
1718924308.891503572 -0.018254 -0.006326 0.003521 0.003782 -0.010614 -0.000036 0.999937
1718924308.896459341 -0.018178 -0.006298 0.003530 0.003797 -0.010659 -0.000034 0.999936
1718924308.900025845 -0.018123 -0.006277 0.003538 0.003814 -0.010689 -0.000028 0.999936
1718924308.900025845 -0.018123 -0.006277 0.003538 0.003814 -0.010689 -0.000028 0.999936
1718924308.901506186 -0.018102 -0.006268 0.003541 0.003819 -0.010695 -0.000025 0.999936
1718924308.906459808 -0.018032 -0.006240 0.003550 0.003836 -0.010713 -0.000012 0.999935
1718924308.911495209 -0.017959 -0.006211 0.003560 0.003845 -0.010730 -0.000011 0.999935
1718924308.961471796 -0.017340 -0.005944 0.003621 0.004149 -0.011533 -0.000128 0.999925
1718924308.966509581 -0.017259 -0.005911 0.003627 0.004153 -0.011548 -0.000122 0.999925
1718924308.971485615 -0.017176 -0.005878 0.003633 0.004153 -0.011563 -0.000108 0.999925
1718924308.976540089 -0.017091 -0.005844 0.003639 0.004153 -0.011582 -0.000096 0.999924
1718924308.981512785 -0.017006 -0.005811 0.003645 0.004159 -0.011595 -0.000094 0.999924
1718924308.986463547 -0.016920 -0.005778 0.003650 0.004169 -0.011614 -0.000100 0.999924
1718924308.991460323 -0.016833 -0.005744 0.003655 0.004178 -0.011633 -0.000099 0.999924
1718924308.996455669 -0.016745 -0.005709 0.003660 0.004184 -0.011650 -0.000099 0.999923
1718924309.001459599 -0.016654 -0.005674 0.003665 0.004191 -0.011663 -0.000096 0.999923
1718924309.006453991 -0.016564 -0.005637 0.003670 0.004202 -0.011677 -0.000091 0.999923
1718924309.011449337 -0.016473 -0.005601 0.003675 0.004210 -0.011693 -0.000094 0.999923
1718924309.016493320 -0.016382 -0.005563 0.003680 0.004231 -0.011706 -0.000100 0.999923
1718924309.021463394 -0.016290 -0.005526 0.003686 0.004250 -0.011725 -0.000097 0.999922
1718924309.026468754 -0.016197 -0.005489 0.003691 0.004262 -0.011750 -0.000089 0.999922
1718924309.031457901 -0.016104 -0.005451 0.003698 0.004268 -0.011764 -0.000084 0.999922
1718924309.036463261 -0.016009 -0.005413 0.003703 0.004268 -0.011776 -0.000087 0.999922
1718924309.041512966 -0.015912 -0.005373 0.003709 0.004270 -0.011793 -0.000087 0.999921
1718924309.046483755 -0.015817 -0.005333 0.003714 0.004276 -0.011810 -0.000086 0.999921
1718924309.051503420 -0.015719 -0.005293 0.003719 0.004284 -0.011828 -0.000089 0.999921
1718924309.056492329 -0.015620 -0.005252 0.003724 0.004288 -0.011845 -0.000080 0.999921
1718924309.061457157 -0.015521 -0.005212 0.003728 0.004291 -0.011862 -0.000069 0.999920
1718924309.066487312 -0.015419 -0.005171 0.003732 0.004293 -0.011876 -0.000071 0.999920
1718924309.071459532 -0.015317 -0.005131 0.003737 0.004292 -0.011885 -0.000077 0.999920
1718924309.076494217 -0.015213 -0.005090 0.003741 0.004293 -0.011897 -0.000083 0.999920
1718924309.081459761 -0.015109 -0.005050 0.003746 0.004303 -0.011915 -0.000086 0.999920
1718924309.086453915 -0.015005 -0.005008 0.003751 0.004315 -0.011930 -0.000092 0.999920
1718924309.091497421 -0.014899 -0.004966 0.003754 0.004323 -0.011944 -0.000088 0.999919
1718924309.096454144 -0.014794 -0.004925 0.003757 0.004333 -0.011957 -0.000086 0.999919
1718924309.099987268 -0.014719 -0.004895 0.003759 0.004344 -0.011966 -0.000088 0.999919
1718924309.099987268 -0.014719 -0.004895 0.003759 0.004344 -0.011966 -0.000088 0.999919
1718924309.101451159 -0.014692 -0.004884 0.003760 0.004347 -0.011966 -0.000088 0.999919
1718924309.106455088 -0.014599 -0.004847 0.003767 0.004353 -0.011966 -0.000084 0.999919
1718924309.111451387 -0.014505 -0.004809 0.003774 0.004355 -0.011971 -0.000074 0.999919
1718924309.116463184 -0.014412 -0.004772 0.003781 0.004356 -0.011982 -0.000065 0.999919
1718924309.199988127 -0.012833 -0.004104 0.003927 0.004592 -0.012413 -0.000055 0.999912
1718924309.199988127 -0.012833 -0.004104 0.003927 0.004592 -0.012413 -0.000055 0.999912
1718924309.211452007 -0.012626 -0.004011 0.003936 0.004627 -0.012490 -0.000056 0.999911
1718924309.216469049 -0.012534 -0.003969 0.003940 0.004635 -0.012512 -0.000067 0.999911
1718924309.221484661 -0.012442 -0.003926 0.003944 0.004636 -0.012531 -0.000073 0.999911
1718924309.226516724 -0.012349 -0.003883 0.003948 0.004637 -0.012548 -0.000070 0.999911
1718924309.231539965 -0.012255 -0.003840 0.003952 0.004652 -0.012567 -0.000063 0.999910
1718924309.236536026 -0.012162 -0.003797 0.003956 0.004668 -0.012583 -0.000053 0.999910
1718924309.241517544 -0.012069 -0.003755 0.003959 0.004671 -0.012596 -0.000048 0.999910
1718924309.246503115 -0.011977 -0.003712 0.003961 0.004669 -0.012609 -0.000046 0.999910
1718924309.251507282 -0.011884 -0.003669 0.003963 0.004666 -0.012624 -0.000038 0.999909
1718924309.256443977 -0.011792 -0.003627 0.003964 0.004663 -0.012643 -0.000041 0.999909
1718924309.261462450 -0.011698 -0.003585 0.003966 0.004668 -0.012663 -0.000041 0.999909
1718924309.266456604 -0.011604 -0.003542 0.003967 0.004672 -0.012680 -0.000043 0.999909
1718924309.271463633 -0.011510 -0.003499 0.003968 0.004679 -0.012700 -0.000051 0.999908
1718924309.276454210 -0.011417 -0.003455 0.003969 0.004692 -0.012721 -0.000065 0.999908
1718924309.281466722 -0.011323 -0.003411 0.003970 0.004706 -0.012740 -0.000075 0.999908
1718924309.286451817 -0.011229 -0.003368 0.003971 0.004707 -0.012752 -0.000076 0.999908
1718924309.291452169 -0.011134 -0.003324 0.003972 0.004702 -0.012767 -0.000076 0.999907
1718924309.296454430 -0.011039 -0.003279 0.003973 0.004700 -0.012783 -0.000073 0.999907
1718924309.299988270 -0.010971 -0.003247 0.003974 0.004703 -0.012792 -0.000071 0.999907
1718924309.299988270 -0.010971 -0.003247 0.003974 0.004703 -0.012792 -0.000071 0.999907
1718924309.301447630 -0.010944 -0.003235 0.003974 0.004703 -0.012792 -0.000070 0.999907
1718924309.306451559 -0.010851 -0.003190 0.003975 0.004700 -0.012795 -0.000069 0.999907
1718924309.311449766 -0.010759 -0.003146 0.003976 0.004702 -0.012798 -0.000070 0.999907
1718924309.399987221 -0.009152 -0.002409 0.003944 0.004873 -0.012959 0.000085 0.999904
1718924309.399987221 -0.009152 -0.002409 0.003944 0.004873 -0.012959 0.000085 0.999904
1718924309.406456232 -0.009091 -0.002377 0.003895 0.004881 -0.012958 0.000097 0.999904
1718924309.416529417 -0.009030 -0.002340 0.003786 0.004881 -0.012974 0.000113 0.999904
1718924309.421474457 -0.008975 -0.002314 0.003754 0.004883 -0.012976 0.000120 0.999904
1718924309.426571131 -0.008919 -0.002289 0.003721 0.004883 -0.012972 0.000117 0.999904
1718924309.431512117 -0.008864 -0.002264 0.003690 0.004878 -0.012969 0.000111 0.999904
1718924309.436517954 -0.008809 -0.002239 0.003657 0.004869 -0.012968 0.000111 0.999904
1718924309.441467285 -0.008755 -0.002215 0.003625 0.004864 -0.012967 0.000111 0.999904
1718924309.446493626 -0.008701 -0.002190 0.003592 0.004868 -0.012967 0.000100 0.999904
1718924309.451509237 -0.008648 -0.002166 0.003558 0.004870 -0.012966 0.000089 0.999904
1718924309.456502676 -0.008595 -0.002141 0.003526 0.004870 -0.012965 0.000087 0.999904
1718924309.461465120 -0.008543 -0.002116 0.003493 0.004869 -0.012966 0.000084 0.999904
1718924309.466461182 -0.008491 -0.002091 0.003461 0.004872 -0.012970 0.000087 0.999904
1718924309.471507788 -0.008439 -0.002065 0.003429 0.004878 -0.012969 0.000093 0.999904
1718924309.476503849 -0.008388 -0.002040 0.003398 0.004881 -0.012972 0.000095 0.999904
1718924309.481530428 -0.008338 -0.002014 0.003366 0.004884 -0.012973 0.000096 0.999904
1718924309.486499071 -0.008289 -0.001990 0.003335 0.004885 -0.012966 0.000093 0.999904
1718924309.491449356 -0.008240 -0.001965 0.003303 0.004887 -0.012962 0.000079 0.999904
1718924309.496493101 -0.008192 -0.001939 0.003270 0.004892 -0.012965 0.000075 0.999904
1718924309.499984264 -0.008154 -0.001920 0.003252 0.004894 -0.012968 0.000075 0.999904
1718924309.499984264 -0.008154 -0.001920 0.003252 0.004894 -0.012968 0.000075 0.999904
1718924309.501457930 -0.008129 -0.001909 0.003252 0.004896 -0.012969 0.000075 0.999904
1718924309.506492615 -0.008047 -0.001872 0.003253 0.004907 -0.012970 0.000075 0.999904
1718924309.511489153 -0.007966 -0.001836 0.003253 0.004912 -0.012977 0.000074 0.999904
1718924309.566461325 -0.007068 -0.001469 0.003236 0.004913 -0.013080 0.000010 0.999902
1718924309.571496010 -0.006983 -0.001437 0.003232 0.004918 -0.013089 0.000009 0.999902
1718924309.576534748 -0.006897 -0.001405 0.003227 0.004920 -0.013093 0.000012 0.999902
1718924309.581453800 -0.006814 -0.001374 0.003222 0.004920 -0.013093 0.000013 0.999902
1718924309.586456299 -0.006730 -0.001343 0.003216 0.004920 -0.013090 0.000005 0.999902
1718924309.591440678 -0.006647 -0.001313 0.003211 0.004926 -0.013089 0.000002 0.999902
1718924309.596493006 -0.006563 -0.001282 0.003205 0.004934 -0.013093 -0.000000 0.999902
1718924309.599990129 -0.006505 -0.001261 0.003202 0.004933 -0.013095 -0.000001 0.999902
1718924309.599990129 -0.006505 -0.001261 0.003202 0.004933 -0.013095 -0.000001 0.999902
1718924309.601452112 -0.006482 -0.001252 0.003201 0.004933 -0.013096 -0.000001 0.999902
1718924309.606454134 -0.006403 -0.001222 0.003199 0.004922 -0.013098 -0.000001 0.999902
1718924309.611437559 -0.006324 -0.001192 0.003196 0.004919 -0.013105 -0.000001 0.999902
1718924309.616512060 -0.006243 -0.001161 0.003193 0.004918 -0.013109 -0.000002 0.999902
1718924309.621462584 -0.006164 -0.001131 0.003190 0.004915 -0.013116 -0.000002 0.999902
1718924309.626459360 -0.006085 -0.001101 0.003187 0.004918 -0.013123 0.000001 0.999902
1718924309.631458521 -0.006006 -0.001071 0.003184 0.004920 -0.013129 0.000001 0.999902
1718924309.636448860 -0.005929 -0.001041 0.003180 0.004922 -0.013140 0.000010 0.999902
1718924309.641474009 -0.005852 -0.001012 0.003176 0.004922 -0.013150 0.000019 0.999901
1718924309.646448374 -0.005776 -0.000983 0.003173 0.004917 -0.013155 0.000024 0.999901
1718924309.651509762 -0.005700 -0.000953 0.003169 0.004916 -0.013160 0.000023 0.999901
1718924309.656450510 -0.005627 -0.000924 0.003165 0.004922 -0.013167 0.000019 0.999901
1718924309.661468983 -0.005553 -0.000895 0.003160 0.004924 -0.013171 0.000021 0.999901
1718924309.666455507 -0.005479 -0.000866 0.003156 0.004921 -0.013172 0.000024 0.999901
1718924309.671502352 -0.005406 -0.000837 0.003151 0.004910 -0.013175 0.000031 0.999901
1718924309.676448107 -0.005335 -0.000809 0.003145 0.004904 -0.013176 0.000027 0.999901
1718924309.681462526 -0.005263 -0.000780 0.003139 0.004907 -0.013178 0.000026 0.999901
1718924309.686460018 -0.005193 -0.000752 0.003133 0.004908 -0.013182 0.000026 0.999901
1718924309.691449165 -0.005123 -0.000723 0.003127 0.004911 -0.013185 0.000030 0.999901
1718924309.696448326 -0.005054 -0.000695 0.003120 0.004914 -0.013189 0.000037 0.999901
1718924309.699899197 -0.005006 -0.000676 0.003115 0.004917 -0.013194 0.000038 0.999901
1718924309.699899197 -0.005006 -0.000676 0.003115 0.004917 -0.013194 0.000038 0.999901
1718924309.701448441 -0.004985 -0.000667 0.003113 0.004919 -0.013196 0.000039 0.999901
1718924309.706454992 -0.004917 -0.000640 0.003106 0.004927 -0.013203 0.000041 0.999901
1718924309.711447239 -0.004849 -0.000614 0.003099 0.004933 -0.013205 0.000037 0.999901
1718924309.716486692 -0.004782 -0.000588 0.003091 0.004941 -0.013202 0.000039 0.999901
1718924309.796454430 -0.003813 -0.000209 0.002905 0.004847 -0.013317 0.000221 0.999900
1718924309.799987316 -0.003774 -0.000193 0.002899 0.004847 -0.013320 0.000227 0.999900
1718924309.799987316 -0.003774 -0.000193 0.002899 0.004847 -0.013320 0.000227 0.999900
1718924309.801449299 -0.003759 -0.000186 0.002897 0.004847 -0.013320 0.000229 0.999900
1718924309.806450844 -0.003706 -0.000165 0.002892 0.004848 -0.013323 0.000231 0.999899
1718924309.811447859 -0.003654 -0.000144 0.002887 0.004852 -0.013327 0.000216 0.999899
1718924309.816453457 -0.003601 -0.000123 0.002883 0.004852 -0.013334 0.000201 0.999899
1718924309.821463823 -0.003549 -0.000102 0.002878 0.004850 -0.013337 0.000197 0.999899
1718924309.826455355 -0.003498 -0.000082 0.002873 0.004853 -0.013338 0.000196 0.999899
1718924309.831456661 -0.003447 -0.000062 0.002867 0.004857 -0.013333 0.000197 0.999899
1718924309.836452484 -0.003398 -0.000043 0.002861 0.004863 -0.013332 0.000200 0.999899
1718924309.841457367 -0.003349 -0.000025 0.002856 0.004862 -0.013334 0.000195 0.999899
1718924309.846456528 -0.003300 -0.000008 0.002850 0.004852 -0.013333 0.000194 0.999899
1718924309.851464987 -0.003252 0.000010 0.002845 0.004848 -0.013336 0.000205 0.999899
1718924309.856455803 -0.003204 0.000027 0.002841 0.004846 -0.013339 0.000209 0.999899
1718924309.861479282 -0.003157 0.000043 0.002836 0.004844 -0.013342 0.000205 0.999899
1718924309.866512060 -0.003110 0.000059 0.002831 0.004847 -0.013346 0.000205 0.999899
1718924309.871448994 -0.003064 0.000074 0.002826 0.004848 -0.013353 0.000210 0.999899
1718924309.876475811 -0.003018 0.000088 0.002821 0.004845 -0.013354 0.000214 0.999899
1718924309.881460190 -0.002973 0.000103 0.002816 0.004845 -0.013354 0.000209 0.999899
1718924309.886492729 -0.002929 0.000118 0.002810 0.004847 -0.013359 0.000207 0.999899
1718924309.891450644 -0.002886 0.000132 0.002804 0.004844 -0.013364 0.000202 0.999899
1718924309.896493673 -0.002843 0.000146 0.002799 0.004845 -0.013370 0.000203 0.999899
1718924309.900012255 -0.002813 0.000156 0.002794 0.004843 -0.013373 0.000206 0.999899
1718924309.900012255 -0.002813 0.000156 0.002794 0.004843 -0.013373 0.000206 0.999899
1718924309.901451349 -0.002801 0.000160 0.002794 0.004843 -0.013374 0.000207 0.999899
1718924309.906451702 -0.002760 0.000174 0.002794 0.004836 -0.013374 0.000219 0.999899
1718924309.911447525 -0.002720 0.000188 0.002793 0.004836 -0.013376 0.000226 0.999899
1718924309.981454611 -0.002228 0.000326 0.002752 0.004706 -0.013230 0.000025 0.999901
1718924309.986452341 -0.002191 0.000331 0.002753 0.004712 -0.013233 0.000010 0.999901
1718924309.991446495 -0.002154 0.000336 0.002754 0.004716 -0.013240 -0.000001 0.999901
1718924309.996489525 -0.002117 0.000341 0.002755 0.004720 -0.013243 0.000000 0.999901
1718924310.001488924 -0.002079 0.000345 0.002756 0.004726 -0.013243 -0.000008 0.999901
1718924310.006482124 -0.002042 0.000349 0.002756 0.004729 -0.013244 -0.000022 0.999901
1718924310.011484861 -0.002005 0.000354 0.002757 0.004730 -0.013243 -0.000028 0.999901
1718924310.016606092 -0.001968 0.000358 0.002757 0.004730 -0.013236 -0.000032 0.999901
1718924310.021509886 -0.001933 0.000362 0.002757 0.004727 -0.013229 -0.000035 0.999901
1718924310.026450872 -0.001898 0.000365 0.002756 0.004727 -0.013226 -0.000040 0.999901
1718924310.031444788 -0.001862 0.000369 0.002756 0.004726 -0.013225 -0.000031 0.999901
1718924310.036489248 -0.001827 0.000372 0.002756 0.004724 -0.013227 -0.000022 0.999901
1718924310.041519642 -0.001791 0.000375 0.002756 0.004732 -0.013220 -0.000018 0.999901
1718924310.046473980 -0.001757 0.000378 0.002757 0.004736 -0.013217 -0.000014 0.999901
1718924310.051454544 -0.001723 0.000381 0.002757 0.004741 -0.013220 -0.000006 0.999901
1718924310.056445599 -0.001690 0.000383 0.002757 0.004746 -0.013228 -0.000004 0.999901
1718924310.061438560 -0.001658 0.000386 0.002757 0.004747 -0.013228 -0.000001 0.999901
1718924310.066449642 -0.001625 0.000388 0.002757 0.004755 -0.013226 0.000005 0.999901
1718924310.071442366 -0.001594 0.000390 0.002757 0.004764 -0.013230 0.000008 0.999901
1718924310.076446533 -0.001563 0.000392 0.002757 0.004769 -0.013231 0.000010 0.999901
1718924310.081487656 -0.001532 0.000394 0.002757 0.004770 -0.013231 0.000012 0.999901
1718924310.086444616 -0.001502 0.000396 0.002756 0.004774 -0.013225 0.000021 0.999901
1718924310.091441631 -0.001471 0.000398 0.002755 0.004773 -0.013218 0.000023 0.999901
1718924310.096487999 -0.001440 0.000399 0.002754 0.004767 -0.013214 0.000036 0.999901
1718924310.099985123 -0.001419 0.000399 0.002753 0.004763 -0.013213 0.000047 0.999901
1718924310.099985123 -0.001419 0.000399 0.002753 0.004763 -0.013213 0.000047 0.999901
1718924310.101488590 -0.001411 0.000399 0.002754 0.004762 -0.013213 0.000053 0.999901
1718924310.106439829 -0.001383 0.000400 0.002758 0.004761 -0.013210 0.000062 0.999901
1718924310.111445189 -0.001355 0.000400 0.002762 0.004762 -0.013208 0.000059 0.999901
1718924310.116440058 -0.001328 0.000400 0.002767 0.004757 -0.013206 0.000058 0.999901
1718924310.199984074 -0.000963 0.000414 0.002774 0.004632 -0.013000 0.000003 0.999905
1718924310.199984074 -0.000963 0.000414 0.002774 0.004632 -0.013000 0.000003 0.999905
1718924310.201489687 -0.000957 0.000414 0.002773 0.004631 -0.012998 0.000003 0.999905
1718924310.206441879 -0.000941 0.000415 0.002769 0.004623 -0.012994 0.000004 0.999905
1718924310.211445570 -0.000925 0.000415 0.002765 0.004622 -0.012984 -0.000006 0.999905
1718924310.216525793 -0.000909 0.000416 0.002759 0.004622 -0.012978 -0.000015 0.999905
1718924310.221503019 -0.000893 0.000417 0.002754 0.004624 -0.012976 -0.000015 0.999905
1718924310.226453781 -0.000878 0.000418 0.002749 0.004629 -0.012968 -0.000015 0.999905
1718924310.231480837 -0.000863 0.000418 0.002743 0.004630 -0.012956 -0.000017 0.999905
1718924310.236495256 -0.000848 0.000419 0.002737 0.004625 -0.012949 -0.000023 0.999905
1718924310.241499424 -0.000834 0.000419 0.002731 0.004616 -0.012943 -0.000022 0.999906
1718924310.246489525 -0.000819 0.000419 0.002725 0.004611 -0.012933 -0.000021 0.999906
1718924310.251458406 -0.000804 0.000419 0.002719 0.004611 -0.012922 -0.000014 0.999906
1718924310.256451130 -0.000790 0.000418 0.002712 0.004615 -0.012913 -0.000014 0.999906
1718924310.261451960 -0.000777 0.000417 0.002705 0.004611 -0.012910 -0.000017 0.999906
1718924310.266455650 -0.000763 0.000417 0.002697 0.004606 -0.012900 -0.000023 0.999906
1718924310.271447897 -0.000750 0.000416 0.002688 0.004601 -0.012893 -0.000023 0.999906
1718924310.276476383 -0.000736 0.000417 0.002679 0.004601 -0.012888 -0.000023 0.999906
1718924310.281538010 -0.000724 0.000417 0.002670 0.004600 -0.012885 -0.000021 0.999906
1718924310.286449909 -0.000712 0.000418 0.002661 0.004596 -0.012874 -0.000021 0.999907
1718924310.291481972 -0.000700 0.000418 0.002653 0.004598 -0.012869 -0.000018 0.999907
1718924310.296476364 -0.000689 0.000418 0.002644 0.004600 -0.012859 -0.000014 0.999907
1718924310.299985170 -0.000681 0.000418 0.002638 0.004600 -0.012856 -0.000009 0.999907
1718924310.299985170 -0.000681 0.000418 0.002638 0.004600 -0.012856 -0.000009 0.999907
1718924310.301486969 -0.000678 0.000418 0.002636 0.004601 -0.012857 -0.000006 0.999907
1718924310.306469440 -0.000667 0.000419 0.002631 0.004605 -0.012863 0.000003 0.999907
1718924310.311485052 -0.000657 0.000420 0.002625 0.004605 -0.012868 -0.000001 0.999907
1718924310.366502047 -0.000537 0.000428 0.002541 0.004544 -0.012683 0.000061 0.999909
1718924310.371464729 -0.000523 0.000429 0.002532 0.004550 -0.012685 0.000065 0.999909
1718924310.376453161 -0.000509 0.000430 0.002521 0.004550 -0.012690 0.000067 0.999909
1718924310.381439924 -0.000495 0.000430 0.002511 0.004551 -0.012692 0.000068 0.999909
1718924310.386480331 -0.000481 0.000431 0.002500 0.004556 -0.012694 0.000062 0.999909
1718924310.391451359 -0.000468 0.000431 0.002488 0.004559 -0.012693 0.000069 0.999909
1718924310.396480560 -0.000455 0.000432 0.002476 0.004565 -0.012694 0.000074 0.999909
1718924310.399986029 -0.000446 0.000432 0.002467 0.004566 -0.012694 0.000074 0.999909
1718924310.399986029 -0.000446 0.000432 0.002467 0.004566 -0.012694 0.000074 0.999909
1718924310.401486635 -0.000443 0.000432 0.002464 0.004565 -0.012694 0.000073 0.999909
1718924310.406438589 -0.000432 0.000433 0.002454 0.004565 -0.012691 0.000073 0.999909
1718924310.411443472 -0.000420 0.000433 0.002444 0.004558 -0.012684 0.000076 0.999909
1718924310.416458368 -0.000408 0.000433 0.002433 0.004549 -0.012679 0.000083 0.999909
1718924310.421448469 -0.000397 0.000434 0.002421 0.004548 -0.012675 0.000086 0.999909
1718924310.426454544 -0.000387 0.000434 0.002410 0.004548 -0.012673 0.000089 0.999909
1718924310.431454182 -0.000377 0.000435 0.002398 0.004542 -0.012671 0.000084 0.999909
1718924310.436447620 -0.000367 0.000435 0.002385 0.004530 -0.012668 0.000082 0.999909
1718924310.441443682 -0.000357 0.000435 0.002373 0.004525 -0.012663 0.000080 0.999910
1718924310.446447372 -0.000348 0.000435 0.002361 0.004514 -0.012658 0.000076 0.999910
1718924310.451503992 -0.000338 0.000434 0.002348 0.004500 -0.012652 0.000078 0.999910
1718924310.456449270 -0.000329 0.000433 0.002335 0.004491 -0.012653 0.000087 0.999910
1718924310.461437941 -0.000321 0.000433 0.002321 0.004484 -0.012651 0.000100 0.999910
1718924310.466510534 -0.000314 0.000432 0.002306 0.004479 -0.012648 0.000108 0.999910
1718924310.471502066 -0.000307 0.000431 0.002292 0.004480 -0.012646 0.000102 0.999910
1718924310.476508141 -0.000300 0.000430 0.002277 0.004479 -0.012634 0.000094 0.999910
1718924310.481462717 -0.000294 0.000430 0.002263 0.004476 -0.012625 0.000093 0.999910
1718924310.486441612 -0.000286 0.000430 0.002249 0.004472 -0.012612 0.000093 0.999910
1718924310.491441011 -0.000277 0.000430 0.002234 0.004472 -0.012602 0.000091 0.999911
1718924310.496428967 -0.000268 0.000431 0.002219 0.004474 -0.012597 0.000101 0.999911
1718924310.499984026 -0.000262 0.000431 0.002208 0.004473 -0.012600 0.000111 0.999911
1718924310.499984026 -0.000262 0.000431 0.002208 0.004473 -0.012600 0.000111 0.999911
1718924310.501447201 -0.000259 0.000431 0.002205 0.004474 -0.012602 0.000116 0.999911
1718924310.506478786 -0.000251 0.000432 0.002192 0.004476 -0.012608 0.000124 0.999910
1718924310.511481762 -0.000243 0.000432 0.002180 0.004478 -0.012601 0.000132 0.999911
1718924310.591482639 -0.000201 0.000469 0.001963 0.004457 -0.012518 0.000223 0.999912
1718924310.596477509 -0.000202 0.000473 0.001949 0.004463 -0.012517 0.000220 0.999912
1718924310.599987030 -0.000204 0.000477 0.001938 0.004462 -0.012512 0.000213 0.999912
1718924310.599987030 -0.000204 0.000477 0.001938 0.004462 -0.012512 0.000213 0.999912
1718924310.601483107 -0.000205 0.000478 0.001935 0.004461 -0.012510 0.000210 0.999912
1718924310.606433868 -0.000208 0.000484 0.001923 0.004447 -0.012501 0.000208 0.999912
1718924310.611441851 -0.000212 0.000489 0.001910 0.004443 -0.012500 0.000214 0.999912
1718924310.616452456 -0.000215 0.000495 0.001898 0.004441 -0.012501 0.000217 0.999912
1718924310.621461868 -0.000219 0.000500 0.001887 0.004436 -0.012506 0.000211 0.999912
1718924310.626457930 -0.000223 0.000504 0.001875 0.004439 -0.012502 0.000201 0.999912
1718924310.631449938 -0.000226 0.000509 0.001864 0.004441 -0.012495 0.000199 0.999912
1718924310.636505127 -0.000230 0.000513 0.001852 0.004433 -0.012486 0.000199 0.999912
1718924310.641485691 -0.000233 0.000517 0.001841 0.004421 -0.012485 0.000199 0.999912
1718924310.646498919 -0.000237 0.000520 0.001829 0.004416 -0.012480 0.000195 0.999912
1718924310.651461124 -0.000241 0.000523 0.001818 0.004412 -0.012472 0.000188 0.999912
1718924310.656447649 -0.000246 0.000526 0.001807 0.004412 -0.012475 0.000180 0.999912
1718924310.661495686 -0.000250 0.000530 0.001795 0.004409 -0.012477 0.000182 0.999912
1718924310.666451454 -0.000255 0.000532 0.001783 0.004408 -0.012476 0.000172 0.999912
1718924310.671491623 -0.000260 0.000535 0.001770 0.004406 -0.012474 0.000167 0.999912
1718924310.676459551 -0.000265 0.000538 0.001757 0.004403 -0.012472 0.000166 0.999913
1718924310.681493759 -0.000271 0.000541 0.001744 0.004401 -0.012470 0.000165 0.999913
1718924310.686440706 -0.000277 0.000545 0.001731 0.004401 -0.012467 0.000165 0.999913
1718924310.691440344 -0.000284 0.000548 0.001718 0.004399 -0.012469 0.000158 0.999913
1718924310.696434736 -0.000291 0.000551 0.001705 0.004400 -0.012471 0.000161 0.999913
1718924310.699902058 -0.000296 0.000554 0.001697 0.004404 -0.012471 0.000164 0.999913
1718924310.699902058 -0.000296 0.000554 0.001697 0.004404 -0.012471 0.000164 0.999913
1718924310.701441765 -0.000298 0.000554 0.001693 0.004407 -0.012472 0.000166 0.999912
1718924310.706436157 -0.000305 0.000557 0.001683 0.004413 -0.012475 0.000171 0.999912
1718924310.711438656 -0.000311 0.000559 0.001673 0.004414 -0.012477 0.000177 0.999912
1718924310.716435432 -0.000317 0.000561 0.001663 0.004412 -0.012478 0.000176 0.999912
1718924310.799989223 -0.000432 0.000565 0.001510 0.004357 -0.012444 0.000151 0.999913
1718924310.799989223 -0.000432 0.000565 0.001510 0.004357 -0.012444 0.000151 0.999913
1718924310.801439285 -0.000434 0.000564 0.001509 0.004357 -0.012444 0.000150 0.999913
1718924310.806437969 -0.000442 0.000564 0.001504 0.004355 -0.012442 0.000149 0.999913
1718924310.811480999 -0.000450 0.000563 0.001500 0.004353 -0.012440 0.000150 0.999913
1718924310.816496611 -0.000458 0.000563 0.001495 0.004351 -0.012440 0.000146 0.999913
1718924310.821443319 -0.000465 0.000563 0.001492 0.004355 -0.012446 0.000137 0.999913
1718924310.826445580 -0.000473 0.000563 0.001488 0.004353 -0.012451 0.000128 0.999913
1718924310.831504822 -0.000481 0.000563 0.001483 0.004350 -0.012452 0.000123 0.999913
1718924310.836438417 -0.000490 0.000564 0.001479 0.004353 -0.012455 0.000125 0.999913
1718924310.841484547 -0.000500 0.000565 0.001475 0.004354 -0.012462 0.000129 0.999913
1718924310.846491575 -0.000511 0.000566 0.001470 0.004358 -0.012465 0.000130 0.999913
1718924310.851452112 -0.000521 0.000568 0.001465 0.004360 -0.012466 0.000127 0.999913
1718924310.856451988 -0.000531 0.000570 0.001460 0.004361 -0.012466 0.000120 0.999913
1718924310.861444473 -0.000540 0.000572 0.001454 0.004361 -0.012466 0.000118 0.999913
1718924310.866443634 -0.000550 0.000574 0.001450 0.004361 -0.012467 0.000116 0.999913
1718924310.871499062 -0.000560 0.000576 0.001445 0.004356 -0.012461 0.000121 0.999913
1718924310.876490355 -0.000569 0.000577 0.001441 0.004352 -0.012458 0.000114 0.999913
1718924310.881484509 -0.000579 0.000578 0.001437 0.004359 -0.012456 0.000109 0.999913
1718924310.886431456 -0.000589 0.000578 0.001433 0.004360 -0.012450 0.000102 0.999913
1718924310.891479731 -0.000599 0.000578 0.001429 0.004359 -0.012449 0.000090 0.999913
1718924310.896474838 -0.000609 0.000579 0.001425 0.004361 -0.012446 0.000077 0.999913
1718924310.900013208 -0.000615 0.000579 0.001422 0.004365 -0.012445 0.000071 0.999913
1718924310.900013208 -0.000615 0.000579 0.001422 0.004365 -0.012445 0.000071 0.999913
1718924310.901445627 -0.000618 0.000579 0.001421 0.004367 -0.012445 0.000068 0.999913
1718924310.906438112 -0.000629 0.000579 0.001420 0.004369 -0.012444 0.000072 0.999913
1718924310.911433697 -0.000639 0.000579 0.001418 0.004373 -0.012447 0.000079 0.999913
1718924310.961489439 -0.000772 0.000588 0.001419 0.004355 -0.012387 -0.000057 0.999914
1718924310.966454268 -0.000782 0.000590 0.001416 0.004370 -0.012383 -0.000063 0.999914
1718924310.971449852 -0.000793 0.000592 0.001413 0.004377 -0.012385 -0.000065 0.999914
1718924310.976451397 -0.000804 0.000594 0.001410 0.004375 -0.012382 -0.000068 0.999914
1718924310.981445551 -0.000815 0.000595 0.001407 0.004375 -0.012379 -0.000073 0.999914
1718924310.986437082 -0.000826 0.000597 0.001404 0.004377 -0.012379 -0.000072 0.999914
1718924310.991480112 -0.000837 0.000598 0.001401 0.004379 -0.012384 -0.000071 0.999914
1718924310.996433735 -0.000849 0.000599 0.001398 0.004381 -0.012383 -0.000080 0.999914
1718924311.001440287 -0.000860 0.000601 0.001395 0.004375 -0.012378 -0.000077 0.999914
1718924311.006433964 -0.000872 0.000603 0.001391 0.004370 -0.012375 -0.000066 0.999914
1718924311.011433840 -0.000885 0.000604 0.001387 0.004369 -0.012378 -0.000071 0.999914
1718924311.016449451 -0.000897 0.000606 0.001383 0.004367 -0.012382 -0.000072 0.999914
1718924311.021434307 -0.000908 0.000608 0.001378 0.004361 -0.012382 -0.000072 0.999914
1718924311.026465416 -0.000920 0.000609 0.001373 0.004358 -0.012387 -0.000071 0.999914
1718924311.031441927 -0.000932 0.000611 0.001368 0.004361 -0.012391 -0.000069 0.999914
1718924311.036442995 -0.000944 0.000612 0.001364 0.004363 -0.012392 -0.000072 0.999914
1718924311.041455507 -0.000956 0.000614 0.001359 0.004364 -0.012395 -0.000076 0.999914
1718924311.046472073 -0.000969 0.000615 0.001354 0.004365 -0.012394 -0.000078 0.999914
1718924311.051443815 -0.000982 0.000617 0.001349 0.004368 -0.012387 -0.000077 0.999914
1718924311.056475639 -0.000994 0.000619 0.001344 0.004372 -0.012387 -0.000066 0.999914
1718924311.061478853 -0.001007 0.000621 0.001339 0.004380 -0.012390 -0.000067 0.999914
1718924311.066431522 -0.001020 0.000623 0.001334 0.004383 -0.012392 -0.000073 0.999914
1718924311.071476698 -0.001032 0.000624 0.001330 0.004384 -0.012388 -0.000076 0.999914
1718924311.076470613 -0.001045 0.000626 0.001325 0.004386 -0.012389 -0.000077 0.999914
1718924311.081474304 -0.001057 0.000626 0.001321 0.004395 -0.012395 -0.000080 0.999914
1718924311.086471796 -0.001070 0.000627 0.001317 0.004403 -0.012397 -0.000080 0.999913
1718924311.091476440 -0.001082 0.000628 0.001313 0.004402 -0.012395 -0.000087 0.999913
1718924311.096433163 -0.001094 0.000628 0.001310 0.004406 -0.012396 -0.000105 0.999913
1718924311.099992037 -0.001103 0.000628 0.001308 0.004410 -0.012397 -0.000120 0.999913
1718924311.099992037 -0.001103 0.000628 0.001308 0.004410 -0.012397 -0.000120 0.999913
1718924311.101428032 -0.001107 0.000629 0.001309 0.004413 -0.012398 -0.000126 0.999913
1718924311.106437206 -0.001120 0.000630 0.001311 0.004420 -0.012397 -0.000133 0.999913
1718924311.111429214 -0.001132 0.000631 0.001314 0.004424 -0.012397 -0.000137 0.999913
1718924311.116488457 -0.001144 0.000632 0.001317 0.004423 -0.012404 -0.000125 0.999913
1718924311.186480761 -0.001301 0.000674 0.001328 0.004444 -0.012260 -0.000096 0.999915
1718924311.191467285 -0.001310 0.000678 0.001327 0.004452 -0.012259 -0.000100 0.999915
1718924311.196492910 -0.001318 0.000682 0.001325 0.004450 -0.012256 -0.000099 0.999915
1718924311.199990988 -0.001324 0.000685 0.001323 0.004451 -0.012255 -0.000092 0.999915
1718924311.199990988 -0.001324 0.000685 0.001323 0.004451 -0.012255 -0.000092 0.999915
1718924311.201449633 -0.001327 0.000686 0.001323 0.004451 -0.012255 -0.000089 0.999915
1718924311.206441641 -0.001337 0.000689 0.001323 0.004449 -0.012251 -0.000081 0.999915
1718924311.211429834 -0.001348 0.000693 0.001323 0.004448 -0.012249 -0.000083 0.999915
1718924311.216445684 -0.001358 0.000697 0.001323 0.004445 -0.012244 -0.000088 0.999915
1718924311.221445560 -0.001368 0.000701 0.001322 0.004442 -0.012244 -0.000093 0.999915
1718924311.226439476 -0.001379 0.000705 0.001321 0.004441 -0.012244 -0.000094 0.999915
1718924311.231454134 -0.001389 0.000708 0.001321 0.004441 -0.012243 -0.000091 0.999915
1718924311.236440659 -0.001400 0.000710 0.001320 0.004447 -0.012246 -0.000089 0.999915
1718924311.241437435 -0.001410 0.000713 0.001320 0.004453 -0.012248 -0.000091 0.999915
1718924311.246445894 -0.001421 0.000715 0.001319 0.004449 -0.012248 -0.000091 0.999915
1718924311.251446486 -0.001432 0.000717 0.001318 0.004443 -0.012241 -0.000086 0.999915
1718924311.256435871 -0.001443 0.000720 0.001316 0.004439 -0.012242 -0.000081 0.999915
1718924311.261440992 -0.001454 0.000722 0.001315 0.004435 -0.012243 -0.000082 0.999915
1718924311.266439438 -0.001466 0.000724 0.001313 0.004432 -0.012240 -0.000082 0.999915
1718924311.271484852 -0.001478 0.000726 0.001311 0.004432 -0.012231 -0.000079 0.999915
1718924311.276448011 -0.001489 0.000729 0.001309 0.004440 -0.012229 -0.000073 0.999915
1718924311.281446934 -0.001500 0.000731 0.001307 0.004443 -0.012226 -0.000071 0.999915
1718924311.286435127 -0.001511 0.000734 0.001304 0.004443 -0.012226 -0.000072 0.999915
1718924311.291428566 -0.001523 0.000737 0.001301 0.004441 -0.012229 -0.000070 0.999915
1718924311.296432495 -0.001534 0.000740 0.001298 0.004437 -0.012225 -0.000073 0.999915
1718924311.299993038 -0.001542 0.000742 0.001296 0.004437 -0.012220 -0.000074 0.999915
1718924311.299993038 -0.001542 0.000742 0.001296 0.004437 -0.012220 -0.000074 0.999915
1718924311.301429272 -0.001545 0.000743 0.001296 0.004438 -0.012219 -0.000074 0.999915
1718924311.306429386 -0.001557 0.000746 0.001295 0.004441 -0.012219 -0.000073 0.999915
1718924311.311426878 -0.001570 0.000748 0.001294 0.004441 -0.012220 -0.000066 0.999915
1718924311.361454248 -0.001713 0.000762 0.001262 0.004404 -0.012238 -0.000039 0.999915
1718924311.366486311 -0.001727 0.000762 0.001258 0.004409 -0.012240 -0.000039 0.999915
1718924311.371442318 -0.001740 0.000764 0.001254 0.004416 -0.012242 -0.000045 0.999915
1718924311.376439571 -0.001753 0.000764 0.001249 0.004427 -0.012239 -0.000049 0.999915
1718924311.381448030 -0.001765 0.000765 0.001244 0.004429 -0.012241 -0.000047 0.999915
1718924311.386435747 -0.001777 0.000766 0.001238 0.004425 -0.012241 -0.000038 0.999915
1718924311.391428709 -0.001789 0.000768 0.001233 0.004420 -0.012240 -0.000040 0.999915
1718924311.396428108 -0.001801 0.000769 0.001227 0.004420 -0.012239 -0.000044 0.999915
1718924311.399989128 -0.001809 0.000770 0.001222 0.004420 -0.012239 -0.000048 0.999915
1718924311.399989128 -0.001809 0.000770 0.001222 0.004420 -0.012239 -0.000048 0.999915
1718924311.401423693 -0.001812 0.000770 0.001221 0.004419 -0.012239 -0.000050 0.999915
1718924311.406429529 -0.001825 0.000770 0.001217 0.004417 -0.012238 -0.000059 0.999915
1718924311.411426067 -0.001837 0.000771 0.001212 0.004421 -0.012241 -0.000055 0.999915
1718924311.416443110 -0.001848 0.000771 0.001207 0.004427 -0.012244 -0.000047 0.999915
1718924311.421442986 -0.001859 0.000770 0.001203 0.004435 -0.012245 -0.000042 0.999915
1718924311.426437616 -0.001871 0.000770 0.001198 0.004444 -0.012249 -0.000050 0.999915
1718924311.431442261 -0.001883 0.000769 0.001193 0.004450 -0.012249 -0.000061 0.999915
1718924311.436435699 -0.001894 0.000769 0.001188 0.004449 -0.012238 -0.000055 0.999915
1718924311.441438437 -0.001906 0.000769 0.001183 0.004453 -0.012238 -0.000042 0.999915
1718924311.446425676 -0.001918 0.000768 0.001178 0.004452 -0.012239 -0.000036 0.999915
1718924311.451456785 -0.001929 0.000768 0.001173 0.004450 -0.012236 -0.000048 0.999915
1718924311.456428051 -0.001940 0.000768 0.001168 0.004443 -0.012235 -0.000048 0.999915
1718924311.461439610 -0.001951 0.000767 0.001162 0.004434 -0.012236 -0.000052 0.999915
1718924311.466427565 -0.001962 0.000767 0.001156 0.004433 -0.012235 -0.000055 0.999915
1718924311.471494913 -0.001974 0.000766 0.001149 0.004436 -0.012240 -0.000054 0.999915
1718924311.476454735 -0.001984 0.000764 0.001143 0.004432 -0.012242 -0.000052 0.999915
1718924311.481482744 -0.001995 0.000762 0.001136 0.004425 -0.012246 -0.000047 0.999915
1718924311.486437082 -0.002005 0.000760 0.001129 0.004426 -0.012245 -0.000049 0.999915
1718924311.491425276 -0.002015 0.000759 0.001122 0.004427 -0.012244 -0.000052 0.999915
1718924311.496479750 -0.002026 0.000757 0.001114 0.004417 -0.012243 -0.000057 0.999915
1718924311.499993086 -0.002033 0.000756 0.001109 0.004411 -0.012244 -0.000053 0.999915
1718924311.499993086 -0.002033 0.000756 0.001109 0.004411 -0.012244 -0.000053 0.999915
1718924311.501471043 -0.002036 0.000755 0.001107 0.004409 -0.012244 -0.000052 0.999915
1718924311.506470919 -0.002047 0.000753 0.001102 0.004411 -0.012255 -0.000044 0.999915
1718924311.511465073 -0.002059 0.000751 0.001096 0.004417 -0.012261 -0.000042 0.999915
1718924311.566427946 -0.002186 0.000717 0.001003 0.004440 -0.012191 -0.000046 0.999916
1718924311.571433544 -0.002195 0.000713 0.000994 0.004444 -0.012190 -0.000040 0.999916
1718924311.576521158 -0.002204 0.000709 0.000983 0.004448 -0.012192 -0.000035 0.999916
1718924311.581436396 -0.002212 0.000706 0.000974 0.004450 -0.012189 -0.000034 0.999916
1718924311.586426973 -0.002220 0.000701 0.000964 0.004450 -0.012187 -0.000040 0.999916
1718924311.591423988 -0.002229 0.000696 0.000953 0.004456 -0.012189 -0.000038 0.999916
1718924311.596427917 -0.002237 0.000691 0.000942 0.004460 -0.012195 -0.000039 0.999916
1718924311.599995136 -0.002244 0.000688 0.000934 0.004459 -0.012197 -0.000042 0.999916
1718924311.599995136 -0.002244 0.000688 0.000934 0.004459 -0.012197 -0.000042 0.999916
1718924311.601428509 -0.002247 0.000686 0.000931 0.004458 -0.012199 -0.000044 0.999916
1718924311.606429577 -0.002258 0.000681 0.000922 0.004465 -0.012205 -0.000046 0.999916
1718924311.611424685 -0.002269 0.000677 0.000912 0.004476 -0.012208 -0.000046 0.999915
1718924311.616433859 -0.002279 0.000672 0.000903 0.004479 -0.012207 -0.000045 0.999915
1718924311.621439219 -0.002290 0.000667 0.000894 0.004481 -0.012206 -0.000047 0.999915
1718924311.626434565 -0.002300 0.000662 0.000884 0.004485 -0.012203 -0.000057 0.999915
1718924311.631434441 -0.002310 0.000657 0.000875 0.004489 -0.012204 -0.000068 0.999915
1718924311.636425257 -0.002320 0.000652 0.000866 0.004495 -0.012201 -0.000071 0.999915
1718924311.641435623 -0.002330 0.000647 0.000857 0.004501 -0.012200 -0.000068 0.999915
1718924311.646430731 -0.002340 0.000642 0.000848 0.004500 -0.012200 -0.000064 0.999915
1718924311.651444197 -0.002349 0.000637 0.000839 0.004504 -0.012205 -0.000065 0.999915
1718924311.656426191 -0.002358 0.000632 0.000830 0.004510 -0.012209 -0.000065 0.999915
1718924311.661439657 -0.002366 0.000627 0.000822 0.004508 -0.012206 -0.000060 0.999915
1718924311.666431189 -0.002375 0.000621 0.000814 0.004504 -0.012204 -0.000054 0.999915
1718924311.671433926 -0.002383 0.000616 0.000806 0.004499 -0.012199 -0.000059 0.999915
1718924311.676441908 -0.002392 0.000610 0.000798 0.004500 -0.012196 -0.000069 0.999916
1718924311.681429625 -0.002400 0.000603 0.000789 0.004502 -0.012203 -0.000069 0.999915
1718924311.686467171 -0.002408 0.000596 0.000780 0.004505 -0.012209 -0.000068 0.999915
1718924311.691422224 -0.002416 0.000589 0.000771 0.004502 -0.012209 -0.000068 0.999915
1718924311.696430445 -0.002424 0.000582 0.000762 0.004501 -0.012211 -0.000072 0.999915
1718924311.699909925 -0.002429 0.000576 0.000756 0.004503 -0.012213 -0.000070 0.999915
1718924311.699909925 -0.002429 0.000576 0.000756 0.004503 -0.012213 -0.000070 0.999915
1718924311.701429129 -0.002432 0.000574 0.000755 0.004504 -0.012213 -0.000069 0.999915
1718924311.706430912 -0.002439 0.000566 0.000749 0.004511 -0.012214 -0.000069 0.999915
1718924311.711424112 -0.002446 0.000559 0.000743 0.004515 -0.012216 -0.000076 0.999915
1718924311.716426611 -0.002452 0.000551 0.000737 0.004516 -0.012212 -0.000075 0.999915
1718924311.791421413 -0.002510 0.000443 0.000657 0.004573 -0.012290 -0.000086 0.999914
1718924311.799997091 -0.002509 0.000433 0.000652 0.004579 -0.012291 -0.000079 0.999914
1718924311.799997091 -0.002509 0.000433 0.000652 0.004579 -0.012291 -0.000079 0.999914
1718924311.806470156 -0.002510 0.000425 0.000649 0.004583 -0.012294 -0.000073 0.999914
1718924311.811466932 -0.002511 0.000420 0.000646 0.004583 -0.012292 -0.000068 0.999914
1718924311.816434145 -0.002511 0.000413 0.000644 0.004579 -0.012293 -0.000061 0.999914
1718924311.821443796 -0.002512 0.000407 0.000640 0.004582 -0.012297 -0.000064 0.999914
1718924311.826435566 -0.002512 0.000401 0.000637 0.004587 -0.012304 -0.000068 0.999914
1718924311.831430435 -0.002512 0.000394 0.000634 0.004590 -0.012311 -0.000064 0.999914
1718924311.836445808 -0.002512 0.000388 0.000631 0.004599 -0.012310 -0.000065 0.999914
1718924311.841434240 -0.002511 0.000382 0.000627 0.004601 -0.012309 -0.000075 0.999914
1718924311.846430302 -0.002511 0.000375 0.000624 0.004599 -0.012311 -0.000071 0.999914
1718924311.851429701 -0.002511 0.000368 0.000620 0.004605 -0.012311 -0.000057 0.999914
1718924311.856436014 -0.002510 0.000360 0.000617 0.004606 -0.012313 -0.000062 0.999914
1718924311.861482859 -0.002510 0.000353 0.000612 0.004603 -0.012319 -0.000066 0.999914
1718924311.866446972 -0.002510 0.000346 0.000608 0.004601 -0.012321 -0.000057 0.999914
1718924311.871490240 -0.002510 0.000339 0.000603 0.004603 -0.012321 -0.000051 0.999914
1718924311.876436234 -0.002510 0.000332 0.000599 0.004606 -0.012318 -0.000056 0.999914
1718924311.881454468 -0.002510 0.000326 0.000594 0.004607 -0.012322 -0.000060 0.999913
1718924311.886424065 -0.002510 0.000319 0.000590 0.004616 -0.012323 -0.000070 0.999913
1718924311.891464472 -0.002509 0.000313 0.000585 0.004627 -0.012327 -0.000079 0.999913
1718924311.896426439 -0.002509 0.000307 0.000579 0.004636 -0.012331 -0.000084 0.999913
1718924311.900012970 -0.002509 0.000303 0.000575 0.004636 -0.012334 -0.000085 0.999913
1718924311.900012970 -0.002509 0.000303 0.000575 0.004636 -0.012334 -0.000085 0.999913
1718924311.901466131 -0.002509 0.000301 0.000574 0.004637 -0.012335 -0.000086 0.999913
1718924311.906467676 -0.002511 0.000294 0.000570 0.004637 -0.012342 -0.000085 0.999913
1718924311.911466122 -0.002513 0.000287 0.000566 0.004635 -0.012340 -0.000085 0.999913
1718924311.956432104 -0.002565 0.000204 0.000533 0.004580 -0.012325 -0.000040 0.999914
1718924311.961429358 -0.002568 0.000195 0.000529 0.004585 -0.012324 -0.000024 0.999914
1718924311.966432333 -0.002570 0.000185 0.000526 0.004588 -0.012323 -0.000017 0.999914
1718924311.971498013 -0.002573 0.000174 0.000524 0.004587 -0.012324 -0.000018 0.999914
1718924311.976448059 -0.002576 0.000164 0.000521 0.004587 -0.012329 -0.000015 0.999913
1718924311.981424570 -0.002579 0.000155 0.000519 0.004589 -0.012331 -0.000015 0.999913
1718924311.986445427 -0.002583 0.000145 0.000517 0.004594 -0.012329 -0.000023 0.999913
1718924311.991424561 -0.002585 0.000136 0.000514 0.004593 -0.012330 -0.000022 0.999913
1718924311.996469021 -0.002588 0.000127 0.000512 0.004592 -0.012334 -0.000020 0.999913
1718924312.001427174 -0.002590 0.000118 0.000509 0.004588 -0.012335 -0.000015 0.999913
1718924312.006427288 -0.002591 0.000109 0.000507 0.004588 -0.012336 -0.000014 0.999913
1718924312.011423111 -0.002592 0.000100 0.000505 0.004595 -0.012340 -0.000018 0.999913
1718924312.016437531 -0.002592 0.000091 0.000503 0.004600 -0.012340 -0.000017 0.999913
1718924312.021437645 -0.002592 0.000083 0.000500 0.004605 -0.012341 -0.000019 0.999913
1718924312.026426792 -0.002591 0.000074 0.000498 0.004612 -0.012339 -0.000021 0.999913
1718924312.031434059 -0.002591 0.000065 0.000495 0.004615 -0.012335 -0.000022 0.999913
1718924312.036423683 -0.002590 0.000055 0.000491 0.004617 -0.012334 -0.000032 0.999913
1718924312.041484356 -0.002590 0.000045 0.000487 0.004622 -0.012337 -0.000036 0.999913
1718924312.046436787 -0.002589 0.000035 0.000483 0.004625 -0.012343 -0.000032 0.999913
1718924312.051446199 -0.002588 0.000024 0.000478 0.004627 -0.012343 -0.000023 0.999913
1718924312.056425810 -0.002588 0.000013 0.000473 0.004623 -0.012338 -0.000026 0.999913
1718924312.061421871 -0.002588 0.000002 0.000467 0.004621 -0.012339 -0.000031 0.999913
1718924312.066429377 -0.002588 -0.000009 0.000461 0.004618 -0.012335 -0.000041 0.999913
1718924312.071415663 -0.002588 -0.000020 0.000455 0.004615 -0.012323 -0.000046 0.999913
1718924312.076450109 -0.002588 -0.000032 0.000449 0.004612 -0.012322 -0.000048 0.999913
1718924312.081422806 -0.002588 -0.000043 0.000442 0.004609 -0.012326 -0.000041 0.999913
1718924312.086429834 -0.002588 -0.000054 0.000436 0.004611 -0.012326 -0.000045 0.999913
1718924312.091423512 -0.002587 -0.000065 0.000429 0.004616 -0.012324 -0.000050 0.999913
1718924312.096431255 -0.002587 -0.000077 0.000422 0.004620 -0.012323 -0.000048 0.999913
1718924312.099996805 -0.002586 -0.000085 0.000417 0.004623 -0.012325 -0.000044 0.999913
1718924312.099996805 -0.002586 -0.000085 0.000417 0.004623 -0.012325 -0.000044 0.999913
1718924312.101423979 -0.002587 -0.000088 0.000416 0.004624 -0.012326 -0.000042 0.999913
1718924312.106420279 -0.002588 -0.000099 0.000413 0.004630 -0.012328 -0.000047 0.999913
1718924312.111423016 -0.002588 -0.000111 0.000409 0.004634 -0.012326 -0.000059 0.999913
1718924312.116468906 -0.002589 -0.000122 0.000406 0.004634 -0.012326 -0.000059 0.999913
1718924312.199986935 -0.002604 -0.000279 0.000327 0.004505 -0.012264 -0.000013 0.999915
1718924312.199986935 -0.002604 -0.000279 0.000327 0.004505 -0.012264 -0.000013 0.999915
1718924312.206415892 -0.002650 -0.000298 0.000307 0.004490 -0.012243 -0.000011 0.999915
1718924312.211424351 -0.002680 -0.000311 0.000294 0.004482 -0.012230 -0.000018 0.999915
1718924312.216429949 -0.002709 -0.000324 0.000281 0.004476 -0.012211 -0.000031 0.999915
1718924312.221436024 -0.002740 -0.000337 0.000268 0.004466 -0.012195 -0.000034 0.999916
1718924312.226423502 -0.002770 -0.000349 0.000256 0.004457 -0.012175 -0.000031 0.999916
1718924312.231441021 -0.002800 -0.000361 0.000244 0.004455 -0.012159 -0.000031 0.999916
1718924312.236425877 -0.002829 -0.000373 0.000233 0.004456 -0.012145 -0.000034 0.999916
1718924312.241433382 -0.002858 -0.000385 0.000221 0.004455 -0.012129 -0.000035 0.999917
1718924312.246428967 -0.002887 -0.000396 0.000210 0.004449 -0.012114 -0.000035 0.999917
1718924312.251418829 -0.002915 -0.000408 0.000198 0.004442 -0.012103 -0.000035 0.999917
1718924312.256423950 -0.002944 -0.000419 0.000187 0.004437 -0.012094 -0.000029 0.999917
1718924312.261416197 -0.002973 -0.000431 0.000175 0.004429 -0.012084 -0.000038 0.999917
1718924312.266425610 -0.003002 -0.000443 0.000164 0.004416 -0.012074 -0.000044 0.999917
1718924312.271423578 -0.003032 -0.000455 0.000152 0.004416 -0.012063 -0.000049 0.999917
1718924312.276441336 -0.003061 -0.000468 0.000141 0.004415 -0.012048 -0.000050 0.999918
1718924312.281448364 -0.003090 -0.000481 0.000130 0.004408 -0.012026 -0.000046 0.999918
1718924312.286438942 -0.003120 -0.000494 0.000119 0.004403 -0.012002 -0.000041 0.999918
1718924312.291440010 -0.003149 -0.000507 0.000107 0.004396 -0.011983 -0.000037 0.999919
1718924312.296429157 -0.003177 -0.000520 0.000096 0.004387 -0.011962 -0.000038 0.999919
1718924312.299986839 -0.003193 -0.000528 0.000089 0.004382 -0.011948 -0.000044 0.999919
1718924312.299986839 -0.003193 -0.000528 0.000089 0.004382 -0.011948 -0.000044 0.999919
1718924312.301421165 -0.003192 -0.000530 0.000089 0.004381 -0.011946 -0.000046 0.999919
1718924312.306417942 -0.003185 -0.000534 0.000090 0.004383 -0.011941 -0.000051 0.999919
1718924312.311419964 -0.003178 -0.000538 0.000090 0.004385 -0.011940 -0.000056 0.999919
1718924312.396415949 -0.003029 -0.000555 0.000064 0.004419 -0.011913 -0.000050 0.999919
1718924312.399981022 -0.003021 -0.000553 0.000064 0.004422 -0.011915 -0.000051 0.999919
1718924312.399981022 -0.003021 -0.000553 0.000064 0.004422 -0.011915 -0.000051 0.999919
1718924312.401459694 -0.003017 -0.000553 0.000064 0.004423 -0.011916 -0.000051 0.999919
1718924312.406417131 -0.003007 -0.000550 0.000063 0.004424 -0.011910 -0.000055 0.999919
1718924312.411461115 -0.002996 -0.000548 0.000062 0.004424 -0.011911 -0.000062 0.999919
1718924312.416431665 -0.002986 -0.000545 0.000060 0.004431 -0.011912 -0.000066 0.999919
1718924312.421492815 -0.002976 -0.000542 0.000059 0.004428 -0.011912 -0.000057 0.999919
1718924312.426527977 -0.002966 -0.000539 0.000056 0.004418 -0.011909 -0.000054 0.999919
1718924312.431430101 -0.002957 -0.000536 0.000054 0.004415 -0.011906 -0.000055 0.999919
1718924312.436477900 -0.002947 -0.000534 0.000052 0.004415 -0.011909 -0.000052 0.999919
1718924312.441465616 -0.002937 -0.000532 0.000049 0.004421 -0.011908 -0.000050 0.999919
1718924312.446466446 -0.002927 -0.000530 0.000047 0.004427 -0.011906 -0.000052 0.999919
1718924312.451468468 -0.002917 -0.000527 0.000044 0.004430 -0.011906 -0.000059 0.999919
1718924312.456433296 -0.002907 -0.000525 0.000041 0.004430 -0.011910 -0.000058 0.999919
1718924312.461469173 -0.002895 -0.000522 0.000039 0.004419 -0.011915 -0.000052 0.999919
1718924312.466431379 -0.002884 -0.000519 0.000036 0.004411 -0.011916 -0.000045 0.999919
1718924312.471432924 -0.002871 -0.000517 0.000034 0.004411 -0.011913 -0.000030 0.999919
1718924312.476430178 -0.002859 -0.000515 0.000030 0.004412 -0.011912 -0.000020 0.999919
1718924312.481431484 -0.002846 -0.000513 0.000027 0.004412 -0.011906 -0.000019 0.999919
1718924312.486414433 -0.002833 -0.000511 0.000023 0.004413 -0.011897 -0.000025 0.999919
1718924312.491457939 -0.002820 -0.000508 0.000019 0.004414 -0.011890 -0.000036 0.999920
1718924312.496423483 -0.002805 -0.000506 0.000016 0.004415 -0.011885 -0.000037 0.999920
1718924312.499984980 -0.002795 -0.000505 0.000014 0.004415 -0.011883 -0.000041 0.999920
1718924312.499984980 -0.002795 -0.000505 0.000014 0.004415 -0.011883 -0.000041 0.999920
1718924312.501419306 -0.002790 -0.000505 0.000013 0.004416 -0.011883 -0.000043 0.999920
1718924312.506413460 -0.002775 -0.000503 0.000012 0.004418 -0.011888 -0.000053 0.999920
1718924312.511451721 -0.002759 -0.000501 0.000010 0.004424 -0.011887 -0.000048 0.999920
1718924312.561422348 -0.002603 -0.000485 -0.000026 0.004406 -0.011832 -0.000010 0.999920
1718924312.566425800 -0.002586 -0.000483 -0.000029 0.004402 -0.011832 0.000002 0.999920
1718924312.571427822 -0.002569 -0.000480 -0.000031 0.004402 -0.011833 0.000010 0.999920
1718924312.576425791 -0.002551 -0.000477 -0.000033 0.004400 -0.011831 0.000013 0.999920
1718924312.581428289 -0.002533 -0.000474 -0.000036 0.004399 -0.011832 0.000015 0.999920
1718924312.586420298 -0.002515 -0.000471 -0.000039 0.004402 -0.011833 0.000017 0.999920
1718924312.591424465 -0.002498 -0.000468 -0.000043 0.004404 -0.011831 0.000022 0.999920
1718924312.596414566 -0.002480 -0.000466 -0.000047 0.004409 -0.011828 0.000030 0.999920
1718924312.599984884 -0.002467 -0.000463 -0.000050 0.004409 -0.011831 0.000031 0.999920
1718924312.599984884 -0.002467 -0.000463 -0.000050 0.004409 -0.011831 0.000031 0.999920
1718924312.601457596 -0.002462 -0.000463 -0.000051 0.004408 -0.011832 0.000031 0.999920
1718924312.606414557 -0.002444 -0.000460 -0.000055 0.004406 -0.011839 0.000028 0.999920
1718924312.611418009 -0.002425 -0.000458 -0.000060 0.004403 -0.011837 0.000027 0.999920
1718924312.616424561 -0.002406 -0.000455 -0.000064 0.004400 -0.011832 0.000029 0.999920
1718924312.621436357 -0.002387 -0.000453 -0.000069 0.004400 -0.011830 0.000029 0.999920
1718924312.626438141 -0.002367 -0.000451 -0.000074 0.004402 -0.011835 0.000031 0.999920
1718924312.631453514 -0.002348 -0.000449 -0.000079 0.004405 -0.011840 0.000036 0.999920
1718924312.636426926 -0.002329 -0.000447 -0.000084 0.004410 -0.011840 0.000045 0.999920
1718924312.641419172 -0.002310 -0.000446 -0.000091 0.004411 -0.011841 0.000051 0.999920
1718924312.646420479 -0.002292 -0.000445 -0.000097 0.004408 -0.011840 0.000053 0.999920
1718924312.651485682 -0.002275 -0.000444 -0.000103 0.004407 -0.011839 0.000052 0.999920
1718924312.656427383 -0.002258 -0.000443 -0.000110 0.004410 -0.011840 0.000059 0.999920
1718924312.661472797 -0.002240 -0.000442 -0.000117 0.004414 -0.011843 0.000064 0.999920
1718924312.666470528 -0.002223 -0.000441 -0.000125 0.004414 -0.011841 0.000070 0.999920
1718924312.671426535 -0.002207 -0.000439 -0.000132 0.004414 -0.011840 0.000069 0.999920
1718924312.676479340 -0.002189 -0.000437 -0.000139 0.004416 -0.011832 0.000068 0.999920
1718924312.681468487 -0.002172 -0.000434 -0.000146 0.004407 -0.011831 0.000074 0.999920
1718924312.686455965 -0.002154 -0.000432 -0.000154 0.004399 -0.011832 0.000074 0.999920
1718924312.691478729 -0.002136 -0.000428 -0.000162 0.004396 -0.011830 0.000082 0.999920
1718924312.696414709 -0.002117 -0.000425 -0.000170 0.004390 -0.011826 0.000085 0.999920
1718924312.699980974 -0.002103 -0.000423 -0.000176 0.004390 -0.011825 0.000076 0.999920
1718924312.699980974 -0.002103 -0.000423 -0.000176 0.004390 -0.011825 0.000076 0.999920
1718924312.701461792 -0.002097 -0.000423 -0.000177 0.004390 -0.011825 0.000072 0.999920
1718924312.706454277 -0.002077 -0.000420 -0.000183 0.004395 -0.011831 0.000068 0.999920
1718924312.711464405 -0.002056 -0.000417 -0.000188 0.004397 -0.011833 0.000077 0.999920
1718924312.716456890 -0.002035 -0.000415 -0.000193 0.004398 -0.011835 0.000079 0.999920
1718924312.766475916 -0.001812 -0.000387 -0.000242 0.004480 -0.011875 0.000041 0.999919
1718924312.771470785 -0.001786 -0.000382 -0.000243 0.004492 -0.011881 0.000042 0.999919
1718924312.776515245 -0.001760 -0.000377 -0.000245 0.004493 -0.011887 0.000049 0.999919
1718924312.781438589 -0.001735 -0.000372 -0.000247 0.004494 -0.011893 0.000059 0.999919
1718924312.786463261 -0.001709 -0.000365 -0.000249 0.004498 -0.011895 0.000064 0.999919
1718924312.791457653 -0.001683 -0.000358 -0.000251 0.004508 -0.011894 0.000066 0.999919
1718924312.796453714 -0.001657 -0.000351 -0.000253 0.004514 -0.011891 0.000073 0.999919
1718924312.799980879 -0.001638 -0.000346 -0.000255 0.004514 -0.011894 0.000076 0.999919
1718924312.799980879 -0.001638 -0.000346 -0.000255 0.004514 -0.011894 0.000076 0.999919
1718924312.801420689 -0.001630 -0.000344 -0.000255 0.004514 -0.011896 0.000078 0.999919
1718924312.806411743 -0.001604 -0.000338 -0.000257 0.004511 -0.011898 0.000081 0.999919
1718924312.811418056 -0.001578 -0.000331 -0.000258 0.004506 -0.011899 0.000089 0.999919
1718924312.816426039 -0.001551 -0.000324 -0.000260 0.004506 -0.011900 0.000096 0.999919
1718924312.821417570 -0.001524 -0.000317 -0.000262 0.004507 -0.011898 0.000096 0.999919
1718924312.826419830 -0.001496 -0.000310 -0.000265 0.004506 -0.011900 0.000099 0.999919
1718924312.831429482 -0.001467 -0.000302 -0.000268 0.004502 -0.011908 0.000100 0.999919
1718924312.836425543 -0.001438 -0.000295 -0.000272 0.004495 -0.011912 0.000100 0.999919
1718924312.841456652 -0.001408 -0.000288 -0.000275 0.004492 -0.011918 0.000102 0.999919
1718924312.846424580 -0.001378 -0.000281 -0.000279 0.004488 -0.011922 0.000102 0.999919
1718924312.851425886 -0.001348 -0.000275 -0.000282 0.004482 -0.011925 0.000108 0.999919
1718924312.856417179 -0.001317 -0.000269 -0.000286 0.004484 -0.011931 0.000116 0.999919
1718924312.861419916 -0.001285 -0.000264 -0.000291 0.004482 -0.011934 0.000121 0.999919
1718924312.866478205 -0.001254 -0.000258 -0.000296 0.004479 -0.011938 0.000130 0.999919
1718924312.871462584 -0.001223 -0.000252 -0.000302 0.004478 -0.011940 0.000123 0.999919
1718924312.876432419 -0.001192 -0.000246 -0.000308 0.004476 -0.011941 0.000114 0.999919
1718924312.881419659 -0.001161 -0.000241 -0.000315 0.004478 -0.011944 0.000111 0.999919
1718924312.886454344 -0.001129 -0.000236 -0.000323 0.004481 -0.011945 0.000116 0.999919
1718924312.891415834 -0.001097 -0.000231 -0.000330 0.004481 -0.011947 0.000121 0.999919
1718924312.896413088 -0.001064 -0.000227 -0.000337 0.004485 -0.011949 0.000121 0.999919
1718924312.900023937 -0.001039 -0.000224 -0.000342 0.004486 -0.011950 0.000119 0.999919
1718924312.900023937 -0.001039 -0.000224 -0.000342 0.004486 -0.011950 0.000119 0.999919
1718924312.901417732 -0.001030 -0.000223 -0.000344 0.004486 -0.011950 0.000118 0.999919
1718924312.906452656 -0.000997 -0.000219 -0.000351 0.004481 -0.011950 0.000122 0.999919
1718924312.911408901 -0.000964 -0.000214 -0.000358 0.004482 -0.011952 0.000119 0.999919
1718924312.956460714 -0.000560 -0.000181 -0.000466 0.004401 -0.011909 0.000192 0.999919
1718924312.961423635 -0.000497 -0.000178 -0.000479 0.004400 -0.011910 0.000196 0.999919
1718924312.966416359 -0.000430 -0.000175 -0.000493 0.004397 -0.011907 0.000207 0.999919
1718924312.971427202 -0.000359 -0.000171 -0.000507 0.004397 -0.011901 0.000217 0.999919
1718924312.976419926 -0.000285 -0.000167 -0.000521 0.004399 -0.011898 0.000222 0.999920
1718924312.981446981 -0.000207 -0.000162 -0.000535 0.004397 -0.011901 0.000222 0.999919
1718924312.986412764 -0.000127 -0.000157 -0.000548 0.004394 -0.011910 0.000216 0.999919
1718924312.991455793 -0.000043 -0.000152 -0.000561 0.004398 -0.011913 0.000211 0.999919
1718924312.996411562 0.000040 -0.000148 -0.000575 0.004410 -0.011909 0.000213 0.999919
1718924313.001454353 0.000127 -0.000145 -0.000589 0.004414 -0.011903 0.000214 0.999919
1718924313.006410122 0.000215 -0.000142 -0.000603 0.004405 -0.011899 0.000208 0.999919
1718924313.011445522 0.000308 -0.000140 -0.000617 0.004398 -0.011897 0.000199 0.999920
1718924313.016429424 0.000403 -0.000139 -0.000630 0.004400 -0.011903 0.000195 0.999919
1718924313.021430731 0.000503 -0.000138 -0.000643 0.004405 -0.011913 0.000192 0.999919
1718924313.026429415 0.000608 -0.000137 -0.000656 0.004408 -0.011925 0.000193 0.999919
1718924313.031456232 0.000718 -0.000137 -0.000670 0.004407 -0.011933 0.000197 0.999919
1718924313.036423206 0.000831 -0.000136 -0.000684 0.004407 -0.011934 0.000198 0.999919
1718924313.041419506 0.000951 -0.000136 -0.000698 0.004409 -0.011929 0.000199 0.999919
1718924313.046430111 0.001078 -0.000137 -0.000711 0.004409 -0.011923 0.000189 0.999919
1718924313.051484108 0.001213 -0.000138 -0.000724 0.004408 -0.011921 0.000188 0.999919
1718924313.056415558 0.001351 -0.000138 -0.000737 0.004411 -0.011921 0.000192 0.999919
1718924313.061418533 0.001499 -0.000140 -0.000750 0.004415 -0.011923 0.000199 0.999919
1718924313.066411734 0.001652 -0.000141 -0.000765 0.004418 -0.011926 0.000211 0.999919
1718924313.071460485 0.001813 -0.000143 -0.000782 0.004413 -0.011936 0.000220 0.999919
1718924313.076419353 0.001978 -0.000144 -0.000799 0.004412 -0.011947 0.000230 0.999919
1718924313.081416368 0.002152 -0.000145 -0.000816 0.004412 -0.011956 0.000246 0.999919
1718924313.086408615 0.002332 -0.000146 -0.000833 0.004410 -0.011957 0.000274 0.999919
1718924313.091413498 0.002521 -0.000147 -0.000849 0.004410 -0.011954 0.000295 0.999919
1718924313.096412420 0.002716 -0.000147 -0.000865 0.004414 -0.011957 0.000312 0.999919
1718924313.099992275 0.002860 -0.000146 -0.000876 0.004423 -0.011959 0.000321 0.999919
1718924313.099992275 0.002860 -0.000146 -0.000876 0.004423 -0.011959 0.000321 0.999919
1718924313.101421595 0.002918 -0.000146 -0.000879 0.004427 -0.011960 0.000325 0.999919
1718924313.106409788 0.003123 -0.000145 -0.000892 0.004435 -0.011964 0.000337 0.999919
1718924313.111407042 0.003335 -0.000144 -0.000903 0.004438 -0.011969 0.000353 0.999918
1718924313.116418839 0.003552 -0.000143 -0.000916 0.004440 -0.011973 0.000361 0.999918
1718924313.199992180 0.006064 -0.000209 -0.000979 0.004467 -0.011914 -0.000249 0.999919
1718924313.199992180 0.006064 -0.000209 -0.000979 0.004467 -0.011914 -0.000249 0.999919
1718924313.216421366 0.006282 -0.000247 -0.000959 0.004467 -0.011906 -0.000368 0.999919
1718924313.221421719 0.006330 -0.000260 -0.000949 0.004470 -0.011905 -0.000401 0.999919
1718924313.226428270 0.006366 -0.000272 -0.000939 0.004460 -0.011901 -0.000422 0.999919
1718924313.231433630 0.006391 -0.000285 -0.000928 0.004451 -0.011901 -0.000438 0.999919
1718924313.236414909 0.006407 -0.000299 -0.000917 0.004456 -0.011907 -0.000453 0.999919
1718924313.241412878 0.006413 -0.000312 -0.000904 0.004465 -0.011915 -0.000461 0.999919
1718924313.246407032 0.006408 -0.000326 -0.000892 0.004461 -0.011920 -0.000470 0.999919
1718924313.251414537 0.006390 -0.000340 -0.000881 0.004462 -0.011922 -0.000477 0.999919
1718924313.256417036 0.006361 -0.000351 -0.000871 0.004473 -0.011917 -0.000456 0.999919
1718924313.261410236 0.006322 -0.000362 -0.000861 0.004478 -0.011920 -0.000423 0.999919
1718924313.266407013 0.006273 -0.000373 -0.000850 0.004476 -0.011923 -0.000397 0.999919
1718924313.271418095 0.006215 -0.000383 -0.000839 0.004485 -0.011927 -0.000364 0.999919
1718924313.276435375 0.006148 -0.000393 -0.000827 0.004493 -0.011928 -0.000318 0.999919
1718924313.281440258 0.006075 -0.000402 -0.000815 0.004489 -0.011936 -0.000271 0.999919
1718924313.286424160 0.005994 -0.000412 -0.000802 0.004486 -0.011949 -0.000216 0.999919
1718924313.291414738 0.005907 -0.000421 -0.000790 0.004495 -0.011959 -0.000163 0.999918
1718924313.296409845 0.005814 -0.000431 -0.000778 0.004511 -0.011961 -0.000111 0.999918
1718924313.299998283 0.005745 -0.000439 -0.000770 0.004515 -0.011962 -0.000070 0.999918
1718924313.299998283 0.005745 -0.000439 -0.000770 0.004515 -0.011962 -0.000070 0.999918
1718924313.301401854 0.005717 -0.000442 -0.000767 0.004517 -0.011962 -0.000054 0.999918
1718924313.306408405 0.005614 -0.000454 -0.000755 0.004522 -0.011963 0.000004 0.999918
1718924313.311395168 0.005509 -0.000466 -0.000742 0.004531 -0.011963 0.000050 0.999918
1718924313.361427784 0.004563 -0.000561 -0.000634 0.004398 -0.011891 -0.000311 0.999920
1718924313.366414070 0.004485 -0.000566 -0.000622 0.004391 -0.011885 -0.000353 0.999920
1718924313.371419907 0.004411 -0.000569 -0.000610 0.004388 -0.011884 -0.000394 0.999920
1718924313.376475573 0.004340 -0.000569 -0.000598 0.004389 -0.011888 -0.000428 0.999920
1718924313.381431818 0.004274 -0.000568 -0.000586 0.004390 -0.011891 -0.000454 0.999920
1718924313.386451483 0.004212 -0.000566 -0.000574 0.004383 -0.011890 -0.000476 0.999920
1718924313.391447306 0.004155 -0.000561 -0.000562 0.004371 -0.011887 -0.000494 0.999920
1718924313.396451712 0.004103 -0.000555 -0.000549 0.004364 -0.011882 -0.000497 0.999920
1718924313.399987221 0.004068 -0.000550 -0.000540 0.004362 -0.011877 -0.000502 0.999920
1718924313.399987221 0.004068 -0.000550 -0.000540 0.004362 -0.011877 -0.000502 0.999920
1718924313.401445866 0.004054 -0.000548 -0.000537 0.004361 -0.011875 -0.000504 0.999920
1718924313.406446934 0.004009 -0.000541 -0.000525 0.004366 -0.011874 -0.000509 0.999920
1718924313.411442280 0.003969 -0.000532 -0.000514 0.004365 -0.011873 -0.000506 0.999920
1718924313.416422606 0.003932 -0.000523 -0.000503 0.004359 -0.011871 -0.000488 0.999920
1718924313.421419859 0.003899 -0.000513 -0.000493 0.004357 -0.011869 -0.000453 0.999920
1718924313.426432133 0.003869 -0.000504 -0.000482 0.004356 -0.011864 -0.000426 0.999920
1718924313.431430340 0.003842 -0.000496 -0.000471 0.004355 -0.011864 -0.000405 0.999920
1718924313.436406851 0.003817 -0.000489 -0.000460 0.004355 -0.011862 -0.000384 0.999920
1718924313.441417694 0.003794 -0.000483 -0.000448 0.004357 -0.011867 -0.000353 0.999920
1718924313.446411371 0.003772 -0.000479 -0.000437 0.004366 -0.011871 -0.000323 0.999920
1718924313.451428890 0.003750 -0.000478 -0.000427 0.004378 -0.011876 -0.000302 0.999920
1718924313.456411362 0.003730 -0.000478 -0.000416 0.004386 -0.011870 -0.000291 0.999920
1718924313.461419582 0.003709 -0.000481 -0.000407 0.004390 -0.011869 -0.000281 0.999920
1718924313.466408014 0.003688 -0.000487 -0.000397 0.004394 -0.011874 -0.000276 0.999920
1718924313.471458435 0.003667 -0.000495 -0.000388 0.004394 -0.011876 -0.000278 0.999920
1718924313.476491451 0.003645 -0.000506 -0.000379 0.004390 -0.011879 -0.000285 0.999920
1718924313.481468439 0.003622 -0.000519 -0.000370 0.004391 -0.011881 -0.000290 0.999920
1718924313.486408710 0.003598 -0.000533 -0.000362 0.004399 -0.011883 -0.000298 0.999920
1718924313.491441250 0.003573 -0.000549 -0.000354 0.004405 -0.011883 -0.000316 0.999920
1718924313.496443748 0.003546 -0.000566 -0.000347 0.004402 -0.011887 -0.000341 0.999920
1718924313.499996185 0.003526 -0.000578 -0.000341 0.004399 -0.011886 -0.000362 0.999920
1718924313.499996185 0.003526 -0.000578 -0.000341 0.004399 -0.011886 -0.000362 0.999920
1718924313.501431704 0.003518 -0.000583 -0.000338 0.004398 -0.011886 -0.000370 0.999920
1718924313.506406307 0.003487 -0.000602 -0.000329 0.004402 -0.011884 -0.000389 0.999920
1718924313.511444330 0.003456 -0.000621 -0.000319 0.004408 -0.011884 -0.000402 0.999920
1718924313.566404104 0.003130 -0.000723 -0.000234 0.004448 -0.011868 -0.000243 0.999920
1718924313.571407795 0.003105 -0.000722 -0.000225 0.004451 -0.011874 -0.000219 0.999920
1718924313.576410055 0.003082 -0.000720 -0.000216 0.004451 -0.011877 -0.000202 0.999920
1718924313.581403255 0.003061 -0.000717 -0.000207 0.004451 -0.011880 -0.000191 0.999920
1718924313.586407900 0.003042 -0.000714 -0.000198 0.004452 -0.011886 -0.000184 0.999919
1718924313.591401100 0.003026 -0.000710 -0.000190 0.004453 -0.011892 -0.000184 0.999919
1718924313.596404791 0.003012 -0.000706 -0.000182 0.004452 -0.011896 -0.000186 0.999919
1718924313.599999189 0.003005 -0.000703 -0.000176 0.004453 -0.011898 -0.000185 0.999919
1718924313.599999189 0.003005 -0.000703 -0.000176 0.004453 -0.011898 -0.000185 0.999919
1718924313.601401806 0.003001 -0.000702 -0.000174 0.004453 -0.011899 -0.000185 0.999919
1718924313.606405497 0.002992 -0.000698 -0.000167 0.004451 -0.011889 -0.000182 0.999919
1718924313.611400604 0.002987 -0.000695 -0.000159 0.004450 -0.011886 -0.000179 0.999919
1718924313.616415977 0.002985 -0.000693 -0.000151 0.004444 -0.011880 -0.000179 0.999920
1718924313.621428013 0.002986 -0.000691 -0.000143 0.004437 -0.011881 -0.000191 0.999920
1718924313.626418352 0.002991 -0.000689 -0.000136 0.004428 -0.011881 -0.000201 0.999920
1718924313.631428480 0.002999 -0.000688 -0.000128 0.004428 -0.011883 -0.000207 0.999920
1718924313.636409044 0.003009 -0.000688 -0.000120 0.004425 -0.011884 -0.000216 0.999920
1718924313.641459703 0.003024 -0.000689 -0.000112 0.004420 -0.011886 -0.000227 0.999920
1718924313.646471024 0.003041 -0.000690 -0.000103 0.004410 -0.011891 -0.000241 0.999920
1718924313.651488304 0.003061 -0.000693 -0.000094 0.004396 -0.011892 -0.000263 0.999920
1718924313.656460047 0.003082 -0.000695 -0.000084 0.004383 -0.011887 -0.000290 0.999920
1718924313.661412954 0.003106 -0.000698 -0.000074 0.004370 -0.011884 -0.000304 0.999920
1718924313.666411877 0.003133 -0.000702 -0.000064 0.004359 -0.011882 -0.000315 0.999920
1718924313.671412945 0.003162 -0.000706 -0.000055 0.004350 -0.011882 -0.000327 0.999920
1718924313.676404476 0.003192 -0.000711 -0.000046 0.004344 -0.011878 -0.000341 0.999920
1718924313.681483030 0.003224 -0.000716 -0.000039 0.004344 -0.011875 -0.000354 0.999920
1718924313.686410904 0.003257 -0.000721 -0.000032 0.004345 -0.011872 -0.000361 0.999920
1718924313.691431999 0.003292 -0.000726 -0.000026 0.004347 -0.011873 -0.000364 0.999920
1718924313.696401119 0.003329 -0.000732 -0.000019 0.004344 -0.011876 -0.000370 0.999920
1718924313.699904203 0.003356 -0.000736 -0.000015 0.004343 -0.011881 -0.000372 0.999920
1718924313.699904203 0.003356 -0.000736 -0.000015 0.004343 -0.011881 -0.000372 0.999920
1718924313.701399803 0.003368 -0.000737 -0.000012 0.004343 -0.011883 -0.000372 0.999920
1718924313.706405163 0.003407 -0.000744 -0.000004 0.004337 -0.011889 -0.000378 0.999920
1718924313.711440325 0.003447 -0.000750 0.000005 0.004334 -0.011889 -0.000387 0.999920
1718924313.716445923 0.003489 -0.000757 0.000014 0.004347 -0.011884 -0.000389 0.999920
1718924313.766459942 0.003824 -0.000882 0.000093 0.004350 -0.011929 -0.000438 0.999919
1718924313.771451950 0.003850 -0.000900 0.000103 0.004349 -0.011926 -0.000447 0.999919
1718924313.776503563 0.003873 -0.000918 0.000113 0.004350 -0.011923 -0.000450 0.999919
1718924313.781461954 0.003895 -0.000937 0.000122 0.004345 -0.011924 -0.000457 0.999919
1718924313.786401987 0.003915 -0.000954 0.000131 0.004347 -0.011929 -0.000460 0.999919
1718924313.791439295 0.003934 -0.000972 0.000139 0.004358 -0.011932 -0.000455 0.999919
1718924313.796404839 0.003952 -0.000990 0.000147 0.004367 -0.011936 -0.000447 0.999919
1718924313.800001144 0.003963 -0.001002 0.000152 0.004368 -0.011941 -0.000439 0.999919
1718924313.800001144 0.003963 -0.001002 0.000152 0.004368 -0.011941 -0.000439 0.999919
1718924313.801442623 0.003967 -0.001007 0.000154 0.004368 -0.011943 -0.000435 0.999919
1718924313.806406260 0.003981 -0.001023 0.000162 0.004375 -0.011948 -0.000434 0.999919
1718924313.811442852 0.003993 -0.001039 0.000169 0.004384 -0.011952 -0.000436 0.999919
1718924313.816472530 0.004004 -0.001054 0.000176 0.004382 -0.011949 -0.000436 0.999919
1718924313.821467161 0.004013 -0.001068 0.000183 0.004385 -0.011951 -0.000437 0.999919
1718924313.826476812 0.004019 -0.001081 0.000190 0.004389 -0.011958 -0.000440 0.999919
1718924313.831418753 0.004021 -0.001093 0.000197 0.004392 -0.011964 -0.000439 0.999919
1718924313.836396933 0.004021 -0.001104 0.000204 0.004395 -0.011967 -0.000426 0.999919
1718924313.841405153 0.004017 -0.001115 0.000212 0.004397 -0.011970 -0.000415 0.999919
1718924313.846405983 0.004011 -0.001125 0.000219 0.004399 -0.011976 -0.000411 0.999919
1718924313.851412296 0.004003 -0.001135 0.000226 0.004401 -0.011986 -0.000405 0.999918
1718924313.856448650 0.003992 -0.001144 0.000234 0.004399 -0.011992 -0.000406 0.999918
1718924313.861458778 0.003978 -0.001152 0.000241 0.004400 -0.011995 -0.000403 0.999918
1718924313.866415977 0.003962 -0.001160 0.000248 0.004405 -0.011996 -0.000391 0.999918
1718924313.871405840 0.003945 -0.001168 0.000256 0.004411 -0.012005 -0.000378 0.999918
1718924313.876401663 0.003926 -0.001175 0.000263 0.004408 -0.012009 -0.000365 0.999918
1718924313.881395340 0.003906 -0.001181 0.000270 0.004407 -0.012009 -0.000358 0.999918
1718924313.886402607 0.003884 -0.001187 0.000277 0.004407 -0.012010 -0.000349 0.999918
1718924313.891398907 0.003862 -0.001193 0.000284 0.004405 -0.012013 -0.000338 0.999918
1718924313.896402359 0.003840 -0.001198 0.000290 0.004403 -0.012020 -0.000330 0.999918
1718924313.900011301 0.003824 -0.001203 0.000296 0.004406 -0.012025 -0.000322 0.999918
1718924313.900011301 0.003824 -0.001203 0.000296 0.004406 -0.012025 -0.000322 0.999918
1718924313.901448011 0.003817 -0.001205 0.000299 0.004407 -0.012027 -0.000319 0.999918
1718924313.906402349 0.003795 -0.001211 0.000308 0.004410 -0.012030 -0.000310 0.999918
1718924313.911440611 0.003772 -0.001218 0.000318 0.004415 -0.012036 -0.000312 0.999918
1718924313.966408730 0.003614 -0.001306 0.000364 0.004313 -0.012104 -0.000384 0.999917
1718924313.971444130 0.003615 -0.001314 0.000369 0.004308 -0.012108 -0.000385 0.999917
1718924313.976509333 0.003617 -0.001322 0.000374 0.004314 -0.012113 -0.000382 0.999917
1718924313.981454134 0.003620 -0.001329 0.000379 0.004319 -0.012119 -0.000381 0.999917
1718924313.986402750 0.003624 -0.001336 0.000384 0.004323 -0.012123 -0.000386 0.999917
1718924313.991438627 0.003629 -0.001343 0.000388 0.004326 -0.012121 -0.000386 0.999917
1718924313.996445179 0.003635 -0.001350 0.000392 0.004324 -0.012124 -0.000380 0.999917
1718924314.001443148 0.003642 -0.001357 0.000395 0.004321 -0.012126 -0.000374 0.999917
1718924314.006442785 0.003650 -0.001364 0.000399 0.004324 -0.012129 -0.000367 0.999917
1718924314.011437178 0.003659 -0.001372 0.000402 0.004324 -0.012132 -0.000358 0.999917
1718924314.016554356 0.003668 -0.001380 0.000405 0.004322 -0.012135 -0.000347 0.999917
1718924314.021432877 0.003676 -0.001387 0.000408 0.004321 -0.012139 -0.000334 0.999917
1718924314.026388645 0.003684 -0.001394 0.000410 0.004318 -0.012142 -0.000316 0.999917
1718924314.031409025 0.003692 -0.001402 0.000413 0.004319 -0.012142 -0.000303 0.999917
1718924314.036445618 0.003700 -0.001409 0.000415 0.004325 -0.012142 -0.000302 0.999917
1718924314.041462421 0.003708 -0.001416 0.000417 0.004327 -0.012144 -0.000299 0.999917
1718924314.046428442 0.003715 -0.001423 0.000420 0.004326 -0.012145 -0.000291 0.999917
1718924314.051422119 0.003721 -0.001429 0.000422 0.004323 -0.012148 -0.000289 0.999917
1718924314.056400061 0.003726 -0.001434 0.000424 0.004329 -0.012149 -0.000285 0.999917
1718924314.061395645 0.003731 -0.001439 0.000426 0.004329 -0.012149 -0.000282 0.999917
1718924314.066412210 0.003734 -0.001444 0.000428 0.004323 -0.012148 -0.000290 0.999917
1718924314.071435690 0.003736 -0.001448 0.000429 0.004323 -0.012148 -0.000303 0.999917
1718924314.076442480 0.003738 -0.001451 0.000431 0.004324 -0.012142 -0.000312 0.999917
1718924314.081399202 0.003739 -0.001454 0.000431 0.004325 -0.012139 -0.000313 0.999917
1718924314.086441755 0.003740 -0.001458 0.000432 0.004319 -0.012138 -0.000312 0.999917
1718924314.091438293 0.003741 -0.001460 0.000433 0.004314 -0.012142 -0.000318 0.999917
1718924314.096443415 0.003740 -0.001463 0.000434 0.004307 -0.012145 -0.000312 0.999917
1718924314.100000143 0.003740 -0.001464 0.000434 0.004308 -0.012151 -0.000300 0.999917
1718924314.100000143 0.003740 -0.001464 0.000434 0.004308 -0.012151 -0.000300 0.999917
1718924314.101440430 0.003739 -0.001465 0.000435 0.004309 -0.012153 -0.000295 0.999917
1718924314.106434822 0.003737 -0.001467 0.000437 0.004316 -0.012161 -0.000293 0.999917
1718924314.111399889 0.003734 -0.001469 0.000438 0.004322 -0.012166 -0.000293 0.999917
1718924314.146405458 0.003731 -0.001484 0.000444 0.004300 -0.012192 -0.000221 0.999916
1718924314.151409388 0.003734 -0.001487 0.000446 0.004302 -0.012192 -0.000212 0.999916
1718924314.156411171 0.003738 -0.001491 0.000448 0.004305 -0.012192 -0.000210 0.999916
1718924314.161446810 0.003743 -0.001494 0.000449 0.004308 -0.012198 -0.000213 0.999916
1718924314.166406155 0.003748 -0.001498 0.000448 0.004308 -0.012203 -0.000216 0.999916
1718924314.171446562 0.003755 -0.001503 0.000447 0.004306 -0.012202 -0.000211 0.999916
1718924314.176448822 0.003761 -0.001507 0.000445 0.004307 -0.012199 -0.000211 0.999916
1718924314.181451797 0.003768 -0.001513 0.000444 0.004309 -0.012197 -0.000215 0.999916
1718924314.186477661 0.003775 -0.001519 0.000443 0.004297 -0.012199 -0.000221 0.999916
1718924314.191461325 0.003783 -0.001526 0.000441 0.004287 -0.012202 -0.000220 0.999916
1718924314.196449518 0.003791 -0.001533 0.000439 0.004285 -0.012203 -0.000226 0.999916
1718924314.199998140 0.003797 -0.001538 0.000438 0.004284 -0.012201 -0.000230 0.999916
1718924314.199998140 0.003797 -0.001538 0.000438 0.004284 -0.012201 -0.000230 0.999916
1718924314.201492786 0.003799 -0.001540 0.000438 0.004284 -0.012200 -0.000232 0.999916
1718924314.206405878 0.003805 -0.001548 0.000435 0.004280 -0.012198 -0.000233 0.999916
1718924314.211451292 0.003812 -0.001556 0.000432 0.004277 -0.012207 -0.000230 0.999916
1718924314.216452599 0.003819 -0.001564 0.000429 0.004279 -0.012210 -0.000226 0.999916
1718924314.221468449 0.003827 -0.001573 0.000426 0.004279 -0.012208 -0.000218 0.999916
1718924314.226402998 0.003835 -0.001581 0.000423 0.004274 -0.012205 -0.000213 0.999916
1718924314.231419802 0.003842 -0.001590 0.000420 0.004271 -0.012205 -0.000206 0.999916
1718924314.236404896 0.003850 -0.001598 0.000417 0.004275 -0.012205 -0.000201 0.999916
1718924314.241464376 0.003858 -0.001606 0.000415 0.004273 -0.012206 -0.000202 0.999916
1718924314.246404886 0.003864 -0.001614 0.000413 0.004267 -0.012211 -0.000210 0.999916
1718924314.251475811 0.003872 -0.001622 0.000410 0.004264 -0.012220 -0.000208 0.999916
1718924314.256400347 0.003879 -0.001629 0.000408 0.004265 -0.012222 -0.000207 0.999916
1718924314.261447191 0.003886 -0.001637 0.000405 0.004258 -0.012225 -0.000210 0.999916
1718924314.266407728 0.003892 -0.001645 0.000403 0.004254 -0.012224 -0.000212 0.999916
1718924314.271406412 0.003898 -0.001653 0.000401 0.004263 -0.012223 -0.000213 0.999916
1718924314.276502132 0.003904 -0.001661 0.000398 0.004269 -0.012227 -0.000202 0.999916
1718924314.281482697 0.003909 -0.001669 0.000396 0.004271 -0.012232 -0.000185 0.999916
1718924314.286443710 0.003914 -0.001677 0.000395 0.004269 -0.012235 -0.000178 0.999916
1718924314.291398287 0.003920 -0.001684 0.000393 0.004264 -0.012240 -0.000170 0.999916
1718924314.296433687 0.003925 -0.001691 0.000391 0.004266 -0.012247 -0.000164 0.999916
1718924314.299994230 0.003928 -0.001696 0.000390 0.004267 -0.012248 -0.000162 0.999916
1718924314.299994230 0.003928 -0.001696 0.000390 0.004267 -0.012248 -0.000162 0.999916
1718924314.301441669 0.003929 -0.001698 0.000390 0.004269 -0.012248 -0.000162 0.999916
1718924314.306394339 0.003933 -0.001704 0.000389 0.004274 -0.012245 -0.000164 0.999916
1718924314.311437130 0.003937 -0.001710 0.000388 0.004276 -0.012250 -0.000163 0.999916
1718924314.351465940 0.003987 -0.001751 0.000363 0.004196 -0.012225 -0.000155 0.999916
1718924314.356447220 0.003997 -0.001754 0.000359 0.004192 -0.012227 -0.000149 0.999916
1718924314.361455202 0.004008 -0.001758 0.000355 0.004193 -0.012234 -0.000148 0.999916
1718924314.366412640 0.004019 -0.001762 0.000351 0.004195 -0.012240 -0.000151 0.999916
1718924314.371405125 0.004031 -0.001767 0.000347 0.004193 -0.012239 -0.000152 0.999916
1718924314.376409054 0.004043 -0.001772 0.000343 0.004189 -0.012237 -0.000158 0.999916
1718924314.381406069 0.004055 -0.001777 0.000339 0.004193 -0.012243 -0.000163 0.999916
1718924314.386400938 0.004068 -0.001782 0.000335 0.004196 -0.012244 -0.000162 0.999916
1718924314.391396523 0.004081 -0.001787 0.000331 0.004201 -0.012243 -0.000162 0.999916
1718924314.396392345 0.004094 -0.001793 0.000327 0.004203 -0.012246 -0.000160 0.999916
1718924314.399995089 0.004104 -0.001797 0.000324 0.004203 -0.012250 -0.000160 0.999916
1718924314.399995089 0.004104 -0.001797 0.000324 0.004203 -0.012250 -0.000160 0.999916
1718924314.401439667 0.004105 -0.001799 0.000321 0.004203 -0.012251 -0.000160 0.999916
1718924314.406384230 0.004108 -0.001805 0.000303 0.004205 -0.012252 -0.000152 0.999916
1718924314.411438465 0.004110 -0.001812 0.000285 0.004216 -0.012252 -0.000150 0.999916
1718924314.416453600 0.004113 -0.001819 0.000267 0.004226 -0.012253 -0.000148 0.999916
1718924314.456405640 0.003726 -0.001928 -0.000422 0.004172 -0.012041 -0.000200 0.999919
1718924314.461448431 0.003729 -0.001938 -0.000438 0.004171 -0.012039 -0.000197 0.999919
1718924314.466446638 0.003733 -0.001948 -0.000454 0.004168 -0.012038 -0.000196 0.999919
1718924314.471460342 0.003736 -0.001958 -0.000470 0.004174 -0.012037 -0.000197 0.999919
1718924314.476487398 0.003740 -0.001968 -0.000486 0.004171 -0.012037 -0.000190 0.999919
1718924314.481438160 0.003743 -0.001978 -0.000502 0.004166 -0.012035 -0.000175 0.999919
1718924314.486396790 0.003746 -0.001988 -0.000518 0.004171 -0.012032 -0.000175 0.999919
1718924314.491436243 0.003749 -0.001997 -0.000534 0.004173 -0.012031 -0.000174 0.999919
1718924314.496430397 0.003753 -0.002005 -0.000551 0.004175 -0.012028 -0.000168 0.999919
1718924314.499998093 0.003757 -0.002010 -0.000561 0.004174 -0.012028 -0.000171 0.999919
1718924314.499998093 0.003757 -0.002010 -0.000561 0.004174 -0.012028 -0.000171 0.999919
1718924314.501398325 0.003762 -0.002012 -0.000561 0.004174 -0.012029 -0.000172 0.999919
1718924314.506431341 0.003780 -0.002017 -0.000564 0.004175 -0.012033 -0.000172 0.999919
1718924314.511436462 0.003798 -0.002021 -0.000567 0.004172 -0.012036 -0.000168 0.999919
1718924314.516444206 0.003816 -0.002025 -0.000570 0.004168 -0.012036 -0.000170 0.999919
1718924314.521418095 0.003834 -0.002028 -0.000573 0.004168 -0.012034 -0.000180 0.999919
1718924314.526397705 0.003853 -0.002031 -0.000576 0.004167 -0.012042 -0.000185 0.999919
1718924314.531391382 0.003872 -0.002034 -0.000579 0.004165 -0.012046 -0.000185 0.999919
1718924314.536401987 0.003892 -0.002036 -0.000583 0.004166 -0.012046 -0.000176 0.999919
1718924314.541400671 0.003912 -0.002038 -0.000588 0.004160 -0.012046 -0.000168 0.999919
1718924314.546420097 0.003931 -0.002040 -0.000592 0.004153 -0.012041 -0.000169 0.999919
1718924314.551431656 0.003950 -0.002041 -0.000597 0.004153 -0.012039 -0.000175 0.999919
1718924314.556438208 0.003970 -0.002043 -0.000601 0.004157 -0.012042 -0.000188 0.999919
1718924314.561433315 0.003989 -0.002044 -0.000605 0.004160 -0.012053 -0.000200 0.999919
1718924314.566402435 0.004010 -0.002046 -0.000610 0.004161 -0.012054 -0.000203 0.999919
1718924314.571392775 0.004031 -0.002048 -0.000615 0.004162 -0.012050 -0.000207 0.999919
1718924314.576406002 0.004052 -0.002049 -0.000620 0.004166 -0.012045 -0.000209 0.999919
1718924314.581395388 0.004074 -0.002051 -0.000626 0.004168 -0.012049 -0.000205 0.999919
1718924314.586387157 0.004095 -0.002053 -0.000631 0.004168 -0.012051 -0.000207 0.999919
1718924314.591394186 0.004117 -0.002055 -0.000636 0.004169 -0.012051 -0.000215 0.999919
1718924314.596433878 0.004139 -0.002057 -0.000641 0.004168 -0.012046 -0.000221 0.999919
1718924314.599995136 0.004155 -0.002057 -0.000644 0.004168 -0.012043 -0.000226 0.999919
1718924314.599995136 0.004155 -0.002057 -0.000644 0.004168 -0.012043 -0.000226 0.999919
1718924314.601452112 0.004161 -0.002058 -0.000645 0.004169 -0.012041 -0.000227 0.999919
1718924314.606394529 0.004183 -0.002059 -0.000647 0.004170 -0.012046 -0.000226 0.999919
1718924314.611436605 0.004205 -0.002061 -0.000650 0.004169 -0.012047 -0.000221 0.999919
1718924314.671443701 0.004439 -0.002062 -0.000727 0.004190 -0.012118 -0.000305 0.999918
1718924314.676442623 0.004457 -0.002060 -0.000733 0.004198 -0.012119 -0.000301 0.999918
1718924314.681451559 0.004475 -0.002059 -0.000739 0.004198 -0.012123 -0.000305 0.999918
1718924314.686442375 0.004493 -0.002057 -0.000746 0.004199 -0.012126 -0.000304 0.999918
1718924314.691442013 0.004511 -0.002056 -0.000752 0.004197 -0.012129 -0.000300 0.999918
1718924314.696404219 0.004529 -0.002054 -0.000758 0.004195 -0.012132 -0.000294 0.999918
1718924314.699899197 0.004542 -0.002052 -0.000763 0.004198 -0.012135 -0.000290 0.999918
1718924314.699899197 0.004542 -0.002052 -0.000763 0.004198 -0.012135 -0.000290 0.999918
1718924314.701405525 0.004544 -0.002053 -0.000782 0.004198 -0.012137 -0.000288 0.999917
1718924314.706390619 0.004540 -0.002056 -0.000886 0.004197 -0.012141 -0.000283 0.999917
1718924314.711443901 0.004535 -0.002058 -0.000993 0.004194 -0.012144 -0.000278 0.999917
1718924314.716438770 0.004531 -0.002060 -0.001100 0.004194 -0.012147 -0.000265 0.999917
1718924314.721464396 0.004526 -0.002063 -0.001207 0.004201 -0.012150 -0.000254 0.999917
1718924314.726492405 0.004520 -0.002065 -0.001315 0.004203 -0.012149 -0.000248 0.999917
1718924314.731425762 0.004515 -0.002066 -0.001420 0.004192 -0.012147 -0.000250 0.999917
1718924314.736410856 0.004509 -0.002068 -0.001526 0.004185 -0.012151 -0.000255 0.999917
1718924314.741432905 0.004504 -0.002069 -0.001634 0.004187 -0.012160 -0.000260 0.999917
1718924314.746453047 0.004499 -0.002070 -0.001742 0.004182 -0.012168 -0.000265 0.999917
1718924314.751444578 0.004495 -0.002071 -0.001849 0.004169 -0.012169 -0.000273 0.999917
1718924314.756450653 0.004491 -0.002071 -0.001956 0.004164 -0.012168 -0.000278 0.999917
1718924314.761438847 0.004488 -0.002071 -0.002064 0.004161 -0.012162 -0.000275 0.999917
1718924314.766455173 0.004485 -0.002071 -0.002172 0.004162 -0.012166 -0.000279 0.999917
1718924314.771445513 0.004483 -0.002071 -0.002279 0.004163 -0.012169 -0.000286 0.999917
1718924314.776396990 0.004483 -0.002071 -0.002384 0.004163 -0.012174 -0.000283 0.999917
1718924314.781407356 0.004484 -0.002072 -0.002492 0.004164 -0.012173 -0.000282 0.999917
1718924314.786415815 0.004486 -0.002073 -0.002600 0.004165 -0.012173 -0.000281 0.999917
1718924314.791392326 0.004489 -0.002073 -0.002707 0.004166 -0.012174 -0.000289 0.999917
1718924314.796392202 0.004492 -0.002074 -0.002815 0.004168 -0.012178 -0.000296 0.999917
1718924314.799995184 0.004499 -0.002074 -0.002880 0.004170 -0.012186 -0.000295 0.999917
1718924314.799995184 0.004499 -0.002074 -0.002880 0.004170 -0.012186 -0.000295 0.999917
1718924314.801394939 0.004505 -0.002073 -0.002883 0.004172 -0.012189 -0.000294 0.999917
1718924314.806388378 0.004528 -0.002070 -0.002895 0.004172 -0.012192 -0.000285 0.999917
1718924314.811391592 0.004553 -0.002067 -0.002908 0.004170 -0.012199 -0.000275 0.999917
1718924314.851417303 0.004764 -0.002044 -0.003051 0.004079 -0.012229 -0.000367 0.999917
1718924314.856405020 0.004794 -0.002041 -0.003069 0.004082 -0.012228 -0.000369 0.999917
1718924314.861446857 0.004824 -0.002037 -0.003087 0.004083 -0.012231 -0.000365 0.999917
1718924314.866455317 0.004855 -0.002035 -0.003105 0.004087 -0.012238 -0.000356 0.999917
1718924314.871398926 0.004885 -0.002032 -0.003123 0.004092 -0.012242 -0.000352 0.999917
1718924314.876393318 0.004915 -0.002028 -0.003142 0.004093 -0.012246 -0.000348 0.999917
1718924314.881436825 0.004945 -0.002024 -0.003161 0.004096 -0.012248 -0.000351 0.999917
1718924314.886389971 0.004974 -0.002020 -0.003179 0.004096 -0.012248 -0.000352 0.999917
1718924314.891435623 0.005003 -0.002015 -0.003198 0.004095 -0.012252 -0.000357 0.999916
1718924314.896428347 0.005032 -0.002009 -0.003216 0.004097 -0.012258 -0.000362 0.999916
1718924314.900014162 0.005052 -0.002005 -0.003229 0.004101 -0.012263 -0.000359 0.999916
1718924314.900014162 0.005052 -0.002005 -0.003229 0.004101 -0.012263 -0.000359 0.999916
1718924314.901396513 0.005060 -0.002003 -0.003234 0.004102 -0.012264 -0.000357 0.999916
1718924314.906391382 0.005085 -0.001996 -0.003251 0.004101 -0.012266 -0.000358 0.999916
1718924314.911433935 0.005110 -0.001990 -0.003268 0.004100 -0.012269 -0.000356 0.999916
1718924314.916452885 0.005134 -0.001982 -0.003285 0.004094 -0.012274 -0.000353 0.999916
1718924314.921445847 0.005156 -0.001975 -0.003302 0.004091 -0.012269 -0.000352 0.999916
1718924314.926398516 0.005178 -0.001968 -0.003319 0.004094 -0.012267 -0.000360 0.999916
1718924314.931388617 0.005199 -0.001960 -0.003337 0.004101 -0.012261 -0.000351 0.999916
1718924314.936403275 0.005221 -0.001952 -0.003355 0.004107 -0.012261 -0.000341 0.999916
1718924314.941440821 0.005242 -0.001944 -0.003374 0.004107 -0.012265 -0.000332 0.999916
1718924314.946443558 0.005264 -0.001935 -0.003392 0.004103 -0.012268 -0.000329 0.999916
1718924314.951460361 0.005285 -0.001926 -0.003411 0.004100 -0.012268 -0.000330 0.999916
1718924314.956433773 0.005306 -0.001917 -0.003430 0.004100 -0.012266 -0.000339 0.999916
1718924314.961444616 0.005328 -0.001908 -0.003450 0.004098 -0.012268 -0.000342 0.999916
1718924314.966444969 0.005350 -0.001898 -0.003470 0.004099 -0.012269 -0.000341 0.999916
1718924314.971444368 0.005372 -0.001888 -0.003489 0.004094 -0.012268 -0.000339 0.999916
1718924314.976446629 0.005395 -0.001877 -0.003509 0.004089 -0.012266 -0.000338 0.999916
1718924314.981399298 0.005419 -0.001866 -0.003530 0.004087 -0.012267 -0.000336 0.999916
1718924314.986428738 0.005445 -0.001855 -0.003550 0.004083 -0.012275 -0.000335 0.999916
1718924314.991433144 0.005474 -0.001844 -0.003571 0.004083 -0.012279 -0.000331 0.999916
1718924314.996428967 0.005507 -0.001833 -0.003591 0.004084 -0.012281 -0.000338 0.999916
1718924315.001432657 0.005542 -0.001822 -0.003612 0.004084 -0.012284 -0.000346 0.999916
1718924315.006390095 0.005581 -0.001811 -0.003631 0.004083 -0.012288 -0.000351 0.999916
1718924315.011425018 0.005625 -0.001800 -0.003652 0.004082 -0.012287 -0.000357 0.999916
1718924315.036394835 0.005876 -0.001743 -0.003754 0.004039 -0.012288 -0.000387 0.999916
1718924315.041399240 0.005937 -0.001732 -0.003772 0.004041 -0.012288 -0.000386 0.999916
1718924315.046433210 0.006002 -0.001720 -0.003790 0.004036 -0.012294 -0.000377 0.999916
1718924315.051436901 0.006071 -0.001708 -0.003808 0.004036 -0.012303 -0.000378 0.999916
1718924315.056386948 0.006141 -0.001696 -0.003825 0.004040 -0.012304 -0.000374 0.999916
1718924315.061429024 0.006216 -0.001684 -0.003844 0.004044 -0.012307 -0.000364 0.999916
1718924315.066386700 0.006291 -0.001672 -0.003862 0.004044 -0.012309 -0.000362 0.999916
1718924315.071435928 0.006370 -0.001660 -0.003881 0.004038 -0.012308 -0.000366 0.999916
1718924315.076387644 0.006450 -0.001649 -0.003900 0.004046 -0.012309 -0.000376 0.999916
1718924315.081392288 0.006533 -0.001638 -0.003918 0.004054 -0.012307 -0.000372 0.999916
1718924315.086385965 0.006617 -0.001627 -0.003936 0.004050 -0.012308 -0.000374 0.999916
1718924315.091388702 0.006703 -0.001618 -0.003955 0.004049 -0.012311 -0.000380 0.999916
1718924315.096386909 0.006790 -0.001609 -0.003973 0.004051 -0.012316 -0.000385 0.999916
1718924315.099992990 0.006854 -0.001602 -0.003987 0.004052 -0.012315 -0.000386 0.999916
1718924315.099992990 0.006854 -0.001602 -0.003987 0.004052 -0.012315 -0.000386 0.999916
1718924315.101394415 0.006878 -0.001599 -0.003991 0.004053 -0.012314 -0.000387 0.999916
1718924315.106386423 0.006966 -0.001590 -0.004006 0.004049 -0.012309 -0.000387 0.999916
1718924315.111381054 0.007055 -0.001580 -0.004020 0.004044 -0.012310 -0.000394 0.999916
1718924315.116389751 0.007146 -0.001570 -0.004036 0.004043 -0.012315 -0.000404 0.999916
1718924315.161403656 0.008006 -0.001461 -0.004196 0.003953 -0.012284 -0.000401 0.999917
1718924315.166391850 0.008108 -0.001446 -0.004215 0.003952 -0.012285 -0.000410 0.999917
1718924315.171395779 0.008214 -0.001431 -0.004234 0.003954 -0.012290 -0.000414 0.999917
1718924315.176393270 0.008321 -0.001414 -0.004253 0.003958 -0.012295 -0.000414 0.999916
1718924315.181436777 0.008431 -0.001396 -0.004273 0.003955 -0.012301 -0.000408 0.999916
1718924315.186400890 0.008541 -0.001378 -0.004292 0.003951 -0.012307 -0.000402 0.999916
1718924315.191409111 0.008653 -0.001359 -0.004311 0.003959 -0.012311 -0.000397 0.999916
1718924315.196434975 0.008767 -0.001340 -0.004330 0.003966 -0.012310 -0.000399 0.999916
1718924315.199988127 0.008849 -0.001325 -0.004344 0.003968 -0.012311 -0.000390 0.999916
1718924315.199988127 0.008849 -0.001325 -0.004344 0.003968 -0.012311 -0.000390 0.999916
1718924315.201408148 0.008881 -0.001320 -0.004349 0.003968 -0.012312 -0.000386 0.999916
1718924315.206392050 0.008995 -0.001299 -0.004367 0.003970 -0.012313 -0.000373 0.999916
1718924315.211387157 0.009110 -0.001278 -0.004385 0.003969 -0.012315 -0.000369 0.999916
1718924315.216416121 0.009225 -0.001256 -0.004403 0.003967 -0.012320 -0.000370 0.999916
1718924315.221414089 0.009341 -0.001234 -0.004420 0.003969 -0.012328 -0.000372 0.999916
1718924315.226410151 0.009460 -0.001212 -0.004437 0.003967 -0.012338 -0.000370 0.999916
1718924315.231420040 0.009580 -0.001190 -0.004454 0.003958 -0.012349 -0.000363 0.999916
1718924315.236409664 0.009702 -0.001168 -0.004470 0.003949 -0.012356 -0.000345 0.999916
1718924315.241397858 0.009831 -0.001145 -0.004485 0.003952 -0.012361 -0.000332 0.999916
1718924315.246438742 0.009972 -0.001123 -0.004498 0.003949 -0.012374 -0.000330 0.999916
1718924315.251396894 0.010122 -0.001101 -0.004511 0.003935 -0.012393 -0.000331 0.999915
1718924315.256402493 0.010287 -0.001079 -0.004524 0.003931 -0.012407 -0.000335 0.999915
1718924315.261397839 0.010466 -0.001057 -0.004538 0.003936 -0.012410 -0.000341 0.999915
1718924315.266394854 0.010659 -0.001034 -0.004554 0.003927 -0.012402 -0.000348 0.999915
1718924315.271403313 0.010868 -0.001012 -0.004571 0.003908 -0.012392 -0.000362 0.999916
1718924315.276408434 0.011096 -0.000991 -0.004588 0.003901 -0.012388 -0.000390 0.999916
1718924315.281410933 0.011340 -0.000969 -0.004607 0.003889 -0.012394 -0.000414 0.999916
1718924315.286393642 0.011598 -0.000947 -0.004626 0.003873 -0.012398 -0.000437 0.999916
1718924315.291395903 0.011870 -0.000923 -0.004645 0.003871 -0.012408 -0.000467 0.999915
1718924315.296390533 0.012157 -0.000899 -0.004661 0.003878 -0.012425 -0.000496 0.999915
1718924315.299983978 0.012373 -0.000882 -0.004671 0.003871 -0.012439 -0.000513 0.999915
1718924315.299983978 0.012373 -0.000882 -0.004671 0.003871 -0.012439 -0.000513 0.999915
1718924315.301384687 0.012459 -0.000875 -0.004674 0.003870 -0.012444 -0.000519 0.999915
1718924315.306397200 0.012779 -0.000849 -0.004683 0.003847 -0.012454 -0.000545 0.999915
1718924315.311386347 0.013113 -0.000823 -0.004691 0.003825 -0.012459 -0.000578 0.999915
1718924315.356385946 0.016968 -0.000527 -0.004695 0.003802 -0.012428 -0.000589 0.999915
1718924315.361434937 0.017499 -0.000488 -0.004687 0.003806 -0.012428 -0.000567 0.999915
1718924315.366387844 0.018037 -0.000449 -0.004678 0.003809 -0.012435 -0.000546 0.999915
1718924315.371395588 0.018598 -0.000410 -0.004671 0.003802 -0.012436 -0.000513 0.999915
1718924315.376455545 0.019181 -0.000372 -0.004665 0.003799 -0.012446 -0.000477 0.999915
1718924315.381440639 0.019773 -0.000334 -0.004660 0.003800 -0.012465 -0.000436 0.999915
1718924315.386423588 0.020380 -0.000298 -0.004654 0.003793 -0.012483 -0.000389 0.999915
1718924315.391424894 0.021007 -0.000263 -0.004647 0.003784 -0.012496 -0.000332 0.999915
1718924315.396422625 0.021648 -0.000229 -0.004640 0.003783 -0.012507 -0.000286 0.999915
1718924315.399984121 0.022114 -0.000205 -0.004635 0.003785 -0.012516 -0.000255 0.999914
1718924315.399984121 0.022114 -0.000205 -0.004635 0.003785 -0.012516 -0.000255 0.999914
1718924315.401422501 0.022303 -0.000196 -0.004632 0.003786 -0.012520 -0.000243 0.999914
1718924315.406385660 0.022968 -0.000164 -0.004624 0.003785 -0.012530 -0.000202 0.999914
1718924315.411377907 0.023652 -0.000134 -0.004616 0.003782 -0.012539 -0.000164 0.999914
1718924315.416477203 0.024365 -0.000104 -0.004608 0.003779 -0.012547 -0.000123 0.999914
1718924315.421399832 0.025067 -0.000077 -0.004602 0.003772 -0.012549 -0.000092 0.999914
1718924315.426462889 0.025800 -0.000052 -0.004595 0.003759 -0.012553 -0.000072 0.999914
1718924315.431467772 0.026536 -0.000028 -0.004589 0.003746 -0.012557 -0.000064 0.999914
1718924315.436452866 0.027282 -0.000005 -0.004584 0.003736 -0.012562 -0.000050 0.999914
1718924315.441433907 0.028037 0.000017 -0.004579 0.003726 -0.012564 -0.000042 0.999914
1718924315.446439266 0.028804 0.000039 -0.004574 0.003710 -0.012562 -0.000058 0.999914
1718924315.451401234 0.029572 0.000062 -0.004568 0.003693 -0.012555 -0.000089 0.999914
1718924315.456393719 0.030355 0.000088 -0.004563 0.003674 -0.012555 -0.000124 0.999914
1718924315.461397648 0.031146 0.000114 -0.004556 0.003648 -0.012566 -0.000167 0.999914
1718924315.466435671 0.031951 0.000142 -0.004549 0.003621 -0.012577 -0.000223 0.999914
1718924315.471427917 0.032755 0.000171 -0.004542 0.003603 -0.012587 -0.000283 0.999914
1718924315.476396322 0.033563 0.000203 -0.004537 0.003591 -0.012591 -0.000349 0.999914
1718924315.481394768 0.034384 0.000239 -0.004535 0.003575 -0.012593 -0.000407 0.999914
1718924315.486387730 0.035212 0.000277 -0.004533 0.003561 -0.012597 -0.000459 0.999914
1718924315.491398573 0.036051 0.000319 -0.004533 0.003551 -0.012599 -0.000518 0.999914
1718924315.496386051 0.036892 0.000364 -0.004532 0.003531 -0.012602 -0.000582 0.999914
1718924315.499979973 0.037503 0.000399 -0.004531 0.003517 -0.012603 -0.000623 0.999914
1718924315.499979973 0.037503 0.000399 -0.004531 0.003517 -0.012603 -0.000623 0.999914
1718924315.501382589 0.037742 0.000412 -0.004530 0.003513 -0.012604 -0.000639 0.999914
1718924315.506386518 0.038599 0.000463 -0.004524 0.003497 -0.012602 -0.000692 0.999914
1718924315.511383057 0.039463 0.000517 -0.004517 0.003473 -0.012605 -0.000746 0.999914
1718924315.566437006 0.049333 0.000986 -0.004396 0.003262 -0.012599 -0.000464 0.999915
1718924315.591387272 0.054020 0.001120 -0.004348 0.003181 -0.012574 -0.000423 0.999916
1718924315.596437931 0.054985 0.001141 -0.004344 0.003170 -0.012570 -0.000397 0.999916
1718924315.599982023 0.055666 0.001154 -0.004342 0.003164 -0.012573 -0.000381 0.999916
1718924315.599982023 0.055666 0.001154 -0.004342 0.003164 -0.012573 -0.000381 0.999916
1718924315.601427555 0.055944 0.001159 -0.004341 0.003161 -0.012575 -0.000375 0.999916
1718924315.606387615 0.056903 0.001175 -0.004338 0.003151 -0.012587 -0.000363 0.999916
1718924315.611382246 0.057874 0.001188 -0.004335 0.003142 -0.012600 -0.000358 0.999916
1718924315.616437912 0.058865 0.001198 -0.004331 0.003132 -0.012614 -0.000363 0.999915
1718924315.621400356 0.059844 0.001205 -0.004327 0.003112 -0.012629 -0.000379 0.999915
1718924315.626440763 0.060845 0.001210 -0.004321 0.003090 -0.012638 -0.000398 0.999915
1718924315.631469727 0.061849 0.001213 -0.004315 0.003075 -0.012649 -0.000422 0.999915
1718924315.636434078 0.062845 0.001214 -0.004309 0.003066 -0.012651 -0.000447 0.999915
1718924315.641432762 0.063853 0.001213 -0.004301 0.003073 -0.012644 -0.000477 0.999915
1718924315.646415949 0.064864 0.001211 -0.004290 0.003097 -0.012632 -0.000519 0.999915
1718924315.651394367 0.065881 0.001209 -0.004276 0.003128 -0.012613 -0.000561 0.999915
1718924315.656386852 0.066907 0.001205 -0.004261 0.003147 -0.012603 -0.000594 0.999915
1718924315.661396027 0.067942 0.001201 -0.004245 0.003151 -0.012603 -0.000616 0.999915
1718924315.666441679 0.068991 0.001196 -0.004232 0.003148 -0.012609 -0.000628 0.999915
1718924315.671462059 0.070040 0.001191 -0.004223 0.003134 -0.012620 -0.000639 0.999915
1718924315.676397324 0.071077 0.001188 -0.004220 0.003125 -0.012633 -0.000644 0.999915
1718924315.681426287 0.072139 0.001187 -0.004220 0.003130 -0.012652 -0.000638 0.999915
1718924315.686421871 0.073200 0.001188 -0.004223 0.003136 -0.012675 -0.000617 0.999915
1718924315.691421509 0.074268 0.001192 -0.004227 0.003150 -0.012690 -0.000593 0.999914
1718924315.696383953 0.075332 0.001197 -0.004229 0.003155 -0.012692 -0.000564 0.999914
1718924315.699909925 0.076091 0.001202 -0.004229 0.003151 -0.012682 -0.000534 0.999914
1718924315.699909925 0.076091 0.001202 -0.004229 0.003151 -0.012682 -0.000534 0.999914
1718924315.701419353 0.076416 0.001205 -0.004228 0.003150 -0.012678 -0.000520 0.999915
1718924315.706386566 0.077488 0.001216 -0.004222 0.003145 -0.012653 -0.000468 0.999915
1718924315.711383104 0.078570 0.001231 -0.004212 0.003144 -0.012636 -0.000416 0.999915
1718924315.716389656 0.079658 0.001248 -0.004198 0.003143 -0.012632 -0.000369 0.999915
1718924315.766389608 0.090645 0.001365 -0.004061 0.003176 -0.012577 -0.000028 0.999916
1718924315.796386719 0.097298 0.001385 -0.003987 0.003171 -0.012574 -0.000065 0.999916
1718924315.799978018 0.098095 0.001384 -0.003978 0.003174 -0.012576 -0.000066 0.999916
1718924315.799978018 0.098095 0.001384 -0.003978 0.003174 -0.012576 -0.000066 0.999916
1718924315.801379681 0.098405 0.001383 -0.003973 0.003175 -0.012578 -0.000066 0.999916
1718924315.806382179 0.099515 0.001378 -0.003956 0.003179 -0.012582 -0.000063 0.999916
1718924315.811382055 0.100624 0.001370 -0.003935 0.003162 -0.012584 -0.000075 0.999916
1718924315.816399336 0.101737 0.001361 -0.003909 0.003147 -0.012595 -0.000088 0.999916
1718924315.821391582 0.102845 0.001350 -0.003879 0.003140 -0.012616 -0.000097 0.999915
1718924315.826386929 0.103954 0.001338 -0.003847 0.003131 -0.012636 -0.000114 0.999915
1718924315.831455708 0.105079 0.001325 -0.003815 0.003115 -0.012653 -0.000128 0.999915
1718924315.836416245 0.106182 0.001313 -0.003786 0.003102 -0.012671 -0.000142 0.999915
1718924315.841428757 0.107295 0.001301 -0.003761 0.003093 -0.012685 -0.000156 0.999915
1718924315.846428633 0.108406 0.001291 -0.003740 0.003081 -0.012689 -0.000160 0.999915
1718924315.851415634 0.109512 0.001282 -0.003723 0.003061 -0.012685 -0.000162 0.999915
1718924315.856392145 0.110615 0.001277 -0.003709 0.003039 -0.012676 -0.000173 0.999915
1718924315.861391068 0.111720 0.001274 -0.003695 0.003022 -0.012673 -0.000186 0.999915
1718924315.866385460 0.112822 0.001275 -0.003679 0.003007 -0.012676 -0.000182 0.999915
1718924315.871395588 0.113926 0.001279 -0.003661 0.002998 -0.012687 -0.000166 0.999915
1718924315.876409531 0.115027 0.001287 -0.003641 0.002994 -0.012699 -0.000148 0.999915
1718924315.881420612 0.116125 0.001299 -0.003619 0.002984 -0.012706 -0.000130 0.999915
1718924315.886380196 0.117209 0.001313 -0.003597 0.002962 -0.012713 -0.000107 0.999915
1718924315.891375065 0.118298 0.001332 -0.003577 0.002942 -0.012722 -0.000082 0.999915
1718924315.896380186 0.119388 0.001356 -0.003558 0.002925 -0.012729 -0.000053 0.999915
1718924315.900018930 0.120178 0.001375 -0.003546 0.002908 -0.012733 -0.000026 0.999915
1718924315.900018930 0.120178 0.001375 -0.003546 0.002908 -0.012733 -0.000026 0.999915
1718924315.901417732 0.120481 0.001382 -0.003539 0.002901 -0.012734 -0.000016 0.999915
1718924315.906383038 0.121554 0.001411 -0.003518 0.002871 -0.012745 0.000009 0.999915
1718924315.911390781 0.122635 0.001443 -0.003497 0.002844 -0.012756 0.000033 0.999915
1718924315.966438770 0.134379 0.001551 -0.003208 0.002763 -0.012724 0.000155 0.999915
1718924315.971396685 0.135433 0.001536 -0.003183 0.002751 -0.012711 0.000158 0.999915
1718924315.976387739 0.136495 0.001516 -0.003156 0.002733 -0.012706 0.000155 0.999916
1718924315.981371164 0.137558 0.001492 -0.003125 0.002707 -0.012715 0.000146 0.999915
1718924315.986382723 0.138628 0.001464 -0.003092 0.002678 -0.012726 0.000134 0.999915
1718924315.991417408 0.139704 0.001432 -0.003056 0.002655 -0.012737 0.000111 0.999915
1718924315.996381998 0.140764 0.001397 -0.003019 0.002629 -0.012740 0.000083 0.999915
1718924316.001415730 0.141836 0.001359 -0.002980 0.002609 -0.012743 0.000055 0.999915
1718924316.006377935 0.142892 0.001318 -0.002942 0.002591 -0.012750 0.000012 0.999915
1718924316.011420965 0.143962 0.001275 -0.002903 0.002575 -0.012755 -0.000033 0.999915
1718924316.016411066 0.145020 0.001231 -0.002864 0.002566 -0.012764 -0.000073 0.999915
1718924316.021449327 0.146087 0.001186 -0.002824 0.002553 -0.012779 -0.000123 0.999915
1718924316.026423454 0.147137 0.001142 -0.002785 0.002536 -0.012793 -0.000173 0.999915
1718924316.031426907 0.148190 0.001098 -0.002749 0.002522 -0.012803 -0.000226 0.999915
1718924316.036394358 0.149232 0.001055 -0.002715 0.002517 -0.012806 -0.000272 0.999915
1718924316.041403294 0.150280 0.001014 -0.002684 0.002517 -0.012807 -0.000315 0.999915
1718924316.046407938 0.151327 0.000974 -0.002654 0.002516 -0.012802 -0.000359 0.999915
1718924316.051385641 0.152370 0.000936 -0.002626 0.002524 -0.012804 -0.000390 0.999915
1718924316.056378126 0.153417 0.000899 -0.002598 0.002539 -0.012805 -0.000404 0.999915
1718924316.061373949 0.154467 0.000864 -0.002572 0.002553 -0.012797 -0.000416 0.999915
1718924316.066382170 0.155518 0.000830 -0.002547 0.002553 -0.012790 -0.000421 0.999915
1718924316.071377277 0.156567 0.000798 -0.002523 0.002548 -0.012774 -0.000414 0.999915
1718924316.076376677 0.157617 0.000766 -0.002498 0.002546 -0.012759 -0.000403 0.999915
1718924316.081372738 0.158667 0.000735 -0.002472 0.002543 -0.012744 -0.000372 0.999915
1718924316.086379290 0.159723 0.000703 -0.002443 0.002542 -0.012727 -0.000337 0.999916
1718924316.091374874 0.160777 0.000672 -0.002413 0.002538 -0.012716 -0.000304 0.999916
1718924316.096381426 0.161832 0.000642 -0.002383 0.002533 -0.012707 -0.000268 0.999916
1718924316.099987030 0.162591 0.000620 -0.002362 0.002535 -0.012699 -0.000244 0.999916
1718924316.099987030 0.162591 0.000620 -0.002362 0.002535 -0.012699 -0.000244 0.999916
1718924316.101377249 0.162883 0.000611 -0.002352 0.002536 -0.012695 -0.000235 0.999916
1718924316.106371403 0.163929 0.000580 -0.002318 0.002539 -0.012689 -0.000187 0.999916
1718924316.111375332 0.164977 0.000549 -0.002284 0.002537 -0.012686 -0.000142 0.999916
1718924316.116379976 0.166026 0.000516 -0.002251 0.002534 -0.012681 -0.000103 0.999916
1718924316.171365976 0.177512 0.000114 -0.001912 0.002351 -0.012621 -0.000458 0.999917
1718924316.176378012 0.178556 0.000073 -0.001878 0.002346 -0.012618 -0.000502 0.999918
1718924316.181383371 0.179601 0.000031 -0.001843 0.002343 -0.012619 -0.000537 0.999917
1718924316.186381578 0.180646 -0.000010 -0.001807 0.002349 -0.012620 -0.000565 0.999917
1718924316.191382885 0.181690 -0.000051 -0.001771 0.002352 -0.012625 -0.000595 0.999917
1718924316.196382761 0.182731 -0.000090 -0.001736 0.002344 -0.012621 -0.000628 0.999917
1718924316.199985027 0.183480 -0.000117 -0.001710 0.002335 -0.012616 -0.000656 0.999917
1718924316.199985027 0.183480 -0.000117 -0.001710 0.002335 -0.012616 -0.000656 0.999917
1718924316.201380253 0.183769 -0.000127 -0.001699 0.002330 -0.012614 -0.000667 0.999917
1718924316.206375360 0.184802 -0.000163 -0.001659 0.002315 -0.012617 -0.000700 0.999917
1718924316.211375952 0.185835 -0.000197 -0.001617 0.002309 -0.012624 -0.000727 0.999917
1718924316.216383457 0.186868 -0.000229 -0.001574 0.002306 -0.012633 -0.000745 0.999917
1718924316.221402407 0.187902 -0.000259 -0.001529 0.002312 -0.012642 -0.000759 0.999917
1718924316.226384163 0.188926 -0.000287 -0.001484 0.002319 -0.012644 -0.000773 0.999917
1718924316.231417656 0.189957 -0.000315 -0.001439 0.002324 -0.012643 -0.000780 0.999917
1718924316.236385107 0.190974 -0.000341 -0.001395 0.002327 -0.012647 -0.000778 0.999917
1718924316.241381407 0.191996 -0.000366 -0.001351 0.002332 -0.012654 -0.000780 0.999917
1718924316.246376038 0.193019 -0.000391 -0.001309 0.002329 -0.012661 -0.000777 0.999917
1718924316.251379251 0.194043 -0.000416 -0.001269 0.002321 -0.012667 -0.000767 0.999917
1718924316.256387234 0.195069 -0.000442 -0.001232 0.002315 -0.012680 -0.000750 0.999917
1718924316.261435032 0.196103 -0.000469 -0.001198 0.002308 -0.012684 -0.000720 0.999917
1718924316.266389370 0.197117 -0.000496 -0.001166 0.002295 -0.012688 -0.000695 0.999917
1718924316.271378040 0.198138 -0.000523 -0.001132 0.002280 -0.012692 -0.000674 0.999917
1718924316.276391268 0.199166 -0.000551 -0.001098 0.002268 -0.012696 -0.000647 0.999917
1718924316.281386137 0.200192 -0.000578 -0.001064 0.002253 -0.012701 -0.000623 0.999917
1718924316.286381245 0.201218 -0.000606 -0.001030 0.002227 -0.012697 -0.000598 0.999917
1718924316.291375160 0.202243 -0.000635 -0.000997 0.002205 -0.012697 -0.000577 0.999917
1718924316.296381474 0.203269 -0.000663 -0.000964 0.002187 -0.012701 -0.000555 0.999917
1718924316.299983978 0.204008 -0.000683 -0.000941 0.002182 -0.012703 -0.000544 0.999917
1718924316.299983978 0.204008 -0.000683 -0.000941 0.002182 -0.012703 -0.000544 0.999917
1718924316.301373959 0.204293 -0.000691 -0.000930 0.002181 -0.012703 -0.000540 0.999917
1718924316.306372404 0.205317 -0.000718 -0.000893 0.002187 -0.012710 -0.000529 0.999917
1718924316.311377525 0.206344 -0.000745 -0.000855 0.002201 -0.012713 -0.000535 0.999917
1718924316.316377878 0.207372 -0.000772 -0.000816 0.002215 -0.012716 -0.000544 0.999917
1718924316.366389990 0.217631 -0.000943 -0.000321 0.001932 -0.012723 -0.000645 0.999917
1718924316.371385336 0.218653 -0.000950 -0.000258 0.001903 -0.012722 -0.000660 0.999917
1718924316.376386642 0.219676 -0.000953 -0.000193 0.001868 -0.012727 -0.000672 0.999917
1718924316.381442070 0.220707 -0.000954 -0.000127 0.001840 -0.012730 -0.000681 0.999917
1718924316.386384487 0.221713 -0.000952 -0.000061 0.001824 -0.012734 -0.000685 0.999917
1718924316.391430140 0.222735 -0.000945 0.000005 0.001816 -0.012741 -0.000692 0.999917
1718924316.396415949 0.223741 -0.000935 0.000070 0.001806 -0.012750 -0.000699 0.999917
1718924316.399984837 0.224459 -0.000925 0.000117 0.001796 -0.012755 -0.000705 0.999917
1718924316.399984837 0.224459 -0.000925 0.000117 0.001796 -0.012755 -0.000705 0.999917
1718924316.401419640 0.224746 -0.000920 0.000137 0.001792 -0.012758 -0.000708 0.999917
1718924316.406412125 0.225746 -0.000904 0.000208 0.001772 -0.012763 -0.000715 0.999917
1718924316.411416531 0.226747 -0.000884 0.000280 0.001752 -0.012775 -0.000720 0.999917
1718924316.416392326 0.227742 -0.000861 0.000353 0.001740 -0.012781 -0.000730 0.999917
1718924316.421447277 0.228749 -0.000836 0.000428 0.001729 -0.012789 -0.000737 0.999916
1718924316.426472425 0.229747 -0.000810 0.000501 0.001707 -0.012797 -0.000745 0.999916
1718924316.431403875 0.230725 -0.000782 0.000574 0.001687 -0.012809 -0.000738 0.999916
1718924316.436379671 0.231711 -0.000752 0.000646 0.001668 -0.012818 -0.000733 0.999916
1718924316.441377401 0.232702 -0.000721 0.000717 0.001641 -0.012821 -0.000738 0.999916
1718924316.446378231 0.233692 -0.000689 0.000786 0.001612 -0.012825 -0.000742 0.999916
1718924316.451455832 0.234696 -0.000656 0.000854 0.001581 -0.012833 -0.000747 0.999916
1718924316.456422091 0.235676 -0.000624 0.000919 0.001552 -0.012839 -0.000746 0.999916
1718924316.461420059 0.236661 -0.000592 0.000983 0.001523 -0.012845 -0.000738 0.999916
1718924316.466389894 0.237640 -0.000561 0.001047 0.001509 -0.012851 -0.000728 0.999916
1718924316.471422195 0.238631 -0.000531 0.001113 0.001505 -0.012863 -0.000712 0.999916
1718924316.476482868 0.239627 -0.000503 0.001179 0.001489 -0.012877 -0.000698 0.999916
1718924316.481380939 0.240590 -0.000477 0.001243 0.001480 -0.012894 -0.000692 0.999916
1718924316.486377001 0.241570 -0.000453 0.001306 0.001477 -0.012904 -0.000687 0.999915
1718924316.491373539 0.242548 -0.000432 0.001369 0.001469 -0.012907 -0.000677 0.999915
1718924316.496367931 0.243525 -0.000415 0.001432 0.001460 -0.012903 -0.000668 0.999915
1718924316.499989986 0.244234 -0.000406 0.001477 0.001462 -0.012904 -0.000664 0.999915
1718924316.499989986 0.244234 -0.000406 0.001477 0.001462 -0.012904 -0.000664 0.999915
1718924316.501374006 0.244505 -0.000403 0.001496 0.001463 -0.012903 -0.000663 0.999915
1718924316.506360769 0.245482 -0.000394 0.001564 0.001475 -0.012908 -0.000654 0.999915
1718924316.511374235 0.246466 -0.000391 0.001631 0.001487 -0.012908 -0.000642 0.999915
1718924316.561369658 0.256415 -0.000451 0.002307 0.001562 -0.012884 -0.000901 0.999915
1718924316.566373348 0.257431 -0.000462 0.002375 0.001574 -0.012876 -0.000929 0.999915
1718924316.571412325 0.258459 -0.000474 0.002444 0.001594 -0.012879 -0.000964 0.999915
1718924316.576415062 0.259483 -0.000485 0.002512 0.001614 -0.012876 -0.000985 0.999915
1718924316.581412792 0.260505 -0.000494 0.002581 0.001641 -0.012877 -0.000988 0.999915
1718924316.586367369 0.261518 -0.000502 0.002648 0.001670 -0.012874 -0.000983 0.999915
1718924316.591371059 0.262541 -0.000508 0.002717 0.001695 -0.012871 -0.000983 0.999915
1718924316.596367836 0.263565 -0.000511 0.002786 0.001718 -0.012872 -0.000984 0.999915
1718924316.599992037 0.264310 -0.000512 0.002837 0.001736 -0.012873 -0.000978 0.999915
1718924316.599992037 0.264310 -0.000512 0.002837 0.001736 -0.012873 -0.000978 0.999915
1718924316.601370573 0.264594 -0.000512 0.002857 0.001743 -0.012874 -0.000976 0.999915
1718924316.606370449 0.265624 -0.000510 0.002932 0.001768 -0.012877 -0.000966 0.999915
1718924316.611372948 0.266659 -0.000506 0.003006 0.001785 -0.012887 -0.000948 0.999915
1718924316.616374016 0.267695 -0.000500 0.003080 0.001792 -0.012900 -0.000927 0.999915
1718924316.621390104 0.268736 -0.000490 0.003154 0.001794 -0.012912 -0.000900 0.999915
1718924316.626392126 0.269778 -0.000477 0.003227 0.001793 -0.012932 -0.000873 0.999914
1718924316.631374598 0.270820 -0.000460 0.003300 0.001794 -0.012942 -0.000847 0.999914
1718924316.636375904 0.271870 -0.000439 0.003371 0.001792 -0.012950 -0.000813 0.999914
1718924316.641390324 0.272926 -0.000414 0.003441 0.001792 -0.012956 -0.000785 0.999914
1718924316.646381617 0.273979 -0.000386 0.003508 0.001793 -0.012963 -0.000752 0.999914
1718924316.651376486 0.275035 -0.000355 0.003574 0.001797 -0.012970 -0.000723 0.999914
1718924316.656374454 0.276094 -0.000320 0.003639 0.001794 -0.012980 -0.000698 0.999914
1718924316.661374331 0.277156 -0.000282 0.003704 0.001790 -0.012989 -0.000675 0.999914
1718924316.666385651 0.278223 -0.000240 0.003771 0.001788 -0.013000 -0.000660 0.999914
1718924316.671372890 0.279285 -0.000197 0.003838 0.001788 -0.013017 -0.000658 0.999913
1718924316.676383495 0.280351 -0.000152 0.003906 0.001786 -0.013033 -0.000653 0.999913
1718924316.681395054 0.281417 -0.000106 0.003974 0.001771 -0.013044 -0.000656 0.999913
1718924316.686383963 0.282478 -0.000059 0.004042 0.001754 -0.013053 -0.000669 0.999913
1718924316.691457272 0.283560 -0.000009 0.004110 0.001737 -0.013068 -0.000689 0.999913
1718924316.696374893 0.284611 0.000040 0.004175 0.001718 -0.013089 -0.000708 0.999913
1718924316.699987888 0.285385 0.000076 0.004222 0.001700 -0.013098 -0.000724 0.999913
1718924316.699987888 0.285385 0.000076 0.004222 0.001700 -0.013098 -0.000724 0.999913
1718924316.701386690 0.285684 0.000091 0.004242 0.001694 -0.013101 -0.000729 0.999912
1718924316.706376791 0.286752 0.000143 0.004312 0.001664 -0.013104 -0.000752 0.999912
1718924316.711414337 0.287830 0.000196 0.004383 0.001628 -0.013107 -0.000786 0.999912
1718924316.716372490 0.288894 0.000251 0.004453 0.001607 -0.013108 -0.000810 0.999912
1718924316.791412115 0.305309 0.000574 0.005271 0.001606 -0.013311 -0.000239 0.999910
1718924316.796369314 0.306416 0.000560 0.005310 0.001620 -0.013311 -0.000198 0.999910
1718924316.799993992 0.307228 0.000547 0.005338 0.001629 -0.013310 -0.000167 0.999910
1718924316.799993992 0.307228 0.000547 0.005338 0.001629 -0.013310 -0.000167 0.999910
1718924316.801374674 0.307537 0.000541 0.005351 0.001632 -0.013310 -0.000155 0.999910
1718924316.806368828 0.308658 0.000517 0.005396 0.001642 -0.013322 -0.000106 0.999910
1718924316.811413527 0.309794 0.000488 0.005443 0.001653 -0.013329 -0.000043 0.999910
1718924316.816380739 0.310916 0.000454 0.005489 0.001663 -0.013334 0.000017 0.999910
1718924316.821426868 0.312058 0.000414 0.005537 0.001676 -0.013338 0.000070 0.999910
1718924316.826401949 0.313185 0.000371 0.005585 0.001681 -0.013342 0.000125 0.999910
1718924316.831422806 0.314322 0.000322 0.005633 0.001694 -0.013353 0.000184 0.999909
1718924316.836373329 0.315443 0.000271 0.005682 0.001717 -0.013370 0.000235 0.999909
1718924316.841371536 0.316574 0.000217 0.005732 0.001745 -0.013388 0.000276 0.999909
1718924316.846380711 0.317707 0.000158 0.005782 0.001769 -0.013398 0.000307 0.999909
1718924316.851421118 0.318845 0.000096 0.005831 0.001800 -0.013401 0.000325 0.999909
1718924316.856376171 0.319963 0.000032 0.005880 0.001823 -0.013411 0.000333 0.999908
1718924316.861423254 0.321099 -0.000034 0.005930 0.001837 -0.013417 0.000341 0.999908
1718924316.866372108 0.322212 -0.000099 0.005980 0.001836 -0.013425 0.000334 0.999908
1718924316.871450424 0.323356 -0.000167 0.006034 0.001823 -0.013443 0.000320 0.999908
1718924316.876379728 0.324466 -0.000232 0.006087 0.001811 -0.013460 0.000298 0.999908
1718924316.881378412 0.325590 -0.000296 0.006143 0.001809 -0.013470 0.000278 0.999908
1718924316.886355400 0.326707 -0.000358 0.006198 0.001800 -0.013472 0.000252 0.999908
1718924316.891371012 0.327830 -0.000417 0.006252 0.001789 -0.013476 0.000221 0.999908
1718924316.896363020 0.328946 -0.000472 0.006305 0.001779 -0.013483 0.000198 0.999908
1718924316.900007010 0.329760 -0.000509 0.006342 0.001772 -0.013486 0.000176 0.999907
1718924316.900007010 0.329760 -0.000509 0.006342 0.001772 -0.013486 0.000176 0.999907
1718924316.901377439 0.330065 -0.000523 0.006356 0.001769 -0.013486 0.000167 0.999907
1718924316.906368256 0.331172 -0.000568 0.006408 0.001763 -0.013492 0.000124 0.999907
1718924316.911413431 0.332288 -0.000608 0.006459 0.001763 -0.013502 0.000086 0.999907
1718924316.951376915 0.341101 -0.000822 0.006750 0.001710 -0.013492 0.000190 0.999907
1718924316.956373453 0.342227 -0.000836 0.006774 0.001706 -0.013494 0.000211 0.999907
1718924316.961374998 0.343356 -0.000848 0.006793 0.001703 -0.013492 0.000241 0.999908
1718924316.966367483 0.344484 -0.000858 0.006807 0.001701 -0.013487 0.000270 0.999908
1718924316.971373796 0.345615 -0.000869 0.006819 0.001705 -0.013477 0.000296 0.999908
1718924316.976367474 0.346746 -0.000879 0.006830 0.001703 -0.013461 0.000319 0.999908
1718924316.981376410 0.347882 -0.000891 0.006842 0.001704 -0.013448 0.000345 0.999908
1718924316.986363411 0.349017 -0.000903 0.006855 0.001708 -0.013444 0.000372 0.999908
1718924316.991368055 0.350158 -0.000917 0.006869 0.001715 -0.013453 0.000396 0.999908
1718924316.996374130 0.351299 -0.000933 0.006884 0.001730 -0.013459 0.000420 0.999908
1718924317.001370907 0.352437 -0.000951 0.006901 0.001742 -0.013467 0.000439 0.999908
1718924317.006405830 0.353582 -0.000972 0.006920 0.001755 -0.013470 0.000455 0.999908
1718924317.011401653 0.354718 -0.000997 0.006942 0.001772 -0.013473 0.000460 0.999908
1718924317.016380787 0.355851 -0.001025 0.006964 0.001786 -0.013480 0.000451 0.999907
1718924317.021405220 0.356997 -0.001057 0.006987 0.001794 -0.013495 0.000447 0.999907
1718924317.026381493 0.358133 -0.001092 0.007010 0.001791 -0.013512 0.000447 0.999907
1718924317.031411648 0.359280 -0.001129 0.007032 0.001776 -0.013526 0.000436 0.999907
1718924317.036370993 0.360413 -0.001169 0.007054 0.001757 -0.013535 0.000409 0.999907
1718924317.041389465 0.361561 -0.001210 0.007077 0.001738 -0.013543 0.000387 0.999907
1718924317.046412706 0.362710 -0.001252 0.007100 0.001727 -0.013549 0.000370 0.999907
1718924317.051366568 0.363843 -0.001293 0.007124 0.001720 -0.013553 0.000347 0.999907
1718924317.056368589 0.364985 -0.001335 0.007149 0.001720 -0.013561 0.000319 0.999907
1718924317.061376333 0.366124 -0.001375 0.007175 0.001715 -0.013569 0.000294 0.999906
1718924317.066362143 0.367256 -0.001414 0.007201 0.001705 -0.013572 0.000266 0.999906
1718924317.071365595 0.368388 -0.001450 0.007228 0.001695 -0.013575 0.000237 0.999906
1718924317.076363802 0.369516 -0.001485 0.007256 0.001688 -0.013577 0.000205 0.999906
1718924317.081373215 0.370642 -0.001518 0.007285 0.001687 -0.013586 0.000181 0.999906
1718924317.086362839 0.371760 -0.001548 0.007315 0.001696 -0.013595 0.000161 0.999906
1718924317.091365576 0.372876 -0.001577 0.007345 0.001712 -0.013601 0.000139 0.999906
1718924317.096363068 0.373989 -0.001604 0.007375 0.001733 -0.013611 0.000121 0.999906
1718924317.099992275 0.374797 -0.001622 0.007397 0.001744 -0.013616 0.000111 0.999906
1718924317.099992275 0.374797 -0.001622 0.007397 0.001744 -0.013616 0.000111 0.999906
1718924317.101367474 0.375103 -0.001629 0.007408 0.001749 -0.013618 0.000107 0.999906
1718924317.106362820 0.376215 -0.001652 0.007447 0.001743 -0.013627 0.000101 0.999906
1718924317.111359358 0.377327 -0.001674 0.007483 0.001729 -0.013639 0.000101 0.999905
1718924317.116372347 0.378442 -0.001694 0.007515 0.001720 -0.013646 0.000104 0.999905
1718924317.199991226 0.397273 -0.002099 0.007530 0.001646 -0.013479 0.000211 0.999908
1718924317.199991226 0.397273 -0.002099 0.007530 0.001646 -0.013479 0.000211 0.999908
1718924317.211360455 0.399841 -0.002155 0.007458 0.001638 -0.013438 0.000226 0.999908
1718924317.216375589 0.400981 -0.002184 0.007418 0.001643 -0.013427 0.000228 0.999908
1718924317.221368313 0.402118 -0.002212 0.007376 0.001645 -0.013418 0.000233 0.999909
1718924317.226449013 0.403276 -0.002239 0.007330 0.001643 -0.013407 0.000239 0.999909
1718924317.231448889 0.404413 -0.002264 0.007285 0.001626 -0.013400 0.000245 0.999909
1718924317.236441374 0.405545 -0.002286 0.007240 0.001598 -0.013392 0.000250 0.999909
1718924317.241369963 0.406660 -0.002306 0.007198 0.001581 -0.013382 0.000253 0.999909
1718924317.246373653 0.407791 -0.002322 0.007158 0.001585 -0.013382 0.000254 0.999909
1718924317.251368761 0.408922 -0.002334 0.007122 0.001597 -0.013381 0.000247 0.999909
1718924317.256372690 0.410053 -0.002343 0.007087 0.001617 -0.013380 0.000233 0.999909
1718924317.261419535 0.411191 -0.002349 0.007054 0.001642 -0.013372 0.000225 0.999909
1718924317.266412020 0.412314 -0.002350 0.007022 0.001659 -0.013364 0.000223 0.999909
1718924317.271422863 0.413442 -0.002349 0.006991 0.001658 -0.013360 0.000234 0.999909
1718924317.276416302 0.414568 -0.002345 0.006960 0.001644 -0.013362 0.000247 0.999909
1718924317.281437635 0.415703 -0.002338 0.006927 0.001625 -0.013360 0.000250 0.999909
1718924317.286367178 0.416819 -0.002329 0.006892 0.001612 -0.013349 0.000244 0.999910
1718924317.291411400 0.417961 -0.002317 0.006854 0.001601 -0.013339 0.000247 0.999910
1718924317.296364784 0.419082 -0.002304 0.006813 0.001599 -0.013329 0.000256 0.999910
1718924317.299991131 0.419905 -0.002293 0.006783 0.001601 -0.013328 0.000266 0.999910
1718924317.299991131 0.419905 -0.002293 0.006783 0.001601 -0.013328 0.000266 0.999910
1718924317.301366806 0.420219 -0.002290 0.006773 0.001602 -0.013329 0.000270 0.999910
1718924317.306366444 0.421363 -0.002276 0.006735 0.001603 -0.013338 0.000279 0.999910
1718924317.311362505 0.422505 -0.002261 0.006696 0.001596 -0.013342 0.000287 0.999910
1718924317.366414070 0.435239 -0.002212 0.006218 0.001418 -0.013349 0.000126 0.999910
1718924317.371382475 0.436403 -0.002219 0.006170 0.001412 -0.013352 0.000121 0.999910
1718924317.376389265 0.437575 -0.002226 0.006121 0.001410 -0.013343 0.000120 0.999910
1718924317.381385803 0.438744 -0.002234 0.006073 0.001419 -0.013330 0.000124 0.999910
1718924317.386368513 0.439909 -0.002243 0.006025 0.001437 -0.013319 0.000126 0.999910
1718924317.391351938 0.441076 -0.002252 0.005980 0.001454 -0.013307 0.000129 0.999910
1718924317.396365404 0.442251 -0.002262 0.005937 0.001461 -0.013303 0.000140 0.999910
1718924317.399995327 0.443102 -0.002269 0.005905 0.001464 -0.013296 0.000150 0.999911
1718924317.399995327 0.443102 -0.002269 0.005905 0.001464 -0.013296 0.000150 0.999911
1718924317.401362896 0.443416 -0.002275 0.005895 0.001464 -0.013291 0.000154 0.999911
1718924317.406366348 0.444549 -0.002303 0.005858 0.001471 -0.013269 0.000175 0.999911
1718924317.411354542 0.445674 -0.002332 0.005819 0.001485 -0.013253 0.000202 0.999911
1718924317.416392088 0.446806 -0.002361 0.005780 0.001504 -0.013230 0.000222 0.999911
1718924317.421387672 0.447930 -0.002392 0.005742 0.001526 -0.013208 0.000236 0.999912
1718924317.426403522 0.449058 -0.002422 0.005704 0.001545 -0.013190 0.000249 0.999912
1718924317.431395769 0.450181 -0.002452 0.005667 0.001556 -0.013181 0.000279 0.999912
1718924317.436387062 0.451301 -0.002481 0.005633 0.001549 -0.013172 0.000313 0.999912
1718924317.441376686 0.452420 -0.002511 0.005600 0.001532 -0.013159 0.000351 0.999912
1718924317.446371078 0.453541 -0.002540 0.005568 0.001519 -0.013143 0.000393 0.999912
1718924317.451386929 0.454667 -0.002569 0.005535 0.001512 -0.013125 0.000421 0.999913
1718924317.456366539 0.455787 -0.002596 0.005500 0.001508 -0.013107 0.000449 0.999913
1718924317.461385489 0.456913 -0.002621 0.005461 0.001504 -0.013083 0.000472 0.999913
1718924317.466408491 0.458037 -0.002644 0.005418 0.001499 -0.013061 0.000491 0.999913
1718924317.471415043 0.459154 -0.002663 0.005372 0.001498 -0.013047 0.000509 0.999914
1718924317.476380587 0.460260 -0.002680 0.005324 0.001494 -0.013033 0.000525 0.999914
1718924317.481419802 0.461383 -0.002694 0.005276 0.001488 -0.013024 0.000540 0.999914
1718924317.486369371 0.462486 -0.002704 0.005229 0.001481 -0.013019 0.000553 0.999914
1718924317.491396904 0.463603 -0.002711 0.005181 0.001479 -0.013008 0.000564 0.999914
1718924317.496360302 0.464703 -0.002716 0.005134 0.001478 -0.012993 0.000578 0.999914
1718924317.499980211 0.465507 -0.002715 0.005101 0.001474 -0.012981 0.000588 0.999914
1718924317.499980211 0.465507 -0.002715 0.005101 0.001474 -0.012981 0.000588 0.999914
1718924317.501354456 0.465821 -0.002709 0.005090 0.001474 -0.012980 0.000592 0.999914
1718924317.506400108 0.466973 -0.002687 0.005053 0.001470 -0.012981 0.000585 0.999914
1718924317.511396885 0.468117 -0.002662 0.005017 0.001460 -0.012984 0.000563 0.999914
1718924317.561365366 0.479658 -0.002332 0.004696 0.001337 -0.012894 0.000377 0.999916
1718924317.566372156 0.480828 -0.002292 0.004662 0.001331 -0.012887 0.000352 0.999916
1718924317.571423531 0.482009 -0.002249 0.004627 0.001336 -0.012888 0.000331 0.999916
1718924317.576369762 0.483165 -0.002206 0.004595 0.001345 -0.012887 0.000326 0.999916
1718924317.581371546 0.484332 -0.002162 0.004563 0.001359 -0.012880 0.000329 0.999916
1718924317.586359501 0.485493 -0.002119 0.004534 0.001377 -0.012875 0.000336 0.999916
1718924317.591355085 0.486655 -0.002078 0.004507 0.001384 -0.012881 0.000346 0.999916
1718924317.596359968 0.487821 -0.002040 0.004483 0.001383 -0.012893 0.000360 0.999916
1718924317.599990129 0.488667 -0.002014 0.004466 0.001379 -0.012905 0.000377 0.999916
1718924317.599990129 0.488667 -0.002014 0.004466 0.001379 -0.012905 0.000377 0.999916
1718924317.601395369 0.488994 -0.002005 0.004461 0.001377 -0.012909 0.000383 0.999916
1718924317.606402874 0.490159 -0.001974 0.004442 0.001374 -0.012922 0.000425 0.999915
1718924317.611407042 0.491320 -0.001948 0.004419 0.001380 -0.012930 0.000480 0.999915
1718924317.616380930 0.492472 -0.001926 0.004393 0.001390 -0.012935 0.000529 0.999915
1718924317.621426105 0.493641 -0.001908 0.004363 0.001407 -0.012931 0.000576 0.999915
1718924317.626423359 0.494800 -0.001895 0.004330 0.001429 -0.012921 0.000629 0.999915
1718924317.631428957 0.495964 -0.001887 0.004294 0.001441 -0.012917 0.000688 0.999915
1718924317.636421204 0.497124 -0.001885 0.004257 0.001443 -0.012913 0.000749 0.999915
1718924317.641380548 0.498274 -0.001887 0.004219 0.001441 -0.012912 0.000798 0.999915
1718924317.646364689 0.499430 -0.001894 0.004181 0.001450 -0.012910 0.000849 0.999915
1718924317.651366234 0.500589 -0.001905 0.004143 0.001473 -0.012906 0.000895 0.999915
1718924317.656407118 0.501758 -0.001920 0.004107 0.001508 -0.012900 0.000919 0.999915
1718924317.661393404 0.502914 -0.001940 0.004073 0.001542 -0.012892 0.000931 0.999915
1718924317.666368246 0.504065 -0.001964 0.004039 0.001574 -0.012878 0.000944 0.999915
1718924317.671414137 0.505230 -0.001991 0.004005 0.001605 -0.012863 0.000955 0.999916
1718924317.676370382 0.506372 -0.002021 0.003973 0.001626 -0.012853 0.000951 0.999916
1718924317.681363821 0.507525 -0.002053 0.003943 0.001626 -0.012841 0.000946 0.999916
1718924317.686359167 0.508679 -0.002086 0.003916 0.001618 -0.012837 0.000931 0.999916
1718924317.691357851 0.509833 -0.002119 0.003889 0.001612 -0.012842 0.000905 0.999916
1718924317.696360111 0.510987 -0.002151 0.003863 0.001609 -0.012841 0.000876 0.999916
1718924317.699901342 0.511802 -0.002173 0.003843 0.001606 -0.012839 0.000848 0.999916
1718924317.699901342 0.511802 -0.002173 0.003843 0.001606 -0.012839 0.000848 0.999916
1718924317.701364517 0.512138 -0.002181 0.003836 0.001604 -0.012839 0.000837 0.999916
1718924317.706362963 0.513285 -0.002207 0.003813 0.001603 -0.012840 0.000800 0.999916
1718924317.711379290 0.514437 -0.002228 0.003788 0.001604 -0.012834 0.000749 0.999916
1718924317.716364861 0.515583 -0.002244 0.003762 0.001597 -0.012829 0.000696 0.999916
1718924317.761408567 0.525632 -0.002239 0.003489 0.001726 -0.012688 0.000635 0.999918
1718924317.766411781 0.526717 -0.002222 0.003449 0.001738 -0.012691 0.000649 0.999918
1718924317.771398306 0.527795 -0.002202 0.003407 0.001749 -0.012700 0.000675 0.999918
1718924317.776410580 0.528877 -0.002180 0.003363 0.001766 -0.012705 0.000703 0.999917
1718924317.781424999 0.529956 -0.002156 0.003318 0.001781 -0.012699 0.000736 0.999918
1718924317.786405325 0.531022 -0.002133 0.003273 0.001801 -0.012686 0.000768 0.999918
1718924317.791357517 0.532078 -0.002111 0.003227 0.001817 -0.012672 0.000791 0.999918
1718924317.796384573 0.533145 -0.002090 0.003181 0.001830 -0.012660 0.000820 0.999918
1718924317.799991131 0.533908 -0.002076 0.003149 0.001843 -0.012660 0.000847 0.999918
1718924317.799991131 0.533908 -0.002076 0.003149 0.001843 -0.012660 0.000847 0.999918
1718924317.801395655 0.534205 -0.002072 0.003138 0.001849 -0.012660 0.000858 0.999918
1718924317.806366205 0.535257 -0.002057 0.003100 0.001867 -0.012661 0.000888 0.999918
1718924317.811359406 0.536311 -0.002047 0.003060 0.001891 -0.012656 0.000907 0.999918
1718924317.816427708 0.537375 -0.002041 0.003016 0.001915 -0.012651 0.000930 0.999918
1718924317.821417570 0.538417 -0.002041 0.002971 0.001939 -0.012644 0.000940 0.999918
1718924317.826464653 0.539467 -0.002048 0.002923 0.001963 -0.012632 0.000952 0.999918
1718924317.831380129 0.540487 -0.002060 0.002878 0.001984 -0.012628 0.000962 0.999918
1718924317.836361647 0.541523 -0.002079 0.002834 0.002007 -0.012635 0.000961 0.999918
1718924317.841380596 0.542568 -0.002102 0.002792 0.002019 -0.012641 0.000950 0.999918
1718924317.846360922 0.543603 -0.002130 0.002752 0.002021 -0.012646 0.000942 0.999918
1718924317.851372480 0.544642 -0.002162 0.002714 0.002023 -0.012643 0.000931 0.999918
1718924317.856365919 0.545673 -0.002196 0.002676 0.002029 -0.012633 0.000912 0.999918
1718924317.861413240 0.546714 -0.002232 0.002639 0.002040 -0.012628 0.000893 0.999918
1718924317.866411924 0.547744 -0.002270 0.002605 0.002052 -0.012631 0.000867 0.999918
1718924317.871374369 0.548767 -0.002307 0.002572 0.002069 -0.012636 0.000830 0.999918
1718924317.876423359 0.549805 -0.002345 0.002537 0.002083 -0.012640 0.000800 0.999918
1718924317.881378174 0.550820 -0.002380 0.002502 0.002094 -0.012643 0.000768 0.999918
1718924317.886364460 0.551836 -0.002411 0.002465 0.002100 -0.012642 0.000738 0.999918
1718924317.891359329 0.552851 -0.002439 0.002426 0.002100 -0.012641 0.000715 0.999918
1718924317.896362066 0.553865 -0.002462 0.002387 0.002097 -0.012644 0.000691 0.999918
1718924317.900009155 0.554604 -0.002476 0.002359 0.002103 -0.012642 0.000682 0.999918
1718924317.900009155 0.554604 -0.002476 0.002359 0.002103 -0.012642 0.000682 0.999918
1718924317.901358843 0.554876 -0.002480 0.002350 0.002105 -0.012641 0.000678 0.999918
1718924317.906395197 0.555887 -0.002494 0.002317 0.002139 -0.012625 0.000662 0.999918
1718924317.911357880 0.556878 -0.002501 0.002288 0.002183 -0.012611 0.000647 0.999918
1718924317.966362000 0.567746 -0.002640 0.001975 0.002382 -0.012640 0.001305 0.999916
1718924317.971362591 0.568746 -0.002650 0.001943 0.002392 -0.012651 0.001358 0.999916
1718924317.976367474 0.569745 -0.002660 0.001909 0.002396 -0.012652 0.001402 0.999916
1718924317.981359959 0.570738 -0.002670 0.001872 0.002400 -0.012649 0.001448 0.999916
1718924317.986360788 0.571733 -0.002683 0.001832 0.002421 -0.012643 0.001487 0.999916
1718924317.991394043 0.572736 -0.002698 0.001791 0.002440 -0.012648 0.001521 0.999916
1718924317.996358395 0.573729 -0.002715 0.001751 0.002464 -0.012663 0.001548 0.999916
1718924318.001353264 0.574732 -0.002736 0.001709 0.002492 -0.012675 0.001568 0.999915
1718924318.006360054 0.575737 -0.002759 0.001667 0.002517 -0.012683 0.001582 0.999915
1718924318.011356115 0.576740 -0.002785 0.001625 0.002533 -0.012683 0.001590 0.999915
1718924318.016378164 0.577746 -0.002815 0.001582 0.002546 -0.012683 0.001590 0.999915
1718924318.021364689 0.578745 -0.002848 0.001539 0.002555 -0.012689 0.001581 0.999915
1718924318.026355743 0.579747 -0.002883 0.001498 0.002567 -0.012696 0.001570 0.999915
1718924318.031358480 0.580757 -0.002923 0.001458 0.002566 -0.012705 0.001549 0.999915
1718924318.036356449 0.581767 -0.002965 0.001419 0.002562 -0.012717 0.001526 0.999915
1718924318.041359425 0.582778 -0.003009 0.001380 0.002559 -0.012723 0.001499 0.999915
1718924318.046402216 0.583796 -0.003054 0.001339 0.002556 -0.012717 0.001476 0.999915
1718924318.051358700 0.584795 -0.003099 0.001299 0.002553 -0.012713 0.001448 0.999915
1718924318.056353569 0.585803 -0.003143 0.001259 0.002553 -0.012717 0.001415 0.999915
1718924318.061347961 0.586812 -0.003185 0.001220 0.002557 -0.012727 0.001384 0.999915
1718924318.066357613 0.587825 -0.003226 0.001181 0.002561 -0.012732 0.001359 0.999915
1718924318.071352243 0.588833 -0.003263 0.001142 0.002565 -0.012740 0.001332 0.999915
1718924318.076356173 0.589838 -0.003297 0.001102 0.002569 -0.012746 0.001310 0.999915
1718924318.081351519 0.590836 -0.003326 0.001064 0.002576 -0.012749 0.001295 0.999915
1718924318.086354971 0.591833 -0.003352 0.001029 0.002589 -0.012756 0.001290 0.999914
1718924318.091350079 0.592827 -0.003374 0.000998 0.002601 -0.012763 0.001286 0.999914
1718924318.096357107 0.593823 -0.003391 0.000970 0.002614 -0.012777 0.001278 0.999914
1718924318.099990129 0.594546 -0.003401 0.000951 0.002625 -0.012787 0.001274 0.999914
1718924318.099990129 0.594546 -0.003401 0.000951 0.002625 -0.012787 0.001274 0.999914
1718924318.101350307 0.594816 -0.003405 0.000947 0.002629 -0.012791 0.001273 0.999914
1718924318.106349945 0.595808 -0.003415 0.000933 0.002646 -0.012795 0.001283 0.999914
1718924318.111351252 0.596795 -0.003422 0.000917 0.002660 -0.012792 0.001290 0.999914
1718924318.116356611 0.597781 -0.003425 0.000900 0.002665 -0.012781 0.001297 0.999914
1718924318.171354294 0.608527 -0.003704 0.000525 0.003031 -0.012519 0.001544 0.999916
1718924318.176362276 0.609495 -0.003757 0.000464 0.003055 -0.012506 0.001555 0.999916
1718924318.181358576 0.610459 -0.003815 0.000400 0.003081 -0.012495 0.001568 0.999916
1718924318.186410904 0.611433 -0.003879 0.000332 0.003119 -0.012478 0.001594 0.999916
1718924318.191373348 0.612390 -0.003949 0.000264 0.003168 -0.012459 0.001626 0.999916
1718924318.196368217 0.613354 -0.004026 0.000195 0.003226 -0.012439 0.001651 0.999916
1718924318.199992180 0.614053 -0.004086 0.000146 0.003274 -0.012419 0.001671 0.999916
1718924318.199992180 0.614053 -0.004086 0.000146 0.003274 -0.012419 0.001671 0.999916
1718924318.201356649 0.614316 -0.004110 0.000129 0.003293 -0.012411 0.001678 0.999916
1718924318.206389666 0.615283 -0.004204 0.000068 0.003361 -0.012378 0.001721 0.999916
1718924318.211352348 0.616237 -0.004304 0.000011 0.003411 -0.012351 0.001767 0.999916
1718924318.216367006 0.617203 -0.004414 -0.000047 0.003449 -0.012339 0.001811 0.999916
1718924318.221367359 0.618169 -0.004530 -0.000108 0.003482 -0.012345 0.001842 0.999916
1718924318.226453781 0.619156 -0.004654 -0.000174 0.003509 -0.012351 0.001872 0.999916
1718924318.231418371 0.620122 -0.004781 -0.000246 0.003534 -0.012349 0.001910 0.999916
1718924318.236402750 0.621093 -0.004912 -0.000322 0.003565 -0.012339 0.001941 0.999916
1718924318.241406441 0.622068 -0.005047 -0.000402 0.003597 -0.012325 0.001965 0.999916
1718924318.246398449 0.623044 -0.005182 -0.000481 0.003626 -0.012303 0.001976 0.999916
1718924318.251440763 0.624030 -0.005317 -0.000559 0.003657 -0.012282 0.001989 0.999916
1718924318.256355762 0.624991 -0.005447 -0.000630 0.003687 -0.012270 0.001995 0.999916
1718924318.261360407 0.625971 -0.005575 -0.000698 0.003714 -0.012266 0.001998 0.999916
1718924318.266410828 0.626960 -0.005701 -0.000762 0.003731 -0.012266 0.002007 0.999916
1718924318.271367550 0.627928 -0.005820 -0.000824 0.003752 -0.012258 0.002019 0.999916
1718924318.276456594 0.628920 -0.005936 -0.000887 0.003789 -0.012252 0.002033 0.999916
1718924318.281408310 0.629884 -0.006042 -0.000950 0.003829 -0.012250 0.002042 0.999916
1718924318.286353111 0.630845 -0.006142 -0.001013 0.003868 -0.012248 0.002052 0.999915
1718924318.291391611 0.631823 -0.006235 -0.001077 0.003900 -0.012247 0.002063 0.999915
1718924318.296396255 0.632795 -0.006321 -0.001142 0.003922 -0.012257 0.002080 0.999915
1718924318.299984217 0.633492 -0.006377 -0.001188 0.003930 -0.012262 0.002100 0.999915
1718924318.299984217 0.633492 -0.006377 -0.001188 0.003930 -0.012262 0.002100 0.999915
1718924318.301352978 0.633758 -0.006398 -0.001204 0.003933 -0.012265 0.002107 0.999915
1718924318.306368828 0.634735 -0.006468 -0.001265 0.003943 -0.012273 0.002126 0.999915
1718924318.311354637 0.635708 -0.006531 -0.001324 0.003948 -0.012279 0.002146 0.999915
1718924318.366367579 0.646452 -0.007119 -0.001993 0.003872 -0.012276 0.002162 0.999915
1718924318.371362209 0.647430 -0.007165 -0.002057 0.003870 -0.012283 0.002162 0.999915
1718924318.376364946 0.648410 -0.007211 -0.002122 0.003874 -0.012286 0.002161 0.999915
1718924318.381410599 0.649400 -0.007258 -0.002189 0.003874 -0.012293 0.002160 0.999915
1718924318.386361599 0.650371 -0.007308 -0.002256 0.003874 -0.012302 0.002155 0.999915
1718924318.391392708 0.651359 -0.007361 -0.002325 0.003882 -0.012309 0.002147 0.999914
1718924318.396347284 0.652334 -0.007418 -0.002394 0.003884 -0.012318 0.002141 0.999914
1718924318.399982214 0.653050 -0.007463 -0.002444 0.003882 -0.012323 0.002139 0.999914
1718924318.399982214 0.653050 -0.007463 -0.002444 0.003882 -0.012323 0.002139 0.999914
1718924318.401395321 0.653329 -0.007481 -0.002463 0.003882 -0.012325 0.002139 0.999914
1718924318.406349897 0.654307 -0.007549 -0.002525 0.003880 -0.012333 0.002135 0.999914
1718924318.411352873 0.655298 -0.007624 -0.002587 0.003874 -0.012338 0.002122 0.999914
1718924318.416380405 0.656296 -0.007705 -0.002647 0.003870 -0.012341 0.002109 0.999914
1718924318.421373606 0.657291 -0.007791 -0.002706 0.003868 -0.012336 0.002090 0.999914
1718924318.426354885 0.658285 -0.007883 -0.002765 0.003871 -0.012329 0.002077 0.999914
1718924318.431362152 0.659285 -0.007981 -0.002825 0.003873 -0.012324 0.002083 0.999914
1718924318.436355591 0.660285 -0.008084 -0.002888 0.003881 -0.012318 0.002094 0.999914
1718924318.441365957 0.661288 -0.008193 -0.002953 0.003892 -0.012318 0.002098 0.999914
1718924318.446360111 0.662288 -0.008307 -0.003020 0.003914 -0.012312 0.002095 0.999914
1718924318.451349258 0.663286 -0.008426 -0.003087 0.003942 -0.012308 0.002084 0.999914
1718924318.456363440 0.664289 -0.008549 -0.003154 0.003970 -0.012299 0.002076 0.999914
1718924318.461341619 0.665285 -0.008676 -0.003217 0.004000 -0.012297 0.002074 0.999914
1718924318.466355324 0.666286 -0.008808 -0.003279 0.004033 -0.012297 0.002071 0.999914
1718924318.471348763 0.667283 -0.008941 -0.003339 0.004067 -0.012289 0.002066 0.999914
1718924318.476356030 0.668283 -0.009078 -0.003399 0.004104 -0.012287 0.002079 0.999914
1718924318.481349945 0.669280 -0.009217 -0.003457 0.004146 -0.012294 0.002104 0.999914
1718924318.486350536 0.670279 -0.009359 -0.003517 0.004192 -0.012303 0.002133 0.999913
1718924318.491348743 0.671278 -0.009501 -0.003578 0.004235 -0.012312 0.002168 0.999913
1718924318.496346474 0.672277 -0.009645 -0.003642 0.004273 -0.012321 0.002205 0.999913
1718924318.499986172 0.673006 -0.009751 -0.003690 0.004292 -0.012326 0.002237 0.999912
1718924318.499986172 0.673006 -0.009751 -0.003690 0.004292 -0.012326 0.002237 0.999912
1718924318.501351833 0.673279 -0.009791 -0.003709 0.004299 -0.012328 0.002250 0.999912
1718924318.506346703 0.674279 -0.009938 -0.003777 0.004316 -0.012335 0.002297 0.999912
1718924318.511354208 0.675284 -0.010084 -0.003845 0.004338 -0.012343 0.002345 0.999912
1718924318.556355238 0.684233 -0.011256 -0.004537 0.004435 -0.012449 0.002490 0.999910
1718924318.561361551 0.685229 -0.011359 -0.004597 0.004441 -0.012461 0.002501 0.999909
1718924318.566355944 0.686221 -0.011457 -0.004656 0.004450 -0.012465 0.002488 0.999909
1718924318.571358204 0.687214 -0.011550 -0.004713 0.004455 -0.012471 0.002457 0.999909
1718924318.576351881 0.688204 -0.011638 -0.004767 0.004460 -0.012485 0.002424 0.999909
1718924318.581408024 0.689206 -0.011723 -0.004820 0.004464 -0.012503 0.002381 0.999909
1718924318.586359024 0.690187 -0.011801 -0.004869 0.004465 -0.012522 0.002339 0.999909
1718924318.591364622 0.691177 -0.011876 -0.004919 0.004466 -0.012538 0.002292 0.999909
1718924318.596363783 0.692165 -0.011947 -0.004969 0.004452 -0.012551 0.002249 0.999909
1718924318.599983215 0.692880 -0.011995 -0.005005 0.004435 -0.012559 0.002219 0.999909
1718924318.599983215 0.692880 -0.011995 -0.005005 0.004435 -0.012559 0.002219 0.999909
1718924318.601356506 0.693152 -0.012013 -0.005017 0.004429 -0.012562 0.002208 0.999909
1718924318.606344461 0.694138 -0.012074 -0.005060 0.004408 -0.012573 0.002166 0.999909
1718924318.611350775 0.695128 -0.012131 -0.005104 0.004391 -0.012583 0.002123 0.999909
1718924318.616355658 0.696118 -0.012185 -0.005148 0.004378 -0.012597 0.002077 0.999909
1718924318.621366024 0.697108 -0.012235 -0.005193 0.004365 -0.012617 0.002034 0.999909
1718924318.626358032 0.698094 -0.012282 -0.005237 0.004344 -0.012636 0.001991 0.999909
1718924318.631361485 0.699081 -0.012326 -0.005281 0.004320 -0.012651 0.001946 0.999909
1718924318.636347532 0.700062 -0.012369 -0.005323 0.004298 -0.012669 0.001905 0.999909
1718924318.641349316 0.701045 -0.012412 -0.005364 0.004286 -0.012682 0.001869 0.999909
1718924318.646351337 0.702025 -0.012454 -0.005403 0.004286 -0.012687 0.001837 0.999909
1718924318.651357174 0.703004 -0.012497 -0.005440 0.004296 -0.012694 0.001810 0.999909
1718924318.656351089 0.703979 -0.012542 -0.005475 0.004303 -0.012709 0.001790 0.999908
1718924318.661400080 0.704962 -0.012590 -0.005508 0.004317 -0.012719 0.001779 0.999908
1718924318.666364193 0.705926 -0.012640 -0.005540 0.004331 -0.012728 0.001772 0.999908
1718924318.671402931 0.706903 -0.012695 -0.005575 0.004345 -0.012739 0.001781 0.999908
1718924318.676440716 0.707878 -0.012755 -0.005613 0.004352 -0.012754 0.001805 0.999908
1718924318.681402206 0.708838 -0.012820 -0.005654 0.004355 -0.012760 0.001839 0.999907
1718924318.686385393 0.709801 -0.012892 -0.005700 0.004360 -0.012763 0.001877 0.999907
1718924318.691388369 0.710768 -0.012970 -0.005748 0.004371 -0.012760 0.001913 0.999907
1718924318.696345091 0.711725 -0.013055 -0.005797 0.004386 -0.012754 0.001945 0.999907
1718924318.699899197 0.712413 -0.013121 -0.005831 0.004400 -0.012750 0.001974 0.999907
1718924318.699899197 0.712413 -0.013121 -0.005831 0.004400 -0.012750 0.001974 0.999907
1718924318.701390028 0.712701 -0.013150 -0.005846 0.004405 -0.012749 0.001986 0.999907
1718924318.706354618 0.713659 -0.013251 -0.005894 0.004421 -0.012740 0.002022 0.999907
1718924318.711352825 0.714624 -0.013361 -0.005941 0.004440 -0.012736 0.002058 0.999907
1718924318.716344357 0.715587 -0.013479 -0.005986 0.004459 -0.012729 0.002084 0.999907
1718924318.721359968 0.716553 -0.013604 -0.006031 0.004479 -0.012721 0.002095 0.999907
1718924318.799984217 0.731442 -0.014545 -0.006902 0.004699 -0.012861 0.001888 0.999904
1718924318.799984217 0.731442 -0.014545 -0.006902 0.004699 -0.012861 0.001888 0.999904
1718924318.811391354 0.733561 -0.014506 -0.007013 0.004733 -0.012897 0.001861 0.999904
1718924318.816355228 0.734481 -0.014474 -0.007062 0.004742 -0.012908 0.001843 0.999904
1718924318.821409702 0.735414 -0.014434 -0.007111 0.004750 -0.012924 0.001818 0.999904
1718924318.826362371 0.736325 -0.014388 -0.007159 0.004755 -0.012938 0.001789 0.999903
1718924318.831404686 0.737249 -0.014333 -0.007206 0.004759 -0.012953 0.001773 0.999903
1718924318.836406231 0.738162 -0.014273 -0.007251 0.004757 -0.012969 0.001761 0.999903
1718924318.841380835 0.739068 -0.014208 -0.007296 0.004754 -0.012992 0.001759 0.999903
1718924318.846404552 0.739981 -0.014138 -0.007341 0.004758 -0.013013 0.001764 0.999902
1718924318.851398468 0.740886 -0.014065 -0.007388 0.004766 -0.013026 0.001779 0.999902
1718924318.856400251 0.741790 -0.013990 -0.007437 0.004781 -0.013036 0.001793 0.999902
1718924318.861354589 0.742683 -0.013915 -0.007487 0.004796 -0.013042 0.001807 0.999902
1718924318.866427183 0.743595 -0.013837 -0.007539 0.004802 -0.013046 0.001821 0.999902
1718924318.871353149 0.744479 -0.013763 -0.007591 0.004806 -0.013045 0.001843 0.999902
1718924318.876390696 0.745385 -0.013689 -0.007644 0.004811 -0.013046 0.001884 0.999902
1718924318.881388187 0.746286 -0.013619 -0.007695 0.004816 -0.013050 0.001922 0.999901
1718924318.886384964 0.747189 -0.013552 -0.007747 0.004822 -0.013057 0.001964 0.999901
1718924318.891359329 0.748090 -0.013490 -0.007800 0.004822 -0.013074 0.002016 0.999901
1718924318.896382570 0.749002 -0.013432 -0.007854 0.004815 -0.013094 0.002078 0.999901
1718924318.900006056 0.749661 -0.013394 -0.007895 0.004809 -0.013108 0.002120 0.999900
1718924318.900006056 0.749661 -0.013394 -0.007895 0.004809 -0.013108 0.002120 0.999900
1718924318.901389599 0.749913 -0.013380 -0.007910 0.004806 -0.013113 0.002136 0.999900
1718924318.906346560 0.750815 -0.013336 -0.007967 0.004803 -0.013127 0.002200 0.999900
1718924318.911388397 0.751737 -0.013298 -0.008026 0.004798 -0.013134 0.002258 0.999900
1718924318.961342812 0.760704 -0.013179 -0.008726 0.005078 -0.013112 0.002082 0.999899
1718924318.966359615 0.761597 -0.013179 -0.008798 0.005105 -0.013105 0.002068 0.999899
1718924318.971347809 0.762483 -0.013181 -0.008870 0.005134 -0.013100 0.002050 0.999899
1718924318.976347685 0.763371 -0.013184 -0.008939 0.005156 -0.013096 0.002034 0.999899
1718924318.981351852 0.764263 -0.013186 -0.009004 0.005161 -0.013100 0.002004 0.999899
1718924318.986343861 0.765156 -0.013188 -0.009066 0.005163 -0.013105 0.001979 0.999899
1718924318.991386414 0.766060 -0.013187 -0.009126 0.005175 -0.013103 0.001966 0.999899
1718924318.996381760 0.766954 -0.013182 -0.009183 0.005193 -0.013089 0.001954 0.999899
1718924319.001387835 0.767848 -0.013174 -0.009238 0.005209 -0.013062 0.001951 0.999899
1718924319.006385565 0.768738 -0.013161 -0.009291 0.005231 -0.013037 0.001965 0.999899
1718924319.011352062 0.769621 -0.013144 -0.009342 0.005257 -0.013021 0.001975 0.999899
1718924319.016372204 0.770515 -0.013123 -0.009393 0.005268 -0.013012 0.001982 0.999899
1718924319.021432400 0.771416 -0.013095 -0.009447 0.005267 -0.013018 0.002004 0.999899
1718924319.026405334 0.772302 -0.013062 -0.009505 0.005268 -0.013032 0.002032 0.999899
1718924319.031396389 0.773189 -0.013023 -0.009566 0.005277 -0.013041 0.002066 0.999899
1718924319.036397457 0.774076 -0.012978 -0.009632 0.005280 -0.013038 0.002099 0.999899
1718924319.041352987 0.774953 -0.012928 -0.009697 0.005284 -0.013022 0.002132 0.999899
1718924319.046377659 0.775842 -0.012872 -0.009761 0.005294 -0.013012 0.002168 0.999899
1718924319.051381588 0.776729 -0.012812 -0.009820 0.005311 -0.013021 0.002206 0.999899
1718924319.056354761 0.777611 -0.012748 -0.009875 0.005328 -0.013035 0.002238 0.999898
1718924319.061385632 0.778503 -0.012681 -0.009929 0.005333 -0.013056 0.002268 0.999898
1718924319.066385984 0.779388 -0.012612 -0.009983 0.005328 -0.013080 0.002290 0.999898
1718924319.071347952 0.780263 -0.012541 -0.010038 0.005320 -0.013098 0.002300 0.999897
1718924319.076344252 0.781143 -0.012467 -0.010094 0.005304 -0.013112 0.002299 0.999897
1718924319.081384420 0.782032 -0.012392 -0.010153 0.005278 -0.013123 0.002293 0.999897
1718924319.086382389 0.782916 -0.012317 -0.010211 0.005248 -0.013129 0.002279 0.999897
1718924319.091347218 0.783796 -0.012242 -0.010269 0.005219 -0.013140 0.002267 0.999897
1718924319.096342802 0.784680 -0.012167 -0.010329 0.005202 -0.013153 0.002249 0.999897
1718924319.099985123 0.785324 -0.012112 -0.010374 0.005193 -0.013160 0.002233 0.999897
1718924319.099985123 0.785324 -0.012112 -0.010374 0.005193 -0.013160 0.002233 0.999897
1718924319.101389885 0.785571 -0.012091 -0.010390 0.005189 -0.013162 0.002227 0.999897
1718924319.106381893 0.786450 -0.012017 -0.010447 0.005172 -0.013169 0.002199 0.999897
1718924319.111339808 0.787323 -0.011945 -0.010505 0.005147 -0.013174 0.002163 0.999898
1718924319.116354942 0.788206 -0.011873 -0.010565 0.005123 -0.013177 0.002125 0.999898
1718924319.191346407 0.801869 -0.011151 -0.011152 0.005133 -0.013355 0.002205 0.999895
1718924319.196341991 0.802809 -0.011129 -0.011170 0.005131 -0.013365 0.002221 0.999895
1718924319.199986935 0.803495 -0.011114 -0.011183 0.005136 -0.013371 0.002237 0.999895
1718924319.199986935 0.803495 -0.011114 -0.011183 0.005136 -0.013371 0.002237 0.999895
1718924319.201360703 0.803753 -0.011109 -0.011188 0.005138 -0.013374 0.002244 0.999895
1718924319.206344128 0.804686 -0.011092 -0.011209 0.005148 -0.013378 0.002271 0.999895
1718924319.211338520 0.805618 -0.011077 -0.011231 0.005156 -0.013374 0.002295 0.999895
1718924319.216382504 0.806558 -0.011063 -0.011252 0.005170 -0.013369 0.002320 0.999895
1718924319.221449137 0.807502 -0.011049 -0.011271 0.005188 -0.013381 0.002343 0.999894
1718924319.226414680 0.808430 -0.011034 -0.011286 0.005212 -0.013401 0.002366 0.999894
1718924319.231425047 0.809368 -0.011020 -0.011301 0.005224 -0.013416 0.002382 0.999894
1718924319.236412048 0.810299 -0.011003 -0.011315 0.005232 -0.013425 0.002385 0.999893
1718924319.241356134 0.811220 -0.010984 -0.011329 0.005243 -0.013438 0.002399 0.999893
1718924319.246355534 0.812148 -0.010962 -0.011344 0.005261 -0.013445 0.002418 0.999893
1718924319.251343250 0.813072 -0.010937 -0.011359 0.005278 -0.013460 0.002434 0.999893
1718924319.256385565 0.814008 -0.010909 -0.011374 0.005298 -0.013483 0.002448 0.999892
1718924319.261358738 0.814932 -0.010878 -0.011389 0.005310 -0.013501 0.002456 0.999892
1718924319.266341448 0.815857 -0.010843 -0.011406 0.005317 -0.013525 0.002472 0.999891
1718924319.271344900 0.816784 -0.010804 -0.011426 0.005317 -0.013548 0.002490 0.999891
1718924319.276337147 0.817707 -0.010761 -0.011446 0.005320 -0.013567 0.002505 0.999891
1718924319.281349897 0.818631 -0.010714 -0.011468 0.005322 -0.013584 0.002526 0.999890
1718924319.286341906 0.819552 -0.010663 -0.011489 0.005314 -0.013608 0.002551 0.999890
1718924319.291361809 0.820478 -0.010609 -0.011509 0.005304 -0.013636 0.002575 0.999890
1718924319.296398163 0.821410 -0.010550 -0.011527 0.005292 -0.013668 0.002594 0.999889
1718924319.299988985 0.822074 -0.010506 -0.011539 0.005288 -0.013682 0.002607 0.999889
1718924319.299988985 0.822074 -0.010506 -0.011539 0.005288 -0.013682 0.002607 0.999889
1718924319.301380157 0.822331 -0.010489 -0.011543 0.005287 -0.013688 0.002612 0.999889
1718924319.306381464 0.823254 -0.010424 -0.011557 0.005283 -0.013695 0.002628 0.999889
1718924319.311376810 0.824173 -0.010357 -0.011571 0.005281 -0.013702 0.002653 0.999889
1718924319.366328478 0.834322 -0.009846 -0.011703 0.005160 -0.013991 0.002619 0.999885
1718924319.371373177 0.835260 -0.009822 -0.011708 0.005144 -0.014005 0.002598 0.999885
1718924319.376340151 0.836182 -0.009802 -0.011714 0.005123 -0.014015 0.002578 0.999885
1718924319.381359577 0.837114 -0.009785 -0.011721 0.005099 -0.014026 0.002557 0.999885
1718924319.386378527 0.838047 -0.009770 -0.011728 0.005082 -0.014035 0.002536 0.999885
1718924319.391392469 0.838981 -0.009758 -0.011735 0.005078 -0.014044 0.002516 0.999885
1718924319.396378756 0.839913 -0.009750 -0.011742 0.005080 -0.014058 0.002487 0.999885
1718924319.399987936 0.840588 -0.009746 -0.011747 0.005085 -0.014067 0.002464 0.999885
1718924319.399987936 0.840588 -0.009746 -0.011747 0.005085 -0.014067 0.002464 0.999885
1718924319.401377201 0.840847 -0.009745 -0.011750 0.005087 -0.014070 0.002455 0.999885
1718924319.406340361 0.841771 -0.009743 -0.011760 0.005092 -0.014080 0.002441 0.999885
1718924319.411338329 0.842699 -0.009744 -0.011771 0.005096 -0.014086 0.002435 0.999885
1718924319.416363478 0.843631 -0.009746 -0.011781 0.005101 -0.014090 0.002434 0.999885
1718924319.421444654 0.844574 -0.009750 -0.011790 0.005111 -0.014099 0.002435 0.999885
1718924319.426355600 0.845488 -0.009756 -0.011796 0.005125 -0.014120 0.002436 0.999884
1718924319.431354284 0.846419 -0.009763 -0.011802 0.005141 -0.014139 0.002443 0.999884
1718924319.436377764 0.847355 -0.009773 -0.011808 0.005157 -0.014155 0.002456 0.999883
1718924319.441356897 0.848282 -0.009783 -0.011816 0.005176 -0.014172 0.002483 0.999883
1718924319.446353197 0.849212 -0.009796 -0.011826 0.005192 -0.014188 0.002519 0.999883
1718924319.451356888 0.850142 -0.009810 -0.011837 0.005210 -0.014193 0.002560 0.999882
1718924319.456354380 0.851071 -0.009824 -0.011850 0.005225 -0.014208 0.002593 0.999882
1718924319.461350918 0.852004 -0.009840 -0.011863 0.005239 -0.014230 0.002619 0.999882
1718924319.466350079 0.852941 -0.009856 -0.011877 0.005250 -0.014254 0.002646 0.999881
1718924319.471348763 0.853880 -0.009872 -0.011892 0.005262 -0.014273 0.002694 0.999881
1718924319.476353407 0.854822 -0.009888 -0.011908 0.005281 -0.014286 0.002748 0.999880
1718924319.481357813 0.855763 -0.009904 -0.011923 0.005293 -0.014297 0.002794 0.999880
1718924319.486345768 0.856703 -0.009919 -0.011937 0.005306 -0.014302 0.002833 0.999880
1718924319.491363525 0.857650 -0.009934 -0.011949 0.005322 -0.014308 0.002871 0.999879
1718924319.496364355 0.858597 -0.009947 -0.011959 0.005331 -0.014320 0.002908 0.999879
1718924319.499987125 0.859284 -0.009956 -0.011966 0.005332 -0.014329 0.002940 0.999879
1718924319.499987125 0.859284 -0.009956 -0.011966 0.005332 -0.014329 0.002940 0.999879
1718924319.501346588 0.859547 -0.009958 -0.011974 0.005332 -0.014334 0.002951 0.999879
1718924319.506344080 0.860531 -0.009957 -0.012025 0.005340 -0.014350 0.002995 0.999878
1718924319.511337757 0.861512 -0.009954 -0.012079 0.005355 -0.014367 0.003035 0.999878
1718924319.566351891 0.875303 -0.009123 -0.015674 0.005618 -0.014894 0.002842 0.999869
1718924319.571351767 0.876324 -0.009123 -0.015707 0.005612 -0.014911 0.002835 0.999869
1718924319.576372385 0.877350 -0.009123 -0.015741 0.005603 -0.014925 0.002828 0.999869
1718924319.581349373 0.878367 -0.009124 -0.015773 0.005597 -0.014938 0.002833 0.999869
1718924319.586340427 0.879384 -0.009126 -0.015806 0.005589 -0.014948 0.002832 0.999869
1718924319.591379642 0.880411 -0.009130 -0.015838 0.005584 -0.014963 0.002809 0.999869
1718924319.596376896 0.881427 -0.009134 -0.015869 0.005587 -0.014975 0.002771 0.999868
1718924319.599990129 0.882157 -0.009140 -0.015885 0.005585 -0.014979 0.002747 0.999868
1718924319.599990129 0.882157 -0.009140 -0.015885 0.005585 -0.014979 0.002747 0.999868
1718924319.601374626 0.882432 -0.009147 -0.015882 0.005583 -0.014980 0.002738 0.999868
1718924319.606379986 0.883423 -0.009173 -0.015873 0.005583 -0.014991 0.002709 0.999868
1718924319.611335754 0.884400 -0.009200 -0.015863 0.005587 -0.014996 0.002677 0.999868
1718924319.616396904 0.885392 -0.009228 -0.015851 0.005583 -0.015000 0.002650 0.999868
1718924319.621365547 0.886364 -0.009256 -0.015839 0.005582 -0.015007 0.002616 0.999868
1718924319.626352787 0.887337 -0.009286 -0.015825 0.005599 -0.015017 0.002583 0.999868
1718924319.631349564 0.888311 -0.009319 -0.015810 0.005617 -0.015039 0.002557 0.999868
1718924319.636339903 0.889284 -0.009353 -0.015796 0.005628 -0.015061 0.002540 0.999868
1718924319.641384363 0.890264 -0.009389 -0.015784 0.005644 -0.015078 0.002526 0.999867
1718924319.646341085 0.891223 -0.009426 -0.015776 0.005654 -0.015087 0.002513 0.999867
1718924319.651397943 0.892197 -0.009466 -0.015771 0.005664 -0.015098 0.002509 0.999867
1718924319.656340837 0.893149 -0.009507 -0.015767 0.005677 -0.015107 0.002497 0.999867
1718924319.661392927 0.894121 -0.009551 -0.015763 0.005683 -0.015123 0.002489 0.999866
1718924319.666344404 0.895075 -0.009596 -0.015758 0.005686 -0.015143 0.002491 0.999866
1718924319.671361685 0.896043 -0.009644 -0.015753 0.005690 -0.015155 0.002489 0.999866
1718924319.676340818 0.897002 -0.009693 -0.015749 0.005689 -0.015155 0.002475 0.999866
1718924319.681333542 0.897962 -0.009744 -0.015745 0.005687 -0.015160 0.002466 0.999866
1718924319.686334848 0.898921 -0.009797 -0.015741 0.005696 -0.015162 0.002455 0.999866
1718924319.691333294 0.899878 -0.009851 -0.015737 0.005708 -0.015162 0.002449 0.999866
1718924319.696335793 0.900837 -0.009905 -0.015731 0.005718 -0.015169 0.002441 0.999866
1718924319.699896097 0.901521 -0.009944 -0.015726 0.005728 -0.015175 0.002435 0.999865
1718924319.699896097 0.901521 -0.009944 -0.015726 0.005728 -0.015175 0.002435 0.999865
1718924319.701362133 0.901802 -0.009960 -0.015723 0.005731 -0.015176 0.002433 0.999865
1718924319.706338644 0.902759 -0.010014 -0.015713 0.005743 -0.015179 0.002432 0.999865
1718924319.711330652 0.903718 -0.010069 -0.015705 0.005756 -0.015179 0.002434 0.999865
1718924319.716382504 0.904687 -0.010123 -0.015700 0.005774 -0.015177 0.002431 0.999865
1718924319.761340141 0.913283 -0.010528 -0.015620 0.005738 -0.015297 0.002469 0.999863
1718924319.766342163 0.914241 -0.010562 -0.015598 0.005738 -0.015302 0.002481 0.999863
1718924319.771340132 0.915199 -0.010594 -0.015575 0.005736 -0.015308 0.002495 0.999863
1718924319.776346684 0.916157 -0.010623 -0.015554 0.005732 -0.015317 0.002507 0.999863
1718924319.781338453 0.917108 -0.010649 -0.015535 0.005726 -0.015325 0.002525 0.999863
1718924319.786338091 0.918056 -0.010673 -0.015519 0.005717 -0.015333 0.002535 0.999863
1718924319.791332483 0.919000 -0.010693 -0.015504 0.005703 -0.015338 0.002539 0.999863
1718924319.796339035 0.919944 -0.010711 -0.015489 0.005690 -0.015349 0.002548 0.999863
1718924319.799987078 0.920632 -0.010723 -0.015478 0.005681 -0.015357 0.002547 0.999863
1718924319.799987078 0.920632 -0.010723 -0.015478 0.005681 -0.015357 0.002547 0.999863
1718924319.801331758 0.920885 -0.010728 -0.015472 0.005678 -0.015360 0.002547 0.999863
1718924319.806336641 0.921828 -0.010742 -0.015451 0.005664 -0.015384 0.002547 0.999862
1718924319.811335325 0.922767 -0.010755 -0.015429 0.005655 -0.015408 0.002553 0.999862
1718924319.816422939 0.923721 -0.010765 -0.015405 0.005659 -0.015428 0.002557 0.999862
1718924319.821346045 0.924642 -0.010773 -0.015383 0.005664 -0.015445 0.002552 0.999861
1718924319.826391935 0.925585 -0.010782 -0.015359 0.005663 -0.015461 0.002546 0.999861
1718924319.831417084 0.926525 -0.010790 -0.015335 0.005657 -0.015486 0.002546 0.999861
1718924319.836400270 0.927459 -0.010799 -0.015311 0.005655 -0.015515 0.002543 0.999860
1718924319.841382980 0.928395 -0.010809 -0.015288 0.005651 -0.015546 0.002536 0.999860
1718924319.846388102 0.929336 -0.010821 -0.015268 0.005643 -0.015572 0.002530 0.999860
1718924319.851393938 0.930276 -0.010835 -0.015250 0.005635 -0.015594 0.002522 0.999859
1718924319.856389999 0.931215 -0.010851 -0.015235 0.005625 -0.015613 0.002522 0.999859
1718924319.861348629 0.932147 -0.010870 -0.015222 0.005614 -0.015631 0.002530 0.999859
1718924319.866340160 0.933090 -0.010891 -0.015207 0.005602 -0.015655 0.002540 0.999859
1718924319.871404886 0.934050 -0.010917 -0.015191 0.005591 -0.015678 0.002551 0.999858
1718924319.876349688 0.934990 -0.010944 -0.015175 0.005589 -0.015694 0.002558 0.999858
1718924319.881375074 0.935945 -0.010974 -0.015158 0.005587 -0.015704 0.002573 0.999858
1718924319.886336803 0.936885 -0.011007 -0.015142 0.005592 -0.015710 0.002593 0.999858
1718924319.891322374 0.937828 -0.011042 -0.015125 0.005608 -0.015714 0.002608 0.999857
1718924319.896358252 0.938780 -0.011081 -0.015109 0.005625 -0.015715 0.002635 0.999857
1718924319.900000095 0.939469 -0.011112 -0.015097 0.005640 -0.015716 0.002651 0.999857
1718924319.900000095 0.939469 -0.011112 -0.015097 0.005640 -0.015716 0.002651 0.999857
1718924319.901340485 0.939722 -0.011125 -0.015093 0.005644 -0.015714 0.002657 0.999857
1718924319.906336546 0.940665 -0.011175 -0.015081 0.005656 -0.015723 0.002677 0.999857
1718924319.911332607 0.941608 -0.011230 -0.015069 0.005668 -0.015730 0.002704 0.999857
1718924319.956340313 0.949745 -0.011839 -0.015141 0.005621 -0.015756 0.002668 0.999856
1718924319.961338282 0.950620 -0.011912 -0.015136 0.005626 -0.015754 0.002655 0.999857
1718924319.966337204 0.951491 -0.011986 -0.015132 0.005636 -0.015752 0.002642 0.999857
1718924319.971333265 0.952359 -0.012060 -0.015127 0.005648 -0.015759 0.002628 0.999856
1718924319.976356983 0.953231 -0.012132 -0.015122 0.005660 -0.015763 0.002612 0.999856
1718924319.981339931 0.954095 -0.012202 -0.015117 0.005677 -0.015772 0.002592 0.999856
1718924319.986336470 0.954958 -0.012270 -0.015113 0.005700 -0.015772 0.002570 0.999856
1718924319.991332293 0.955814 -0.012335 -0.015111 0.005710 -0.015766 0.002550 0.999856
1718924319.996332407 0.956665 -0.012397 -0.015110 0.005710 -0.015759 0.002529 0.999856
1718924320.001330376 0.957511 -0.012454 -0.015109 0.005717 -0.015760 0.002500 0.999856
1718924320.006335497 0.958355 -0.012507 -0.015106 0.005733 -0.015766 0.002479 0.999856
1718924320.011330128 0.959196 -0.012555 -0.015101 0.005752 -0.015777 0.002470 0.999856
1718924320.016352415 0.960039 -0.012600 -0.015093 0.005773 -0.015794 0.002461 0.999856
1718924320.021343470 0.960874 -0.012639 -0.015085 0.005788 -0.015805 0.002451 0.999855
1718924320.026333809 0.961703 -0.012674 -0.015078 0.005799 -0.015811 0.002451 0.999855
1718924320.031344175 0.962531 -0.012705 -0.015071 0.005799 -0.015804 0.002447 0.999855
1718924320.036342382 0.963354 -0.012732 -0.015065 0.005793 -0.015791 0.002434 0.999856
1718924320.041346788 0.964178 -0.012757 -0.015059 0.005786 -0.015791 0.002430 0.999856
1718924320.046361685 0.965005 -0.012778 -0.015055 0.005772 -0.015797 0.002429 0.999856
1718924320.051381111 0.965830 -0.012796 -0.015052 0.005759 -0.015796 0.002421 0.999856
1718924320.056332588 0.966640 -0.012810 -0.015052 0.005748 -0.015789 0.002410 0.999856
1718924320.061335087 0.967455 -0.012823 -0.015053 0.005726 -0.015777 0.002399 0.999856
1718924320.066330433 0.968264 -0.012833 -0.015054 0.005708 -0.015770 0.002392 0.999856
1718924320.071326494 0.969073 -0.012842 -0.015054 0.005685 -0.015765 0.002387 0.999857
1718924320.076330662 0.969883 -0.012849 -0.015052 0.005659 -0.015763 0.002382 0.999857
1718924320.081323624 0.970690 -0.012856 -0.015049 0.005640 -0.015764 0.002376 0.999857
1718924320.086331129 0.971497 -0.012862 -0.015046 0.005618 -0.015758 0.002369 0.999857
1718924320.091328382 0.972296 -0.012869 -0.015045 0.005602 -0.015752 0.002361 0.999857
1718924320.096338272 0.973089 -0.012877 -0.015046 0.005585 -0.015730 0.002353 0.999858
1718924320.099987984 0.973660 -0.012884 -0.015047 0.005576 -0.015718 0.002342 0.999858
1718924320.099987984 0.973660 -0.012884 -0.015047 0.005576 -0.015718 0.002342 0.999858
1718924320.101330042 0.973868 -0.012887 -0.015046 0.005573 -0.015712 0.002338 0.999858
1718924320.106333256 0.974639 -0.012899 -0.015039 0.005561 -0.015706 0.002327 0.999858
1718924320.111328840 0.975403 -0.012914 -0.015030 0.005552 -0.015708 0.002315 0.999859
1718924320.116334677 0.976165 -0.012932 -0.015018 0.005549 -0.015721 0.002302 0.999858
1718924320.166329622 0.983207 -0.013253 -0.015014 0.005170 -0.015700 0.002550 0.999860
1718924320.171380758 0.983859 -0.013290 -0.015000 0.005141 -0.015699 0.002577 0.999860
1718924320.176398516 0.984491 -0.013327 -0.014983 0.005107 -0.015701 0.002617 0.999860
1718924320.181336641 0.985096 -0.013360 -0.014962 0.005067 -0.015711 0.002666 0.999860
1718924320.186336517 0.985686 -0.013390 -0.014933 0.005023 -0.015734 0.002735 0.999860
1718924320.191383839 0.986259 -0.013414 -0.014894 0.004988 -0.015771 0.002818 0.999859
1718924320.196339130 0.986797 -0.013431 -0.014846 0.004961 -0.015825 0.002917 0.999858
1718924320.199991941 0.987178 -0.013439 -0.014806 0.004943 -0.015868 0.003006 0.999857
1718924320.199991941 0.987178 -0.013439 -0.014806 0.004943 -0.015868 0.003006 0.999857
1718924320.201328516 0.987314 -0.013441 -0.014789 0.004935 -0.015884 0.003039 0.999857
1718924320.206326723 0.987809 -0.013444 -0.014720 0.004910 -0.015938 0.003171 0.999856
1718924320.211320400 0.988283 -0.013440 -0.014649 0.004888 -0.015989 0.003283 0.999855
1718924320.216386318 0.988743 -0.013432 -0.014579 0.004874 -0.016038 0.003397 0.999854
1718924320.221356392 0.989175 -0.013421 -0.014511 0.004871 -0.016089 0.003504 0.999853
1718924320.226337194 0.989587 -0.013408 -0.014447 0.004857 -0.016139 0.003594 0.999852
1718924320.231347799 0.989981 -0.013394 -0.014383 0.004841 -0.016187 0.003670 0.999851
1718924320.236320734 0.990349 -0.013380 -0.014320 0.004814 -0.016243 0.003729 0.999850
1718924320.241327286 0.990696 -0.013367 -0.014256 0.004776 -0.016309 0.003773 0.999848
1718924320.246319294 0.991018 -0.013356 -0.014190 0.004748 -0.016382 0.003813 0.999847
1718924320.251327515 0.991315 -0.013347 -0.014121 0.004731 -0.016454 0.003837 0.999846
1718924320.256328821 0.991582 -0.013343 -0.014052 0.004730 -0.016514 0.003820 0.999845
1718924320.261321783 0.991820 -0.013344 -0.013983 0.004723 -0.016564 0.003778 0.999845
1718924320.266321898 0.992030 -0.013353 -0.013915 0.004703 -0.016620 0.003722 0.999844
1718924320.271329165 0.992212 -0.013368 -0.013846 0.004662 -0.016687 0.003663 0.999843
1718924320.276327848 0.992367 -0.013390 -0.013780 0.004610 -0.016754 0.003592 0.999843
1718924320.281333208 0.992492 -0.013417 -0.013721 0.004548 -0.016816 0.003511 0.999842
1718924320.286329746 0.992588 -0.013447 -0.013671 0.004495 -0.016871 0.003421 0.999842
1718924320.291320562 0.992652 -0.013479 -0.013632 0.004466 -0.016915 0.003336 0.999841
1718924320.296324730 0.992686 -0.013514 -0.013602 0.004460 -0.016952 0.003269 0.999841
1718924320.299990892 0.992691 -0.013542 -0.013584 0.004463 -0.016973 0.003226 0.999841
1718924320.299990892 0.992691 -0.013542 -0.013584 0.004463 -0.016973 0.003226 0.999841
1718924320.301320791 0.992688 -0.013553 -0.013578 0.004466 -0.016981 0.003210 0.999841
1718924320.306314468 0.992661 -0.013595 -0.013555 0.004475 -0.017010 0.003159 0.999840
1718924320.311318874 0.992607 -0.013641 -0.013529 0.004478 -0.017037 0.003118 0.999840
1718924320.316363335 0.992525 -0.013691 -0.013498 0.004474 -0.017066 0.003093 0.999840
1718924320.399989843 0.990523 -0.013939 -0.012839 0.004275 -0.017179 0.001912 0.999841
1718924320.399989843 0.990523 -0.013939 -0.012839 0.004275 -0.017179 0.001912 0.999841
1718924320.441368580 0.989250 -0.013680 -0.012377 0.004080 -0.017192 0.001317 0.999843
1718924320.446368217 0.989083 -0.013628 -0.012315 0.004084 -0.017205 0.001247 0.999843
1718924320.451318026 0.988914 -0.013572 -0.012255 0.004082 -0.017213 0.001174 0.999843
1718924320.456325293 0.988737 -0.013510 -0.012197 0.004075 -0.017215 0.001105 0.999843
1718924320.461327076 0.988555 -0.013442 -0.012141 0.004072 -0.017212 0.001054 0.999843
1718924320.466326714 0.988368 -0.013367 -0.012086 0.004061 -0.017207 0.001000 0.999843
1718924320.471322536 0.988175 -0.013287 -0.012029 0.004048 -0.017201 0.000948 0.999843
1718924320.476338387 0.987977 -0.013201 -0.011969 0.004051 -0.017207 0.000915 0.999843
1718924320.481321096 0.987776 -0.013110 -0.011905 0.004060 -0.017224 0.000900 0.999843
1718924320.486330271 0.987572 -0.013015 -0.011837 0.004068 -0.017246 0.000889 0.999843
1718924320.491380692 0.987363 -0.012915 -0.011768 0.004075 -0.017265 0.000880 0.999842
1718924320.496356964 0.987153 -0.012814 -0.011701 0.004085 -0.017283 0.000880 0.999842
1718924320.499992847 0.986998 -0.012739 -0.011653 0.004101 -0.017292 0.000885 0.999842
1718924320.499992847 0.986998 -0.012739 -0.011653 0.004101 -0.017292 0.000885 0.999842
1718924320.501317739 0.986940 -0.012711 -0.011634 0.004107 -0.017295 0.000887 0.999842
1718924320.506357670 0.986719 -0.012607 -0.011562 0.004137 -0.017306 0.000905 0.999841
1718924320.511360168 0.986499 -0.012506 -0.011488 0.004165 -0.017323 0.000929 0.999841
1718924320.556330204 0.984543 -0.011814 -0.010803 0.003957 -0.017070 0.000611 0.999846
1718924320.561319590 0.984332 -0.011760 -0.010723 0.003954 -0.017069 0.000580 0.999846
1718924320.566327095 0.984122 -0.011709 -0.010639 0.003964 -0.017072 0.000549 0.999846
1718924320.571316481 0.983913 -0.011658 -0.010551 0.003995 -0.017071 0.000521 0.999846
1718924320.576337814 0.983703 -0.011606 -0.010461 0.004036 -0.017069 0.000485 0.999846
1718924320.581339359 0.983495 -0.011556 -0.010370 0.004060 -0.017061 0.000441 0.999846
1718924320.586320639 0.983287 -0.011505 -0.010280 0.004062 -0.017048 0.000392 0.999846
1718924320.591314316 0.983080 -0.011453 -0.010192 0.004059 -0.017038 0.000347 0.999847
1718924320.596360445 0.982873 -0.011395 -0.010105 0.004068 -0.017030 0.000309 0.999847
1718924320.599983931 0.982725 -0.011351 -0.010043 0.004077 -0.017026 0.000288 0.999847
1718924320.599983931 0.982725 -0.011351 -0.010043 0.004077 -0.017026 0.000288 0.999847
1718924320.601362467 0.982669 -0.011334 -0.010019 0.004079 -0.017024 0.000280 0.999847
1718924320.606357813 0.982465 -0.011268 -0.009929 0.004077 -0.017014 0.000252 0.999847
1718924320.611360073 0.982263 -0.011197 -0.009838 0.004071 -0.017011 0.000213 0.999847
1718924320.616346598 0.982063 -0.011121 -0.009747 0.004064 -0.017002 0.000185 0.999847
1718924320.621336222 0.981865 -0.011038 -0.009654 0.004052 -0.016984 0.000169 0.999848
1718924320.626381636 0.981665 -0.010948 -0.009559 0.004032 -0.016952 0.000152 0.999848
1718924320.631350517 0.981469 -0.010852 -0.009465 0.004013 -0.016922 0.000145 0.999849
1718924320.636332273 0.981273 -0.010751 -0.009372 0.003999 -0.016899 0.000139 0.999849
1718924320.641316414 0.981080 -0.010642 -0.009279 0.003983 -0.016889 0.000140 0.999849
1718924320.646335363 0.980886 -0.010527 -0.009185 0.003961 -0.016886 0.000150 0.999850
1718924320.651335001 0.980694 -0.010407 -0.009093 0.003951 -0.016884 0.000154 0.999850
1718924320.656327248 0.980502 -0.010280 -0.009002 0.003951 -0.016882 0.000147 0.999850
1718924320.661328554 0.980311 -0.010149 -0.008913 0.003959 -0.016871 0.000127 0.999850
1718924320.666336536 0.980119 -0.010013 -0.008825 0.003967 -0.016844 0.000100 0.999850
1718924320.671330214 0.979927 -0.009876 -0.008737 0.003967 -0.016817 0.000066 0.999851
1718924320.676340818 0.979733 -0.009736 -0.008647 0.003963 -0.016802 0.000029 0.999851
1718924320.681330204 0.979540 -0.009595 -0.008556 0.003947 -0.016791 -0.000011 0.999851
1718924320.686361551 0.979346 -0.009453 -0.008463 0.003925 -0.016785 -0.000058 0.999851
1718924320.691356897 0.979153 -0.009309 -0.008371 0.003904 -0.016781 -0.000115 0.999852
1718924320.696312428 0.978962 -0.009166 -0.008281 0.003889 -0.016777 -0.000177 0.999852
1718924320.699975967 0.978821 -0.009060 -0.008215 0.003881 -0.016769 -0.000230 0.999852
1718924320.699975967 0.978821 -0.009060 -0.008215 0.003881 -0.016769 -0.000230 0.999852
1718924320.701329231 0.978770 -0.009020 -0.008190 0.003881 -0.016768 -0.000250 0.999852
1718924320.706355572 0.978578 -0.008875 -0.008096 0.003886 -0.016761 -0.000314 0.999852
1718924320.711361647 0.978389 -0.008731 -0.008003 0.003885 -0.016752 -0.000383 0.999852
1718924320.716315746 0.978204 -0.008590 -0.007909 0.003886 -0.016740 -0.000464 0.999852
1718924320.766328812 0.976438 -0.007189 -0.006669 0.003402 -0.016148 -0.001047 0.999863
1718924320.771313667 0.976274 -0.007051 -0.006517 0.003374 -0.016110 -0.001109 0.999864
1718924320.776381731 0.976106 -0.006911 -0.006358 0.003336 -0.016064 -0.001172 0.999865
1718924320.781382561 0.975940 -0.006771 -0.006197 0.003297 -0.016014 -0.001235 0.999866
1718924320.786309958 0.975774 -0.006631 -0.006038 0.003273 -0.015959 -0.001311 0.999866
1718924320.791355848 0.975601 -0.006484 -0.005875 0.003252 -0.015907 -0.001407 0.999867
1718924320.796317101 0.975427 -0.006337 -0.005718 0.003240 -0.015870 -0.001521 0.999868
1718924320.799979925 0.975297 -0.006226 -0.005604 0.003236 -0.015853 -0.001622 0.999868
1718924320.799979925 0.975297 -0.006226 -0.005604 0.003236 -0.015853 -0.001622 0.999868
1718924320.801357985 0.975247 -0.006184 -0.005560 0.003232 -0.015845 -0.001660 0.999868
1718924320.806352377 0.975065 -0.006028 -0.005403 0.003202 -0.015829 -0.001819 0.999868
1718924320.811360836 0.974881 -0.005870 -0.005250 0.003149 -0.015824 -0.001981 0.999868
1718924320.816370010 0.974697 -0.005709 -0.005099 0.003077 -0.015818 -0.002156 0.999868
1718924320.821321487 0.974516 -0.005549 -0.004950 0.002991 -0.015811 -0.002346 0.999868
1718924320.826397181 0.974331 -0.005381 -0.004795 0.002902 -0.015810 -0.002535 0.999868
1718924320.831364870 0.974151 -0.005212 -0.004643 0.002841 -0.015793 -0.002713 0.999868
1718924320.836362362 0.973973 -0.005035 -0.004490 0.002803 -0.015762 -0.002884 0.999868
1718924320.841354847 0.973800 -0.004854 -0.004335 0.002784 -0.015731 -0.003048 0.999868
1718924320.846335411 0.973632 -0.004671 -0.004179 0.002763 -0.015700 -0.003206 0.999868
1718924320.851315975 0.973468 -0.004485 -0.004022 0.002741 -0.015665 -0.003354 0.999868
1718924320.856319427 0.973307 -0.004296 -0.003868 0.002731 -0.015634 -0.003485 0.999868
1718924320.861325502 0.973152 -0.004102 -0.003719 0.002740 -0.015603 -0.003593 0.999868
1718924320.866318226 0.973001 -0.003904 -0.003575 0.002755 -0.015571 -0.003687 0.999868
1718924320.871323586 0.972856 -0.003705 -0.003431 0.002765 -0.015539 -0.003766 0.999868
1718924320.876338243 0.972715 -0.003505 -0.003285 0.002754 -0.015501 -0.003841 0.999869
1718924320.881359100 0.972577 -0.003306 -0.003133 0.002723 -0.015466 -0.003916 0.999869
1718924320.886311293 0.972444 -0.003108 -0.002977 0.002682 -0.015423 -0.003983 0.999870
1718924320.891355753 0.972311 -0.002905 -0.002814 0.002627 -0.015370 -0.004045 0.999870
1718924320.896348953 0.972179 -0.002704 -0.002650 0.002571 -0.015316 -0.004109 0.999871
1718924320.900017977 0.972082 -0.002557 -0.002529 0.002536 -0.015282 -0.004169 0.999871
1718924320.900017977 0.972082 -0.002557 -0.002529 0.002536 -0.015282 -0.004169 0.999871
1718924320.901355743 0.972046 -0.002503 -0.002483 0.002525 -0.015270 -0.004191 0.999871
1718924320.906312704 0.971912 -0.002302 -0.002316 0.002484 -0.015222 -0.004281 0.999872
1718924320.911349773 0.971773 -0.002099 -0.002147 0.002436 -0.015178 -0.004380 0.999872
1718924320.951384544 0.970694 -0.000860 -0.000746 0.001215 -0.014443 -0.005867 0.999878
1718924320.956316233 0.970570 -0.000760 -0.000570 0.001076 -0.014402 -0.006056 0.999877
1718924320.961316586 0.970449 -0.000669 -0.000393 0.000924 -0.014371 -0.006249 0.999877
1718924320.966321945 0.970334 -0.000584 -0.000217 0.000758 -0.014344 -0.006442 0.999876
1718924320.971319199 0.970225 -0.000507 -0.000043 0.000590 -0.014323 -0.006632 0.999875
1718924320.976367235 0.970118 -0.000438 0.000130 0.000437 -0.014296 -0.006839 0.999874
1718924320.981352568 0.970015 -0.000377 0.000301 0.000306 -0.014273 -0.007072 0.999873
1718924320.986316919 0.969916 -0.000325 0.000474 0.000168 -0.014250 -0.007321 0.999872
1718924320.991348028 0.969817 -0.000281 0.000653 0.000001 -0.014231 -0.007582 0.999870
1718924320.996353388 0.969721 -0.000245 0.000834 -0.000193 -0.014206 -0.007851 0.999868
1718924321.001307249 0.969626 -0.000215 0.001011 -0.000383 -0.014168 -0.008124 0.999867
1718924321.006349564 0.969532 -0.000186 0.001187 -0.000553 -0.014130 -0.008416 0.999865
1718924321.011348963 0.969442 -0.000157 0.001359 -0.000689 -0.014095 -0.008720 0.999862
1718924321.016322851 0.969355 -0.000128 0.001529 -0.000802 -0.014051 -0.009021 0.999860
1718924321.021372318 0.969268 -0.000098 0.001702 -0.000913 -0.014006 -0.009313 0.999858
1718924321.026333570 0.969183 -0.000064 0.001874 -0.000994 -0.013964 -0.009587 0.999856
1718924321.031355381 0.969099 -0.000026 0.002050 -0.001061 -0.013930 -0.009851 0.999854
1718924321.036364555 0.969017 0.000017 0.002227 -0.001129 -0.013885 -0.010102 0.999852
1718924321.041330338 0.968938 0.000065 0.002398 -0.001202 -0.013845 -0.010344 0.999850
1718924321.046366930 0.968859 0.000119 0.002564 -0.001264 -0.013803 -0.010561 0.999848
1718924321.051311493 0.968782 0.000176 0.002718 -0.001323 -0.013743 -0.010752 0.999847
1718924321.056306362 0.968703 0.000232 0.002868 -0.001391 -0.013676 -0.010948 0.999846
1718924321.061300278 0.968621 0.000284 0.003016 -0.001486 -0.013612 -0.011148 0.999844
1718924321.066305876 0.968535 0.000331 0.003169 -0.001590 -0.013547 -0.011365 0.999842
1718924321.071303129 0.968442 0.000376 0.003329 -0.001673 -0.013486 -0.011597 0.999840
1718924321.076306820 0.968342 0.000417 0.003495 -0.001729 -0.013440 -0.011853 0.999838
1718924321.081304073 0.968239 0.000452 0.003661 -0.001750 -0.013409 -0.012149 0.999835
1718924321.086306095 0.968132 0.000483 0.003825 -0.001747 -0.013382 -0.012470 0.999831
1718924321.091303349 0.968020 0.000511 0.003982 -0.001711 -0.013350 -0.012806 0.999827
1718924321.096298456 0.967904 0.000536 0.004131 -0.001637 -0.013308 -0.013167 0.999823
1718924321.099987984 0.967816 0.000552 0.004236 -0.001572 -0.013275 -0.013457 0.999820
1718924321.099987984 0.967816 0.000552 0.004236 -0.001572 -0.013275 -0.013457 0.999820
1718924321.101305008 0.967785 0.000559 0.004276 -0.001547 -0.013266 -0.013560 0.999819
1718924321.106301308 0.967667 0.000584 0.004427 -0.001458 -0.013222 -0.013956 0.999814
1718924321.111306190 0.967548 0.000609 0.004579 -0.001367 -0.013183 -0.014362 0.999809
1718924321.116335154 0.967429 0.000636 0.004734 -0.001261 -0.013152 -0.014789 0.999803
1718924321.199980259 0.965507 0.002096 0.006563 -0.003431 -0.012342 -0.019225 0.999733
1718924321.199980259 0.965507 0.002096 0.006563 -0.003431 -0.012342 -0.019225 0.999733
1718924321.206344604 0.965366 0.002293 0.006641 -0.003595 -0.012284 -0.019563 0.999727
1718924321.211339235 0.965257 0.002452 0.006696 -0.003698 -0.012258 -0.019831 0.999721
1718924321.216365814 0.965148 0.002611 0.006750 -0.003821 -0.012243 -0.020109 0.999716
1718924321.221365690 0.965040 0.002767 0.006804 -0.003955 -0.012243 -0.020399 0.999709
1718924321.226363897 0.964933 0.002924 0.006863 -0.004097 -0.012245 -0.020700 0.999702
1718924321.231377840 0.964829 0.003087 0.006926 -0.004237 -0.012234 -0.021013 0.999695
1718924321.236385107 0.964729 0.003257 0.006997 -0.004363 -0.012209 -0.021324 0.999689
1718924321.241371870 0.964635 0.003433 0.007075 -0.004480 -0.012175 -0.021636 0.999682
1718924321.246350050 0.964548 0.003615 0.007158 -0.004581 -0.012128 -0.021940 0.999675
1718924321.251348734 0.964466 0.003800 0.007244 -0.004656 -0.012076 -0.022243 0.999669
1718924321.256348372 0.964388 0.003988 0.007330 -0.004722 -0.012016 -0.022542 0.999663
1718924321.261361361 0.964314 0.004178 0.007413 -0.004809 -0.011946 -0.022825 0.999657
1718924321.266347647 0.964243 0.004369 0.007490 -0.004902 -0.011876 -0.023086 0.999651
1718924321.271310806 0.964176 0.004567 0.007559 -0.004970 -0.011809 -0.023335 0.999646
1718924321.276371956 0.964111 0.004775 0.007624 -0.005012 -0.011737 -0.023579 0.999641
1718924321.281398058 0.964050 0.004985 0.007684 -0.005025 -0.011671 -0.023796 0.999636
1718924321.286313772 0.963994 0.005191 0.007741 -0.005016 -0.011615 -0.023997 0.999632
1718924321.291334391 0.963940 0.005401 0.007799 -0.004991 -0.011565 -0.024186 0.999628
1718924321.296337843 0.963890 0.005610 0.007858 -0.004971 -0.011517 -0.024367 0.999624
1718924321.299994230 0.963855 0.005762 0.007903 -0.004970 -0.011490 -0.024492 0.999622
1718924321.299994230 0.963855 0.005762 0.007903 -0.004970 -0.011490 -0.024492 0.999622
1718924321.301338673 0.963843 0.005818 0.007922 -0.004966 -0.011485 -0.024538 0.999621
1718924321.306306362 0.963799 0.006025 0.007995 -0.004987 -0.011464 -0.024683 0.999617
1718924321.311296940 0.963758 0.006233 0.008075 -0.005029 -0.011447 -0.024820 0.999614
1718924321.361350298 0.963466 0.008544 0.009033 -0.006044 -0.010946 -0.027128 0.999554
1718924321.366358519 0.963449 0.008794 0.009128 -0.006082 -0.010940 -0.027368 0.999547
1718924321.371359348 0.963434 0.009048 0.009230 -0.006093 -0.010932 -0.027624 0.999540
1718924321.376310825 0.963421 0.009306 0.009336 -0.006082 -0.010908 -0.027888 0.999533
1718924321.381340742 0.963408 0.009575 0.009448 -0.006069 -0.010872 -0.028157 0.999526
1718924321.386339188 0.963396 0.009849 0.009559 -0.006062 -0.010842 -0.028414 0.999519
1718924321.391332626 0.963385 0.010131 0.009668 -0.006058 -0.010812 -0.028667 0.999512
1718924321.396337032 0.963376 0.010421 0.009771 -0.006044 -0.010788 -0.028923 0.999505
1718924321.399999142 0.963369 0.010636 0.009841 -0.006023 -0.010776 -0.029105 0.999500
1718924321.399999142 0.963369 0.010636 0.009841 -0.006023 -0.010776 -0.029105 0.999500
1718924321.401338577 0.963368 0.010716 0.009869 -0.006017 -0.010769 -0.029172 0.999498
1718924321.406292200 0.963362 0.011017 0.009967 -0.005999 -0.010737 -0.029415 0.999492
1718924321.411325693 0.963359 0.011329 0.010065 -0.005980 -0.010710 -0.029642 0.999485
1718924321.416302443 0.963358 0.011645 0.010163 -0.005970 -0.010674 -0.029847 0.999480
1718924321.421306372 0.963360 0.011973 0.010264 -0.005959 -0.010632 -0.030037 0.999474
1718924321.426390648 0.963362 0.012315 0.010370 -0.005925 -0.010576 -0.030214 0.999470
1718924321.431345463 0.963366 0.012658 0.010475 -0.005872 -0.010521 -0.030384 0.999466
1718924321.436304092 0.963372 0.013009 0.010580 -0.005823 -0.010477 -0.030540 0.999462
1718924321.441301584 0.963379 0.013368 0.010684 -0.005780 -0.010449 -0.030676 0.999458
1718924321.446346998 0.963388 0.013737 0.010787 -0.005739 -0.010435 -0.030800 0.999455
1718924321.451351166 0.963398 0.014109 0.010888 -0.005704 -0.010430 -0.030919 0.999451
1718924321.456360340 0.963411 0.014490 0.010988 -0.005665 -0.010429 -0.031040 0.999448
1718924321.461344481 0.963425 0.014877 0.011089 -0.005626 -0.010421 -0.031170 0.999444
1718924321.466329098 0.963441 0.015271 0.011192 -0.005580 -0.010412 -0.031306 0.999440
1718924321.471339941 0.963459 0.015676 0.011297 -0.005524 -0.010403 -0.031453 0.999436
1718924321.476340055 0.963478 0.016089 0.011406 -0.005458 -0.010383 -0.031597 0.999432
1718924321.481294394 0.963499 0.016504 0.011518 -0.005400 -0.010349 -0.031754 0.999428
1718924321.486291647 0.963524 0.016928 0.011637 -0.005357 -0.010310 -0.031926 0.999423
1718924321.491291285 0.963551 0.017359 0.011760 -0.005317 -0.010277 -0.032104 0.999418
1718924321.496288300 0.963580 0.017798 0.011885 -0.005289 -0.010242 -0.032298 0.999412
1718924321.500002146 0.963602 0.018128 0.011977 -0.005269 -0.010222 -0.032451 0.999407
1718924321.500002146 0.963602 0.018128 0.011977 -0.005269 -0.010222 -0.032451 0.999407
1718924321.501292229 0.963611 0.018243 0.012010 -0.005259 -0.010220 -0.032503 0.999406
1718924321.506286383 0.963644 0.018693 0.012138 -0.005225 -0.010208 -0.032704 0.999399
1718924321.511294842 0.963681 0.019150 0.012260 -0.005174 -0.010188 -0.032901 0.999393
1718924321.556282759 0.964034 0.023103 0.013221 -0.005508 -0.009634 -0.035726 0.999300
1718924321.561285257 0.964074 0.023517 0.013299 -0.005516 -0.009623 -0.036047 0.999289
1718924321.566291809 0.964115 0.023925 0.013380 -0.005529 -0.009617 -0.036398 0.999276
1718924321.571300268 0.964157 0.024326 0.013465 -0.005539 -0.009616 -0.036771 0.999262
1718924321.576284647 0.964198 0.024721 0.013555 -0.005543 -0.009630 -0.037155 0.999248
1718924321.581284761 0.964240 0.025112 0.013652 -0.005562 -0.009654 -0.037549 0.999233
1718924321.586293459 0.964285 0.025501 0.013753 -0.005589 -0.009680 -0.037948 0.999217
1718924321.591304064 0.964331 0.025888 0.013851 -0.005598 -0.009701 -0.038356 0.999201
1718924321.596290112 0.964377 0.026274 0.013945 -0.005581 -0.009710 -0.038769 0.999185
1718924321.599977255 0.964412 0.026560 0.014011 -0.005553 -0.009711 -0.039082 0.999173
1718924321.599977255 0.964412 0.026560 0.014011 -0.005553 -0.009711 -0.039082 0.999173
1718924321.601319075 0.964425 0.026665 0.014037 -0.005544 -0.009709 -0.039197 0.999169
1718924321.606280804 0.964477 0.027055 0.014135 -0.005527 -0.009693 -0.039627 0.999152
1718924321.611326218 0.964533 0.027450 0.014239 -0.005541 -0.009675 -0.040059 0.999135
1718924321.616299629 0.964591 0.027840 0.014349 -0.005586 -0.009655 -0.040468 0.999119
1718924321.621367693 0.964653 0.028239 0.014474 -0.005655 -0.009636 -0.040869 0.999102
1718924321.626308203 0.964717 0.028630 0.014605 -0.005761 -0.009621 -0.041247 0.999086
1718924321.631291389 0.964784 0.029026 0.014741 -0.005910 -0.009608 -0.041620 0.999070
1718924321.636290312 0.964854 0.029426 0.014874 -0.006078 -0.009595 -0.042003 0.999053
1718924321.641285896 0.964925 0.029827 0.014998 -0.006262 -0.009572 -0.042391 0.999036
1718924321.646295547 0.964996 0.030234 0.015103 -0.006393 -0.009529 -0.042790 0.999018
1718924321.651306868 0.965067 0.030649 0.015181 -0.006429 -0.009469 -0.043216 0.999000
1718924321.656296253 0.965139 0.031070 0.015234 -0.006407 -0.009407 -0.043659 0.998982
1718924321.661285400 0.965213 0.031495 0.015277 -0.006397 -0.009344 -0.044125 0.998962
1718924321.666295528 0.965291 0.031917 0.015325 -0.006431 -0.009288 -0.044612 0.998941
1718924321.671361685 0.965373 0.032340 0.015394 -0.006496 -0.009244 -0.045120 0.998918
1718924321.676368952 0.965460 0.032762 0.015488 -0.006584 -0.009203 -0.045615 0.998895
1718924321.681321383 0.965550 0.033182 0.015603 -0.006681 -0.009158 -0.046096 0.998873
1718924321.686288595 0.965643 0.033607 0.015731 -0.006776 -0.009103 -0.046568 0.998851
1718924321.691329718 0.965739 0.034041 0.015860 -0.006836 -0.009035 -0.047041 0.998829
1718924321.696280003 0.965836 0.034473 0.015973 -0.006833 -0.008952 -0.047483 0.998809
1718924321.699892282 0.965908 0.034793 0.016045 -0.006787 -0.008892 -0.047799 0.998794
1718924321.699892282 0.965908 0.034793 0.016045 -0.006787 -0.008892 -0.047799 0.998794
1718924321.701324940 0.965937 0.034921 0.016073 -0.006766 -0.008873 -0.047923 0.998789
1718924321.706322908 0.966043 0.035375 0.016161 -0.006679 -0.008822 -0.048361 0.998769
1718924321.711328983 0.966152 0.035836 0.016236 -0.006622 -0.008788 -0.048815 0.998747
1718924321.716284037 0.966262 0.036301 0.016306 -0.006586 -0.008782 -0.049286 0.998724
1718924321.761289120 0.967229 0.040571 0.017081 -0.008131 -0.008356 -0.055794 0.998374
1718924321.766274452 0.967322 0.041033 0.017176 -0.008303 -0.008353 -0.056514 0.998332
1718924321.771275520 0.967417 0.041500 0.017267 -0.008450 -0.008372 -0.057244 0.998289
1718924321.776281118 0.967516 0.041976 0.017354 -0.008517 -0.008396 -0.057987 0.998246
1718924321.781288385 0.967619 0.042467 0.017434 -0.008462 -0.008402 -0.058761 0.998201
1718924321.786277533 0.967726 0.042972 0.017512 -0.008318 -0.008386 -0.059548 0.998156
1718924321.791283607 0.967840 0.043491 0.017598 -0.008179 -0.008365 -0.060332 0.998110
1718924321.796277761 0.967965 0.044017 0.017699 -0.008110 -0.008336 -0.061080 0.998065
1718924321.799995184 0.968063 0.044413 0.017788 -0.008099 -0.008305 -0.061604 0.998033
1718924321.799995184 0.968063 0.044413 0.017788 -0.008099 -0.008305 -0.061604 0.998033
1718924321.801283836 0.968098 0.044551 0.017824 -0.008097 -0.008293 -0.061787 0.998022
1718924321.806271791 0.968232 0.045089 0.017974 -0.008129 -0.008212 -0.062460 0.997981
1718924321.811277151 0.968372 0.045636 0.018129 -0.008158 -0.008120 -0.063089 0.997942
1718924321.816280603 0.968518 0.046193 0.018286 -0.008146 -0.008032 -0.063698 0.997904
1718924321.821287870 0.968670 0.046764 0.018439 -0.008059 -0.007952 -0.064313 0.997866
1718924321.826282740 0.968822 0.047349 0.018584 -0.007929 -0.007886 -0.064945 0.997826
1718924321.831285477 0.968975 0.047949 0.018721 -0.007823 -0.007840 -0.065593 0.997785
1718924321.836277485 0.969126 0.048556 0.018854 -0.007790 -0.007825 -0.066251 0.997742
1718924321.841277361 0.969278 0.049166 0.018986 -0.007872 -0.007830 -0.066921 0.997697
1718924321.846298695 0.969427 0.049778 0.019120 -0.008082 -0.007841 -0.067615 0.997648
1718924321.851271152 0.969570 0.050383 0.019253 -0.008387 -0.007853 -0.068324 0.997597
1718924321.856318474 0.969714 0.050998 0.019388 -0.008762 -0.007886 -0.069057 0.997543
1718924321.861274481 0.969859 0.051606 0.019516 -0.009106 -0.007939 -0.069782 0.997489
1718924321.866322517 0.970008 0.052237 0.019630 -0.009355 -0.007994 -0.070532 0.997434
1718924321.871283531 0.970158 0.052873 0.019720 -0.009440 -0.008031 -0.071285 0.997379
1718924321.876357555 0.970318 0.053543 0.019793 -0.009395 -0.008054 -0.072066 0.997323
1718924321.881267548 0.970480 0.054201 0.019856 -0.009327 -0.008076 -0.072813 0.997269
1718924321.886270523 0.970650 0.054872 0.019921 -0.009303 -0.008095 -0.073570 0.997214
1718924321.891313553 0.970824 0.055548 0.019987 -0.009336 -0.008114 -0.074338 0.997156
1718924321.896307707 0.971003 0.056220 0.020052 -0.009379 -0.008113 -0.075111 0.997098
1718924321.900022268 0.971140 0.056724 0.020101 -0.009433 -0.008111 -0.075687 0.997054
1718924321.900022268 0.971140 0.056724 0.020101 -0.009433 -0.008111 -0.075687 0.997054
1718924321.901277065 0.971192 0.056897 0.020118 -0.009449 -0.008112 -0.075880 0.997039
1718924321.906280518 0.971403 0.057591 0.020193 -0.009558 -0.008110 -0.076629 0.996981
1718924321.911268711 0.971622 0.058285 0.020279 -0.009700 -0.008115 -0.077346 0.996924
1718924321.961289167 0.974780 0.065740 0.021296 -0.012536 -0.007779 -0.083518 0.996397
1718924321.966328859 0.975078 0.066469 0.021421 -0.012734 -0.007816 -0.084131 0.996343
1718924321.971269608 0.975377 0.067197 0.021533 -0.012773 -0.007850 -0.084741 0.996290
1718924321.976278067 0.975687 0.067946 0.021631 -0.012686 -0.007887 -0.085380 0.996236
1718924321.981277704 0.976002 0.068698 0.021715 -0.012540 -0.007922 -0.086044 0.996181
1718924321.986302614 0.976324 0.069448 0.021784 -0.012443 -0.007953 -0.086731 0.996122
1718924321.991313219 0.976648 0.070193 0.021843 -0.012398 -0.007967 -0.087417 0.996063
1718924321.996318579 0.976975 0.070938 0.021899 -0.012382 -0.007973 -0.088098 0.996003
1718924322.001266241 0.977303 0.071676 0.021961 -0.012409 -0.007969 -0.088777 0.995942
1718924322.006261826 0.977638 0.072418 0.022043 -0.012501 -0.007944 -0.089459 0.995880
1718924322.011267185 0.977976 0.073156 0.022152 -0.012626 -0.007924 -0.090131 0.995818
1718924322.016383410 0.978325 0.073911 0.022288 -0.012725 -0.007917 -0.090798 0.995757
1718924322.021301270 0.978665 0.074641 0.022428 -0.012751 -0.007921 -0.091413 0.995700
1718924322.026267052 0.979011 0.075385 0.022566 -0.012705 -0.007918 -0.092023 0.995644
1718924322.031288385 0.979363 0.076144 0.022689 -0.012608 -0.007911 -0.092645 0.995588
1718924322.036279202 0.979713 0.076904 0.022785 -0.012496 -0.007897 -0.093291 0.995529
1718924322.041281939 0.980063 0.077665 0.022855 -0.012446 -0.007873 -0.093959 0.995467
1718924322.046285868 0.980414 0.078419 0.022906 -0.012518 -0.007842 -0.094645 0.995402
1718924322.051273823 0.980769 0.079164 0.022951 -0.012680 -0.007823 -0.095352 0.995332
1718924322.056275368 0.981130 0.079910 0.023000 -0.012867 -0.007778 -0.096098 0.995258
1718924322.061299801 0.981496 0.080659 0.023058 -0.013049 -0.007699 -0.096871 0.995182
1718924322.066279411 0.981861 0.081397 0.023132 -0.013214 -0.007613 -0.097656 0.995103
1718924322.071265221 0.982229 0.082129 0.023225 -0.013345 -0.007535 -0.098448 0.995024
1718924322.076258898 0.982604 0.082858 0.023333 -0.013402 -0.007462 -0.099246 0.994945
1718924322.081264257 0.982981 0.083588 0.023451 -0.013420 -0.007413 -0.100038 0.994866
1718924322.086256266 0.983358 0.084315 0.023572 -0.013412 -0.007384 -0.100828 0.994786
1718924322.091252565 0.983737 0.085047 0.023683 -0.013345 -0.007380 -0.101636 0.994705
1718924322.096267462 0.984122 0.085793 0.023774 -0.013205 -0.007394 -0.102466 0.994621
1718924322.099982023 0.984409 0.086354 0.023830 -0.013067 -0.007393 -0.103096 0.994558
1718924322.099982023 0.984409 0.086354 0.023830 -0.013067 -0.007393 -0.103096 0.994558
1718924322.101272106 0.984508 0.086550 0.023852 -0.013019 -0.007394 -0.103317 0.994536
1718924322.106259823 0.984895 0.087317 0.023932 -0.012880 -0.007379 -0.104181 0.994448
1718924322.111253738 0.985287 0.088090 0.024003 -0.012837 -0.007339 -0.105031 0.994359
1718924322.141274214 0.987794 0.093049 0.024633 -0.012186 -0.007144 -0.109383 0.993899
1718924322.146271706 0.988214 0.093910 0.024747 -0.012081 -0.007152 -0.110061 0.993826
1718924322.151317358 0.988644 0.094787 0.024852 -0.012070 -0.007180 -0.110727 0.993752
1718924322.156312943 0.989073 0.095657 0.024939 -0.012158 -0.007186 -0.111367 0.993679
1718924322.161283016 0.989501 0.096523 0.024999 -0.012314 -0.007160 -0.111988 0.993607
1718924322.166269302 0.989933 0.097390 0.025032 -0.012477 -0.007121 -0.112595 0.993537
1718924322.171320438 0.990376 0.098265 0.025047 -0.012629 -0.007075 -0.113192 0.993468
1718924322.176318169 0.990820 0.099122 0.025057 -0.012753 -0.007055 -0.113789 0.993398
1718924322.181271076 0.991260 0.099964 0.025080 -0.012872 -0.007068 -0.114389 0.993327
1718924322.186317444 0.991708 0.100817 0.025119 -0.012964 -0.007115 -0.115015 0.993254
1718924322.191315651 0.992151 0.101659 0.025170 -0.013019 -0.007185 -0.115646 0.993179
1718924322.196327925 0.992592 0.102500 0.025229 -0.013056 -0.007257 -0.116297 0.993102
1718924322.200005293 0.992912 0.103112 0.025275 -0.013085 -0.007299 -0.116792 0.993043
1718924322.200005293 0.992912 0.103112 0.025275 -0.013085 -0.007299 -0.116792 0.993043
1718924322.201313257 0.993026 0.103329 0.025291 -0.013094 -0.007312 -0.116969 0.993022
1718924322.206270695 0.993457 0.104147 0.025346 -0.013140 -0.007336 -0.117678 0.992938
1718924322.211265802 0.993883 0.104960 0.025389 -0.013196 -0.007337 -0.118415 0.992849
1718924322.216275692 0.994304 0.105770 0.025422 -0.013225 -0.007342 -0.119176 0.992758
1718924322.246329069 0.996898 0.111028 0.025021 -0.015348 -0.006752 -0.125162 0.991995
1718924322.251268864 0.997278 0.111936 0.024910 -0.015551 -0.006710 -0.126097 0.991873
1718924322.256306648 0.997657 0.112871 0.024812 -0.015645 -0.006640 -0.127061 0.991749
1718924322.261294603 0.998021 0.113794 0.024751 -0.015731 -0.006558 -0.128054 0.991621
1718924322.266304493 0.998376 0.114720 0.024721 -0.015747 -0.006494 -0.129084 0.991487
1718924322.271262884 0.998720 0.115636 0.024700 -0.015686 -0.006445 -0.130109 0.991355
1718924322.276295424 0.999058 0.116555 0.024669 -0.015607 -0.006376 -0.131160 0.991218
1718924322.281292439 0.999379 0.117449 0.024620 -0.015590 -0.006265 -0.132236 0.991076
1718924322.286266565 0.999685 0.118329 0.024544 -0.015582 -0.006122 -0.133316 0.990932
1718924322.291264296 0.999990 0.119212 0.024440 -0.015562 -0.005968 -0.134397 0.990787
1718924322.296247721 1.000295 0.120088 0.024324 -0.015510 -0.005792 -0.135516 0.990637
1718924322.301262140 1.000594 0.120962 0.024207 -0.015446 -0.005595 -0.136710 0.990475
1718924322.306273699 1.000878 0.121828 0.024107 -0.015345 -0.005422 -0.138007 0.990298
1718924322.311246634 1.001148 0.122684 0.024039 -0.015114 -0.005284 -0.139369 0.990111
1718924322.316280603 1.001414 0.123546 0.023991 -0.014773 -0.005156 -0.140814 0.989912
1718924322.321276188 1.001669 0.124395 0.023933 -0.014379 -0.005035 -0.142301 0.989706
1718924322.326269388 1.001911 0.125242 0.023846 -0.013960 -0.004901 -0.143846 0.989489
1718924322.331259966 1.002139 0.126084 0.023723 -0.013564 -0.004722 -0.145453 0.989261
1718924322.336260319 1.002352 0.126918 0.023561 -0.013251 -0.004518 -0.147108 0.989021
1718924322.341256618 1.002556 0.127740 0.023358 -0.012947 -0.004314 -0.148787 0.988775
1718924322.346262455 1.002761 0.128551 0.023122 -0.012612 -0.004136 -0.150521 0.988518
1718924322.351266861 1.002965 0.129346 0.022872 -0.012308 -0.003976 -0.152313 0.988248
1718924322.356250763 1.003165 0.130118 0.022613 -0.012059 -0.003819 -0.154155 0.987966
1718924322.361261606 1.003364 0.130876 0.022342 -0.011879 -0.003632 -0.156022 0.987676
1718924322.366261482 1.003564 0.131620 0.022068 -0.011758 -0.003437 -0.157923 0.987375
1718924322.371272087 1.003772 0.132362 0.021794 -0.011594 -0.003265 -0.159869 0.987065
1718924322.376260996 1.003994 0.133112 0.021509 -0.011283 -0.003152 -0.161843 0.986747
1718924322.381301641 1.004240 0.133897 0.021189 -0.010688 -0.003090 -0.163851 0.986422
1718924322.386258364 1.004497 0.134688 0.020848 -0.009881 -0.003025 -0.165843 0.986098
1718924322.391303301 1.004757 0.135480 0.020504 -0.009275 -0.002915 -0.167898 0.985756
1718924322.396270275 1.005002 0.136235 0.020170 -0.008925 -0.002685 -0.169952 0.985408
1718924322.399972200 1.005182 0.136791 0.019900 -0.008702 -0.002448 -0.171512 0.985141
1718924322.399972200 1.005182 0.136791 0.019900 -0.008702 -0.002448 -0.171512 0.985141
1718924322.401302099 1.005245 0.136989 0.019798 -0.008622 -0.002365 -0.172069 0.985044
1718924322.406250715 1.005483 0.137728 0.019380 -0.008250 -0.002088 -0.174247 0.984665
1718924322.411283493 1.005731 0.138486 0.018897 -0.007634 -0.001933 -0.176636 0.984245
1718924322.416292667 1.005988 0.139251 0.018353 -0.006830 -0.001892 -0.179172 0.983792
1718924322.499963999 1.008965 0.151441 0.004373 -0.000844 -0.006073 -0.207457 0.978225
1718924322.499963999 1.008965 0.151441 0.004373 -0.000844 -0.006073 -0.207457 0.978225
1718924322.501275301 1.009001 0.151628 0.004096 -0.000749 -0.006140 -0.207896 0.978131
1718924322.506239414 1.009132 0.152339 0.003039 -0.000562 -0.006464 -0.209658 0.977753
1718924322.511236191 1.009243 0.153047 0.001971 -0.000602 -0.006777 -0.211543 0.977345
1718924322.516318321 1.009328 0.153776 0.000875 -0.000726 -0.007048 -0.213600 0.976896
1718924322.521252871 1.009390 0.154501 -0.000211 -0.000820 -0.007249 -0.215714 0.976429
1718924322.526261330 1.009440 0.155241 -0.001337 -0.000847 -0.007399 -0.217942 0.975933
1718924322.531287432 1.009482 0.155974 -0.002482 -0.000784 -0.007499 -0.220192 0.975427
1718924322.536343098 1.009521 0.156704 -0.003636 -0.000520 -0.007551 -0.222441 0.974917
1718924322.541249275 1.009562 0.157416 -0.004749 -0.000024 -0.007574 -0.224627 0.974415
1718924322.546293736 1.009614 0.158163 -0.005879 0.000604 -0.007623 -0.226865 0.973896
1718924322.551285982 1.009678 0.158915 -0.006974 0.001166 -0.007765 -0.229025 0.973389
1718924322.556238413 1.009751 0.159674 -0.008020 0.001457 -0.007956 -0.231115 0.972893
1718924322.561278343 1.009833 0.160462 -0.009035 0.001382 -0.008149 -0.233194 0.972395
1718924322.566263199 1.009922 0.161262 -0.010010 0.001014 -0.008285 -0.235223 0.971906
1718924322.571273804 1.010025 0.162088 -0.010992 0.000551 -0.008366 -0.237230 0.971417
1718924322.576246977 1.010139 0.162917 -0.011979 0.000108 -0.008374 -0.239187 0.970937
1718924322.581243992 1.010259 0.163741 -0.012995 -0.000265 -0.008306 -0.241107 0.970463
1718924322.586229801 1.010373 0.164554 -0.014049 -0.000492 -0.008211 -0.242965 0.970000
1718924322.591239214 1.010487 0.165362 -0.015148 -0.000620 -0.008119 -0.244767 0.969548
1718924322.596234322 1.010604 0.166160 -0.016263 -0.000724 -0.008043 -0.246496 0.969110
1718924322.599920988 1.010694 0.166740 -0.017089 -0.000891 -0.007976 -0.247708 0.968802
1718924322.599920988 1.010694 0.166740 -0.017089 -0.000891 -0.007976 -0.247708 0.968802
1718924322.601258278 1.010724 0.166946 -0.017388 -0.000953 -0.007953 -0.248145 0.968690
1718924322.606230497 1.010843 0.167712 -0.018504 -0.001408 -0.007774 -0.249648 0.968304
1718924322.611277580 1.010975 0.168508 -0.019653 -0.001934 -0.007498 -0.251021 0.967951
1718924322.666243076 1.013173 0.177815 -0.033341 -0.001939 -0.007020 -0.261610 0.965146
1718924322.671235085 1.013424 0.178691 -0.034676 -0.001924 -0.006993 -0.262560 0.964888
1718924322.676261187 1.013690 0.179580 -0.036035 -0.001941 -0.006973 -0.263568 0.964614
1718924322.681248903 1.013960 0.180468 -0.037389 -0.002026 -0.006924 -0.264645 0.964319
1718924322.686235428 1.014237 0.181362 -0.038747 -0.002136 -0.006849 -0.265779 0.964007
1718924322.691240788 1.014529 0.182268 -0.040122 -0.002186 -0.006781 -0.266947 0.963685
1718924322.696229696 1.014833 0.183180 -0.041504 -0.002131 -0.006750 -0.268155 0.963350
1718924322.699898243 1.015064 0.183857 -0.042528 -0.002039 -0.006739 -0.269065 0.963096
1718924322.699898243 1.015064 0.183857 -0.042528 -0.002039 -0.006739 -0.269065 0.963096
1718924322.701237440 1.015148 0.184105 -0.042902 -0.002005 -0.006735 -0.269398 0.963003
1718924322.706230879 1.015466 0.185033 -0.044309 -0.001881 -0.006716 -0.270674 0.962646
1718924322.711234570 1.015786 0.185964 -0.045729 -0.001820 -0.006671 -0.271965 0.962282
1718924322.716225863 1.016109 0.186893 -0.047152 -0.001850 -0.006591 -0.273256 0.961917
1718924322.721252441 1.016437 0.187828 -0.048592 -0.001969 -0.006488 -0.274548 0.961550
1718924322.726253510 1.016771 0.188757 -0.050031 -0.002100 -0.006415 -0.275837 0.961181
1718924322.731239319 1.017112 0.189679 -0.051469 -0.002247 -0.006362 -0.277136 0.960807
1718924322.736245394 1.017460 0.190600 -0.052916 -0.002412 -0.006321 -0.278457 0.960425
1718924322.741242886 1.017804 0.191517 -0.054361 -0.002611 -0.006256 -0.279802 0.960034
1718924322.746244192 1.018143 0.192432 -0.055809 -0.002829 -0.006168 -0.281197 0.959626
1718924322.751245022 1.018476 0.193343 -0.057260 -0.003064 -0.006096 -0.282640 0.959202
1718924322.756240845 1.018808 0.194244 -0.058708 -0.003282 -0.006020 -0.284126 0.958763
1718924322.761235476 1.019141 0.195135 -0.060158 -0.003493 -0.005933 -0.285630 0.958315
1718924322.766245842 1.019474 0.196019 -0.061621 -0.003745 -0.005834 -0.287162 0.957857
1718924322.771237612 1.019801 0.196892 -0.063088 -0.004024 -0.005696 -0.288717 0.957389
1718924322.776313066 1.020126 0.197777 -0.064594 -0.004317 -0.005526 -0.290338 0.956899
1718924322.781254292 1.020437 0.198634 -0.066076 -0.004637 -0.005348 -0.291948 0.956408
1718924322.786235094 1.020747 0.199489 -0.067579 -0.004976 -0.005188 -0.293588 0.955905
1718924322.791226864 1.021057 0.200343 -0.069091 -0.005233 -0.005065 -0.295259 0.955390
1718924322.796234846 1.021368 0.201199 -0.070618 -0.005396 -0.004991 -0.296963 0.954861
1718924322.799969912 1.021600 0.201836 -0.071766 -0.005459 -0.004949 -0.298260 0.954456
1718924322.799969912 1.021600 0.201836 -0.071766 -0.005459 -0.004949 -0.298260 0.954456
1718924322.801230907 1.021678 0.202051 -0.072155 -0.005480 -0.004935 -0.298696 0.954320
1718924322.806220770 1.021981 0.202895 -0.073705 -0.005543 -0.004877 -0.300453 0.953768
1718924322.811263800 1.022281 0.203739 -0.075286 -0.005624 -0.004820 -0.302273 0.953193
1718924322.851276636 1.024405 0.209745 -0.086731 -0.006199 -0.003619 -0.317515 0.948226
1718924322.856231451 1.024652 0.210405 -0.087977 -0.006257 -0.003379 -0.319369 0.947604
1718924322.861219168 1.024895 0.211045 -0.089171 -0.006377 -0.003091 -0.321185 0.946990
1718924322.866218328 1.025137 0.211657 -0.090300 -0.006569 -0.002800 -0.322928 0.946397
1718924322.871209145 1.025378 0.212236 -0.091358 -0.006813 -0.002564 -0.324564 0.945836
1718924322.876216888 1.025630 0.212797 -0.092357 -0.007009 -0.002428 -0.326035 0.945328
1718924322.881243706 1.025902 0.213361 -0.093313 -0.007052 -0.002429 -0.327325 0.944882
1718924322.886233807 1.026202 0.213948 -0.094237 -0.006930 -0.002530 -0.328409 0.944507
1718924322.891226292 1.026547 0.214587 -0.095148 -0.006617 -0.002704 -0.329277 0.944206
1718924322.896183968 1.026934 0.215277 -0.096029 -0.006330 -0.002910 -0.329981 0.943962
1718924322.899981976 1.027247 0.215832 -0.096687 -0.006306 -0.003039 -0.330426 0.943806
1718924322.899981976 1.027247 0.215832 -0.096687 -0.006306 -0.003039 -0.330426 0.943806
1718924322.900018930 1.048614 0.184225 -0.065087 -0.006106 -0.004414 -0.341987 0.939675
1718924322.900018930 1.048614 0.184225 -0.065087 -0.006106 -0.004414 -0.341987 0.939675
1718924322.901187420 1.048697 0.184250 -0.064947 -0.006098 -0.004454 -0.342124 0.939624
1718924322.906175613 1.049051 0.184361 -0.064342 -0.006324 -0.004531 -0.342635 0.939436
1718924322.911211491 1.049395 0.184476 -0.063727 -0.006647 -0.004541 -0.343112 0.939260
1718924322.916182280 1.049724 0.184599 -0.063146 -0.006815 -0.004548 -0.343584 0.939086
1718924322.921237230 1.050055 0.184745 -0.062606 -0.006692 -0.004594 -0.344069 0.938909
1718924322.926262140 1.050388 0.184908 -0.062100 -0.006383 -0.004690 -0.344556 0.938732
1718924322.931162119 1.050716 0.185074 -0.061601 -0.006157 -0.004837 -0.345065 0.938546
1718924322.936203957 1.051054 0.185251 -0.061070 -0.006092 -0.004994 -0.345636 0.938336
1718924322.941153288 1.051393 0.185445 -0.060544 -0.006085 -0.005128 -0.346254 0.938107
1718924322.946193218 1.051749 0.185672 -0.059999 -0.006058 -0.005253 -0.346941 0.937853
1718924322.951192617 1.052102 0.185918 -0.059447 -0.006036 -0.005349 -0.347705 0.937569
1718924322.956190109 1.052437 0.186156 -0.058893 -0.006122 -0.005390 -0.348577 0.937245
1718924322.961187363 1.052745 0.186374 -0.058340 -0.006296 -0.005379 -0.349520 0.936892
1718924322.966136217 1.053028 0.186574 -0.057783 -0.006491 -0.005352 -0.350537 0.936511
1718924322.971126556 1.053301 0.186775 -0.057222 -0.006621 -0.005351 -0.351691 0.936077
1718924322.976131916 1.053572 0.186994 -0.056673 -0.006598 -0.005396 -0.352938 0.935608
1718924322.981167793 1.053851 0.187238 -0.056125 -0.006395 -0.005495 -0.354276 0.935103
1718924322.986114740 1.054127 0.187494 -0.055585 -0.006116 -0.005642 -0.355660 0.934578
1718924322.991150379 1.054396 0.187754 -0.055032 -0.005833 -0.005824 -0.357146 0.934012
1718924322.996104717 1.054643 0.188003 -0.054483 -0.005563 -0.006021 -0.358693 0.933420
1718924323.001099586 1.054883 0.188253 -0.053927 -0.005199 -0.006265 -0.360326 0.932791
1718924323.006095171 1.055118 0.188508 -0.053369 -0.004752 -0.006568 -0.362027 0.932133
1718924323.011133194 1.055353 0.188767 -0.052805 -0.004297 -0.006939 -0.363792 0.931445
1718924323.031132936 1.056208 0.189852 -0.050413 -0.002874 -0.008600 -0.371363 0.928443
1718924323.036077499 1.056413 0.190122 -0.049769 -0.002644 -0.008908 -0.373240 0.927688
1718924323.041087389 1.056615 0.190399 -0.049090 -0.002534 -0.009126 -0.375150 0.926916
1718924323.046096325 1.056811 0.190677 -0.048399 -0.002538 -0.009280 -0.377059 0.926139
1718924323.051087618 1.057000 0.190947 -0.047717 -0.002609 -0.009361 -0.378954 0.925364
1718924323.056118488 1.057194 0.191209 -0.047032 -0.002712 -0.009346 -0.380835 0.924592
1718924323.061120987 1.057395 0.191473 -0.046348 -0.002730 -0.009334 -0.382689 0.923826
1718924323.066077471 1.057603 0.191749 -0.045678 -0.002725 -0.009323 -0.384496 0.923076
1718924323.071083307 1.057820 0.192038 -0.045018 -0.002765 -0.009289 -0.386301 0.922322
1718924323.076077461 1.058046 0.192334 -0.044368 -0.002906 -0.009243 -0.388070 0.921579
1718924323.081113100 1.058286 0.192636 -0.043716 -0.003171 -0.009143 -0.389802 0.920848
1718924323.086144209 1.058531 0.192939 -0.043084 -0.003574 -0.008946 -0.391439 0.920153
1718924323.091139317 1.058786 0.193240 -0.042502 -0.004103 -0.008683 -0.392910 0.919527
1718924323.096137047 1.059066 0.193553 -0.041972 -0.004492 -0.008438 -0.394190 0.918979
1718924323.099937916 1.059302 0.193806 -0.041587 -0.004627 -0.008306 -0.395062 0.918605
1718924323.099937916 1.059302 0.193806 -0.041587 -0.004627 -0.008306 -0.395062 0.918605
1718924323.101093292 1.059378 0.193884 -0.041471 -0.004669 -0.008266 -0.395325 0.918492
1718924323.106127262 1.059731 0.194236 -0.040964 -0.004745 -0.008143 -0.396351 0.918051
1718924323.111121416 1.060102 0.194593 -0.040434 -0.004810 -0.008036 -0.397278 0.917651
1718924323.116142035 1.060494 0.194953 -0.039852 -0.004991 -0.007886 -0.398122 0.917285
1718924323.151071548 1.063142 0.197544 -0.036176 -0.005047 -0.007740 -0.402753 0.915262
1718924323.156076670 1.063461 0.197927 -0.035735 -0.005039 -0.007681 -0.403476 0.914944
1718924323.161122561 1.063766 0.198305 -0.035302 -0.005023 -0.007605 -0.404315 0.914574
1718924323.166085482 1.064051 0.198668 -0.034878 -0.005022 -0.007552 -0.405244 0.914163
1718924323.171078444 1.064326 0.199022 -0.034453 -0.004996 -0.007528 -0.406289 0.913700
1718924323.176085472 1.064589 0.199363 -0.034030 -0.004972 -0.007479 -0.407436 0.913190
1718924323.181084871 1.064830 0.199688 -0.033609 -0.005004 -0.007382 -0.408682 0.912633
1718924323.186075687 1.065046 0.200000 -0.033198 -0.005125 -0.007236 -0.410027 0.912030
1718924323.191082716 1.065243 0.200309 -0.032803 -0.005271 -0.007060 -0.411477 0.911377
1718924323.196081161 1.065424 0.200609 -0.032435 -0.005396 -0.006903 -0.413010 0.910684
1718924323.199996948 1.065560 0.200836 -0.032168 -0.005464 -0.006815 -0.414256 0.910119
1718924323.199996948 1.065560 0.200836 -0.032168 -0.005464 -0.006815 -0.414256 0.910119
1718924323.201087475 1.065594 0.200898 -0.032096 -0.005483 -0.006792 -0.414603 0.909960
1718924323.206074476 1.065742 0.201177 -0.031786 -0.005519 -0.006729 -0.416253 0.909207
1718924323.211067438 1.065879 0.201458 -0.031505 -0.005528 -0.006670 -0.417963 0.908423
1718924323.216132164 1.066010 0.201746 -0.031256 -0.005485 -0.006598 -0.419741 0.907604
1718924323.221092224 1.066140 0.202026 -0.031052 -0.005374 -0.006542 -0.421501 0.906788
1718924323.226146698 1.066277 0.202305 -0.030883 -0.005224 -0.006505 -0.423310 0.905947
1718924323.231088400 1.066418 0.202576 -0.030757 -0.005033 -0.006478 -0.425089 0.905114
1718924323.236144066 1.066567 0.202856 -0.030673 -0.004786 -0.006444 -0.426912 0.904257
1718924323.241123915 1.066718 0.203132 -0.030640 -0.004532 -0.006390 -0.428701 0.903412
1718924323.246071100 1.066862 0.203401 -0.030648 -0.004328 -0.006286 -0.430467 0.902574
1718924323.251142502 1.067002 0.203664 -0.030684 -0.004183 -0.006115 -0.432293 0.901703
1718924323.256071806 1.067132 0.203904 -0.030731 -0.004103 -0.005922 -0.434096 0.900838
1718924323.261121035 1.067264 0.204133 -0.030778 -0.004034 -0.005769 -0.435959 0.899939
1718924323.266066790 1.067399 0.204348 -0.030817 -0.003932 -0.005705 -0.437799 0.899046
1718924323.271070480 1.067545 0.204559 -0.030842 -0.003722 -0.005754 -0.439695 0.898121
1718924323.276074886 1.067695 0.204767 -0.030849 -0.003445 -0.005848 -0.441614 0.897179
1718924323.281136036 1.067837 0.204969 -0.030814 -0.003274 -0.005941 -0.443593 0.896203
1718924323.286077261 1.067962 0.205153 -0.030702 -0.003369 -0.006020 -0.445520 0.895245
1718924323.291074753 1.068091 0.205333 -0.030501 -0.003714 -0.006107 -0.447425 0.894293
1718924323.296061039 1.068239 0.205523 -0.030226 -0.004292 -0.006175 -0.449244 0.893378
1718924323.299955845 1.068380 0.205691 -0.029977 -0.004906 -0.006201 -0.450564 0.892709
1718924323.299955845 1.068380 0.205691 -0.029977 -0.004906 -0.006201 -0.450564 0.892709
1718924323.301065683 1.068428 0.205744 -0.029903 -0.005082 -0.006206 -0.450938 0.892519
1718924323.306061268 1.068684 0.206016 -0.029556 -0.005930 -0.006257 -0.452492 0.891727
1718924323.311112881 1.069023 0.206362 -0.029200 -0.006627 -0.006395 -0.453968 0.890970
1718924323.356073856 1.073174 0.210054 -0.026655 -0.005834 -0.006778 -0.457259 0.889289
1718924323.361079216 1.073752 0.210483 -0.026450 -0.005763 -0.006814 -0.457484 0.889173
1718924323.366067886 1.074346 0.210920 -0.026262 -0.005669 -0.006882 -0.457675 0.889075
1718924323.371071100 1.074950 0.211372 -0.026085 -0.005571 -0.006948 -0.457891 0.888964
1718924323.376057386 1.075546 0.211834 -0.025932 -0.005532 -0.006958 -0.458147 0.888832
1718924323.381074190 1.076131 0.212302 -0.025804 -0.005589 -0.006895 -0.458450 0.888676
1718924323.386073112 1.076704 0.212766 -0.025687 -0.005689 -0.006791 -0.458772 0.888510
1718924323.391055107 1.077273 0.213227 -0.025583 -0.005702 -0.006706 -0.459138 0.888321
1718924323.396061182 1.077845 0.213693 -0.025501 -0.005546 -0.006681 -0.459581 0.888093
1718924323.399986982 1.078293 0.214059 -0.025447 -0.005388 -0.006674 -0.459969 0.887894
1718924323.399986982 1.078293 0.214059 -0.025447 -0.005388 -0.006674 -0.459969 0.887894
1718924323.401099443 1.078419 0.214162 -0.025433 -0.005343 -0.006673 -0.460080 0.887836
1718924323.406100512 1.078979 0.214621 -0.025366 -0.005188 -0.006644 -0.460626 0.887554
1718924323.411099195 1.079524 0.215067 -0.025281 -0.005120 -0.006587 -0.461227 0.887243
1718924323.416072130 1.080060 0.215506 -0.025183 -0.005005 -0.006553 -0.461914 0.886887
1718924323.421059847 1.080600 0.215953 -0.025079 -0.004761 -0.006559 -0.462723 0.886466
1718924323.426071644 1.081143 0.216410 -0.024976 -0.004418 -0.006653 -0.463661 0.885976
1718924323.431076765 1.081680 0.216863 -0.024870 -0.004139 -0.006782 -0.464682 0.885442
1718924323.436067104 1.082202 0.217304 -0.024748 -0.003938 -0.006923 -0.465766 0.884872
1718924323.441062689 1.082715 0.217736 -0.024611 -0.003794 -0.007069 -0.466897 0.884276
1718924323.446053743 1.083220 0.218164 -0.024465 -0.003697 -0.007195 -0.468090 0.883644
1718924323.451073885 1.083714 0.218591 -0.024308 -0.003674 -0.007268 -0.469350 0.882975
1718924323.456071854 1.084193 0.219016 -0.024134 -0.003635 -0.007304 -0.470665 0.882275
1718924323.461112738 1.084669 0.219444 -0.023944 -0.003475 -0.007365 -0.472054 0.881532
1718924323.466108799 1.085129 0.219860 -0.023746 -0.003267 -0.007458 -0.473498 0.880758
1718924323.471116781 1.085567 0.220257 -0.023538 -0.003110 -0.007525 -0.474988 0.879955
1718924323.476107597 1.085981 0.220631 -0.023316 -0.002972 -0.007587 -0.476508 0.879132
1718924323.481082678 1.086385 0.220996 -0.023088 -0.002750 -0.007717 -0.478066 0.878286
1718924323.486072779 1.086787 0.221365 -0.022863 -0.002526 -0.007884 -0.479666 0.877412
1718924323.491056919 1.087177 0.221735 -0.022640 -0.002459 -0.008008 -0.481294 0.876519
1718924323.496098280 1.087562 0.222108 -0.022411 -0.002526 -0.008058 -0.482950 0.875607
1718924323.499949932 1.087857 0.222397 -0.022236 -0.002591 -0.008058 -0.484223 0.874904
1718924323.499949932 1.087857 0.222397 -0.022236 -0.002591 -0.008058 -0.484223 0.874904
1718924323.501097202 1.087944 0.222484 -0.022183 -0.002611 -0.008055 -0.484599 0.874696
1718924323.506060123 1.088328 0.222871 -0.021965 -0.002678 -0.008026 -0.486235 0.873787
1718924323.511053324 1.088718 0.223270 -0.021759 -0.002794 -0.007960 -0.487855 0.872884
1718924323.566137075 1.092801 0.227074 -0.019526 -0.005131 -0.006737 -0.494232 0.869289
1718924323.571118832 1.093160 0.227356 -0.019323 -0.005269 -0.006630 -0.494678 0.869035
1718924323.576116323 1.093525 0.227629 -0.019101 -0.005339 -0.006576 -0.495046 0.868825
1718924323.581124067 1.093894 0.227887 -0.018862 -0.005405 -0.006571 -0.495362 0.868645
1718924323.586107969 1.094258 0.228127 -0.018613 -0.005525 -0.006567 -0.495641 0.868485
1718924323.591095209 1.094609 0.228357 -0.018373 -0.005644 -0.006569 -0.495911 0.868330
1718924323.596071005 1.094939 0.228579 -0.018158 -0.005717 -0.006606 -0.496198 0.868165
1718924323.600003004 1.095185 0.228750 -0.018009 -0.005713 -0.006665 -0.496451 0.868020
1718924323.600003004 1.095185 0.228750 -0.018009 -0.005713 -0.006665 -0.496451 0.868020
1718924323.601097107 1.095251 0.228798 -0.017972 -0.005712 -0.006683 -0.496522 0.867979
1718924323.606099367 1.095542 0.229015 -0.017817 -0.005668 -0.006788 -0.496870 0.867780
1718924323.611096144 1.095814 0.229224 -0.017679 -0.005573 -0.006934 -0.497242 0.867567
1718924323.616059780 1.096064 0.229426 -0.017548 -0.005473 -0.007109 -0.497670 0.867320
1718924323.621111631 1.096294 0.229627 -0.017413 -0.005385 -0.007276 -0.498184 0.867024
1718924323.626067400 1.096493 0.229812 -0.017273 -0.005378 -0.007413 -0.498757 0.866694
1718924323.631166220 1.096673 0.229983 -0.017122 -0.005450 -0.007531 -0.499407 0.866318
1718924323.636060953 1.096824 0.230132 -0.016978 -0.005558 -0.007646 -0.500081 0.865927
1718924323.641117573 1.096961 0.230277 -0.016841 -0.005682 -0.007755 -0.500823 0.865496
1718924323.646053314 1.097075 0.230408 -0.016721 -0.005811 -0.007834 -0.501596 0.865047
1718924323.651077032 1.097175 0.230529 -0.016617 -0.005971 -0.007879 -0.502432 0.864560
1718924323.656114817 1.097263 0.230642 -0.016528 -0.006147 -0.007883 -0.503308 0.864050
1718924323.661068439 1.097342 0.230750 -0.016455 -0.006321 -0.007850 -0.504195 0.863531
1718924323.666106224 1.097415 0.230858 -0.016390 -0.006498 -0.007811 -0.505140 0.862978
1718924323.671115398 1.097480 0.230958 -0.016327 -0.006691 -0.007799 -0.506097 0.862415
1718924323.676057577 1.097541 0.231050 -0.016267 -0.006839 -0.007821 -0.507038 0.861861
1718924323.681083918 1.097607 0.231143 -0.016217 -0.006911 -0.007892 -0.507972 0.861310
1718924323.686113358 1.097679 0.231240 -0.016179 -0.006920 -0.008005 -0.508871 0.860778
1718924323.691051245 1.097752 0.231335 -0.016154 -0.006906 -0.008131 -0.509711 0.860280
1718924323.696058750 1.097831 0.231429 -0.016135 -0.006919 -0.008255 -0.510505 0.859807
1718924323.699901342 1.097894 0.231499 -0.016122 -0.006971 -0.008314 -0.511071 0.859470
1718924323.699901342 1.097894 0.231499 -0.016122 -0.006971 -0.008314 -0.511071 0.859470
1718924323.701052904 1.097912 0.231520 -0.016117 -0.006986 -0.008329 -0.511238 0.859370
1718924323.706060171 1.097994 0.231606 -0.016095 -0.007124 -0.008338 -0.511895 0.858978
1718924323.711052179 1.098079 0.231691 -0.016069 -0.007290 -0.008326 -0.512498 0.858617
1718924323.716057062 1.098173 0.231774 -0.016032 -0.007442 -0.008326 -0.513063 0.858279
1718924323.766066551 1.099782 0.233149 -0.015981 -0.005761 -0.009004 -0.517414 0.855669
1718924323.771071434 1.100006 0.233341 -0.016015 -0.005496 -0.009075 -0.517866 0.855396
1718924323.776073217 1.100241 0.233540 -0.016063 -0.005152 -0.009194 -0.518382 0.855084
1718924323.781062841 1.100484 0.233744 -0.016130 -0.004750 -0.009379 -0.518954 0.854738
1718924323.786086321 1.100734 0.233954 -0.016220 -0.004331 -0.009605 -0.519583 0.854355
1718924323.791064262 1.100984 0.234167 -0.016335 -0.003937 -0.009823 -0.520264 0.853940
1718924323.796086073 1.101231 0.234383 -0.016466 -0.003591 -0.010007 -0.520996 0.853493
1718924323.799980879 1.101418 0.234551 -0.016572 -0.003385 -0.010128 -0.521595 0.853127
1718924323.799980879 1.101418 0.234551 -0.016572 -0.003385 -0.010128 -0.521595 0.853127
1718924323.801055431 1.101467 0.234599 -0.016601 -0.003329 -0.010163 -0.521761 0.853025
1718924323.806087017 1.101692 0.234828 -0.016744 -0.003102 -0.010345 -0.522596 0.852512
1718924323.811064959 1.101916 0.235055 -0.016892 -0.002901 -0.010526 -0.523451 0.851986
1718924323.816077232 1.102145 0.235288 -0.017047 -0.002715 -0.010689 -0.524318 0.851451
1718924323.821067572 1.102383 0.235527 -0.017209 -0.002534 -0.010847 -0.525198 0.850907
1718924323.826092243 1.102633 0.235777 -0.017377 -0.002341 -0.011022 -0.526095 0.850351
1718924323.831071854 1.102895 0.236031 -0.017543 -0.002164 -0.011186 -0.526991 0.849795
1718924323.836063862 1.103170 0.236295 -0.017705 -0.002027 -0.011337 -0.527891 0.849234
1718924323.841063261 1.103462 0.236571 -0.017862 -0.001908 -0.011487 -0.528792 0.848672
1718924323.846088886 1.103778 0.236864 -0.018011 -0.001786 -0.011645 -0.529681 0.848115
1718924323.851066351 1.104116 0.237172 -0.018151 -0.001660 -0.011811 -0.530551 0.847569
1718924323.856074095 1.104480 0.237498 -0.018282 -0.001567 -0.011975 -0.531405 0.847032
1718924323.861074209 1.104871 0.237842 -0.018401 -0.001523 -0.012118 -0.532218 0.846519
1718924323.866069555 1.105293 0.238205 -0.018507 -0.001526 -0.012260 -0.532993 0.846030
1718924323.871061563 1.105746 0.238585 -0.018602 -0.001581 -0.012421 -0.533741 0.845555
1718924323.876136780 1.106237 0.238989 -0.018688 -0.001702 -0.012590 -0.534482 0.845084
1718924323.881105185 1.106746 0.239401 -0.018768 -0.001865 -0.012752 -0.535182 0.844639
1718924323.886094332 1.107282 0.239831 -0.018849 -0.002080 -0.012909 -0.535861 0.844205
1718924323.891093731 1.107835 0.240279 -0.018934 -0.002408 -0.013028 -0.536528 0.843778
1718924323.896055460 1.108394 0.240738 -0.019024 -0.002857 -0.013079 -0.537186 0.843357
1718924323.900089979 1.108858 0.241119 -0.019106 -0.003298 -0.013082 -0.537717 0.843017
1718924323.900089979 1.108858 0.241119 -0.019106 -0.003298 -0.013082 -0.537717 0.843017
1718924323.901091099 1.108976 0.241214 -0.019128 -0.003408 -0.013082 -0.537848 0.842933
1718924323.906055689 1.109569 0.241695 -0.019247 -0.003995 -0.013057 -0.538508 0.842510
1718924323.911091328 1.110186 0.242204 -0.019382 -0.004614 -0.013016 -0.539207 0.842060
1718924323.951083899 1.114984 0.245845 -0.019918 -0.006176 -0.012175 -0.547288 0.836833
1718924323.956059933 1.115569 0.246207 -0.019920 -0.006101 -0.012200 -0.548223 0.836221
1718924323.961058378 1.116153 0.246555 -0.019926 -0.005810 -0.012358 -0.549097 0.835647
1718924323.966063738 1.116711 0.246885 -0.019918 -0.005561 -0.012508 -0.549914 0.835109
1718924323.971048832 1.117231 0.247195 -0.019885 -0.005410 -0.012556 -0.550675 0.834608
1718924323.976061344 1.117732 0.247496 -0.019839 -0.005281 -0.012559 -0.551391 0.834136
1718924323.981109381 1.118239 0.247798 -0.019793 -0.005107 -0.012561 -0.552052 0.833700
1718924323.986059189 1.118737 0.248090 -0.019746 -0.004952 -0.012534 -0.552643 0.833309
1718924323.991097689 1.119232 0.248379 -0.019691 -0.004888 -0.012433 -0.553200 0.832941
1718924323.996088028 1.119703 0.248653 -0.019632 -0.004880 -0.012307 -0.553725 0.832594
1718924324.001091719 1.120172 0.248920 -0.019573 -0.004835 -0.012222 -0.554221 0.832266
1718924324.006086826 1.120649 0.249183 -0.019520 -0.004720 -0.012204 -0.554698 0.831949
1718924324.011094809 1.121136 0.249446 -0.019471 -0.004577 -0.012220 -0.555190 0.831621
1718924324.016126156 1.121633 0.249711 -0.019430 -0.004449 -0.012257 -0.555689 0.831288
1718924324.021123171 1.122132 0.249971 -0.019397 -0.004394 -0.012261 -0.556167 0.830969
1718924324.026056528 1.122620 0.250222 -0.019357 -0.004440 -0.012201 -0.556623 0.830664
1718924324.031057835 1.123098 0.250469 -0.019298 -0.004582 -0.012084 -0.557115 0.830335
1718924324.036058903 1.123551 0.250708 -0.019227 -0.004772 -0.011939 -0.557672 0.829962
1718924324.041064024 1.123987 0.250940 -0.019149 -0.004915 -0.011799 -0.558288 0.829549
1718924324.046091080 1.124416 0.251170 -0.019071 -0.004936 -0.011690 -0.558956 0.829100
1718924324.051065683 1.124842 0.251401 -0.019003 -0.004799 -0.011650 -0.559667 0.828622
1718924324.056059837 1.125270 0.251638 -0.018942 -0.004609 -0.011639 -0.560433 0.828105
1718924324.061099529 1.125686 0.251875 -0.018874 -0.004518 -0.011610 -0.561272 0.827538
1718924324.066054344 1.126077 0.252106 -0.018804 -0.004528 -0.011546 -0.562147 0.826945
1718924324.071046114 1.126464 0.252345 -0.018742 -0.004537 -0.011493 -0.563076 0.826313
1718924324.076094389 1.126859 0.252602 -0.018693 -0.004439 -0.011526 -0.564078 0.825629
1718924324.081049204 1.127247 0.252864 -0.018654 -0.004235 -0.011656 -0.565118 0.824917
1718924324.086052656 1.127625 0.253128 -0.018612 -0.004025 -0.011843 -0.566216 0.824162
1718924324.091051579 1.127980 0.253387 -0.018563 -0.003876 -0.012020 -0.567344 0.823384
1718924324.096052885 1.128317 0.253646 -0.018505 -0.003704 -0.012193 -0.568488 0.822593
1718924324.099979877 1.128575 0.253855 -0.018457 -0.003514 -0.012332 -0.569406 0.821957
1718924324.099979877 1.128575 0.253855 -0.018457 -0.003514 -0.012332 -0.569406 0.821957
1718924324.101092100 1.128647 0.253916 -0.018443 -0.003460 -0.012370 -0.569664 0.821777
1718924324.106095552 1.128962 0.254194 -0.018380 -0.003243 -0.012523 -0.570841 0.820959
1718924324.111091375 1.129264 0.254471 -0.018312 -0.003148 -0.012618 -0.572016 0.820139
1718924324.116119862 1.129551 0.254747 -0.018232 -0.003129 -0.012673 -0.573192 0.819317
1718924324.191116333 1.135546 0.259286 -0.017134 -0.000908 -0.010250 -0.583270 0.812213
1718924324.196087837 1.136081 0.259592 -0.017044 -0.000711 -0.010139 -0.583875 0.811780
1718924324.199982882 1.136489 0.259813 -0.016966 -0.000668 -0.010053 -0.584333 0.811452
1718924324.199982882 1.136489 0.259813 -0.016966 -0.000668 -0.010053 -0.584333 0.811452
1718924324.201104879 1.136603 0.259873 -0.016942 -0.000657 -0.010029 -0.584465 0.811357
1718924324.206086159 1.137105 0.260123 -0.016829 -0.000769 -0.009901 -0.585014 0.810962
1718924324.211111069 1.137610 0.260358 -0.016703 -0.000893 -0.009788 -0.585526 0.810594
1718924324.216061592 1.138110 0.260587 -0.016589 -0.000910 -0.009725 -0.586029 0.810231
1718924324.221067667 1.138614 0.260816 -0.016490 -0.000840 -0.009680 -0.586534 0.809867
1718924324.226110458 1.139109 0.261036 -0.016397 -0.000762 -0.009632 -0.587033 0.809505
1718924324.231058359 1.139573 0.261236 -0.016306 -0.000773 -0.009527 -0.587525 0.809150
1718924324.236104965 1.140015 0.261425 -0.016208 -0.000927 -0.009330 -0.588053 0.808768
1718924324.241121769 1.140416 0.261594 -0.016097 -0.001222 -0.009052 -0.588613 0.808363
1718924324.246105909 1.140782 0.261745 -0.015974 -0.001597 -0.008756 -0.589208 0.807932
1718924324.251099110 1.141127 0.261886 -0.015844 -0.001986 -0.008486 -0.589846 0.807469
1718924324.256101608 1.141457 0.262020 -0.015710 -0.002350 -0.008260 -0.590539 0.806964
1718924324.261072397 1.141768 0.262143 -0.015580 -0.002696 -0.008051 -0.591274 0.806426
1718924324.266114950 1.142059 0.262254 -0.015458 -0.003095 -0.007786 -0.592070 0.805843
1718924324.271057606 1.142321 0.262359 -0.015352 -0.003513 -0.007472 -0.592880 0.805248
1718924324.276077032 1.142575 0.262472 -0.015263 -0.003874 -0.007157 -0.593761 0.804600
1718924324.281101227 1.142818 0.262591 -0.015193 -0.004186 -0.006874 -0.594705 0.803904
1718924324.286122322 1.143048 0.262702 -0.015129 -0.004501 -0.006620 -0.595694 0.803171
1718924324.291098356 1.143262 0.262806 -0.015071 -0.004819 -0.006374 -0.596710 0.802417
1718924324.296054363 1.143467 0.262914 -0.015022 -0.005084 -0.006148 -0.597767 0.801630
1718924324.299983025 1.143620 0.263003 -0.014991 -0.005258 -0.005986 -0.598648 0.800973
1718924324.299983025 1.143620 0.263003 -0.014991 -0.005258 -0.005986 -0.598648 0.800973
1718924324.301090002 1.143662 0.263029 -0.014983 -0.005306 -0.005940 -0.598894 0.800788
1718924324.306093454 1.143835 0.263142 -0.014956 -0.005494 -0.005754 -0.600051 0.799922
1718924324.311110973 1.143989 0.263250 -0.014947 -0.005653 -0.005591 -0.601241 0.799028
1718924324.361060858 1.145187 0.264455 -0.016155 -0.004012 -0.005308 -0.614103 0.789198
1718924324.366057158 1.145265 0.264550 -0.016386 -0.003808 -0.005176 -0.615387 0.788199
1718924324.371065378 1.145332 0.264635 -0.016628 -0.003575 -0.004978 -0.616681 0.787189
1718924324.376065969 1.145395 0.264706 -0.016885 -0.003283 -0.004784 -0.617975 0.786177
1718924324.381070137 1.145462 0.264765 -0.017157 -0.002843 -0.004693 -0.619285 0.785147
1718924324.386049986 1.145534 0.264811 -0.017430 -0.002305 -0.004701 -0.620593 0.784115
1718924324.391046047 1.145590 0.264836 -0.017685 -0.001833 -0.004673 -0.621899 0.783082
1718924324.396051407 1.145602 0.264840 -0.017915 -0.001501 -0.004519 -0.623205 0.782044
1718924324.399986982 1.145579 0.264830 -0.018088 -0.001297 -0.004336 -0.624240 0.781220
1718924324.399986982 1.145579 0.264830 -0.018088 -0.001297 -0.004336 -0.624240 0.781220
1718924324.401048183 1.145569 0.264825 -0.018133 -0.001242 -0.004286 -0.624519 0.780997
1718924324.406052351 1.145500 0.264791 -0.018343 -0.000990 -0.004058 -0.625842 0.779938
1718924324.411091566 1.145397 0.264741 -0.018553 -0.000728 -0.003840 -0.627184 0.778861
1718924324.416054249 1.145252 0.264675 -0.018771 -0.000508 -0.003581 -0.628492 0.777808
1718924324.421105623 1.145066 0.264585 -0.019012 -0.000291 -0.003298 -0.629781 0.776765
1718924324.426066160 1.144863 0.264476 -0.019269 -0.000040 -0.003036 -0.630983 0.775791
1718924324.431123734 1.144646 0.264350 -0.019556 0.000345 -0.002816 -0.632152 0.774839
1718924324.436057568 1.144421 0.264217 -0.019866 0.000864 -0.002647 -0.633255 0.773938
1718924324.441098928 1.144176 0.264071 -0.020202 0.001531 -0.002555 -0.634346 0.773043
1718924324.446066618 1.143917 0.263911 -0.020496 0.002147 -0.002545 -0.635395 0.772180
1718924324.451069117 1.143653 0.263722 -0.020658 0.002435 -0.002604 -0.636374 0.771373
1718924324.456063032 1.143434 0.263510 -0.020634 0.002381 -0.002742 -0.637215 0.770678
1718924324.461106300 1.143293 0.263300 -0.020451 0.002187 -0.002971 -0.637912 0.770100
1718924324.466062784 1.143233 0.263122 -0.020187 0.002072 -0.003265 -0.638476 0.769632
1718924324.471059322 1.143239 0.262968 -0.019888 0.001985 -0.003567 -0.638922 0.769261
1718924324.476146460 1.143292 0.262820 -0.019569 0.001806 -0.003822 -0.639256 0.768982
1718924324.481064796 1.143370 0.262675 -0.019263 0.001449 -0.003977 -0.639494 0.768785
1718924324.486052990 1.143458 0.262530 -0.018966 0.001044 -0.004062 -0.639724 0.768594
1718924324.491098404 1.143554 0.262397 -0.018685 0.000739 -0.004156 -0.640002 0.768362
1718924324.496089697 1.143650 0.262281 -0.018445 0.000525 -0.004274 -0.640334 0.768085
1718924324.499996901 1.143727 0.262197 -0.018293 0.000446 -0.004370 -0.640612 0.767852
1718924324.499996901 1.143727 0.262197 -0.018293 0.000446 -0.004370 -0.640612 0.767852
1718924324.501095533 1.143749 0.262175 -0.018256 0.000424 -0.004397 -0.640690 0.767787
1718924324.506052017 1.143865 0.262079 -0.018113 0.000476 -0.004575 -0.641037 0.767496
1718924324.511098623 1.144005 0.261988 -0.017995 0.000633 -0.004807 -0.641417 0.767177
1718924324.561063051 1.145786 0.261773 -0.016900 -0.001039 -0.005391 -0.650455 0.759525
1718924324.566064596 1.145998 0.261798 -0.016776 -0.001085 -0.005479 -0.651395 0.758718
1718924324.571062088 1.146226 0.261830 -0.016661 -0.001043 -0.005625 -0.652352 0.757895
1718924324.576049805 1.146456 0.261859 -0.016548 -0.001015 -0.005811 -0.653327 0.757053
1718924324.581105709 1.146681 0.261883 -0.016438 -0.001017 -0.006037 -0.654354 0.756164
1718924324.586059809 1.146897 0.261906 -0.016346 -0.000970 -0.006319 -0.655395 0.755259
1718924324.591061592 1.147126 0.261936 -0.016270 -0.000848 -0.006681 -0.656461 0.754330
1718924324.596052647 1.147370 0.261971 -0.016195 -0.000687 -0.007087 -0.657528 0.753396
1718924324.599982977 1.147570 0.262004 -0.016121 -0.000610 -0.007369 -0.658385 0.752645
1718924324.599982977 1.147570 0.262004 -0.016121 -0.000610 -0.007369 -0.658385 0.752645
1718924324.601096869 1.147627 0.262015 -0.016100 -0.000587 -0.007449 -0.658628 0.752431
1718924324.606091499 1.147892 0.262068 -0.016002 -0.000598 -0.007717 -0.659751 0.751444
1718924324.611098766 1.148169 0.262127 -0.015885 -0.000707 -0.007900 -0.660880 0.750450
1718924324.616069794 1.148451 0.262184 -0.015756 -0.000883 -0.008013 -0.661985 0.749473
1718924324.621069908 1.148731 0.262236 -0.015614 -0.001096 -0.008027 -0.663069 0.748515
1718924324.626166344 1.149011 0.262288 -0.015469 -0.001265 -0.008002 -0.664166 0.747541
1718924324.631054163 1.149286 0.262343 -0.015347 -0.001290 -0.008020 -0.665221 0.746602
1718924324.636061430 1.149584 0.262401 -0.015244 -0.001249 -0.008069 -0.666290 0.745648
1718924324.641056061 1.149900 0.262456 -0.015158 -0.001273 -0.008103 -0.667326 0.744720
1718924324.646061420 1.150233 0.262505 -0.015096 -0.001419 -0.008077 -0.668331 0.743819
1718924324.651089668 1.150588 0.262546 -0.015052 -0.001651 -0.007988 -0.669279 0.742967
1718924324.656076193 1.150961 0.262581 -0.015017 -0.001863 -0.007867 -0.670147 0.742185
1718924324.661103725 1.151358 0.262610 -0.014990 -0.002006 -0.007757 -0.670927 0.741480
1718924324.666058064 1.151775 0.262635 -0.014974 -0.001958 -0.007770 -0.671605 0.740866
1718924324.671055317 1.152226 0.262659 -0.014962 -0.001747 -0.007895 -0.672222 0.740306
1718924324.676098108 1.152697 0.262680 -0.014930 -0.001722 -0.007951 -0.672783 0.739796
1718924324.681113720 1.153168 0.262691 -0.014863 -0.001862 -0.007910 -0.673270 0.739352
1718924324.686054468 1.153640 0.262692 -0.014770 -0.002140 -0.007786 -0.673681 0.738978
1718924324.691054583 1.154134 0.262692 -0.014677 -0.002468 -0.007600 -0.674034 0.738657
1718924324.696090698 1.154641 0.262701 -0.014603 -0.002795 -0.007348 -0.674366 0.738355
1718924324.699919224 1.155023 0.262714 -0.014556 -0.003023 -0.007119 -0.674623 0.738122
1718924324.699919224 1.155023 0.262714 -0.014556 -0.003023 -0.007119 -0.674623 0.738122
1718924324.699975014 1.163677 0.254237 -0.030158 -0.007277 -0.009266 -0.672797 0.739733
1718924324.699975014 1.163677 0.254237 -0.030158 -0.007277 -0.009266 -0.672797 0.739733
1718924324.701056719 1.163623 0.254283 -0.030117 -0.007341 -0.009202 -0.672870 0.739667
1718924324.706090212 1.163373 0.254497 -0.029939 -0.007588 -0.008952 -0.673205 0.739363
1718924324.711091042 1.163129 0.254710 -0.029780 -0.007747 -0.008827 -0.673524 0.739072
1718924324.716096401 1.162887 0.254924 -0.029628 -0.007868 -0.008778 -0.673852 0.738772
1718924324.721066475 1.162647 0.255138 -0.029478 -0.007979 -0.008772 -0.674193 0.738460
1718924324.761081457 1.160640 0.256907 -0.028873 -0.007514 -0.009241 -0.677722 0.735221
1718924324.766072512 1.160400 0.257136 -0.028771 -0.007496 -0.009296 -0.678161 0.734816
1718924324.771124363 1.160157 0.257366 -0.028679 -0.007514 -0.009382 -0.678597 0.734412
1718924324.776079416 1.159924 0.257592 -0.028599 -0.007531 -0.009513 -0.679021 0.734019
1718924324.781089067 1.159699 0.257821 -0.028532 -0.007527 -0.009678 -0.679444 0.733625
1718924324.786053896 1.159486 0.258049 -0.028475 -0.007505 -0.009859 -0.679868 0.733229
1718924324.791056633 1.159281 0.258279 -0.028421 -0.007477 -0.010022 -0.680306 0.732822
1718924324.796052694 1.159085 0.258509 -0.028367 -0.007448 -0.010160 -0.680746 0.732411
1718924324.801056385 1.158897 0.258740 -0.028308 -0.007407 -0.010273 -0.681184 0.732002
1718924324.806044579 1.158722 0.258969 -0.028246 -0.007354 -0.010382 -0.681613 0.731602
1718924324.811057091 1.158561 0.259198 -0.028183 -0.007276 -0.010520 -0.682031 0.731211
1718924324.816097736 1.158414 0.259429 -0.028122 -0.007168 -0.010696 -0.682450 0.730819
1718924324.821068287 1.158282 0.259657 -0.028063 -0.007053 -0.010894 -0.682861 0.730433
1718924324.826058388 1.158157 0.259882 -0.028007 -0.006942 -0.011099 -0.683273 0.730046
1718924324.831062794 1.158042 0.260106 -0.027959 -0.006841 -0.011313 -0.683686 0.729656
1718924324.836065054 1.157938 0.260331 -0.027921 -0.006742 -0.011512 -0.684104 0.729262
1718924324.841064930 1.157847 0.260558 -0.027891 -0.006660 -0.011687 -0.684523 0.728868
1718924324.846075296 1.157768 0.260787 -0.027867 -0.006595 -0.011861 -0.684935 0.728478
1718924324.851053238 1.157699 0.261014 -0.027843 -0.006533 -0.012044 -0.685354 0.728082
1718924324.856094360 1.157639 0.261244 -0.027815 -0.006463 -0.012239 -0.685800 0.727658
1718924324.861050129 1.157591 0.261474 -0.027785 -0.006384 -0.012428 -0.686244 0.727237
1718924324.866057634 1.157551 0.261708 -0.027751 -0.006313 -0.012583 -0.686693 0.726811
1718924324.871052980 1.157517 0.261943 -0.027712 -0.006279 -0.012694 -0.687137 0.726390
1718924324.876066685 1.157488 0.262178 -0.027667 -0.006283 -0.012779 -0.687578 0.725971
1718924324.881054640 1.157467 0.262409 -0.027617 -0.006300 -0.012863 -0.688013 0.725557
1718924324.886060715 1.157454 0.262639 -0.027562 -0.006332 -0.012946 -0.688436 0.725154
1718924324.891056776 1.157446 0.262869 -0.027504 -0.006390 -0.013013 -0.688837 0.724771
1718924324.896059275 1.157438 0.263101 -0.027446 -0.006481 -0.013031 -0.689214 0.724411
1718924324.900027275 1.157431 0.263286 -0.027400 -0.006564 -0.013023 -0.689485 0.724153
1718924324.900027275 1.157431 0.263286 -0.027400 -0.006564 -0.013023 -0.689485 0.724153
1718924324.901058912 1.157430 0.263335 -0.027386 -0.006585 -0.013022 -0.689555 0.724086
1718924324.906059980 1.157423 0.263576 -0.027318 -0.006687 -0.013016 -0.689850 0.723805
1718924324.911054611 1.157414 0.263815 -0.027249 -0.006773 -0.013018 -0.690092 0.723573
1718924324.941106081 1.157075 0.265118 -0.026813 -0.006858 -0.012805 -0.690155 0.723516
1718924324.946106672 1.156975 0.265305 -0.026735 -0.006837 -0.012764 -0.690153 0.723519
1718924324.951105118 1.156863 0.265486 -0.026655 -0.006792 -0.012719 -0.690144 0.723528
1718924324.956124544 1.156734 0.265664 -0.026575 -0.006750 -0.012667 -0.690132 0.723541
1718924324.961082220 1.156590 0.265835 -0.026495 -0.006724 -0.012597 -0.690121 0.723553
1718924324.966101170 1.156430 0.266006 -0.026418 -0.006690 -0.012554 -0.690128 0.723547
1718924324.971136808 1.156264 0.266176 -0.026347 -0.006601 -0.012566 -0.690147 0.723530
1718924324.976074696 1.156098 0.266343 -0.026286 -0.006474 -0.012633 -0.690172 0.723506
1718924324.981103420 1.155922 0.266512 -0.026233 -0.006334 -0.012705 -0.690208 0.723471
1718924324.986104250 1.155736 0.266680 -0.026186 -0.006200 -0.012745 -0.690250 0.723432
1718924324.991117239 1.155542 0.266851 -0.026139 -0.006080 -0.012770 -0.690292 0.723392
1718924324.996124506 1.155345 0.267024 -0.026087 -0.005971 -0.012792 -0.690325 0.723362
1718924325.001125336 1.155145 0.267196 -0.026024 -0.005872 -0.012812 -0.690350 0.723338
1718924325.006076097 1.154941 0.267364 -0.025948 -0.005814 -0.012824 -0.690362 0.723327
1718924325.011111736 1.154731 0.267533 -0.025861 -0.005786 -0.012833 -0.690360 0.723329
1718924325.016089916 1.154523 0.267697 -0.025769 -0.005747 -0.012860 -0.690334 0.723353
1718924325.021089792 1.154318 0.267857 -0.025671 -0.005690 -0.012899 -0.690282 0.723404
1718924325.026068449 1.154116 0.268013 -0.025564 -0.005646 -0.012928 -0.690191 0.723490
1718924325.031056881 1.153916 0.268165 -0.025444 -0.005623 -0.012924 -0.690061 0.723614
1718924325.036057711 1.153719 0.268312 -0.025310 -0.005625 -0.012880 -0.689890 0.723778
1718924325.041061401 1.153529 0.268455 -0.025164 -0.005618 -0.012821 -0.689675 0.723983
1718924325.046070576 1.153350 0.268595 -0.025011 -0.005609 -0.012764 -0.689410 0.724237
1718924325.051132917 1.153179 0.268733 -0.024853 -0.005598 -0.012716 -0.689108 0.724526
1718924325.056099415 1.153024 0.268862 -0.024706 -0.005552 -0.012693 -0.688779 0.724839
1718924325.061101913 1.152878 0.268988 -0.024572 -0.005442 -0.012720 -0.688411 0.725189
1718924325.066056013 1.152741 0.269109 -0.024452 -0.005279 -0.012763 -0.688028 0.725552
1718924325.071055412 1.152606 0.269231 -0.024335 -0.005115 -0.012788 -0.687624 0.725937
1718924325.076055050 1.152470 0.269350 -0.024212 -0.004981 -0.012775 -0.687205 0.726334
1718924325.081059217 1.152328 0.269468 -0.024078 -0.004905 -0.012710 -0.686781 0.726737
1718924325.086068153 1.152178 0.269589 -0.023929 -0.004883 -0.012585 -0.686360 0.727137
1718924325.091099739 1.152019 0.269712 -0.023765 -0.004897 -0.012430 -0.685948 0.727528
1718924325.096055984 1.151853 0.269833 -0.023593 -0.004913 -0.012282 -0.685563 0.727893
1718924325.099979162 1.151715 0.269929 -0.023454 -0.004938 -0.012179 -0.685268 0.728172
1718924325.099979162 1.151715 0.269929 -0.023454 -0.004938 -0.012179 -0.685268 0.728172
1718924325.101100445 1.151674 0.269957 -0.023414 -0.004945 -0.012148 -0.685184 0.728252
1718924325.106055975 1.151486 0.270083 -0.023236 -0.004982 -0.012022 -0.684834 0.728583
1718924325.111059904 1.151287 0.270208 -0.023056 -0.005020 -0.011904 -0.684511 0.728888
1718924325.166067600 1.148975 0.272130 -0.020827 -0.005197 -0.010962 -0.682136 0.731125
1718924325.171059608 1.148806 0.272282 -0.020555 -0.005202 -0.010871 -0.681932 0.731316
1718924325.176060438 1.148640 0.272438 -0.020285 -0.005199 -0.010772 -0.681726 0.731510
1718924325.181063175 1.148478 0.272597 -0.020029 -0.005178 -0.010682 -0.681520 0.731703
1718924325.186058760 1.148319 0.272761 -0.019796 -0.005131 -0.010603 -0.681319 0.731892
1718924325.191065073 1.148162 0.272928 -0.019588 -0.005090 -0.010517 -0.681119 0.732079
1718924325.196069241 1.148006 0.273096 -0.019399 -0.005070 -0.010439 -0.680924 0.732262
1718924325.199993134 1.147885 0.273225 -0.019259 -0.005061 -0.010392 -0.680774 0.732403
1718924325.199993134 1.147885 0.273225 -0.019259 -0.005061 -0.010392 -0.680774 0.732403
1718924325.201073170 1.147852 0.273260 -0.019221 -0.005058 -0.010379 -0.680732 0.732441
1718924325.206060410 1.147701 0.273419 -0.019039 -0.005039 -0.010340 -0.680541 0.732619
1718924325.211061478 1.147549 0.273580 -0.018845 -0.005014 -0.010312 -0.680346 0.732801
1718924325.216073751 1.147393 0.273743 -0.018634 -0.005002 -0.010275 -0.680151 0.732983
1718924325.246094465 1.146606 0.274674 -0.017298 -0.005695 -0.009844 -0.678933 0.734112
1718924325.251102924 1.146518 0.274822 -0.017062 -0.005771 -0.009784 -0.678738 0.734293
1718924325.256110907 1.146439 0.274970 -0.016827 -0.005797 -0.009726 -0.678540 0.734476
1718924325.261114120 1.146367 0.275119 -0.016597 -0.005790 -0.009663 -0.678336 0.734666
1718924325.266118050 1.146302 0.275268 -0.016381 -0.005740 -0.009601 -0.678128 0.734859
1718924325.271118164 1.146245 0.275415 -0.016183 -0.005670 -0.009539 -0.677916 0.735056
1718924325.276123762 1.146192 0.275562 -0.016002 -0.005590 -0.009480 -0.677706 0.735251
1718924325.281140804 1.146140 0.275708 -0.015831 -0.005518 -0.009419 -0.677505 0.735437
1718924325.286149263 1.146086 0.275854 -0.015662 -0.005454 -0.009359 -0.677310 0.735618
1718924325.291138172 1.146029 0.275997 -0.015489 -0.005402 -0.009319 -0.677122 0.735792
1718924325.296141148 1.145967 0.276139 -0.015306 -0.005348 -0.009291 -0.676928 0.735971
1718924325.299991131 1.145914 0.276247 -0.015159 -0.005302 -0.009273 -0.676790 0.736099
1718924325.299991131 1.145914 0.276247 -0.015159 -0.005302 -0.009273 -0.676790 0.736099
1718924325.301143408 1.145897 0.276280 -0.015124 -0.005289 -0.009267 -0.676748 0.736137
1718924325.306159973 1.145816 0.276428 -0.015012 -0.005228 -0.009247 -0.676578 0.736295
1718924325.311155081 1.145729 0.276575 -0.014897 -0.005161 -0.009233 -0.676418 0.736442
1718924325.316175222 1.145637 0.276721 -0.014783 -0.005101 -0.009228 -0.676260 0.736588
1718924325.321187019 1.145540 0.276866 -0.014674 -0.005045 -0.009228 -0.676114 0.736722
1718924325.326249599 1.145440 0.277009 -0.014565 -0.004988 -0.009238 -0.675973 0.736851
1718924325.331269264 1.145340 0.277150 -0.014455 -0.004930 -0.009267 -0.675831 0.736982
1718924325.336209774 1.145244 0.277287 -0.014342 -0.004875 -0.009304 -0.675693 0.737108
1718924325.341253996 1.145150 0.277424 -0.014216 -0.004834 -0.009352 -0.675546 0.737243
1718924325.346244574 1.145064 0.277557 -0.014079 -0.004814 -0.009408 -0.675386 0.737389
1718924325.351281404 1.144984 0.277689 -0.013932 -0.004812 -0.009436 -0.675211 0.737549
1718924325.356210709 1.144917 0.277815 -0.013782 -0.004833 -0.009426 -0.675015 0.737728
1718924325.361257076 1.144860 0.277943 -0.013631 -0.004869 -0.009390 -0.674790 0.737934
1718924325.366265059 1.144818 0.278068 -0.013486 -0.004891 -0.009343 -0.674536 0.738167
1718924325.371227264 1.144794 0.278190 -0.013356 -0.004875 -0.009315 -0.674252 0.738426
1718924325.376218557 1.144789 0.278311 -0.013239 -0.004814 -0.009323 -0.673953 0.738699
1718924325.381212473 1.144799 0.278427 -0.013135 -0.004727 -0.009362 -0.673635 0.738990
1718924325.386212587 1.144820 0.278538 -0.013038 -0.004644 -0.009417 -0.673305 0.739290
1718924325.391211987 1.144850 0.278643 -0.012942 -0.004576 -0.009471 -0.672977 0.739589
1718924325.396201849 1.144884 0.278742 -0.012845 -0.004512 -0.009517 -0.672657 0.739879
1718924325.399999142 1.144913 0.278812 -0.012759 -0.004460 -0.009550 -0.672425 0.740091
1718924325.399999142 1.144913 0.278812 -0.012759 -0.004460 -0.009550 -0.672425 0.740091
1718924325.401238441 1.144924 0.278833 -0.012713 -0.004443 -0.009561 -0.672350 0.740159
1718924325.406241179 1.144968 0.278912 -0.012530 -0.004387 -0.009600 -0.672059 0.740422
1718924325.411208153 1.145008 0.278983 -0.012344 -0.004356 -0.009636 -0.671790 0.740667
1718924325.461253643 1.145281 0.279064 -0.011042 -0.005248 -0.009277 -0.670805 0.741557
1718924325.466211796 1.145299 0.279008 -0.010966 -0.005336 -0.009233 -0.670712 0.741641
1718924325.471256733 1.145318 0.278940 -0.010888 -0.005433 -0.009194 -0.670618 0.741726
1718924325.476222992 1.145337 0.278862 -0.010804 -0.005526 -0.009165 -0.670530 0.741805
1718924325.481217384 1.145356 0.278770 -0.010708 -0.005647 -0.009147 -0.670449 0.741878
1718924325.486251354 1.145375 0.278662 -0.010601 -0.005786 -0.009129 -0.670373 0.741946
1718924325.491246223 1.145396 0.278542 -0.010490 -0.005909 -0.009110 -0.670299 0.742012
1718924325.496240139 1.145419 0.278410 -0.010381 -0.006013 -0.009077 -0.670211 0.742091
1718924325.499973297 1.145437 0.278302 -0.010302 -0.006089 -0.009039 -0.670133 0.742161
1718924325.499973297 1.145437 0.278302 -0.010302 -0.006089 -0.009039 -0.670133 0.742161
1718924325.501245260 1.145443 0.278264 -0.010276 -0.006115 -0.009027 -0.670107 0.742185
1718924325.506201506 1.145465 0.278109 -0.010179 -0.006231 -0.008959 -0.669992 0.742288
1718924325.511205196 1.145487 0.277939 -0.010084 -0.006371 -0.008876 -0.669866 0.742402
1718924325.516215801 1.145512 0.277755 -0.009991 -0.006512 -0.008808 -0.669733 0.742522
1718924325.521221876 1.145542 0.277559 -0.009900 -0.006631 -0.008772 -0.669582 0.742657
1718924325.526224613 1.145575 0.277349 -0.009809 -0.006729 -0.008759 -0.669419 0.742803
1718924325.531224728 1.145608 0.277128 -0.009719 -0.006815 -0.008750 -0.669254 0.742951
1718924325.536211252 1.145639 0.276895 -0.009628 -0.006888 -0.008743 -0.669086 0.743101
1718924325.541218758 1.145669 0.276646 -0.009537 -0.006963 -0.008738 -0.668900 0.743268
1718924325.546257734 1.145697 0.276380 -0.009444 -0.007052 -0.008722 -0.668716 0.743433
1718924325.551210642 1.145719 0.276105 -0.009353 -0.007155 -0.008688 -0.668537 0.743594
1718924325.556202173 1.145736 0.275816 -0.009259 -0.007274 -0.008638 -0.668359 0.743753
1718924325.561257362 1.145750 0.275508 -0.009162 -0.007419 -0.008580 -0.668189 0.743905
1718924325.566216707 1.145759 0.275193 -0.009064 -0.007561 -0.008539 -0.668035 0.744042
1718924325.571213722 1.145767 0.274861 -0.008961 -0.007699 -0.008518 -0.667884 0.744177
1718924325.576214552 1.145774 0.274514 -0.008854 -0.007833 -0.008516 -0.667733 0.744311
1718924325.581214666 1.145782 0.274153 -0.008749 -0.007943 -0.008525 -0.667592 0.744436
1718924325.586207867 1.145790 0.273779 -0.008653 -0.008014 -0.008529 -0.667461 0.744553
1718924325.591249228 1.145794 0.273390 -0.008571 -0.008061 -0.008511 -0.667338 0.744663
1718924325.596201897 1.145795 0.272997 -0.008506 -0.008107 -0.008477 -0.667220 0.744769
1718924325.599996328 1.145793 0.272689 -0.008463 -0.008149 -0.008444 -0.667135 0.744845
1718924325.599996328 1.145793 0.272689 -0.008463 -0.008149 -0.008444 -0.667135 0.744845
1718924325.601204157 1.145792 0.272590 -0.008449 -0.008161 -0.008433 -0.667108 0.744868
1718924325.606199980 1.145785 0.272170 -0.008395 -0.008225 -0.008394 -0.667017 0.744950
1718924325.611245155 1.145777 0.271735 -0.008340 -0.008293 -0.008370 -0.666930 0.745027
1718924325.661258459 1.145952 0.266897 -0.007726 -0.009417 -0.008406 -0.666617 0.745294
1718924325.666264534 1.146004 0.266362 -0.007650 -0.009531 -0.008413 -0.666572 0.745332
1718924325.671256304 1.146064 0.265820 -0.007575 -0.009638 -0.008418 -0.666513 0.745384
1718924325.676285744 1.146134 0.265267 -0.007505 -0.009735 -0.008412 -0.666443 0.745445
1718924325.681260586 1.146213 0.264715 -0.007447 -0.009796 -0.008394 -0.666366 0.745513
1718924325.686252356 1.146301 0.264159 -0.007402 -0.009828 -0.008378 -0.666281 0.745589
1718924325.691248178 1.146396 0.263597 -0.007370 -0.009851 -0.008366 -0.666180 0.745679
1718924325.696240425 1.146498 0.263030 -0.007345 -0.009871 -0.008365 -0.666078 0.745770
1718924325.699992180 1.146577 0.262601 -0.007326 -0.009890 -0.008363 -0.666000 0.745839
1718924325.699992180 1.146577 0.262601 -0.007326 -0.009890 -0.008363 -0.666000 0.745839
1718924325.701206446 1.146604 0.262462 -0.007334 -0.009897 -0.008363 -0.665974 0.745862
1718924325.706241846 1.146717 0.261885 -0.007407 -0.009924 -0.008372 -0.665860 0.745964
1718924325.711244345 1.146832 0.261310 -0.007472 -0.009955 -0.008394 -0.665744 0.746066
1718924325.716247320 1.146948 0.260734 -0.007529 -0.009985 -0.008415 -0.665632 0.746166
1718924325.721269608 1.147063 0.260153 -0.007580 -0.010014 -0.008422 -0.665530 0.746257
1718924325.726215839 1.147174 0.259581 -0.007626 -0.010050 -0.008429 -0.665446 0.746331
1718924325.731306314 1.147287 0.258991 -0.007677 -0.010095 -0.008431 -0.665369 0.746399
1718924325.736283779 1.147395 0.258413 -0.007727 -0.010152 -0.008429 -0.665297 0.746462
1718924325.741264582 1.147500 0.257835 -0.007780 -0.010212 -0.008429 -0.665238 0.746514
1718924325.746213198 1.147603 0.257261 -0.007832 -0.010281 -0.008434 -0.665195 0.746552
1718924325.751213551 1.147706 0.256681 -0.007882 -0.010369 -0.008445 -0.665144 0.746595
1718924325.756214142 1.147810 0.256100 -0.007925 -0.010461 -0.008463 -0.665102 0.746632
1718924325.761248827 1.147918 0.255514 -0.007962 -0.010545 -0.008493 -0.665066 0.746662
1718924325.766212463 1.148030 0.254936 -0.007992 -0.010613 -0.008533 -0.665026 0.746696
1718924325.771255732 1.148151 0.254350 -0.008023 -0.010656 -0.008580 -0.664981 0.746735
1718924325.776257277 1.148282 0.253769 -0.008055 -0.010680 -0.008631 -0.664931 0.746779
1718924325.781268120 1.148421 0.253187 -0.008090 -0.010698 -0.008693 -0.664860 0.746841
1718924325.786249399 1.148570 0.252606 -0.008130 -0.010717 -0.008752 -0.664777 0.746914
1718924325.791208029 1.148730 0.252028 -0.008177 -0.010723 -0.008810 -0.664678 0.747001
1718924325.796239853 1.148903 0.251444 -0.008235 -0.010714 -0.008871 -0.664559 0.747106
1718924325.799993277 1.149038 0.251011 -0.008271 -0.010704 -0.008912 -0.664460 0.747194
1718924325.799993277 1.149038 0.251011 -0.008271 -0.010704 -0.008912 -0.664460 0.747194
1718924325.801243782 1.149083 0.250866 -0.008265 -0.010701 -0.008926 -0.664428 0.747222
1718924325.806239605 1.149267 0.250292 -0.008241 -0.010695 -0.008971 -0.664284 0.747350
1718924325.811200380 1.149456 0.249723 -0.008217 -0.010690 -0.009019 -0.664127 0.747489
1718924325.866210222 1.151727 0.243392 -0.007929 -0.011554 -0.009503 -0.662688 0.748746
1718924325.871248722 1.151957 0.242793 -0.007903 -0.011605 -0.009566 -0.662559 0.748859
1718924325.876219749 1.152186 0.242202 -0.007882 -0.011628 -0.009627 -0.662439 0.748964
1718924325.881209373 1.152417 0.241609 -0.007866 -0.011632 -0.009679 -0.662322 0.749066
1718924325.886210680 1.152648 0.241016 -0.007858 -0.011628 -0.009721 -0.662207 0.749168
1718924325.891246557 1.152879 0.240422 -0.007861 -0.011622 -0.009758 -0.662092 0.749269
1718924325.896199465 1.153103 0.239838 -0.007873 -0.011625 -0.009778 -0.661986 0.749362
1718924325.900011301 1.153272 0.239389 -0.007888 -0.011642 -0.009783 -0.661915 0.749425
1718924325.900011301 1.153272 0.239389 -0.007888 -0.011642 -0.009783 -0.661915 0.749425
1718924325.901209831 1.153325 0.239249 -0.007893 -0.011647 -0.009784 -0.661893 0.749444
1718924325.906202555 1.153541 0.238666 -0.007916 -0.011685 -0.009785 -0.661809 0.749518
1718924325.911206245 1.153749 0.238085 -0.007940 -0.011730 -0.009788 -0.661738 0.749579
1718924325.916220427 1.153951 0.237506 -0.007960 -0.011781 -0.009794 -0.661687 0.749623
1718924325.921222448 1.154145 0.236929 -0.007972 -0.011839 -0.009812 -0.661641 0.749663
1718924325.926256180 1.154333 0.236347 -0.007973 -0.011902 -0.009841 -0.661605 0.749694
1718924325.931279421 1.154516 0.235765 -0.007964 -0.011972 -0.009873 -0.661572 0.749721
1718924325.936209917 1.154691 0.235191 -0.007949 -0.012039 -0.009899 -0.661549 0.749740
1718924325.941215038 1.154864 0.234608 -0.007934 -0.012101 -0.009924 -0.661531 0.749754
1718924325.946210861 1.155034 0.234024 -0.007924 -0.012148 -0.009948 -0.661511 0.749771
1718924325.951218128 1.155203 0.233435 -0.007922 -0.012184 -0.009974 -0.661489 0.749790
1718924325.956208706 1.155370 0.232844 -0.007930 -0.012211 -0.010001 -0.661464 0.749811
1718924325.961247921 1.155539 0.232244 -0.007946 -0.012236 -0.010029 -0.661433 0.749837
1718924325.966215134 1.155705 0.231652 -0.007967 -0.012263 -0.010055 -0.661389 0.749875
1718924325.971210480 1.155872 0.231057 -0.007989 -0.012296 -0.010070 -0.661342 0.749916
1718924325.976231098 1.156040 0.230459 -0.008006 -0.012328 -0.010085 -0.661294 0.749958
1718924325.981218576 1.156208 0.229863 -0.008015 -0.012365 -0.010106 -0.661239 0.750005
1718924325.986210585 1.156377 0.229266 -0.008019 -0.012407 -0.010123 -0.661175 0.750061
1718924325.991226435 1.156547 0.228669 -0.008020 -0.012436 -0.010133 -0.661111 0.750117
1718924325.996212006 1.156715 0.228083 -0.008023 -0.012452 -0.010135 -0.661052 0.750169
1718924326.001324415 1.156885 0.227487 -0.008031 -0.012469 -0.010131 -0.660992 0.750221
1718924326.006206989 1.157044 0.226921 -0.008043 -0.012495 -0.010126 -0.660941 0.750266
1718924326.011201382 1.157205 0.226345 -0.008057 -0.012535 -0.010125 -0.660887 0.750312
1718924326.026203871 1.157687 0.224622 -0.008096 -0.012682 -0.010137 -0.660770 0.750413
1718924326.031255484 1.157840 0.224038 -0.008103 -0.012706 -0.010150 -0.660733 0.750444
1718924326.036254883 1.157989 0.223464 -0.008111 -0.012718 -0.010158 -0.660704 0.750470
1718924326.041249514 1.158134 0.222893 -0.008119 -0.012723 -0.010150 -0.660682 0.750489
1718924326.046222925 1.158272 0.222326 -0.008129 -0.012734 -0.010134 -0.660661 0.750508
1718924326.051262856 1.158407 0.221754 -0.008143 -0.012755 -0.010113 -0.660645 0.750522
1718924326.056240797 1.158536 0.221191 -0.008159 -0.012777 -0.010097 -0.660644 0.750523
1718924326.061206341 1.158661 0.220632 -0.008176 -0.012813 -0.010078 -0.660658 0.750510
1718924326.066201925 1.158781 0.220073 -0.008195 -0.012861 -0.010064 -0.660676 0.750493
1718924326.071197271 1.158897 0.219515 -0.008212 -0.012909 -0.010054 -0.660697 0.750475
1718924326.076244116 1.159011 0.218954 -0.008228 -0.012947 -0.010053 -0.660723 0.750451
1718924326.081238270 1.159123 0.218402 -0.008242 -0.012982 -0.010060 -0.660753 0.750423
1718924326.086202145 1.159233 0.217859 -0.008256 -0.013010 -0.010057 -0.660783 0.750397
1718924326.091239691 1.159343 0.217310 -0.008270 -0.013033 -0.010043 -0.660807 0.750375
1718924326.096203089 1.159451 0.216772 -0.008285 -0.013048 -0.010026 -0.660831 0.750354
1718924326.099993229 1.159534 0.216364 -0.008298 -0.013053 -0.010014 -0.660845 0.750342
1718924326.099993229 1.159534 0.216364 -0.008298 -0.013053 -0.010014 -0.660845 0.750342
1718924326.101241112 1.159561 0.216231 -0.008300 -0.013054 -0.010010 -0.660849 0.750338
1718924326.106204510 1.159673 0.215710 -0.008310 -0.013048 -0.010003 -0.660866 0.750324
1718924326.111200094 1.159785 0.215189 -0.008320 -0.013043 -0.010000 -0.660884 0.750308
1718924326.116271019 1.159898 0.214661 -0.008332 -0.013045 -0.010004 -0.660899 0.750294
1718924326.121267796 1.160010 0.214143 -0.008342 -0.013050 -0.010003 -0.660908 0.750287
1718924326.126214743 1.160120 0.213631 -0.008349 -0.013057 -0.010001 -0.660903 0.750291
1718924326.131204605 1.160230 0.213117 -0.008355 -0.013065 -0.009998 -0.660886 0.750306
1718924326.136303663 1.160341 0.212595 -0.008359 -0.013074 -0.009991 -0.660868 0.750321
1718924326.141283751 1.160448 0.212088 -0.008362 -0.013075 -0.009981 -0.660852 0.750336
1718924326.146250010 1.160555 0.211585 -0.008365 -0.013077 -0.009971 -0.660840 0.750347
1718924326.151261568 1.160663 0.211079 -0.008368 -0.013078 -0.009968 -0.660824 0.750361
1718924326.156254292 1.160768 0.210578 -0.008373 -0.013075 -0.009969 -0.660805 0.750377
1718924326.161263227 1.160873 0.210077 -0.008378 -0.013077 -0.009968 -0.660789 0.750392
1718924326.166245699 1.160977 0.209582 -0.008385 -0.013080 -0.009969 -0.660774 0.750405
1718924326.171257734 1.161081 0.209087 -0.008394 -0.013087 -0.009964 -0.660757 0.750420
1718924326.176215172 1.161183 0.208598 -0.008403 -0.013095 -0.009962 -0.660743 0.750431
1718924326.181252241 1.161286 0.208103 -0.008413 -0.013103 -0.009963 -0.660727 0.750445
1718924326.186259985 1.161389 0.207610 -0.008424 -0.013110 -0.009962 -0.660709 0.750462
1718924326.191216946 1.161491 0.207122 -0.008434 -0.013120 -0.009964 -0.660693 0.750475
1718924326.196223259 1.161595 0.206628 -0.008444 -0.013126 -0.009968 -0.660682 0.750485
1718924326.199978113 1.161672 0.206256 -0.008453 -0.013127 -0.009971 -0.660673 0.750493
1718924326.199978113 1.161672 0.206256 -0.008453 -0.013127 -0.009971 -0.660673 0.750493
1718924326.201212406 1.161696 0.206131 -0.008455 -0.013127 -0.009973 -0.660670 0.750496
1718924326.206249714 1.161795 0.205623 -0.008467 -0.013130 -0.009972 -0.660657 0.750507
1718924326.211245298 1.161893 0.205120 -0.008481 -0.013141 -0.009962 -0.660656 0.750507
1718924326.216221571 1.161993 0.204622 -0.008495 -0.013148 -0.009954 -0.660659 0.750505
1718924326.299988031 1.163646 0.196739 -0.008641 -0.013343 -0.010011 -0.660299 0.750817
1718924326.299988031 1.163646 0.196739 -0.008641 -0.013343 -0.010011 -0.660299 0.750817
1718924326.311240435 1.163813 0.195723 -0.008612 -0.013369 -0.010017 -0.660251 0.750859
1718924326.316220045 1.163883 0.195274 -0.008599 -0.013381 -0.010031 -0.660231 0.750877
1718924326.321282864 1.163952 0.194819 -0.008585 -0.013388 -0.010049 -0.660215 0.750890
1718924326.326226234 1.164017 0.194375 -0.008573 -0.013390 -0.010063 -0.660201 0.750902
1718924326.331215143 1.164080 0.193926 -0.008561 -0.013398 -0.010084 -0.660186 0.750915
1718924326.336213350 1.164141 0.193473 -0.008549 -0.013413 -0.010101 -0.660173 0.750926
1718924326.341212034 1.164199 0.193019 -0.008537 -0.013427 -0.010111 -0.660159 0.750938
1718924326.346218586 1.164254 0.192560 -0.008524 -0.013427 -0.010112 -0.660151 0.750945
1718924326.351212263 1.164307 0.192101 -0.008512 -0.013427 -0.010118 -0.660138 0.750956
1718924326.356206894 1.164358 0.191639 -0.008498 -0.013437 -0.010130 -0.660127 0.750965
1718924326.361208916 1.164406 0.191173 -0.008484 -0.013451 -0.010137 -0.660118 0.750973
1718924326.366207838 1.164452 0.190706 -0.008471 -0.013463 -0.010147 -0.660100 0.750988
1718924326.371205807 1.164495 0.190236 -0.008458 -0.013473 -0.010159 -0.660085 0.751001
1718924326.376289129 1.164537 0.189756 -0.008445 -0.013482 -0.010172 -0.660066 0.751018
1718924326.381256104 1.164577 0.189285 -0.008433 -0.013490 -0.010181 -0.660050 0.751032
1718924326.386241436 1.164616 0.188810 -0.008422 -0.013500 -0.010179 -0.660046 0.751035
1718924326.391225815 1.164655 0.188333 -0.008410 -0.013507 -0.010180 -0.660046 0.751035
1718924326.396243572 1.164693 0.187850 -0.008398 -0.013518 -0.010184 -0.660050 0.751031
1718924326.399986029 1.164722 0.187487 -0.008388 -0.013529 -0.010189 -0.660051 0.751030
1718924326.399986029 1.164722 0.187487 -0.008388 -0.013529 -0.010189 -0.660051 0.751030
1718924326.401248932 1.164731 0.187364 -0.008384 -0.013532 -0.010191 -0.660052 0.751029
1718924326.406243086 1.164769 0.186875 -0.008368 -0.013539 -0.010204 -0.660046 0.751034
1718924326.411250114 1.164809 0.186379 -0.008351 -0.013542 -0.010223 -0.660034 0.751044
1718924326.416217327 1.164851 0.185882 -0.008333 -0.013537 -0.010237 -0.660024 0.751053
1718924326.499987125 1.165763 0.177049 -0.008453 -0.013794 -0.010233 -0.660037 0.751036
1718924326.499987125 1.165763 0.177049 -0.008453 -0.013794 -0.010233 -0.660037 0.751036
1718924326.501255512 1.165780 0.176909 -0.008460 -0.013798 -0.010234 -0.660038 0.751036
1718924326.506212711 1.165847 0.176360 -0.008487 -0.013809 -0.010233 -0.660031 0.751042
1718924326.511239290 1.165915 0.175802 -0.008515 -0.013822 -0.010225 -0.660030 0.751042
1718924326.516227961 1.165984 0.175247 -0.008542 -0.013840 -0.010214 -0.660044 0.751030
1718924326.521282911 1.166054 0.174684 -0.008565 -0.013854 -0.010194 -0.660063 0.751013
1718924326.526224136 1.166122 0.174135 -0.008585 -0.013863 -0.010181 -0.660066 0.751010
1718924326.531263113 1.166192 0.173578 -0.008602 -0.013881 -0.010174 -0.660068 0.751008
1718924326.536215067 1.166261 0.173032 -0.008615 -0.013895 -0.010171 -0.660078 0.751000
1718924326.541258812 1.166331 0.172478 -0.008627 -0.013917 -0.010169 -0.660085 0.750993
1718924326.546224117 1.166401 0.171933 -0.008638 -0.013937 -0.010165 -0.660090 0.750989
1718924326.551282883 1.166472 0.171378 -0.008648 -0.013957 -0.010159 -0.660106 0.750974
1718924326.556262493 1.166542 0.170831 -0.008657 -0.013983 -0.010152 -0.660126 0.750957
1718924326.561284304 1.166614 0.170279 -0.008666 -0.014022 -0.010143 -0.660134 0.750948
1718924326.566252947 1.166686 0.169733 -0.008675 -0.014062 -0.010133 -0.660134 0.750947
1718924326.571264744 1.166760 0.169182 -0.008683 -0.014106 -0.010120 -0.660125 0.750956
1718924326.576236725 1.166837 0.168635 -0.008691 -0.014142 -0.010110 -0.660116 0.750963
1718924326.581219673 1.166916 0.168089 -0.008700 -0.014174 -0.010106 -0.660097 0.750978
1718924326.586202383 1.166998 0.167544 -0.008713 -0.014190 -0.010113 -0.660076 0.750997
1718924326.591211557 1.167081 0.166999 -0.008730 -0.014196 -0.010119 -0.660049 0.751020
1718924326.596199751 1.167164 0.166459 -0.008750 -0.014199 -0.010122 -0.660023 0.751043
1718924326.599989176 1.167227 0.166049 -0.008768 -0.014203 -0.010120 -0.660006 0.751057
1718924326.599989176 1.167227 0.166049 -0.008768 -0.014203 -0.010120 -0.660006 0.751057
1718924326.601224184 1.167247 0.165916 -0.008772 -0.014205 -0.010120 -0.660001 0.751062
1718924326.606211424 1.167329 0.165378 -0.008791 -0.014216 -0.010113 -0.659975 0.751085
1718924326.611223698 1.167410 0.164838 -0.008808 -0.014238 -0.010108 -0.659948 0.751109
1718924326.666281223 1.168159 0.158977 -0.008853 -0.014262 -0.010281 -0.659999 0.751061
1718924326.671269894 1.168214 0.158452 -0.008849 -0.014267 -0.010298 -0.660007 0.751053
1718924326.676229477 1.168266 0.157930 -0.008843 -0.014269 -0.010315 -0.660013 0.751048
1718924326.681233644 1.168315 0.157399 -0.008835 -0.014271 -0.010331 -0.660027 0.751035
1718924326.686215401 1.168363 0.156867 -0.008827 -0.014274 -0.010346 -0.660047 0.751018
1718924326.691219568 1.168408 0.156329 -0.008822 -0.014270 -0.010357 -0.660058 0.751008
1718924326.696218729 1.168451 0.155789 -0.008822 -0.014260 -0.010367 -0.660062 0.751004
1718924326.699899197 1.168480 0.155390 -0.008824 -0.014255 -0.010363 -0.660067 0.751000
1718924326.699899197 1.168480 0.155390 -0.008824 -0.014255 -0.010363 -0.660067 0.751000
1718924326.701223373 1.168491 0.155246 -0.008823 -0.014253 -0.010362 -0.660069 0.750999
1718924326.706226349 1.168527 0.154701 -0.008820 -0.014243 -0.010367 -0.660073 0.750994
1718924326.711223602 1.168562 0.154155 -0.008817 -0.014229 -0.010383 -0.660076 0.750993
1718924326.716228962 1.168594 0.153605 -0.008814 -0.014214 -0.010401 -0.660072 0.750996
1718924326.721303463 1.168625 0.153045 -0.008808 -0.014209 -0.010415 -0.660071 0.750997
1718924326.726220846 1.168653 0.152499 -0.008798 -0.014205 -0.010430 -0.660066 0.751001
1718924326.731279612 1.168681 0.151934 -0.008785 -0.014199 -0.010445 -0.660061 0.751006
1718924326.736305952 1.168706 0.151368 -0.008769 -0.014197 -0.010459 -0.660051 0.751014
1718924326.741278410 1.168731 0.150803 -0.008752 -0.014188 -0.010471 -0.660049 0.751016
1718924326.746293545 1.168756 0.150227 -0.008735 -0.014177 -0.010483 -0.660049 0.751015
1718924326.751275539 1.168781 0.149649 -0.008722 -0.014162 -0.010488 -0.660040 0.751023
1718924326.756229639 1.168807 0.149071 -0.008713 -0.014155 -0.010491 -0.660021 0.751040
1718924326.761280298 1.168835 0.148480 -0.008708 -0.014150 -0.010490 -0.659999 0.751060
1718924326.766269922 1.168865 0.147895 -0.008706 -0.014149 -0.010493 -0.659978 0.751078
1718924326.771284342 1.168897 0.147309 -0.008705 -0.014151 -0.010495 -0.659961 0.751093
1718924326.776260853 1.168932 0.146726 -0.008702 -0.014157 -0.010505 -0.659942 0.751110
1718924326.781241655 1.168969 0.146143 -0.008695 -0.014160 -0.010520 -0.659923 0.751126
1718924326.786256790 1.169009 0.145553 -0.008684 -0.014162 -0.010541 -0.659902 0.751144
1718924326.791271210 1.169053 0.144962 -0.008668 -0.014162 -0.010556 -0.659883 0.751161
1718924326.796269417 1.169099 0.144370 -0.008651 -0.014158 -0.010573 -0.659864 0.751178
1718924326.799983025 1.169135 0.143928 -0.008638 -0.014156 -0.010575 -0.659855 0.751185
1718924326.799983025 1.169135 0.143928 -0.008638 -0.014156 -0.010575 -0.659855 0.751185
1718924326.801271200 1.169148 0.143774 -0.008633 -0.014155 -0.010576 -0.659852 0.751188
1718924326.806264639 1.169199 0.143179 -0.008614 -0.014154 -0.010566 -0.659844 0.751195
1718924326.811213255 1.169252 0.142587 -0.008601 -0.014159 -0.010550 -0.659840 0.751199
1718924326.851278305 1.169747 0.137593 -0.008409 -0.014329 -0.010818 -0.659854 0.751179
1718924326.856241941 1.169818 0.136928 -0.008386 -0.014345 -0.010825 -0.659858 0.751176
1718924326.861274958 1.169892 0.136244 -0.008366 -0.014345 -0.010809 -0.659869 0.751166
1718924326.866229296 1.169967 0.135560 -0.008353 -0.014335 -0.010789 -0.659875 0.751161
1718924326.871305227 1.170046 0.134851 -0.008345 -0.014333 -0.010763 -0.659877 0.751160
1718924326.876234055 1.170123 0.134152 -0.008343 -0.014348 -0.010743 -0.659888 0.751150
1718924326.881270170 1.170204 0.133428 -0.008343 -0.014370 -0.010730 -0.659894 0.751144
1718924326.886263847 1.170287 0.132702 -0.008344 -0.014389 -0.010733 -0.659895 0.751144
1718924326.891268730 1.170373 0.131965 -0.008345 -0.014413 -0.010733 -0.659898 0.751140
1718924326.896216154 1.170461 0.131228 -0.008343 -0.014446 -0.010722 -0.659896 0.751142
1718924326.900018215 1.170529 0.130656 -0.008338 -0.014467 -0.010710 -0.659887 0.751149
1718924326.900018215 1.170529 0.130656 -0.008338 -0.014467 -0.010710 -0.659887 0.751149
1718924326.901269197 1.170553 0.130468 -0.008334 -0.014474 -0.010706 -0.659883 0.751152
1718924326.906264067 1.170647 0.129709 -0.008313 -0.014494 -0.010687 -0.659867 0.751167
1718924326.911271811 1.170744 0.128939 -0.008289 -0.014511 -0.010667 -0.659845 0.751186
1718924326.916279554 1.170843 0.128160 -0.008263 -0.014528 -0.010654 -0.659812 0.751214
1718924326.921235561 1.170943 0.127380 -0.008239 -0.014545 -0.010648 -0.659785 0.751238
1718924326.926230669 1.171045 0.126585 -0.008219 -0.014564 -0.010647 -0.659754 0.751265
1718924326.931282759 1.171149 0.125775 -0.008204 -0.014583 -0.010650 -0.659719 0.751296
1718924326.936295509 1.171251 0.124963 -0.008196 -0.014601 -0.010661 -0.659676 0.751333
1718924326.941267252 1.171353 0.124152 -0.008192 -0.014617 -0.010674 -0.659639 0.751365
1718924326.946324825 1.171455 0.123319 -0.008189 -0.014629 -0.010677 -0.659616 0.751385
1718924326.951238632 1.171553 0.122503 -0.008186 -0.014629 -0.010671 -0.659598 0.751401
1718924326.956260920 1.171650 0.121661 -0.008179 -0.014622 -0.010667 -0.659579 0.751417
1718924326.961291075 1.171746 0.120808 -0.008169 -0.014617 -0.010663 -0.659568 0.751427
1718924326.966288090 1.171837 0.119954 -0.008156 -0.014620 -0.010661 -0.659565 0.751430
1718924326.971312523 1.171925 0.119088 -0.008142 -0.014632 -0.010664 -0.659558 0.751435
1718924326.976292610 1.172007 0.118224 -0.008130 -0.014649 -0.010666 -0.659560 0.751433
1718924326.981265545 1.172086 0.117355 -0.008120 -0.014666 -0.010677 -0.659572 0.751422
1718924326.986257076 1.172161 0.116477 -0.008113 -0.014679 -0.010691 -0.659599 0.751398
1718924326.991229296 1.172233 0.115596 -0.008107 -0.014687 -0.010708 -0.659628 0.751372
1718924326.996224165 1.172301 0.114705 -0.008102 -0.014693 -0.010723 -0.659652 0.751351
1718924327.001222372 1.172366 0.113809 -0.008096 -0.014699 -0.010741 -0.659681 0.751325
1718924327.006217480 1.172429 0.112906 -0.008089 -0.014702 -0.010745 -0.659714 0.751296
1718924327.011270046 1.172491 0.111985 -0.008080 -0.014702 -0.010740 -0.659749 0.751266
1718924327.031284571 1.172746 0.108295 -0.008032 -0.014707 -0.010788 -0.659839 0.751186
1718924327.036291599 1.172808 0.107356 -0.008033 -0.014706 -0.010804 -0.659857 0.751170
1718924327.041230202 1.172870 0.106425 -0.008035 -0.014704 -0.010827 -0.659866 0.751162
1718924327.046231508 1.172935 0.105475 -0.008038 -0.014702 -0.010842 -0.659865 0.751162
1718924327.051242828 1.173001 0.104518 -0.008040 -0.014697 -0.010849 -0.659862 0.751165
1718924327.056238413 1.173068 0.103559 -0.008040 -0.014689 -0.010856 -0.659860 0.751166
1718924327.061226845 1.173136 0.102596 -0.008040 -0.014689 -0.010866 -0.659859 0.751168
1718924327.066223860 1.173207 0.101628 -0.008037 -0.014696 -0.010876 -0.659850 0.751175
1718924327.071279287 1.173279 0.100644 -0.008033 -0.014709 -0.010895 -0.659832 0.751191
1718924327.076238871 1.173353 0.099674 -0.008028 -0.014721 -0.010923 -0.659807 0.751211
1718924327.081238747 1.173429 0.098693 -0.008022 -0.014737 -0.010951 -0.659782 0.751233
1718924327.086230755 1.173510 0.097710 -0.008017 -0.014754 -0.010977 -0.659756 0.751255
1718924327.091267586 1.173594 0.096714 -0.008014 -0.014765 -0.010999 -0.659730 0.751277
1718924327.096228123 1.173682 0.095731 -0.008014 -0.014773 -0.011013 -0.659705 0.751298
1718924327.099986076 1.173750 0.094984 -0.008015 -0.014780 -0.011016 -0.659688 0.751314
1718924327.099986076 1.173750 0.094984 -0.008015 -0.014780 -0.011016 -0.659688 0.751314
1718924327.101228237 1.173772 0.094737 -0.008013 -0.014782 -0.011017 -0.659682 0.751319
1718924327.106215954 1.173861 0.093746 -0.008003 -0.014797 -0.011017 -0.659655 0.751342
1718924327.111229181 1.173953 0.092748 -0.007995 -0.014812 -0.011029 -0.659631 0.751363
1718924327.116260052 1.174049 0.091746 -0.007988 -0.014827 -0.011044 -0.659611 0.751380
1718924327.151261091 1.174702 0.084833 -0.007883 -0.015008 -0.010990 -0.659571 0.751412
1718924327.156222105 1.174792 0.083855 -0.007874 -0.015037 -0.010986 -0.659574 0.751408
1718924327.161283016 1.174883 0.082858 -0.007865 -0.015072 -0.010983 -0.659588 0.751396
1718924327.166235209 1.174972 0.081886 -0.007856 -0.015103 -0.010983 -0.659599 0.751386
1718924327.171280384 1.175062 0.080897 -0.007846 -0.015126 -0.010988 -0.659610 0.751375
1718924327.176248312 1.175151 0.079925 -0.007837 -0.015139 -0.011000 -0.659626 0.751361
1718924327.181278229 1.175241 0.078942 -0.007827 -0.015151 -0.011013 -0.659651 0.751339
1718924327.186314583 1.175329 0.077959 -0.007818 -0.015164 -0.011019 -0.659673 0.751319
1718924327.191288948 1.175416 0.076989 -0.007808 -0.015180 -0.011029 -0.659684 0.751309
1718924327.196238995 1.175501 0.076024 -0.007798 -0.015197 -0.011042 -0.659691 0.751302
1718924327.199988127 1.175565 0.075292 -0.007791 -0.015209 -0.011054 -0.659701 0.751293
1718924327.199988127 1.175565 0.075292 -0.007791 -0.015209 -0.011054 -0.659701 0.751293
1718924327.201271057 1.175586 0.075042 -0.007786 -0.015214 -0.011058 -0.659705 0.751290
1718924327.206273317 1.175669 0.074065 -0.007765 -0.015239 -0.011072 -0.659718 0.751277
1718924327.211272240 1.175749 0.073090 -0.007745 -0.015263 -0.011087 -0.659739 0.751258
1718924327.216303825 1.175828 0.072109 -0.007726 -0.015274 -0.011096 -0.659762 0.751237
1718924327.221259832 1.175903 0.071144 -0.007709 -0.015279 -0.011099 -0.659776 0.751225
1718924327.226292372 1.175977 0.070167 -0.007691 -0.015280 -0.011099 -0.659790 0.751213
1718924327.231294155 1.176048 0.069196 -0.007671 -0.015280 -0.011093 -0.659803 0.751202
1718924327.236227512 1.176116 0.068238 -0.007648 -0.015280 -0.011090 -0.659810 0.751196
1718924327.241300583 1.176183 0.067252 -0.007623 -0.015275 -0.011083 -0.659819 0.751188
1718924327.246301651 1.176248 0.066280 -0.007598 -0.015272 -0.011078 -0.659819 0.751188
1718924327.251281261 1.176310 0.065314 -0.007574 -0.015270 -0.011075 -0.659817 0.751190
1718924327.256241798 1.176370 0.064352 -0.007553 -0.015270 -0.011072 -0.659809 0.751197
1718924327.261291981 1.176429 0.063374 -0.007534 -0.015269 -0.011071 -0.659800 0.751205
1718924327.266291857 1.176487 0.062406 -0.007517 -0.015269 -0.011061 -0.659788 0.751215
1718924327.271280289 1.176544 0.061440 -0.007500 -0.015269 -0.011059 -0.659773 0.751229
1718924327.276276827 1.176599 0.060471 -0.007481 -0.015279 -0.011067 -0.659754 0.751245
1718924327.281278610 1.176654 0.059501 -0.007462 -0.015295 -0.011074 -0.659738 0.751258
1718924327.286271572 1.176708 0.058534 -0.007442 -0.015308 -0.011076 -0.659718 0.751276
1718924327.291266441 1.176761 0.057568 -0.007422 -0.015317 -0.011075 -0.659697 0.751294
1718924327.296224117 1.176814 0.056611 -0.007401 -0.015318 -0.011079 -0.659678 0.751311
1718924327.299987078 1.176854 0.055884 -0.007386 -0.015317 -0.011082 -0.659664 0.751323
1718924327.299987078 1.176854 0.055884 -0.007386 -0.015317 -0.011082 -0.659664 0.751323
1718924327.301224947 1.176867 0.055645 -0.007379 -0.015316 -0.011083 -0.659660 0.751326
1718924327.306228876 1.176921 0.054680 -0.007351 -0.015311 -0.011086 -0.659645 0.751339
1718924327.311268330 1.176977 0.053708 -0.007322 -0.015296 -0.011087 -0.659624 0.751358
1718924327.356277943 1.177522 0.045006 -0.006967 -0.015306 -0.011095 -0.659402 0.751552
1718924327.361283302 1.177590 0.044036 -0.006928 -0.015303 -0.011094 -0.659388 0.751565
1718924327.366277695 1.177659 0.043068 -0.006888 -0.015310 -0.011084 -0.659381 0.751571
1718924327.371250868 1.177729 0.042104 -0.006846 -0.015316 -0.011080 -0.659373 0.751578
1718924327.376231432 1.177800 0.041139 -0.006802 -0.015318 -0.011085 -0.659366 0.751584
1718924327.381241560 1.177871 0.040169 -0.006758 -0.015316 -0.011093 -0.659356 0.751593
1718924327.386232376 1.177943 0.039205 -0.006715 -0.015312 -0.011108 -0.659342 0.751605
1718924327.391232491 1.178015 0.038241 -0.006673 -0.015305 -0.011135 -0.659332 0.751614
1718924327.396231413 1.178086 0.037279 -0.006630 -0.015299 -0.011162 -0.659330 0.751615
1718924327.399980068 1.178138 0.036559 -0.006599 -0.015296 -0.011175 -0.659331 0.751614
1718924327.399980068 1.178138 0.036559 -0.006599 -0.015296 -0.011175 -0.659331 0.751614
1718924327.401233435 1.178155 0.036318 -0.006585 -0.015295 -0.011178 -0.659332 0.751613
1718924327.406230927 1.178223 0.035360 -0.006529 -0.015298 -0.011183 -0.659334 0.751612
1718924327.411280632 1.178291 0.034392 -0.006471 -0.015304 -0.011188 -0.659338 0.751608
1718924327.416248798 1.178356 0.033440 -0.006414 -0.015307 -0.011197 -0.659345 0.751602
1718924327.421292782 1.178420 0.032474 -0.006355 -0.015306 -0.011199 -0.659351 0.751596
1718924327.426253080 1.178482 0.031528 -0.006298 -0.015307 -0.011200 -0.659363 0.751585
1718924327.431284189 1.178543 0.030570 -0.006242 -0.015309 -0.011201 -0.659381 0.751570
1718924327.436232090 1.178602 0.029629 -0.006187 -0.015312 -0.011202 -0.659389 0.751562
1718924327.441234827 1.178660 0.028679 -0.006132 -0.015318 -0.011204 -0.659398 0.751554
1718924327.446246147 1.178716 0.027727 -0.006079 -0.015331 -0.011206 -0.659414 0.751540
1718924327.451233864 1.178772 0.026779 -0.006027 -0.015350 -0.011206 -0.659435 0.751521
1718924327.456235647 1.178827 0.025827 -0.005977 -0.015362 -0.011206 -0.659462 0.751497
1718924327.461239815 1.178882 0.024875 -0.005929 -0.015369 -0.011210 -0.659495 0.751468
1718924327.466243267 1.178937 0.023924 -0.005882 -0.015378 -0.011214 -0.659522 0.751444
1718924327.471234083 1.178992 0.022974 -0.005834 -0.015385 -0.011213 -0.659550 0.751419
1718924327.476260185 1.179048 0.022016 -0.005785 -0.015395 -0.011215 -0.659584 0.751390
1718924327.481241703 1.179104 0.021065 -0.005734 -0.015402 -0.011227 -0.659612 0.751364
1718924327.486227036 1.179161 0.020112 -0.005680 -0.015410 -0.011242 -0.659634 0.751345
1718924327.491234064 1.179218 0.019154 -0.005626 -0.015423 -0.011249 -0.659651 0.751329
1718924327.496227980 1.179275 0.018199 -0.005574 -0.015435 -0.011254 -0.659666 0.751316
1718924327.499985933 1.179318 0.017481 -0.005538 -0.015433 -0.011258 -0.659678 0.751306
1718924327.499985933 1.179318 0.017481 -0.005538 -0.015433 -0.011258 -0.659678 0.751306
1718924327.501235485 1.179332 0.017243 -0.005524 -0.015432 -0.011260 -0.659682 0.751302
1718924327.506228685 1.179390 0.016289 -0.005471 -0.015426 -0.011261 -0.659691 0.751294
1718924327.511236906 1.179448 0.015332 -0.005419 -0.015416 -0.011266 -0.659695 0.751291
1718924327.566234827 1.180068 0.004942 -0.004647 -0.015655 -0.011145 -0.659426 0.751524
1718924327.571237326 1.180124 0.004007 -0.004570 -0.015665 -0.011144 -0.659410 0.751538
1718924327.576253891 1.180180 0.003072 -0.004490 -0.015675 -0.011150 -0.659390 0.751555
1718924327.581238985 1.180236 0.002144 -0.004409 -0.015681 -0.011159 -0.659375 0.751568
1718924327.586242437 1.180292 0.001215 -0.004327 -0.015681 -0.011167 -0.659368 0.751574
1718924327.591233015 1.180348 0.000289 -0.004244 -0.015681 -0.011179 -0.659359 0.751581
1718924327.596227884 1.180404 -0.000634 -0.004159 -0.015686 -0.011193 -0.659358 0.751582
1718924327.599983931 1.180445 -0.001326 -0.004096 -0.015689 -0.011205 -0.659360 0.751580
1718924327.599983931 1.180445 -0.001326 -0.004096 -0.015689 -0.011205 -0.659360 0.751580
1718924327.601233959 1.180459 -0.001555 -0.004072 -0.015690 -0.011208 -0.659360 0.751580
1718924327.606229067 1.180512 -0.002467 -0.003972 -0.015702 -0.011209 -0.659363 0.751577
1718924327.611232519 1.180565 -0.003376 -0.003872 -0.015721 -0.011206 -0.659374 0.751567
1718924327.616250753 1.180619 -0.004287 -0.003770 -0.015735 -0.011205 -0.659383 0.751559
1718924327.621241570 1.180672 -0.005193 -0.003668 -0.015752 -0.011210 -0.659393 0.751549
1718924327.626243591 1.180725 -0.006103 -0.003566 -0.015774 -0.011206 -0.659408 0.751536
1718924327.631262064 1.180779 -0.007017 -0.003466 -0.015796 -0.011203 -0.659417 0.751528
1718924327.636290073 1.180834 -0.007932 -0.003369 -0.015818 -0.011204 -0.659427 0.751519
1718924327.641321182 1.180891 -0.008849 -0.003275 -0.015841 -0.011207 -0.659440 0.751507
1718924327.646297693 1.180947 -0.009758 -0.003182 -0.015868 -0.011205 -0.659457 0.751491
1718924327.651250601 1.181004 -0.010665 -0.003088 -0.015900 -0.011194 -0.659474 0.751476
1718924327.656286716 1.181063 -0.011591 -0.002989 -0.015938 -0.011186 -0.659493 0.751459
1718924327.661231756 1.181122 -0.012504 -0.002889 -0.015975 -0.011180 -0.659513 0.751440
1718924327.666301250 1.181186 -0.013443 -0.002784 -0.016012 -0.011175 -0.659534 0.751421
1718924327.671281099 1.181250 -0.014368 -0.002681 -0.016052 -0.011165 -0.659544 0.751411
1718924327.676246881 1.181315 -0.015291 -0.002578 -0.016089 -0.011156 -0.659553 0.751403
1718924327.681279421 1.181382 -0.016230 -0.002475 -0.016115 -0.011154 -0.659568 0.751389
1718924327.686240435 1.181449 -0.017159 -0.002376 -0.016133 -0.011153 -0.659585 0.751374
1718924327.691271544 1.181520 -0.018107 -0.002278 -0.016147 -0.011150 -0.659593 0.751367
1718924327.696276665 1.181592 -0.019054 -0.002184 -0.016156 -0.011140 -0.659594 0.751365
1718924327.699893951 1.181645 -0.019740 -0.002119 -0.016161 -0.011131 -0.659592 0.751368
1718924327.699893951 1.181645 -0.019740 -0.002119 -0.016161 -0.011131 -0.659592 0.751368
1718924327.701275110 1.181666 -0.020002 -0.002092 -0.016162 -0.011129 -0.659591 0.751369
1718924327.706237316 1.181740 -0.020945 -0.001995 -0.016162 -0.011125 -0.659583 0.751375
1718924327.711237907 1.181815 -0.021899 -0.001896 -0.016152 -0.011117 -0.659581 0.751378
1718924327.716228962 1.181890 -0.022856 -0.001794 -0.016138 -0.011103 -0.659583 0.751377
1718924327.766296625 1.182431 -0.032672 -0.000915 -0.015876 -0.011050 -0.658902 0.751980
1718924327.771320343 1.182463 -0.033681 -0.000861 -0.015840 -0.011078 -0.658835 0.752039
1718924327.776287556 1.182491 -0.034682 -0.000814 -0.015824 -0.011117 -0.658761 0.752104
1718924327.781257153 1.182516 -0.035686 -0.000775 -0.015811 -0.011164 -0.658682 0.752172
1718924327.786242008 1.182538 -0.036697 -0.000743 -0.015800 -0.011208 -0.658604 0.752241
1718924327.791273117 1.182558 -0.037720 -0.000716 -0.015787 -0.011246 -0.658524 0.752310
1718924327.796236753 1.182575 -0.038730 -0.000690 -0.015777 -0.011267 -0.658447 0.752377
1718924327.799988985 1.182588 -0.039496 -0.000670 -0.015769 -0.011279 -0.658396 0.752422
1718924327.799988985 1.182588 -0.039496 -0.000670 -0.015769 -0.011279 -0.658396 0.752422
1718924327.801234722 1.182592 -0.039749 -0.000659 -0.015767 -0.011282 -0.658378 0.752437
1718924327.806236982 1.182608 -0.040766 -0.000608 -0.015753 -0.011270 -0.658312 0.752496
1718924327.811232567 1.182625 -0.041782 -0.000551 -0.015736 -0.011251 -0.658252 0.752549
1718924327.816251278 1.182642 -0.042804 -0.000488 -0.015720 -0.011234 -0.658201 0.752594
1718924327.821243763 1.182660 -0.043823 -0.000422 -0.015699 -0.011219 -0.658162 0.752629
1718924327.826241016 1.182679 -0.044842 -0.000355 -0.015679 -0.011205 -0.658140 0.752649
1718924327.831295013 1.182699 -0.045871 -0.000291 -0.015658 -0.011195 -0.658135 0.752654
1718924327.836236238 1.182721 -0.046874 -0.000230 -0.015633 -0.011191 -0.658146 0.752645
1718924327.841287136 1.182746 -0.047897 -0.000170 -0.015613 -0.011191 -0.658171 0.752624
1718924327.846238375 1.182774 -0.048897 -0.000112 -0.015588 -0.011185 -0.658199 0.752600
1718924327.851285934 1.182805 -0.049916 -0.000051 -0.015563 -0.011178 -0.658227 0.752575
1718924327.856288671 1.182839 -0.050928 0.000011 -0.015534 -0.011174 -0.658262 0.752545
1718924327.861249208 1.182877 -0.051931 0.000078 -0.015499 -0.011165 -0.658306 0.752508
1718924327.866245747 1.182918 -0.052940 0.000148 -0.015444 -0.011157 -0.658350 0.752471
1718924327.871298075 1.182964 -0.053962 0.000222 -0.015371 -0.011157 -0.658384 0.752442
1718924327.876249313 1.183011 -0.054964 0.000296 -0.015293 -0.011160 -0.658403 0.752428
1718924327.881278038 1.183061 -0.055984 0.000370 -0.015217 -0.011168 -0.658407 0.752425
1718924327.886237621 1.183111 -0.056992 0.000440 -0.015141 -0.011176 -0.658404 0.752430
1718924327.891261339 1.183162 -0.058015 0.000503 -0.015077 -0.011177 -0.658392 0.752441
1718924327.896236658 1.183211 -0.059030 0.000557 -0.015028 -0.011173 -0.658368 0.752463
1718924327.900003910 1.183248 -0.059800 0.000592 -0.015008 -0.011175 -0.658342 0.752487
1718924327.900003910 1.183248 -0.059800 0.000592 -0.015008 -0.011175 -0.658342 0.752487
1718924327.901274681 1.183261 -0.060060 0.000606 -0.015001 -0.011176 -0.658333 0.752495
1718924327.906276226 1.183313 -0.061085 0.000658 -0.014980 -0.011177 -0.658276 0.752544
1718924327.911270380 1.183364 -0.062111 0.000707 -0.014965 -0.011175 -0.658204 0.752608
1718924327.951241732 1.183870 -0.070253 0.001224 -0.015103 -0.010847 -0.657828 0.752939
1718924327.956237555 1.183929 -0.071282 0.001251 -0.015098 -0.010851 -0.657800 0.752963
1718924327.961250782 1.183989 -0.072315 0.001277 -0.015091 -0.010853 -0.657789 0.752973
1718924327.966243982 1.184050 -0.073343 0.001301 -0.015088 -0.010856 -0.657784 0.752977
1718924327.971286058 1.184114 -0.074381 0.001328 -0.015088 -0.010856 -0.657796 0.752967
1718924327.976248741 1.184178 -0.075402 0.001357 -0.015094 -0.010854 -0.657821 0.752945
1718924327.981237888 1.184243 -0.076429 0.001391 -0.015112 -0.010842 -0.657850 0.752919
1718924327.986260653 1.184312 -0.077462 0.001430 -0.015132 -0.010825 -0.657887 0.752887
1718924327.991233349 1.184382 -0.078484 0.001470 -0.015145 -0.010813 -0.657930 0.752849
1718924327.996235847 1.184455 -0.079509 0.001510 -0.015158 -0.010798 -0.657977 0.752808
1718924328.001233339 1.184532 -0.080528 0.001549 -0.015174 -0.010777 -0.658023 0.752768
1718924328.006239414 1.184612 -0.081546 0.001587 -0.015197 -0.010755 -0.658073 0.752724
1718924328.011272669 1.184698 -0.082567 0.001622 -0.015230 -0.010728 -0.658119 0.752683
1718924328.016288042 1.184788 -0.083582 0.001655 -0.015264 -0.010709 -0.658162 0.752646
1718924328.021248102 1.184882 -0.084586 0.001688 -0.015294 -0.010690 -0.658204 0.752608
1718924328.026237488 1.184981 -0.085593 0.001722 -0.015318 -0.010665 -0.658241 0.752576
1718924328.031246662 1.185087 -0.086602 0.001757 -0.015325 -0.010650 -0.658267 0.752554
1718924328.036243916 1.185196 -0.087607 0.001792 -0.015329 -0.010641 -0.658291 0.752532
1718924328.041246891 1.185309 -0.088612 0.001827 -0.015331 -0.010632 -0.658307 0.752518
1718924328.046246290 1.185424 -0.089616 0.001861 -0.015341 -0.010622 -0.658312 0.752514
1718924328.051290035 1.185542 -0.090630 0.001892 -0.015346 -0.010612 -0.658301 0.752524
1718924328.056231976 1.185660 -0.091622 0.001920 -0.015345 -0.010611 -0.658287 0.752536
1718924328.061237097 1.185781 -0.092627 0.001945 -0.015349 -0.010608 -0.658270 0.752551
1718924328.066239357 1.185903 -0.093631 0.001970 -0.015363 -0.010605 -0.658239 0.752578
1718924328.071269512 1.186024 -0.094642 0.001996 -0.015373 -0.010598 -0.658199 0.752612
1718924328.076233864 1.186144 -0.095641 0.002027 -0.015377 -0.010591 -0.658154 0.752652
1718924328.081261158 1.186264 -0.096655 0.002063 -0.015389 -0.010590 -0.658100 0.752699
1718924328.086274862 1.186382 -0.097667 0.002104 -0.015397 -0.010589 -0.658038 0.752753
1718924328.091268539 1.186497 -0.098676 0.002148 -0.015397 -0.010587 -0.657967 0.752815
1718924328.096235275 1.186608 -0.099681 0.002192 -0.015396 -0.010585 -0.657904 0.752870
1718924328.099992990 1.186689 -0.100443 0.002225 -0.015396 -0.010586 -0.657855 0.752913
1718924328.099992990 1.186689 -0.100443 0.002225 -0.015396 -0.010586 -0.657855 0.752913
1718924328.101272106 1.186718 -0.100703 0.002240 -0.015395 -0.010588 -0.657839 0.752927
1718924328.106273413 1.186827 -0.101719 0.002300 -0.015393 -0.010604 -0.657775 0.752983
1718924328.111231327 1.186932 -0.102726 0.002354 -0.015385 -0.010631 -0.657706 0.753042
1718924328.116291761 1.187035 -0.103753 0.002404 -0.015368 -0.010662 -0.657654 0.753088
1718924328.199991941 1.189217 -0.120780 0.003411 -0.015312 -0.010197 -0.658395 0.752447
1718924328.199991941 1.189217 -0.120780 0.003411 -0.015312 -0.010197 -0.658395 0.752447
1718924328.201231003 1.189255 -0.121035 0.003430 -0.015310 -0.010196 -0.658407 0.752437
1718924328.206274271 1.189413 -0.122072 0.003506 -0.015313 -0.010168 -0.658449 0.752401
1718924328.211230278 1.189573 -0.123093 0.003581 -0.015317 -0.010140 -0.658474 0.752379
1718924328.216236115 1.189738 -0.124122 0.003656 -0.015318 -0.010116 -0.658486 0.752369
1718924328.221249342 1.189907 -0.125153 0.003729 -0.015316 -0.010091 -0.658489 0.752367
1718924328.226230860 1.190078 -0.126176 0.003800 -0.015322 -0.010055 -0.658492 0.752365
1718924328.231252909 1.190256 -0.127208 0.003871 -0.015323 -0.010022 -0.658491 0.752366
1718924328.236234188 1.190436 -0.128233 0.003942 -0.015320 -0.009994 -0.658483 0.752374
1718924328.241234064 1.190622 -0.129263 0.004016 -0.015320 -0.009972 -0.658465 0.752389
1718924328.246240377 1.190813 -0.130293 0.004093 -0.015325 -0.009938 -0.658434 0.752417
1718924328.251244307 1.191007 -0.131322 0.004172 -0.015328 -0.009899 -0.658398 0.752449
1718924328.256281137 1.191208 -0.132356 0.004252 -0.015330 -0.009864 -0.658360 0.752482
1718924328.261294127 1.191411 -0.133385 0.004331 -0.015333 -0.009831 -0.658325 0.752514
1718924328.266292095 1.191617 -0.134411 0.004408 -0.015337 -0.009801 -0.658291 0.752543
1718924328.271262407 1.191826 -0.135431 0.004482 -0.015349 -0.009780 -0.658253 0.752577
1718924328.276272774 1.192039 -0.136460 0.004555 -0.015366 -0.009759 -0.658206 0.752618
1718924328.281271458 1.192256 -0.137487 0.004626 -0.015381 -0.009735 -0.658161 0.752657
1718924328.286232233 1.192473 -0.138507 0.004696 -0.015388 -0.009717 -0.658126 0.752688
1718924328.291268826 1.192696 -0.139543 0.004766 -0.015397 -0.009709 -0.658092 0.752718
1718924328.296231985 1.192916 -0.140564 0.004837 -0.015399 -0.009703 -0.658062 0.752744
1718924328.299994946 1.193083 -0.141340 0.004891 -0.015396 -0.009705 -0.658041 0.752762
1718924328.299994946 1.193083 -0.141340 0.004891 -0.015396 -0.009705 -0.658041 0.752762
1718924328.301243544 1.193139 -0.141597 0.004914 -0.015393 -0.009711 -0.658035 0.752767
1718924328.306234121 1.193362 -0.142626 0.005007 -0.015386 -0.009735 -0.658021 0.752780
1718924328.311268091 1.193587 -0.143665 0.005102 -0.015381 -0.009752 -0.658012 0.752787
1718924328.366240263 1.196021 -0.154951 0.006129 -0.015656 -0.009146 -0.658295 0.752541
1718924328.371274710 1.196239 -0.155979 0.006194 -0.015666 -0.009148 -0.658328 0.752512
1718924328.376232624 1.196455 -0.156991 0.006256 -0.015673 -0.009155 -0.658363 0.752481
1718924328.381271601 1.196676 -0.158019 0.006316 -0.015680 -0.009163 -0.658397 0.752451
1718924328.386270285 1.196897 -0.159041 0.006374 -0.015681 -0.009165 -0.658432 0.752421
1718924328.391247511 1.197119 -0.160060 0.006432 -0.015681 -0.009165 -0.658464 0.752393
1718924328.396275043 1.197346 -0.161092 0.006491 -0.015676 -0.009167 -0.658498 0.752363
1718924328.399993896 1.197516 -0.161857 0.006537 -0.015668 -0.009167 -0.658521 0.752343
1718924328.399993896 1.197516 -0.161857 0.006537 -0.015668 -0.009167 -0.658521 0.752343
1718924328.401269436 1.197575 -0.162119 0.006558 -0.015666 -0.009163 -0.658529 0.752337
1718924328.406226873 1.197810 -0.163141 0.006645 -0.015669 -0.009125 -0.658545 0.752322
1718924328.411272287 1.198054 -0.164183 0.006737 -0.015681 -0.009090 -0.658555 0.752315
1718924328.416239977 1.198299 -0.165210 0.006830 -0.015687 -0.009050 -0.658563 0.752308
1718924328.421238899 1.198551 -0.166246 0.006924 -0.015694 -0.009008 -0.658560 0.752310
1718924328.426252127 1.198809 -0.167284 0.007017 -0.015706 -0.008969 -0.658544 0.752325
1718924328.431260347 1.199073 -0.168321 0.007107 -0.015712 -0.008927 -0.658524 0.752343
1718924328.436234236 1.199341 -0.169351 0.007192 -0.015723 -0.008887 -0.658496 0.752367
1718924328.441240549 1.199617 -0.170389 0.007274 -0.015737 -0.008851 -0.658462 0.752398
1718924328.446239471 1.199898 -0.171429 0.007353 -0.015755 -0.008819 -0.658420 0.752434
1718924328.451233387 1.200185 -0.172471 0.007430 -0.015781 -0.008788 -0.658374 0.752475
1718924328.456241131 1.200479 -0.173520 0.007508 -0.015805 -0.008745 -0.658314 0.752526
1718924328.461225271 1.200776 -0.174563 0.007585 -0.015825 -0.008701 -0.658255 0.752579
1718924328.466302156 1.201084 -0.175624 0.007665 -0.015841 -0.008652 -0.658197 0.752630
1718924328.471240759 1.201386 -0.176652 0.007743 -0.015848 -0.008603 -0.658140 0.752679
1718924328.476233482 1.201694 -0.177687 0.007825 -0.015846 -0.008573 -0.658086 0.752728
1718924328.481229067 1.202004 -0.178718 0.007911 -0.015836 -0.008552 -0.658036 0.752771
1718924328.486271143 1.202318 -0.179754 0.008002 -0.015828 -0.008527 -0.657988 0.752814
1718924328.491228104 1.202627 -0.180767 0.008096 -0.015836 -0.008501 -0.657948 0.752849
1718924328.496230364 1.202938 -0.181784 0.008193 -0.015850 -0.008474 -0.657913 0.752879
1718924328.499996901 1.203171 -0.182546 0.008266 -0.015860 -0.008458 -0.657892 0.752898
1718924328.499996901 1.203171 -0.182546 0.008266 -0.015860 -0.008458 -0.657892 0.752898
1718924328.501228571 1.203247 -0.182794 0.008292 -0.015862 -0.008459 -0.657885 0.752903
1718924328.506224632 1.203556 -0.183799 0.008402 -0.015874 -0.008447 -0.657862 0.752924
1718924328.511227608 1.203863 -0.184800 0.008512 -0.015878 -0.008429 -0.657846 0.752937
1718924328.556242704 1.206650 -0.193600 0.009579 -0.015952 -0.007790 -0.658305 0.752542
1718924328.561234236 1.206959 -0.194549 0.009676 -0.015950 -0.007775 -0.658366 0.752488
1718924328.566234112 1.207269 -0.195497 0.009774 -0.015944 -0.007767 -0.658416 0.752446
1718924328.571228504 1.207579 -0.196442 0.009872 -0.015933 -0.007756 -0.658462 0.752405
1718924328.576239347 1.207891 -0.197389 0.009973 -0.015925 -0.007743 -0.658508 0.752365
1718924328.581231356 1.208204 -0.198330 0.010074 -0.015915 -0.007736 -0.658555 0.752324
1718924328.586240530 1.208518 -0.199271 0.010177 -0.015900 -0.007720 -0.658590 0.752294
1718924328.591240883 1.208833 -0.200206 0.010282 -0.015884 -0.007702 -0.658612 0.752275
1718924328.596233130 1.209149 -0.201137 0.010389 -0.015867 -0.007688 -0.658628 0.752262
1718924328.599997997 1.209388 -0.201836 0.010472 -0.015865 -0.007675 -0.658636 0.752255
1718924328.599997997 1.209388 -0.201836 0.010472 -0.015865 -0.007675 -0.658636 0.752255
1718924328.601278543 1.209471 -0.202075 0.010505 -0.015864 -0.007668 -0.658638 0.752253
1718924328.606266022 1.209794 -0.203002 0.010642 -0.015870 -0.007624 -0.658638 0.752254
1718924328.611270428 1.210122 -0.203931 0.010778 -0.015881 -0.007584 -0.658636 0.752256
1718924328.616290808 1.210454 -0.204862 0.010914 -0.015884 -0.007537 -0.658624 0.752267
1718924328.621287107 1.210788 -0.205785 0.011045 -0.015883 -0.007497 -0.658608 0.752281
1718924328.626229763 1.211123 -0.206697 0.011171 -0.015882 -0.007451 -0.658591 0.752297
1718924328.631281137 1.211470 -0.207629 0.011298 -0.015877 -0.007403 -0.658576 0.752310
1718924328.636238098 1.211816 -0.208543 0.011422 -0.015870 -0.007357 -0.658565 0.752321
1718924328.641232729 1.212169 -0.209466 0.011549 -0.015871 -0.007312 -0.658558 0.752327
1718924328.646270990 1.212531 -0.210399 0.011678 -0.015878 -0.007271 -0.658550 0.752334
1718924328.651229382 1.212895 -0.211317 0.011804 -0.015873 -0.007230 -0.658539 0.752345
1718924328.656228304 1.213267 -0.212241 0.011931 -0.015859 -0.007197 -0.658531 0.752352
1718924328.661222935 1.213644 -0.213161 0.012057 -0.015845 -0.007161 -0.658531 0.752353
1718924328.666268349 1.214028 -0.214089 0.012186 -0.015838 -0.007120 -0.658539 0.752346
1718924328.671263456 1.214414 -0.215010 0.012314 -0.015840 -0.007075 -0.658545 0.752342
1718924328.676229477 1.214801 -0.215927 0.012442 -0.015851 -0.007031 -0.658548 0.752339
1718924328.681237459 1.215196 -0.216855 0.012572 -0.015866 -0.006977 -0.658558 0.752330
1718924328.686229229 1.215594 -0.217779 0.012701 -0.015876 -0.006918 -0.658578 0.752313
1718924328.691267490 1.216000 -0.218712 0.012831 -0.015860 -0.006873 -0.658606 0.752290
1718924328.696260929 1.216409 -0.219635 0.012958 -0.015822 -0.006841 -0.658651 0.752251
1718924328.699975014 1.216715 -0.220321 0.013049 -0.015787 -0.006824 -0.658691 0.752217
1718924328.699975014 1.216715 -0.220321 0.013049 -0.015787 -0.006824 -0.658691 0.752217
1718924328.701267719 1.216823 -0.220560 0.013083 -0.015774 -0.006824 -0.658706 0.752204
1718924328.706223249 1.217239 -0.221477 0.013214 -0.015730 -0.006828 -0.658779 0.752141
1718924328.711266279 1.217666 -0.222415 0.013349 -0.015691 -0.006828 -0.658863 0.752068
1718924328.716267824 1.218093 -0.223349 0.013482 -0.015649 -0.006826 -0.658951 0.751992
1718924328.761235952 1.222084 -0.231823 0.014695 -0.015485 -0.006322 -0.659656 0.751381
1718924328.766307831 1.222541 -0.232787 0.014817 -0.015454 -0.006339 -0.659741 0.751307
1718924328.771231174 1.222985 -0.233725 0.014938 -0.015420 -0.006360 -0.659816 0.751242
1718924328.776284218 1.223442 -0.234691 0.015065 -0.015374 -0.006388 -0.659881 0.751186
1718924328.781276941 1.223893 -0.235651 0.015194 -0.015313 -0.006423 -0.659943 0.751132
1718924328.786273718 1.224345 -0.236615 0.015324 -0.015241 -0.006463 -0.660007 0.751077
1718924328.791272640 1.224797 -0.237581 0.015457 -0.015173 -0.006503 -0.660072 0.751021
1718924328.796218395 1.225241 -0.238537 0.015590 -0.015110 -0.006530 -0.660135 0.750966
1718924328.799995899 1.225578 -0.239268 0.015692 -0.015079 -0.006542 -0.660182 0.750926
1718924328.799995899 1.225578 -0.239268 0.015692 -0.015079 -0.006542 -0.660182 0.750926
1718924328.801237106 1.225690 -0.239507 0.015731 -0.015069 -0.006543 -0.660197 0.750913
1718924328.806226015 1.226144 -0.240471 0.015887 -0.015036 -0.006523 -0.660253 0.750864
1718924328.811260939 1.226602 -0.241446 0.016044 -0.015010 -0.006499 -0.660306 0.750819
1718924328.816277981 1.227058 -0.242420 0.016198 -0.014985 -0.006475 -0.660371 0.750762
1718924328.821366549 1.227520 -0.243409 0.016352 -0.014957 -0.006452 -0.660447 0.750696
1718924328.826258183 1.227965 -0.244362 0.016497 -0.014937 -0.006427 -0.660523 0.750630
1718924328.831253052 1.228420 -0.245336 0.016644 -0.014906 -0.006408 -0.660596 0.750566
1718924328.836240053 1.228878 -0.246311 0.016789 -0.014870 -0.006387 -0.660674 0.750499
1718924328.841229916 1.229337 -0.247289 0.016936 -0.014847 -0.006363 -0.660751 0.750431
1718924328.846230745 1.229800 -0.248272 0.017086 -0.014832 -0.006335 -0.660831 0.750362
1718924328.851273060 1.230268 -0.249267 0.017238 -0.014822 -0.006300 -0.660906 0.750296
1718924328.856221437 1.230731 -0.250244 0.017388 -0.014806 -0.006263 -0.660975 0.750236
1718924328.861284971 1.231209 -0.251244 0.017542 -0.014784 -0.006238 -0.661034 0.750185
1718924328.866226435 1.231678 -0.252223 0.017694 -0.014761 -0.006217 -0.661091 0.750135
1718924328.871230602 1.232157 -0.253216 0.017849 -0.014741 -0.006190 -0.661148 0.750085
1718924328.876226425 1.232638 -0.254211 0.018008 -0.014731 -0.006161 -0.661198 0.750042
1718924328.881283045 1.233131 -0.255220 0.018170 -0.014713 -0.006134 -0.661239 0.750006
1718924328.886262655 1.233620 -0.256216 0.018330 -0.014695 -0.006104 -0.661268 0.749981
1718924328.891270161 1.234117 -0.257221 0.018492 -0.014684 -0.006071 -0.661286 0.749966
1718924328.896263361 1.234616 -0.258226 0.018653 -0.014675 -0.006040 -0.661299 0.749954
1718924328.900012970 1.234991 -0.258984 0.018773 -0.014665 -0.006015 -0.661313 0.749942
1718924328.900012970 1.234991 -0.258984 0.018773 -0.014665 -0.006015 -0.661313 0.749942
1718924328.901247025 1.235115 -0.259235 0.018818 -0.014662 -0.006011 -0.661318 0.749938
1718924328.906263828 1.235618 -0.260260 0.019001 -0.014643 -0.005989 -0.661332 0.749926
1718924328.911219358 1.236120 -0.261275 0.019180 -0.014627 -0.005976 -0.661340 0.749920
1718924328.961277723 1.241409 -0.271709 0.021479 -0.014551 -0.004934 -0.661973 0.749370
1718924328.966264248 1.241955 -0.272755 0.021661 -0.014563 -0.004910 -0.662056 0.749297
1718924328.971269608 1.242507 -0.273810 0.021844 -0.014573 -0.004885 -0.662146 0.749217
1718924328.976288795 1.243063 -0.274871 0.022026 -0.014581 -0.004869 -0.662236 0.749137
1718924328.981260777 1.243615 -0.275927 0.022204 -0.014588 -0.004848 -0.662331 0.749053
1718924328.986241341 1.244170 -0.276989 0.022381 -0.014592 -0.004822 -0.662422 0.748973
1718924328.991254330 1.244732 -0.278062 0.022556 -0.014604 -0.004798 -0.662505 0.748900
1718924328.996258020 1.245295 -0.279138 0.022728 -0.014626 -0.004777 -0.662581 0.748832
1718924329.001217842 1.245856 -0.280209 0.022899 -0.014649 -0.004753 -0.662652 0.748769
1718924329.006219864 1.246425 -0.281293 0.023072 -0.014670 -0.004732 -0.662721 0.748708
1718924329.011258125 1.247002 -0.282388 0.023247 -0.014675 -0.004730 -0.662794 0.748643
1718924329.016263485 1.247578 -0.283479 0.023423 -0.014674 -0.004744 -0.662881 0.748566
1718924329.021231174 1.248151 -0.284568 0.023599 -0.014685 -0.004757 -0.662993 0.748467
1718924329.026224613 1.248725 -0.285669 0.023773 -0.014705 -0.004758 -0.663129 0.748345
1718924329.031279087 1.249305 -0.286789 0.023940 -0.014726 -0.004757 -0.663292 0.748201
1718924329.036265373 1.249875 -0.287900 0.024093 -0.014741 -0.004749 -0.663480 0.748034
1718924329.041265249 1.250444 -0.289019 0.024233 -0.014756 -0.004725 -0.663702 0.747836
1718924329.046238422 1.251006 -0.290139 0.024357 -0.014773 -0.004690 -0.663965 0.747603
1718924329.051268578 1.251572 -0.291278 0.024471 -0.014783 -0.004649 -0.664270 0.747332
1718924329.056256533 1.252130 -0.292414 0.024577 -0.014795 -0.004598 -0.664602 0.747037
1718924329.061254978 1.252687 -0.293560 0.024685 -0.014810 -0.004534 -0.664974 0.746705
1718924329.066258430 1.253241 -0.294714 0.024800 -0.014838 -0.004453 -0.665381 0.746343
1718924329.071254015 1.253792 -0.295872 0.024926 -0.014879 -0.004369 -0.665794 0.745974
1718924329.076218128 1.254341 -0.297028 0.025064 -0.014918 -0.004277 -0.666207 0.745606
1718924329.081257105 1.254900 -0.298208 0.025215 -0.014940 -0.004179 -0.666622 0.745235
1718924329.086257219 1.255462 -0.299384 0.025373 -0.014932 -0.004109 -0.667029 0.744871
1718924329.091255665 1.256032 -0.300564 0.025530 -0.014901 -0.004075 -0.667425 0.744517
1718924329.096249580 1.256610 -0.301749 0.025682 -0.014854 -0.004064 -0.667796 0.744185
1718924329.099984884 1.257048 -0.302639 0.025788 -0.014810 -0.004082 -0.668058 0.743951
1718924329.099984884 1.257048 -0.302639 0.025788 -0.014810 -0.004082 -0.668058 0.743951
1718924329.101257324 1.257200 -0.302946 0.025829 -0.014797 -0.004091 -0.668147 0.743871
1718924329.106251001 1.257805 -0.304155 0.025981 -0.014724 -0.004149 -0.668487 0.743567
1718924329.111256361 1.258421 -0.305374 0.026116 -0.014625 -0.004229 -0.668809 0.743279
1718924329.116270304 1.259049 -0.306601 0.026234 -0.014497 -0.004322 -0.669115 0.743005
1718924329.199983120 1.269443 -0.327890 0.027702 -0.016243 -0.002822 -0.676285 0.736456
1718924329.199983120 1.269443 -0.327890 0.027702 -0.016243 -0.002822 -0.676285 0.736456
1718924329.211217642 1.270746 -0.330807 0.027937 -0.016450 -0.002609 -0.677236 0.735578
1718924329.216225624 1.271330 -0.332116 0.028029 -0.016506 -0.002522 -0.677684 0.735164
1718924329.221220255 1.271920 -0.333423 0.028119 -0.016500 -0.002466 -0.678146 0.734738
1718924329.226222992 1.272518 -0.334735 0.028214 -0.016450 -0.002438 -0.678624 0.734298
1718924329.231239080 1.273120 -0.336052 0.028316 -0.016414 -0.002418 -0.679107 0.733852
1718924329.236220837 1.273715 -0.337361 0.028422 -0.016415 -0.002393 -0.679590 0.733404
1718924329.241257191 1.274315 -0.338687 0.028528 -0.016450 -0.002387 -0.680085 0.732945
1718924329.246213198 1.274907 -0.339994 0.028631 -0.016518 -0.002395 -0.680568 0.732494
1718924329.251262188 1.275518 -0.341329 0.028733 -0.016560 -0.002417 -0.681058 0.732038
1718924329.256255627 1.276133 -0.342651 0.028829 -0.016557 -0.002455 -0.681546 0.731583
1718924329.261264324 1.276758 -0.343978 0.028929 -0.016539 -0.002474 -0.682044 0.731120
1718924329.266258001 1.277388 -0.345302 0.029036 -0.016517 -0.002459 -0.682528 0.730669
1718924329.271271706 1.278026 -0.346633 0.029150 -0.016513 -0.002430 -0.682989 0.730238
1718924329.276217937 1.278662 -0.347950 0.029267 -0.016534 -0.002393 -0.683427 0.729827
1718924329.281269073 1.279316 -0.349299 0.029387 -0.016580 -0.002356 -0.683847 0.729433
1718924329.286210299 1.279965 -0.350620 0.029499 -0.016622 -0.002342 -0.684241 0.729063
1718924329.291243792 1.280639 -0.351966 0.029601 -0.016626 -0.002368 -0.684631 0.728697
1718924329.296249151 1.281324 -0.353304 0.029689 -0.016600 -0.002417 -0.685011 0.728339
1718924329.299998999 1.281845 -0.354304 0.029749 -0.016582 -0.002447 -0.685290 0.728077
1718924329.299998999 1.281845 -0.354304 0.029749 -0.016582 -0.002447 -0.685290 0.728077
1718924329.301247120 1.282020 -0.354638 0.029769 -0.016580 -0.002460 -0.685384 0.727989
1718924329.306217432 1.282728 -0.355963 0.029851 -0.016536 -0.002502 -0.685752 0.727643
1718924329.311246157 1.283455 -0.357299 0.029933 -0.016453 -0.002539 -0.686122 0.727296
1718924329.361217260 1.290046 -0.370683 0.030552 -0.017704 -0.001038 -0.691918 0.721758
1718924329.366211653 1.290611 -0.372046 0.030574 -0.017912 -0.000876 -0.692550 0.721147
1718924329.371229887 1.291165 -0.373414 0.030582 -0.018132 -0.000698 -0.693230 0.720488
1718924329.376235485 1.291708 -0.374777 0.030574 -0.018341 -0.000496 -0.693937 0.719802
1718924329.381194592 1.292237 -0.376127 0.030554 -0.018559 -0.000267 -0.694657 0.719102
1718924329.386208057 1.292763 -0.377494 0.030530 -0.018820 0.000004 -0.695409 0.718367
1718924329.391200542 1.293282 -0.378858 0.030514 -0.019123 0.000276 -0.696194 0.717599
1718924329.396205902 1.293808 -0.380226 0.030509 -0.019382 0.000528 -0.697004 0.716805
1718924329.399986267 1.294218 -0.381259 0.030514 -0.019512 0.000664 -0.697628 0.716194
1718924329.399986267 1.294218 -0.381259 0.030514 -0.019512 0.000664 -0.697628 0.716194
1718924329.401201963 1.294352 -0.381594 0.030524 -0.019552 0.000709 -0.697827 0.715999
1718924329.406203747 1.294919 -0.382972 0.030577 -0.019604 0.000825 -0.698644 0.715200
1718924329.411257029 1.295519 -0.384363 0.030646 -0.019577 0.000884 -0.699482 0.714382
1718924329.416215658 1.296122 -0.385722 0.030728 -0.019582 0.000944 -0.700314 0.713565
1718924329.421209335 1.296730 -0.387087 0.030823 -0.019684 0.001055 -0.701174 0.712718
1718924329.426215887 1.297333 -0.388453 0.030923 -0.019858 0.001212 -0.702071 0.711829
1718924329.431215763 1.297926 -0.389810 0.031016 -0.020020 0.001393 -0.703012 0.710895
1718924329.436258554 1.298515 -0.391167 0.031096 -0.020116 0.001609 -0.704018 0.709896
1718924329.441192865 1.299080 -0.392483 0.031168 -0.020193 0.001883 -0.705057 0.708860
1718924329.446278811 1.299654 -0.393833 0.031244 -0.020292 0.002228 -0.706171 0.707747
1718924329.451206446 1.300216 -0.395138 0.031324 -0.020394 0.002573 -0.707272 0.706643
1718924329.456214666 1.300810 -0.396464 0.031409 -0.020476 0.002875 -0.708394 0.705514
1718924329.461209536 1.301431 -0.397787 0.031489 -0.020528 0.003114 -0.709523 0.704377
1718924329.466210604 1.302079 -0.399107 0.031557 -0.020584 0.003314 -0.710671 0.703216
1718924329.471229315 1.302743 -0.400429 0.031607 -0.020684 0.003498 -0.711837 0.702032
1718924329.476237774 1.303412 -0.401745 0.031642 -0.020813 0.003678 -0.713012 0.700833
1718924329.481242657 1.304090 -0.403057 0.031667 -0.020937 0.003878 -0.714205 0.699613
1718924329.486195564 1.304773 -0.404355 0.031680 -0.021041 0.004141 -0.715381 0.698406
1718924329.491202354 1.305481 -0.405672 0.031683 -0.021143 0.004486 -0.716553 0.697198
1718924329.496198177 1.306212 -0.406990 0.031680 -0.021246 0.004859 -0.717707 0.696004
1718924329.499980211 1.306786 -0.407985 0.031670 -0.021287 0.005071 -0.718570 0.695110
1718924329.499980211 1.306786 -0.407985 0.031670 -0.021287 0.005071 -0.718570 0.695110
1718924329.501194715 1.306977 -0.408302 0.031668 -0.021303 0.005137 -0.718849 0.694821
1718924329.506187201 1.307789 -0.409596 0.031639 -0.021207 0.005249 -0.720004 0.693626
1718924329.511186361 1.308644 -0.410886 0.031563 -0.020991 0.005189 -0.721161 0.692430
1718924329.556203842 1.316013 -0.421216 0.032439 -0.018402 0.002266 -0.729329 0.683912
1718924329.561260462 1.316737 -0.422272 0.032559 -0.018153 0.002013 -0.730304 0.682878
1718924329.566197395 1.317404 -0.423293 0.032683 -0.017946 0.001794 -0.731307 0.681810
1718924329.571247339 1.318050 -0.424330 0.032811 -0.017704 0.001551 -0.732378 0.680667
1718924329.576199770 1.318659 -0.425332 0.032938 -0.017410 0.001286 -0.733475 0.679492
1718924329.581239939 1.319258 -0.426328 0.033063 -0.017068 0.001068 -0.734642 0.678240
1718924329.586190462 1.319812 -0.427281 0.033182 -0.016782 0.000956 -0.735833 0.676955
1718924329.591192722 1.320330 -0.428230 0.033294 -0.016591 0.000906 -0.737082 0.675599
1718924329.596181870 1.320809 -0.429177 0.033390 -0.016443 0.000845 -0.738369 0.674196
1718924329.599994183 1.321149 -0.429904 0.033450 -0.016399 0.000803 -0.739380 0.673088
1718924329.599994183 1.321149 -0.429904 0.033450 -0.016399 0.000803 -0.739380 0.673088
1718924329.601196527 1.321248 -0.430137 0.033467 -0.016385 0.000789 -0.739697 0.672740
1718924329.606193066 1.321620 -0.431115 0.033521 -0.016374 0.000782 -0.741058 0.671240
1718924329.611194134 1.321966 -0.432083 0.033565 -0.016434 0.000849 -0.742464 0.669684
1718924329.616202116 1.322288 -0.433049 0.033590 -0.016547 0.000952 -0.743895 0.668091
1718924329.621215582 1.322580 -0.434025 0.033584 -0.016709 0.001045 -0.745338 0.666477
1718924329.626193047 1.322838 -0.435007 0.033554 -0.016943 0.001090 -0.746797 0.664836
1718924329.631258249 1.323078 -0.436013 0.033498 -0.017222 0.001075 -0.748300 0.663136
1718924329.636204243 1.323298 -0.436989 0.033406 -0.017497 0.001034 -0.749797 0.661435
1718924329.641188860 1.323503 -0.437969 0.033284 -0.017786 0.001032 -0.751326 0.659691
1718924329.646194220 1.323682 -0.438952 0.033162 -0.018192 0.001172 -0.752869 0.657917
1718924329.651206493 1.323833 -0.439942 0.033057 -0.018712 0.001415 -0.754422 0.656121
1718924329.656179428 1.323980 -0.440937 0.032962 -0.019120 0.001566 -0.755964 0.654332
1718924329.661199093 1.324151 -0.441962 0.032856 -0.019346 0.001501 -0.757511 0.652534
1718924329.666191578 1.324345 -0.443000 0.032727 -0.019441 0.001278 -0.759055 0.650735
1718924329.671180010 1.324549 -0.444053 0.032572 -0.019497 0.000974 -0.760622 0.648901
1718924329.676187754 1.324761 -0.445127 0.032381 -0.019448 0.000577 -0.762223 0.647022
1718924329.681168556 1.324986 -0.446215 0.032141 -0.019172 0.000123 -0.763820 0.645145
1718924329.686176538 1.325214 -0.447321 0.031868 -0.018643 -0.000289 -0.765422 0.643258
1718924329.691164494 1.325418 -0.448418 0.031598 -0.017909 -0.000597 -0.766992 0.641407
1718924329.696180344 1.325566 -0.449525 0.031335 -0.016923 -0.000847 -0.768498 0.639628
1718924329.699987888 1.325627 -0.450375 0.031144 -0.016015 -0.000987 -0.769560 0.638372
1718924329.699987888 1.325627 -0.450375 0.031144 -0.016015 -0.000987 -0.769560 0.638372
1718924329.701170921 1.325641 -0.450636 0.031096 -0.015736 -0.001031 -0.769893 0.637978
1718924329.706172705 1.325646 -0.451749 0.030903 -0.014301 -0.001246 -0.771209 0.636420
1718924329.711205959 1.325578 -0.452897 0.030734 -0.012524 -0.001656 -0.772464 0.634933
1718924329.716173410 1.325476 -0.454077 0.030664 -0.010916 -0.002152 -0.773605 0.633571
1718924329.766175270 1.323747 -0.464477 0.030010 -0.010456 -0.004671 -0.783252 0.621599
1718924329.791166306 1.323013 -0.468837 0.029332 -0.010081 -0.005356 -0.789592 0.613526
1718924329.796178579 1.322976 -0.469689 0.029211 -0.010033 -0.005519 -0.790892 0.611848
1718924329.799940109 1.322968 -0.470322 0.029132 -0.010068 -0.005584 -0.791880 0.610568
1718924329.799940109 1.322968 -0.470322 0.029132 -0.010068 -0.005584 -0.791880 0.610568
1718924329.801156521 1.322966 -0.470525 0.029115 -0.010078 -0.005605 -0.792198 0.610155
1718924329.806171179 1.322959 -0.471348 0.029066 -0.010302 -0.005543 -0.793503 0.608454
1718924329.811164379 1.322954 -0.472161 0.029035 -0.010663 -0.005357 -0.794805 0.606747
1718924329.816179037 1.322954 -0.472971 0.029013 -0.010999 -0.005159 -0.796121 0.605016
1718924329.821186543 1.322968 -0.473776 0.028984 -0.011173 -0.005097 -0.797449 0.603262
1718924329.826176882 1.322999 -0.474572 0.028932 -0.011149 -0.005197 -0.798773 0.601506
1718924329.831197739 1.323044 -0.475366 0.028858 -0.011033 -0.005366 -0.800095 0.599747
1718924329.836214304 1.323099 -0.476153 0.028779 -0.010924 -0.005497 -0.801391 0.598016
1718924329.841215372 1.323166 -0.476935 0.028706 -0.010898 -0.005531 -0.802649 0.596326
1718924329.846168756 1.323251 -0.477710 0.028633 -0.010962 -0.005453 -0.803865 0.594686
1718924329.851177216 1.323357 -0.478498 0.028553 -0.011098 -0.005262 -0.805050 0.593080
1718924329.856168747 1.323479 -0.479291 0.028463 -0.011258 -0.005003 -0.806174 0.591550
1718924329.861221552 1.323617 -0.480100 0.028361 -0.011424 -0.004724 -0.807256 0.590072
1718924329.866169214 1.323769 -0.480897 0.028242 -0.011527 -0.004480 -0.808255 0.588702
1718924329.871182203 1.323954 -0.481708 0.028099 -0.011514 -0.004358 -0.809199 0.587406
1718924329.876183987 1.324180 -0.482525 0.027939 -0.011380 -0.004419 -0.810085 0.586185
1718924329.881167173 1.324444 -0.483352 0.027760 -0.011185 -0.004641 -0.810911 0.585044
1718924329.886171579 1.324738 -0.484191 0.027557 -0.011015 -0.004907 -0.811683 0.583974
1718924329.891162872 1.325039 -0.485028 0.027341 -0.011027 -0.005012 -0.812381 0.583001
1718924329.896208048 1.325332 -0.485869 0.027124 -0.011241 -0.004870 -0.813024 0.582102
1718924329.900044918 1.325545 -0.486508 0.026963 -0.011518 -0.004594 -0.813477 0.581464
1718924329.900044918 1.325545 -0.486508 0.026963 -0.011518 -0.004594 -0.813477 0.581464
1718924329.901198864 1.325608 -0.486702 0.026914 -0.011604 -0.004509 -0.813615 0.581270
1718924329.906162500 1.325890 -0.487536 0.026693 -0.011905 -0.004144 -0.814186 0.580467
1718924329.911166430 1.326198 -0.488376 0.026451 -0.012061 -0.003964 -0.814746 0.579678
1718924329.981173992 1.332200 -0.500262 0.021618 -0.006229 -0.010728 -0.825631 0.564073
1718924329.986173391 1.332754 -0.501114 0.021144 -0.005772 -0.011198 -0.826428 0.562901
1718924329.991166592 1.333316 -0.501962 0.020652 -0.005343 -0.011591 -0.827230 0.561719
1718924329.996161222 1.333883 -0.502808 0.020141 -0.004914 -0.011945 -0.828046 0.560512
1718924330.001162529 1.334453 -0.503660 0.019612 -0.004465 -0.012305 -0.828877 0.559278
1718924330.006201029 1.335022 -0.504523 0.019066 -0.004022 -0.012693 -0.829720 0.558021
1718924330.011164904 1.335573 -0.505377 0.018519 -0.003613 -0.013090 -0.830549 0.556780
1718924330.016177177 1.336124 -0.506244 0.017961 -0.003214 -0.013505 -0.831376 0.555537
1718924330.021185398 1.336674 -0.507117 0.017399 -0.002820 -0.013896 -0.832194 0.554304
1718924330.026209116 1.337227 -0.508001 0.016836 -0.002449 -0.014211 -0.833020 0.553056
1718924330.031168699 1.337772 -0.508881 0.016287 -0.002130 -0.014436 -0.833840 0.551813
1718924330.036171198 1.338322 -0.509771 0.015741 -0.001878 -0.014604 -0.834672 0.550551
1718924330.041214466 1.338880 -0.510675 0.015192 -0.001648 -0.014823 -0.835507 0.549277
1718924330.046189547 1.339438 -0.511583 0.014640 -0.001431 -0.015172 -0.836314 0.548039
1718924330.051167011 1.339998 -0.512505 0.014078 -0.001266 -0.015590 -0.837099 0.546827
1718924330.056164265 1.340557 -0.513433 0.013505 -0.001190 -0.015942 -0.837874 0.545629
1718924330.061203480 1.341118 -0.514367 0.012918 -0.001209 -0.016149 -0.838631 0.544460
1718924330.066207170 1.341679 -0.515300 0.012323 -0.001322 -0.016234 -0.839356 0.543338
1718924330.071165800 1.342246 -0.516238 0.011720 -0.001499 -0.016266 -0.840057 0.542252
1718924330.076159000 1.342834 -0.517199 0.011101 -0.001693 -0.016306 -0.840759 0.541161
1718924330.081163168 1.343439 -0.518177 0.010475 -0.001903 -0.016402 -0.841459 0.540069
1718924330.086158037 1.344053 -0.519161 0.009861 -0.002159 -0.016492 -0.842153 0.538982
1718924330.091162443 1.344664 -0.520146 0.009271 -0.002540 -0.016387 -0.842841 0.537907
1718924330.096158266 1.345260 -0.521120 0.008715 -0.003118 -0.015970 -0.843520 0.536851
1718924330.099916935 1.345707 -0.521848 0.008314 -0.003613 -0.015559 -0.844035 0.536050
1718924330.099916935 1.345707 -0.521848 0.008314 -0.003613 -0.015559 -0.844035 0.536050
1718924330.101164818 1.345857 -0.522090 0.008188 -0.003777 -0.015423 -0.844207 0.535783
1718924330.106158495 1.346488 -0.523069 0.007689 -0.004333 -0.015042 -0.844911 0.534677
1718924330.111152887 1.347168 -0.524063 0.007187 -0.004819 -0.014856 -0.845649 0.533511
1718924330.116166115 1.347888 -0.525069 0.006673 -0.005307 -0.014740 -0.846422 0.532282
1718924330.199989080 1.359270 -0.538330 -0.003375 -0.002647 -0.015190 -0.859931 0.510178
1718924330.199989080 1.359270 -0.538330 -0.003375 -0.002647 -0.015190 -0.859931 0.510178
1718924330.211157560 1.360580 -0.539630 -0.004920 -0.002295 -0.015261 -0.861678 0.507221
1718924330.216164589 1.361141 -0.540171 -0.005618 -0.002248 -0.015202 -0.862513 0.505802
1718924330.221168280 1.361677 -0.540681 -0.006291 -0.002318 -0.015075 -0.863400 0.504290
1718924330.226224899 1.362200 -0.541172 -0.006956 -0.002448 -0.014984 -0.864341 0.502677
1718924330.231164932 1.362704 -0.541637 -0.007612 -0.002542 -0.014942 -0.865283 0.501054
1718924330.236154079 1.363209 -0.542092 -0.008277 0.002562 0.014894 0.866241 -0.499398
1718924330.241155386 1.363706 -0.542527 -0.008944 0.002502 0.014852 0.867215 -0.497707
1718924330.246155739 1.364184 -0.542940 -0.009613 0.002431 0.014774 0.868214 -0.495963
1718924330.251170635 1.364638 -0.543340 -0.010274 0.002404 0.014662 0.869225 -0.494193
1718924330.256162643 1.365069 -0.543732 -0.010920 0.002404 0.014545 0.870221 -0.492441
1718924330.261160135 1.365490 -0.544124 -0.011568 0.002373 0.014503 0.871206 -0.490698
1718924330.266171694 1.365913 -0.544517 -0.012223 0.002316 0.014553 0.872180 -0.488963
1718924330.271159887 1.366330 -0.544910 -0.012867 0.002300 0.014613 0.873124 -0.487273
1718924330.276194811 1.366733 -0.545310 -0.013495 0.002402 0.014554 0.874036 -0.485637
1718924330.281277180 1.367121 -0.545726 -0.014096 0.002592 0.014344 0.874905 -0.484075
1718924330.286187172 1.367494 -0.546147 -0.014653 0.002778 0.014090 0.875715 -0.482614
1718924330.291194677 1.367883 -0.546597 -0.015203 0.002913 0.013742 0.876512 -0.481175
1718924330.296148777 1.368267 -0.547062 -0.015737 0.003003 0.013320 0.877277 -0.479790
1718924330.299979925 1.368560 -0.547434 -0.016168 0.003100 0.012909 0.877826 -0.478796
1718924330.299979925 1.368560 -0.547434 -0.016168 0.003100 0.012909 0.877826 -0.478796
1718924330.301192284 1.368651 -0.547554 -0.016311 0.003131 0.012778 0.878001 -0.478478
1718924330.306187630 1.369023 -0.548065 -0.016933 0.003194 0.012270 0.878626 -0.477342
1718924330.311185837 1.369400 -0.548601 -0.017597 0.003149 0.011903 0.879156 -0.476374
1718924330.351206779 1.372047 -0.553475 -0.022690 0.003903 0.011431 0.877935 -0.478627
1718924330.356147289 1.372335 -0.554134 -0.023275 0.003988 0.011444 0.877753 -0.478960
1718924330.361157417 1.372623 -0.554815 -0.023858 0.004069 0.011496 0.877532 -0.479364
1718924330.366155624 1.372900 -0.555502 -0.024426 0.004174 0.011510 0.877281 -0.479820
1718924330.371149302 1.373164 -0.556194 -0.024979 0.004310 0.011481 0.877013 -0.480310
1718924330.376163721 1.373423 -0.556897 -0.025519 0.004439 0.011458 0.876741 -0.480806
1718924330.381152391 1.373683 -0.557610 -0.026047 0.004533 0.011515 0.876475 -0.481289
1718924330.386149645 1.373943 -0.558335 -0.026571 0.004591 0.011628 0.876217 -0.481755
1718924330.391141891 1.374196 -0.559063 -0.027089 0.004657 0.011726 0.875966 -0.482208
1718924330.396148682 1.374435 -0.559795 -0.027601 0.004723 0.011797 0.875730 -0.482634
1718924330.400001049 1.374614 -0.560363 -0.027994 0.004761 0.011835 0.875558 -0.482944
1718924330.400001049 1.374614 -0.560363 -0.027994 0.004761 0.011835 0.875558 -0.482944
1718924330.401143074 1.374667 -0.560532 -0.028109 0.004773 0.011846 0.875507 -0.483037
1718924330.406130552 1.374897 -0.561271 -0.028609 0.004804 0.011897 0.875298 -0.483414
1718924330.411134005 1.375124 -0.562016 -0.029108 0.004856 0.011927 0.875113 -0.483747
1718924330.416151285 1.375342 -0.562765 -0.029611 0.004929 0.011936 0.874947 -0.484046
1718924330.421175003 1.375549 -0.563516 -0.030124 0.005022 0.011965 0.874791 -0.484327
1718924330.426145554 1.375744 -0.564261 -0.030644 0.005133 0.012026 0.874654 -0.484571
1718924330.431165218 1.375930 -0.565014 -0.031179 0.005257 0.012074 0.874540 -0.484775
1718924330.436149597 1.376105 -0.565764 -0.031716 0.005394 0.012049 0.874440 -0.484954
1718924330.441195488 1.376274 -0.566529 -0.032262 0.005537 0.011968 0.874348 -0.485121
1718924330.446182489 1.376435 -0.567291 -0.032801 0.005672 0.011870 0.874266 -0.485268
1718924330.451208830 1.376591 -0.568063 -0.033346 0.005792 0.011783 0.874196 -0.485395
1718924330.456207275 1.376740 -0.568835 -0.033893 0.005902 0.011747 0.874136 -0.485504
1718924330.461208582 1.376884 -0.569616 -0.034452 0.006005 0.011763 0.874079 -0.485605
1718924330.466146469 1.377021 -0.570394 -0.035015 0.006093 0.011810 0.874023 -0.485702
1718924330.471141100 1.377160 -0.571186 -0.035595 0.006169 0.011858 0.873970 -0.485796
1718924330.476145744 1.377300 -0.571984 -0.036181 0.006234 0.011895 0.873920 -0.485884
1718924330.481148720 1.377440 -0.572791 -0.036770 0.006286 0.011900 0.873868 -0.485977
1718924330.486173630 1.377579 -0.573609 -0.037363 0.006335 0.011875 0.873814 -0.486074
1718924330.491145134 1.377713 -0.574421 -0.037953 0.006378 0.011855 0.873759 -0.486173
1718924330.496130705 1.377845 -0.575238 -0.038550 0.006424 0.011873 0.873698 -0.486282
1718924330.499987125 1.377943 -0.575876 -0.039015 0.006464 0.011902 0.873649 -0.486368
1718924330.499987125 1.377943 -0.575876 -0.039015 0.006464 0.011902 0.873649 -0.486368
1718924330.501137495 1.377971 -0.576068 -0.039154 0.006475 0.011910 0.873635 -0.486393
1718924330.506140471 1.378093 -0.576906 -0.039758 0.006561 0.011921 0.873571 -0.486507
1718924330.511144638 1.378210 -0.577750 -0.040361 0.006671 0.011901 0.873507 -0.486621
1718924330.561150074 1.379329 -0.586280 -0.046831 0.007103 0.011521 0.872595 -0.488257
1718924330.566166162 1.379430 -0.587143 -0.047535 0.007124 0.011480 0.872508 -0.488413
1718924330.571147203 1.379530 -0.587999 -0.048244 0.007169 0.011447 0.872419 -0.488572
1718924330.576158047 1.379628 -0.588861 -0.048965 0.007254 0.011413 0.872331 -0.488729
1718924330.581186533 1.379723 -0.589728 -0.049692 0.007390 0.011377 0.872239 -0.488891
1718924330.586191177 1.379814 -0.590594 -0.050415 0.007544 0.011338 0.872148 -0.489053
1718924330.591135502 1.379901 -0.591453 -0.051127 0.007681 0.011299 0.872059 -0.489210
1718924330.596179008 1.379988 -0.592333 -0.051849 0.007775 0.011258 0.871970 -0.489368
1718924330.599981070 1.380053 -0.592998 -0.052390 0.007824 0.011216 0.871902 -0.489490
1718924330.599981070 1.380053 -0.592998 -0.052390 0.007824 0.011216 0.871902 -0.489490
1718924330.601142406 1.380073 -0.593201 -0.052554 0.007839 0.011204 0.871881 -0.489527
1718924330.606138229 1.380163 -0.594070 -0.053258 0.007878 0.011145 0.871790 -0.489689
1718924330.611144781 1.380251 -0.594943 -0.053960 0.007920 0.011080 0.871697 -0.489856
1718924330.616150141 1.380338 -0.595820 -0.054667 0.007965 0.011045 0.871604 -0.490021
1718924330.621165037 1.380422 -0.596700 -0.055391 0.008030 0.011028 0.871506 -0.490195
1718924330.626133919 1.380503 -0.597572 -0.056128 0.008105 0.011005 0.871401 -0.490381
1718924330.631209612 1.380583 -0.598459 -0.056893 0.008187 0.010963 0.871293 -0.490573
1718924330.636144876 1.380655 -0.599320 -0.057639 0.008282 0.010893 0.871188 -0.490759
1718924330.641183138 1.380724 -0.600200 -0.058388 0.008389 0.010789 0.871084 -0.490944
1718924330.646145344 1.380789 -0.601069 -0.059110 0.008477 0.010689 0.870984 -0.491121
1718924330.651162148 1.380857 -0.601950 -0.059832 0.008532 0.010640 0.870879 -0.491309
1718924330.656194210 1.380928 -0.602836 -0.060559 0.008559 0.010636 0.870774 -0.491494
1718924330.661148548 1.380996 -0.603708 -0.061288 0.008584 0.010652 0.870668 -0.491682
1718924330.666148663 1.381062 -0.604584 -0.062044 0.008619 0.010673 0.870565 -0.491862
1718924330.671205044 1.381127 -0.605466 -0.062821 0.008663 0.010692 0.870462 -0.492043
1718924330.676140785 1.381187 -0.606327 -0.063583 0.008714 0.010709 0.870357 -0.492228
1718924330.681177378 1.381245 -0.607206 -0.064354 0.008776 0.010698 0.870242 -0.492430
1718924330.686135054 1.381298 -0.608073 -0.065102 0.008848 0.010659 0.870126 -0.492635
1718924330.691184759 1.381351 -0.608960 -0.065853 0.008909 0.010602 0.870003 -0.492852
1718924330.696180582 1.381403 -0.609839 -0.066593 0.008951 0.010567 0.869881 -0.493068
1718924330.699877262 1.381441 -0.610492 -0.067142 0.008962 0.010557 0.869793 -0.493222
1718924330.699877262 1.381441 -0.610492 -0.067142 0.008962 0.010557 0.869793 -0.493222
1718924330.699998140 1.337626 -0.608790 -0.008531 0.012436 0.011317 0.868065 -0.496166
1718924330.699998140 1.337626 -0.608790 -0.008531 0.012436 0.011317 0.868065 -0.496166
1718924330.701143503 1.337585 -0.608899 -0.008492 0.012439 0.011314 0.868038 -0.496214
1718924330.706135511 1.337410 -0.609376 -0.008326 0.012442 0.011324 0.867925 -0.496410
1718924330.711134672 1.337238 -0.609853 -0.008166 0.012453 0.011359 0.867812 -0.496607
1718924330.716184616 1.337067 -0.610336 -0.008010 0.012473 0.011415 0.867702 -0.496797
1718924330.776199579 1.335292 -0.616286 -0.006657 0.013291 0.012646 0.866282 -0.499218
1718924330.781207800 1.335157 -0.616809 -0.006590 0.013339 0.012766 0.866161 -0.499424
1718924330.786251307 1.335023 -0.617339 -0.006526 0.013361 0.012889 0.866038 -0.499633
1718924330.791183233 1.334894 -0.617862 -0.006462 0.013369 0.012994 0.865923 -0.499830
1718924330.796137810 1.334766 -0.618394 -0.006394 -0.013367 -0.013083 -0.865813 0.500018
1718924330.801141024 1.334640 -0.618937 -0.006319 -0.013370 -0.013171 -0.865710 0.500195
1718924330.806137085 1.334517 -0.619487 -0.006240 -0.013376 -0.013251 -0.865607 0.500369
1718924330.811132669 1.334397 -0.620043 -0.006157 -0.013383 -0.013350 -0.865505 0.500544
1718924330.816162109 1.334280 -0.620611 -0.006074 -0.013373 -0.013476 -0.865401 0.500721
1718924330.821188688 1.334165 -0.621184 -0.005994 -0.013334 -0.013608 -0.865304 0.500885
1718924330.826178312 1.334052 -0.621757 -0.005920 -0.013285 -0.013736 -0.865206 0.501052
1718924330.831142902 1.333941 -0.622332 -0.005848 -0.013229 -0.013856 -0.865107 0.501221
1718924330.836190939 1.333831 -0.622920 -0.005773 -0.013189 -0.013942 -0.865002 0.501402
1718924330.841141224 1.333726 -0.623501 -0.005697 -0.013177 -0.013997 -0.864886 0.501600
1718924330.846144438 1.333622 -0.624091 -0.005618 -0.013211 -0.014020 -0.864758 0.501820
1718924330.851181984 1.333521 -0.624690 -0.005538 -0.013277 -0.014017 -0.864620 0.502056
1718924330.856174231 1.333425 -0.625286 -0.005466 -0.013361 -0.013994 -0.864473 0.502307
1718924330.861164331 1.333332 -0.625882 -0.005405 -0.013442 -0.013953 -0.864327 0.502558
1718924330.866135597 1.333241 -0.626477 -0.005356 -0.013516 -0.013908 -0.864186 0.502799
1718924330.871130228 1.333152 -0.627079 -0.005314 -0.013584 -0.013857 -0.864045 0.503041
1718924330.876142263 1.333067 -0.627689 -0.005275 -0.013637 -0.013803 -0.863908 0.503276
1718924330.881150007 1.332986 -0.628299 -0.005229 -0.013687 -0.013716 -0.863781 0.503494
1718924330.886126280 1.332907 -0.628905 -0.005171 -0.013748 -0.013595 -0.863673 0.503681
1718924330.891168356 1.332828 -0.629518 -0.005096 -0.013829 -0.013477 -0.863585 0.503834
1718924330.896135092 1.332752 -0.630123 -0.005010 -0.013931 -0.013389 -0.863515 0.503952
1718924330.900013208 1.332693 -0.630598 -0.004938 -0.014025 -0.013344 -0.863467 0.504034
1718924330.900013208 1.332693 -0.630598 -0.004938 -0.014025 -0.013344 -0.863467 0.504034
1718924330.901130676 1.332675 -0.630736 -0.004917 -0.014053 -0.013331 -0.863453 0.504057
1718924330.906134605 1.332598 -0.631355 -0.004825 -0.014177 -0.013305 -0.863397 0.504151
1718924330.911132812 1.332522 -0.631977 -0.004741 -0.014297 -0.013300 -0.863347 0.504233
1718924330.936139822 1.332067 -0.635186 -0.004335 -0.014294 -0.013501 -0.863195 0.504488
1718924330.941145897 1.331963 -0.635842 -0.004249 -0.014283 -0.013549 -0.863160 0.504547
1718924330.946137905 1.331852 -0.636500 -0.004158 -0.014280 -0.013598 -0.863124 0.504607
1718924330.951139450 1.331729 -0.637162 -0.004057 -0.014302 -0.013635 -0.863085 0.504673
1718924330.956129551 1.331596 -0.637827 -0.003946 -0.014343 -0.013663 -0.863040 0.504748
1718924330.961129427 1.331453 -0.638496 -0.003826 -0.014390 -0.013688 -0.862976 0.504854
1718924330.966132164 1.331302 -0.639168 -0.003704 -0.014431 -0.013708 -0.862899 0.504984
1718924330.971134663 1.331145 -0.639843 -0.003582 -0.014455 -0.013727 -0.862806 0.505141
1718924330.976133347 1.330983 -0.640519 -0.003466 -0.014458 -0.013752 -0.862699 0.505323
1718924330.981137991 1.330817 -0.641198 -0.003357 -0.014437 -0.013775 -0.862581 0.505525
1718924330.986139059 1.330648 -0.641878 -0.003256 -0.014409 -0.013797 -0.862452 0.505745
1718924330.991132736 1.330475 -0.642557 -0.003166 -0.014382 -0.013811 -0.862316 0.505978
1718924330.996154070 1.330296 -0.643241 -0.003084 -0.014368 -0.013816 -0.862170 0.506226
1718924331.001198053 1.330111 -0.643927 -0.003010 -0.014368 -0.013811 -0.862020 0.506483
1718924331.006179094 1.329925 -0.644604 -0.002941 -0.014382 -0.013802 -0.861874 0.506731
1718924331.011172771 1.329736 -0.645283 -0.002872 -0.014409 -0.013784 -0.861730 0.506975
1718924331.016215801 1.329545 -0.645968 -0.002800 -0.014432 -0.013781 -0.861587 0.507218
1718924331.021191120 1.329356 -0.646644 -0.002725 -0.014435 -0.013795 -0.861455 0.507441
1718924331.026197433 1.329167 -0.647324 -0.002643 -0.014433 -0.013828 -0.861337 0.507640
1718924331.031139135 1.328979 -0.647996 -0.002556 -0.014425 -0.013882 -0.861232 0.507818
1718924331.036136150 1.328790 -0.648675 -0.002461 -0.014415 -0.013958 -0.861134 0.507983
1718924331.041187048 1.328598 -0.649365 -0.002359 -0.014408 -0.014049 -0.861039 0.508141
1718924331.046167374 1.328410 -0.650045 -0.002253 -0.014423 -0.014118 -0.860959 0.508274
1718924331.051181793 1.328221 -0.650731 -0.002141 -0.014447 -0.014162 -0.860882 0.508402
1718924331.056132317 1.328035 -0.651410 -0.002029 -0.014469 -0.014179 -0.860805 0.508532
1718924331.061167002 1.327849 -0.652103 -0.001916 -0.014481 -0.014180 -0.860732 0.508654
1718924331.066136360 1.327667 -0.652790 -0.001809 -0.014455 -0.014190 -0.860663 0.508772
1718924331.071179628 1.327487 -0.653490 -0.001705 -0.014398 -0.014215 -0.860587 0.508901
1718924331.076124430 1.327313 -0.654177 -0.001607 -0.014323 -0.014252 -0.860516 0.509023
1718924331.081127167 1.327138 -0.654874 -0.001512 -0.014235 -0.014302 -0.860441 0.509150
1718924331.086172819 1.326961 -0.655581 -0.001423 -0.014158 -0.014371 -0.860357 0.509292
1718924331.091171026 1.326786 -0.656282 -0.001343 -0.014108 -0.014443 -0.860267 0.509444
1718924331.096133471 1.326610 -0.656976 -0.001271 -0.014089 -0.014481 -0.860177 0.509596
1718924331.099977016 1.326471 -0.657512 -0.001222 -0.014103 -0.014484 -0.860107 0.509713
1718924331.099977016 1.326471 -0.657512 -0.001222 -0.014103 -0.014484 -0.860107 0.509713
1718924331.101130724 1.326429 -0.657672 -0.001209 -0.014107 -0.014485 -0.860086 0.509747
1718924331.106124401 1.326245 -0.658362 -0.001154 -0.014160 -0.014460 -0.859993 0.509904
1718924331.111131668 1.326060 -0.659052 -0.001102 -0.014223 -0.014420 -0.859895 0.510069
1718924331.161131144 1.324072 -0.665821 -0.000689 -0.015534 -0.013594 -0.859385 0.510913
1718924331.166133642 1.323871 -0.666487 -0.000652 -0.015643 -0.013502 -0.859330 0.511005
1718924331.171140432 1.323669 -0.667153 -0.000616 -0.015746 -0.013408 -0.859271 0.511102
1718924331.176137447 1.323467 -0.667820 -0.000581 -0.015844 -0.013323 -0.859207 0.511209
1718924331.181138039 1.323265 -0.668489 -0.000547 -0.015930 -0.013258 -0.859139 0.511322
1718924331.186140776 1.323063 -0.669160 -0.000512 -0.016012 -0.013196 -0.859069 0.511438
1718924331.191146374 1.322859 -0.669831 -0.000476 -0.016098 -0.013112 -0.858994 0.511565
1718924331.196147442 1.322654 -0.670501 -0.000437 -0.016191 -0.013012 -0.858911 0.511703
1718924331.199986935 1.322494 -0.671016 -0.000406 -0.016273 -0.012929 -0.858847 0.511810
1718924331.199986935 1.322494 -0.671016 -0.000406 -0.016273 -0.012929 -0.858847 0.511810
1718924331.201138496 1.322447 -0.671171 -0.000396 -0.016299 -0.012905 -0.858828 0.511842
1718924331.206125736 1.322241 -0.671840 -0.000352 -0.016410 -0.012799 -0.858739 0.511991
1718924331.211130857 1.322035 -0.672514 -0.000307 -0.016499 -0.012710 -0.858640 0.512156
1718924331.216140747 1.321827 -0.673190 -0.000265 -0.016562 -0.012649 -0.858538 0.512326
1718924331.221149921 1.321619 -0.673867 -0.000227 -0.016603 -0.012614 -0.858445 0.512482
1718924331.226137400 1.321411 -0.674541 -0.000195 -0.016631 -0.012595 -0.858355 0.512632
1718924331.231141090 1.321199 -0.675219 -0.000169 -0.016663 -0.012581 -0.858261 0.512788
1718924331.236135960 1.320986 -0.675897 -0.000150 -0.016702 -0.012579 -0.858169 0.512941
1718924331.241137981 1.320772 -0.676577 -0.000137 -0.016753 -0.012579 -0.858078 0.513092
1718924331.246135473 1.320556 -0.677256 -0.000130 -0.016800 -0.012574 -0.857993 0.513233
1718924331.251152039 1.320339 -0.677938 -0.000127 -0.016842 -0.012575 -0.857911 0.513369
1718924331.256131649 1.320122 -0.678615 -0.000126 -0.016865 -0.012582 -0.857836 0.513492
1718924331.261133671 1.319901 -0.679296 -0.000125 -0.016874 -0.012593 -0.857769 0.513604
1718924331.266122818 1.319678 -0.679978 -0.000120 -0.016883 -0.012603 -0.857710 0.513702
1718924331.271126747 1.319451 -0.680663 -0.000112 -0.016894 -0.012612 -0.857661 0.513783
1718924331.276132822 1.319222 -0.681349 -0.000101 -0.016918 -0.012616 -0.857622 0.513847
1718924331.281128407 1.318992 -0.682032 -0.000088 -0.016954 -0.012617 -0.857587 0.513904
1718924331.286133051 1.318761 -0.682716 -0.000075 -0.016994 -0.012621 -0.857559 0.513950
1718924331.291128159 1.318529 -0.683397 -0.000061 -0.017037 -0.012620 -0.857535 0.513989
1718924331.296124935 1.318297 -0.684079 -0.000048 -0.017083 -0.012620 -0.857517 0.514017
1718924331.299996138 1.318116 -0.684607 -0.000040 -0.017110 -0.012619 -0.857507 0.514033
1718924331.299996138 1.318116 -0.684607 -0.000040 -0.017110 -0.012619 -0.857507 0.514033
1718924331.301127434 1.318063 -0.684762 -0.000038 -0.017117 -0.012618 -0.857504 0.514038
1718924331.306125402 1.317826 -0.685448 -0.000032 -0.017133 -0.012618 -0.857495 0.514053
1718924331.311128855 1.317589 -0.686137 -0.000029 -0.017143 -0.012616 -0.857491 0.514058
1718924331.316144705 1.317349 -0.686829 -0.000027 -0.017157 -0.012610 -0.857490 0.514060
1718924331.416141033 1.312443 -0.700953 -0.000024 -0.017065 -0.013552 -0.856243 0.516114
1718924331.421209335 1.312186 -0.701674 -0.000006 -0.017048 -0.013602 -0.856175 0.516226
1718924331.426185846 1.311931 -0.702385 0.000013 -0.017034 -0.013650 -0.856110 0.516332
1718924331.431140423 1.311674 -0.703093 0.000029 -0.017024 -0.013706 -0.856051 0.516430
1718924331.436197758 1.311408 -0.703816 0.000045 -0.017019 -0.013755 -0.855989 0.516531
1718924331.441128254 1.311146 -0.704521 0.000058 -0.017014 -0.013785 -0.855930 0.516627
1718924331.446187973 1.310875 -0.705244 0.000070 -0.017008 -0.013795 -0.855876 0.516717
1718924331.451204777 1.310604 -0.705962 0.000082 -0.017005 -0.013805 -0.855831 0.516792
1718924331.456160545 1.310335 -0.706672 0.000094 -0.017007 -0.013817 -0.855788 0.516863
1718924331.461162567 1.310060 -0.707391 0.000109 -0.017011 -0.013829 -0.855744 0.516934
1718924331.466167212 1.309783 -0.708112 0.000124 -0.017004 -0.013845 -0.855706 0.516998
1718924331.471131325 1.309507 -0.708827 0.000140 -0.017007 -0.013868 -0.855674 0.517050
1718924331.476126432 1.309227 -0.709547 0.000154 -0.017023 -0.013888 -0.855649 0.517089
1718924331.481123209 1.308946 -0.710266 0.000168 -0.017037 -0.013893 -0.855634 0.517114
1718924331.486118555 1.308663 -0.710984 0.000181 -0.017052 -0.013886 -0.855622 0.517134
1718924331.491123438 1.308379 -0.711701 0.000193 -0.017076 -0.013875 -0.855613 0.517149
1718924331.496123314 1.308094 -0.712418 0.000207 -0.017105 -0.013871 -0.855604 0.517163
1718924331.499988079 1.307872 -0.712973 0.000218 -0.017125 -0.013867 -0.855598 0.517172
1718924331.499988079 1.307872 -0.712973 0.000218 -0.017125 -0.013867 -0.855598 0.517172
1718924331.501126766 1.307807 -0.713136 0.000222 -0.017131 -0.013866 -0.855596 0.517174
1718924331.506128311 1.307521 -0.713852 0.000236 -0.017155 -0.013868 -0.855589 0.517185
1718924331.511138678 1.307233 -0.714571 0.000251 -0.017176 -0.013870 -0.855592 0.517181
1718924331.551135778 1.304885 -0.720380 0.000441 -0.017568 -0.013845 -0.855623 0.517115
1718924331.556139469 1.304584 -0.721109 0.000493 -0.017619 -0.013828 -0.855628 0.517107
1718924331.561131954 1.304285 -0.721836 0.000550 -0.017673 -0.013806 -0.855629 0.517104
1718924331.566142797 1.303988 -0.722566 0.000611 -0.017729 -0.013783 -0.855627 0.517106
1718924331.571133852 1.303694 -0.723295 0.000675 -0.017786 -0.013758 -0.855619 0.517118
1718924331.576136589 1.303400 -0.724028 0.000741 -0.017847 -0.013741 -0.855600 0.517147
1718924331.581141710 1.303109 -0.724765 0.000807 -0.017898 -0.013741 -0.855576 0.517186
1718924331.586192608 1.302818 -0.725512 0.000871 -0.017928 -0.013748 -0.855546 0.517234
1718924331.591178179 1.302533 -0.726252 0.000931 -0.017950 -0.013757 -0.855516 0.517283
1718924331.596192122 1.302248 -0.727000 0.000988 -0.017968 -0.013766 -0.855483 0.517335
1718924331.599993944 1.302034 -0.727569 0.001029 -0.017988 -0.013777 -0.855453 0.517385
1718924331.599993944 1.302034 -0.727569 0.001029 -0.017988 -0.013777 -0.855453 0.517385
1718924331.601194859 1.301967 -0.727749 0.001042 -0.017993 -0.013781 -0.855443 0.517400
1718924331.606144428 1.301692 -0.728493 0.001093 -0.018017 -0.013791 -0.855396 0.517477
1718924331.611179113 1.301416 -0.729251 0.001139 -0.018041 -0.013810 -0.855341 0.517567
1718924331.616144180 1.301145 -0.730001 0.001180 -0.018053 -0.013837 -0.855288 0.517653
1718924331.656132936 1.298797 -0.736021 0.001544 -0.018260 -0.013972 -0.854948 0.518205
1718924331.661172152 1.298486 -0.736771 0.001609 -0.018271 -0.013984 -0.854910 0.518266
1718924331.666177034 1.298173 -0.737515 0.001674 -0.018274 -0.013996 -0.854873 0.518327
1718924331.671173334 1.297857 -0.738256 0.001737 -0.018279 -0.014008 -0.854836 0.518387
1718924331.676176786 1.297537 -0.738996 0.001798 -0.018288 -0.014020 -0.854802 0.518442
1718924331.681173563 1.297215 -0.739732 0.001857 -0.018297 -0.014028 -0.854771 0.518493
1718924331.686176300 1.296890 -0.740466 0.001912 -0.018304 -0.014035 -0.854746 0.518534
1718924331.691173553 1.296563 -0.741197 0.001965 -0.018315 -0.014044 -0.854732 0.518557
1718924331.696138382 1.296234 -0.741922 0.002016 -0.018332 -0.014051 -0.854719 0.518577
1718924331.699896097 1.295983 -0.742470 0.002053 -0.018341 -0.014054 -0.854710 0.518591
1718924331.699896097 1.295983 -0.742470 0.002053 -0.018341 -0.014054 -0.854710 0.518591
1718924331.701134205 1.295900 -0.742650 0.002066 -0.018345 -0.014055 -0.854707 0.518596
1718924331.706136227 1.295562 -0.743379 0.002114 -0.018368 -0.014059 -0.854699 0.518608
1718924331.711174488 1.295218 -0.744111 0.002164 -0.018394 -0.014062 -0.854694 0.518615
1718924331.716136217 1.294876 -0.744832 0.002214 -0.018419 -0.014067 -0.854689 0.518622
1718924331.721152306 1.294527 -0.745559 0.002264 -0.018454 -0.014062 -0.854687 0.518625
1718924331.726154089 1.294179 -0.746280 0.002313 -0.018486 -0.014053 -0.854690 0.518619
1718924331.731194019 1.293828 -0.747005 0.002361 -0.018514 -0.014046 -0.854689 0.518621
1718924331.736235857 1.293475 -0.747728 0.002409 -0.018540 -0.014043 -0.854689 0.518619
1718924331.741172075 1.293128 -0.748437 0.002455 -0.018560 -0.014041 -0.854697 0.518606
1718924331.746150017 1.292776 -0.749153 0.002502 -0.018578 -0.014040 -0.854710 0.518583
1718924331.751141548 1.292421 -0.749872 0.002549 -0.018594 -0.014046 -0.854724 0.518560
1718924331.756151915 1.292061 -0.750594 0.002595 -0.018610 -0.014049 -0.854736 0.518539
1718924331.761143684 1.291702 -0.751315 0.002640 -0.018620 -0.014047 -0.854747 0.518521
1718924331.766146421 1.291340 -0.752037 0.002684 -0.018630 -0.014048 -0.854756 0.518505
1718924331.771140575 1.290976 -0.752757 0.002726 -0.018642 -0.014046 -0.854769 0.518484
1718924331.776146412 1.290609 -0.753480 0.002769 -0.018656 -0.014047 -0.854777 0.518471
1718924331.781149626 1.290238 -0.754206 0.002812 -0.018683 -0.014054 -0.854782 0.518461
1718924331.786153555 1.289863 -0.754935 0.002857 -0.018718 -0.014057 -0.854785 0.518453
1718924331.791144133 1.289484 -0.755667 0.002901 -0.018739 -0.014061 -0.854791 0.518443
1718924331.796153545 1.289102 -0.756404 0.002944 -0.018752 -0.014064 -0.854796 0.518435
1718924331.800002098 1.288807 -0.756973 0.002978 -0.018760 -0.014061 -0.854800 0.518428
1718924331.800002098 1.288807 -0.756973 0.002978 -0.018760 -0.014061 -0.854800 0.518428
1718924331.801228046 1.288714 -0.757153 0.002988 -0.018762 -0.014061 -0.854801 0.518426
1718924331.806143284 1.288338 -0.757879 0.003029 -0.018761 -0.014052 -0.854803 0.518423
1718924331.811183929 1.287952 -0.758625 0.003069 -0.018767 -0.014047 -0.854805 0.518419
1718924331.861163855 1.284113 -0.766025 0.003436 -0.018858 -0.014275 -0.854709 0.518568
1718924331.866186857 1.283723 -0.766780 0.003494 -0.018847 -0.014289 -0.854703 0.518577
1718924331.871145248 1.283337 -0.767525 0.003551 -0.018833 -0.014299 -0.854693 0.518594
1718924331.876163483 1.282946 -0.768279 0.003609 -0.018819 -0.014307 -0.854677 0.518621
1718924331.881145477 1.282558 -0.769026 0.003664 -0.018803 -0.014313 -0.854663 0.518645
1718924331.886145353 1.282170 -0.769775 0.003719 -0.018793 -0.014321 -0.854649 0.518669
1718924331.891180277 1.281779 -0.770528 0.003775 -0.018795 -0.014336 -0.854631 0.518697
1718924331.896144390 1.281393 -0.771272 0.003832 -0.018805 -0.014356 -0.854615 0.518723
1718924331.900007010 1.281091 -0.771852 0.003877 -0.018817 -0.014367 -0.854601 0.518745
1718924331.900007010 1.281091 -0.771852 0.003877 -0.018817 -0.014367 -0.854601 0.518745
1718924331.901139736 1.281003 -0.772022 0.003890 -0.018821 -0.014370 -0.854597 0.518751
1718924331.906187773 1.280609 -0.772782 0.003947 -0.018840 -0.014377 -0.854583 0.518773
1718924331.911183596 1.280220 -0.773535 0.004002 -0.018856 -0.014379 -0.854573 0.518790
1718924331.916161060 1.279833 -0.774284 0.004056 -0.018864 -0.014376 -0.854557 0.518817
1718924331.921197891 1.279444 -0.775040 0.004107 -0.018861 -0.014377 -0.854542 0.518840
1718924331.926274061 1.279053 -0.775801 0.004157 -0.018858 -0.014385 -0.854531 0.518859
1718924331.931156397 1.278677 -0.776533 0.004204 -0.018866 -0.014398 -0.854521 0.518875
1718924331.936150312 1.278292 -0.777282 0.004253 -0.018881 -0.014417 -0.854515 0.518883
1718924331.941153765 1.277905 -0.778033 0.004303 -0.018902 -0.014442 -0.854510 0.518890
1718924331.946147680 1.277517 -0.778785 0.004352 -0.018919 -0.014460 -0.854509 0.518891
1718924331.951215744 1.277124 -0.779546 0.004401 -0.018928 -0.014468 -0.854511 0.518887
1718924331.956188440 1.276738 -0.780291 0.004447 -0.018927 -0.014468 -0.854514 0.518882
1718924331.961201429 1.276350 -0.781040 0.004491 -0.018923 -0.014462 -0.854524 0.518866
1718924331.966142893 1.275968 -0.781776 0.004535 -0.018922 -0.014456 -0.854533 0.518851
1718924331.971204281 1.275576 -0.782532 0.004579 -0.018925 -0.014456 -0.854539 0.518841
1718924331.976201773 1.275187 -0.783279 0.004623 -0.018936 -0.014464 -0.854548 0.518826
1718924331.981191397 1.274798 -0.784028 0.004668 -0.018953 -0.014476 -0.854563 0.518800
1718924331.986145973 1.274410 -0.784774 0.004713 -0.018965 -0.014482 -0.854577 0.518776
1718924331.991182089 1.274014 -0.785533 0.004757 -0.018975 -0.014476 -0.854588 0.518758
1718924331.996140957 1.273625 -0.786282 0.004798 -0.018989 -0.014454 -0.854598 0.518742
1718924332.001134872 1.273233 -0.787037 0.004840 -0.019006 -0.014426 -0.854610 0.518722
1718924332.006186485 1.272837 -0.787803 0.004882 -0.019018 -0.014408 -0.854628 0.518692
1718924332.011172056 1.272445 -0.788564 0.004926 -0.019034 -0.014400 -0.854644 0.518665
1718924332.041151762 1.270099 -0.793206 0.005110 -0.019196 -0.014304 -0.854737 0.518509
1718924332.046165466 1.269701 -0.793991 0.005143 -0.019202 -0.014303 -0.854749 0.518489
1718924332.051158905 1.269302 -0.794777 0.005176 -0.019208 -0.014301 -0.854759 0.518472
1718924332.056135893 1.268903 -0.795564 0.005208 -0.019221 -0.014310 -0.854766 0.518460
1718924332.061145544 1.268500 -0.796357 0.005241 -0.019227 -0.014332 -0.854765 0.518460
1718924332.066136837 1.268099 -0.797148 0.005273 -0.019236 -0.014342 -0.854758 0.518471
1718924332.071187496 1.267694 -0.797947 0.005307 -0.019242 -0.014345 -0.854756 0.518475
1718924332.076175213 1.267295 -0.798735 0.005341 -0.019245 -0.014352 -0.854751 0.518483
1718924332.081187725 1.266894 -0.799527 0.005377 -0.019238 -0.014363 -0.854736 0.518507
1718924332.086135626 1.266496 -0.800309 0.005415 -0.019219 -0.014376 -0.854712 0.518547
1718924332.091187954 1.266087 -0.801108 0.005454 -0.019187 -0.014404 -0.854693 0.518579
1718924332.096133471 1.265686 -0.801891 0.005494 -0.019137 -0.014445 -0.854671 0.518617
1718924332.100000143 1.265372 -0.802502 0.005526 -0.019083 -0.014483 -0.854648 0.518655
1718924332.100000143 1.265372 -0.802502 0.005526 -0.019083 -0.014483 -0.854648 0.518655
1718924332.101190329 1.265276 -0.802690 0.005535 -0.019066 -0.014495 -0.854641 0.518667
1718924332.106137753 1.264878 -0.803465 0.005574 -0.018982 -0.014533 -0.854609 0.518722
1718924332.111141443 1.264474 -0.804246 0.005616 -0.018894 -0.014571 -0.854575 0.518779
1718924332.116205454 1.264062 -0.805033 0.005665 -0.018811 -0.014619 -0.854534 0.518848
1718924332.121141911 1.263654 -0.805800 0.005719 -0.018751 -0.014677 -0.854487 0.518928
1718924332.126213074 1.263229 -0.806590 0.005778 -0.018702 -0.014742 -0.854428 0.519025
1718924332.131232500 1.262802 -0.807373 0.005834 -0.018655 -0.014819 -0.854363 0.519131
1718924332.136265993 1.262368 -0.808158 0.005883 -0.018585 -0.014896 -0.854300 0.519234
1718924332.141211987 1.261939 -0.808929 0.005925 -0.018500 -0.014971 -0.854230 0.519351
1718924332.146209955 1.261500 -0.809709 0.005961 -0.018412 -0.015045 -0.854155 0.519475
1718924332.151150703 1.261061 -0.810483 0.005995 -0.018335 -0.015115 -0.854082 0.519595
1718924332.156144142 1.260613 -0.811269 0.006029 -0.018254 -0.015186 -0.854007 0.519719
1718924332.161193609 1.260157 -0.812066 0.006065 -0.018187 -0.015263 -0.853929 0.519848
1718924332.166183472 1.259701 -0.812856 0.006102 -0.018140 -0.015327 -0.853852 0.519974
1718924332.171170712 1.259240 -0.813648 0.006139 -0.018112 -0.015380 -0.853782 0.520088
1718924332.176164389 1.258778 -0.814443 0.006172 -0.018087 -0.015434 -0.853721 0.520188
1718924332.181165218 1.258316 -0.815240 0.006199 -0.018056 -0.015494 -0.853664 0.520280
1718924332.186169147 1.257853 -0.816040 0.006222 -0.018019 -0.015555 -0.853611 0.520367
1718924332.191166401 1.257390 -0.816842 0.006243 -0.017982 -0.015596 -0.853558 0.520454
1718924332.196153402 1.256927 -0.817648 0.006267 -0.017939 -0.015626 -0.853517 0.520522
1718924332.199990988 1.256570 -0.818273 0.006288 -0.017906 -0.015648 -0.853492 0.520562
1718924332.199990988 1.256570 -0.818273 0.006288 -0.017906 -0.015648 -0.853492 0.520562
1718924332.201165438 1.256460 -0.818465 0.006296 -0.017894 -0.015655 -0.853485 0.520575
1718924332.206154346 1.255995 -0.819285 0.006334 -0.017853 -0.015681 -0.853459 0.520618
1718924332.211158514 1.255529 -0.820112 0.006380 -0.017822 -0.015695 -0.853441 0.520648
1718924332.216211796 1.255062 -0.820951 0.006433 -0.017806 -0.015700 -0.853425 0.520674
1718924332.299993038 1.247307 -0.834947 0.007002 -0.017849 -0.015482 -0.852117 0.522817
1718924332.299993038 1.247307 -0.834947 0.007002 -0.017849 -0.015482 -0.852117 0.522817
1718924332.321180344 1.245361 -0.838462 0.007048 -0.017907 -0.015414 -0.851784 0.523360
1718924332.326169491 1.244893 -0.839294 0.007058 -0.017901 -0.015395 -0.851702 0.523494
1718924332.331184864 1.244424 -0.840130 0.007065 -0.017891 -0.015380 -0.851616 0.523634
1718924332.336207628 1.243956 -0.840967 0.007068 -0.017872 -0.015380 -0.851532 0.523772
1718924332.341163158 1.243496 -0.841796 0.007069 -0.017836 -0.015398 -0.851458 0.523893
1718924332.346172571 1.243032 -0.842634 0.007068 -0.017784 -0.015427 -0.851381 0.524019
1718924332.351163387 1.242572 -0.843469 0.007069 -0.017736 -0.015458 -0.851308 0.524139
1718924332.356154442 1.242112 -0.844305 0.007073 -0.017694 -0.015474 -0.851243 0.524245
1718924332.361151457 1.241652 -0.845142 0.007079 -0.017670 -0.015482 -0.851177 0.524353
1718924332.366162300 1.241191 -0.845982 0.007085 -0.017665 -0.015489 -0.851107 0.524466
1718924332.371166706 1.240732 -0.846820 0.007088 -0.017686 -0.015488 -0.851039 0.524576
1718924332.376182079 1.240271 -0.847659 0.007086 -0.017719 -0.015478 -0.850975 0.524679
1718924332.381194353 1.239810 -0.848499 0.007080 -0.017755 -0.015467 -0.850915 0.524776
1718924332.386177063 1.239353 -0.849335 0.007071 -0.017774 -0.015452 -0.850858 0.524868
1718924332.391171217 1.238896 -0.850175 0.007060 -0.017782 -0.015429 -0.850803 0.524957
1718924332.396195889 1.238436 -0.851021 0.007053 -0.017791 -0.015398 -0.850751 0.525042
1718924332.399983883 1.238087 -0.851661 0.007051 -0.017802 -0.015370 -0.850718 0.525095
1718924332.399983883 1.238087 -0.851661 0.007051 -0.017802 -0.015370 -0.850718 0.525095
1718924332.401161909 1.237979 -0.851861 0.007051 -0.017804 -0.015362 -0.850708 0.525112
1718924332.406162739 1.237517 -0.852710 0.007053 -0.017814 -0.015332 -0.850675 0.525166
1718924332.411160946 1.237055 -0.853562 0.007058 -0.017829 -0.015310 -0.850648 0.525210
1718924332.416171789 1.236592 -0.854420 0.007062 -0.017844 -0.015296 -0.850622 0.525252
1718924332.486155510 1.229952 -0.866491 0.007466 -0.018143 -0.015227 -0.850621 0.525246
1718924332.491165161 1.229458 -0.867359 0.007529 -0.018161 -0.015225 -0.850614 0.525256
1718924332.496160746 1.228964 -0.868224 0.007596 -0.018185 -0.015223 -0.850598 0.525281
1718924332.499981880 1.228586 -0.868885 0.007649 -0.018197 -0.015217 -0.850585 0.525303
1718924332.499981880 1.228586 -0.868885 0.007649 -0.018197 -0.015217 -0.850585 0.525303
1718924332.501186848 1.228467 -0.869093 0.007665 -0.018203 -0.015214 -0.850580 0.525310
1718924332.506152391 1.227978 -0.869950 0.007730 -0.018227 -0.015205 -0.850558 0.525345
1718924332.511163950 1.227484 -0.870814 0.007796 -0.018254 -0.015196 -0.850531 0.525389
1718924332.516175985 1.226991 -0.871677 0.007863 -0.018285 -0.015176 -0.850497 0.525442
1718924332.521176338 1.226498 -0.872538 0.007932 -0.018336 -0.015149 -0.850466 0.525493
1718924332.526221991 1.226002 -0.873408 0.008005 -0.018404 -0.015111 -0.850432 0.525546
1718924332.531215429 1.225515 -0.874271 0.008080 -0.018474 -0.015067 -0.850391 0.525612
1718924332.536193609 1.225034 -0.875131 0.008156 -0.018539 -0.015027 -0.850341 0.525690
1718924332.541181564 1.224558 -0.875993 0.008233 -0.018600 -0.014993 -0.850289 0.525774
1718924332.546164274 1.224088 -0.876857 0.008309 -0.018650 -0.014954 -0.850232 0.525865
1718924332.551153898 1.223622 -0.877724 0.008384 -0.018691 -0.014923 -0.850170 0.525965
1718924332.556164503 1.223159 -0.878598 0.008455 -0.018727 -0.014901 -0.850103 0.526072
1718924332.561164141 1.222701 -0.879473 0.008521 -0.018752 -0.014877 -0.850035 0.526182
1718924332.566165924 1.222247 -0.880349 0.008583 -0.018768 -0.014850 -0.849965 0.526294
1718924332.571166754 1.221797 -0.881227 0.008639 -0.018775 -0.014833 -0.849899 0.526402
1718924332.576164246 1.221350 -0.882106 0.008689 -0.018770 -0.014832 -0.849831 0.526512
1718924332.581168175 1.220903 -0.882988 0.008737 -0.018766 -0.014840 -0.849763 0.526621
1718924332.586157560 1.220456 -0.883871 0.008784 -0.018763 -0.014856 -0.849702 0.526719
1718924332.591157913 1.220007 -0.884759 0.008831 -0.018763 -0.014879 -0.849645 0.526811
1718924332.596169949 1.219555 -0.885650 0.008880 -0.018766 -0.014897 -0.849589 0.526901
1718924332.599992990 1.219210 -0.886330 0.008917 -0.018771 -0.014903 -0.849546 0.526970
1718924332.599992990 1.219210 -0.886330 0.008917 -0.018771 -0.014903 -0.849546 0.526970
1718924332.601165295 1.219105 -0.886539 0.008929 -0.018770 -0.014905 -0.849533 0.526991
1718924332.606161118 1.218654 -0.887427 0.008980 -0.018772 -0.014912 -0.849486 0.527067
1718924332.611162424 1.218201 -0.888315 0.009031 -0.018776 -0.014923 -0.849452 0.527121
1718924332.646152735 1.214989 -0.894514 0.009434 -0.018842 -0.015017 -0.849485 0.527063
1718924332.651161194 1.214516 -0.895401 0.009489 -0.018837 -0.015034 -0.849491 0.527053
1718924332.656201839 1.214037 -0.896295 0.009547 -0.018834 -0.015054 -0.849492 0.527050
1718924332.661159992 1.213564 -0.897174 0.009607 -0.018836 -0.015071 -0.849496 0.527044
1718924332.666204929 1.213080 -0.898066 0.009670 -0.018840 -0.015072 -0.849506 0.527027
1718924332.671203375 1.212599 -0.898946 0.009737 -0.018849 -0.015064 -0.849515 0.527013
1718924332.676147699 1.212121 -0.899814 0.009807 -0.018856 -0.015059 -0.849519 0.527006
1718924332.681161642 1.211634 -0.900689 0.009882 -0.018859 -0.015056 -0.849520 0.527004
1718924332.686157942 1.211148 -0.901559 0.009960 -0.018857 -0.015058 -0.849520 0.527004
1718924332.691153049 1.210659 -0.902424 0.010040 -0.018863 -0.015062 -0.849524 0.526997
1718924332.696190834 1.210164 -0.903295 0.010119 -0.018870 -0.015064 -0.849523 0.526999
1718924332.699896097 1.209799 -0.903933 0.010175 -0.018872 -0.015062 -0.849518 0.527007
1718924332.699896097 1.209799 -0.903933 0.010175 -0.018872 -0.015062 -0.849518 0.527007
1718924332.701215029 1.209668 -0.904160 0.010193 -0.018872 -0.015062 -0.849516 0.527010
1718924332.706160307 1.209179 -0.905006 0.010257 -0.018876 -0.015058 -0.849505 0.527028
1718924332.711203337 1.208679 -0.905866 0.010317 -0.018882 -0.015058 -0.849497 0.527040
1718924332.716208220 1.208181 -0.906718 0.010375 -0.018892 -0.015058 -0.849485 0.527060
1718924332.721226692 1.207680 -0.907571 0.010433 -0.018899 -0.015069 -0.849469 0.527085
1718924332.756170511 1.204124 -0.913502 0.010754 -0.018981 -0.015204 -0.849347 0.527275
1718924332.761153221 1.203615 -0.914356 0.010827 -0.018978 -0.015233 -0.849334 0.527295
1718924332.766171455 1.203100 -0.915218 0.010902 -0.018977 -0.015260 -0.849323 0.527312
1718924332.771157503 1.202588 -0.916076 0.010979 -0.018975 -0.015278 -0.849313 0.527328
1718924332.776182175 1.202072 -0.916940 0.011057 -0.018971 -0.015281 -0.849311 0.527331
1718924332.781217813 1.201555 -0.917805 0.011137 -0.018968 -0.015287 -0.849311 0.527331
1718924332.786154747 1.201048 -0.918653 0.011216 -0.018967 -0.015285 -0.849308 0.527335
1718924332.791169643 1.200534 -0.919517 0.011296 -0.018965 -0.015291 -0.849305 0.527340
1718924332.796177626 1.200020 -0.920383 0.011373 -0.018969 -0.015305 -0.849307 0.527337
1718924332.799985886 1.199629 -0.921044 0.011431 -0.018975 -0.015314 -0.849313 0.527327
1718924332.799985886 1.199629 -0.921044 0.011431 -0.018975 -0.015314 -0.849313 0.527327
1718924332.801178932 1.199508 -0.921251 0.011449 -0.018977 -0.015316 -0.849314 0.527324
1718924332.806169033 1.199001 -0.922118 0.011521 -0.018998 -0.015323 -0.849321 0.527312
1718924332.811199188 1.198492 -0.922994 0.011590 -0.019008 -0.015327 -0.849328 0.527300
1718924332.816222668 1.197987 -0.923870 0.011658 -0.019026 -0.015324 -0.849338 0.527284
1718924332.821174383 1.197490 -0.924736 0.011725 -0.019045 -0.015324 -0.849347 0.527268
1718924332.826150179 1.196993 -0.925609 0.011793 -0.019059 -0.015333 -0.849357 0.527251
1718924332.831172705 1.196493 -0.926493 0.011863 -0.019068 -0.015341 -0.849367 0.527235
1718924332.836169243 1.195997 -0.927376 0.011934 -0.019080 -0.015344 -0.849379 0.527215
1718924332.841171980 1.195502 -0.928261 0.012004 -0.019090 -0.015339 -0.849397 0.527186
1718924332.846163988 1.195011 -0.929145 0.012074 -0.019092 -0.015335 -0.849414 0.527158
1718924332.851170301 1.194520 -0.930031 0.012143 -0.019097 -0.015342 -0.849427 0.527137
1718924332.856162071 1.194033 -0.930916 0.012214 -0.019103 -0.015351 -0.849434 0.527125
1718924332.861167908 1.193546 -0.931804 0.012288 -0.019115 -0.015361 -0.849439 0.527117
1718924332.866162062 1.193060 -0.932691 0.012366 -0.019132 -0.015372 -0.849442 0.527110
1718924332.871157646 1.192577 -0.933578 0.012447 -0.019145 -0.015381 -0.849440 0.527114
1718924332.876163244 1.192094 -0.934466 0.012529 -0.019163 -0.015383 -0.849431 0.527128
1718924332.881158590 1.191615 -0.935350 0.012612 -0.019175 -0.015387 -0.849416 0.527150
1718924332.886152983 1.191135 -0.936234 0.012694 -0.019184 -0.015387 -0.849397 0.527182
1718924332.891148806 1.190655 -0.937117 0.012776 -0.019200 -0.015383 -0.849382 0.527205
1718924332.896152496 1.190174 -0.938003 0.012855 -0.019221 -0.015382 -0.849366 0.527230
1718924332.900012016 1.189801 -0.938688 0.012916 -0.019234 -0.015378 -0.849351 0.527254
1718924332.900012016 1.189801 -0.938688 0.012916 -0.019234 -0.015378 -0.849351 0.527254
1718924332.901161432 1.189691 -0.938891 0.012934 -0.019237 -0.015377 -0.849347 0.527261
1718924332.906166077 1.189210 -0.939778 0.013010 -0.019250 -0.015376 -0.849326 0.527293
1718924332.911159039 1.188729 -0.940661 0.013083 -0.019257 -0.015376 -0.849305 0.527327
1718924332.936191797 1.186335 -0.945077 0.013408 -0.019352 -0.015401 -0.849232 0.527440
1718924332.941226244 1.185844 -0.945969 0.013466 -0.019353 -0.015409 -0.849219 0.527461
1718924332.946176767 1.185361 -0.946846 0.013522 -0.019347 -0.015408 -0.849207 0.527481
1718924332.951225281 1.184866 -0.947740 0.013580 -0.019330 -0.015410 -0.849201 0.527491
1718924332.956210136 1.184376 -0.948623 0.013641 -0.019320 -0.015422 -0.849200 0.527493
1718924332.961213827 1.183880 -0.949510 0.013707 -0.019315 -0.015435 -0.849204 0.527486
1718924332.966173887 1.183385 -0.950391 0.013778 -0.019320 -0.015445 -0.849210 0.527475
1718924332.971218348 1.182879 -0.951288 0.013854 -0.019328 -0.015447 -0.849215 0.527468
1718924332.976174116 1.182381 -0.952168 0.013930 -0.019337 -0.015442 -0.849223 0.527454
1718924332.981212378 1.181872 -0.953061 0.014006 -0.019348 -0.015437 -0.849234 0.527436
1718924332.986185074 1.181370 -0.953941 0.014078 -0.019360 -0.015433 -0.849243 0.527422
1718924332.991165161 1.180866 -0.954821 0.014147 -0.019370 -0.015437 -0.849249 0.527412
1718924332.996217489 1.180353 -0.955715 0.014215 -0.019379 -0.015443 -0.849257 0.527398
1718924333.001229048 1.179843 -0.956603 0.014279 -0.019384 -0.015457 -0.849270 0.527377
1718924333.006217957 1.179335 -0.957488 0.014341 -0.019388 -0.015469 -0.849284 0.527354
1718924333.011204243 1.178826 -0.958374 0.014401 -0.019397 -0.015467 -0.849290 0.527343
1718924333.016244650 1.178313 -0.959269 0.014460 -0.019408 -0.015452 -0.849297 0.527332
1718924333.021248102 1.177804 -0.960158 0.014519 -0.019409 -0.015434 -0.849306 0.527318
1718924333.026229858 1.177298 -0.961044 0.014580 -0.019406 -0.015424 -0.849314 0.527306
1718924333.031162977 1.176797 -0.961923 0.014644 -0.019402 -0.015424 -0.849324 0.527290
1718924333.036176443 1.176289 -0.962818 0.014711 -0.019402 -0.015430 -0.849333 0.527274
1718924333.041217327 1.175779 -0.963717 0.014781 -0.019401 -0.015434 -0.849341 0.527261
1718924333.046190739 1.175279 -0.964603 0.014852 -0.019393 -0.015435 -0.849351 0.527247
1718924333.051174402 1.174780 -0.965489 0.014925 -0.019388 -0.015434 -0.849355 0.527240
1718924333.056202650 1.174278 -0.966382 0.015000 -0.019383 -0.015432 -0.849360 0.527232
1718924333.061207771 1.173780 -0.967269 0.015078 -0.019385 -0.015428 -0.849366 0.527223
1718924333.066202641 1.173285 -0.968154 0.015156 -0.019393 -0.015419 -0.849367 0.527221
1718924333.071212530 1.172791 -0.969043 0.015234 -0.019398 -0.015409 -0.849368 0.527220
1718924333.076165676 1.172304 -0.969922 0.015308 -0.019403 -0.015399 -0.849371 0.527215
1718924333.081168890 1.171814 -0.970809 0.015380 -0.019402 -0.015390 -0.849368 0.527220
1718924333.086163282 1.171326 -0.971695 0.015450 -0.019396 -0.015379 -0.849364 0.527227
1718924333.091180325 1.170838 -0.972585 0.015519 -0.019395 -0.015376 -0.849362 0.527230
1718924333.096203804 1.170350 -0.973477 0.015589 -0.019392 -0.015379 -0.849361 0.527232
1718924333.099993229 1.169982 -0.974151 0.015643 -0.019389 -0.015379 -0.849363 0.527229
1718924333.099993229 1.169982 -0.974151 0.015643 -0.019389 -0.015379 -0.849363 0.527229
1718924333.101201773 1.169866 -0.974366 0.015660 -0.019387 -0.015379 -0.849363 0.527228
1718924333.106204987 1.169384 -0.975254 0.015729 -0.019382 -0.015379 -0.849365 0.527225
1718924333.111200333 1.168905 -0.976140 0.015798 -0.019372 -0.015377 -0.849367 0.527223
1718924333.116225958 1.168425 -0.977031 0.015865 -0.019361 -0.015376 -0.849365 0.527226
1718924333.199990273 1.160265 -0.991963 0.017005 -0.019062 -0.015634 -0.849312 0.527316
1718924333.199990273 1.160265 -0.991963 0.017005 -0.019062 -0.015634 -0.849312 0.527316
1718924333.231175900 1.157126 -0.997554 0.017496 -0.018962 -0.015715 -0.849287 0.527357
1718924333.236168146 1.156619 -0.998452 0.017584 -0.018948 -0.015732 -0.849284 0.527362
1718924333.241217613 1.156104 -0.999362 0.017675 -0.018932 -0.015753 -0.849278 0.527372
1718924333.246224165 1.155592 -1.000265 0.017766 -0.018913 -0.015765 -0.849267 0.527389
1718924333.251187563 1.155084 -1.001158 0.017857 -0.018898 -0.015770 -0.849256 0.527407
1718924333.256257057 1.154564 -1.002068 0.017951 -0.018880 -0.015775 -0.849249 0.527419
1718924333.261214018 1.154055 -1.002955 0.018043 -0.018860 -0.015775 -0.849238 0.527437
1718924333.266181231 1.153542 -1.003843 0.018136 -0.018842 -0.015773 -0.849226 0.527458
1718924333.271239281 1.153020 -1.004748 0.018228 -0.018824 -0.015770 -0.849217 0.527472
1718924333.276219845 1.152504 -1.005638 0.018318 -0.018808 -0.015769 -0.849212 0.527481
1718924333.281181812 1.151991 -1.006525 0.018403 -0.018794 -0.015772 -0.849212 0.527482
1718924333.286177874 1.151475 -1.007416 0.018486 -0.018777 -0.015769 -0.849213 0.527482
1718924333.291169405 1.150960 -1.008305 0.018567 -0.018760 -0.015766 -0.849210 0.527486
1718924333.296205521 1.150440 -1.009202 0.018647 -0.018756 -0.015769 -0.849206 0.527493
1718924333.299990177 1.150049 -1.009876 0.018707 -0.018750 -0.015774 -0.849206 0.527494
1718924333.299990177 1.150049 -1.009876 0.018707 -0.018750 -0.015774 -0.849206 0.527494
1718924333.301170349 1.149928 -1.010087 0.018726 -0.018748 -0.015775 -0.849206 0.527494
1718924333.306161642 1.149412 -1.010977 0.018805 -0.018738 -0.015788 -0.849209 0.527488
1718924333.311166286 1.148896 -1.011871 0.018883 -0.018723 -0.015804 -0.849218 0.527474
1718924333.366182327 1.143281 -1.021783 0.019487 -0.018833 -0.015656 -0.849221 0.527469
1718924333.371175766 1.142777 -1.022689 0.019519 -0.018840 -0.015649 -0.849222 0.527467
1718924333.376175880 1.142275 -1.023599 0.019548 -0.018850 -0.015637 -0.849230 0.527455
1718924333.381186008 1.141773 -1.024510 0.019575 -0.018863 -0.015618 -0.849234 0.527449
1718924333.386174202 1.141277 -1.025419 0.019601 -0.018874 -0.015597 -0.849233 0.527450
1718924333.391167402 1.140783 -1.026329 0.019628 -0.018883 -0.015584 -0.849228 0.527458
1718924333.396164656 1.140292 -1.027239 0.019655 -0.018882 -0.015571 -0.849225 0.527464
1718924333.399989128 1.139917 -1.027936 0.019677 -0.018881 -0.015561 -0.849227 0.527460
1718924333.399989128 1.139917 -1.027936 0.019677 -0.018881 -0.015561 -0.849227 0.527460
1718924333.401168346 1.139802 -1.028150 0.019683 -0.018880 -0.015558 -0.849228 0.527460
1718924333.406162262 1.139317 -1.029061 0.019712 -0.018880 -0.015557 -0.849224 0.527465
1718924333.411169052 1.138832 -1.029976 0.019741 -0.018881 -0.015558 -0.849215 0.527480
1718924333.416176319 1.138351 -1.030892 0.019770 -0.018891 -0.015554 -0.849202 0.527501
1718924333.421185017 1.137872 -1.031809 0.019799 -0.018905 -0.015541 -0.849187 0.527525
1718924333.426196814 1.137396 -1.032726 0.019828 -0.018917 -0.015532 -0.849172 0.527549
1718924333.431185961 1.136924 -1.033639 0.019860 -0.018917 -0.015527 -0.849155 0.527577
1718924333.436170578 1.136454 -1.034553 0.019894 -0.018916 -0.015528 -0.849135 0.527608
1718924333.441221476 1.135978 -1.035481 0.019931 -0.018916 -0.015534 -0.849111 0.527647
1718924333.446175098 1.135512 -1.036392 0.019968 -0.018915 -0.015535 -0.849081 0.527696
1718924333.451225996 1.135037 -1.037320 0.020004 -0.018907 -0.015528 -0.849045 0.527753
1718924333.456182718 1.134571 -1.038231 0.020037 -0.018898 -0.015526 -0.849008 0.527814
1718924333.461234570 1.134095 -1.039158 0.020067 -0.018886 -0.015522 -0.848968 0.527878
1718924333.466176510 1.133627 -1.040064 0.020094 -0.018876 -0.015518 -0.848931 0.527939
1718924333.471172094 1.133153 -1.040981 0.020119 -0.018871 -0.015523 -0.848891 0.528002
1718924333.476183176 1.132674 -1.041901 0.020144 -0.018865 -0.015531 -0.848855 0.528061
1718924333.481186867 1.132192 -1.042820 0.020168 -0.018859 -0.015536 -0.848824 0.528111
1718924333.486172915 1.131711 -1.043736 0.020191 -0.018844 -0.015536 -0.848794 0.528159
1718924333.491169453 1.131226 -1.044650 0.020214 -0.018825 -0.015530 -0.848770 0.528199
1718924333.496160984 1.130739 -1.045561 0.020237 -0.018810 -0.015518 -0.848754 0.528225
1718924333.499989271 1.130363 -1.046259 0.020255 -0.018799 -0.015506 -0.848745 0.528240
1718924333.499989271 1.130363 -1.046259 0.020255 -0.018799 -0.015506 -0.848745 0.528240
1718924333.501209736 1.130242 -1.046481 0.020262 -0.018796 -0.015503 -0.848742 0.528245
1718924333.506161928 1.129752 -1.047383 0.020286 -0.018780 -0.015491 -0.848735 0.528258
1718924333.511208773 1.129248 -1.048303 0.020309 -0.018771 -0.015490 -0.848734 0.528260
1718924333.566166401 1.123754 -1.058194 0.020363 -0.018645 -0.015357 -0.849104 0.527673
1718924333.571163177 1.123255 -1.059083 0.020351 -0.018640 -0.015352 -0.849137 0.527620
1718924333.576218605 1.122750 -1.059982 0.020337 -0.018641 -0.015351 -0.849169 0.527569
1718924333.581174374 1.122255 -1.060864 0.020324 -0.018642 -0.015357 -0.849198 0.527522
1718924333.586175680 1.121756 -1.061754 0.020311 -0.018637 -0.015365 -0.849223 0.527482
1718924333.591166973 1.121260 -1.062641 0.020300 -0.018633 -0.015365 -0.849247 0.527443
1718924333.596158028 1.120765 -1.063526 0.020291 -0.018627 -0.015358 -0.849265 0.527415
1718924333.599995136 1.120385 -1.064207 0.020286 -0.018618 -0.015359 -0.849275 0.527398
1718924333.599995136 1.120385 -1.064207 0.020286 -0.018618 -0.015359 -0.849275 0.527398
1718924333.601164341 1.120269 -1.064414 0.020285 -0.018615 -0.015359 -0.849278 0.527393
1718924333.606161118 1.119777 -1.065300 0.020280 -0.018597 -0.015359 -0.849289 0.527377
1718924333.611162663 1.119285 -1.066189 0.020277 -0.018582 -0.015362 -0.849299 0.527361
1718924333.616165876 1.118794 -1.067078 0.020276 -0.018565 -0.015368 -0.849305 0.527351
1718924333.621176481 1.118305 -1.067969 0.020275 -0.018547 -0.015381 -0.849304 0.527353
1718924333.626164198 1.117822 -1.068854 0.020275 -0.018534 -0.015389 -0.849299 0.527363
1718924333.631181002 1.117338 -1.069744 0.020275 -0.018524 -0.015404 -0.849286 0.527383
1718924333.636163950 1.116860 -1.070627 0.020276 -0.018517 -0.015417 -0.849268 0.527412
1718924333.641168356 1.116382 -1.071513 0.020277 -0.018512 -0.015421 -0.849248 0.527444
1718924333.646225452 1.115901 -1.072409 0.020278 -0.018506 -0.015428 -0.849225 0.527481
1718924333.651177168 1.115433 -1.073286 0.020278 -0.018501 -0.015435 -0.849200 0.527522
1718924333.656214237 1.114959 -1.074177 0.020277 -0.018492 -0.015435 -0.849170 0.527569
1718924333.661168337 1.114496 -1.075053 0.020274 -0.018478 -0.015432 -0.849141 0.527617
1718924333.666232109 1.114026 -1.075947 0.020270 -0.018459 -0.015426 -0.849117 0.527656
1718924333.671223879 1.113564 -1.076829 0.020265 -0.018447 -0.015431 -0.849097 0.527690
1718924333.676252127 1.113100 -1.077718 0.020260 -0.018439 -0.015433 -0.849072 0.527729
1718924333.681210518 1.112644 -1.078595 0.020254 -0.018428 -0.015427 -0.849045 0.527774
1718924333.686168909 1.112191 -1.079472 0.020246 -0.018419 -0.015421 -0.849025 0.527806
1718924333.691164255 1.111736 -1.080353 0.020237 -0.018408 -0.015417 -0.849009 0.527833
1718924333.696203470 1.111280 -1.081241 0.020226 -0.018401 -0.015412 -0.848998 0.527850
1718924333.699975967 1.110939 -1.081905 0.020219 -0.018397 -0.015413 -0.848996 0.527855
1718924333.699975967 1.110939 -1.081905 0.020219 -0.018397 -0.015413 -0.848996 0.527855
1718924333.701205492 1.110828 -1.082121 0.020217 -0.018397 -0.015413 -0.848995 0.527856
1718924333.706157923 1.110383 -1.082994 0.020211 -0.018393 -0.015422 -0.848995 0.527856
1718924333.711178064 1.109933 -1.083879 0.020209 -0.018393 -0.015434 -0.848994 0.527857
1718924333.716159821 1.109486 -1.084758 0.020211 -0.018400 -0.015443 -0.848990 0.527863
1718924333.756227732 1.105896 -1.091835 0.020152 -0.018378 -0.015323 -0.849070 0.527738
1718924333.761165619 1.105452 -1.092706 0.020134 -0.018379 -0.015323 -0.849084 0.527716
1718924333.766167641 1.105002 -1.093589 0.020115 -0.018380 -0.015315 -0.849104 0.527684
1718924333.771221638 1.104547 -1.094480 0.020094 -0.018383 -0.015308 -0.849124 0.527652
1718924333.776213646 1.104096 -1.095362 0.020073 -0.018383 -0.015308 -0.849138 0.527630
1718924333.781229258 1.103642 -1.096250 0.020052 -0.018392 -0.015296 -0.849150 0.527611
1718924333.786213160 1.103190 -1.097132 0.020032 -0.018408 -0.015282 -0.849157 0.527598
1718924333.791203976 1.102737 -1.098016 0.020010 -0.018418 -0.015269 -0.849161 0.527592
1718924333.796199799 1.102283 -1.098899 0.019988 -0.018421 -0.015255 -0.849165 0.527586
1718924333.799990177 1.101940 -1.099568 0.019971 -0.018418 -0.015242 -0.849170 0.527579
1718924333.799990177 1.101940 -1.099568 0.019971 -0.018418 -0.015242 -0.849170 0.527579
1718924333.801203012 1.101830 -1.099782 0.019966 -0.018417 -0.015238 -0.849171 0.527576
1718924333.806157112 1.101381 -1.100653 0.019948 -0.018404 -0.015223 -0.849175 0.527571
1718924333.811203003 1.100925 -1.101542 0.019935 -0.018387 -0.015216 -0.849177 0.527568
1718924333.816178083 1.100474 -1.102418 0.019927 -0.018382 -0.015221 -0.849177 0.527568
1718924333.821245909 1.100015 -1.103311 0.019924 -0.018381 -0.015227 -0.849175 0.527571
1718924333.826232672 1.099563 -1.104188 0.019921 -0.018369 -0.015230 -0.849168 0.527583
1718924333.831185102 1.099115 -1.105056 0.019916 -0.018346 -0.015231 -0.849158 0.527600
1718924333.836174488 1.098664 -1.105927 0.019908 -0.018325 -0.015228 -0.849144 0.527624
1718924333.841160536 1.098211 -1.106796 0.019896 -0.018303 -0.015223 -0.849126 0.527654
1718924333.846167326 1.097754 -1.107669 0.019883 -0.018289 -0.015221 -0.849109 0.527681
1718924333.851169825 1.097296 -1.108542 0.019867 -0.018281 -0.015214 -0.849088 0.527715
1718924333.856170893 1.096836 -1.109415 0.019850 -0.018281 -0.015200 -0.849067 0.527750
1718924333.861166954 1.096375 -1.110287 0.019832 -0.018275 -0.015185 -0.849050 0.527777
1718924333.866169691 1.095914 -1.111158 0.019814 -0.018268 -0.015165 -0.849040 0.527796
1718924333.871172190 1.095453 -1.112029 0.019794 -0.018259 -0.015157 -0.849025 0.527819
1718924333.876180887 1.094992 -1.112900 0.019773 -0.018251 -0.015162 -0.849013 0.527839
1718924333.881206512 1.094528 -1.113775 0.019751 -0.018239 -0.015170 -0.849004 0.527853
1718924333.886197805 1.094068 -1.114644 0.019727 -0.018228 -0.015172 -0.848997 0.527865
1718924333.891204119 1.093607 -1.115516 0.019701 -0.018223 -0.015172 -0.848994 0.527870
1718924333.896158457 1.093152 -1.116380 0.019675 -0.018219 -0.015169 -0.848990 0.527876
1718924333.900002003 1.092799 -1.117051 0.019656 -0.018217 -0.015163 -0.848991 0.527875
1718924333.900002003 1.092799 -1.117051 0.019656 -0.018217 -0.015163 -0.848991 0.527875
1718924333.901207209 1.092688 -1.117261 0.019651 -0.018217 -0.015162 -0.848992 0.527874
1718924333.906200886 1.092231 -1.118134 0.019634 -0.018216 -0.015163 -0.848997 0.527865
1718924333.911203146 1.091774 -1.119010 0.019622 -0.018224 -0.015166 -0.849001 0.527859
1718924333.966173172 1.086851 -1.128645 0.019715 -0.017920 -0.014931 -0.849128 0.527672
1718924333.971243382 1.086403 -1.129538 0.019737 -0.017908 -0.014920 -0.849143 0.527648
1718924333.981211424 1.085522 -1.131294 0.019785 -0.017892 -0.014893 -0.849166 0.527613
1718924333.986198425 1.085081 -1.132173 0.019808 -0.017886 -0.014882 -0.849175 0.527599
1718924333.991203785 1.084640 -1.133057 0.019830 -0.017884 -0.014874 -0.849184 0.527585
1718924333.996161461 1.084204 -1.133932 0.019849 -0.017879 -0.014866 -0.849183 0.527586
1718924334.001203299 1.083761 -1.134822 0.019866 -0.017865 -0.014861 -0.849182 0.527589
1718924334.006158352 1.083327 -1.135695 0.019883 -0.017843 -0.014860 -0.849182 0.527590
1718924334.011163473 1.082888 -1.136576 0.019901 -0.017818 -0.014857 -0.849173 0.527605
1718924334.016169310 1.082448 -1.137458 0.019925 -0.017802 -0.014857 -0.849162 0.527623
1718924334.021192074 1.082007 -1.138341 0.019953 -0.017792 -0.014853 -0.849149 0.527644
1718924334.026166916 1.081569 -1.139214 0.019984 -0.017779 -0.014838 -0.849135 0.527667
1718924334.031161308 1.081128 -1.140088 0.020017 -0.017766 -0.014821 -0.849117 0.527697
1718924334.036166668 1.080684 -1.140961 0.020049 -0.017754 -0.014808 -0.849098 0.527729
1718924334.041163683 1.080240 -1.141829 0.020079 -0.017737 -0.014802 -0.849082 0.527756
1718924334.046172142 1.079793 -1.142695 0.020105 -0.017717 -0.014802 -0.849065 0.527783
1718924334.051228523 1.079341 -1.143567 0.020129 -0.017698 -0.014803 -0.849050 0.527809
1718924334.056169271 1.078897 -1.144416 0.020151 -0.017675 -0.014811 -0.849030 0.527841
1718924334.061200857 1.078443 -1.145279 0.020173 -0.017653 -0.014823 -0.849013 0.527869
1718924334.066166878 1.077993 -1.146132 0.020196 -0.017626 -0.014840 -0.848998 0.527894
1718924334.071200371 1.077533 -1.146996 0.020223 -0.017586 -0.014857 -0.848983 0.527919
1718924334.076153278 1.077077 -1.147847 0.020251 -0.017536 -0.014884 -0.848970 0.527940
1718924334.081200123 1.076609 -1.148714 0.020282 -0.017470 -0.014916 -0.848955 0.527965
1718924334.086156130 1.076145 -1.149565 0.020315 -0.017396 -0.014944 -0.848946 0.527981
1718924334.091159821 1.075672 -1.150425 0.020350 -0.017326 -0.014970 -0.848937 0.527998
1718924334.096155882 1.075194 -1.151285 0.020387 -0.017265 -0.014991 -0.848918 0.528029
1718924334.099998236 1.074823 -1.151946 0.020415 -0.017231 -0.015006 -0.848902 0.528056
1718924334.099998236 1.074823 -1.151946 0.020415 -0.017231 -0.015006 -0.848902 0.528056
1718924334.101200819 1.074706 -1.152154 0.020425 -0.017220 -0.015011 -0.848897 0.528064
1718924334.106159210 1.074221 -1.153011 0.020463 -0.017177 -0.015031 -0.848876 0.528099
1718924334.111161470 1.073729 -1.153875 0.020501 -0.017133 -0.015056 -0.848853 0.528137
1718924334.116159916 1.073235 -1.154737 0.020536 -0.017083 -0.015092 -0.848833 0.528170
1718924334.199991226 1.065567 -1.169549 0.020912 -0.016800 -0.015006 -0.848754 0.528307
1718924334.199991226 1.065567 -1.169549 0.020912 -0.016800 -0.015006 -0.848754 0.528307
1718924334.206154346 1.065055 -1.170669 0.020927 -0.016781 -0.015000 -0.848749 0.528317
1718924334.211161852 1.064645 -1.171582 0.020934 -0.016760 -0.015006 -0.848749 0.528317
1718924334.216162682 1.064242 -1.172492 0.020933 -0.016737 -0.015010 -0.848749 0.528318
1718924334.221173286 1.063845 -1.173404 0.020924 -0.016701 -0.015005 -0.848748 0.528321
1718924334.226187468 1.063455 -1.174317 0.020907 -0.016664 -0.015005 -0.848753 0.528313
1718924334.231179476 1.063071 -1.175228 0.020888 -0.016633 -0.014999 -0.848767 0.528292
1718924334.236238718 1.062685 -1.176155 0.020868 -0.016605 -0.014987 -0.848781 0.528270
1718924334.241203785 1.062309 -1.177069 0.020852 -0.016581 -0.014977 -0.848792 0.528255
1718924334.246223211 1.061933 -1.177994 0.020838 -0.016557 -0.014964 -0.848802 0.528240
1718924334.251207113 1.061566 -1.178912 0.020826 -0.016523 -0.014947 -0.848815 0.528221
1718924334.256220579 1.061200 -1.179836 0.020815 -0.016479 -0.014930 -0.848824 0.528208
1718924334.261203289 1.060841 -1.180755 0.020806 -0.016436 -0.014921 -0.848834 0.528193
1718924334.266159773 1.060486 -1.181669 0.020799 -0.016401 -0.014914 -0.848846 0.528174
1718924334.271215200 1.060124 -1.182603 0.020794 -0.016377 -0.014902 -0.848853 0.528165
1718924334.276219845 1.059766 -1.183531 0.020789 -0.016365 -0.014886 -0.848853 0.528165
1718924334.281228542 1.059408 -1.184460 0.020783 -0.016359 -0.014873 -0.848849 0.528173
1718924334.286228657 1.059052 -1.185388 0.020773 -0.016354 -0.014861 -0.848840 0.528187
1718924334.291176081 1.058700 -1.186306 0.020761 -0.016348 -0.014844 -0.848830 0.528204
1718924334.296157360 1.058345 -1.187232 0.020746 -0.016340 -0.014833 -0.848816 0.528227
1718924334.299993038 1.058071 -1.187948 0.020733 -0.016330 -0.014831 -0.848798 0.528257
1718924334.299993038 1.058071 -1.187948 0.020733 -0.016330 -0.014831 -0.848798 0.528257
1718924334.301160097 1.057987 -1.188167 0.020730 -0.016328 -0.014832 -0.848792 0.528267
1718924334.306195974 1.057624 -1.189113 0.020715 -0.016318 -0.014831 -0.848763 0.528314
1718924334.311161280 1.057263 -1.190050 0.020701 -0.016305 -0.014828 -0.848733 0.528362
1718924334.361158609 1.053497 -1.199479 0.020754 -0.016046 -0.014853 -0.848476 0.528782
1718924334.366227865 1.053103 -1.200433 0.020779 -0.016033 -0.014858 -0.848456 0.528814
1718924334.371212482 1.052712 -1.201373 0.020809 -0.016022 -0.014860 -0.848444 0.528833
1718924334.376172543 1.052320 -1.202309 0.020842 -0.016006 -0.014869 -0.848428 0.528859
1718924334.381239176 1.051919 -1.203265 0.020877 -0.015985 -0.014878 -0.848414 0.528883
1718924334.386168480 1.051529 -1.204192 0.020912 -0.015963 -0.014875 -0.848405 0.528897
1718924334.391170740 1.051134 -1.205131 0.020948 -0.015954 -0.014873 -0.848391 0.528921
1718924334.396164179 1.050739 -1.206066 0.020983 -0.015949 -0.014865 -0.848376 0.528946
1718924334.399986029 1.050437 -1.206780 0.021009 -0.015949 -0.014856 -0.848370 0.528954
1718924334.399986029 1.050437 -1.206780 0.021009 -0.015949 -0.014856 -0.848370 0.528954
1718924334.401161909 1.050344 -1.207001 0.021017 -0.015948 -0.014853 -0.848369 0.528957
1718924334.406167746 1.049948 -1.207938 0.021051 -0.015949 -0.014835 -0.848366 0.528962
1718924334.411161900 1.049552 -1.208872 0.021082 -0.015943 -0.014814 -0.848370 0.528957
1718924334.416172504 1.049156 -1.209809 0.021109 -0.015926 -0.014794 -0.848380 0.528941
1718924334.421191692 1.048761 -1.210746 0.021132 -0.015904 -0.014777 -0.848392 0.528923
1718924334.426166058 1.048371 -1.211675 0.021153 -0.015888 -0.014754 -0.848409 0.528897
1718924334.431187630 1.047979 -1.212614 0.021173 -0.015878 -0.014725 -0.848433 0.528860
1718924334.436157703 1.047591 -1.213545 0.021194 -0.015878 -0.014696 -0.848459 0.528819
1718924334.441170931 1.047199 -1.214489 0.021216 -0.015882 -0.014665 -0.848487 0.528774
1718924334.446165085 1.046810 -1.215431 0.021240 -0.015887 -0.014625 -0.848520 0.528723
1718924334.451176405 1.046422 -1.216379 0.021263 -0.015899 -0.014588 -0.848553 0.528670
1718924334.456163406 1.046039 -1.217323 0.021286 -0.015902 -0.014553 -0.848591 0.528611
1718924334.461163282 1.045658 -1.218274 0.021310 -0.015905 -0.014519 -0.848629 0.528550
1718924334.466164351 1.045279 -1.219230 0.021336 -0.015904 -0.014490 -0.848666 0.528492
1718924334.471155167 1.044904 -1.220188 0.021364 -0.015894 -0.014466 -0.848696 0.528444
1718924334.476194859 1.044529 -1.221160 0.021394 -0.015883 -0.014447 -0.848722 0.528404
1718924334.481171370 1.044161 -1.222123 0.021423 -0.015873 -0.014426 -0.848746 0.528365
1718924334.486209154 1.043793 -1.223101 0.021454 -0.015862 -0.014402 -0.848769 0.528330
1718924334.491158962 1.043434 -1.224064 0.021484 -0.015855 -0.014376 -0.848779 0.528315
1718924334.496163845 1.043074 -1.225041 0.021515 -0.015846 -0.014351 -0.848782 0.528311
1718924334.499992132 1.042800 -1.225791 0.021538 -0.015841 -0.014335 -0.848780 0.528315
1718924334.499992132 1.042800 -1.225791 0.021538 -0.015841 -0.014335 -0.848780 0.528315
1718924334.501160145 1.042716 -1.226020 0.021545 -0.015840 -0.014331 -0.848779 0.528316
1718924334.506163836 1.042358 -1.227005 0.021573 -0.015842 -0.014316 -0.848770 0.528332
1718924334.511159420 1.042001 -1.227989 0.021599 -0.015838 -0.014303 -0.848754 0.528357
1718924334.556162834 1.038721 -1.236747 0.021944 -0.015581 -0.014184 -0.848384 0.528962
1718924334.561164379 1.038346 -1.237708 0.021996 -0.015572 -0.014180 -0.848337 0.529038
1718924334.566166639 1.037969 -1.238668 0.022049 -0.015568 -0.014172 -0.848297 0.529103
1718924334.571212292 1.037585 -1.239634 0.022103 -0.015575 -0.014162 -0.848258 0.529164
1718924334.576212883 1.037202 -1.240590 0.022153 -0.015574 -0.014153 -0.848223 0.529222
1718924334.581225872 1.036817 -1.241545 0.022199 -0.015574 -0.014139 -0.848192 0.529271
1718924334.586168766 1.036438 -1.242483 0.022239 -0.015569 -0.014132 -0.848167 0.529311
1718924334.591159582 1.036053 -1.243428 0.022275 -0.015561 -0.014135 -0.848144 0.529348
1718924334.596162081 1.035665 -1.244375 0.022309 -0.015554 -0.014137 -0.848127 0.529375
1718924334.599990129 1.035366 -1.245100 0.022333 -0.015553 -0.014136 -0.848122 0.529384
1718924334.599990129 1.035366 -1.245100 0.022333 -0.015553 -0.014136 -0.848122 0.529384
1718924334.601157904 1.035275 -1.245321 0.022340 -0.015552 -0.014135 -0.848120 0.529387
1718924334.606161833 1.034881 -1.246267 0.022370 -0.015547 -0.014134 -0.848124 0.529381
1718924334.611158371 1.034488 -1.247210 0.022399 -0.015547 -0.014130 -0.848128 0.529375
1718924334.616177559 1.034092 -1.248154 0.022427 -0.015550 -0.014118 -0.848139 0.529358
1718924334.621179819 1.033696 -1.249092 0.022455 -0.015553 -0.014101 -0.848157 0.529328
1718924334.626168013 1.033301 -1.250027 0.022486 -0.015556 -0.014087 -0.848181 0.529290
1718924334.631182671 1.032902 -1.250968 0.022519 -0.015567 -0.014076 -0.848208 0.529248
1718924334.636157274 1.032507 -1.251902 0.022554 -0.015577 -0.014066 -0.848232 0.529209
1718924334.641167164 1.032108 -1.252844 0.022588 -0.015578 -0.014066 -0.848261 0.529163
1718924334.646163225 1.031712 -1.253783 0.022621 -0.015581 -0.014064 -0.848293 0.529111
1718924334.651164532 1.031317 -1.254724 0.022652 -0.015589 -0.014050 -0.848320 0.529068
1718924334.656165838 1.030923 -1.255667 0.022682 -0.015597 -0.014032 -0.848339 0.529037
1718924334.661151886 1.030530 -1.256612 0.022711 -0.015605 -0.014016 -0.848360 0.529004
1718924334.666160345 1.030134 -1.257566 0.022739 -0.015614 -0.013998 -0.848380 0.528973
1718924334.671162128 1.029740 -1.258524 0.022766 -0.015618 -0.013980 -0.848400 0.528940
1718924334.676180601 1.029345 -1.259490 0.022791 -0.015618 -0.013960 -0.848413 0.528920
1718924334.681259871 1.028947 -1.260473 0.022815 -0.015619 -0.013943 -0.848424 0.528904
1718924334.686214685 1.028561 -1.261436 0.022836 -0.015618 -0.013931 -0.848425 0.528901
1718924334.691228867 1.028171 -1.262416 0.022857 -0.015614 -0.013924 -0.848424 0.528903
1718924334.696201324 1.027786 -1.263391 0.022876 -0.015611 -0.013909 -0.848423 0.528906
1718924334.699898243 1.027501 -1.264119 0.022891 -0.015606 -0.013894 -0.848417 0.528915
1718924334.699898243 1.027501 -1.264119 0.022891 -0.015606 -0.013894 -0.848417 0.528915
1718924334.701197863 1.027401 -1.264375 0.022896 -0.015606 -0.013890 -0.848415 0.528918
1718924334.706201792 1.027018 -1.265364 0.022916 -0.015598 -0.013867 -0.848406 0.528934
1718924334.711199045 1.026639 -1.266354 0.022934 -0.015595 -0.013841 -0.848393 0.528955
1718924334.716207743 1.026263 -1.267349 0.022954 -0.015592 -0.013806 -0.848376 0.528984
1718924334.766173363 1.022479 -1.277250 0.022833 -0.015503 -0.013487 -0.848239 0.529215
1718924334.786206007 1.020917 -1.281193 0.022645 -0.015465 -0.013378 -0.848296 0.529127
1718924334.791199923 1.020520 -1.282171 0.022596 -0.015456 -0.013346 -0.848314 0.529100
1718924334.796201468 1.020119 -1.283150 0.022550 -0.015450 -0.013314 -0.848337 0.529064
1718924334.799999237 1.019812 -1.283893 0.022516 -0.015452 -0.013287 -0.848359 0.529029
1718924334.799999237 1.019812 -1.283893 0.022516 -0.015452 -0.013287 -0.848359 0.529029
1718924334.801158428 1.019721 -1.284116 0.022506 -0.015453 -0.013279 -0.848366 0.529019
1718924334.806161880 1.019332 -1.285069 0.022465 -0.015462 -0.013245 -0.848392 0.528976
1718924334.811166286 1.018942 -1.286020 0.022426 -0.015464 -0.013216 -0.848422 0.528930
1718924334.816246510 1.018543 -1.286984 0.022388 -0.015464 -0.013181 -0.848449 0.528887
1718924334.821177721 1.018152 -1.287920 0.022353 -0.015461 -0.013155 -0.848473 0.528849
1718924334.826164722 1.017755 -1.288867 0.022319 -0.015451 -0.013146 -0.848497 0.528812
1718924334.831209898 1.017349 -1.289827 0.022284 -0.015439 -0.013138 -0.848514 0.528784
1718924334.836161613 1.016946 -1.290769 0.022248 -0.015435 -0.013118 -0.848527 0.528765
1718924334.841165304 1.016537 -1.291722 0.022209 -0.015434 -0.013098 -0.848536 0.528751
1718924334.846177816 1.016124 -1.292676 0.022167 -0.015437 -0.013079 -0.848541 0.528742
1718924334.851187706 1.015708 -1.293633 0.022121 -0.015450 -0.013063 -0.848545 0.528736
1718924334.856199503 1.015287 -1.294592 0.022072 -0.015458 -0.013051 -0.848549 0.528730
1718924334.861201048 1.014864 -1.295551 0.022020 -0.015457 -0.013045 -0.848549 0.528730
1718924334.866158485 1.014442 -1.296505 0.021966 -0.015453 -0.013044 -0.848549 0.528730
1718924334.871189594 1.014012 -1.297473 0.021910 -0.015444 -0.013044 -0.848552 0.528726
1718924334.876159191 1.013585 -1.298432 0.021854 -0.015436 -0.013044 -0.848553 0.528724
1718924334.881192446 1.013151 -1.299405 0.021798 -0.015424 -0.013031 -0.848548 0.528733
1718924334.886198044 1.012718 -1.300376 0.021741 -0.015417 -0.013017 -0.848541 0.528744
1718924334.891195536 1.012283 -1.301349 0.021685 -0.015415 -0.013008 -0.848536 0.528754
1718924334.896198273 1.011848 -1.302327 0.021627 -0.015408 -0.012999 -0.848533 0.528759
1718924334.899997234 1.011515 -1.303074 0.021581 -0.015398 -0.012995 -0.848529 0.528765
1718924334.899997234 1.011515 -1.303074 0.021581 -0.015398 -0.012995 -0.848529 0.528765
1718924334.900000095 1.001647 -1.306536 0.026139 -0.013829 -0.013111 -0.848875 0.528250
1718924334.900000095 1.001647 -1.306536 0.026139 -0.013829 -0.013111 -0.848875 0.528250
1718924334.901171684 1.001574 -1.306728 0.026143 -0.013826 -0.013109 -0.848874 0.528252
1718924334.906162739 1.001263 -1.307544 0.026164 -0.013811 -0.013114 -0.848864 0.528268
1718924334.911157846 1.000953 -1.308364 0.026185 -0.013799 -0.013124 -0.848851 0.528289
1718924334.961159706 0.997693 -1.316289 0.026426 -0.013700 -0.013197 -0.848734 0.528478
1718924334.966164351 0.997369 -1.317115 0.026397 -0.013686 -0.013208 -0.848717 0.528505
1718924334.971166372 0.997044 -1.317939 0.026367 -0.013666 -0.013214 -0.848704 0.528527
1718924334.976163864 0.996718 -1.318763 0.026339 -0.013649 -0.013219 -0.848693 0.528544
1718924334.981162548 0.996389 -1.319588 0.026316 -0.013629 -0.013221 -0.848684 0.528559
1718924334.986207724 0.996055 -1.320423 0.026299 -0.013605 -0.013221 -0.848678 0.528569
1718924334.991178513 0.995723 -1.321246 0.026286 -0.013586 -0.013232 -0.848671 0.528581
1718924334.996241331 0.995384 -1.322083 0.026276 -0.013566 -0.013247 -0.848672 0.528580
1718924335.001176357 0.995053 -1.322900 0.026267 -0.013544 -0.013260 -0.848678 0.528571
1718924335.006152153 0.994717 -1.323723 0.026257 -0.013528 -0.013280 -0.848675 0.528575
1718924335.011156082 0.994378 -1.324551 0.026247 -0.013517 -0.013293 -0.848669 0.528585
1718924335.016177893 0.994035 -1.325383 0.026235 -0.013509 -0.013303 -0.848667 0.528587
1718924335.021178722 0.993692 -1.326211 0.026220 -0.013503 -0.013308 -0.848666 0.528589
1718924335.026179790 0.993348 -1.327038 0.026203 -0.013499 -0.013312 -0.848669 0.528584
1718924335.031165361 0.993003 -1.327863 0.026183 -0.013499 -0.013311 -0.848672 0.528579
1718924335.036159754 0.992659 -1.328689 0.026162 -0.013494 -0.013300 -0.848672 0.528579
1718924335.041141748 0.992315 -1.329515 0.026141 -0.013478 -0.013295 -0.848670 0.528584
1718924335.046167135 0.991968 -1.330350 0.026120 -0.013464 -0.013292 -0.848671 0.528583
1718924335.051165342 0.991623 -1.331183 0.026099 -0.013459 -0.013294 -0.848671 0.528583
1718924335.056200266 0.991276 -1.332023 0.026076 -0.013456 -0.013298 -0.848670 0.528584
1718924335.061193228 0.990934 -1.332856 0.026052 -0.013446 -0.013301 -0.848669 0.528587
1718924335.066196918 0.990592 -1.333692 0.026027 -0.013441 -0.013306 -0.848668 0.528587
1718924335.071192741 0.990254 -1.334527 0.026003 -0.013451 -0.013313 -0.848667 0.528590
1718924335.076159477 0.989919 -1.335360 0.025981 -0.013466 -0.013324 -0.848662 0.528596
1718924335.081194878 0.989582 -1.336207 0.025961 -0.013475 -0.013338 -0.848651 0.528613
1718924335.086195946 0.989250 -1.337049 0.025944 -0.013479 -0.013352 -0.848634 0.528639
1718924335.091195345 0.988920 -1.337892 0.025930 -0.013473 -0.013360 -0.848614 0.528673
1718924335.096158504 0.988595 -1.338730 0.025918 -0.013458 -0.013359 -0.848592 0.528707
1718924335.100005150 0.988345 -1.339380 0.025910 -0.013443 -0.013350 -0.848577 0.528733
1718924335.100005150 0.988345 -1.339380 0.025910 -0.013443 -0.013350 -0.848577 0.528733
1718924335.101193190 0.988268 -1.339582 0.025907 -0.013439 -0.013348 -0.848572 0.528741
1718924335.106150866 0.987950 -1.340428 0.025895 -0.013423 -0.013334 -0.848548 0.528780
1718924335.111155987 0.987630 -1.341284 0.025882 -0.013412 -0.013326 -0.848523 0.528821
1718924335.116180420 0.987309 -1.342144 0.025867 -0.013409 -0.013323 -0.848497 0.528862
1718924335.196278572 0.981903 -1.355979 0.025362 -0.013333 -0.013392 -0.848290 0.529195
1718924335.201200962 0.981553 -1.356836 0.025314 -0.013317 -0.013401 -0.848275 0.529218
1718924335.206153154 0.981198 -1.357698 0.025264 -0.013302 -0.013414 -0.848256 0.529249
1718924335.211194992 0.980834 -1.358575 0.025212 -0.013281 -0.013424 -0.848235 0.529283
1718924335.216229916 0.980469 -1.359449 0.025160 -0.013264 -0.013428 -0.848208 0.529326
1718924335.221251011 0.980104 -1.360319 0.025109 -0.013243 -0.013436 -0.848178 0.529376
1718924335.226225853 0.979741 -1.361180 0.025059 -0.013224 -0.013452 -0.848149 0.529421
1718924335.231162548 0.979377 -1.362034 0.025010 -0.013207 -0.013466 -0.848120 0.529469
1718924335.236163378 0.979005 -1.362899 0.024961 -0.013201 -0.013487 -0.848090 0.529516
1718924335.241164684 0.978631 -1.363763 0.024911 -0.013194 -0.013509 -0.848059 0.529566
1718924335.246170998 0.978253 -1.364626 0.024860 -0.013185 -0.013535 -0.848028 0.529615
1718924335.251199722 0.977871 -1.365490 0.024807 -0.013165 -0.013564 -0.847995 0.529667
1718924335.256197691 0.977489 -1.366347 0.024754 -0.013145 -0.013596 -0.847962 0.529719
1718924335.261151791 0.977107 -1.367196 0.024704 -0.013131 -0.013621 -0.847922 0.529784
1718924335.266151905 0.976717 -1.368054 0.024656 -0.013124 -0.013648 -0.847883 0.529846
1718924335.271152735 0.976323 -1.368914 0.024609 -0.013115 -0.013669 -0.847849 0.529899
1718924335.276157141 0.975925 -1.369774 0.024561 -0.013097 -0.013683 -0.847811 0.529959
1718924335.281152964 0.975523 -1.370634 0.024511 -0.013080 -0.013686 -0.847779 0.530012
1718924335.286156416 0.975118 -1.371494 0.024459 -0.013059 -0.013681 -0.847756 0.530049
1718924335.291151762 0.974710 -1.372354 0.024404 -0.013039 -0.013674 -0.847739 0.530078
1718924335.296148777 0.974299 -1.373214 0.024347 -0.013025 -0.013670 -0.847724 0.530102
1718924335.299986124 0.973980 -1.373876 0.024301 -0.013017 -0.013668 -0.847715 0.530116
1718924335.299986124 0.973980 -1.373876 0.024301 -0.013017 -0.013668 -0.847715 0.530116
1718924335.301192999 0.973880 -1.374084 0.024286 -0.013014 -0.013667 -0.847712 0.530121
1718924335.306143761 0.973466 -1.374938 0.024224 -0.013010 -0.013662 -0.847711 0.530123
1718924335.311193228 0.973041 -1.375809 0.024157 -0.013006 -0.013650 -0.847718 0.530112
1718924335.316242695 0.972617 -1.376681 0.024086 -0.012998 -0.013633 -0.847729 0.530096
1718924335.399982929 0.965841 -1.391329 0.023266 -0.013437 -0.013374 -0.847755 0.530050
1718924335.399982929 0.965841 -1.391329 0.023266 -0.013437 -0.013374 -0.847755 0.530050
1718924335.406154394 0.965368 -1.392424 0.023242 -0.013471 -0.013356 -0.847758 0.530044
1718924335.411196232 0.964982 -1.393319 0.023226 -0.013491 -0.013350 -0.847752 0.530052
1718924335.416178226 0.964602 -1.394206 0.023214 -0.013516 -0.013346 -0.847742 0.530069
1718924335.421228170 0.964217 -1.395106 0.023206 -0.013548 -0.013352 -0.847722 0.530100
1718924335.426189184 0.963841 -1.395990 0.023199 -0.013585 -0.013367 -0.847701 0.530132
1718924335.431160688 0.963465 -1.396874 0.023192 -0.013617 -0.013379 -0.847677 0.530170
1718924335.436155558 0.963090 -1.397758 0.023183 -0.013633 -0.013390 -0.847646 0.530218
1718924335.441149950 0.962717 -1.398640 0.023172 -0.013642 -0.013399 -0.847610 0.530275
1718924335.446163893 0.962342 -1.399522 0.023161 -0.013650 -0.013407 -0.847571 0.530337
1718924335.451204777 0.961963 -1.400408 0.023151 -0.013658 -0.013419 -0.847535 0.530395
1718924335.456150055 0.961588 -1.401279 0.023144 -0.013673 -0.013424 -0.847498 0.530453
1718924335.461145878 0.961205 -1.402159 0.023137 -0.013689 -0.013425 -0.847459 0.530515
1718924335.466150522 0.960819 -1.403039 0.023129 -0.013704 -0.013430 -0.847420 0.530577
1718924335.471150637 0.960430 -1.403915 0.023117 -0.013709 -0.013435 -0.847384 0.530633
1718924335.476155043 0.960038 -1.404790 0.023101 -0.013705 -0.013437 -0.847356 0.530679
1718924335.481153011 0.959642 -1.405663 0.023080 -0.013699 -0.013445 -0.847328 0.530723
1718924335.486152649 0.959242 -1.406534 0.023055 -0.013692 -0.013453 -0.847306 0.530757
1718924335.491153955 0.958835 -1.407405 0.023026 -0.013684 -0.013469 -0.847294 0.530777
1718924335.496146917 0.958424 -1.408273 0.022994 -0.013687 -0.013490 -0.847288 0.530786
1718924335.500004292 0.958103 -1.408942 0.022969 -0.013694 -0.013496 -0.847287 0.530787
1718924335.500004292 0.958103 -1.408942 0.022969 -0.013694 -0.013496 -0.847287 0.530787
1718924335.501153231 0.958006 -1.409141 0.022961 -0.013695 -0.013498 -0.847286 0.530788
1718924335.506148100 0.957580 -1.410005 0.022927 -0.013694 -0.013492 -0.847285 0.530790
1718924335.511192799 0.957147 -1.410874 0.022895 -0.013695 -0.013480 -0.847289 0.530785
1718924335.516168356 0.956717 -1.411729 0.022868 -0.013699 -0.013473 -0.847300 0.530768
1718924335.586151600 0.950776 -1.423992 0.022766 -0.013949 -0.013246 -0.847635 0.530231
1718924335.591161966 0.950357 -1.424888 0.022781 -0.013956 -0.013237 -0.847658 0.530194
1718924335.596168995 0.949940 -1.425786 0.022797 -0.013960 -0.013237 -0.847674 0.530168
1718924335.601210117 0.949524 -1.426691 0.022817 -0.013966 -0.013235 -0.847684 0.530153
1718924335.606155634 0.949119 -1.427581 0.022838 -0.013977 -0.013247 -0.847686 0.530148
1718924335.611157179 0.948711 -1.428484 0.022861 -0.013989 -0.013269 -0.847689 0.530144
1718924335.616160870 0.948304 -1.429390 0.022884 -0.013994 -0.013287 -0.847687 0.530145
1718924335.621191740 0.947898 -1.430301 0.022907 -0.013994 -0.013297 -0.847678 0.530160
1718924335.626157999 0.947498 -1.431202 0.022929 -0.013989 -0.013304 -0.847661 0.530188
1718924335.631155968 0.947098 -1.432110 0.022951 -0.013974 -0.013318 -0.847638 0.530224
1718924335.636160612 0.946697 -1.433022 0.022975 -0.013964 -0.013331 -0.847612 0.530266
1718924335.641152143 0.946296 -1.433935 0.022999 -0.013966 -0.013342 -0.847585 0.530308
1718924335.646162033 0.945893 -1.434856 0.023022 -0.013967 -0.013353 -0.847557 0.530353
1718924335.651196718 0.945486 -1.435784 0.023043 -0.013969 -0.013362 -0.847525 0.530404
1718924335.656151772 0.945084 -1.436698 0.023059 -0.013967 -0.013372 -0.847494 0.530452
1718924335.661147356 0.944680 -1.437620 0.023070 -0.013953 -0.013383 -0.847468 0.530495
1718924335.666150808 0.944273 -1.438543 0.023075 -0.013935 -0.013392 -0.847439 0.530542
1718924335.671148300 0.943865 -1.439466 0.023078 -0.013918 -0.013406 -0.847414 0.530581
1718924335.676143169 0.943454 -1.440389 0.023079 -0.013901 -0.013423 -0.847398 0.530607
1718924335.681191206 0.943034 -1.441324 0.023080 -0.013897 -0.013430 -0.847383 0.530630
1718924335.686185122 0.942616 -1.442248 0.023081 -0.013897 -0.013436 -0.847375 0.530642
1718924335.691191196 0.942195 -1.443174 0.023084 -0.013896 -0.013443 -0.847373 0.530645
1718924335.696187973 0.941772 -1.444097 0.023091 -0.013890 -0.013449 -0.847371 0.530649
1718924335.699900150 0.941457 -1.444783 0.023099 -0.013885 -0.013450 -0.847373 0.530646
1718924335.699900150 0.941457 -1.444783 0.023099 -0.013885 -0.013450 -0.847373 0.530646
1718924335.701195002 0.941347 -1.445022 0.023102 -0.013882 -0.013451 -0.847373 0.530645
1718924335.706189156 0.940922 -1.445944 0.023117 -0.013883 -0.013450 -0.847382 0.530632
1718924335.711172581 0.940495 -1.446865 0.023136 -0.013882 -0.013438 -0.847388 0.530622
1718924335.716191530 0.940062 -1.447794 0.023157 -0.013874 -0.013423 -0.847402 0.530600
1718924335.721221924 0.939626 -1.448727 0.023175 -0.013867 -0.013413 -0.847421 0.530572
1718924335.799987078 0.932989 -1.463377 0.023637 -0.013672 -0.013399 -0.847422 0.530574
1718924335.799987078 0.932989 -1.463377 0.023637 -0.013672 -0.013399 -0.847422 0.530574
1718924335.806195021 0.932482 -1.464533 0.023702 -0.013655 -0.013399 -0.847423 0.530574
1718924335.811190844 0.932076 -1.465465 0.023757 -0.013638 -0.013394 -0.847419 0.530581
1718924335.816212177 0.931669 -1.466400 0.023811 -0.013618 -0.013387 -0.847406 0.530602
1718924335.821159601 0.931270 -1.467322 0.023862 -0.013604 -0.013375 -0.847391 0.530627
1718924335.826158285 0.930868 -1.468254 0.023910 -0.013600 -0.013362 -0.847375 0.530653
1718924335.831150055 0.930466 -1.469184 0.023954 -0.013601 -0.013344 -0.847357 0.530682
1718924335.836148262 0.930064 -1.470116 0.023996 -0.013606 -0.013325 -0.847338 0.530712
1718924335.841151476 0.929662 -1.471047 0.024036 -0.013606 -0.013310 -0.847324 0.530735
1718924335.846158981 0.929260 -1.471979 0.024077 -0.013604 -0.013299 -0.847309 0.530760
1718924335.851151228 0.928859 -1.472909 0.024120 -0.013605 -0.013284 -0.847290 0.530790
1718924335.856156349 0.928457 -1.473841 0.024168 -0.013626 -0.013263 -0.847273 0.530818
1718924335.861153364 0.928056 -1.474773 0.024220 -0.013650 -0.013247 -0.847262 0.530834
1718924335.866147995 0.927657 -1.475703 0.024276 -0.013667 -0.013234 -0.847258 0.530840
1718924335.871149302 0.927258 -1.476632 0.024333 -0.013678 -0.013220 -0.847255 0.530846
1718924335.876164913 0.926862 -1.477561 0.024391 -0.013685 -0.013213 -0.847252 0.530850
1718924335.881155014 0.926470 -1.478483 0.024448 -0.013687 -0.013205 -0.847249 0.530855
1718924335.886140823 0.926080 -1.479402 0.024503 -0.013686 -0.013196 -0.847253 0.530850
1718924335.891146898 0.925689 -1.480326 0.024557 -0.013694 -0.013184 -0.847267 0.530828
1718924335.896143675 0.925298 -1.481248 0.024609 -0.013707 -0.013164 -0.847282 0.530803
1718924335.900005102 0.924997 -1.481961 0.024647 -0.013724 -0.013147 -0.847293 0.530786
1718924335.900005102 0.924997 -1.481961 0.024647 -0.013724 -0.013147 -0.847293 0.530786
1718924335.901132584 0.924908 -1.482169 0.024658 -0.013728 -0.013142 -0.847296 0.530781
1718924335.906144857 0.924518 -1.483094 0.024706 -0.013746 -0.013118 -0.847311 0.530757
1718924335.911164284 0.924127 -1.484020 0.024751 -0.013758 -0.013095 -0.847329 0.530729
1718924335.916202307 0.923736 -1.484949 0.024795 -0.013771 -0.013077 -0.847349 0.530696
1718924335.961197615 0.920185 -1.493276 0.025160 -0.013816 -0.013101 -0.847254 0.530846
1718924335.966147661 0.919781 -1.494194 0.025210 -0.013810 -0.013101 -0.847237 0.530873
1718924335.971197128 0.919367 -1.495129 0.025260 -0.013801 -0.013094 -0.847218 0.530904
1718924335.976166487 0.918957 -1.496048 0.025310 -0.013787 -0.013088 -0.847197 0.530938
1718924335.981163502 0.918541 -1.496970 0.025360 -0.013773 -0.013084 -0.847170 0.530982
1718924335.986170292 0.918120 -1.497894 0.025410 -0.013769 -0.013087 -0.847145 0.531021
1718924335.991189003 0.917693 -1.498818 0.025461 -0.013770 -0.013090 -0.847123 0.531057
1718924335.996183395 0.917265 -1.499736 0.025511 -0.013763 -0.013091 -0.847104 0.531088
1718924336.001190901 0.916834 -1.500652 0.025560 -0.013751 -0.013092 -0.847088 0.531113
1718924336.006183147 0.916402 -1.501561 0.025606 -0.013738 -0.013086 -0.847079 0.531129
1718924336.011178970 0.915968 -1.502469 0.025651 -0.013728 -0.013079 -0.847073 0.531139
1718924336.016160250 0.915532 -1.503372 0.025693 -0.013718 -0.013069 -0.847069 0.531146
1718924336.021212578 0.915087 -1.504288 0.025733 -0.013705 -0.013062 -0.847070 0.531144
1718924336.026147127 0.914650 -1.505183 0.025769 -0.013696 -0.013058 -0.847076 0.531134
1718924336.031151295 0.914205 -1.506091 0.025802 -0.013687 -0.013055 -0.847088 0.531116
1718924336.036153316 0.913759 -1.507000 0.025833 -0.013675 -0.013050 -0.847104 0.531092
1718924336.041192293 0.913309 -1.507918 0.025865 -0.013667 -0.013045 -0.847124 0.531059
1718924336.046158314 0.912864 -1.508825 0.025899 -0.013660 -0.013043 -0.847144 0.531028
1718924336.051202297 0.912411 -1.509750 0.025938 -0.013656 -0.013049 -0.847163 0.530998
1718924336.056142330 0.911967 -1.510658 0.025981 -0.013653 -0.013057 -0.847184 0.530963
1718924336.061182976 0.911515 -1.511585 0.026028 -0.013648 -0.013054 -0.847204 0.530932
1718924336.066180229 0.911067 -1.512506 0.026077 -0.013646 -0.013041 -0.847221 0.530905
1718924336.071143866 0.910623 -1.513421 0.026125 -0.013646 -0.013032 -0.847237 0.530880
1718924336.076184988 0.910173 -1.514353 0.026173 -0.013647 -0.013029 -0.847249 0.530861
1718924336.081193686 0.909725 -1.515283 0.026216 -0.013653 -0.013025 -0.847260 0.530843
1718924336.086180925 0.909280 -1.516212 0.026255 -0.013666 -0.013024 -0.847272 0.530824
1718924336.091130018 0.908839 -1.517137 0.026287 -0.013680 -0.013017 -0.847287 0.530799
1718924336.096141815 0.908393 -1.518075 0.026316 -0.013688 -0.013010 -0.847300 0.530779
1718924336.099982977 0.908052 -1.518796 0.026337 -0.013686 -0.013004 -0.847301 0.530777
1718924336.099982977 0.908052 -1.518796 0.026337 -0.013686 -0.013004 -0.847301 0.530777
1718924336.101147175 0.907950 -1.519014 0.026343 -0.013685 -0.013003 -0.847302 0.530776
1718924336.106183529 0.907507 -1.519962 0.026369 -0.013686 -0.012996 -0.847305 0.530772
1718924336.111180305 0.907069 -1.520906 0.026398 -0.013695 -0.012990 -0.847309 0.530765
1718924336.116213083 0.906628 -1.521861 0.026430 -0.013702 -0.012992 -0.847308 0.530766
1718924336.199990988 0.898825 -1.537894 0.026904 -0.013701 -0.012617 -0.847173 0.530990
1718924336.199990988 0.898825 -1.537894 0.026904 -0.013701 -0.012617 -0.847173 0.530990
1718924336.201188803 0.898706 -1.538125 0.026909 -0.013701 -0.012612 -0.847171 0.530993
1718924336.206145048 0.898212 -1.539080 0.026931 -0.013700 -0.012603 -0.847168 0.531000
1718924336.211179018 0.897706 -1.540051 0.026952 -0.013704 -0.012607 -0.847168 0.530999
1718924336.216202021 0.897199 -1.541022 0.026972 -0.013712 -0.012615 -0.847171 0.530994
1718924336.221225739 0.896689 -1.541992 0.026991 -0.013712 -0.012618 -0.847175 0.530987
1718924336.226208687 0.896180 -1.542954 0.027012 -0.013710 -0.012621 -0.847185 0.530971
1718924336.231149912 0.895672 -1.543907 0.027034 -0.013703 -0.012619 -0.847196 0.530954
1718924336.236192703 0.895151 -1.544880 0.027061 -0.013697 -0.012614 -0.847210 0.530931
1718924336.241186857 0.894631 -1.545845 0.027092 -0.013693 -0.012617 -0.847228 0.530903
1718924336.246156931 0.894110 -1.546805 0.027128 -0.013692 -0.012622 -0.847247 0.530872
1718924336.251149893 0.893585 -1.547770 0.027166 -0.013693 -0.012617 -0.847268 0.530840
1718924336.256137371 0.893058 -1.548732 0.027203 -0.013689 -0.012608 -0.847285 0.530812
1718924336.261141777 0.892527 -1.549696 0.027239 -0.013687 -0.012606 -0.847303 0.530784
1718924336.266137600 0.891995 -1.550658 0.027273 -0.013684 -0.012617 -0.847321 0.530755
1718924336.271183729 0.891455 -1.551628 0.027305 -0.013679 -0.012632 -0.847346 0.530715
1718924336.276138783 0.890922 -1.552580 0.027334 -0.013676 -0.012648 -0.847369 0.530678
1718924336.281126499 0.890386 -1.553535 0.027364 -0.013678 -0.012658 -0.847390 0.530644
1718924336.286178589 0.889842 -1.554502 0.027394 -0.013684 -0.012663 -0.847409 0.530613
1718924336.291183710 0.889302 -1.555458 0.027426 -0.013686 -0.012676 -0.847429 0.530581
1718924336.296180248 0.888762 -1.556414 0.027461 -0.013681 -0.012696 -0.847448 0.530550
1718924336.299989939 0.888350 -1.557142 0.027491 -0.013683 -0.012710 -0.847460 0.530531
1718924336.299989939 0.888350 -1.557142 0.027491 -0.013683 -0.012710 -0.847460 0.530531
1718924336.301176786 0.888222 -1.557369 0.027501 -0.013683 -0.012715 -0.847463 0.530525
1718924336.306180954 0.887681 -1.558325 0.027546 -0.013682 -0.012729 -0.847481 0.530497
1718924336.311135292 0.887148 -1.559269 0.027594 -0.013675 -0.012738 -0.847493 0.530478
1718924336.341143131 0.884002 -1.564919 0.027800 -0.013692 -0.012824 -0.847449 0.530546
1718924336.346140623 0.883485 -1.565853 0.027821 -0.013687 -0.012833 -0.847438 0.530564
1718924336.351146460 0.882969 -1.566787 0.027839 -0.013676 -0.012838 -0.847421 0.530590
1718924336.356139183 0.882458 -1.567719 0.027857 -0.013671 -0.012850 -0.847404 0.530618
1718924336.361170530 0.881944 -1.568657 0.027873 -0.013668 -0.012865 -0.847384 0.530649
1718924336.366150379 0.881438 -1.569586 0.027890 -0.013661 -0.012876 -0.847371 0.530670
1718924336.371165991 0.880931 -1.570521 0.027905 -0.013659 -0.012889 -0.847361 0.530686
1718924336.376147747 0.880429 -1.571449 0.027918 -0.013661 -0.012898 -0.847351 0.530701
1718924336.381156206 0.879927 -1.572381 0.027930 -0.013663 -0.012903 -0.847350 0.530703
1718924336.386144161 0.879429 -1.573310 0.027940 -0.013668 -0.012898 -0.847348 0.530705
1718924336.391175032 0.878929 -1.574247 0.027952 -0.013673 -0.012891 -0.847345 0.530711
1718924336.396152020 0.878437 -1.575175 0.027965 -0.013686 -0.012887 -0.847347 0.530707
1718924336.399989843 0.878059 -1.575892 0.027977 -0.013700 -0.012884 -0.847349 0.530704
1718924336.399989843 0.878059 -1.575892 0.027977 -0.013700 -0.012884 -0.847349 0.530704
1718924336.401138783 0.877947 -1.576107 0.027981 -0.013705 -0.012883 -0.847349 0.530703
1718924336.406140089 0.877459 -1.577042 0.028000 -0.013725 -0.012884 -0.847349 0.530703
1718924336.411136866 0.876974 -1.577978 0.028021 -0.013750 -0.012889 -0.847352 0.530696
1718924336.416151285 0.876490 -1.578918 0.028043 -0.013773 -0.012892 -0.847353 0.530694
1718924336.456133604 0.872737 -1.586514 0.028233 -0.014011 -0.012766 -0.847436 0.530559
1718924336.461140394 0.872256 -1.587481 0.028268 -0.014030 -0.012755 -0.847450 0.530537
1718924336.466135979 0.871776 -1.588448 0.028305 -0.014043 -0.012745 -0.847465 0.530513
1718924336.471141577 0.871296 -1.589419 0.028343 -0.014054 -0.012723 -0.847478 0.530492
1718924336.476136208 0.870816 -1.590389 0.028380 -0.014061 -0.012703 -0.847486 0.530480
1718924336.481144667 0.870335 -1.591364 0.028417 -0.014066 -0.012691 -0.847487 0.530477
1718924336.486135244 0.869854 -1.592339 0.028455 -0.014078 -0.012690 -0.847482 0.530485
1718924336.491175413 0.869367 -1.593326 0.028495 -0.014088 -0.012695 -0.847479 0.530490
1718924336.496178150 0.868882 -1.594308 0.028537 -0.014093 -0.012710 -0.847472 0.530500
1718924336.499991894 0.868510 -1.595057 0.028571 -0.014092 -0.012720 -0.847463 0.530514
1718924336.499991894 0.868510 -1.595057 0.028571 -0.014092 -0.012720 -0.847463 0.530514
1718924336.501174927 0.868394 -1.595289 0.028582 -0.014092 -0.012723 -0.847461 0.530519
1718924336.506139040 0.867909 -1.596262 0.028629 -0.014090 -0.012726 -0.847445 0.530543
1718924336.511137009 0.867417 -1.597241 0.028678 -0.014085 -0.012729 -0.847426 0.530575
1718924336.516161680 0.866917 -1.598225 0.028729 -0.014078 -0.012732 -0.847400 0.530615
1718924336.521179199 0.866413 -1.599210 0.028778 -0.014085 -0.012737 -0.847369 0.530665
1718924336.526151896 0.865907 -1.600187 0.028823 -0.014094 -0.012730 -0.847336 0.530717
1718924336.531206131 0.865388 -1.601179 0.028863 -0.014098 -0.012732 -0.847303 0.530770
1718924336.536141634 0.864877 -1.602148 0.028896 -0.014101 -0.012747 -0.847268 0.530825
1718924336.541158438 0.864354 -1.603133 0.028925 -0.014098 -0.012769 -0.847231 0.530884
1718924336.546143293 0.863829 -1.604110 0.028952 -0.014094 -0.012794 -0.847198 0.530937
1718924336.551201820 0.863291 -1.605102 0.028980 -0.014090 -0.012818 -0.847168 0.530983
1718924336.556136847 0.862761 -1.606071 0.029008 -0.014083 -0.012840 -0.847138 0.531031
1718924336.561185122 0.862213 -1.607060 0.029039 -0.014081 -0.012859 -0.847111 0.531074
1718924336.566218615 0.861661 -1.608046 0.029071 -0.014071 -0.012882 -0.847090 0.531107
1718924336.571146965 0.861117 -1.609010 0.029105 -0.014062 -0.012910 -0.847074 0.531132
1718924336.576154232 0.860560 -1.609989 0.029141 -0.014057 -0.012937 -0.847062 0.531151
1718924336.581202507 0.859994 -1.610975 0.029180 -0.014055 -0.012964 -0.847052 0.531165
1718924336.586158276 0.859435 -1.611944 0.029221 -0.014059 -0.012988 -0.847047 0.531173
1718924336.591152191 0.858868 -1.612920 0.029263 -0.014067 -0.013005 -0.847041 0.531181
1718924336.596164942 0.858298 -1.613899 0.029304 -0.014074 -0.013018 -0.847038 0.531187
1718924336.599992990 0.857863 -1.614646 0.029334 -0.014078 -0.013024 -0.847041 0.531181
1718924336.599992990 0.857863 -1.614646 0.029334 -0.014078 -0.013024 -0.847041 0.531181
1718924336.601158142 0.857730 -1.614873 0.029343 -0.014078 -0.013026 -0.847043 0.531179
1718924336.606151819 0.857160 -1.615848 0.029381 -0.014082 -0.013029 -0.847049 0.531168
1718924336.611147642 0.856590 -1.616824 0.029415 -0.014084 -0.013029 -0.847058 0.531155
1718924336.641152143 0.853232 -1.622709 0.029643 -0.014180 -0.013101 -0.847241 0.530857
1718924336.646157503 0.852685 -1.623695 0.029681 -0.014186 -0.013098 -0.847277 0.530800
1718924336.651148081 0.852142 -1.624679 0.029719 -0.014193 -0.013098 -0.847312 0.530743
1718924336.656141996 0.851603 -1.625668 0.029757 -0.014202 -0.013113 -0.847342 0.530696
1718924336.661139488 0.851066 -1.626659 0.029797 -0.014204 -0.013132 -0.847364 0.530660
1718924336.666146755 0.850533 -1.627655 0.029840 -0.014204 -0.013156 -0.847381 0.530633
1718924336.671141386 0.850004 -1.628650 0.029885 -0.014207 -0.013173 -0.847394 0.530611
1718924336.676147223 0.849477 -1.629651 0.029934 -0.014205 -0.013177 -0.847400 0.530601
1718924336.681139231 0.848954 -1.630650 0.029985 -0.014205 -0.013172 -0.847401 0.530599
1718924336.686143637 0.848432 -1.631653 0.030037 -0.014200 -0.013167 -0.847396 0.530609
1718924336.691140413 0.847912 -1.632654 0.030089 -0.014195 -0.013165 -0.847384 0.530627
1718924336.696146011 0.847392 -1.633658 0.030139 -0.014190 -0.013160 -0.847367 0.530655
1718924336.699913979 0.847001 -1.634414 0.030175 -0.014187 -0.013158 -0.847350 0.530683
1718924336.699913979 0.847001 -1.634414 0.030175 -0.014187 -0.013158 -0.847350 0.530683
1718924336.701143503 0.846874 -1.634660 0.030186 -0.014185 -0.013157 -0.847344 0.530692
1718924336.706137896 0.846357 -1.635662 0.030229 -0.014180 -0.013165 -0.847325 0.530723
1718924336.711146355 0.845839 -1.636666 0.030271 -0.014174 -0.013174 -0.847307 0.530750
1718924336.716185331 0.845318 -1.637674 0.030311 -0.014172 -0.013179 -0.847289 0.530780
1718924336.721157074 0.844805 -1.638666 0.030350 -0.014162 -0.013174 -0.847272 0.530807
1718924336.761143446 0.840636 -1.646581 0.030682 -0.014192 -0.013290 -0.847161 0.530981
1718924336.766157389 0.840106 -1.647561 0.030743 -0.014193 -0.013297 -0.847148 0.531001
1718924336.771139383 0.839576 -1.648533 0.030804 -0.014203 -0.013297 -0.847136 0.531020
1718924336.776145935 0.839042 -1.649508 0.030863 -0.014210 -0.013299 -0.847125 0.531037
1718924336.781151533 0.838507 -1.650480 0.030918 -0.014213 -0.013304 -0.847115 0.531053
1718924336.786154747 0.837971 -1.651449 0.030969 -0.014214 -0.013304 -0.847110 0.531060
1718924336.791148186 0.837435 -1.652414 0.031015 -0.014220 -0.013316 -0.847113 0.531056
1718924336.796149969 0.836897 -1.653380 0.031059 -0.014227 -0.013334 -0.847116 0.531050
1718924336.799993992 0.836484 -1.654122 0.031091 -0.014231 -0.013348 -0.847120 0.531043
1718924336.799993992 0.836484 -1.654122 0.031091 -0.014231 -0.013348 -0.847120 0.531043
1718924336.801217079 0.836353 -1.654357 0.031101 -0.014233 -0.013353 -0.847122 0.531040
1718924336.806150436 0.835826 -1.655304 0.031140 -0.014243 -0.013374 -0.847136 0.531017
1718924336.811218977 0.835283 -1.656276 0.031180 -0.014247 -0.013403 -0.847144 0.531003
1718924336.816195726 0.834751 -1.657230 0.031216 -0.014244 -0.013423 -0.847150 0.530994
1718924336.821177006 0.834218 -1.658183 0.031251 -0.014241 -0.013447 -0.847158 0.530981
1718924336.826208115 0.833680 -1.659145 0.031286 -0.014240 -0.013483 -0.847162 0.530972
1718924336.831162691 0.833149 -1.660094 0.031321 -0.014234 -0.013524 -0.847164 0.530969
1718924336.836150408 0.832614 -1.661051 0.031358 -0.014229 -0.013566 -0.847162 0.530970
1718924336.841146469 0.832077 -1.662012 0.031399 -0.014227 -0.013603 -0.847154 0.530983
1718924336.846139908 0.831538 -1.662973 0.031443 -0.014233 -0.013638 -0.847141 0.531003
1718924336.851147175 0.830998 -1.663937 0.031489 -0.014241 -0.013663 -0.847123 0.531030
1718924336.856145620 0.830459 -1.664899 0.031536 -0.014239 -0.013680 -0.847106 0.531057
1718924336.861150980 0.829917 -1.665863 0.031583 -0.014234 -0.013698 -0.847088 0.531086
1718924336.866194487 0.829372 -1.666837 0.031629 -0.014228 -0.013723 -0.847069 0.531115
1718924336.871186733 0.828830 -1.667802 0.031672 -0.014211 -0.013756 -0.847048 0.531149
1718924336.876167297 0.828289 -1.668767 0.031713 -0.014196 -0.013789 -0.847028 0.531179
1718924336.881192446 0.827743 -1.669741 0.031750 -0.014187 -0.013816 -0.847003 0.531219
1718924336.886185408 0.827200 -1.670710 0.031784 -0.014180 -0.013838 -0.846974 0.531265
1718924336.891180754 0.826657 -1.671680 0.031816 -0.014179 -0.013856 -0.846954 0.531296
1718924336.896174908 0.826112 -1.672651 0.031846 -0.014180 -0.013866 -0.846941 0.531316
1718924336.900026083 0.825692 -1.673401 0.031868 -0.014174 -0.013866 -0.846933 0.531330
1718924336.900026083 0.825692 -1.673401 0.031868 -0.014174 -0.013866 -0.846933 0.531330
1718924336.901184797 0.825565 -1.673627 0.031875 -0.014171 -0.013865 -0.846930 0.531335
1718924336.906174898 0.825019 -1.674602 0.031904 -0.014163 -0.013867 -0.846922 0.531348
1718924336.911182642 0.824471 -1.675581 0.031933 -0.014157 -0.013870 -0.846925 0.531343
1718924336.966163874 0.818656 -1.686387 0.032052 -0.014348 -0.013896 -0.847123 0.531022
1718924336.971153021 0.818138 -1.687380 0.032051 -0.014356 -0.013882 -0.847143 0.530990
1718924336.976161718 0.817620 -1.688377 0.032049 -0.014363 -0.013874 -0.847163 0.530957
1718924336.981141090 0.817108 -1.689371 0.032048 -0.014375 -0.013876 -0.847182 0.530927
1718924336.986188412 0.816589 -1.690381 0.032048 -0.014389 -0.013879 -0.847193 0.530909
1718924336.991179466 0.816078 -1.691382 0.032049 -0.014401 -0.013881 -0.847196 0.530904
1718924336.996137381 0.815570 -1.692378 0.032050 -0.014413 -0.013879 -0.847201 0.530896
1718924337.001180172 0.815056 -1.693391 0.032052 -0.014427 -0.013878 -0.847207 0.530885
1718924337.006134748 0.814553 -1.694387 0.032052 -0.014442 -0.013880 -0.847216 0.530872
1718924337.011193514 0.814041 -1.695404 0.032053 -0.014450 -0.013887 -0.847213 0.530875
1718924337.016200542 0.813535 -1.696412 0.032055 -0.014457 -0.013906 -0.847204 0.530889
1718924337.021172285 0.813033 -1.697415 0.032060 -0.014460 -0.013931 -0.847186 0.530917
1718924337.026148319 0.812530 -1.698420 0.032067 -0.014456 -0.013955 -0.847163 0.530953
1718924337.031145811 0.812024 -1.699431 0.032076 -0.014446 -0.013967 -0.847144 0.530983
1718924337.036206245 0.811511 -1.700455 0.032085 -0.014446 -0.013976 -0.847117 0.531025
1718924337.041196108 0.811003 -1.701464 0.032092 -0.014442 -0.013981 -0.847086 0.531076
1718924337.046150208 0.810497 -1.702468 0.032097 -0.014436 -0.013977 -0.847055 0.531125
1718924337.051149845 0.809983 -1.703481 0.032097 -0.014437 -0.013978 -0.847019 0.531183
1718924337.056181908 0.809464 -1.704502 0.032093 -0.014443 -0.013988 -0.846980 0.531244
1718924337.061175346 0.808945 -1.705515 0.032085 -0.014440 -0.013996 -0.846943 0.531303
1718924337.066146612 0.808426 -1.706521 0.032074 -0.014424 -0.014001 -0.846908 0.531360
1718924337.071179628 0.807898 -1.707538 0.032061 -0.014408 -0.014008 -0.846876 0.531411
1718924337.076143742 0.807374 -1.708541 0.032048 -0.014394 -0.014016 -0.846853 0.531447
1718924337.081137896 0.806843 -1.709549 0.032038 -0.014385 -0.014022 -0.846833 0.531480
1718924337.086141586 0.806308 -1.710559 0.032029 -0.014377 -0.014034 -0.846811 0.531515
1718924337.091179609 0.805767 -1.711576 0.032023 -0.014361 -0.014045 -0.846794 0.531541
1718924337.096174717 0.805227 -1.712584 0.032020 -0.014345 -0.014048 -0.846780 0.531564
1718924337.100000143 0.804813 -1.713354 0.032018 -0.014330 -0.014047 -0.846770 0.531580
1718924337.100000143 0.804813 -1.713354 0.032018 -0.014330 -0.014047 -0.846770 0.531580
1718924337.101181030 0.804685 -1.713591 0.032018 -0.014325 -0.014046 -0.846767 0.531585
1718924337.106135845 0.804146 -1.714583 0.032017 -0.014304 -0.014049 -0.846765 0.531589
1718924337.111139536 0.803601 -1.715584 0.032017 -0.014284 -0.014051 -0.846770 0.531581
1718924337.116138220 0.803053 -1.716584 0.032018 -0.014268 -0.014045 -0.846779 0.531567
1718924337.166149139 0.797693 -1.726483 0.032030 -0.014194 -0.014129 -0.847110 0.531040
1718924337.171193123 0.797161 -1.727482 0.032040 -0.014185 -0.014132 -0.847140 0.530992
1718924337.176150560 0.796640 -1.728464 0.032053 -0.014180 -0.014140 -0.847163 0.530955
1718924337.181147337 0.796116 -1.729454 0.032068 -0.014178 -0.014158 -0.847182 0.530924
1718924337.186204672 0.795588 -1.730454 0.032087 -0.014170 -0.014167 -0.847195 0.530904
1718924337.191165686 0.795072 -1.731433 0.032109 -0.014160 -0.014165 -0.847197 0.530901
1718924337.196194887 0.794553 -1.732426 0.032133 -0.014149 -0.014167 -0.847195 0.530904
1718924337.200001240 0.794161 -1.733178 0.032152 -0.014151 -0.014169 -0.847187 0.530917
1718924337.200001240 0.794161 -1.733178 0.032152 -0.014151 -0.014169 -0.847187 0.530917
1718924337.201191187 0.794039 -1.733412 0.032157 -0.014151 -0.014170 -0.847185 0.530921
1718924337.206177711 0.793528 -1.734397 0.032180 -0.014156 -0.014180 -0.847168 0.530946
1718924337.211140633 0.793021 -1.735377 0.032199 -0.014155 -0.014198 -0.847151 0.530974
1718924337.216143370 0.792512 -1.736364 0.032213 -0.014152 -0.014217 -0.847126 0.531014
1718924337.221152067 0.792005 -1.737352 0.032221 -0.014150 -0.014239 -0.847095 0.531062
1718924337.226159811 0.791500 -1.738340 0.032224 -0.014146 -0.014254 -0.847070 0.531102
1718924337.231147766 0.790999 -1.739324 0.032224 -0.014144 -0.014270 -0.847042 0.531146
1718924337.236139297 0.790498 -1.740310 0.032224 -0.014146 -0.014284 -0.847017 0.531186
1718924337.241136551 0.789996 -1.741298 0.032224 -0.014149 -0.014287 -0.846993 0.531223
1718924337.246140003 0.789493 -1.742289 0.032223 -0.014150 -0.014280 -0.846974 0.531254
1718924337.251186371 0.788988 -1.743289 0.032222 -0.014154 -0.014286 -0.846952 0.531289
1718924337.256155252 0.788491 -1.744275 0.032220 -0.014151 -0.014300 -0.846930 0.531323
1718924337.261128664 0.787994 -1.745262 0.032216 -0.014144 -0.014321 -0.846909 0.531356
1718924337.266142607 0.787493 -1.746260 0.032212 -0.014133 -0.014350 -0.846893 0.531381
1718924337.271136761 0.786994 -1.747256 0.032208 -0.014121 -0.014381 -0.846879 0.531404
1718924337.276134968 0.786492 -1.748255 0.032205 -0.014110 -0.014406 -0.846863 0.531428
1718924337.281143188 0.785988 -1.749257 0.032205 -0.014110 -0.014416 -0.846851 0.531447
1718924337.286134958 0.785485 -1.750256 0.032206 -0.014106 -0.014419 -0.846842 0.531461
1718924337.291136265 0.784980 -1.751257 0.032208 -0.014104 -0.014420 -0.846839 0.531467
1718924337.296168327 0.784470 -1.752264 0.032208 -0.014107 -0.014423 -0.846841 0.531463
1718924337.299992323 0.784081 -1.753030 0.032207 -0.014110 -0.014425 -0.846843 0.531459
1718924337.299992323 0.784081 -1.753030 0.032207 -0.014110 -0.014425 -0.846843 0.531459
1718924337.301180840 0.783960 -1.753268 0.032207 -0.014111 -0.014425 -0.846844 0.531458
1718924337.306174755 0.783452 -1.754268 0.032203 -0.014115 -0.014422 -0.846850 0.531448
1718924337.311180592 0.782943 -1.755270 0.032196 -0.014119 -0.014408 -0.846861 0.531432
1718924337.361188889 0.777853 -1.765366 0.032239 -0.014208 -0.014309 -0.847063 0.531109
1718924337.366149664 0.777348 -1.766377 0.032258 -0.014217 -0.014299 -0.847071 0.531097
1718924337.371143341 0.776840 -1.767396 0.032281 -0.014224 -0.014295 -0.847075 0.531091
1718924337.376147270 0.776332 -1.768417 0.032305 -0.014229 -0.014292 -0.847081 0.531081
1718924337.381206512 0.775821 -1.769449 0.032329 -0.014226 -0.014286 -0.847083 0.531078
1718924337.386137009 0.775322 -1.770455 0.032353 -0.014222 -0.014281 -0.847080 0.531084
1718924337.391144753 0.774817 -1.771478 0.032375 -0.014222 -0.014285 -0.847076 0.531090
1718924337.396131992 0.774313 -1.772497 0.032394 -0.014224 -0.014281 -0.847068 0.531102
1718924337.399997234 0.773923 -1.773286 0.032407 -0.014226 -0.014280 -0.847057 0.531120
1718924337.399997234 0.773923 -1.773286 0.032407 -0.014226 -0.014280 -0.847057 0.531120
1718924337.401136398 0.773808 -1.773519 0.032410 -0.014226 -0.014279 -0.847053 0.531126
1718924337.406132698 0.773305 -1.774537 0.032421 -0.014223 -0.014278 -0.847039 0.531149
1718924337.411176920 0.772797 -1.775565 0.032428 -0.014223 -0.014279 -0.847024 0.531172
1718924337.416191816 0.772292 -1.776588 0.032435 -0.014218 -0.014279 -0.847013 0.531191
1718924337.421204805 0.771787 -1.777612 0.032440 -0.014218 -0.014282 -0.847005 0.531204
1718924337.426196814 0.771283 -1.778632 0.032446 -0.014215 -0.014294 -0.846993 0.531221
1718924337.431161880 0.770782 -1.779647 0.032450 -0.014210 -0.014310 -0.846975 0.531250
1718924337.436139107 0.770280 -1.780664 0.032454 -0.014207 -0.014322 -0.846959 0.531275
1718924337.441135645 0.769775 -1.781683 0.032458 -0.014204 -0.014326 -0.846945 0.531298
1718924337.446140289 0.769269 -1.782705 0.032465 -0.014202 -0.014334 -0.846926 0.531327
1718924337.451143980 0.768762 -1.783727 0.032474 -0.014202 -0.014346 -0.846899 0.531370
1718924337.456184149 0.768251 -1.784759 0.032487 -0.014202 -0.014363 -0.846872 0.531413
1718924337.461180925 0.767743 -1.785784 0.032502 -0.014196 -0.014373 -0.846853 0.531443
1718924337.466192484 0.767234 -1.786812 0.032516 -0.014187 -0.014378 -0.846832 0.531476
1718924337.471138477 0.766730 -1.787827 0.032528 -0.014174 -0.014381 -0.846813 0.531507
1718924337.476228237 0.766211 -1.788871 0.032536 -0.014165 -0.014387 -0.846787 0.531549
1718924337.481146097 0.765707 -1.789880 0.032540 -0.014163 -0.014389 -0.846763 0.531587
1718924337.486165524 0.765192 -1.790913 0.032540 -0.014170 -0.014388 -0.846748 0.531611
1718924337.491199017 0.764673 -1.791951 0.032536 -0.014180 -0.014393 -0.846735 0.531631
1718924337.496170759 0.764160 -1.792976 0.032531 -0.014185 -0.014398 -0.846725 0.531647
1718924337.499991179 0.763765 -1.793764 0.032526 -0.014184 -0.014400 -0.846717 0.531660
1718924337.499991179 0.763765 -1.793764 0.032526 -0.014184 -0.014400 -0.846717 0.531660
1718924337.501177311 0.763642 -1.794009 0.032524 -0.014183 -0.014400 -0.846714 0.531665
1718924337.506170988 0.763126 -1.795038 0.032518 -0.014175 -0.014398 -0.846705 0.531679
1718924337.511179209 0.762605 -1.796072 0.032513 -0.014168 -0.014400 -0.846702 0.531684
1718924337.561188221 0.757420 -1.806165 0.032352 -0.014000 -0.014336 -0.846820 0.531503
1718924337.566141844 0.756906 -1.807139 0.032328 -0.013987 -0.014324 -0.846830 0.531487
1718924337.571220636 0.756378 -1.808135 0.032301 -0.013975 -0.014316 -0.846844 0.531465
1718924337.576138496 0.755866 -1.809097 0.032273 -0.013970 -0.014313 -0.846858 0.531444
1718924337.581139565 0.755344 -1.810074 0.032243 -0.013971 -0.014306 -0.846871 0.531423
1718924337.586132050 0.754822 -1.811046 0.032212 -0.013969 -0.014300 -0.846888 0.531396
1718924337.591136456 0.754300 -1.812018 0.032181 -0.013967 -0.014295 -0.846907 0.531365
1718924337.596133709 0.753780 -1.812987 0.032150 -0.013963 -0.014292 -0.846927 0.531334
1718924337.599990129 0.753378 -1.813733 0.032126 -0.013964 -0.014292 -0.846940 0.531313
1718924337.599990129 0.753378 -1.813733 0.032126 -0.013964 -0.014292 -0.846940 0.531313
1718924337.601140738 0.753258 -1.813956 0.032119 -0.013963 -0.014291 -0.846944 0.531307
1718924337.606134176 0.752741 -1.814925 0.032090 -0.013958 -0.014291 -0.846957 0.531286
1718924337.611130238 0.752224 -1.815895 0.032064 -0.013948 -0.014292 -0.846968 0.531269
1718924337.616156340 0.751705 -1.816869 0.032041 -0.013936 -0.014281 -0.846979 0.531251
1718924337.621153831 0.751190 -1.817834 0.032023 -0.013922 -0.014266 -0.846989 0.531236
1718924337.626184940 0.750674 -1.818804 0.032006 -0.013909 -0.014258 -0.846996 0.531226
1718924337.631152630 0.750166 -1.819760 0.031990 -0.013901 -0.014253 -0.847004 0.531213
1718924337.636147499 0.749656 -1.820720 0.031973 -0.013895 -0.014248 -0.847014 0.531198
1718924337.641141415 0.749148 -1.821677 0.031952 -0.013895 -0.014245 -0.847021 0.531188
1718924337.646148443 0.748641 -1.822635 0.031927 -0.013897 -0.014239 -0.847023 0.531184
1718924337.651141644 0.748139 -1.823589 0.031897 -0.013903 -0.014236 -0.847021 0.531187
1718924337.656144381 0.747637 -1.824543 0.031864 -0.013907 -0.014231 -0.847023 0.531183
1718924337.661143064 0.747139 -1.825497 0.031829 -0.013914 -0.014226 -0.847038 0.531160
1718924337.666143179 0.746641 -1.826453 0.031794 -0.013920 -0.014221 -0.847054 0.531135
1718924337.671142101 0.746145 -1.827409 0.031759 -0.013932 -0.014217 -0.847071 0.531107
1718924337.676146746 0.745650 -1.828367 0.031723 -0.013938 -0.014210 -0.847083 0.531088
1718924337.681143284 0.745158 -1.829324 0.031687 -0.013942 -0.014203 -0.847093 0.531072
1718924337.686134338 0.744668 -1.830280 0.031649 -0.013947 -0.014199 -0.847103 0.531056
1718924337.691138268 0.744180 -1.831238 0.031610 -0.013951 -0.014189 -0.847116 0.531035
1718924337.696136951 0.743693 -1.832198 0.031570 -0.013961 -0.014188 -0.847126 0.531020
1718924337.699988127 0.743319 -1.832938 0.031539 -0.013964 -0.014190 -0.847128 0.531016
1718924337.699988127 0.743319 -1.832938 0.031539 -0.013964 -0.014190 -0.847128 0.531016
1718924337.701139927 0.743205 -1.833159 0.031530 -0.013966 -0.014191 -0.847128 0.531015
1718924337.706135273 0.742714 -1.834120 0.031491 -0.013968 -0.014189 -0.847129 0.531014
1718924337.711170673 0.742219 -1.835090 0.031453 -0.013975 -0.014175 -0.847127 0.531017
1718924337.716136932 0.741732 -1.836047 0.031417 -0.013975 -0.014163 -0.847122 0.531027
1718924337.796168804 0.733697 -1.851506 0.030978 -0.014115 -0.013911 -0.847084 0.531090
1718924337.799987316 0.733304 -1.852243 0.030965 -0.014118 -0.013911 -0.847077 0.531101
1718924337.799987316 0.733304 -1.852243 0.030965 -0.014118 -0.013911 -0.847077 0.531101
1718924337.801127434 0.733186 -1.852463 0.030959 -0.014119 -0.013911 -0.847075 0.531104
1718924337.806128263 0.732667 -1.853428 0.030921 -0.014127 -0.013910 -0.847071 0.531110
1718924337.811164856 0.732143 -1.854398 0.030883 -0.014142 -0.013907 -0.847070 0.531111
1718924337.816134214 0.731625 -1.855354 0.030843 -0.014162 -0.013898 -0.847072 0.531108
1718924337.821141720 0.731102 -1.856317 0.030800 -0.014176 -0.013895 -0.847078 0.531098
1718924337.826145172 0.730579 -1.857278 0.030757 -0.014190 -0.013894 -0.847085 0.531086
1718924337.831139088 0.730057 -1.858237 0.030712 -0.014200 -0.013885 -0.847093 0.531074
1718924337.836133242 0.729535 -1.859194 0.030666 -0.014204 -0.013871 -0.847105 0.531055
1718924337.841173887 0.729008 -1.860160 0.030619 -0.014203 -0.013869 -0.847118 0.531035
1718924337.846185207 0.728484 -1.861120 0.030572 -0.014203 -0.013880 -0.847131 0.531013
1718924337.851186514 0.727959 -1.862079 0.030524 -0.014193 -0.013889 -0.847143 0.530994
1718924337.856185675 0.727434 -1.863038 0.030474 -0.014189 -0.013899 -0.847147 0.530987
1718924337.861183167 0.726909 -1.863994 0.030422 -0.014197 -0.013908 -0.847149 0.530983
1718924337.866169453 0.726386 -1.864947 0.030368 -0.014194 -0.013910 -0.847155 0.530974
1718924337.871203899 0.725858 -1.865909 0.030314 -0.014185 -0.013916 -0.847162 0.530964
1718924337.876147032 0.725338 -1.866852 0.030265 -0.014183 -0.013917 -0.847164 0.530959
1718924337.881173611 0.724808 -1.867811 0.030219 -0.014180 -0.013922 -0.847163 0.530962
1718924337.886167765 0.724280 -1.868764 0.030177 -0.014187 -0.013926 -0.847161 0.530964
1718924337.891175508 0.723749 -1.869718 0.030137 -0.014192 -0.013923 -0.847159 0.530968
1718924337.896167040 0.723219 -1.870667 0.030098 -0.014195 -0.013917 -0.847153 0.530977
1718924337.900000811 0.722811 -1.871395 0.030069 -0.014199 -0.013911 -0.847153 0.530978
1718924337.900000811 0.722811 -1.871395 0.030069 -0.014199 -0.013911 -0.847153 0.530978
1718924337.901173830 0.722686 -1.871616 0.030064 -0.014200 -0.013909 -0.847152 0.530978
1718924337.906134129 0.722159 -1.872554 0.030039 -0.014202 -0.013900 -0.847155 0.530973
1718924337.911123991 0.721628 -1.873498 0.030010 -0.014204 -0.013890 -0.847163 0.530962
1718924337.951132298 0.717440 -1.881042 0.029776 -0.014133 -0.013623 -0.847253 0.530827
1718924337.956124783 0.716916 -1.881989 0.029755 -0.014102 -0.013613 -0.847259 0.530818
1718924337.961131811 0.716391 -1.882938 0.029736 -0.014056 -0.013619 -0.847264 0.530812
1718924337.966127872 0.715867 -1.883886 0.029719 -0.014003 -0.013640 -0.847266 0.530809
1718924337.971132040 0.715343 -1.884836 0.029706 -0.013952 -0.013655 -0.847268 0.530807
1718924337.976131678 0.714818 -1.885785 0.029695 -0.013910 -0.013662 -0.847267 0.530810
1718924337.981145144 0.714290 -1.886736 0.029686 -0.013881 -0.013664 -0.847266 0.530812
1718924337.986128569 0.713764 -1.887683 0.029678 -0.013856 -0.013666 -0.847256 0.530828
1718924337.991133451 0.713234 -1.888633 0.029669 -0.013826 -0.013665 -0.847241 0.530853
1718924337.996128082 0.712705 -1.889580 0.029657 -0.013773 -0.013672 -0.847220 0.530887
1718924338.001164675 0.712171 -1.890531 0.029644 -0.013701 -0.013694 -0.847196 0.530928
1718924338.006160259 0.711639 -1.891472 0.029631 -0.013625 -0.013722 -0.847170 0.530969
1718924338.011158466 0.711103 -1.892413 0.029620 -0.013555 -0.013751 -0.847140 0.531019
1718924338.016135454 0.710566 -1.893348 0.029610 -0.013490 -0.013773 -0.847109 0.531070
1718924338.021208525 0.710016 -1.894300 0.029601 -0.013439 -0.013802 -0.847073 0.531127
1718924338.026130199 0.709478 -1.895220 0.029592 -0.013401 -0.013830 -0.847032 0.531194
1718924338.031126976 0.708929 -1.896151 0.029581 -0.013380 -0.013858 -0.846984 0.531269
1718924338.036130667 0.708376 -1.897082 0.029567 -0.013364 -0.013893 -0.846936 0.531345
1718924338.041172266 0.707815 -1.898019 0.029551 -0.013333 -0.013930 -0.846892 0.531414
1718924338.046145201 0.707258 -1.898943 0.029534 -0.013301 -0.013961 -0.846851 0.531481
1718924338.051168442 0.706692 -1.899875 0.029518 -0.013271 -0.013988 -0.846809 0.531547
1718924338.056159735 0.706128 -1.900799 0.029505 -0.013246 -0.014010 -0.846772 0.531606
1718924338.061163187 0.705561 -1.901723 0.029492 -0.013225 -0.014027 -0.846741 0.531655
1718924338.066118956 0.704999 -1.902636 0.029480 -0.013207 -0.014036 -0.846717 0.531695
1718924338.071162462 0.704427 -1.903564 0.029467 -0.013191 -0.014048 -0.846705 0.531713
1718924338.076119184 0.703865 -1.904476 0.029452 -0.013174 -0.014063 -0.846705 0.531714
1718924338.081161737 0.703294 -1.905403 0.029433 -0.013155 -0.014079 -0.846714 0.531699
1718924338.086117983 0.702735 -1.906313 0.029409 -0.013129 -0.014100 -0.846729 0.531676
1718924338.091126204 0.702173 -1.907230 0.029381 -0.013106 -0.014121 -0.846746 0.531648
1718924338.096118212 0.701616 -1.908143 0.029352 -0.013094 -0.014136 -0.846766 0.531616
1718924338.099985123 0.701186 -1.908850 0.029331 -0.013092 -0.014143 -0.846790 0.531579
1718924338.099985123 0.701186 -1.908850 0.029331 -0.013092 -0.014143 -0.846790 0.531579
1718924338.101115942 0.701061 -1.909058 0.029324 -0.013091 -0.014145 -0.846796 0.531568
1718924338.106158495 0.700503 -1.909983 0.029297 -0.013091 -0.014151 -0.846836 0.531505
1718924338.111115932 0.699959 -1.910893 0.029271 -0.013088 -0.014157 -0.846876 0.531441
1718924338.116129637 0.699413 -1.911814 0.029244 -0.013080 -0.014170 -0.846914 0.531380
1718924338.196142673 0.690689 -1.926643 0.028899 -0.013516 -0.013762 -0.846765 0.531617
1718924338.199989080 0.690295 -1.927365 0.028889 -0.013525 -0.013762 -0.846750 0.531641
1718924338.199989080 0.690295 -1.927365 0.028889 -0.013525 -0.013762 -0.846750 0.531641
1718924338.201120377 0.690182 -1.927578 0.028887 -0.013528 -0.013760 -0.846746 0.531647
1718924338.206162214 0.689676 -1.928526 0.028877 -0.013538 -0.013755 -0.846717 0.531693
1718924338.211116076 0.689180 -1.929459 0.028872 -0.013545 -0.013751 -0.846680 0.531753
1718924338.216135502 0.688678 -1.930406 0.028874 -0.013556 -0.013749 -0.846637 0.531821
1718924338.221131563 0.688177 -1.931351 0.028883 -0.013572 -0.013747 -0.846585 0.531904
1718924338.226176977 0.687670 -1.932307 0.028899 -0.013598 -0.013738 -0.846524 0.531999
1718924338.231140375 0.687170 -1.933249 0.028919 -0.013635 -0.013718 -0.846463 0.532096
1718924338.236117601 0.686668 -1.934191 0.028942 -0.013677 -0.013696 -0.846395 0.532204
1718924338.241119862 0.686164 -1.935137 0.028967 -0.013731 -0.013672 -0.846319 0.532325
1718924338.246121407 0.685662 -1.936081 0.028995 -0.013789 -0.013645 -0.846240 0.532448
1718924338.251167059 0.685156 -1.937033 0.029025 -0.013862 -0.013622 -0.846166 0.532565
1718924338.256120205 0.684663 -1.937969 0.029056 -0.013940 -0.013599 -0.846092 0.532681
1718924338.261173010 0.684163 -1.938923 0.029086 -0.014004 -0.013577 -0.846015 0.532801
1718924338.266115904 0.683682 -1.939855 0.029109 -0.014043 -0.013564 -0.845939 0.532922
1718924338.271159172 0.683196 -1.940805 0.029125 -0.014074 -0.013555 -0.845862 0.533043
1718924338.276124001 0.682723 -1.941741 0.029133 -0.014108 -0.013532 -0.845784 0.533167
1718924338.281113386 0.682247 -1.942682 0.029137 -0.014172 -0.013481 -0.845700 0.533299
1718924338.286119461 0.681769 -1.943631 0.029146 -0.014282 -0.013401 -0.845608 0.533445
1718924338.291113853 0.681292 -1.944584 0.029166 -0.014437 -0.013285 -0.845506 0.533605
1718924338.296119928 0.680815 -1.945544 0.029198 -0.014628 -0.013128 -0.845390 0.533787
1718924338.299959183 0.680451 -1.946281 0.029230 -0.014794 -0.012959 -0.845284 0.533955
1718924338.299959183 0.680451 -1.946281 0.029230 -0.014794 -0.012959 -0.845284 0.533955
1718924338.301125050 0.680341 -1.946505 0.029241 -0.014843 -0.012910 -0.845252 0.534006
1718924338.306118488 0.679873 -1.947465 0.029290 -0.015055 -0.012650 -0.845093 0.534258
1718924338.311153412 0.679410 -1.948438 0.029337 -0.015240 -0.012396 -0.844911 0.534547
1718924338.361111164 0.675319 -1.958187 0.030094 -0.015624 -0.010616 -0.841233 0.540343
1718924338.366166115 0.674955 -1.959182 0.030211 -0.015658 -0.010440 -0.840844 0.540950
1718924338.371119261 0.674608 -1.960161 0.030340 -0.015702 -0.010278 -0.840441 0.541579
1718924338.376121283 0.674267 -1.961153 0.030483 -0.015748 -0.010151 -0.840021 0.542230
1718924338.381120443 0.673937 -1.962143 0.030637 -0.015796 -0.010040 -0.839598 0.542885
1718924338.386115313 0.673613 -1.963125 0.030792 -0.015862 -0.009919 -0.839168 0.543550
1718924338.391114473 0.673292 -1.964101 0.030940 -0.015928 -0.009784 -0.838734 0.544221
1718924338.396108389 0.672975 -1.965071 0.031076 -0.015998 -0.009649 -0.838306 0.544880
1718924338.399987936 0.672733 -1.965824 0.031172 -0.016053 -0.009561 -0.837978 0.545384
1718924338.399987936 0.672733 -1.965824 0.031172 -0.016053 -0.009561 -0.837978 0.545384
1718924338.401113272 0.672664 -1.966042 0.031199 -0.016070 -0.009535 -0.837883 0.545530
1718924338.406109333 0.672360 -1.967014 0.031308 -0.016122 -0.009458 -0.837470 0.546163
1718924338.411114216 0.672062 -1.967989 0.031405 -0.016148 -0.009418 -0.837063 0.546787
1718924338.416122198 0.671766 -1.968963 0.031497 -0.016157 -0.009381 -0.836667 0.547393
1718924338.421130419 0.671471 -1.969933 0.031589 -0.016150 -0.009347 -0.836283 0.547981
1718924338.426121712 0.671183 -1.970898 0.031690 -0.016116 -0.009330 -0.835911 0.548549
1718924338.431171894 0.670896 -1.971876 0.031806 -0.016076 -0.009318 -0.835542 0.549112
1718924338.436169624 0.670614 -1.972840 0.031937 -0.016082 -0.009248 -0.835184 0.549657
1718924338.441162825 0.670330 -1.973797 0.032080 -0.016132 -0.009108 -0.834834 0.550190
1718924338.446131229 0.670049 -1.974743 0.032226 -0.016204 -0.008949 -0.834501 0.550696
1718924338.451117754 0.669775 -1.975692 0.032367 -0.016282 -0.008814 -0.834177 0.551186
1718924338.456159830 0.669503 -1.976651 0.032499 -0.016366 -0.008688 -0.833851 0.551678
1718924338.461169243 0.669231 -1.977602 0.032619 -0.016456 -0.008544 -0.833527 0.552168
1718924338.466170549 0.668959 -1.978549 0.032728 -0.016540 -0.008399 -0.833213 0.552641
1718924338.471170664 0.668692 -1.979497 0.032825 -0.016585 -0.008295 -0.832911 0.553096
1718924338.476177931 0.668436 -1.980453 0.032914 -0.016582 -0.008255 -0.832612 0.553547
1718924338.481197119 0.668188 -1.981416 0.033001 -0.016567 -0.008231 -0.832303 0.554012
1718924338.486115456 0.667945 -1.982359 0.033088 -0.016573 -0.008181 -0.832000 0.554468
1718924338.491120815 0.667698 -1.983318 0.033180 -0.016590 -0.008132 -0.831693 0.554928
1718924338.496105194 0.667456 -1.984277 0.033277 -0.016585 -0.008129 -0.831388 0.555386
1718924338.499989033 0.667272 -1.985025 0.033356 -0.016574 -0.008139 -0.831152 0.555738
1718924338.499989033 0.667272 -1.985025 0.033356 -0.016574 -0.008139 -0.831152 0.555738
1718924338.501145840 0.667217 -1.985248 0.033381 -0.016570 -0.008144 -0.831082 0.555844
1718924338.506147623 0.666979 -1.986212 0.033490 -0.016560 -0.008136 -0.830786 0.556286
1718924338.511117697 0.666737 -1.987166 0.033603 -0.016559 -0.008094 -0.830498 0.556717
1718924338.566133976 0.663561 -1.997515 0.034916 -0.016680 -0.008171 -0.828547 0.559611
1718924338.571121454 0.663225 -1.998433 0.035039 -0.016681 -0.008205 -0.828375 0.559866
1718924338.576121330 0.662884 -1.999352 0.035161 -0.016671 -0.008244 -0.828205 0.560116
1718924338.581182003 0.662536 -2.000281 0.035279 -0.016629 -0.008274 -0.828035 0.560369
1718924338.586107016 0.662192 -2.001184 0.035387 -0.016580 -0.008277 -0.827863 0.560624
1718924338.591152906 0.661830 -2.002104 0.035491 -0.016540 -0.008244 -0.827693 0.560877
1718924338.596105814 0.661464 -2.003005 0.035585 -0.016505 -0.008205 -0.827533 0.561114
1718924338.599989891 0.661172 -2.003709 0.035652 -0.016473 -0.008199 -0.827411 0.561295
1718924338.599989891 0.661172 -2.003709 0.035652 -0.016473 -0.008199 -0.827411 0.561295
1718924338.601144552 0.661087 -2.003919 0.035671 -0.016465 -0.008196 -0.827375 0.561349
1718924338.606149435 0.660718 -2.004830 0.035751 -0.016422 -0.008216 -0.827220 0.561579
1718924338.611114264 0.660349 -2.005735 0.035825 -0.016360 -0.008281 -0.827067 0.561805
1718924338.616108179 0.659973 -2.006646 0.035898 -0.016293 -0.008354 -0.826908 0.562038
1718924338.621124983 0.659587 -2.007559 0.035975 -0.016242 -0.008411 -0.826752 0.562269
1718924338.626124859 0.659191 -2.008465 0.036059 -0.016227 -0.008440 -0.826605 0.562486
1718924338.631180525 0.658780 -2.009377 0.036152 -0.016247 -0.008460 -0.826471 0.562682
1718924338.636155128 0.658367 -2.010271 0.036251 -0.016285 -0.008479 -0.826341 0.562870
1718924338.641113997 0.657949 -2.011160 0.036354 -0.016333 -0.008512 -0.826210 0.563061
1718924338.646120071 0.657520 -2.012055 0.036459 -0.016386 -0.008560 -0.826079 0.563251
1718924338.651116848 0.657083 -2.012946 0.036562 -0.016439 -0.008623 -0.825956 0.563430
1718924338.656112194 0.656637 -2.013835 0.036656 -0.016480 -0.008691 -0.825833 0.563608
1718924338.661107779 0.656183 -2.014722 0.036741 -0.016489 -0.008759 -0.825709 0.563788
1718924338.666124582 0.655715 -2.015611 0.036818 -0.016478 -0.008815 -0.825588 0.563963
1718924338.671111822 0.655236 -2.016489 0.036891 -0.016469 -0.008832 -0.825476 0.564128
1718924338.676127434 0.654741 -2.017371 0.036967 -0.016463 -0.008820 -0.825371 0.564282
1718924338.681129217 0.654234 -2.018248 0.037049 -0.016450 -0.008807 -0.825279 0.564417
1718924338.686111689 0.653716 -2.019121 0.037139 -0.016452 -0.008808 -0.825199 0.564534
1718924338.691103935 0.653184 -2.019995 0.037237 -0.016461 -0.008808 -0.825124 0.564643
1718924338.696101904 0.652640 -2.020866 0.037339 -0.016470 -0.008809 -0.825061 0.564735
1718924338.699896336 0.652220 -2.021523 0.037414 -0.016462 -0.008810 -0.825030 0.564780
1718924338.699896336 0.652220 -2.021523 0.037414 -0.016462 -0.008810 -0.825030 0.564780
1718924338.701106787 0.652087 -2.021731 0.037437 -0.016457 -0.008812 -0.825020 0.564795
1718924338.706106901 0.651537 -2.022589 0.037529 -0.016428 -0.008821 -0.824999 0.564827
1718924338.711105585 0.650981 -2.023438 0.037613 -0.016402 -0.008838 -0.824990 0.564840
1718924338.716105223 0.650419 -2.024282 0.037693 -0.016383 -0.008857 -0.824998 0.564828
1718924338.756109238 0.646412 -2.031266 0.038352 -0.015951 -0.009099 -0.825569 0.564003
1718924338.761108637 0.645861 -2.032086 0.038388 -0.015926 -0.009129 -0.825658 0.563873
1718924338.766134501 0.645310 -2.032908 0.038418 -0.015906 -0.009156 -0.825747 0.563742
1718924338.771113634 0.644767 -2.033722 0.038443 -0.015896 -0.009181 -0.825825 0.563628
1718924338.776113510 0.644225 -2.034540 0.038466 -0.015892 -0.009209 -0.825889 0.563533
1718924338.781112909 0.643686 -2.035360 0.038487 -0.015889 -0.009236 -0.825948 0.563447
1718924338.786127090 0.643150 -2.036184 0.038510 -0.015887 -0.009267 -0.826000 0.563370
1718924338.791107893 0.642621 -2.037007 0.038536 -0.015882 -0.009300 -0.826040 0.563311
1718924338.796108723 0.642094 -2.037835 0.038566 -0.015883 -0.009332 -0.826066 0.563272
1718924338.799992085 0.641686 -2.038480 0.038591 -0.015882 -0.009370 -0.826084 0.563246
1718924338.799992085 0.641686 -2.038480 0.038591 -0.015882 -0.009370 -0.826084 0.563246
1718924338.801106691 0.641568 -2.038665 0.038599 -0.015881 -0.009381 -0.826089 0.563237
1718924338.806141615 0.641052 -2.039507 0.038646 -0.015865 -0.009437 -0.826100 0.563222
1718924338.811141014 0.640544 -2.040346 0.038693 -0.015848 -0.009490 -0.826103 0.563217
1718924338.816155910 0.640038 -2.041190 0.038738 -0.015825 -0.009544 -0.826095 0.563227
1718924338.821157932 0.639535 -2.042035 0.038781 -0.015804 -0.009582 -0.826075 0.563256
1718924338.826106787 0.639039 -2.042872 0.038822 -0.015782 -0.009603 -0.826041 0.563307
1718924338.831155777 0.638537 -2.043728 0.038861 -0.015757 -0.009626 -0.826003 0.563364
1718924338.836140156 0.638042 -2.044576 0.038896 -0.015732 -0.009642 -0.825960 0.563426
1718924338.841111183 0.637551 -2.045424 0.038930 -0.015711 -0.009658 -0.825914 0.563494
1718924338.846112490 0.637058 -2.046279 0.038963 -0.015688 -0.009679 -0.825868 0.563562
1718924338.851142645 0.636566 -2.047141 0.038997 -0.015670 -0.009700 -0.825820 0.563633
1718924338.856111765 0.636082 -2.047993 0.039031 -0.015651 -0.009709 -0.825772 0.563703
1718924338.861150265 0.635593 -2.048856 0.039065 -0.015632 -0.009713 -0.825730 0.563766
1718924338.866106033 0.635115 -2.049703 0.039101 -0.015622 -0.009712 -0.825690 0.563824
1718924338.871177197 0.634628 -2.050569 0.039138 -0.015613 -0.009717 -0.825663 0.563864
1718924338.876099110 0.634157 -2.051407 0.039175 -0.015600 -0.009722 -0.825641 0.563896
1718924338.881095409 0.633683 -2.052255 0.039214 -0.015589 -0.009721 -0.825624 0.563922
1718924338.886097431 0.633211 -2.053101 0.039252 -0.015575 -0.009717 -0.825607 0.563946
1718924338.891100883 0.632743 -2.053943 0.039292 -0.015555 -0.009724 -0.825605 0.563951
1718924338.896097898 0.632277 -2.054782 0.039334 -0.015534 -0.009737 -0.825612 0.563941
1718924338.900013208 0.631911 -2.055435 0.039367 -0.015525 -0.009751 -0.825620 0.563929
1718924338.900013208 0.631911 -2.055435 0.039367 -0.015525 -0.009751 -0.825620 0.563929
1718924338.901100636 0.631803 -2.055615 0.039372 -0.015525 -0.009754 -0.825622 0.563925
1718924338.906097651 0.631309 -2.056440 0.039400 -0.015525 -0.009770 -0.825638 0.563902
1718924338.911101580 0.630816 -2.057261 0.039431 -0.015524 -0.009786 -0.825656 0.563875
1718924338.966096878 0.625475 -2.066203 0.039936 -0.015394 -0.009802 -0.825754 0.563734
1718924338.971158266 0.624958 -2.067011 0.039974 -0.015386 -0.009812 -0.825763 0.563722
1718924338.976152182 0.624446 -2.067806 0.040011 -0.015377 -0.009824 -0.825770 0.563711
1718924338.981135130 0.623934 -2.068598 0.040048 -0.015364 -0.009840 -0.825768 0.563715
1718924338.986102581 0.623422 -2.069385 0.040082 -0.015355 -0.009856 -0.825752 0.563739
1718924338.991140127 0.622901 -2.070184 0.040117 -0.015346 -0.009876 -0.825729 0.563772
1718924338.996098518 0.622386 -2.070970 0.040150 -0.015340 -0.009901 -0.825706 0.563806
1718924339.001139879 0.621860 -2.071770 0.040185 -0.015327 -0.009936 -0.825678 0.563846
1718924339.006140709 0.621335 -2.072563 0.040221 -0.015319 -0.009967 -0.825647 0.563891
1718924339.011132717 0.620809 -2.073356 0.040258 -0.015305 -0.009984 -0.825618 0.563933
1718924339.016242504 0.620269 -2.074167 0.040295 -0.015293 -0.010001 -0.825585 0.563982
1718924339.021161556 0.619746 -2.074948 0.040331 -0.015284 -0.010016 -0.825547 0.564037
1718924339.026165962 0.619213 -2.075744 0.040366 -0.015274 -0.010026 -0.825512 0.564089
1718924339.031107187 0.618685 -2.076532 0.040397 -0.015260 -0.010040 -0.825481 0.564134
1718924339.036099195 0.618150 -2.077329 0.040425 -0.015243 -0.010064 -0.825455 0.564172
1718924339.041105509 0.617613 -2.078129 0.040451 -0.015226 -0.010083 -0.825431 0.564207
1718924339.046131134 0.617073 -2.078935 0.040476 -0.015216 -0.010095 -0.825408 0.564242
1718924339.051101208 0.616537 -2.079733 0.040499 -0.015212 -0.010108 -0.825390 0.564267
1718924339.056092024 0.615999 -2.080535 0.040524 -0.015209 -0.010117 -0.825381 0.564280
1718924339.061138153 0.615454 -2.081348 0.040550 -0.015209 -0.010124 -0.825380 0.564281
1718924339.066095829 0.614919 -2.082147 0.040578 -0.015217 -0.010127 -0.825382 0.564278
1718924339.071130514 0.614377 -2.082960 0.040610 -0.015219 -0.010125 -0.825393 0.564263
1718924339.076093674 0.613846 -2.083761 0.040644 -0.015214 -0.010131 -0.825411 0.564237
1718924339.081138372 0.613309 -2.084575 0.040680 -0.015206 -0.010146 -0.825428 0.564211
1718924339.086133242 0.612781 -2.085382 0.040717 -0.015194 -0.010177 -0.825449 0.564181
1718924339.091140032 0.612253 -2.086191 0.040756 -0.015177 -0.010210 -0.825470 0.564150
1718924339.096134424 0.611730 -2.086998 0.040797 -0.015155 -0.010240 -0.825490 0.564121
1718924339.099992037 0.611327 -2.087621 0.040829 -0.015140 -0.010259 -0.825506 0.564097
1718924339.099992037 0.611327 -2.087621 0.040829 -0.015140 -0.010259 -0.825506 0.564097
1718924339.101139545 0.611207 -2.087807 0.040838 -0.015136 -0.010265 -0.825511 0.564090
1718924339.106135607 0.610687 -2.088617 0.040877 -0.015121 -0.010282 -0.825530 0.564062
1718924339.111131191 0.610169 -2.089427 0.040915 -0.015109 -0.010288 -0.825542 0.564045
1718924339.146108389 0.606676 -2.095207 0.041321 -0.014989 -0.010322 -0.825470 0.564152
1718924339.151145458 0.606147 -2.096032 0.041358 -0.014987 -0.010315 -0.825453 0.564178
1718924339.156165838 0.605617 -2.096855 0.041395 -0.014982 -0.010307 -0.825432 0.564208
1718924339.161108732 0.605094 -2.097667 0.041431 -0.014978 -0.010307 -0.825407 0.564245
1718924339.166101456 0.604563 -2.098489 0.041467 -0.014974 -0.010311 -0.825385 0.564277
1718924339.171098232 0.604031 -2.099312 0.041501 -0.014959 -0.010307 -0.825363 0.564310
1718924339.176089525 0.603500 -2.100134 0.041536 -0.014942 -0.010307 -0.825337 0.564349
1718924339.181155443 0.602959 -2.100970 0.041571 -0.014923 -0.010309 -0.825312 0.564386
1718924339.186106205 0.602430 -2.101788 0.041608 -0.014909 -0.010304 -0.825292 0.564416
1718924339.191172838 0.601888 -2.102625 0.041649 -0.014896 -0.010295 -0.825269 0.564449
1718924339.196141958 0.601355 -2.103447 0.041691 -0.014881 -0.010285 -0.825246 0.564484
1718924339.199986935 0.600941 -2.104082 0.041723 -0.014875 -0.010284 -0.825232 0.564504
1718924339.199986935 0.600941 -2.104082 0.041723 -0.014875 -0.010284 -0.825232 0.564504
1718924339.201137304 0.600814 -2.104271 0.041731 -0.014874 -0.010283 -0.825228 0.564510
1718924339.206135750 0.600266 -2.105093 0.041763 -0.014869 -0.010273 -0.825217 0.564527
1718924339.211133718 0.599718 -2.105914 0.041793 -0.014872 -0.010253 -0.825210 0.564537
1718924339.216146946 0.599170 -2.106736 0.041818 -0.014870 -0.010230 -0.825205 0.564545
1718924339.221166849 0.598622 -2.107560 0.041838 -0.014870 -0.010207 -0.825211 0.564537
1718924339.226168156 0.598076 -2.108382 0.041856 -0.014871 -0.010179 -0.825222 0.564521
1718924339.231096745 0.597538 -2.109193 0.041872 -0.014871 -0.010152 -0.825234 0.564504
1718924339.236103296 0.596992 -2.110018 0.041888 -0.014875 -0.010131 -0.825250 0.564481
1718924339.241146326 0.596443 -2.110852 0.041906 -0.014878 -0.010111 -0.825273 0.564447
1718924339.246105909 0.595903 -2.111674 0.041927 -0.014876 -0.010086 -0.825300 0.564408
1718924339.251098394 0.595360 -2.112503 0.041949 -0.014870 -0.010058 -0.825331 0.564363
1718924339.256087780 0.594817 -2.113334 0.041972 -0.014869 -0.010033 -0.825361 0.564321
1718924339.261085272 0.594274 -2.114168 0.041997 -0.014865 -0.010005 -0.825387 0.564283
1718924339.266132593 0.593726 -2.115010 0.042022 -0.014859 -0.009987 -0.825407 0.564254
1718924339.271136999 0.593183 -2.115846 0.042046 -0.014851 -0.009981 -0.825431 0.564219
1718924339.276134491 0.592644 -2.116681 0.042072 -0.014840 -0.009981 -0.825451 0.564190
1718924339.281098604 0.592109 -2.117511 0.042099 -0.014825 -0.009986 -0.825462 0.564175
1718924339.286093473 0.591572 -2.118346 0.042128 -0.014801 -0.009989 -0.825465 0.564171
1718924339.291097879 0.591034 -2.119183 0.042160 -0.014776 -0.009987 -0.825464 0.564173
1718924339.296092749 0.590495 -2.120018 0.042193 -0.014752 -0.009991 -0.825453 0.564190
1718924339.299996138 0.590073 -2.120669 0.042220 -0.014732 -0.009998 -0.825443 0.564204
1718924339.299996138 0.590073 -2.120669 0.042220 -0.014732 -0.009998 -0.825443 0.564204
1718924339.301089764 0.589955 -2.120852 0.042228 -0.014727 -0.010001 -0.825441 0.564208
1718924339.306096554 0.589409 -2.121684 0.042266 -0.014705 -0.010008 -0.825425 0.564231
1718924339.311131001 0.588858 -2.122519 0.042302 -0.014686 -0.010010 -0.825407 0.564258
1718924339.356105566 0.583723 -2.129923 0.042954 -0.014681 -0.010221 -0.824997 0.564854
1718924339.361103535 0.583133 -2.130748 0.042991 -0.014667 -0.010258 -0.824956 0.564913
1718924339.366096973 0.582540 -2.131573 0.043029 -0.014651 -0.010291 -0.824915 0.564973
1718924339.371109009 0.581942 -2.132401 0.043067 -0.014634 -0.010321 -0.824875 0.565032
1718924339.376142502 0.581336 -2.133233 0.043105 -0.014617 -0.010342 -0.824839 0.565084
1718924339.381102562 0.580736 -2.134053 0.043141 -0.014600 -0.010351 -0.824811 0.565125
1718924339.386101246 0.580126 -2.134880 0.043175 -0.014584 -0.010367 -0.824788 0.565159
1718924339.391102552 0.579513 -2.135709 0.043206 -0.014572 -0.010384 -0.824775 0.565179
1718924339.396101236 0.578898 -2.136539 0.043235 -0.014563 -0.010395 -0.824770 0.565186
1718924339.400017262 0.578414 -2.137191 0.043254 -0.014559 -0.010410 -0.824772 0.565183
1718924339.400017262 0.578414 -2.137191 0.043254 -0.014559 -0.010410 -0.824772 0.565183
1718924339.401090622 0.578279 -2.137371 0.043256 -0.014559 -0.010413 -0.824772 0.565181
1718924339.406088829 0.577647 -2.138211 0.043269 -0.014563 -0.010417 -0.824779 0.565172
1718924339.411087990 0.577014 -2.139052 0.043279 -0.014566 -0.010407 -0.824789 0.565157
1718924339.416111946 0.576377 -2.139898 0.043288 -0.014584 -0.010384 -0.824799 0.565143
1718924339.456133842 0.571116 -2.146968 0.043485 -0.015032 -0.010050 -0.823718 0.566712
1718924339.461133480 0.570503 -2.147860 0.043510 -0.015066 -0.010035 -0.823545 0.566961
1718924339.466129065 0.569893 -2.148759 0.043540 -0.015098 -0.010032 -0.823342 0.567256
1718924339.471133947 0.569285 -2.149666 0.043578 -0.015133 -0.010035 -0.823105 0.567599
1718924339.476129055 0.568683 -2.150577 0.043617 -0.015146 -0.010067 -0.822838 0.567984
1718924339.481125116 0.568090 -2.151494 0.043651 -0.015120 -0.010144 -0.822541 0.568415
1718924339.486081600 0.567510 -2.152409 0.043675 -0.015069 -0.010263 -0.822212 0.568889
1718924339.491126537 0.566929 -2.153343 0.043688 -0.014992 -0.010429 -0.821841 0.569424
1718924339.496090889 0.566366 -2.154265 0.043688 -0.014876 -0.010621 -0.821441 0.570001
1718924339.501129150 0.565805 -2.155202 0.043671 -0.014743 -0.010813 -0.821001 0.570635
1718924339.506131887 0.565256 -2.156133 0.043644 -0.014633 -0.010970 -0.820533 0.571306
1718924339.511087894 0.564714 -2.157056 0.043615 -0.014577 -0.011051 -0.820041 0.572013
1718924339.516183376 0.564153 -2.158004 0.043589 -0.014594 -0.011042 -0.819497 0.572791
1718924339.521140099 0.563603 -2.158928 0.043574 -0.014653 -0.010990 -0.818941 0.573586
1718924339.526151180 0.563046 -2.159864 0.043569 -0.014737 -0.010894 -0.818349 0.574429
1718924339.531220436 0.562484 -2.160809 0.043571 -0.014814 -0.010797 -0.817730 0.575310
1718924339.536093950 0.561948 -2.161719 0.043572 -0.014869 -0.010709 -0.817117 0.576181
1718924339.541164160 0.561399 -2.162667 0.043566 -0.014895 -0.010649 -0.816456 0.577117
1718924339.546166420 0.560863 -2.163603 0.043549 -0.014915 -0.010602 -0.815787 0.578063
1718924339.551126242 0.560335 -2.164533 0.043523 -0.014949 -0.010562 -0.815114 0.579011
1718924339.556137800 0.559803 -2.165475 0.043484 -0.014978 -0.010534 -0.814422 0.579985
1718924339.561106205 0.559277 -2.166409 0.043431 -0.015008 -0.010481 -0.813719 0.580970
1718924339.566094160 0.558754 -2.167344 0.043367 -0.015038 -0.010413 -0.813002 0.581974
1718924339.571148634 0.558231 -2.168289 0.043293 -0.015060 -0.010325 -0.812268 0.582998
1718924339.576079607 0.557730 -2.169212 0.043211 -0.015051 -0.010263 -0.811539 0.584014
1718924339.581144810 0.557228 -2.170162 0.043113 -0.015011 -0.010226 -0.810773 0.585079
1718924339.586102247 0.556747 -2.171090 0.043010 -0.014947 -0.010190 -0.810013 0.586133
1718924339.591095448 0.556271 -2.172022 0.042906 -0.014863 -0.010143 -0.809238 0.587205
1718924339.596084118 0.555805 -2.172949 0.042806 -0.014777 -0.010092 -0.808444 0.588300
1718924339.599987030 0.555443 -2.173674 0.042730 -0.014733 -0.010038 -0.807802 0.589185
1718924339.599987030 0.555443 -2.173674 0.042730 -0.014733 -0.010038 -0.807802 0.589185
1718924339.601135731 0.555339 -2.173887 0.042706 -0.014720 -0.010023 -0.807611 0.589446
1718924339.606087208 0.554888 -2.174803 0.042613 -0.014685 -0.009978 -0.806759 0.590614
1718924339.611127377 0.554442 -2.175733 0.042515 -0.014673 -0.009938 -0.805858 0.591843
1718924339.641134501 0.551710 -2.181281 0.042114 -0.014894 -0.008626 -0.799735 0.600107
1718924339.646097422 0.551324 -2.182215 0.041962 -0.014939 -0.008440 -0.798726 0.601450
1718924339.651088238 0.550938 -2.183151 0.041802 -0.014991 -0.008244 -0.797708 0.602801
1718924339.656124592 0.550558 -2.184090 0.041632 -0.014983 -0.008103 -0.796704 0.604130
1718924339.661072731 0.550201 -2.185008 0.041458 -0.014902 -0.008070 -0.795744 0.605396
1718924339.666113138 0.549852 -2.185938 0.041275 -0.014752 -0.008134 -0.794798 0.606641
1718924339.671084404 0.549515 -2.186851 0.041094 -0.014568 -0.008239 -0.793904 0.607813
1718924339.676113367 0.549175 -2.187769 0.040923 -0.014388 -0.008328 -0.793039 0.608944
1718924339.681115866 0.548830 -2.188675 0.040770 -0.014224 -0.008361 -0.792211 0.610025
1718924339.686120987 0.548476 -2.189576 0.040636 -0.014110 -0.008309 -0.791430 0.611040
1718924339.691085100 0.548110 -2.190462 0.040518 -0.014038 -0.008220 -0.790703 0.611983
1718924339.696084499 0.547726 -2.191351 0.040404 -0.014012 -0.008125 -0.790015 0.612874
1718924339.699900150 0.547425 -2.192025 0.040318 -0.014002 -0.008068 -0.789528 0.613502
1718924339.699900150 0.547425 -2.192025 0.040318 -0.014002 -0.008068 -0.789528 0.613502
1718924339.701068878 0.547331 -2.192228 0.040299 -0.013998 -0.008051 -0.789380 0.613693
1718924339.706082106 0.546916 -2.193088 0.040256 -0.013966 -0.007990 -0.788787 0.614456
1718924339.711122990 0.546493 -2.193942 0.040207 -0.013907 -0.007962 -0.788244 0.615155
1718924339.716085196 0.546074 -2.194778 0.040158 -0.013850 -0.007944 -0.787762 0.615773
1718924339.721132755 0.545645 -2.195623 0.040115 -0.013849 -0.007892 -0.787317 0.616342
1718924339.766103745 0.541140 -2.202431 0.044691 -0.013278 -0.008910 -0.785670 0.618439
1718924339.771092653 0.540760 -2.203262 0.044653 -0.013224 -0.009050 -0.785511 0.618641
1718924339.776099920 0.540377 -2.204095 0.044615 -0.013193 -0.009148 -0.785356 0.618836
1718924339.781083584 0.539989 -2.204920 0.044581 -0.013176 -0.009200 -0.785215 0.619015
1718924339.786106110 0.539592 -2.205749 0.044555 -0.013142 -0.009219 -0.785096 0.619165
1718924339.791091681 0.539193 -2.206570 0.044537 -0.013088 -0.009235 -0.785003 0.619285
1718924339.796104908 0.538787 -2.207397 0.044530 -0.013021 -0.009258 -0.784924 0.619387
1718924339.800018311 0.538466 -2.208047 0.044520 -0.012989 -0.009256 -0.784874 0.619450
1718924339.800018311 0.538466 -2.208047 0.044520 -0.012989 -0.009256 -0.784874 0.619450
1718924339.801099539 0.538377 -2.208229 0.044499 -0.012981 -0.009253 -0.784860 0.619468
1718924339.806094646 0.537962 -2.209067 0.044400 -0.012987 -0.009202 -0.784804 0.619540
1718924339.811081886 0.537539 -2.209906 0.044303 -0.013009 -0.009144 -0.784766 0.619588
1718924339.816106796 0.537106 -2.210751 0.044203 -0.013036 -0.009103 -0.784749 0.619609
1718924339.821104050 0.536668 -2.211589 0.044096 -0.013065 -0.009080 -0.784755 0.619602
1718924339.826097965 0.536223 -2.212424 0.043982 -0.013094 -0.009064 -0.784782 0.619567
1718924339.831089735 0.535771 -2.213258 0.043864 -0.013116 -0.009052 -0.784826 0.619511
1718924339.836088419 0.535310 -2.214093 0.043744 -0.013123 -0.009044 -0.784880 0.619443
1718924339.841083288 0.534842 -2.214927 0.043626 -0.013128 -0.009038 -0.784942 0.619364
1718924339.846109629 0.534364 -2.215766 0.043513 -0.013133 -0.009040 -0.785017 0.619268
1718924339.851125956 0.533877 -2.216604 0.043404 -0.013142 -0.009039 -0.785100 0.619163
1718924339.856079102 0.533387 -2.217433 0.043302 -0.013156 -0.009024 -0.785194 0.619045
1718924339.861125708 0.532878 -2.218279 0.043199 -0.013167 -0.008996 -0.785297 0.618914
1718924339.866109610 0.532367 -2.219114 0.043098 -0.013167 -0.008965 -0.785402 0.618780
1718924339.871107578 0.531847 -2.219952 0.042997 -0.013178 -0.008927 -0.785513 0.618640
1718924339.876118422 0.531317 -2.220792 0.042897 -0.013189 -0.008878 -0.785634 0.618488
1718924339.881114960 0.530778 -2.221629 0.042802 -0.013204 -0.008818 -0.785760 0.618327
1718924339.886071205 0.530236 -2.222459 0.042714 -0.013211 -0.008761 -0.785887 0.618166
1718924339.891065598 0.529685 -2.223295 0.042631 -0.013216 -0.008735 -0.786019 0.617999
1718924339.896078587 0.529129 -2.224135 0.042550 -0.013209 -0.008757 -0.786153 0.617829
1718924339.900015116 0.528692 -2.224796 0.042487 -0.013188 -0.008819 -0.786255 0.617698
1718924339.900015116 0.528692 -2.224796 0.042487 -0.013188 -0.008819 -0.786255 0.617698
1718924339.901076794 0.528574 -2.224975 0.042468 -0.013181 -0.008838 -0.786284 0.617661
1718924339.906080008 0.528016 -2.225815 0.042375 -0.013140 -0.008963 -0.786420 0.617487
1718924339.911068201 0.527455 -2.226651 0.042280 -0.013092 -0.009114 -0.786560 0.617307
1718924339.941071749 0.523965 -2.231573 0.041587 -0.012979 -0.009602 -0.787299 0.616360
1718924339.946070433 0.523362 -2.232392 0.041468 -0.012930 -0.009717 -0.787440 0.616179
1718924339.951124191 0.522747 -2.233218 0.041335 -0.012875 -0.009838 -0.787590 0.615987
1718924339.956135750 0.522135 -2.234037 0.041189 -0.012806 -0.009965 -0.787735 0.615800
1718924339.961076260 0.521530 -2.234843 0.041034 -0.012740 -0.010105 -0.787874 0.615621
1718924339.966119766 0.520910 -2.235665 0.040871 -0.012681 -0.010241 -0.788017 0.615437
1718924339.971107483 0.520294 -2.236477 0.040713 -0.012648 -0.010368 -0.788158 0.615255
1718924339.976086140 0.519677 -2.237287 0.040565 -0.012635 -0.010494 -0.788300 0.615072
1718924339.981081486 0.519057 -2.238100 0.040429 -0.012634 -0.010626 -0.788443 0.614886
1718924339.986067295 0.518438 -2.238912 0.040305 -0.012626 -0.010742 -0.788578 0.614712
1718924339.991132021 0.517810 -2.239737 0.040184 -0.012624 -0.010828 -0.788708 0.614543
1718924339.996086359 0.517194 -2.240544 0.040066 -0.012622 -0.010887 -0.788834 0.614380
1718924339.999958992 0.516713 -2.241175 0.039971 -0.012616 -0.010927 -0.788933 0.614252
1718924339.999958992 0.516713 -2.241175 0.039971 -0.012616 -0.010927 -0.788933 0.614252
1718924340.001091719 0.516573 -2.241360 0.039939 -0.012615 -0.010938 -0.788962 0.614216
1718924340.006080627 0.515956 -2.242175 0.039792 -0.012612 -0.010987 -0.789081 0.614061
1718924340.011115789 0.515335 -2.242998 0.039638 -0.012631 -0.011045 -0.789204 0.613903
1718924340.016108513 0.514719 -2.243817 0.039482 -0.012661 -0.011115 -0.789327 0.613742
1718924340.021093845 0.514106 -2.244638 0.039327 -0.012705 -0.011196 -0.789447 0.613585
1718924340.026088953 0.513492 -2.245461 0.039176 -0.012750 -0.011275 -0.789557 0.613441
1718924340.031067848 0.512880 -2.246282 0.039030 -0.012795 -0.011340 -0.789664 0.613301
1718924340.036122561 0.512258 -2.247114 0.038883 -0.012834 -0.011380 -0.789776 0.613155
1718924340.041130781 0.511641 -2.247939 0.038737 -0.012862 -0.011398 -0.789887 0.613012
1718924340.046157360 0.511023 -2.248768 0.038584 -0.012875 -0.011386 -0.789988 0.612881
1718924340.051079035 0.510417 -2.249581 0.038426 -0.012888 -0.011370 -0.790083 0.612759
1718924340.056074858 0.509803 -2.250409 0.038257 -0.012901 -0.011350 -0.790181 0.612633
1718924340.061070681 0.509192 -2.251241 0.038082 -0.012922 -0.011346 -0.790272 0.612514
1718924340.066068649 0.508586 -2.252075 0.037903 -0.012940 -0.011377 -0.790355 0.612407
1718924340.071062326 0.507985 -2.252912 0.037727 -0.012952 -0.011439 -0.790427 0.612313
1718924340.076068401 0.507389 -2.253754 0.037556 -0.012964 -0.011534 -0.790494 0.612224
1718924340.081114769 0.506792 -2.254605 0.037394 -0.012968 -0.011637 -0.790553 0.612146
1718924340.086098671 0.506205 -2.255447 0.037243 -0.012963 -0.011744 -0.790605 0.612077
1718924340.091106653 0.505618 -2.256294 0.037097 -0.012949 -0.011859 -0.790646 0.612021
1718924340.096107960 0.505034 -2.257141 0.036954 -0.012929 -0.011977 -0.790682 0.611973
1718924340.101114988 0.504451 -2.257991 0.036807 -0.012901 -0.012113 -0.790717 0.611926
1718924340.106070757 0.503873 -2.258833 0.036656 -0.012869 -0.012236 -0.790750 0.611881
1718924340.111114979 0.503283 -2.259691 0.036491 -0.012838 -0.012347 -0.790784 0.611836
1718924340.156068325 0.498286 -2.267414 0.035111 -0.013245 -0.011952 -0.791064 0.611474
1718924340.161070824 0.497755 -2.268284 0.035028 -0.013247 -0.011992 -0.791126 0.611392
1718924340.166077375 0.497228 -2.269157 0.034947 -0.013253 -0.012032 -0.791192 0.611306
1718924340.171066523 0.496706 -2.270028 0.034865 -0.013264 -0.012062 -0.791258 0.611220
1718924340.176067829 0.496186 -2.270903 0.034778 -0.013277 -0.012085 -0.791332 0.611124
1718924340.181066036 0.495669 -2.271781 0.034684 -0.013284 -0.012113 -0.791405 0.611028
1718924340.186109781 0.495149 -2.272669 0.034579 -0.013285 -0.012144 -0.791480 0.610930
1718924340.191098928 0.494639 -2.273550 0.034466 -0.013281 -0.012171 -0.791552 0.610836
1718924340.196101427 0.494131 -2.274435 0.034346 -0.013271 -0.012202 -0.791629 0.610736
1718924340.200011253 0.493738 -2.275128 0.034250 -0.013255 -0.012231 -0.791696 0.610650
1718924340.200011253 0.493738 -2.275128 0.034250 -0.013255 -0.012231 -0.791696 0.610650
1718924340.201066017 0.493635 -2.275317 0.034220 -0.013252 -0.012237 -0.791713 0.610626
1718924340.206101418 0.493151 -2.276223 0.034072 -0.013253 -0.012264 -0.791790 0.610527
1718924340.211125851 0.492671 -2.277131 0.033931 -0.013258 -0.012292 -0.791856 0.610440
1718924340.216120720 0.492198 -2.278037 0.033798 -0.013264 -0.012317 -0.791918 0.610359
1718924340.221120119 0.491729 -2.278947 0.033672 -0.013280 -0.012333 -0.791976 0.610283
1718924340.226067066 0.491269 -2.279851 0.033551 -0.013297 -0.012346 -0.792033 0.610208
1718924340.231115818 0.490803 -2.280777 0.033427 -0.013318 -0.012344 -0.792095 0.610128
1718924340.236107349 0.490346 -2.281695 0.033301 -0.013348 -0.012323 -0.792153 0.610052
1718924340.241154194 0.489887 -2.282625 0.033168 -0.013373 -0.012291 -0.792210 0.609978
1718924340.246115685 0.489442 -2.283542 0.033031 -0.013395 -0.012264 -0.792261 0.609912
1718924340.251118422 0.488997 -2.284471 0.032892 -0.013406 -0.012243 -0.792311 0.609847
1718924340.256106377 0.488559 -2.285402 0.032755 -0.013415 -0.012231 -0.792360 0.609784
1718924340.261068821 0.488128 -2.286331 0.032624 -0.013425 -0.012236 -0.792403 0.609727
1718924340.266129017 0.487695 -2.287280 0.032500 -0.013429 -0.012266 -0.792443 0.609674
1718924340.271118641 0.487271 -2.288217 0.032385 -0.013434 -0.012311 -0.792471 0.609637
1718924340.276100636 0.486851 -2.289154 0.032277 -0.013438 -0.012351 -0.792494 0.609606
1718924340.281098604 0.486434 -2.290093 0.032170 -0.013431 -0.012380 -0.792516 0.609577
1718924340.286100388 0.486019 -2.291031 0.032061 -0.013414 -0.012414 -0.792540 0.609546
1718924340.291065454 0.485610 -2.291962 0.031948 -0.013400 -0.012454 -0.792571 0.609505
1718924340.296109438 0.485194 -2.292906 0.031829 -0.013394 -0.012488 -0.792605 0.609460
1718924340.299993992 0.484872 -2.293632 0.031734 -0.013395 -0.012507 -0.792633 0.609424
1718924340.299993992 0.484872 -2.293632 0.031734 -0.013395 -0.012507 -0.792633 0.609424
1718924340.301105499 0.484778 -2.293838 0.031704 -0.013391 -0.012519 -0.792643 0.609411
1718924340.306070328 0.484359 -2.294759 0.031565 -0.013371 -0.012555 -0.792688 0.609352
1718924340.311056852 0.483939 -2.295682 0.031423 -0.013352 -0.012602 -0.792728 0.609299
1718924340.361067057 0.479517 -2.304847 0.029660 -0.013769 -0.011920 -0.793318 0.608536
1718924340.366130352 0.479050 -2.305776 0.029475 -0.013770 -0.011906 -0.793396 0.608433
1718924340.371103048 0.478588 -2.306688 0.029292 -0.013767 -0.011877 -0.793466 0.608343
1718924340.376064301 0.478125 -2.307600 0.029108 -0.013771 -0.011838 -0.793532 0.608258
1718924340.381094694 0.477655 -2.308527 0.028924 -0.013781 -0.011791 -0.793594 0.608177
1718924340.386060953 0.477191 -2.309446 0.028746 -0.013792 -0.011745 -0.793650 0.608105
1718924340.391088009 0.476724 -2.310379 0.028568 -0.013803 -0.011699 -0.793703 0.608036
1718924340.396061182 0.476265 -2.311305 0.028395 -0.013816 -0.011650 -0.793750 0.607975
1718924340.399971008 0.475907 -2.312036 0.028260 -0.013828 -0.011601 -0.793791 0.607922
1718924340.399971008 0.475907 -2.312036 0.028260 -0.013828 -0.011601 -0.793791 0.607922
1718924340.401095629 0.475805 -2.312247 0.028218 -0.013834 -0.011583 -0.793802 0.607909
1718924340.406063318 0.475358 -2.313180 0.028026 -0.013881 -0.011472 -0.793841 0.607859
1718924340.411105871 0.474911 -2.314131 0.027828 -0.013934 -0.011343 -0.793874 0.607816
1718924340.416152477 0.474468 -2.315089 0.027627 -0.013993 -0.011198 -0.793905 0.607777
1718924340.421093702 0.474040 -2.316030 0.027427 -0.014055 -0.011052 -0.793940 0.607733
1718924340.426135778 0.473609 -2.316996 0.027221 -0.014124 -0.010889 -0.793978 0.607684
1718924340.431149006 0.473186 -2.317961 0.027015 -0.014200 -0.010719 -0.794021 0.607629
1718924340.436167240 0.472770 -2.318930 0.026810 -0.014276 -0.010558 -0.794068 0.607570
1718924340.441111565 0.472367 -2.319889 0.026607 -0.014350 -0.010430 -0.794113 0.607512
1718924340.446083546 0.471971 -2.320857 0.026401 -0.014411 -0.010344 -0.794166 0.607442
1718924340.451071024 0.471581 -2.321833 0.026190 -0.014461 -0.010288 -0.794228 0.607361
1718924340.456060410 0.471197 -2.322811 0.025976 -0.014510 -0.010253 -0.794288 0.607282
1718924340.461062908 0.470817 -2.323794 0.025758 -0.014555 -0.010229 -0.794343 0.607209
1718924340.466056824 0.470441 -2.324775 0.025542 -0.014587 -0.010208 -0.794394 0.607141
1718924340.471058369 0.470067 -2.325756 0.025328 -0.014621 -0.010182 -0.794446 0.607074
1718924340.476106405 0.469692 -2.326746 0.025119 -0.014652 -0.010151 -0.794493 0.607012
1718924340.481116533 0.469320 -2.327729 0.024917 -0.014689 -0.010119 -0.794531 0.606961
1718924340.486116409 0.468948 -2.328712 0.024720 -0.014723 -0.010091 -0.794562 0.606920
1718924340.491081238 0.468577 -2.329690 0.024524 -0.014758 -0.010047 -0.794590 0.606884
1718924340.496080875 0.468202 -2.330676 0.024323 -0.014793 -0.010006 -0.794614 0.606852
1718924340.499994993 0.467907 -2.331448 0.024163 -0.014813 -0.009986 -0.794628 0.606833
1718924340.499994993 0.467907 -2.331448 0.024163 -0.014813 -0.009986 -0.794628 0.606833
1718924340.501062870 0.467828 -2.331659 0.024115 -0.014815 -0.009986 -0.794634 0.606826
1718924340.506060362 0.467458 -2.332649 0.023888 -0.014824 -0.009982 -0.794654 0.606799
1718924340.511065245 0.467088 -2.333641 0.023660 -0.014825 -0.009988 -0.794669 0.606779
1718924340.566061258 0.462990 -2.344894 0.020775 -0.015928 -0.008066 -0.794666 0.606784
1718924340.571068048 0.462597 -2.345936 0.020535 -0.015961 -0.007983 -0.794703 0.606737
1718924340.576061964 0.462207 -2.346979 0.020298 -0.015988 -0.007901 -0.794742 0.606686
1718924340.581069708 0.461818 -2.348029 0.020062 -0.016020 -0.007829 -0.794783 0.606632
1718924340.586055756 0.461434 -2.349079 0.019827 -0.016053 -0.007761 -0.794838 0.606560
1718924340.591053247 0.461053 -2.350138 0.019592 -0.016092 -0.007698 -0.794897 0.606482
1718924340.596058369 0.460674 -2.351205 0.019355 -0.016139 -0.007626 -0.794957 0.606403
1718924340.601062298 0.460299 -2.352279 0.019118 -0.016189 -0.007541 -0.795021 0.606319
1718924340.606058598 0.459928 -2.353357 0.018880 -0.016240 -0.007451 -0.795091 0.606226
1718924340.611062050 0.459560 -2.354441 0.018639 -0.016295 -0.007352 -0.795166 0.606128
1718924340.616068602 0.459195 -2.355530 0.018393 -0.016348 -0.007253 -0.795245 0.606025
1718924340.621085882 0.458833 -2.356629 0.018142 -0.016397 -0.007170 -0.795317 0.605929
1718924340.626076937 0.458477 -2.357728 0.017889 -0.016444 -0.007108 -0.795386 0.605839
1718924340.631074429 0.458127 -2.358835 0.017635 -0.016472 -0.007078 -0.795454 0.605749
1718924340.636076450 0.457784 -2.359951 0.017381 -0.016487 -0.007067 -0.795513 0.605670
1718924340.641077518 0.457448 -2.361073 0.017129 -0.016497 -0.007063 -0.795564 0.605604
1718924340.646065950 0.457117 -2.362196 0.016880 -0.016504 -0.007052 -0.795601 0.605555
1718924340.651070595 0.456791 -2.363325 0.016633 -0.016508 -0.007032 -0.795627 0.605521
1718924340.656061172 0.456472 -2.364453 0.016387 -0.016518 -0.007018 -0.795636 0.605509
1718924340.661061764 0.456161 -2.365586 0.016142 -0.016523 -0.007008 -0.795630 0.605517
1718924340.666078329 0.455857 -2.366725 0.015896 -0.016535 -0.007002 -0.795605 0.605549
1718924340.671070576 0.455561 -2.367861 0.015652 -0.016553 -0.006992 -0.795563 0.605604
1718924340.676066399 0.455271 -2.368998 0.015406 -0.016579 -0.006965 -0.795507 0.605678
1718924340.681071281 0.454988 -2.370139 0.015157 -0.016606 -0.006925 -0.795434 0.605773
1718924340.686053753 0.454715 -2.371276 0.014907 -0.016632 -0.006873 -0.795351 0.605882
1718924340.691067934 0.454447 -2.372422 0.014654 -0.016665 -0.006816 -0.795249 0.606016
1718924340.696068525 0.454187 -2.373568 0.014402 -0.016706 -0.006754 -0.795138 0.606160
1718924340.699898243 0.453994 -2.374447 0.014210 -0.016742 -0.006695 -0.795046 0.606281
1718924340.699898243 0.453994 -2.374447 0.014210 -0.016742 -0.006695 -0.795046 0.606281
1718924340.701052666 0.453941 -2.374713 0.014146 -0.016750 -0.006682 -0.795019 0.606317
1718924340.706058979 0.453718 -2.375869 0.013868 -0.016797 -0.006613 -0.794889 0.606487
1718924340.711107969 0.453505 -2.377036 0.013591 -0.016856 -0.006539 -0.794741 0.606680
1718924340.716113091 0.453306 -2.378194 0.013321 -0.016925 -0.006453 -0.794569 0.606903
1718924340.721094847 0.453121 -2.379349 0.013055 -0.017010 -0.006348 -0.794372 0.607161
1718924340.800015211 0.451507 -2.396891 0.008607 -0.018562 -0.001339 -0.785384 0.618729
1718924340.800015211 0.451507 -2.396891 0.008607 -0.018562 -0.001339 -0.785384 0.618729
1718924340.826112747 0.451538 -2.402497 0.007264 -0.019210 0.000607 -0.782231 0.622692
1718924340.831066847 0.451587 -2.403544 0.006988 -0.019285 0.000901 -0.781639 0.623433
1718924340.836061478 0.451649 -2.404600 0.006705 -0.019370 0.001212 -0.781016 0.624209
1718924340.841104031 0.451721 -2.405668 0.006414 -0.019497 0.001544 -0.780367 0.625016
1718924340.846077919 0.451802 -2.406724 0.006126 -0.019635 0.001872 -0.779698 0.625846
1718924340.851097107 0.451902 -2.407791 0.005828 -0.019741 0.002122 -0.778992 0.626719
1718924340.856074572 0.452026 -2.408855 0.005513 -0.019779 0.002272 -0.778264 0.627622
1718924340.861091137 0.452177 -2.409935 0.005173 -0.019724 0.002309 -0.777503 0.628565
1718924340.866104126 0.452353 -2.411021 0.004815 -0.019593 0.002236 -0.776714 0.629544
1718924340.871055841 0.452549 -2.412099 0.004451 -0.019409 0.002138 -0.775881 0.630577
1718924340.876070261 0.452761 -2.413195 0.004075 -0.019206 0.002115 -0.774981 0.631689
1718924340.881094694 0.452972 -2.414297 0.003697 -0.019063 0.002233 -0.774033 0.632855
1718924340.886096954 0.453183 -2.415395 0.003329 -0.018955 0.002417 -0.773069 0.634034
1718924340.891102314 0.453412 -2.416500 0.002966 -0.018803 0.002525 -0.772085 0.635236
1718924340.896047354 0.453666 -2.417603 0.002610 -0.018609 0.002499 -0.771077 0.636466
1718924340.899997950 0.453885 -2.418492 0.002326 -0.018433 0.002409 -0.770231 0.637494
1718924340.899997950 0.453885 -2.418492 0.002326 -0.018433 0.002409 -0.770231 0.637494
1718924340.901122570 0.453949 -2.418749 0.002234 -0.018381 0.002385 -0.769989 0.637788
1718924340.906090260 0.454230 -2.419886 0.001830 -0.018222 0.002410 -0.768850 0.639164
1718924340.911055326 0.454493 -2.421022 0.001439 -0.018167 0.002619 -0.767645 0.640612
1718924340.931116104 0.455732 -2.425771 -0.000254 -0.017574 0.003247 -0.761584 0.647819
1718924340.936104536 0.456111 -2.426961 -0.000610 -0.017445 0.003440 -0.760014 0.649663
1718924340.941097260 0.456506 -2.428168 -0.000965 -0.017318 0.003695 -0.758371 0.651583
1718924340.946065903 0.456917 -2.429383 -0.001321 -0.017160 0.003956 -0.756697 0.653529
1718924340.951055050 0.457352 -2.430612 -0.001680 -0.016967 0.004141 -0.754997 0.655495
1718924340.956064463 0.457816 -2.431853 -0.002039 -0.016736 0.004264 -0.753259 0.657497
1718924340.961061954 0.458301 -2.433102 -0.002394 -0.016536 0.004382 -0.751477 0.659537
1718924340.966078997 0.458798 -2.434371 -0.002755 -0.016395 0.004566 -0.749667 0.661596
1718924340.971065283 0.459294 -2.435640 -0.003122 -0.016306 0.004825 -0.747873 0.663624
1718924340.976056099 0.459789 -2.436914 -0.003499 -0.016270 0.005145 -0.746086 0.665631
1718924340.981050253 0.460286 -2.438192 -0.003890 -0.016188 0.005430 -0.744309 0.667617
1718924340.986037970 0.460782 -2.439477 -0.004314 -0.015985 0.005670 -0.742541 0.669586
1718924340.991049290 0.461268 -2.440775 -0.004774 -0.015699 0.005942 -0.740793 0.671524
1718924340.996033192 0.461734 -2.442065 -0.005247 -0.015437 0.006295 -0.739042 0.673453
1718924341.001051903 0.462216 -2.443373 -0.005757 -0.015081 0.006502 -0.737253 0.675417
1718924341.006047726 0.462734 -2.444691 -0.006331 -0.014604 0.006456 -0.735469 0.677370
1718924341.011050224 0.463264 -2.446019 -0.006981 -0.014133 0.006379 -0.733764 0.679228
1718924341.016059875 0.463772 -2.447349 -0.007682 -0.013824 0.006375 -0.732190 0.680931
1718924341.021065712 0.464249 -2.448672 -0.008388 -0.013721 0.006511 -0.730741 0.682485
1718924341.026073217 0.464707 -2.449993 -0.009065 -0.013757 0.006730 -0.729408 0.683907
1718924341.031044483 0.465161 -2.451312 -0.009680 -0.013788 0.006899 -0.728173 0.685220
1718924341.036052227 0.465624 -2.452656 -0.010226 -0.013783 0.006996 -0.726966 0.686500
1718924341.041046381 0.466093 -2.454009 -0.010695 -0.013740 0.007040 -0.725782 0.687751
1718924341.046049118 0.466579 -2.455376 -0.011097 -0.013671 0.007055 -0.724603 0.688995
1718924341.051054001 0.467090 -2.456760 -0.011435 -0.013603 0.006984 -0.723393 0.690267
1718924341.056048155 0.467615 -2.458165 -0.011714 -0.013604 0.006919 -0.722142 0.691576
1718924341.061036348 0.468146 -2.459581 -0.011959 -0.013636 0.006886 -0.720876 0.692896
1718924341.066056967 0.468691 -2.461009 -0.012198 -0.013628 0.006859 -0.719594 0.694227
1718924341.071100473 0.469246 -2.462448 -0.012443 -0.013617 0.006850 -0.718278 0.695590
1718924341.076046705 0.469796 -2.463865 -0.012694 -0.013602 0.006840 -0.716957 0.696951
1718924341.081034899 0.470356 -2.465299 -0.012984 -0.013572 0.006828 -0.715605 0.698340
1718924341.086045980 0.470932 -2.466749 -0.013328 -0.013518 0.006772 -0.714214 0.699764
1718924341.091032505 0.471522 -2.468202 -0.013714 -0.013481 0.006682 -0.712793 0.701213
1718924341.096037149 0.472123 -2.469669 -0.014147 -0.013455 0.006585 -0.711329 0.702700
1718924341.099983215 0.472600 -2.470828 -0.014521 -0.013431 0.006525 -0.710151 0.703891
1718924341.099983215 0.472600 -2.470828 -0.014521 -0.013431 0.006525 -0.710151 0.703891
1718924341.101084709 0.472738 -2.471152 -0.014633 -0.013425 0.006501 -0.709826 0.704219
1718924341.106029510 0.473363 -2.472609 -0.015161 -0.013369 0.006399 -0.708333 0.705723
1718924341.111041069 0.474001 -2.474090 -0.015731 -0.013342 0.006361 -0.706778 0.707281
1718924341.116037369 0.474637 -2.475571 -0.016327 -0.013371 0.006375 -0.705209 0.708845
1718924341.199967146 0.476241 -2.499638 -0.020154 -0.017726 0.003452 -0.694515 0.719252
1718924341.199967146 0.476241 -2.499638 -0.020154 -0.017726 0.003452 -0.694515 0.719252
1718924341.216086388 0.474453 -2.503995 -0.019572 -0.018573 0.002962 -0.692381 0.721287
1718924341.221109867 0.473765 -2.505361 -0.019288 -0.018893 0.002806 -0.691911 0.721730
1718924341.226047039 0.473024 -2.506689 -0.019039 -0.019231 0.002703 -0.691613 0.722007
1718924341.231038570 0.472240 -2.508018 -0.018838 -0.019495 0.002556 -0.691462 0.722145
1718924341.236034632 0.471461 -2.509346 -0.018689 -0.019574 0.002279 -0.691432 0.722173
1718924341.241086721 0.470709 -2.510689 -0.018577 -0.019484 0.001856 -0.691478 0.722132
1718924341.246081114 0.469998 -2.512015 -0.018494 -0.019325 0.001498 -0.691578 0.722042
1718924341.251034021 0.469302 -2.513328 -0.018419 -0.019249 0.001361 -0.691739 0.721890
1718924341.256037712 0.468579 -2.514655 -0.018323 -0.019371 0.001511 -0.691962 0.721672
1718924341.261043072 0.467829 -2.515987 -0.018208 -0.019622 0.001815 -0.692232 0.721406
1718924341.266033173 0.467064 -2.517324 -0.018080 -0.019864 0.002076 -0.692539 0.721104
1718924341.271038771 0.466285 -2.518674 -0.017941 -0.020018 0.002201 -0.692881 0.720771
1718924341.276079416 0.465487 -2.520040 -0.017801 -0.020093 0.002225 -0.693217 0.720446
1718924341.281101227 0.464678 -2.521411 -0.017668 -0.020112 0.002182 -0.693519 0.720154
1718924341.286106586 0.463862 -2.522791 -0.017540 -0.020115 0.002123 -0.693778 0.719905
1718924341.291067123 0.463041 -2.524171 -0.017417 -0.020164 0.002125 -0.693983 0.719706
1718924341.296070814 0.462195 -2.525569 -0.017295 -0.020279 0.002205 -0.694148 0.719543
1718924341.299990177 0.461518 -2.526670 -0.017199 -0.020363 0.002268 -0.694237 0.719454
1718924341.299990177 0.461518 -2.526670 -0.017199 -0.020363 0.002268 -0.694237 0.719454
1718924341.301065207 0.461333 -2.526974 -0.017175 -0.020385 0.002281 -0.694265 0.719428
1718924341.306029558 0.460466 -2.528384 -0.017065 -0.020423 0.002270 -0.694339 0.719355
1718924341.311023474 0.459575 -2.529813 -0.016951 -0.020414 0.002194 -0.694376 0.719320
1718924341.361081123 0.450337 -2.544377 -0.015387 -0.019774 0.001215 -0.692539 0.721108
1718924341.366037846 0.449407 -2.545829 -0.015184 -0.019750 0.001118 -0.692400 0.721242
1718924341.371050358 0.448466 -2.547298 -0.014961 -0.019733 0.001032 -0.692281 0.721358
1718924341.376090050 0.447526 -2.548776 -0.014722 -0.019713 0.000924 -0.692175 0.721460
1718924341.381047249 0.446611 -2.550231 -0.014475 -0.019695 0.000804 -0.692085 0.721547
1718924341.386032104 0.445697 -2.551694 -0.014219 -0.019667 0.000666 -0.692021 0.721609
1718924341.391024113 0.444790 -2.553156 -0.013963 -0.019620 0.000505 -0.691990 0.721641
1718924341.396026134 0.443888 -2.554615 -0.013708 -0.019554 0.000323 -0.691996 0.721636
1718924341.399994135 0.443178 -2.555769 -0.013505 -0.019507 0.000161 -0.692033 0.721602
1718924341.399994135 0.443178 -2.555769 -0.013505 -0.019507 0.000161 -0.692033 0.721602
1718924341.401065111 0.442988 -2.556081 -0.013456 -0.019493 0.000117 -0.692042 0.721594
1718924341.406027079 0.442114 -2.557524 -0.013228 -0.019446 -0.000079 -0.692115 0.721526
1718924341.411060810 0.441234 -2.558984 -0.012993 -0.019438 -0.000251 -0.692214 0.721430
1718924341.416038990 0.440369 -2.560425 -0.012758 -0.019452 -0.000403 -0.692328 0.721321
1718924341.421035528 0.439508 -2.561868 -0.012522 -0.019477 -0.000542 -0.692460 0.721193
1718924341.426058531 0.438651 -2.563314 -0.012289 -0.019485 -0.000665 -0.692620 0.721039
1718924341.431039572 0.437811 -2.564740 -0.012065 -0.019466 -0.000780 -0.692790 0.720877
1718924341.436027527 0.436982 -2.566160 -0.011844 -0.019423 -0.000898 -0.692961 0.720713
1718924341.441077948 0.436155 -2.567593 -0.011620 -0.019370 -0.001009 -0.693131 0.720550
1718924341.446027040 0.435356 -2.568994 -0.011398 -0.019342 -0.001097 -0.693296 0.720392
1718924341.451027870 0.434562 -2.570406 -0.011174 -0.019344 -0.001172 -0.693446 0.720247
1718924341.456079245 0.433775 -2.571827 -0.010949 -0.019370 -0.001240 -0.693576 0.720122
1718924341.461036444 0.433019 -2.573218 -0.010732 -0.019406 -0.001292 -0.693682 0.720019
1718924341.466033936 0.432273 -2.574616 -0.010520 -0.019436 -0.001341 -0.693764 0.719939
1718924341.471024990 0.431546 -2.576009 -0.010316 -0.019442 -0.001403 -0.693825 0.719880
1718924341.476032019 0.430834 -2.577403 -0.010116 -0.019417 -0.001474 -0.693865 0.719842
1718924341.481040478 0.430139 -2.578795 -0.009919 -0.019388 -0.001552 -0.693878 0.719830
1718924341.486062765 0.429459 -2.580191 -0.009719 -0.019363 -0.001638 -0.693858 0.719850
1718924341.491062403 0.428799 -2.581579 -0.009516 -0.019329 -0.001735 -0.693816 0.719891
1718924341.496065140 0.428151 -2.582964 -0.009305 -0.019301 -0.001836 -0.693758 0.719948
1718924341.499993324 0.427650 -2.584048 -0.009135 -0.019291 -0.001917 -0.693698 0.720005
1718924341.499993324 0.427650 -2.584048 -0.009135 -0.019291 -0.001917 -0.693698 0.720005
1718924341.501026392 0.427519 -2.584332 -0.009092 -0.019290 -0.001938 -0.693685 0.720017
1718924341.506064177 0.426886 -2.585717 -0.008881 -0.019277 -0.002051 -0.693609 0.720090
1718924341.511021614 0.426270 -2.587073 -0.008678 -0.019248 -0.002163 -0.693524 0.720173
1718924341.561036587 0.420041 -2.600455 -0.006760 -0.018998 -0.002872 -0.693366 0.720329
1718924341.566039562 0.419410 -2.601768 -0.006543 -0.019015 -0.002921 -0.693389 0.720307
1718924341.571071386 0.418776 -2.603084 -0.006328 -0.019034 -0.002957 -0.693420 0.720276
1718924341.576029301 0.418155 -2.604375 -0.006119 -0.019056 -0.002981 -0.693460 0.720237
1718924341.581026554 0.417536 -2.605672 -0.005914 -0.019079 -0.003007 -0.693497 0.720200
1718924341.586028337 0.416923 -2.606968 -0.005713 -0.019099 -0.003029 -0.693538 0.720161
1718924341.591020346 0.416321 -2.608259 -0.005513 -0.019119 -0.003054 -0.693583 0.720116
1718924341.596023321 0.415731 -2.609550 -0.005312 -0.019145 -0.003078 -0.693621 0.720080
1718924341.599983215 0.415274 -2.610568 -0.005150 -0.019166 -0.003094 -0.693644 0.720057
1718924341.599983215 0.415274 -2.610568 -0.005150 -0.019166 -0.003094 -0.693644 0.720057
1718924341.601022243 0.415156 -2.610834 -0.005111 -0.019170 -0.003100 -0.693649 0.720051
1718924341.606024981 0.414604 -2.612110 -0.004927 -0.019173 -0.003139 -0.693663 0.720038
1718924341.611020803 0.414068 -2.613382 -0.004738 -0.019176 -0.003182 -0.693669 0.720031
1718924341.616038084 0.413544 -2.614655 -0.004543 -0.019171 -0.003228 -0.693662 0.720038
1718924341.621026993 0.413039 -2.615918 -0.004349 -0.019158 -0.003278 -0.693639 0.720061
1718924341.626031399 0.412547 -2.617181 -0.004156 -0.019142 -0.003324 -0.693604 0.720094
1718924341.631039619 0.412068 -2.618441 -0.003966 -0.019131 -0.003368 -0.693561 0.720136
1718924341.636022091 0.411605 -2.619692 -0.003781 -0.019136 -0.003417 -0.693520 0.720176
1718924341.641077042 0.411147 -2.620957 -0.003599 -0.019142 -0.003468 -0.693472 0.720221
1718924341.646028280 0.410709 -2.622193 -0.003424 -0.019143 -0.003509 -0.693417 0.720273
1718924341.651030540 0.410275 -2.623438 -0.003249 -0.019139 -0.003553 -0.693357 0.720331
1718924341.656023026 0.409850 -2.624677 -0.003075 -0.019131 -0.003605 -0.693295 0.720391
1718924341.661033869 0.409430 -2.625917 -0.002896 -0.019113 -0.003665 -0.693231 0.720452
1718924341.666028500 0.409017 -2.627150 -0.002712 -0.019089 -0.003726 -0.693174 0.720508
1718924341.671066523 0.408602 -2.628392 -0.002520 -0.019061 -0.003774 -0.693128 0.720553
1718924341.676029444 0.408194 -2.629612 -0.002326 -0.019030 -0.003806 -0.693079 0.720600
1718924341.681030989 0.407783 -2.630836 -0.002128 -0.019005 -0.003833 -0.693030 0.720648
1718924341.686024666 0.407372 -2.632054 -0.001933 -0.018993 -0.003858 -0.692997 0.720680
1718924341.691018343 0.406960 -2.633269 -0.001744 -0.018988 -0.003885 -0.692971 0.720705
1718924341.696023464 0.406546 -2.634482 -0.001561 -0.018982 -0.003911 -0.692953 0.720722
1718924341.699896097 0.406223 -2.635417 -0.001423 -0.018983 -0.003932 -0.692952 0.720723
1718924341.699896097 0.406223 -2.635417 -0.001423 -0.018983 -0.003932 -0.692952 0.720723
1718924341.701017380 0.406128 -2.635689 -0.001387 -0.018987 -0.003935 -0.692953 0.720722
1718924341.706025600 0.405703 -2.636897 -0.001227 -0.019001 -0.003967 -0.692972 0.720703
1718924341.711021423 0.405278 -2.638098 -0.001064 -0.019015 -0.004019 -0.692995 0.720680
1718924341.716025352 0.404851 -2.639298 -0.000892 -0.019037 -0.004070 -0.693026 0.720649
1718924341.791020632 0.399417 -2.657163 0.001647 -0.018499 -0.004710 -0.692247 0.721408
1718924341.796029806 0.399114 -2.658347 0.001825 -0.018491 -0.004726 -0.692202 0.721451
1718924341.800001144 0.398879 -2.659285 0.001965 -0.018479 -0.004744 -0.692165 0.721488
1718924341.800001144 0.398879 -2.659285 0.001965 -0.018479 -0.004744 -0.692165 0.721488
1718924341.801018000 0.398820 -2.659525 0.001996 -0.018473 -0.004752 -0.692154 0.721498
1718924341.806025028 0.398540 -2.660707 0.002148 -0.018431 -0.004814 -0.692096 0.721554
1718924341.811019659 0.398267 -2.661887 0.002297 -0.018384 -0.004884 -0.692037 0.721611
1718924341.816027164 0.398000 -2.663071 0.002447 -0.018343 -0.004951 -0.691977 0.721670
1718924341.821033239 0.397739 -2.664253 0.002597 -0.018298 -0.005007 -0.691915 0.721730
1718924341.826045752 0.397482 -2.665434 0.002748 -0.018251 -0.005059 -0.691858 0.721785
1718924341.831030607 0.397232 -2.666609 0.002899 -0.018207 -0.005102 -0.691810 0.721832
1718924341.836020470 0.396985 -2.667783 0.003051 -0.018171 -0.005139 -0.691767 0.721874
1718924341.841027975 0.396742 -2.668958 0.003204 -0.018135 -0.005171 -0.691731 0.721909
1718924341.846018553 0.396504 -2.670122 0.003358 -0.018095 -0.005206 -0.691699 0.721941
1718924341.851023197 0.396269 -2.671279 0.003513 -0.018064 -0.005246 -0.691672 0.721967
1718924341.856031656 0.396038 -2.672429 0.003670 -0.018041 -0.005290 -0.691656 0.721982
1718924341.861036062 0.395813 -2.673570 0.003829 -0.018029 -0.005346 -0.691651 0.721987
1718924341.866029501 0.395592 -2.674701 0.003990 -0.018022 -0.005401 -0.691653 0.721985
1718924341.871035099 0.395377 -2.675826 0.004152 -0.018021 -0.005450 -0.691659 0.721978
1718924341.876038790 0.395166 -2.676939 0.004313 -0.018025 -0.005499 -0.691671 0.721967
1718924341.881031513 0.394961 -2.678041 0.004473 -0.018023 -0.005552 -0.691694 0.721945
1718924341.886025190 0.394763 -2.679137 0.004631 -0.018007 -0.005610 -0.691723 0.721917
1718924341.891056776 0.394568 -2.680238 0.004791 -0.017987 -0.005671 -0.691751 0.721890
1718924341.896025419 0.394380 -2.681322 0.004948 -0.017967 -0.005727 -0.691775 0.721867
1718924341.900011063 0.394233 -2.682191 0.005073 -0.017957 -0.005764 -0.691789 0.721854
1718924341.900011063 0.394233 -2.682191 0.005073 -0.017957 -0.005764 -0.691789 0.721854
1718924341.901036978 0.394194 -2.682415 0.005101 -0.017956 -0.005771 -0.691793 0.721850
1718924341.906027079 0.394006 -2.683504 0.005234 -0.017952 -0.005797 -0.691819 0.721824
1718924341.911020994 0.393822 -2.684591 0.005365 -0.017943 -0.005818 -0.691849 0.721796
1718924341.956025839 0.392461 -2.694375 0.006415 -0.017143 -0.006679 -0.691447 0.722193
1718924341.961034298 0.392325 -2.695451 0.006590 -0.017116 -0.006712 -0.691409 0.722230
1718924341.966029167 0.392193 -2.696524 0.006767 -0.017093 -0.006739 -0.691363 0.722274
1718924341.971037865 0.392064 -2.697598 0.006945 -0.017081 -0.006755 -0.691311 0.722323
1718924341.976034164 0.391938 -2.698669 0.007121 -0.017066 -0.006760 -0.691250 0.722382
1718924341.981036901 0.391814 -2.699739 0.007292 -0.017051 -0.006766 -0.691186 0.722444
1718924341.986039400 0.391692 -2.700806 0.007457 -0.017027 -0.006784 -0.691120 0.722508
1718924341.991033792 0.391572 -2.701870 0.007618 -0.017000 -0.006812 -0.691055 0.722570
1718924341.996026993 0.391452 -2.702932 0.007778 -0.016976 -0.006849 -0.690994 0.722629
1718924342.001022816 0.391335 -2.703993 0.007936 -0.016966 -0.006886 -0.690940 0.722681
1718924342.006024361 0.391219 -2.705053 0.008097 -0.016963 -0.006917 -0.690881 0.722737
1718924342.011019945 0.391105 -2.706107 0.008259 -0.016962 -0.006936 -0.690821 0.722793
1718924342.016033173 0.390995 -2.707159 0.008424 -0.016963 -0.006953 -0.690773 0.722839
1718924342.021112442 0.390886 -2.708220 0.008596 -0.016963 -0.006974 -0.690731 0.722879
1718924342.026087523 0.390783 -2.709257 0.008767 -0.016963 -0.007002 -0.690692 0.722916
1718924342.031067371 0.390684 -2.710293 0.008943 -0.016955 -0.007037 -0.690648 0.722958
1718924342.036077261 0.390586 -2.711334 0.009122 -0.016937 -0.007078 -0.690616 0.722989
1718924342.041028261 0.390494 -2.712360 0.009299 -0.016914 -0.007118 -0.690596 0.723008
1718924342.046086550 0.390402 -2.713405 0.009481 -0.016887 -0.007157 -0.690571 0.723032
1718924342.051074982 0.390315 -2.714434 0.009659 -0.016863 -0.007184 -0.690551 0.723051
1718924342.056059122 0.390232 -2.715464 0.009836 -0.016849 -0.007203 -0.690542 0.723060
1718924342.061023474 0.390154 -2.716491 0.010008 -0.016838 -0.007219 -0.690539 0.723063
1718924342.066023350 0.390079 -2.717525 0.010177 -0.016830 -0.007236 -0.690540 0.723062
1718924342.071064234 0.390007 -2.718566 0.010342 -0.016818 -0.007251 -0.690543 0.723059
1718924342.076060057 0.389940 -2.719595 0.010502 -0.016804 -0.007270 -0.690555 0.723048
1718924342.081066132 0.389879 -2.720626 0.010659 -0.016792 -0.007301 -0.690574 0.723030
1718924342.086018562 0.389822 -2.721647 0.010814 -0.016789 -0.007318 -0.690602 0.723003
1718924342.091023207 0.389771 -2.722680 0.010971 -0.016790 -0.007325 -0.690628 0.722978
1718924342.096020937 0.389725 -2.723711 0.011129 -0.016791 -0.007333 -0.690645 0.722962
1718924342.099995136 0.389693 -2.724530 0.011256 -0.016789 -0.007344 -0.690662 0.722946
1718924342.099995136 0.389693 -2.724530 0.011256 -0.016789 -0.007344 -0.690662 0.722946
1718924342.101061821 0.389681 -2.724749 0.011285 -0.016790 -0.007344 -0.690667 0.722941
1718924342.106025696 0.389633 -2.725767 0.011420 -0.016794 -0.007357 -0.690688 0.722921
1718924342.111056566 0.389589 -2.726799 0.011560 -0.016787 -0.007372 -0.690707 0.722903
1718924342.116034746 0.389551 -2.727822 0.011702 -0.016775 -0.007403 -0.690718 0.722892
1718924342.171071291 0.389281 -2.739137 0.013400 -0.016245 -0.007863 -0.690263 0.723334
1718924342.199988127 0.389186 -2.745234 0.014362 -0.016027 -0.008165 -0.690087 0.723503
1718924342.199988127 0.389186 -2.745234 0.014362 -0.016027 -0.008165 -0.690087 0.723503
1718924342.201087236 0.389184 -2.745471 0.014395 -0.016020 -0.008175 -0.690081 0.723509
1718924342.206024170 0.389175 -2.746538 0.014537 -0.015977 -0.008229 -0.690055 0.723534
1718924342.211057186 0.389165 -2.747630 0.014680 -0.015938 -0.008281 -0.690033 0.723555
1718924342.216033936 0.389157 -2.748714 0.014819 -0.015897 -0.008316 -0.690017 0.723571
1718924342.221045971 0.389150 -2.749809 0.014956 -0.015858 -0.008351 -0.689997 0.723590
1718924342.226082563 0.389144 -2.750914 0.015091 -0.015820 -0.008392 -0.689987 0.723600
1718924342.231035233 0.389139 -2.752005 0.015222 -0.015787 -0.008438 -0.689983 0.723604
1718924342.236032724 0.389136 -2.753110 0.015353 -0.015749 -0.008489 -0.689988 0.723600
1718924342.241031408 0.389135 -2.754218 0.015483 -0.015711 -0.008540 -0.689991 0.723597
1718924342.246036053 0.389136 -2.755329 0.015614 -0.015675 -0.008598 -0.689996 0.723592
1718924342.251073599 0.389141 -2.756449 0.015747 -0.015641 -0.008661 -0.690001 0.723587
1718924342.256060839 0.389148 -2.757561 0.015881 -0.015611 -0.008721 -0.690014 0.723575
1718924342.261067867 0.389157 -2.758680 0.016018 -0.015591 -0.008781 -0.690033 0.723557
1718924342.266027927 0.389169 -2.759792 0.016155 -0.015571 -0.008844 -0.690050 0.723540
1718924342.271028042 0.389184 -2.760915 0.016294 -0.015545 -0.008908 -0.690065 0.723526
1718924342.276031256 0.389201 -2.762039 0.016434 -0.015520 -0.008969 -0.690074 0.723517
1718924342.281045914 0.389222 -2.763167 0.016574 -0.015494 -0.009029 -0.690080 0.723511
1718924342.286047220 0.389245 -2.764294 0.016712 -0.015466 -0.009086 -0.690083 0.723508
1718924342.291069508 0.389271 -2.765431 0.016850 -0.015434 -0.009136 -0.690075 0.723515
1718924342.296061277 0.389300 -2.766565 0.016984 -0.015399 -0.009184 -0.690073 0.723517
1718924342.299986124 0.389325 -2.767458 0.017089 -0.015374 -0.009215 -0.690078 0.723513
1718924342.299986124 0.389325 -2.767458 0.017089 -0.015374 -0.009215 -0.690078 0.723513
1718924342.301068544 0.389330 -2.767705 0.017115 -0.015372 -0.009218 -0.690080 0.723511
1718924342.306062698 0.389356 -2.768842 0.017235 -0.015358 -0.009231 -0.690085 0.723507
1718924342.311057091 0.389384 -2.769982 0.017354 -0.015345 -0.009250 -0.690084 0.723508
1718924342.361025095 0.390016 -2.781588 0.018346 -0.014714 -0.010081 -0.689718 0.723858
1718924342.366084099 0.390103 -2.782776 0.018455 -0.014697 -0.010115 -0.689685 0.723890
1718924342.371032715 0.390190 -2.783942 0.018561 -0.014683 -0.010136 -0.689658 0.723915
1718924342.376025200 0.390281 -2.785121 0.018670 -0.014667 -0.010153 -0.689640 0.723933
1718924342.381042242 0.390376 -2.786308 0.018781 -0.014651 -0.010168 -0.689622 0.723950
1718924342.386035919 0.390471 -2.787492 0.018893 -0.014636 -0.010178 -0.689599 0.723972
1718924342.391064644 0.390569 -2.788685 0.019005 -0.014625 -0.010193 -0.689573 0.723997
1718924342.396062851 0.390668 -2.789873 0.019117 -0.014614 -0.010219 -0.689543 0.724025
1718924342.399989128 0.390745 -2.790808 0.019203 -0.014603 -0.010244 -0.689526 0.724042
1718924342.399989128 0.390745 -2.790808 0.019203 -0.014603 -0.010244 -0.689526 0.724042
1718924342.401064873 0.390766 -2.791064 0.019223 -0.014599 -0.010253 -0.689521 0.724046
1718924342.406061649 0.390865 -2.792256 0.019310 -0.014573 -0.010301 -0.689502 0.724064
1718924342.411064386 0.390964 -2.793448 0.019393 -0.014547 -0.010346 -0.689486 0.724079
1718924342.416034460 0.391062 -2.794631 0.019474 -0.014519 -0.010397 -0.689465 0.724099
1718924342.421061277 0.391160 -2.795827 0.019557 -0.014490 -0.010461 -0.689451 0.724112
1718924342.426121235 0.391257 -2.797033 0.019643 -0.014459 -0.010528 -0.689441 0.724121
1718924342.431107521 0.391350 -2.798222 0.019733 -0.014424 -0.010590 -0.689436 0.724125
1718924342.436080456 0.391440 -2.799408 0.019828 -0.014391 -0.010646 -0.689433 0.724128
1718924342.441030264 0.391528 -2.800588 0.019927 -0.014359 -0.010699 -0.689425 0.724136
1718924342.446024656 0.391615 -2.801779 0.020030 -0.014322 -0.010745 -0.689422 0.724139
1718924342.451076984 0.391701 -2.802984 0.020135 -0.014284 -0.010786 -0.689428 0.724133
1718924342.456072807 0.391783 -2.804177 0.020237 -0.014243 -0.010831 -0.689443 0.724119
1718924342.461075544 0.391863 -2.805371 0.020336 -0.014207 -0.010872 -0.689462 0.724101
1718924342.466035128 0.391943 -2.806553 0.020431 -0.014170 -0.010915 -0.689476 0.724087
1718924342.471069813 0.392024 -2.807750 0.020523 -0.014127 -0.010963 -0.689493 0.724072
1718924342.476091623 0.392108 -2.808942 0.020615 -0.014090 -0.011008 -0.689514 0.724051
1718924342.481044531 0.392192 -2.810117 0.020708 -0.014068 -0.011050 -0.689532 0.724034
1718924342.486019373 0.392281 -2.811296 0.020804 -0.014059 -0.011092 -0.689544 0.724023
1718924342.491061449 0.392377 -2.812488 0.020905 -0.014049 -0.011130 -0.689557 0.724010
1718924342.496018171 0.392478 -2.813655 0.021005 -0.014036 -0.011169 -0.689566 0.724000
1718924342.499989033 0.392563 -2.814588 0.021086 -0.014025 -0.011203 -0.689573 0.723993
1718924342.499989033 0.392563 -2.814588 0.021086 -0.014025 -0.011203 -0.689573 0.723993
1718924342.501064777 0.392585 -2.814841 0.021107 -0.014025 -0.011207 -0.689576 0.723991
1718924342.506016254 0.392691 -2.816003 0.021198 -0.014025 -0.011237 -0.689584 0.723983
1718924342.511063337 0.392806 -2.817191 0.021289 -0.014030 -0.011272 -0.689589 0.723977
1718924342.566022635 0.394371 -2.830344 0.022070 -0.013660 -0.011814 -0.689364 0.724190
1718924342.571077824 0.394533 -2.831569 0.022157 -0.013654 -0.011817 -0.689360 0.724194
1718924342.576023102 0.394696 -2.832769 0.022244 -0.013646 -0.011825 -0.689342 0.724211
1718924342.581034422 0.394862 -2.833987 0.022334 -0.013630 -0.011829 -0.689320 0.724232
1718924342.586029053 0.395029 -2.835204 0.022428 -0.013609 -0.011844 -0.689301 0.724251
1718924342.596018076 0.395362 -2.837645 0.022622 -0.013550 -0.011870 -0.689272 0.724279
1718924342.599985123 0.395491 -2.838615 0.022703 -0.013531 -0.011876 -0.689257 0.724293
1718924342.599985123 0.395491 -2.838615 0.022703 -0.013531 -0.011876 -0.689257 0.724293
1718924342.601023674 0.395525 -2.838870 0.022720 -0.013524 -0.011879 -0.689253 0.724297
1718924342.606019735 0.395683 -2.840094 0.022795 -0.013486 -0.011901 -0.689226 0.724323
1718924342.611023188 0.395837 -2.841320 0.022869 -0.013448 -0.011920 -0.689203 0.724345
1718924342.616085768 0.395988 -2.842562 0.022942 -0.013412 -0.011943 -0.689198 0.724351
1718924342.621046066 0.396131 -2.843778 0.023013 -0.013383 -0.011970 -0.689193 0.724355
1718924342.626124382 0.396273 -2.845023 0.023086 -0.013364 -0.012002 -0.689181 0.724367
1718924342.631090403 0.396408 -2.846239 0.023159 -0.013350 -0.012035 -0.689164 0.724383
1718924342.636083841 0.396540 -2.847458 0.023236 -0.013340 -0.012066 -0.689154 0.724392
1718924342.641073942 0.396669 -2.848675 0.023315 -0.013343 -0.012104 -0.689149 0.724396
1718924342.646025181 0.396795 -2.849880 0.023397 -0.013350 -0.012147 -0.689148 0.724396
1718924342.651033878 0.396921 -2.851095 0.023483 -0.013356 -0.012194 -0.689152 0.724391
1718924342.656020880 0.397046 -2.852301 0.023569 -0.013363 -0.012238 -0.689159 0.724383
1718924342.661061287 0.397173 -2.853518 0.023658 -0.013369 -0.012280 -0.689172 0.724370
1718924342.666037083 0.397299 -2.854719 0.023747 -0.013369 -0.012324 -0.689184 0.724359
1718924342.671024799 0.397426 -2.855924 0.023836 -0.013368 -0.012368 -0.689200 0.724342
1718924342.676074505 0.397556 -2.857144 0.023925 -0.013374 -0.012400 -0.689222 0.724320
1718924342.681099653 0.397688 -2.858357 0.024009 -0.013380 -0.012429 -0.689253 0.724290
1718924342.686018705 0.397821 -2.859543 0.024087 -0.013385 -0.012455 -0.689285 0.724260
1718924342.691022158 0.397962 -2.860749 0.024164 -0.013390 -0.012480 -0.689311 0.724234
1718924342.696014166 0.398108 -2.861953 0.024237 -0.013394 -0.012503 -0.689324 0.724221
1718924342.699901104 0.398225 -2.862890 0.024296 -0.013398 -0.012518 -0.689338 0.724208
1718924342.699901104 0.398225 -2.862890 0.024296 -0.013398 -0.012518 -0.689338 0.724208
1718924342.701064348 0.398260 -2.863169 0.024314 -0.013402 -0.012518 -0.689343 0.724203
1718924342.706021786 0.398410 -2.864358 0.024389 -0.013422 -0.012532 -0.689363 0.724183
1718924342.711066008 0.398571 -2.865566 0.024468 -0.013443 -0.012551 -0.689375 0.724171
1718924342.716018200 0.398736 -2.866750 0.024547 -0.013455 -0.012575 -0.689386 0.724160
1718924342.756067991 0.400151 -2.876340 0.025217 -0.013135 -0.012729 -0.688972 0.724557
1718924342.761020184 0.400329 -2.877535 0.025297 -0.013128 -0.012717 -0.688927 0.724600
1718924342.766077757 0.400512 -2.878754 0.025379 -0.013127 -0.012702 -0.688882 0.724643
1718924342.771062374 0.400692 -2.879954 0.025462 -0.013132 -0.012692 -0.688834 0.724689
1718924342.776073694 0.400872 -2.881159 0.025548 -0.013144 -0.012686 -0.688785 0.724735
1718924342.781072378 0.401050 -2.882359 0.025634 -0.013155 -0.012686 -0.688743 0.724775
1718924342.786081791 0.401228 -2.883559 0.025721 -0.013161 -0.012681 -0.688711 0.724806
1718924342.791066408 0.401403 -2.884750 0.025807 -0.013165 -0.012675 -0.688677 0.724838
1718924342.796057463 0.401579 -2.885940 0.025893 -0.013174 -0.012670 -0.688643 0.724871
1718924342.799985170 0.401716 -2.886876 0.025962 -0.013182 -0.012662 -0.688619 0.724893
1718924342.799985170 0.401716 -2.886876 0.025962 -0.013182 -0.012662 -0.688619 0.724893
1718924342.801062822 0.401754 -2.887133 0.025972 -0.013184 -0.012660 -0.688612 0.724899
1718924342.806056499 0.401936 -2.888325 0.026005 -0.013193 -0.012655 -0.688589 0.724921
1718924342.811060429 0.402118 -2.889519 0.026039 -0.013205 -0.012657 -0.688575 0.724935
1718924342.816088676 0.402301 -2.890719 0.026075 -0.013212 -0.012666 -0.688568 0.724941
1718924342.821088552 0.402483 -2.891911 0.026112 -0.013218 -0.012671 -0.688568 0.724941
1718924342.826095104 0.402666 -2.893104 0.026148 -0.013220 -0.012676 -0.688570 0.724939
1718924342.831089020 0.402848 -2.894294 0.026182 -0.013230 -0.012678 -0.688577 0.724932
1718924342.836071253 0.403030 -2.895483 0.026213 -0.013240 -0.012675 -0.688597 0.724912
1718924342.841088057 0.403215 -2.896680 0.026241 -0.013254 -0.012672 -0.688620 0.724891
1718924342.846065998 0.403398 -2.897867 0.026266 -0.013269 -0.012669 -0.688644 0.724868
1718924342.851021767 0.403582 -2.899049 0.026290 -0.013289 -0.012676 -0.688666 0.724846
1718924342.856082678 0.403771 -2.900257 0.026314 -0.013306 -0.012690 -0.688689 0.724824
1718924342.861070395 0.403959 -2.901448 0.026338 -0.013318 -0.012696 -0.688720 0.724794
1718924342.866032124 0.404145 -2.902631 0.026363 -0.013331 -0.012711 -0.688752 0.724763
1718924342.871068001 0.404336 -2.903831 0.026389 -0.013338 -0.012733 -0.688776 0.724740
1718924342.876038790 0.404524 -2.905014 0.026415 -0.013342 -0.012751 -0.688796 0.724720
1718924342.881014585 0.404713 -2.906199 0.026442 -0.013346 -0.012772 -0.688808 0.724708
1718924342.886060715 0.404904 -2.907403 0.026471 -0.013347 -0.012793 -0.688820 0.724697
1718924342.891022205 0.405090 -2.908590 0.026501 -0.013345 -0.012809 -0.688832 0.724685
1718924342.896054268 0.405277 -2.909795 0.026531 -0.013331 -0.012814 -0.688840 0.724678
1718924342.900005102 0.405422 -2.910742 0.026558 -0.013317 -0.012812 -0.688844 0.724674
1718924342.900005102 0.405422 -2.910742 0.026558 -0.013317 -0.012812 -0.688844 0.724674
1718924342.901060820 0.405458 -2.910994 0.026570 -0.013313 -0.012809 -0.688845 0.724673
1718924342.906056881 0.405627 -2.912190 0.026623 -0.013288 -0.012801 -0.688850 0.724669
1718924342.911060333 0.405795 -2.913390 0.026675 -0.013265 -0.012788 -0.688853 0.724667
1718924342.941028357 0.406811 -2.920590 0.026840 -0.013179 -0.012825 -0.688674 0.724838
1718924342.946038723 0.406988 -2.921803 0.026887 -0.013182 -0.012817 -0.688651 0.724860
1718924342.951021194 0.407167 -2.923011 0.026933 -0.013189 -0.012808 -0.688628 0.724882
1718924342.956044436 0.407350 -2.924229 0.026982 -0.013194 -0.012799 -0.688596 0.724912
1718924342.961018801 0.407534 -2.925437 0.027031 -0.013196 -0.012791 -0.688577 0.724931
1718924342.966039658 0.407722 -2.926657 0.027084 -0.013198 -0.012787 -0.688560 0.724947
1718924342.971028805 0.407911 -2.927873 0.027140 -0.013201 -0.012784 -0.688540 0.724965
1718924342.976056576 0.408103 -2.929100 0.027197 -0.013203 -0.012785 -0.688525 0.724980
1718924342.981031179 0.408294 -2.930314 0.027255 -0.013201 -0.012793 -0.688515 0.724989
1718924342.986058474 0.408488 -2.931540 0.027312 -0.013195 -0.012795 -0.688506 0.724998
1718924342.991014242 0.408679 -2.932748 0.027367 -0.013200 -0.012796 -0.688495 0.725008
1718924342.996017933 0.408871 -2.933968 0.027422 -0.013203 -0.012803 -0.688490 0.725013
1718924343.001021624 0.409063 -2.935190 0.027476 -0.013201 -0.012807 -0.688492 0.725011
1718924343.006017685 0.409252 -2.936410 0.027529 -0.013201 -0.012810 -0.688499 0.725004
1718924343.011031389 0.409440 -2.937633 0.027582 -0.013205 -0.012815 -0.688508 0.724995
1718924343.016026258 0.409627 -2.938849 0.027635 -0.013203 -0.012831 -0.688526 0.724978
1718924343.021088600 0.409815 -2.940081 0.027689 -0.013205 -0.012847 -0.688546 0.724959
1718924343.026029825 0.409996 -2.941282 0.027745 -0.013204 -0.012862 -0.688561 0.724944
1718924343.031032562 0.410176 -2.942497 0.027807 -0.013207 -0.012884 -0.688573 0.724932
1718924343.036025286 0.410353 -2.943707 0.027874 -0.013202 -0.012914 -0.688594 0.724911
1718924343.041034698 0.410528 -2.944918 0.027947 -0.013183 -0.012939 -0.688625 0.724882
1718924343.046044827 0.410699 -2.946126 0.028023 -0.013164 -0.012958 -0.688663 0.724846
1718924343.051023483 0.410864 -2.947324 0.028099 -0.013150 -0.012966 -0.688702 0.724809
1718924343.056031227 0.411024 -2.948527 0.028174 -0.013145 -0.012971 -0.688741 0.724772
1718924343.061037302 0.411180 -2.949727 0.028245 -0.013140 -0.012976 -0.688781 0.724735
1718924343.066020250 0.411331 -2.950918 0.028311 -0.013137 -0.012978 -0.688824 0.724693
1718924343.071032524 0.411480 -2.952112 0.028372 -0.013137 -0.012979 -0.688870 0.724650
1718924343.076015711 0.411626 -2.953297 0.028431 -0.013136 -0.012980 -0.688907 0.724614
1718924343.081027508 0.411773 -2.954487 0.028489 -0.013136 -0.012987 -0.688941 0.724582
1718924343.086054564 0.411920 -2.955679 0.028550 -0.013142 -0.012992 -0.688973 0.724551
1718924343.091037750 0.412067 -2.956858 0.028612 -0.013143 -0.012989 -0.688994 0.724532
1718924343.096013308 0.412216 -2.958031 0.028678 -0.013139 -0.012989 -0.689012 0.724514
1718924343.099985123 0.412337 -2.958968 0.028733 -0.013140 -0.012997 -0.689022 0.724505
1718924343.099985123 0.412337 -2.958968 0.028733 -0.013140 -0.012997 -0.689022 0.724505
1718924343.101067305 0.412369 -2.959223 0.028745 -0.013141 -0.012998 -0.689025 0.724502
1718924343.106022358 0.412516 -2.960391 0.028804 -0.013156 -0.013006 -0.689025 0.724502
1718924343.111016273 0.412668 -2.961570 0.028864 -0.013172 -0.013017 -0.689024 0.724502
1718924343.116083860 0.412826 -2.962765 0.028923 -0.013189 -0.013030 -0.689024 0.724501
1718924343.199989080 0.415163 -2.982714 0.029633 -0.012837 -0.013037 -0.689565 0.723992
1718924343.199989080 0.415163 -2.982714 0.029633 -0.012837 -0.013037 -0.689565 0.723992
1718924343.226065874 0.415791 -2.988948 0.029760 -0.012710 -0.013028 -0.689708 0.723859
1718924343.231146574 0.415908 -2.990161 0.029795 -0.012697 -0.013021 -0.689750 0.723819
1718924343.236104727 0.416021 -2.991346 0.029833 -0.012695 -0.013003 -0.689785 0.723786
1718924343.241067171 0.416131 -2.992533 0.029873 -0.012709 -0.012979 -0.689810 0.723762
1718924343.246059895 0.416241 -2.993727 0.029918 -0.012729 -0.012954 -0.689838 0.723736
1718924343.251112938 0.416352 -2.994937 0.029967 -0.012753 -0.012929 -0.689863 0.723712
1718924343.256099224 0.416460 -2.996131 0.030018 -0.012776 -0.012901 -0.689886 0.723690
1718924343.261132956 0.416571 -2.997336 0.030070 -0.012794 -0.012871 -0.689897 0.723680
1718924343.266098738 0.416680 -2.998524 0.030121 -0.012805 -0.012844 -0.689903 0.723675
1718924343.271109819 0.416791 -2.999726 0.030170 -0.012816 -0.012816 -0.689909 0.723669
1718924343.276109695 0.416903 -3.000929 0.030219 -0.012831 -0.012786 -0.689922 0.723657
1718924343.281073332 0.417015 -3.002126 0.030267 -0.012849 -0.012762 -0.689929 0.723651
1718924343.286073446 0.417128 -3.003333 0.030313 -0.012864 -0.012730 -0.689932 0.723647
1718924343.291064739 0.417241 -3.004538 0.030359 -0.012879 -0.012696 -0.689934 0.723647
1718924343.296097517 0.417356 -3.005755 0.030403 -0.012880 -0.012661 -0.689938 0.723643
1718924343.299986124 0.417446 -3.006696 0.030437 -0.012877 -0.012639 -0.689938 0.723644
1718924343.299986124 0.417446 -3.006696 0.030437 -0.012877 -0.012639 -0.689938 0.723644
1718924343.301094055 0.417471 -3.006964 0.030445 -0.012877 -0.012632 -0.689939 0.723643
1718924343.306098461 0.417585 -3.008177 0.030483 -0.012877 -0.012601 -0.689934 0.723648
1718924343.311052561 0.417700 -3.009378 0.030519 -0.012878 -0.012563 -0.689933 0.723649
1718924343.316060066 0.417817 -3.010592 0.030555 -0.012886 -0.012527 -0.689932 0.723651
1718924343.399991989 0.419574 -3.030815 0.031276 -0.013007 -0.012382 -0.690058 0.723531
1718924343.399991989 0.419574 -3.030815 0.031276 -0.013007 -0.012382 -0.690058 0.723531
1718924343.406053066 0.419685 -3.032263 0.031340 -0.013017 -0.012371 -0.690068 0.723522
1718924343.411101103 0.419775 -3.033470 0.031395 -0.013030 -0.012355 -0.690082 0.723509
1718924343.416084051 0.419864 -3.034661 0.031450 -0.013042 -0.012348 -0.690090 0.723501
1718924343.421072006 0.419951 -3.035854 0.031504 -0.013049 -0.012351 -0.690096 0.723495
1718924343.426064730 0.420036 -3.037048 0.031557 -0.013053 -0.012356 -0.690103 0.723488
1718924343.431141138 0.420123 -3.038262 0.031609 -0.013057 -0.012370 -0.690098 0.723492
1718924343.436066628 0.420206 -3.039441 0.031656 -0.013065 -0.012392 -0.690089 0.723500
1718924343.441061735 0.420291 -3.040640 0.031702 -0.013076 -0.012407 -0.690081 0.723507
1718924343.446070433 0.420375 -3.041846 0.031745 -0.013085 -0.012412 -0.690070 0.723518
1718924343.451101542 0.420461 -3.043060 0.031787 -0.013086 -0.012418 -0.690054 0.723533
1718924343.456065178 0.420547 -3.044260 0.031827 -0.013086 -0.012431 -0.690038 0.723548
1718924343.461107254 0.420634 -3.045484 0.031866 -0.013085 -0.012449 -0.690016 0.723569
1718924343.466091394 0.420722 -3.046698 0.031904 -0.013078 -0.012468 -0.689979 0.723604
1718924343.471065521 0.420811 -3.047913 0.031940 -0.013077 -0.012483 -0.689935 0.723645
1718924343.476098299 0.420901 -3.049146 0.031976 -0.013085 -0.012502 -0.689891 0.723687
1718924343.481066942 0.420991 -3.050363 0.032010 -0.013088 -0.012518 -0.689846 0.723729
1718924343.486056805 0.421082 -3.051586 0.032044 -0.013094 -0.012542 -0.689799 0.723774
1718924343.491100550 0.421175 -3.052825 0.032079 -0.013099 -0.012574 -0.689741 0.723828
1718924343.496056318 0.421267 -3.054044 0.032114 -0.013104 -0.012607 -0.689685 0.723882
1718924343.499989986 0.421339 -3.055012 0.032145 -0.013102 -0.012632 -0.689649 0.723915
1718924343.499989986 0.421339 -3.055012 0.032145 -0.013102 -0.012632 -0.689649 0.723915
1718924343.501098394 0.421360 -3.055284 0.032154 -0.013102 -0.012640 -0.689640 0.723924
1718924343.506094933 0.421450 -3.056512 0.032196 -0.013096 -0.012672 -0.689595 0.723966
1718924343.511100769 0.421540 -3.057739 0.032242 -0.013081 -0.012696 -0.689557 0.724002
1718924343.561068535 0.422551 -3.069790 0.032733 -0.013124 -0.012446 -0.689817 0.723757
1718924343.566071987 0.422670 -3.070976 0.032796 -0.013131 -0.012432 -0.689852 0.723724
1718924343.571118355 0.422793 -3.072170 0.032860 -0.013146 -0.012414 -0.689896 0.723683
1718924343.576077223 0.422917 -3.073343 0.032923 -0.013166 -0.012391 -0.689934 0.723647
1718924343.581120968 0.423047 -3.074538 0.032987 -0.013185 -0.012370 -0.689970 0.723612
1718924343.586133003 0.423181 -3.075725 0.033049 -0.013195 -0.012358 -0.690010 0.723574
1718924343.591127396 0.423319 -3.076908 0.033107 -0.013198 -0.012341 -0.690049 0.723537
1718924343.596108675 0.423459 -3.078088 0.033162 -0.013201 -0.012313 -0.690078 0.723510
1718924343.599987030 0.423572 -3.079008 0.033203 -0.013203 -0.012290 -0.690092 0.723496
1718924343.599987030 0.423572 -3.079008 0.033203 -0.013203 -0.012290 -0.690092 0.723496
1718924343.601109743 0.423604 -3.079275 0.033213 -0.013203 -0.012282 -0.690096 0.723493
1718924343.606062412 0.423750 -3.080456 0.033255 -0.013201 -0.012256 -0.690109 0.723481
1718924343.611108303 0.423901 -3.081663 0.033294 -0.013191 -0.012236 -0.690120 0.723472
1718924343.616087675 0.424051 -3.082855 0.033331 -0.013187 -0.012223 -0.690118 0.723474
1718924343.621083736 0.424202 -3.084053 0.033367 -0.013185 -0.012213 -0.690106 0.723485
1718924343.626094341 0.424354 -3.085256 0.033401 -0.013187 -0.012201 -0.690091 0.723499
1718924343.631083965 0.424505 -3.086458 0.033436 -0.013188 -0.012188 -0.690073 0.723517
1718924343.636128187 0.424655 -3.087674 0.033470 -0.013188 -0.012174 -0.690051 0.723538
1718924343.641130447 0.424804 -3.088883 0.033504 -0.013193 -0.012149 -0.690021 0.723567
1718924343.646078587 0.424949 -3.090079 0.033538 -0.013202 -0.012125 -0.689982 0.723605
1718924343.651066065 0.425092 -3.091286 0.033574 -0.013210 -0.012110 -0.689950 0.723635
1718924343.656118631 0.425236 -3.092511 0.033615 -0.013210 -0.012097 -0.689921 0.723663
1718924343.661117077 0.425375 -3.093726 0.033661 -0.013200 -0.012094 -0.689890 0.723693
1718924343.666123390 0.425510 -3.094946 0.033712 -0.013188 -0.012097 -0.689867 0.723715
1718924343.671117544 0.425641 -3.096162 0.033766 -0.013178 -0.012099 -0.689846 0.723735
1718924343.676115036 0.425768 -3.097375 0.033820 -0.013160 -0.012093 -0.689813 0.723767
1718924343.681151628 0.425891 -3.098596 0.033871 -0.013143 -0.012080 -0.689785 0.723794
1718924343.686132669 0.426008 -3.099803 0.033917 -0.013139 -0.012058 -0.689770 0.723808
1718924343.691110134 0.426120 -3.101011 0.033957 -0.013139 -0.012045 -0.689756 0.723822
1718924343.696063519 0.426228 -3.102214 0.033991 -0.013136 -0.012040 -0.689743 0.723835
1718924343.699975967 0.426311 -3.103165 0.034014 -0.013129 -0.012035 -0.689735 0.723843
1718924343.699975967 0.426311 -3.103165 0.034014 -0.013129 -0.012035 -0.689735 0.723843
1718924343.701109409 0.426335 -3.103440 0.034020 -0.013128 -0.012035 -0.689733 0.723844
1718924343.706103563 0.426438 -3.104652 0.034046 -0.013117 -0.012036 -0.689731 0.723846
1718924343.711108923 0.426540 -3.105868 0.034073 -0.013112 -0.012038 -0.689734 0.723844
1718924343.716106892 0.426640 -3.107083 0.034103 -0.013108 -0.012045 -0.689739 0.723839
1718924343.799989939 0.428122 -3.127349 0.035096 -0.013106 -0.012162 -0.689772 0.723805
1718924343.799989939 0.428122 -3.127349 0.035096 -0.013106 -0.012162 -0.689772 0.723805
1718924343.801066399 0.428139 -3.127607 0.035115 -0.013106 -0.012165 -0.689773 0.723805
1718924343.806068420 0.428216 -3.128803 0.035203 -0.013108 -0.012174 -0.689777 0.723801
1718924343.811071873 0.428293 -3.129998 0.035292 -0.013107 -0.012190 -0.689782 0.723795
1718924343.816071749 0.428369 -3.131191 0.035381 -0.013105 -0.012203 -0.689785 0.723793
1718924343.821081400 0.428443 -3.132386 0.035467 -0.013103 -0.012211 -0.689784 0.723793
1718924343.826148987 0.428517 -3.133597 0.035552 -0.013099 -0.012218 -0.689794 0.723784
1718924343.831120491 0.428588 -3.134786 0.035633 -0.013085 -0.012223 -0.689803 0.723775
1718924343.836124420 0.428657 -3.135982 0.035711 -0.013069 -0.012227 -0.689818 0.723762
1718924343.841133356 0.428726 -3.137180 0.035789 -0.013051 -0.012224 -0.689835 0.723746
1718924343.846073866 0.428792 -3.138362 0.035866 -0.013037 -0.012231 -0.689853 0.723729
1718924343.851115704 0.428859 -3.139571 0.035947 -0.013017 -0.012247 -0.689868 0.723714
1718924343.856074095 0.428924 -3.140760 0.036029 -0.013010 -0.012259 -0.689877 0.723706
1718924343.861132622 0.428990 -3.141972 0.036113 -0.013009 -0.012263 -0.689894 0.723690
1718924343.866114378 0.429056 -3.143163 0.036195 -0.013009 -0.012265 -0.689913 0.723672
1718924343.871070147 0.429123 -3.144346 0.036277 -0.013015 -0.012263 -0.689922 0.723663
1718924343.876106977 0.429193 -3.145549 0.036358 -0.013022 -0.012256 -0.689922 0.723663
1718924343.881104469 0.429264 -3.146745 0.036439 -0.013026 -0.012250 -0.689930 0.723655
1718924343.886098146 0.429337 -3.147942 0.036519 -0.013033 -0.012245 -0.689936 0.723650
1718924343.891099930 0.429413 -3.149142 0.036600 -0.013038 -0.012241 -0.689939 0.723646
1718924343.896100998 0.429492 -3.150344 0.036681 -0.013036 -0.012233 -0.689939 0.723647
1718924343.900012016 0.429556 -3.151284 0.036745 -0.013037 -0.012232 -0.689930 0.723656
1718924343.900012016 0.429556 -3.151284 0.036745 -0.013037 -0.012232 -0.689930 0.723656
1718924343.901097536 0.429574 -3.151546 0.036762 -0.013037 -0.012233 -0.689927 0.723658
1718924343.906066418 0.429661 -3.152744 0.036839 -0.013041 -0.012236 -0.689905 0.723679
1718924343.911068439 0.429751 -3.153953 0.036915 -0.013041 -0.012232 -0.689884 0.723699
1718924343.966067076 0.430801 -3.167184 0.037682 -0.013001 -0.011960 -0.689500 0.724070
1718924343.971111298 0.430884 -3.168400 0.037770 -0.013004 -0.011960 -0.689479 0.724090
1718924343.976173639 0.430965 -3.169617 0.037859 -0.013002 -0.011961 -0.689468 0.724101
1718924343.981079340 0.431040 -3.170795 0.037943 -0.012989 -0.011973 -0.689466 0.724103
1718924343.986067295 0.431113 -3.171991 0.038028 -0.012974 -0.011982 -0.689476 0.724093
1718924343.991106033 0.431183 -3.173199 0.038112 -0.012961 -0.011982 -0.689486 0.724084
1718924343.996060848 0.431246 -3.174385 0.038191 -0.012945 -0.011981 -0.689509 0.724063
1718924344.001066685 0.431306 -3.175581 0.038269 -0.012926 -0.011979 -0.689542 0.724031
1718924344.006101370 0.431362 -3.176785 0.038346 -0.012911 -0.011969 -0.689582 0.723993
1718924344.011057377 0.431413 -3.177971 0.038420 -0.012900 -0.011960 -0.689635 0.723943
1718924344.016074419 0.431460 -3.179174 0.038496 -0.012889 -0.011949 -0.689690 0.723891
1718924344.021171093 0.431504 -3.180399 0.038575 -0.012886 -0.011945 -0.689743 0.723841
1718924344.026113033 0.431545 -3.181586 0.038655 -0.012900 -0.011935 -0.689793 0.723794
1718924344.031067133 0.431584 -3.182775 0.038738 -0.012924 -0.011921 -0.689845 0.723743
1718924344.036074877 0.431623 -3.183978 0.038825 -0.012944 -0.011916 -0.689896 0.723694
1718924344.041067600 0.431663 -3.185181 0.038914 -0.012959 -0.011914 -0.689940 0.723653
1718924344.046087265 0.431704 -3.186393 0.039005 -0.012977 -0.011906 -0.689975 0.723619
1718924344.051108360 0.431745 -3.187607 0.039094 -0.012988 -0.011895 -0.690003 0.723592
1718924344.056098461 0.431786 -3.188815 0.039179 -0.012987 -0.011887 -0.690026 0.723571
1718924344.061103821 0.431829 -3.190029 0.039261 -0.012983 -0.011886 -0.690036 0.723561
1718924344.066091537 0.431872 -3.191243 0.039338 -0.012971 -0.011880 -0.690031 0.723566
1718924344.071105242 0.431916 -3.192469 0.039412 -0.012963 -0.011872 -0.690021 0.723576
1718924344.076064110 0.431962 -3.193686 0.039483 -0.012957 -0.011871 -0.690010 0.723587
1718924344.081063986 0.432009 -3.194916 0.039553 -0.012955 -0.011877 -0.689984 0.723611
1718924344.086060047 0.432058 -3.196148 0.039623 -0.012962 -0.011883 -0.689955 0.723639
1718924344.091064453 0.432108 -3.197382 0.039694 -0.012969 -0.011892 -0.689921 0.723671
1718924344.096059561 0.432159 -3.198617 0.039764 -0.012974 -0.011904 -0.689883 0.723707
1718924344.099987984 0.432201 -3.199590 0.039820 -0.012976 -0.011910 -0.689851 0.723738
1718924344.099987984 0.432201 -3.199590 0.039820 -0.012976 -0.011910 -0.689851 0.723738
1718924344.101057768 0.432212 -3.199855 0.039835 -0.012977 -0.011912 -0.689842 0.723746
1718924344.106059790 0.432267 -3.201098 0.039907 -0.012978 -0.011922 -0.689798 0.723787
1718924344.111057758 0.432324 -3.202338 0.039981 -0.012974 -0.011932 -0.689754 0.723829
1718924344.116071701 0.432382 -3.203582 0.040060 -0.012970 -0.011936 -0.689716 0.723865
1718924344.199985981 0.433420 -3.224628 0.041125 -0.012893 -0.011762 -0.690083 0.723520
1718924344.199985981 0.433420 -3.224628 0.041125 -0.012893 -0.011762 -0.690083 0.723520
1718924344.211099148 0.433568 -3.227462 0.041234 -0.012881 -0.011731 -0.690131 0.723475
1718924344.216068983 0.433635 -3.228732 0.041280 -0.012874 -0.011726 -0.690145 0.723461
1718924344.221111774 0.433703 -3.230023 0.041323 -0.012864 -0.011727 -0.690163 0.723444
1718924344.226076365 0.433770 -3.231297 0.041363 -0.012853 -0.011733 -0.690173 0.723435
1718924344.231062174 0.433837 -3.232581 0.041398 -0.012850 -0.011742 -0.690175 0.723433
1718924344.236057043 0.433905 -3.233870 0.041429 -0.012852 -0.011745 -0.690178 0.723430
1718924344.241102934 0.433972 -3.235173 0.041459 -0.012856 -0.011751 -0.690176 0.723432
1718924344.246067047 0.434038 -3.236456 0.041488 -0.012868 -0.011762 -0.690163 0.723444
1718924344.251110792 0.434106 -3.237761 0.041520 -0.012873 -0.011768 -0.690145 0.723461
1718924344.256042957 0.434173 -3.239039 0.041553 -0.012879 -0.011774 -0.690125 0.723480
1718924344.261118174 0.434242 -3.240358 0.041593 -0.012881 -0.011789 -0.690095 0.723508
1718924344.266059875 0.434309 -3.241643 0.041635 -0.012872 -0.011812 -0.690061 0.723540
1718924344.271108627 0.434380 -3.242956 0.041682 -0.012850 -0.011837 -0.690026 0.723574
1718924344.276061773 0.434450 -3.244245 0.041730 -0.012828 -0.011852 -0.689995 0.723603
1718924344.281113625 0.434522 -3.245560 0.041780 -0.012809 -0.011858 -0.689958 0.723639
1718924344.286073685 0.434593 -3.246854 0.041829 -0.012794 -0.011861 -0.689911 0.723684
1718924344.291117430 0.434665 -3.248170 0.041877 -0.012778 -0.011860 -0.689866 0.723727
1718924344.296060801 0.434734 -3.249459 0.041920 -0.012761 -0.011861 -0.689823 0.723768
1718924344.299983978 0.434789 -3.250481 0.041953 -0.012748 -0.011869 -0.689788 0.723802
1718924344.299983978 0.434789 -3.250481 0.041953 -0.012748 -0.011869 -0.689788 0.723802
1718924344.301093578 0.434804 -3.250770 0.041962 -0.012745 -0.011873 -0.689779 0.723811
1718924344.306055784 0.434872 -3.252064 0.042002 -0.012734 -0.011884 -0.689743 0.723845
1718924344.311093330 0.434940 -3.253377 0.042043 -0.012727 -0.011896 -0.689712 0.723874
1718924344.366055250 0.435767 -3.267844 0.042285 -0.012584 -0.011625 -0.689776 0.723820
1718924344.371078253 0.435853 -3.269182 0.042287 -0.012583 -0.011617 -0.689791 0.723806
1718924344.376055717 0.435938 -3.270510 0.042288 -0.012585 -0.011603 -0.689814 0.723785
1718924344.381066322 0.436026 -3.271849 0.042289 -0.012590 -0.011591 -0.689838 0.723762
1718924344.386067867 0.436114 -3.273186 0.042291 -0.012597 -0.011582 -0.689859 0.723742
1718924344.391060829 0.436204 -3.274523 0.042294 -0.012603 -0.011570 -0.689874 0.723727
1718924344.396058321 0.436294 -3.275862 0.042298 -0.012611 -0.011563 -0.689886 0.723716
1718924344.399984837 0.436364 -3.276915 0.042301 -0.012616 -0.011553 -0.689895 0.723707
1718924344.399984837 0.436364 -3.276915 0.042301 -0.012616 -0.011553 -0.689895 0.723707
1718924344.401053190 0.436384 -3.277202 0.042302 -0.012618 -0.011550 -0.689898 0.723704
1718924344.406059027 0.436474 -3.278544 0.042307 -0.012623 -0.011526 -0.689906 0.723697
1718924344.411053658 0.436566 -3.279885 0.042312 -0.012626 -0.011501 -0.689914 0.723690
1718924344.416065216 0.436659 -3.281233 0.042315 -0.012622 -0.011481 -0.689920 0.723685
1718924344.421073437 0.436752 -3.282583 0.042318 -0.012614 -0.011470 -0.689919 0.723686
1718924344.426076174 0.436846 -3.283932 0.042320 -0.012612 -0.011465 -0.689923 0.723683
1718924344.431061506 0.436939 -3.285277 0.042323 -0.012598 -0.011457 -0.689925 0.723680
1718924344.436119795 0.437033 -3.286642 0.042328 -0.012573 -0.011452 -0.689922 0.723684
1718924344.441109657 0.437124 -3.287989 0.042335 -0.012544 -0.011442 -0.689915 0.723691
1718924344.446063519 0.437212 -3.289327 0.042343 -0.012516 -0.011427 -0.689915 0.723692
1718924344.451110363 0.437298 -3.290693 0.042351 -0.012486 -0.011412 -0.689915 0.723693
1718924344.456098557 0.437381 -3.292044 0.042358 -0.012464 -0.011395 -0.689916 0.723692
1718924344.461062193 0.437461 -3.293390 0.042363 -0.012451 -0.011379 -0.689912 0.723696
1718924344.466062784 0.437539 -3.294747 0.042363 -0.012442 -0.011362 -0.689905 0.723704
1718924344.471070528 0.437616 -3.296107 0.042360 -0.012437 -0.011337 -0.689899 0.723710
1718924344.476064920 0.437691 -3.297467 0.042355 -0.012438 -0.011311 -0.689894 0.723715
1718924344.481057882 0.437765 -3.298829 0.042350 -0.012437 -0.011289 -0.689887 0.723722
1718924344.486079931 0.437840 -3.300200 0.042347 -0.012437 -0.011271 -0.689881 0.723728
1718924344.491061926 0.437916 -3.301561 0.042347 -0.012430 -0.011250 -0.689868 0.723741
1718924344.496061087 0.437992 -3.302927 0.042353 -0.012422 -0.011230 -0.689847 0.723762
1718924344.499986887 0.438054 -3.304000 0.042361 -0.012411 -0.011217 -0.689835 0.723774
1718924344.499986887 0.438054 -3.304000 0.042361 -0.012411 -0.011217 -0.689835 0.723774
1718924344.501054525 0.438071 -3.304292 0.042364 -0.012409 -0.011215 -0.689831 0.723777
1718924344.506055832 0.438150 -3.305660 0.042378 -0.012398 -0.011205 -0.689811 0.723796
1718924344.511052608 0.438230 -3.307026 0.042394 -0.012396 -0.011206 -0.689798 0.723809
1718924344.516145945 0.438312 -3.308417 0.042410 -0.012393 -0.011206 -0.689787 0.723820
1718924344.591086388 0.439387 -3.328661 0.042238 -0.012113 -0.011491 -0.689773 0.723833
1718924344.596057177 0.439448 -3.329989 0.042200 -0.012091 -0.011511 -0.689776 0.723831
1718924344.599992990 0.439496 -3.331040 0.042169 -0.012075 -0.011523 -0.689773 0.723833
1718924344.599992990 0.439496 -3.331040 0.042169 -0.012075 -0.011523 -0.689773 0.723833
1718924344.601094246 0.439509 -3.331331 0.042155 -0.012071 -0.011526 -0.689773 0.723834
1718924344.606055975 0.439570 -3.332630 0.042079 -0.012062 -0.011540 -0.689769 0.723837
1718924344.611053228 0.439629 -3.333938 0.042002 -0.012061 -0.011551 -0.689767 0.723839
1718924344.616115093 0.439686 -3.335262 0.041924 -0.012072 -0.011567 -0.689762 0.723843
1718924344.621107578 0.439740 -3.336567 0.041849 -0.012087 -0.011576 -0.689753 0.723851
1718924344.626053095 0.439792 -3.337856 0.041776 -0.012108 -0.011586 -0.689743 0.723860
1718924344.631119013 0.439843 -3.339175 0.041702 -0.012124 -0.011600 -0.689730 0.723872
1718924344.636099577 0.439893 -3.340470 0.041632 -0.012135 -0.011602 -0.689714 0.723887
1718924344.641113520 0.439943 -3.341774 0.041563 -0.012141 -0.011606 -0.689699 0.723901
1718924344.646058559 0.439990 -3.343061 0.041497 -0.012150 -0.011610 -0.689689 0.723911
1718924344.651070118 0.440039 -3.344365 0.041428 -0.012157 -0.011617 -0.689676 0.723922
1718924344.656067848 0.440087 -3.345667 0.041357 -0.012152 -0.011626 -0.689662 0.723936
1718924344.661060333 0.440136 -3.346970 0.041281 -0.012141 -0.011630 -0.689651 0.723946
1718924344.666060209 0.440187 -3.348276 0.041200 -0.012131 -0.011627 -0.689643 0.723955
1718924344.671056747 0.440237 -3.349585 0.041112 -0.012125 -0.011626 -0.689631 0.723966
1718924344.676070452 0.440290 -3.350902 0.041020 -0.012116 -0.011622 -0.689614 0.723983
1718924344.681112051 0.440343 -3.352228 0.040924 -0.012102 -0.011618 -0.689595 0.724000
1718924344.686107874 0.440397 -3.353545 0.040830 -0.012091 -0.011627 -0.689580 0.724015
1718924344.691096306 0.440453 -3.354861 0.040738 -0.012080 -0.011637 -0.689558 0.724036
1718924344.696099758 0.440511 -3.356184 0.040651 -0.012074 -0.011641 -0.689538 0.724055
1718924344.699893236 0.440555 -3.357191 0.040593 -0.012070 -0.011640 -0.689529 0.724064
1718924344.699893236 0.440555 -3.357191 0.040593 -0.012070 -0.011640 -0.689529 0.724064
1718924344.699987888 0.437979 -3.346995 0.024934 -0.012861 -0.012315 -0.689472 0.724093
1718924344.699987888 0.437979 -3.346995 0.024934 -0.012861 -0.012315 -0.689472 0.724093
1718924344.701095581 0.437988 -3.347248 0.024958 -0.012859 -0.012315 -0.689470 0.724096
1718924344.706100225 0.438029 -3.348389 0.025070 -0.012854 -0.012312 -0.689451 0.724114
1718924344.711091280 0.438071 -3.349528 0.025185 -0.012851 -0.012303 -0.689424 0.724139
1718924344.716052055 0.438116 -3.350660 0.025299 -0.012846 -0.012284 -0.689395 0.724167
1718924344.786053419 0.438728 -3.366700 0.026725 -0.012959 -0.012160 -0.689500 0.724068
1718924344.791048527 0.438766 -3.367845 0.026813 -0.012957 -0.012152 -0.689503 0.724065
1718924344.796061516 0.438804 -3.368997 0.026899 -0.012954 -0.012144 -0.689500 0.724068
1718924344.799985886 0.438834 -3.369900 0.026965 -0.012952 -0.012138 -0.689500 0.724068
1718924344.799985886 0.438834 -3.369900 0.026965 -0.012952 -0.012138 -0.689500 0.724068
1718924344.801051378 0.438842 -3.370146 0.026983 -0.012952 -0.012138 -0.689501 0.724068
1718924344.806055307 0.438880 -3.371299 0.027067 -0.012952 -0.012136 -0.689494 0.724074
1718924344.811092854 0.438918 -3.372462 0.027151 -0.012945 -0.012141 -0.689487 0.724081
1718924344.816060066 0.438955 -3.373609 0.027233 -0.012937 -0.012151 -0.689486 0.724082
1718924344.821117640 0.438992 -3.374778 0.027314 -0.012931 -0.012163 -0.689482 0.724085
1718924344.826104164 0.439028 -3.375931 0.027393 -0.012931 -0.012170 -0.689468 0.724099
1718924344.831054211 0.439063 -3.377075 0.027469 -0.012926 -0.012179 -0.689456 0.724110
1718924344.836049795 0.439097 -3.378230 0.027545 -0.012920 -0.012183 -0.689449 0.724116
1718924344.841074705 0.439129 -3.379392 0.027621 -0.012913 -0.012184 -0.689445 0.724120
1718924344.846057892 0.439160 -3.380545 0.027696 -0.012905 -0.012193 -0.689430 0.724135
1718924344.851054192 0.439189 -3.381702 0.027772 -0.012898 -0.012209 -0.689412 0.724152
1718924344.856049061 0.439218 -3.382859 0.027848 -0.012894 -0.012223 -0.689397 0.724166
1718924344.861089706 0.439245 -3.384029 0.027926 -0.012893 -0.012226 -0.689384 0.724178
1718924344.866048336 0.439271 -3.385181 0.028004 -0.012894 -0.012230 -0.689371 0.724191
1718924344.871045828 0.439297 -3.386344 0.028083 -0.012892 -0.012238 -0.689364 0.724197
1718924344.876092672 0.439322 -3.387520 0.028165 -0.012891 -0.012246 -0.689352 0.724208
1718924344.881088734 0.439345 -3.388683 0.028248 -0.012882 -0.012254 -0.689336 0.724223
1718924344.886053085 0.439368 -3.389839 0.028331 -0.012870 -0.012261 -0.689323 0.724236
1718924344.891049147 0.439389 -3.391000 0.028416 -0.012853 -0.012275 -0.689317 0.724242
1718924344.896092892 0.439409 -3.392172 0.028501 -0.012832 -0.012290 -0.689324 0.724236
1718924344.899989843 0.439424 -3.393077 0.028565 -0.012813 -0.012299 -0.689332 0.724228
1718924344.899989843 0.439424 -3.393077 0.028565 -0.012813 -0.012299 -0.689332 0.724228
1718924344.901048899 0.439428 -3.393323 0.028583 -0.012808 -0.012301 -0.689334 0.724226
1718924344.906095266 0.439445 -3.394493 0.028662 -0.012775 -0.012308 -0.689341 0.724220
1718924344.911091328 0.439461 -3.395651 0.028737 -0.012749 -0.012317 -0.689341 0.724221
1718924344.956048489 0.439669 -3.406086 0.029411 -0.012799 -0.012501 -0.689391 0.724169
1718924344.961062431 0.439703 -3.407260 0.029496 -0.012793 -0.012516 -0.689387 0.724172
1718924344.966068506 0.439739 -3.408433 0.029579 -0.012792 -0.012534 -0.689381 0.724178
1718924344.971063614 0.439778 -3.409603 0.029658 -0.012792 -0.012556 -0.689378 0.724180
1718924344.976091146 0.439819 -3.410779 0.029735 -0.012789 -0.012570 -0.689384 0.724174
1718924344.981049061 0.439863 -3.411939 0.029807 -0.012788 -0.012581 -0.689386 0.724172
1718924344.986049175 0.439911 -3.413109 0.029877 -0.012788 -0.012590 -0.689376 0.724181
1718924344.991051912 0.439961 -3.414280 0.029944 -0.012795 -0.012595 -0.689370 0.724187
1718924344.996095657 0.440014 -3.415460 0.030012 -0.012803 -0.012604 -0.689359 0.724197
1718924345.001048803 0.440069 -3.416620 0.030078 -0.012805 -0.012619 -0.689341 0.724214
1718924345.006053448 0.440127 -3.417793 0.030146 -0.012803 -0.012638 -0.689312 0.724241
1718924345.011062384 0.440188 -3.418968 0.030215 -0.012805 -0.012652 -0.689286 0.724266
1718924345.016052485 0.440252 -3.420138 0.030283 -0.012810 -0.012666 -0.689256 0.724294
1718924345.021068811 0.440319 -3.421314 0.030352 -0.012816 -0.012681 -0.689223 0.724325
1718924345.026095390 0.440387 -3.422493 0.030422 -0.012817 -0.012689 -0.689192 0.724354
1718924345.031060457 0.440455 -3.423658 0.030493 -0.012813 -0.012697 -0.689159 0.724386
1718924345.036054134 0.440523 -3.424829 0.030566 -0.012804 -0.012719 -0.689128 0.724414
1718924345.041063786 0.440591 -3.426003 0.030641 -0.012791 -0.012742 -0.689104 0.724438
1718924345.046055794 0.440656 -3.427173 0.030716 -0.012771 -0.012754 -0.689078 0.724463
1718924345.051052332 0.440719 -3.428343 0.030790 -0.012742 -0.012758 -0.689050 0.724489
1718924345.056055784 0.440779 -3.429514 0.030862 -0.012715 -0.012760 -0.689028 0.724511
1718924345.061060429 0.440834 -3.430686 0.030933 -0.012695 -0.012763 -0.689010 0.724528
1718924345.066061020 0.440885 -3.431858 0.031002 -0.012678 -0.012765 -0.688999 0.724539
1718924345.071065426 0.440931 -3.433030 0.031068 -0.012662 -0.012769 -0.688990 0.724548
1718924345.076094627 0.440974 -3.434206 0.031134 -0.012644 -0.012786 -0.688985 0.724553
1718924345.081089020 0.441012 -3.435371 0.031200 -0.012626 -0.012802 -0.688976 0.724561
1718924345.086053133 0.441046 -3.436529 0.031269 -0.012617 -0.012813 -0.688965 0.724571
1718924345.091047764 0.441077 -3.437692 0.031344 -0.012617 -0.012817 -0.688963 0.724573
1718924345.096034527 0.441106 -3.438852 0.031424 -0.012611 -0.012819 -0.688965 0.724571
1718924345.099985123 0.441126 -3.439769 0.031491 -0.012600 -0.012821 -0.688963 0.724574
1718924345.099985123 0.441126 -3.439769 0.031491 -0.012600 -0.012821 -0.688963 0.724574
1718924345.101052761 0.441131 -3.440017 0.031510 -0.012596 -0.012821 -0.688962 0.724575
1718924345.106084585 0.441152 -3.441179 0.031599 -0.012579 -0.012827 -0.688964 0.724573
1718924345.111090899 0.441171 -3.442332 0.031688 -0.012560 -0.012840 -0.688969 0.724568
1718924345.116109133 0.441188 -3.443487 0.031774 -0.012549 -0.012864 -0.688980 0.724557
1718924345.199987173 0.441521 -3.463124 0.033187 -0.012810 -0.012767 -0.689011 0.724525
1718924345.199987173 0.441521 -3.463124 0.033187 -0.012810 -0.012767 -0.689011 0.724525
1718924345.231103897 0.441693 -3.470578 0.033696 -0.012945 -0.012777 -0.689040 0.724495
1718924345.236050129 0.441722 -3.471773 0.033783 -0.012967 -0.012763 -0.689037 0.724498
1718924345.241054058 0.441752 -3.472983 0.033870 -0.012991 -0.012737 -0.689030 0.724504
1718924345.246060610 0.441784 -3.474193 0.033958 -0.013015 -0.012707 -0.689011 0.724522
1718924345.251088381 0.441817 -3.475410 0.034046 -0.013033 -0.012685 -0.688989 0.724543
1718924345.256046534 0.441851 -3.476612 0.034134 -0.013044 -0.012668 -0.688970 0.724561
1718924345.261090994 0.441886 -3.477838 0.034222 -0.013055 -0.012660 -0.688948 0.724582
1718924345.266056538 0.441919 -3.479046 0.034309 -0.013059 -0.012662 -0.688920 0.724609
1718924345.271053791 0.441952 -3.480261 0.034397 -0.013067 -0.012673 -0.688894 0.724633
1718924345.276056290 0.441982 -3.481478 0.034484 -0.013082 -0.012683 -0.688873 0.724653
1718924345.281103373 0.442008 -3.482707 0.034572 -0.013099 -0.012686 -0.688855 0.724670
1718924345.286085129 0.442032 -3.483920 0.034656 -0.013115 -0.012684 -0.688832 0.724691
1718924345.291086435 0.442052 -3.485139 0.034738 -0.013135 -0.012676 -0.688817 0.724705
1718924345.296081305 0.442069 -3.486357 0.034816 -0.013148 -0.012667 -0.688808 0.724714
1718924345.299989223 0.442080 -3.487311 0.034875 -0.013145 -0.012670 -0.688795 0.724726
1718924345.299989223 0.442080 -3.487311 0.034875 -0.013145 -0.012670 -0.688795 0.724726
1718924345.301084518 0.442083 -3.487579 0.034892 -0.013144 -0.012670 -0.688792 0.724729
1718924345.306032658 0.442093 -3.488788 0.034966 -0.013131 -0.012680 -0.688775 0.724745
1718924345.311086655 0.442098 -3.490026 0.035042 -0.013125 -0.012691 -0.688758 0.724762
1718924345.316056013 0.442098 -3.491245 0.035120 -0.013116 -0.012704 -0.688744 0.724775
1718924345.361045122 0.442004 -3.502280 0.035726 -0.013066 -0.012932 -0.688977 0.724550
1718924345.366055489 0.441984 -3.503513 0.035785 -0.013055 -0.012935 -0.688997 0.724531
1718924345.371062517 0.441964 -3.504746 0.035842 -0.013043 -0.012935 -0.689009 0.724520
1718924345.376055479 0.441944 -3.505975 0.035898 -0.013027 -0.012938 -0.689015 0.724514
1718924345.381109476 0.441926 -3.507219 0.035955 -0.013020 -0.012945 -0.689015 0.724515
1718924345.386049509 0.441910 -3.508434 0.036013 -0.013020 -0.012956 -0.689016 0.724513
1718924345.391046047 0.441895 -3.509663 0.036074 -0.013020 -0.012967 -0.689024 0.724506
1718924345.396039963 0.441882 -3.510889 0.036137 -0.013029 -0.012983 -0.689023 0.724506
1718924345.399983168 0.441875 -3.511856 0.036189 -0.013037 -0.012989 -0.689012 0.724516
1718924345.399983168 0.441875 -3.511856 0.036189 -0.013037 -0.012989 -0.689012 0.724516
1718924345.401096344 0.441874 -3.512128 0.036203 -0.013040 -0.012991 -0.689009 0.724519
1718924345.406040668 0.441869 -3.513334 0.036267 -0.013062 -0.012991 -0.688996 0.724531
1718924345.411088228 0.441869 -3.514563 0.036331 -0.013079 -0.012992 -0.688979 0.724546
1718924345.416058064 0.441875 -3.515771 0.036393 -0.013091 -0.012996 -0.688958 0.724567
1718924345.421060801 0.441886 -3.516988 0.036454 -0.013099 -0.013003 -0.688932 0.724591
1718924345.426145792 0.441902 -3.518225 0.036513 -0.013105 -0.013015 -0.688903 0.724618
1718924345.431072950 0.441924 -3.519422 0.036567 -0.013103 -0.013028 -0.688877 0.724643
1718924345.436063290 0.441950 -3.520636 0.036617 -0.013100 -0.013032 -0.688844 0.724674
1718924345.441101551 0.441980 -3.521861 0.036664 -0.013107 -0.013028 -0.688805 0.724711
1718924345.446056128 0.442014 -3.523068 0.036709 -0.013113 -0.013023 -0.688777 0.724738
1718924345.451090097 0.442051 -3.524294 0.036752 -0.013114 -0.013021 -0.688752 0.724761
1718924345.456084490 0.442091 -3.525510 0.036796 -0.013124 -0.013021 -0.688724 0.724788
1718924345.461087227 0.442133 -3.526728 0.036841 -0.013136 -0.013026 -0.688700 0.724811
1718924345.466055393 0.442176 -3.527937 0.036888 -0.013144 -0.013020 -0.688677 0.724832
1718924345.471048117 0.442219 -3.529152 0.036938 -0.013158 -0.013012 -0.688660 0.724849
1718924345.476090431 0.442264 -3.530379 0.036992 -0.013179 -0.012995 -0.688647 0.724861
1718924345.481063128 0.442307 -3.531589 0.037045 -0.013200 -0.012970 -0.688640 0.724867
1718924345.486050129 0.442352 -3.532801 0.037099 -0.013219 -0.012942 -0.688636 0.724871
1718924345.491085052 0.442397 -3.534024 0.037151 -0.013235 -0.012915 -0.688630 0.724877
1718924345.496071577 0.442442 -3.535235 0.037201 -0.013248 -0.012907 -0.688629 0.724878
1718924345.499979258 0.442477 -3.536184 0.037240 -0.013254 -0.012908 -0.688638 0.724869
1718924345.499979258 0.442477 -3.536184 0.037240 -0.013254 -0.012908 -0.688638 0.724869
1718924345.501083374 0.442486 -3.536452 0.037251 -0.013254 -0.012907 -0.688640 0.724867
1718924345.506040812 0.442525 -3.537654 0.037303 -0.013252 -0.012907 -0.688656 0.724852
1718924345.511046171 0.442561 -3.538867 0.037356 -0.013249 -0.012907 -0.688668 0.724840
1718924345.596039057 0.443039 -3.559248 0.037295 -0.012998 -0.012824 -0.688193 0.725298
1718924345.599981308 0.443070 -3.560201 0.037268 -0.012982 -0.012818 -0.688169 0.725321
1718924345.599981308 0.443070 -3.560201 0.037268 -0.012982 -0.012818 -0.688169 0.725321
1718924345.601086617 0.443079 -3.560469 0.037261 -0.012979 -0.012818 -0.688163 0.725327
1718924345.606038332 0.443121 -3.561670 0.037226 -0.012971 -0.012803 -0.688141 0.725348
1718924345.611043453 0.443165 -3.562886 0.037192 -0.012973 -0.012792 -0.688120 0.725368
1718924345.616052866 0.443211 -3.564105 0.037159 -0.012970 -0.012787 -0.688091 0.725396
1718924345.621060610 0.443259 -3.565324 0.037130 -0.012970 -0.012779 -0.688058 0.725427
1718924345.626066208 0.443311 -3.566541 0.037105 -0.012981 -0.012760 -0.688021 0.725463
1718924345.631060600 0.443367 -3.567755 0.037083 -0.012991 -0.012738 -0.687986 0.725496
1718924345.636050940 0.443426 -3.568968 0.037062 -0.013006 -0.012714 -0.687958 0.725523
1718924345.641057491 0.443490 -3.570183 0.037041 -0.013017 -0.012687 -0.687936 0.725543
1718924345.646052361 0.443558 -3.571396 0.037018 -0.013021 -0.012667 -0.687914 0.725565
1718924345.651042938 0.443631 -3.572609 0.036992 -0.013015 -0.012663 -0.687891 0.725587
1718924345.656050682 0.443707 -3.573826 0.036965 -0.013014 -0.012666 -0.687869 0.725608
1718924345.661041260 0.443786 -3.575039 0.036938 -0.013010 -0.012675 -0.687852 0.725624
1718924345.666052341 0.443866 -3.576256 0.036912 -0.013006 -0.012685 -0.687844 0.725631
1718924345.671050787 0.443947 -3.577470 0.036889 -0.013011 -0.012694 -0.687846 0.725629
1718924345.676105261 0.444029 -3.578697 0.036868 -0.013023 -0.012698 -0.687852 0.725623
1718924345.681052685 0.444107 -3.579896 0.036849 -0.013033 -0.012690 -0.687869 0.725607
1718924345.686031580 0.444186 -3.581103 0.036831 -0.013037 -0.012684 -0.687896 0.725582
1718924345.691041946 0.444263 -3.582316 0.036813 -0.013043 -0.012687 -0.687911 0.725566
1718924345.696077347 0.444337 -3.583535 0.036796 -0.013054 -0.012693 -0.687924 0.725554
1718924345.699896097 0.444392 -3.584458 0.036784 -0.013065 -0.012692 -0.687934 0.725545
1718924345.699896097 0.444392 -3.584458 0.036784 -0.013065 -0.012692 -0.687934 0.725545
1718924345.701083422 0.444408 -3.584746 0.036782 -0.013067 -0.012691 -0.687936 0.725543
1718924345.706039190 0.444478 -3.585944 0.036773 -0.013077 -0.012681 -0.687948 0.725532
1718924345.711045504 0.444547 -3.587153 0.036765 -0.013090 -0.012667 -0.687954 0.725526
1718924345.716041565 0.444613 -3.588358 0.036759 -0.013105 -0.012653 -0.687962 0.725518
1718924345.799986124 0.445734 -3.608668 0.036659 -0.013086 -0.013046 -0.687432 0.726014
1718924345.799986124 0.445734 -3.608668 0.036659 -0.013086 -0.013046 -0.687432 0.726014
1718924345.806077719 0.445814 -3.610147 0.036658 -0.013084 -0.013075 -0.687394 0.726050
1718924345.811082363 0.445881 -3.611363 0.036657 -0.013079 -0.013097 -0.687369 0.726073
1718924345.816123247 0.445948 -3.612588 0.036656 -0.013075 -0.013117 -0.687344 0.726095
1718924345.821057796 0.446015 -3.613788 0.036653 -0.013070 -0.013134 -0.687319 0.726119
1718924345.826076746 0.446083 -3.615008 0.036650 -0.013072 -0.013149 -0.687297 0.726139
1718924345.831032038 0.446150 -3.616212 0.036646 -0.013073 -0.013166 -0.687274 0.726162
1718924345.836046934 0.446217 -3.617429 0.036642 -0.013070 -0.013191 -0.687258 0.726176
1718924345.841045618 0.446284 -3.618643 0.036643 -0.013060 -0.013218 -0.687257 0.726177
1718924345.846048355 0.446350 -3.619858 0.036648 -0.013049 -0.013255 -0.687255 0.726178
1718924345.851047039 0.446416 -3.621071 0.036663 -0.013028 -0.013297 -0.687251 0.726182
1718924345.856050491 0.446480 -3.622285 0.036688 -0.013014 -0.013338 -0.687255 0.726177
1718924345.861041307 0.446541 -3.623496 0.036721 -0.013008 -0.013381 -0.687264 0.726168
1718924345.866047382 0.446598 -3.624708 0.036761 -0.013010 -0.013422 -0.687280 0.726152
1718924345.871134758 0.446653 -3.625937 0.036805 -0.013015 -0.013462 -0.687300 0.726133
1718924345.876089096 0.446702 -3.627133 0.036849 -0.013023 -0.013502 -0.687327 0.726106
1718924345.881047726 0.446745 -3.628328 0.036889 -0.013031 -0.013549 -0.687365 0.726069
1718924345.886037350 0.446783 -3.629527 0.036925 -0.013030 -0.013602 -0.687413 0.726022
1718924345.891081333 0.446815 -3.630738 0.036956 -0.013026 -0.013655 -0.687483 0.725955
1718924345.896029234 0.446841 -3.631926 0.036981 -0.013024 -0.013699 -0.687562 0.725880
1718924345.900014162 0.446859 -3.632882 0.036997 -0.013022 -0.013721 -0.687625 0.725820
1718924345.900014162 0.446859 -3.632882 0.036997 -0.013022 -0.013721 -0.687625 0.725820
1718924345.901077747 0.446864 -3.633136 0.036999 -0.013021 -0.013726 -0.687641 0.725804
1718924345.906028748 0.446885 -3.634319 0.037007 -0.013016 -0.013733 -0.687716 0.725734
1718924345.911033392 0.446904 -3.635515 0.037012 -0.013016 -0.013726 -0.687786 0.725667
1718924345.956032753 0.447332 -3.646133 0.036915 -0.013332 -0.013776 -0.687948 0.725507
1718924345.961040258 0.447396 -3.647321 0.036925 -0.013348 -0.013788 -0.687954 0.725501
1718924345.966038227 0.447465 -3.648505 0.036933 -0.013364 -0.013796 -0.687961 0.725493
1718924345.971035004 0.447540 -3.649687 0.036939 -0.013380 -0.013797 -0.687967 0.725488
1718924345.976037025 0.447620 -3.650869 0.036942 -0.013385 -0.013801 -0.687968 0.725486
1718924345.981035948 0.447705 -3.652050 0.036942 -0.013372 -0.013808 -0.687975 0.725479
1718924345.986025810 0.447795 -3.653229 0.036940 -0.013348 -0.013818 -0.687987 0.725468
1718924345.991078615 0.447889 -3.654425 0.036937 -0.013322 -0.013838 -0.687998 0.725458
1718924345.996072292 0.447985 -3.655611 0.036936 -0.013303 -0.013869 -0.688004 0.725452
1718924346.001038074 0.448081 -3.656792 0.036939 -0.013292 -0.013899 -0.688010 0.725447
1718924346.006030560 0.448179 -3.657980 0.036947 -0.013282 -0.013926 -0.688016 0.725441
1718924346.011031866 0.448278 -3.659170 0.036958 -0.013283 -0.013941 -0.688017 0.725440
1718924346.016038656 0.448376 -3.660362 0.036972 -0.013288 -0.013954 -0.688019 0.725437
1718924346.021041155 0.448474 -3.661552 0.036987 -0.013288 -0.013964 -0.688022 0.725434
1718924346.026031494 0.448568 -3.662739 0.037001 -0.013281 -0.013967 -0.688029 0.725427
1718924346.031031609 0.448659 -3.663928 0.037016 -0.013262 -0.013984 -0.688034 0.725423
1718924346.036039114 0.448746 -3.665120 0.037028 -0.013235 -0.014011 -0.688039 0.725417
1718924346.041033506 0.448829 -3.666309 0.037036 -0.013208 -0.014031 -0.688045 0.725412
1718924346.046047688 0.448907 -3.667505 0.037038 -0.013182 -0.014036 -0.688055 0.725403
1718924346.051035166 0.448981 -3.668695 0.037036 -0.013160 -0.014039 -0.688072 0.725387
1718924346.056018353 0.449051 -3.669886 0.037027 -0.013140 -0.014043 -0.688091 0.725369
1718924346.061029911 0.449118 -3.671085 0.037014 -0.013123 -0.014057 -0.688109 0.725353
1718924346.066029787 0.449181 -3.672281 0.037000 -0.013106 -0.014072 -0.688122 0.725340
1718924346.071028471 0.449239 -3.673479 0.036985 -0.013085 -0.014083 -0.688137 0.725326
1718924346.076027632 0.449291 -3.674677 0.036972 -0.013070 -0.014092 -0.688149 0.725315
1718924346.081029654 0.449339 -3.675876 0.036961 -0.013051 -0.014099 -0.688162 0.725303
1718924346.086025000 0.449383 -3.677072 0.036954 -0.013035 -0.014094 -0.688176 0.725290
1718924346.091029644 0.449423 -3.678269 0.036951 -0.013029 -0.014078 -0.688192 0.725275
1718924346.096026421 0.449460 -3.679464 0.036949 -0.013024 -0.014060 -0.688211 0.725258
1718924346.099990129 0.449487 -3.680412 0.036948 -0.013015 -0.014054 -0.688224 0.725245
1718924346.099990129 0.449487 -3.680412 0.036948 -0.013015 -0.014054 -0.688224 0.725245
1718924346.101032257 0.449494 -3.680662 0.036949 -0.013012 -0.014052 -0.688227 0.725242
1718924346.106024742 0.449524 -3.681856 0.036955 -0.013005 -0.014060 -0.688242 0.725229
1718924346.111022711 0.449554 -3.683052 0.036960 -0.012999 -0.014073 -0.688261 0.725210
1718924346.116045237 0.449583 -3.684251 0.036964 -0.013002 -0.014090 -0.688283 0.725189
1718924346.199993134 0.450724 -3.704397 0.037147 -0.012643 -0.014272 -0.688050 0.725413
1718924346.199993134 0.450724 -3.704397 0.037147 -0.012643 -0.014272 -0.688050 0.725413
1718924346.206032991 0.450857 -3.705854 0.037170 -0.012617 -0.014288 -0.688033 0.725429
1718924346.211026192 0.450972 -3.707060 0.037190 -0.012602 -0.014299 -0.688002 0.725458
1718924346.216046095 0.451090 -3.708272 0.037210 -0.012594 -0.014301 -0.687965 0.725494
1718924346.221056700 0.451209 -3.709480 0.037230 -0.012591 -0.014284 -0.687926 0.725531
1718924346.226119518 0.451332 -3.710699 0.037248 -0.012589 -0.014257 -0.687877 0.725578
1718924346.231059790 0.451452 -3.711886 0.037264 -0.012588 -0.014229 -0.687818 0.725635
1718924346.236053467 0.451574 -3.713087 0.037280 -0.012588 -0.014217 -0.687754 0.725695
1718924346.241042852 0.451694 -3.714288 0.037297 -0.012583 -0.014214 -0.687690 0.725756
1718924346.246026993 0.451812 -3.715488 0.037315 -0.012582 -0.014203 -0.687625 0.725818
1718924346.251034260 0.451928 -3.716693 0.037333 -0.012579 -0.014189 -0.687562 0.725878
1718924346.256031275 0.452041 -3.717895 0.037350 -0.012573 -0.014174 -0.687505 0.725933
1718924346.261042118 0.452149 -3.719100 0.037368 -0.012562 -0.014157 -0.687456 0.725979
1718924346.266040802 0.452253 -3.720302 0.037384 -0.012559 -0.014140 -0.687418 0.726015
1718924346.271041870 0.452351 -3.721504 0.037400 -0.012556 -0.014129 -0.687395 0.726038
1718924346.276038647 0.452444 -3.722704 0.037416 -0.012548 -0.014134 -0.687381 0.726051
1718924346.281053543 0.452530 -3.723906 0.037433 -0.012544 -0.014148 -0.687378 0.726054
1718924346.286034584 0.452610 -3.725099 0.037449 -0.012537 -0.014166 -0.687388 0.726044
1718924346.291073799 0.452683 -3.726305 0.037467 -0.012523 -0.014180 -0.687405 0.726027
1718924346.296066284 0.452748 -3.727498 0.037485 -0.012507 -0.014182 -0.687432 0.726003
1718924346.299997091 0.452794 -3.728437 0.037501 -0.012500 -0.014182 -0.687459 0.725978
1718924346.299997091 0.452794 -3.728437 0.037501 -0.012500 -0.014182 -0.687459 0.725978
1718924346.301025629 0.452805 -3.728683 0.037506 -0.012497 -0.014183 -0.687465 0.725972
1718924346.306067705 0.452857 -3.729887 0.037531 -0.012484 -0.014176 -0.687500 0.725939
1718924346.311064005 0.452902 -3.731081 0.037557 -0.012469 -0.014172 -0.687541 0.725900
1718924346.366081238 0.453632 -3.744291 0.037897 -0.012312 -0.014163 -0.687402 0.726035
1718924346.371037722 0.453719 -3.745490 0.037932 -0.012290 -0.014168 -0.687376 0.726060
1718924346.376036406 0.453812 -3.746701 0.037967 -0.012266 -0.014171 -0.687348 0.726087
1718924346.381038666 0.453909 -3.747915 0.038000 -0.012243 -0.014178 -0.687320 0.726113
1718924346.386066914 0.454009 -3.749137 0.038031 -0.012220 -0.014178 -0.687286 0.726146
1718924346.391054392 0.454112 -3.750351 0.038060 -0.012203 -0.014177 -0.687242 0.726187
1718924346.396023512 0.454217 -3.751563 0.038088 -0.012188 -0.014172 -0.687192 0.726235
1718924346.399992228 0.454302 -3.752534 0.038112 -0.012177 -0.014163 -0.687145 0.726280
1718924346.399992228 0.454302 -3.752534 0.038112 -0.012177 -0.014163 -0.687145 0.726280
1718924346.401063681 0.454327 -3.752804 0.038124 -0.012175 -0.014161 -0.687134 0.726291
1718924346.406069994 0.454450 -3.754098 0.038203 -0.012174 -0.014156 -0.687079 0.726342
1718924346.411061764 0.454574 -3.755390 0.038283 -0.012178 -0.014146 -0.687032 0.726387
1718924346.416032076 0.454699 -3.756677 0.038366 -0.012185 -0.014135 -0.686992 0.726426
1718924346.421084642 0.454827 -3.757984 0.038453 -0.012183 -0.014131 -0.686961 0.726455
1718924346.426151276 0.454955 -3.759293 0.038540 -0.012171 -0.014141 -0.686940 0.726474
1718924346.431084633 0.455077 -3.760564 0.038626 -0.012150 -0.014163 -0.686929 0.726485
1718924346.436070919 0.455199 -3.761847 0.038714 -0.012126 -0.014186 -0.686927 0.726487
1718924346.441032648 0.455318 -3.763121 0.038804 -0.012112 -0.014204 -0.686938 0.726476
1718924346.446029425 0.455435 -3.764402 0.038897 -0.012108 -0.014214 -0.686952 0.726462
1718924346.451025486 0.455550 -3.765682 0.038993 -0.012110 -0.014217 -0.686971 0.726445
1718924346.456029654 0.455661 -3.766963 0.039092 -0.012111 -0.014219 -0.686995 0.726422
1718924346.461029291 0.455768 -3.768241 0.039193 -0.012113 -0.014219 -0.687024 0.726395
1718924346.466026783 0.455872 -3.769518 0.039296 -0.012118 -0.014221 -0.687055 0.726365
1718924346.471032858 0.455974 -3.770796 0.039400 -0.012118 -0.014223 -0.687093 0.726329
1718924346.476030827 0.456072 -3.772070 0.039503 -0.012119 -0.014230 -0.687132 0.726292
1718924346.481046438 0.456167 -3.773347 0.039605 -0.012119 -0.014237 -0.687168 0.726258
1718924346.486025810 0.456259 -3.774612 0.039704 -0.012118 -0.014246 -0.687198 0.726229
1718924346.491018534 0.456348 -3.775878 0.039802 -0.012122 -0.014256 -0.687230 0.726199
1718924346.496021986 0.456436 -3.777144 0.039899 -0.012129 -0.014274 -0.687268 0.726162
1718924346.499991179 0.456503 -3.778140 0.039972 -0.012133 -0.014294 -0.687292 0.726139
1718924346.499991179 0.456503 -3.778140 0.039972 -0.012133 -0.014294 -0.687292 0.726139
1718924346.501019955 0.456518 -3.778387 0.039987 -0.012134 -0.014298 -0.687297 0.726134
1718924346.506023169 0.456589 -3.779589 0.040060 -0.012141 -0.014323 -0.687311 0.726120
1718924346.511019468 0.456658 -3.780788 0.040133 -0.012152 -0.014345 -0.687319 0.726113
1718924346.600000143 0.457616 -3.802010 0.041542 -0.011973 -0.014156 -0.687221 0.726212
1718924346.600000143 0.457616 -3.802010 0.041542 -0.011973 -0.014156 -0.687221 0.726212
1718924346.601064205 0.457624 -3.802262 0.041560 -0.011971 -0.014154 -0.687219 0.726213
1718924346.606065512 0.457662 -3.803448 0.041647 -0.011956 -0.014139 -0.687217 0.726216
1718924346.611063957 0.457700 -3.804633 0.041733 -0.011936 -0.014120 -0.687220 0.726214
1718924346.616050959 0.457736 -3.805814 0.041818 -0.011925 -0.014104 -0.687230 0.726205
1718924346.621114492 0.457770 -3.807013 0.041904 -0.011923 -0.014098 -0.687232 0.726204
1718924346.626096964 0.457802 -3.808194 0.041988 -0.011925 -0.014092 -0.687229 0.726206
1718924346.631048918 0.457832 -3.809368 0.042072 -0.011928 -0.014087 -0.687229 0.726207
1718924346.636024475 0.457861 -3.810547 0.042156 -0.011930 -0.014085 -0.687224 0.726211
1718924346.641110897 0.457889 -3.811749 0.042242 -0.011928 -0.014080 -0.687218 0.726216
1718924346.646029949 0.457915 -3.812909 0.042324 -0.011923 -0.014070 -0.687226 0.726210
1718924346.651029587 0.457940 -3.814085 0.042407 -0.011914 -0.014060 -0.687243 0.726194
1718924346.656030893 0.457962 -3.815260 0.042490 -0.011908 -0.014064 -0.687260 0.726178
1718924346.661078215 0.457984 -3.816445 0.042574 -0.011900 -0.014078 -0.687277 0.726162
1718924346.666035652 0.458002 -3.817610 0.042655 -0.011892 -0.014089 -0.687297 0.726142
1718924346.671092987 0.458019 -3.818797 0.042736 -0.011887 -0.014100 -0.687327 0.726114
1718924346.676070452 0.458032 -3.819965 0.042814 -0.011891 -0.014103 -0.687356 0.726086
1718924346.681133986 0.458043 -3.821154 0.042892 -0.011894 -0.014096 -0.687384 0.726060
1718924346.686072350 0.458052 -3.822316 0.042967 -0.011900 -0.014084 -0.687402 0.726043
1718924346.691023350 0.458059 -3.823481 0.043041 -0.011907 -0.014078 -0.687417 0.726029
1718924346.696025372 0.458065 -3.824661 0.043117 -0.011914 -0.014077 -0.687432 0.726014
1718924346.699903965 0.458069 -3.825577 0.043176 -0.011912 -0.014079 -0.687445 0.726003
1718924346.699903965 0.458069 -3.825577 0.043176 -0.011912 -0.014079 -0.687445 0.726003
1718924346.701020956 0.458070 -3.825840 0.043194 -0.011911 -0.014080 -0.687448 0.726000
1718924346.706024885 0.458075 -3.827023 0.043276 -0.011908 -0.014087 -0.687462 0.725986
1718924346.711060762 0.458078 -3.828214 0.043360 -0.011903 -0.014087 -0.687475 0.725974
1718924346.716066360 0.458082 -3.829397 0.043444 -0.011893 -0.014080 -0.687485 0.725965
1718924346.800001144 0.458500 -3.849660 0.044422 -0.011863 -0.014007 -0.687431 0.726018
1718924346.800001144 0.458500 -3.849660 0.044422 -0.011863 -0.014007 -0.687431 0.726018
1718924346.801064253 0.458510 -3.849922 0.044428 -0.011862 -0.014007 -0.687430 0.726019
1718924346.806064844 0.458558 -3.851153 0.044459 -0.011855 -0.014005 -0.687420 0.726028
1718924346.811061621 0.458608 -3.852385 0.044486 -0.011845 -0.014007 -0.687404 0.726044
1718924346.816095591 0.458661 -3.853627 0.044512 -0.011827 -0.014024 -0.687388 0.726059
1718924346.821107388 0.458715 -3.854865 0.044538 -0.011803 -0.014052 -0.687383 0.726063
1718924346.826116800 0.458769 -3.856103 0.044566 -0.011775 -0.014079 -0.687375 0.726070
1718924346.831076860 0.458823 -3.857331 0.044596 -0.011748 -0.014104 -0.687358 0.726087
1718924346.836019516 0.458875 -3.858555 0.044628 -0.011727 -0.014119 -0.687340 0.726104
1718924346.841096401 0.458928 -3.859812 0.044661 -0.011710 -0.014123 -0.687325 0.726118
1718924346.846066236 0.458978 -3.861042 0.044696 -0.011695 -0.014124 -0.687313 0.726130
1718924346.851080418 0.459027 -3.862285 0.044734 -0.011676 -0.014124 -0.687297 0.726146
1718924346.856066942 0.459074 -3.863523 0.044774 -0.011665 -0.014124 -0.687280 0.726162
1718924346.861077547 0.459119 -3.864766 0.044816 -0.011646 -0.014126 -0.687266 0.726175
1718924346.866031647 0.459161 -3.865992 0.044859 -0.011616 -0.014140 -0.687252 0.726189
1718924346.871032000 0.459200 -3.867226 0.044904 -0.011587 -0.014162 -0.687243 0.726197
1718924346.876035452 0.459235 -3.868457 0.044949 -0.011555 -0.014194 -0.687241 0.726199
1718924346.881061792 0.459266 -3.869690 0.044995 -0.011529 -0.014234 -0.687247 0.726193
1718924346.886062145 0.459293 -3.870914 0.045039 -0.011506 -0.014279 -0.687254 0.726185
1718924346.891056538 0.459314 -3.872132 0.045082 -0.011488 -0.014316 -0.687265 0.726175
1718924346.896060467 0.459331 -3.873348 0.045123 -0.011470 -0.014343 -0.687288 0.726153
1718924346.900017023 0.459341 -3.874307 0.045153 -0.011447 -0.014360 -0.687321 0.726122
1718924346.900017023 0.459341 -3.874307 0.045153 -0.011447 -0.014360 -0.687321 0.726122
1718924346.901025295 0.459344 -3.874550 0.045162 -0.011441 -0.014364 -0.687329 0.726114
1718924346.906067610 0.459354 -3.875768 0.045203 -0.011411 -0.014381 -0.687369 0.726076
1718924346.911018372 0.459360 -3.876964 0.045245 -0.011396 -0.014395 -0.687410 0.726037
1718924346.956079006 0.459655 -3.887805 0.045558 -0.011289 -0.014280 -0.687753 0.725716
1718924346.961059093 0.459702 -3.889016 0.045580 -0.011271 -0.014293 -0.687778 0.725693
1718924346.966021299 0.459754 -3.890224 0.045603 -0.011258 -0.014308 -0.687782 0.725689
1718924346.971076727 0.459813 -3.891456 0.045627 -0.011250 -0.014323 -0.687781 0.725690
1718924346.976093531 0.459876 -3.892677 0.045653 -0.011242 -0.014335 -0.687785 0.725686
1718924346.981070042 0.459943 -3.893888 0.045681 -0.011235 -0.014352 -0.687777 0.725693
1718924346.986061096 0.460014 -3.895102 0.045710 -0.011220 -0.014364 -0.687759 0.725710
1718924346.991015673 0.460088 -3.896308 0.045739 -0.011206 -0.014365 -0.687746 0.725722
1718924346.996061087 0.460168 -3.897536 0.045769 -0.011186 -0.014366 -0.687723 0.725745
1718924347.001060724 0.460250 -3.898753 0.045799 -0.011167 -0.014364 -0.687686 0.725780
1718924347.006059408 0.460336 -3.899970 0.045829 -0.011153 -0.014360 -0.687646 0.725818
1718924347.011090040 0.460424 -3.901195 0.045858 -0.011139 -0.014351 -0.687610 0.725853
1718924347.016069651 0.460512 -3.902408 0.045887 -0.011120 -0.014351 -0.687574 0.725887
1718924347.021099806 0.460602 -3.903633 0.045914 -0.011100 -0.014352 -0.687540 0.725920
1718924347.026037216 0.460691 -3.904833 0.045937 -0.011086 -0.014356 -0.687499 0.725959
1718924347.031069756 0.460781 -3.906052 0.045959 -0.011069 -0.014363 -0.687456 0.726000
1718924347.036031485 0.460869 -3.907250 0.045981 -0.011043 -0.014375 -0.687422 0.726032
1718924347.041074038 0.460955 -3.908464 0.046004 -0.011019 -0.014392 -0.687393 0.726059
1718924347.046042919 0.461036 -3.909659 0.046030 -0.010996 -0.014415 -0.687375 0.726076
1718924347.051028490 0.461114 -3.910856 0.046058 -0.010972 -0.014438 -0.687364 0.726087
1718924347.056018591 0.461186 -3.912051 0.046087 -0.010946 -0.014458 -0.687352 0.726098
1718924347.061012268 0.461252 -3.913245 0.046116 -0.010921 -0.014471 -0.687344 0.726105
1718924347.066017628 0.461312 -3.914438 0.046145 -0.010896 -0.014478 -0.687344 0.726106
1718924347.071091890 0.461366 -3.915648 0.046173 -0.010871 -0.014485 -0.687353 0.726097
1718924347.076060295 0.461414 -3.916834 0.046199 -0.010849 -0.014490 -0.687375 0.726078
1718924347.081015825 0.461456 -3.918018 0.046223 -0.010828 -0.014495 -0.687391 0.726063
1718924347.086019754 0.461494 -3.919215 0.046244 -0.010809 -0.014501 -0.687407 0.726047
1718924347.091013908 0.461528 -3.920409 0.046264 -0.010795 -0.014514 -0.687425 0.726030
1718924347.096018076 0.461559 -3.921607 0.046282 -0.010791 -0.014527 -0.687440 0.726015
1718924347.099998951 0.461582 -3.922561 0.046296 -0.010787 -0.014534 -0.687453 0.726004
1718924347.099998951 0.461582 -3.922561 0.046296 -0.010787 -0.014534 -0.687453 0.726004
1718924347.101020575 0.461587 -3.922807 0.046301 -0.010786 -0.014537 -0.687456 0.726001
1718924347.106004477 0.461615 -3.924006 0.046323 -0.010781 -0.014548 -0.687470 0.725987
1718924347.111077785 0.461641 -3.925227 0.046344 -0.010768 -0.014566 -0.687482 0.725976
1718924347.116029024 0.461668 -3.926419 0.046363 -0.010746 -0.014585 -0.687493 0.725965
1718924347.199990034 0.462471 -3.946651 0.046598 -0.010836 -0.014220 -0.687961 0.725527
1718924347.199990034 0.462471 -3.946651 0.046598 -0.010836 -0.014220 -0.687961 0.725527
1718924347.221032381 0.462790 -3.951724 0.046651 -0.010866 -0.014104 -0.688094 0.725403
1718924347.226025820 0.462870 -3.952928 0.046658 -0.010869 -0.014082 -0.688119 0.725380
1718924347.231083393 0.462954 -3.954148 0.046664 -0.010868 -0.014058 -0.688139 0.725362
1718924347.236100435 0.463039 -3.955360 0.046669 -0.010867 -0.014037 -0.688163 0.725339
1718924347.241025925 0.463124 -3.956554 0.046673 -0.010873 -0.014020 -0.688183 0.725320
1718924347.246028662 0.463212 -3.957767 0.046676 -0.010880 -0.014004 -0.688191 0.725313
1718924347.251031160 0.463301 -3.958980 0.046680 -0.010883 -0.013990 -0.688186 0.725318
1718924347.256021261 0.463389 -3.960189 0.046684 -0.010884 -0.013977 -0.688187 0.725317
1718924347.261013031 0.463477 -3.961397 0.046689 -0.010892 -0.013966 -0.688187 0.725317
1718924347.266024828 0.463562 -3.962610 0.046696 -0.010903 -0.013968 -0.688175 0.725328
1718924347.271020889 0.463645 -3.963820 0.046704 -0.010916 -0.013977 -0.688154 0.725348
1718924347.276027679 0.463725 -3.965032 0.046711 -0.010929 -0.013983 -0.688135 0.725366
1718924347.281037331 0.463800 -3.966244 0.046717 -0.010944 -0.013988 -0.688121 0.725379
1718924347.286025286 0.463871 -3.967450 0.046721 -0.010957 -0.013987 -0.688105 0.725394
1718924347.291015387 0.463937 -3.968656 0.046722 -0.010970 -0.013989 -0.688084 0.725413
1718924347.296042681 0.463998 -3.969874 0.046720 -0.010986 -0.013989 -0.688069 0.725428
1718924347.299987078 0.464043 -3.970830 0.046718 -0.011002 -0.013981 -0.688052 0.725443
1718924347.299987078 0.464043 -3.970830 0.046718 -0.011002 -0.013981 -0.688052 0.725443
1718924347.301054716 0.464055 -3.971089 0.046718 -0.011006 -0.013980 -0.688047 0.725448
1718924347.306011677 0.464107 -3.972292 0.046718 -0.011023 -0.013963 -0.688024 0.725470
1718924347.311018467 0.464156 -3.973507 0.046719 -0.011035 -0.013942 -0.688002 0.725491
1718924347.399987936 0.465193 -3.994962 0.046143 -0.010922 -0.013716 -0.687728 0.725757
1718924347.399987936 0.465193 -3.994962 0.046143 -0.010922 -0.013716 -0.687728 0.725757
1718924347.406009912 0.465280 -3.996403 0.046064 -0.010915 -0.013703 -0.687709 0.725775
1718924347.411056757 0.465355 -3.997609 0.045993 -0.010905 -0.013687 -0.687685 0.725798
1718924347.416024446 0.465430 -3.998794 0.045921 -0.010890 -0.013674 -0.687661 0.725821
1718924347.421050549 0.465507 -3.999990 0.045848 -0.010873 -0.013664 -0.687625 0.725856
1718924347.426026821 0.465583 -4.001173 0.045778 -0.010869 -0.013660 -0.687583 0.725896
1718924347.431024790 0.465660 -4.002362 0.045712 -0.010874 -0.013667 -0.687543 0.725933
1718924347.436025381 0.465737 -4.003550 0.045649 -0.010883 -0.013677 -0.687500 0.725974
1718924347.441006422 0.465811 -4.004731 0.045587 -0.010888 -0.013687 -0.687461 0.726011
1718924347.446017742 0.465885 -4.005917 0.045525 -0.010896 -0.013690 -0.687428 0.726041
1718924347.451008081 0.465957 -4.007096 0.045460 -0.010904 -0.013676 -0.687400 0.726069
1718924347.456018686 0.466026 -4.008280 0.045392 -0.010904 -0.013654 -0.687371 0.726097
1718924347.461014509 0.466094 -4.009464 0.045322 -0.010905 -0.013631 -0.687348 0.726119
1718924347.466020823 0.466161 -4.010655 0.045251 -0.010912 -0.013613 -0.687328 0.726137
1718924347.471012354 0.466226 -4.011845 0.045180 -0.010919 -0.013598 -0.687313 0.726152
1718924347.476022720 0.466291 -4.013042 0.045107 -0.010922 -0.013588 -0.687303 0.726161
1718924347.481056690 0.466355 -4.014246 0.045032 -0.010910 -0.013588 -0.687297 0.726168
1718924347.486005783 0.466416 -4.015432 0.044958 -0.010900 -0.013589 -0.687294 0.726170
1718924347.491017342 0.466477 -4.016633 0.044882 -0.010905 -0.013590 -0.687290 0.726174
1718924347.496009827 0.466538 -4.017828 0.044806 -0.010911 -0.013590 -0.687291 0.726173
1718924347.499989033 0.466586 -4.018778 0.044747 -0.010913 -0.013596 -0.687296 0.726168
1718924347.499989033 0.466586 -4.018778 0.044747 -0.010913 -0.013596 -0.687296 0.726168
1718924347.501013041 0.466599 -4.019022 0.044732 -0.010913 -0.013598 -0.687297 0.726167
1718924347.506009102 0.466659 -4.020212 0.044662 -0.010905 -0.013610 -0.687304 0.726160
1718924347.511023521 0.466717 -4.021405 0.044593 -0.010888 -0.013624 -0.687317 0.726148
1718924347.516020775 0.466775 -4.022595 0.044527 -0.010874 -0.013640 -0.687334 0.726132
1718924347.566030979 0.467386 -4.034415 0.043924 -0.010618 -0.013566 -0.687286 0.726182
1718924347.596010923 0.467771 -4.041474 0.043527 -0.010459 -0.013609 -0.687064 0.726394
1718924347.599987984 0.467821 -4.042415 0.043468 -0.010438 -0.013616 -0.687033 0.726424
1718924347.599987984 0.467821 -4.042415 0.043468 -0.010438 -0.013616 -0.687033 0.726424
1718924347.601016283 0.467834 -4.042658 0.043453 -0.010432 -0.013617 -0.687025 0.726432
1718924347.606008768 0.467896 -4.043841 0.043381 -0.010409 -0.013614 -0.687001 0.726454
1718924347.611011982 0.467957 -4.045027 0.043308 -0.010384 -0.013608 -0.686984 0.726471
1718924347.616025209 0.468018 -4.046217 0.043237 -0.010365 -0.013606 -0.686972 0.726482
1718924347.621087790 0.468079 -4.047419 0.043168 -0.010357 -0.013600 -0.686948 0.726506
1718924347.626118660 0.468141 -4.048616 0.043102 -0.010358 -0.013593 -0.686922 0.726530
1718924347.631029606 0.468201 -4.049785 0.043041 -0.010351 -0.013594 -0.686900 0.726551
1718924347.636061192 0.468264 -4.050980 0.042980 -0.010342 -0.013592 -0.686881 0.726569
1718924347.641019106 0.468326 -4.052154 0.042919 -0.010331 -0.013590 -0.686875 0.726575
1718924347.646018028 0.468390 -4.053333 0.042856 -0.010324 -0.013592 -0.686878 0.726572
1718924347.651016474 0.468456 -4.054508 0.042792 -0.010320 -0.013593 -0.686885 0.726566
1718924347.656022549 0.468522 -4.055685 0.042726 -0.010324 -0.013596 -0.686896 0.726555
1718924347.661009312 0.468590 -4.056856 0.042659 -0.010328 -0.013604 -0.686910 0.726542
1718924347.666033268 0.468659 -4.058033 0.042592 -0.010329 -0.013619 -0.686928 0.726525
1718924347.671017170 0.468730 -4.059199 0.042526 -0.010330 -0.013635 -0.686949 0.726505
1718924347.676022768 0.468803 -4.060369 0.042461 -0.010336 -0.013650 -0.686971 0.726483
1718924347.681046724 0.468876 -4.061543 0.042399 -0.010342 -0.013667 -0.686995 0.726460
1718924347.686057091 0.468949 -4.062715 0.042339 -0.010345 -0.013661 -0.687021 0.726436
1718924347.691053867 0.469025 -4.063885 0.042282 -0.010344 -0.013657 -0.687039 0.726418
1718924347.696011305 0.469101 -4.065044 0.042225 -0.010337 -0.013654 -0.687049 0.726410
1718924347.699978113 0.469163 -4.065971 0.042180 -0.010335 -0.013647 -0.687052 0.726407
1718924347.699978113 0.469163 -4.065971 0.042180 -0.010335 -0.013647 -0.687052 0.726407
1718924347.701014280 0.469179 -4.066214 0.042168 -0.010334 -0.013647 -0.687052 0.726406
1718924347.706007242 0.469259 -4.067381 0.042110 -0.010334 -0.013641 -0.687047 0.726412
1718924347.711051941 0.469342 -4.068563 0.042048 -0.010332 -0.013633 -0.687038 0.726420
1718924347.716006994 0.469426 -4.069724 0.041983 -0.010333 -0.013629 -0.687027 0.726430
1718924347.766020536 0.470274 -4.081556 0.041161 -0.010215 -0.013138 -0.686757 0.726697
1718924347.771024227 0.470354 -4.082751 0.041059 -0.010211 -0.013114 -0.686733 0.726720
1718924347.776016712 0.470434 -4.083944 0.040954 -0.010211 -0.013089 -0.686712 0.726740
1718924347.781020880 0.470515 -4.085141 0.040845 -0.010208 -0.013063 -0.686691 0.726760
1718924347.786023617 0.470596 -4.086337 0.040735 -0.010203 -0.013043 -0.686669 0.726781
1718924347.791015387 0.470677 -4.087531 0.040625 -0.010202 -0.013026 -0.686653 0.726797
1718924347.796011925 0.470759 -4.088726 0.040516 -0.010207 -0.013004 -0.686646 0.726804
1718924347.799978018 0.470824 -4.089675 0.040431 -0.010209 -0.012985 -0.686642 0.726808
1718924347.799978018 0.470824 -4.089675 0.040431 -0.010209 -0.012985 -0.686642 0.726808
1718924347.801012993 0.470841 -4.089922 0.040410 -0.010209 -0.012979 -0.686642 0.726809
1718924347.806047916 0.470925 -4.091123 0.040308 -0.010209 -0.012948 -0.686644 0.726807
1718924347.811079264 0.471009 -4.092322 0.040208 -0.010207 -0.012926 -0.686655 0.726797
1718924347.816019058 0.471091 -4.093499 0.040111 -0.010196 -0.012917 -0.686678 0.726775
1718924347.821006060 0.471174 -4.094687 0.040013 -0.010188 -0.012910 -0.686706 0.726749
1718924347.826030731 0.471258 -4.095884 0.039914 -0.010181 -0.012904 -0.686731 0.726726
1718924347.831020832 0.471341 -4.097073 0.039815 -0.010183 -0.012900 -0.686759 0.726699
1718924347.836021662 0.471423 -4.098265 0.039716 -0.010192 -0.012887 -0.686794 0.726666
1718924347.841057062 0.471506 -4.099464 0.039617 -0.010203 -0.012873 -0.686824 0.726638
1718924347.846018076 0.471588 -4.100645 0.039521 -0.010212 -0.012862 -0.686853 0.726611
1718924347.851012230 0.471672 -4.101835 0.039427 -0.010221 -0.012849 -0.686874 0.726591
1718924347.856010914 0.471757 -4.103027 0.039335 -0.010228 -0.012837 -0.686897 0.726570
1718924347.861021042 0.471842 -4.104221 0.039243 -0.010225 -0.012827 -0.686913 0.726555
1718924347.866071939 0.471930 -4.105423 0.039150 -0.010215 -0.012818 -0.686920 0.726548
1718924347.871059179 0.472018 -4.106609 0.039056 -0.010202 -0.012808 -0.686923 0.726546
1718924347.876096725 0.472107 -4.107806 0.038957 -0.010198 -0.012802 -0.686927 0.726542
1718924347.881066084 0.472195 -4.108986 0.038854 -0.010201 -0.012793 -0.686922 0.726547
1718924347.886050463 0.472285 -4.110171 0.038746 -0.010207 -0.012783 -0.686911 0.726557
1718924347.891015053 0.472375 -4.111350 0.038635 -0.010216 -0.012784 -0.686890 0.726577
1718924347.896045685 0.472466 -4.112544 0.038520 -0.010222 -0.012786 -0.686868 0.726598
1718924347.900004864 0.472538 -4.113484 0.038429 -0.010228 -0.012790 -0.686852 0.726613
1718924347.900004864 0.472538 -4.113484 0.038429 -0.010228 -0.012790 -0.686852 0.726613
1718924347.901051521 0.472557 -4.113732 0.038405 -0.010229 -0.012791 -0.686847 0.726618
1718924347.906049013 0.472651 -4.114919 0.038293 -0.010226 -0.012802 -0.686824 0.726639
1718924347.911051750 0.472744 -4.116110 0.038182 -0.010219 -0.012809 -0.686799 0.726663
1718924347.966089964 0.473950 -4.129196 0.037194 -0.010160 -0.012366 -0.686987 0.726493
1718924347.971023798 0.474057 -4.130383 0.037129 -0.010153 -0.012353 -0.686999 0.726482
1718924347.976052046 0.474167 -4.131593 0.037067 -0.010153 -0.012346 -0.687010 0.726472
1718924347.981013536 0.474277 -4.132786 0.037010 -0.010156 -0.012343 -0.687026 0.726457
1718924347.986049175 0.474390 -4.133997 0.036952 -0.010155 -0.012339 -0.687047 0.726437
1718924347.991021395 0.474501 -4.135192 0.036895 -0.010151 -0.012332 -0.687075 0.726411
1718924347.996045589 0.474614 -4.136400 0.036835 -0.010158 -0.012320 -0.687103 0.726384
1718924348.001011133 0.474726 -4.137593 0.036775 -0.010170 -0.012306 -0.687133 0.726356
1718924348.006045341 0.474841 -4.138805 0.036713 -0.010180 -0.012278 -0.687163 0.726328
1718924348.010995150 0.474954 -4.139996 0.036653 -0.010190 -0.012256 -0.687185 0.726308
1718924348.016096115 0.475072 -4.141225 0.036593 -0.010196 -0.012241 -0.687206 0.726288
1718924348.021111727 0.475189 -4.142433 0.036537 -0.010193 -0.012230 -0.687229 0.726267
1718924348.026014090 0.475304 -4.143614 0.036483 -0.010184 -0.012225 -0.687252 0.726245
1718924348.031008005 0.475423 -4.144815 0.036428 -0.010172 -0.012218 -0.687270 0.726228
1718924348.036034584 0.475543 -4.146022 0.036372 -0.010166 -0.012211 -0.687281 0.726218
1718924348.041053057 0.475664 -4.147226 0.036313 -0.010164 -0.012206 -0.687279 0.726220
1718924348.046032190 0.475785 -4.148420 0.036253 -0.010172 -0.012205 -0.687272 0.726227
1718924348.051052809 0.475906 -4.149623 0.036189 -0.010185 -0.012203 -0.687264 0.726234
1718924348.056007862 0.476026 -4.150811 0.036124 -0.010196 -0.012210 -0.687245 0.726251
1718924348.061006784 0.476146 -4.152006 0.036058 -0.010204 -0.012228 -0.687220 0.726275
1718924348.066054821 0.476267 -4.153213 0.035990 -0.010210 -0.012243 -0.687197 0.726297
1718924348.071011066 0.476384 -4.154396 0.035925 -0.010215 -0.012251 -0.687175 0.726317
1718924348.076046467 0.476502 -4.155598 0.035860 -0.010225 -0.012255 -0.687153 0.726338
1718924348.081052780 0.476618 -4.156794 0.035798 -0.010235 -0.012255 -0.687132 0.726358
1718924348.086046457 0.476732 -4.157988 0.035739 -0.010244 -0.012246 -0.687106 0.726381
1718924348.091063976 0.476846 -4.159187 0.035681 -0.010261 -0.012235 -0.687085 0.726401
1718924348.096046209 0.476956 -4.160377 0.035624 -0.010277 -0.012227 -0.687067 0.726418
1718924348.099987984 0.477043 -4.161319 0.035578 -0.010285 -0.012226 -0.687051 0.726433
1718924348.099987984 0.477043 -4.161319 0.035578 -0.010285 -0.012226 -0.687051 0.726433
1718924348.101023197 0.477065 -4.161567 0.035567 -0.010287 -0.012226 -0.687047 0.726437
1718924348.106046915 0.477175 -4.162770 0.035511 -0.010296 -0.012229 -0.687036 0.726448
1718924348.111050367 0.477284 -4.163968 0.035452 -0.010310 -0.012225 -0.687033 0.726450
1718924348.116017103 0.477393 -4.165154 0.035391 -0.010325 -0.012217 -0.687032 0.726451
1718924348.199991941 0.479163 -4.185493 0.034321 -0.010064 -0.012279 -0.686834 0.726641
1718924348.199991941 0.479163 -4.185493 0.034321 -0.010064 -0.012279 -0.686834 0.726641
1718924348.216017485 0.479475 -4.189449 0.034131 -0.010006 -0.012269 -0.686801 0.726673
1718924348.221018553 0.479569 -4.190688 0.034069 -0.009998 -0.012282 -0.686789 0.726684
1718924348.226073027 0.479661 -4.191941 0.034004 -0.009989 -0.012274 -0.686769 0.726704
1718924348.231101990 0.479751 -4.193189 0.033937 -0.009979 -0.012251 -0.686744 0.726728
1718924348.236036062 0.479836 -4.194416 0.033868 -0.009971 -0.012224 -0.686720 0.726751
1718924348.241052151 0.479920 -4.195666 0.033796 -0.009964 -0.012192 -0.686698 0.726772
1718924348.246070862 0.480002 -4.196920 0.033722 -0.009958 -0.012162 -0.686672 0.726797
1718924348.251013994 0.480080 -4.198160 0.033650 -0.009947 -0.012149 -0.686651 0.726817
1718924348.256014585 0.480157 -4.199417 0.033578 -0.009930 -0.012152 -0.686636 0.726832
1718924348.261014462 0.480233 -4.200676 0.033507 -0.009915 -0.012160 -0.686623 0.726845
1718924348.266018629 0.480306 -4.201937 0.033436 -0.009901 -0.012153 -0.686613 0.726854
1718924348.271038532 0.480379 -4.203200 0.033366 -0.009890 -0.012142 -0.686612 0.726855
1718924348.276030779 0.480450 -4.204456 0.033296 -0.009883 -0.012124 -0.686616 0.726852
1718924348.281029224 0.480520 -4.205714 0.033227 -0.009877 -0.012104 -0.686626 0.726843
1718924348.286008120 0.480590 -4.206966 0.033159 -0.009872 -0.012091 -0.686637 0.726833
1718924348.291034698 0.480660 -4.208230 0.033092 -0.009870 -0.012090 -0.686647 0.726824
1718924348.296005249 0.480730 -4.209481 0.033027 -0.009865 -0.012098 -0.686663 0.726808
1718924348.299989939 0.480787 -4.210484 0.032974 -0.009861 -0.012106 -0.686678 0.726794
1718924348.299989939 0.480787 -4.210484 0.032974 -0.009861 -0.012106 -0.686678 0.726794
1718924348.301024675 0.480802 -4.210745 0.032960 -0.009860 -0.012109 -0.686682 0.726790
1718924348.306006193 0.480873 -4.211999 0.032895 -0.009860 -0.012121 -0.686704 0.726769
1718924348.311010599 0.480947 -4.213259 0.032828 -0.009860 -0.012120 -0.686727 0.726747
1718924348.371028423 0.481947 -4.228591 0.031991 -0.009597 -0.011978 -0.686387 0.727075
1718924348.376024246 0.482038 -4.229886 0.031917 -0.009577 -0.011988 -0.686351 0.727109
1718924348.381022453 0.482130 -4.231185 0.031844 -0.009549 -0.012003 -0.686318 0.727140
1718924348.386023760 0.482221 -4.232484 0.031772 -0.009519 -0.012007 -0.686281 0.727175
1718924348.391013145 0.482311 -4.233782 0.031702 -0.009497 -0.012005 -0.686247 0.727208
1718924348.396005630 0.482399 -4.235082 0.031633 -0.009480 -0.011984 -0.686215 0.727238
1718924348.399992943 0.482467 -4.236123 0.031578 -0.009460 -0.011960 -0.686191 0.727261
1718924348.399992943 0.482467 -4.236123 0.031578 -0.009460 -0.011960 -0.686191 0.727261
1718924348.401010036 0.482484 -4.236388 0.031565 -0.009455 -0.011953 -0.686185 0.727267
1718924348.406017542 0.482567 -4.237697 0.031496 -0.009426 -0.011931 -0.686144 0.727307
1718924348.411043644 0.482647 -4.239012 0.031425 -0.009390 -0.011922 -0.686098 0.727351
1718924348.416033745 0.482724 -4.240318 0.031352 -0.009351 -0.011918 -0.686061 0.727387
1718924348.421022654 0.482797 -4.241624 0.031275 -0.009312 -0.011922 -0.686036 0.727410
1718924348.426115990 0.482867 -4.242959 0.031194 -0.009283 -0.011926 -0.686017 0.727428
1718924348.431024551 0.482932 -4.244247 0.031115 -0.009259 -0.011920 -0.686005 0.727441
1718924348.436076403 0.482995 -4.245573 0.031034 -0.009237 -0.011903 -0.685996 0.727449
1718924348.441012144 0.483054 -4.246869 0.030955 -0.009222 -0.011892 -0.685996 0.727449
1718924348.446074009 0.483111 -4.248199 0.030878 -0.009201 -0.011888 -0.686001 0.727445
1718924348.451058388 0.483165 -4.249509 0.030804 -0.009178 -0.011903 -0.686010 0.727437
1718924348.456051588 0.483216 -4.250824 0.030736 -0.009150 -0.011931 -0.686030 0.727418
1718924348.461018324 0.483264 -4.252133 0.030671 -0.009116 -0.011954 -0.686048 0.727401
1718924348.466016531 0.483309 -4.253450 0.030608 -0.009086 -0.011969 -0.686068 0.727382
1718924348.471022844 0.483354 -4.254770 0.030545 -0.009069 -0.011970 -0.686093 0.727359
1718924348.476022720 0.483398 -4.256088 0.030481 -0.009059 -0.011962 -0.686118 0.727336
1718924348.481080055 0.483442 -4.257422 0.030416 -0.009059 -0.011944 -0.686150 0.727306
1718924348.486067057 0.483488 -4.258739 0.030352 -0.009058 -0.011926 -0.686180 0.727277
1718924348.491081715 0.483535 -4.260066 0.030287 -0.009046 -0.011925 -0.686201 0.727258
1718924348.496022224 0.483584 -4.261373 0.030222 -0.009035 -0.011931 -0.686224 0.727236
1718924348.499989986 0.483626 -4.262423 0.030170 -0.009022 -0.011937 -0.686242 0.727220
1718924348.499989986 0.483626 -4.262423 0.030170 -0.009022 -0.011937 -0.686242 0.727220
1718924348.501038790 0.483638 -4.262700 0.030156 -0.009019 -0.011939 -0.686246 0.727216
1718924348.506049156 0.483696 -4.264024 0.030090 -0.009010 -0.011954 -0.686257 0.727205
1718924348.511018276 0.483759 -4.265337 0.030024 -0.009000 -0.011961 -0.686271 0.727192
1718924348.516031742 0.483827 -4.266661 0.029956 -0.008998 -0.011964 -0.686281 0.727182
1718924348.599990845 0.485239 -4.289052 0.029051 -0.008943 -0.011245 -0.686022 0.727439
1718924348.599990845 0.485239 -4.289052 0.029051 -0.008943 -0.011245 -0.686022 0.727439
1718924348.606007338 0.485356 -4.290675 0.029005 -0.008940 -0.011196 -0.686003 0.727458
1718924348.611004114 0.485455 -4.292024 0.028968 -0.008932 -0.011171 -0.685989 0.727471
1718924348.616019964 0.485555 -4.293380 0.028935 -0.008918 -0.011152 -0.685983 0.727478
1718924348.621016026 0.485655 -4.294735 0.028905 -0.008906 -0.011135 -0.685977 0.727483
1718924348.626020193 0.485754 -4.296095 0.028877 -0.008899 -0.011116 -0.685977 0.727484
1718924348.631015062 0.485851 -4.297453 0.028849 -0.008895 -0.011091 -0.685971 0.727490
1718924348.636005402 0.485947 -4.298811 0.028821 -0.008896 -0.011059 -0.685959 0.727502
1718924348.641053200 0.486041 -4.300183 0.028789 -0.008901 -0.011020 -0.685951 0.727510
1718924348.646007061 0.486132 -4.301532 0.028757 -0.008909 -0.010979 -0.685948 0.727513
1718924348.651026487 0.486222 -4.302902 0.028722 -0.008923 -0.010945 -0.685946 0.727515
1718924348.656009436 0.486310 -4.304265 0.028686 -0.008938 -0.010919 -0.685936 0.727525
1718924348.661053419 0.486400 -4.305646 0.028649 -0.008949 -0.010900 -0.685930 0.727531
1718924348.666059017 0.486488 -4.307016 0.028611 -0.008953 -0.010878 -0.685924 0.727536
1718924348.671021700 0.486575 -4.308375 0.028572 -0.008954 -0.010856 -0.685914 0.727547
1718924348.676038027 0.486662 -4.309750 0.028532 -0.008956 -0.010841 -0.685902 0.727558
1718924348.681063175 0.486749 -4.311129 0.028491 -0.008963 -0.010826 -0.685895 0.727565
1718924348.686006546 0.486835 -4.312488 0.028451 -0.008976 -0.010810 -0.685882 0.727577
1718924348.691037893 0.486922 -4.313872 0.028409 -0.008988 -0.010803 -0.685856 0.727602
1718924348.696022034 0.487007 -4.315245 0.028369 -0.009001 -0.010799 -0.685826 0.727630
1718924348.699890137 0.487072 -4.316312 0.028338 -0.009017 -0.010791 -0.685804 0.727650
1718924348.699890137 0.487072 -4.316312 0.028338 -0.009017 -0.010791 -0.685804 0.727650
1718924348.699997902 0.492792 -4.304556 0.031147 -0.006760 -0.013171 -0.685928 0.727519
1718924348.699997902 0.492792 -4.304556 0.031147 -0.006760 -0.013171 -0.685928 0.727519
1718924348.701048374 0.492797 -4.304804 0.031173 -0.006765 -0.013169 -0.685922 0.727525
1718924348.706050396 0.492822 -4.305982 0.031296 -0.006785 -0.013148 -0.685892 0.727553
1718924348.711014509 0.492846 -4.307155 0.031419 -0.006801 -0.013117 -0.685864 0.727580
1718924348.716012239 0.492868 -4.308337 0.031542 -0.006805 -0.013080 -0.685838 0.727605
1718924348.766012669 0.493022 -4.320248 0.032930 -0.006801 -0.013232 -0.685795 0.727643
1718924348.771024466 0.493039 -4.321455 0.033089 -0.006806 -0.013240 -0.685785 0.727652
1718924348.776057005 0.493054 -4.322667 0.033251 -0.006805 -0.013246 -0.685777 0.727659
1718924348.781030178 0.493068 -4.323864 0.033413 -0.006810 -0.013244 -0.685768 0.727668
1718924348.786017418 0.493079 -4.325065 0.033577 -0.006820 -0.013232 -0.685754 0.727681
1718924348.791048527 0.493087 -4.326279 0.033742 -0.006833 -0.013207 -0.685737 0.727697
1718924348.796009302 0.493091 -4.327475 0.033905 -0.006844 -0.013188 -0.685714 0.727719
1718924348.799999952 0.493093 -4.328437 0.034035 -0.006848 -0.013169 -0.685696 0.727737
1718924348.799999952 0.493093 -4.328437 0.034035 -0.006848 -0.013169 -0.685696 0.727737
1718924348.801044464 0.493094 -4.328688 0.034069 -0.006849 -0.013165 -0.685691 0.727741
1718924348.806010485 0.493092 -4.329883 0.034227 -0.006855 -0.013150 -0.685675 0.727757
1718924348.811043739 0.493088 -4.331095 0.034386 -0.006862 -0.013152 -0.685656 0.727774
1718924348.816087961 0.493079 -4.332309 0.034544 -0.006874 -0.013165 -0.685638 0.727791
1718924348.821022272 0.493069 -4.333497 0.034699 -0.006889 -0.013183 -0.685618 0.727809
1718924348.826046944 0.493055 -4.334705 0.034857 -0.006911 -0.013199 -0.685599 0.727827
1718924348.831024885 0.493039 -4.335898 0.035014 -0.006929 -0.013209 -0.685580 0.727845
1718924348.836015463 0.493019 -4.337093 0.035172 -0.006944 -0.013219 -0.685561 0.727862
1718924348.841022968 0.492996 -4.338293 0.035331 -0.006958 -0.013229 -0.685545 0.727876
1718924348.846057177 0.492969 -4.339500 0.035491 -0.006982 -0.013228 -0.685529 0.727892
1718924348.851050854 0.492939 -4.340698 0.035649 -0.007005 -0.013227 -0.685509 0.727910
1718924348.856004238 0.492907 -4.341887 0.035804 -0.007022 -0.013222 -0.685494 0.727924
1718924348.861051321 0.492872 -4.343100 0.035960 -0.007044 -0.013211 -0.685486 0.727931
1718924348.866044760 0.492836 -4.344302 0.036115 -0.007074 -0.013186 -0.685484 0.727934
1718924348.871041298 0.492799 -4.345507 0.036271 -0.007098 -0.013163 -0.685482 0.727936
1718924348.876016378 0.492762 -4.346709 0.036428 -0.007118 -0.013142 -0.685475 0.727942
1718924348.881033897 0.492727 -4.347922 0.036587 -0.007136 -0.013124 -0.685469 0.727948
1718924348.886008263 0.492694 -4.349124 0.036746 -0.007147 -0.013104 -0.685461 0.727956
1718924348.891004801 0.492663 -4.350330 0.036905 -0.007159 -0.013079 -0.685449 0.727968
1718924348.896007061 0.492636 -4.351539 0.037063 -0.007177 -0.013054 -0.685441 0.727976
1718924348.899999857 0.492616 -4.352503 0.037187 -0.007193 -0.013036 -0.685432 0.727984
1718924348.899999857 0.492616 -4.352503 0.037187 -0.007193 -0.013036 -0.685432 0.727984
1718924348.901004076 0.492611 -4.352745 0.037218 -0.007197 -0.013031 -0.685430 0.727986
1718924348.906008005 0.492587 -4.353950 0.037370 -0.007208 -0.013013 -0.685414 0.728002
1718924348.911004782 0.492566 -4.355151 0.037522 -0.007220 -0.012999 -0.685391 0.728023
1718924348.951018810 0.492364 -4.364788 0.038644 -0.007317 -0.012788 -0.685083 0.728316
1718924348.956013680 0.492337 -4.365997 0.038781 -0.007336 -0.012749 -0.685046 0.728351
1718924348.961016893 0.492308 -4.367206 0.038918 -0.007360 -0.012718 -0.685010 0.728386
1718924348.966037750 0.492279 -4.368415 0.039054 -0.007390 -0.012685 -0.684972 0.728422
1718924348.971007824 0.492248 -4.369608 0.039189 -0.007421 -0.012656 -0.684941 0.728451
1718924348.976006269 0.492215 -4.370805 0.039327 -0.007452 -0.012636 -0.684916 0.728474
1718924348.981040716 0.492180 -4.372009 0.039468 -0.007482 -0.012626 -0.684891 0.728498
1718924348.986006498 0.492142 -4.373195 0.039609 -0.007504 -0.012612 -0.684868 0.728519
1718924348.991001129 0.492100 -4.374384 0.039753 -0.007519 -0.012588 -0.684850 0.728537
1718924348.996004581 0.492054 -4.375570 0.039900 -0.007532 -0.012556 -0.684836 0.728550
1718924349.001041889 0.492004 -4.376762 0.040052 -0.007551 -0.012512 -0.684830 0.728556
1718924349.006006002 0.491949 -4.377938 0.040207 -0.007592 -0.012451 -0.684835 0.728552
1718924349.011002302 0.491891 -4.379125 0.040365 -0.007648 -0.012386 -0.684848 0.728540
1718924349.016016006 0.491829 -4.380321 0.040524 -0.007705 -0.012324 -0.684871 0.728519
1718924349.021015167 0.491766 -4.381518 0.040681 -0.007753 -0.012268 -0.684900 0.728493
1718924349.026090145 0.491701 -4.382737 0.040837 -0.007795 -0.012218 -0.684927 0.728468
1718924349.031005383 0.491637 -4.383919 0.040984 -0.007825 -0.012177 -0.684960 0.728437
1718924349.035992146 0.491572 -4.385123 0.041129 -0.007846 -0.012147 -0.685001 0.728399
1718924349.041060209 0.491505 -4.386351 0.041273 -0.007868 -0.012107 -0.685045 0.728357
1718924349.046001434 0.491439 -4.387550 0.041410 -0.007892 -0.012061 -0.685095 0.728311
1718924349.051014900 0.491372 -4.388766 0.041548 -0.007916 -0.012017 -0.685149 0.728261
1718924349.055998087 0.491306 -4.389976 0.041685 -0.007941 -0.011979 -0.685198 0.728215
1718924349.060992241 0.491239 -4.391190 0.041825 -0.007967 -0.011947 -0.685242 0.728173
1718924349.066015244 0.491171 -4.392416 0.041967 -0.008000 -0.011931 -0.685280 0.728138
1718924349.071003675 0.491103 -4.393637 0.042109 -0.008024 -0.011926 -0.685308 0.728111
1718924349.075995445 0.491033 -4.394860 0.042250 -0.008045 -0.011917 -0.685334 0.728087
1718924349.080991983 0.490963 -4.396088 0.042389 -0.008073 -0.011908 -0.685355 0.728067
1718924349.085996151 0.490892 -4.397322 0.042524 -0.008102 -0.011902 -0.685369 0.728054
1718924349.090991020 0.490819 -4.398562 0.042655 -0.008133 -0.011892 -0.685370 0.728053
1718924349.095995903 0.490744 -4.399812 0.042783 -0.008162 -0.011881 -0.685364 0.728058
1718924349.100002289 0.490682 -4.400819 0.042883 -0.008178 -0.011871 -0.685352 0.728069
1718924349.100002289 0.490682 -4.400819 0.042883 -0.008178 -0.011871 -0.685352 0.728069
1718924349.100992441 0.490666 -4.401068 0.042907 -0.008182 -0.011868 -0.685349 0.728072
1718924349.105996132 0.490584 -4.402330 0.043030 -0.008186 -0.011853 -0.685319 0.728101
1718924349.110993862 0.490498 -4.403596 0.043151 -0.008176 -0.011832 -0.685278 0.728139
1718924349.116016150 0.490407 -4.404874 0.043270 -0.008173 -0.011814 -0.685232 0.728184
1718924349.200000286 0.489045 -4.426023 0.045276 -0.008541 -0.012322 -0.685385 0.728026
1718924349.200000286 0.489045 -4.426023 0.045276 -0.008541 -0.012322 -0.685385 0.728026
1718924349.235993624 0.488562 -4.434899 0.046122 -0.008721 -0.012608 -0.685454 0.727955
1718924349.241047144 0.488505 -4.436138 0.046248 -0.008734 -0.012632 -0.685463 0.727946
1718924349.246050596 0.488450 -4.437363 0.046371 -0.008744 -0.012661 -0.685473 0.727936
1718924349.251024008 0.488399 -4.438580 0.046491 -0.008748 -0.012697 -0.685487 0.727922
1718924349.256002903 0.488351 -4.439798 0.046608 -0.008749 -0.012747 -0.685500 0.727908
1718924349.260987759 0.488304 -4.441015 0.046724 -0.008757 -0.012803 -0.685509 0.727899
1718924349.265994310 0.488258 -4.442236 0.046839 -0.008762 -0.012856 -0.685511 0.727896
1718924349.270990372 0.488215 -4.443451 0.046956 -0.008761 -0.012909 -0.685510 0.727896
1718924349.275998116 0.488172 -4.444669 0.047076 -0.008756 -0.012958 -0.685513 0.727892
1718924349.280999422 0.488129 -4.445886 0.047200 -0.008752 -0.013008 -0.685518 0.727887
1718924349.285995960 0.488085 -4.447104 0.047327 -0.008743 -0.013056 -0.685517 0.727887
1718924349.290995836 0.488037 -4.448324 0.047455 -0.008729 -0.013103 -0.685513 0.727890
1718924349.296036243 0.487985 -4.449555 0.047580 -0.008703 -0.013159 -0.685513 0.727890
1718924349.299994230 0.487941 -4.450524 0.047674 -0.008677 -0.013205 -0.685516 0.727886
1718924349.299994230 0.487941 -4.450524 0.047674 -0.008677 -0.013205 -0.685516 0.727886
1718924349.301031590 0.487929 -4.450778 0.047698 -0.008670 -0.013217 -0.685517 0.727885
1718924349.305987358 0.487865 -4.451994 0.047807 -0.008632 -0.013265 -0.685521 0.727881
1718924349.310992002 0.487793 -4.453226 0.047907 -0.008591 -0.013307 -0.685531 0.727871
1718924349.315991163 0.487711 -4.454460 0.047997 -0.008550 -0.013341 -0.685543 0.727860
1718924349.399982214 0.486729 -4.475113 0.048123 -0.008590 -0.014157 -0.685284 0.728088
1718924349.399982214 0.486729 -4.475113 0.048123 -0.008590 -0.014157 -0.685284 0.728088
1718924349.405987263 0.486693 -4.476579 0.048025 -0.008595 -0.014215 -0.685266 0.728104
1718924349.411033154 0.486666 -4.477812 0.047934 -0.008613 -0.014248 -0.685258 0.728110
1718924349.416005135 0.486644 -4.479026 0.047839 -0.008645 -0.014274 -0.685251 0.728116
1718924349.421005726 0.486627 -4.480248 0.047740 -0.008681 -0.014300 -0.685246 0.728119
1718924349.426012993 0.486615 -4.481469 0.047638 -0.008709 -0.014333 -0.685243 0.728121
1718924349.431006193 0.486608 -4.482686 0.047537 -0.008726 -0.014369 -0.685233 0.728130
1718924349.436043024 0.486606 -4.483913 0.047437 -0.008726 -0.014414 -0.685216 0.728145
1718924349.441025972 0.486607 -4.485127 0.047340 -0.008713 -0.014459 -0.685200 0.728159
1718924349.445995808 0.486610 -4.486338 0.047247 -0.008699 -0.014497 -0.685186 0.728172
1718924349.450994492 0.486613 -4.487557 0.047156 -0.008684 -0.014531 -0.685170 0.728187
1718924349.455997467 0.486615 -4.488780 0.047067 -0.008685 -0.014556 -0.685155 0.728200
1718924349.460992098 0.486613 -4.490003 0.046979 -0.008707 -0.014580 -0.685140 0.728213
1718924349.465998888 0.486607 -4.491232 0.046890 -0.008730 -0.014597 -0.685127 0.728225
1718924349.470995665 0.486596 -4.492459 0.046795 -0.008743 -0.014616 -0.685116 0.728235
1718924349.476041317 0.486580 -4.493698 0.046693 -0.008743 -0.014640 -0.685105 0.728244
1718924349.481013536 0.486558 -4.494920 0.046586 -0.008728 -0.014661 -0.685098 0.728251
1718924349.486019611 0.486530 -4.496153 0.046471 -0.008714 -0.014684 -0.685096 0.728252
1718924349.490988016 0.486496 -4.497380 0.046351 -0.008697 -0.014703 -0.685097 0.728251
1718924349.495981932 0.486454 -4.498618 0.046227 -0.008678 -0.014716 -0.685092 0.728256
1718924349.499988317 0.486416 -4.499613 0.046126 -0.008659 -0.014728 -0.685086 0.728262
1718924349.499988317 0.486416 -4.499613 0.046126 -0.008659 -0.014728 -0.685086 0.728262
1718924349.501029968 0.486405 -4.499872 0.046101 -0.008653 -0.014730 -0.685085 0.728263
1718924349.505983353 0.486350 -4.501107 0.045982 -0.008630 -0.014744 -0.685078 0.728269
1718924349.511028767 0.486285 -4.502370 0.045862 -0.008603 -0.014775 -0.685069 0.728277
1718924349.565995932 0.485384 -4.516205 0.044511 -0.008385 -0.015476 -0.685127 0.728211
1718924349.570998192 0.485293 -4.517473 0.044393 -0.008365 -0.015536 -0.685128 0.728209
1718924349.576001883 0.485201 -4.518741 0.044277 -0.008353 -0.015586 -0.685129 0.728207
1718924349.581065416 0.485108 -4.520022 0.044164 -0.008345 -0.015622 -0.685130 0.728205
1718924349.585987329 0.485018 -4.521265 0.044058 -0.008342 -0.015656 -0.685131 0.728204
1718924349.591030121 0.484928 -4.522539 0.043953 -0.008331 -0.015689 -0.685129 0.728205
1718924349.595984936 0.484840 -4.523790 0.043851 -0.008323 -0.015723 -0.685128 0.728206
1718924349.599979162 0.484772 -4.524796 0.043768 -0.008320 -0.015745 -0.685129 0.728204
1718924349.599979162 0.484772 -4.524796 0.043768 -0.008320 -0.015745 -0.685129 0.728204
1718924349.601028204 0.484754 -4.525060 0.043744 -0.008320 -0.015751 -0.685129 0.728204
1718924349.605985880 0.484672 -4.526306 0.043629 -0.008320 -0.015777 -0.685133 0.728200
1718924349.611028433 0.484593 -4.527573 0.043506 -0.008307 -0.015803 -0.685146 0.728187
1718924349.616052628 0.484521 -4.528836 0.043379 -0.008295 -0.015827 -0.685167 0.728166
1718924349.621016979 0.484454 -4.530086 0.043250 -0.008295 -0.015827 -0.685195 0.728141
1718924349.626007318 0.484394 -4.531343 0.043116 -0.008302 -0.015824 -0.685216 0.728120
1718924349.631002426 0.484340 -4.532602 0.042977 -0.008296 -0.015808 -0.685235 0.728103
1718924349.635999680 0.484295 -4.533863 0.042834 -0.008287 -0.015775 -0.685257 0.728084
1718924349.641046047 0.484258 -4.535140 0.042686 -0.008277 -0.015738 -0.685269 0.728073
1718924349.646000624 0.484231 -4.536397 0.042539 -0.008264 -0.015708 -0.685277 0.728066
1718924349.651034355 0.484213 -4.537678 0.042393 -0.008255 -0.015688 -0.685288 0.728056
1718924349.656031370 0.484204 -4.538953 0.042256 -0.008251 -0.015688 -0.685287 0.728057
1718924349.661001205 0.484200 -4.540222 0.042129 -0.008239 -0.015706 -0.685275 0.728068
1718924349.665992737 0.484202 -4.541497 0.042012 -0.008226 -0.015740 -0.685261 0.728081
1718924349.670994282 0.484206 -4.542774 0.041901 -0.008219 -0.015775 -0.685242 0.728098
1718924349.676042795 0.484211 -4.544061 0.041795 -0.008214 -0.015803 -0.685212 0.728126
1718924349.681005955 0.484214 -4.545322 0.041695 -0.008203 -0.015830 -0.685182 0.728154
1718924349.686001778 0.484213 -4.546587 0.041597 -0.008188 -0.015869 -0.685153 0.728180
1718924349.691032887 0.484204 -4.547857 0.041500 -0.008175 -0.015924 -0.685123 0.728208
1718924349.695984125 0.484185 -4.549105 0.041405 -0.008168 -0.015992 -0.685095 0.728232
1718924349.699895144 0.484162 -4.550090 0.041330 -0.008164 -0.016053 -0.685077 0.728248
1718924349.699895144 0.484162 -4.550090 0.041330 -0.008164 -0.016053 -0.685077 0.728248
1718924349.701029778 0.484153 -4.550375 0.041310 -0.008161 -0.016070 -0.685072 0.728253
1718924349.705984831 0.484108 -4.551619 0.041220 -0.008158 -0.016139 -0.685056 0.728266
1718924349.710989952 0.484047 -4.552870 0.041126 -0.008153 -0.016198 -0.685048 0.728272
1718924349.715984583 0.483970 -4.554115 0.041028 -0.008135 -0.016260 -0.685037 0.728282
1718924349.799979210 0.483980 -4.575295 0.039916 -0.008232 -0.016859 -0.685585 0.727751
1718924349.799979210 0.483980 -4.575295 0.039916 -0.008232 -0.016859 -0.685585 0.727751
1718924349.805984974 0.484092 -4.576834 0.039899 -0.008239 -0.016901 -0.685626 0.727712
1718924349.810990572 0.484198 -4.578118 0.039892 -0.008231 -0.016934 -0.685651 0.727687
1718924349.815996647 0.484317 -4.579404 0.039893 -0.008222 -0.016966 -0.685670 0.727668
1718924349.820992708 0.484448 -4.580689 0.039901 -0.008222 -0.016996 -0.685687 0.727652
1718924349.826018095 0.484593 -4.581983 0.039916 -0.008234 -0.017017 -0.685700 0.727638
1718924349.830989361 0.484749 -4.583264 0.039932 -0.008250 -0.017030 -0.685710 0.727628
1718924349.836050510 0.484919 -4.584567 0.039944 -0.008267 -0.017036 -0.685717 0.727622
1718924349.840999603 0.485098 -4.585840 0.039948 -0.008269 -0.017050 -0.685722 0.727617
1718924349.845996380 0.485290 -4.587125 0.039943 -0.008266 -0.017061 -0.685719 0.727619
1718924349.850999117 0.485493 -4.588412 0.039929 -0.008262 -0.017072 -0.685719 0.727619
1718924349.856039524 0.485706 -4.589713 0.039909 -0.008266 -0.017087 -0.685722 0.727616
1718924349.860993862 0.485924 -4.590991 0.039886 -0.008275 -0.017102 -0.685719 0.727619
1718924349.866000175 0.486151 -4.592283 0.039864 -0.008286 -0.017105 -0.685701 0.727635
1718924349.870994091 0.486382 -4.593572 0.039847 -0.008300 -0.017101 -0.685683 0.727652
1718924349.876056671 0.486621 -4.594880 0.039837 -0.008326 -0.017096 -0.685669 0.727665
1718924349.880989313 0.486855 -4.596158 0.039835 -0.008353 -0.017088 -0.685657 0.727676
1718924349.886024237 0.487096 -4.597464 0.039839 -0.008373 -0.017081 -0.685646 0.727686
1718924349.890987873 0.487334 -4.598752 0.039847 -0.008385 -0.017084 -0.685622 0.727709
1718924349.895988226 0.487572 -4.600048 0.039856 -0.008392 -0.017097 -0.685597 0.727732
1718924349.900011063 0.487761 -4.601090 0.039862 -0.008403 -0.017108 -0.685582 0.727746
1718924349.900011063 0.487761 -4.601090 0.039862 -0.008403 -0.017108 -0.685582 0.727746
1718924349.900995731 0.487807 -4.601344 0.039861 -0.008405 -0.017111 -0.685578 0.727749
1718924349.906027555 0.488038 -4.602644 0.039853 -0.008422 -0.017127 -0.685553 0.727772
1718924349.910990477 0.488260 -4.603926 0.039841 -0.008446 -0.017143 -0.685528 0.727796
1718924349.965996504 0.490359 -4.617854 0.039417 -0.009248 -0.017174 -0.685625 0.727693
1718924349.971056938 0.490498 -4.619145 0.039416 -0.009276 -0.017204 -0.685635 0.727683
1718924349.976032972 0.490629 -4.620412 0.039413 -0.009303 -0.017235 -0.685641 0.727676
1718924349.981005907 0.490755 -4.621677 0.039408 -0.009315 -0.017264 -0.685650 0.727667
1718924349.986010551 0.490879 -4.622949 0.039400 -0.009328 -0.017282 -0.685665 0.727652
1718924349.991031885 0.491003 -4.624225 0.039388 -0.009337 -0.017297 -0.685680 0.727638
1718924349.996024370 0.491126 -4.625493 0.039375 -0.009343 -0.017316 -0.685694 0.727624
1718924350.000988960 0.491251 -4.626753 0.039361 -0.009339 -0.017331 -0.685712 0.727606
1718924350.006023169 0.491379 -4.628033 0.039347 -0.009339 -0.017349 -0.685730 0.727589
1718924350.011020899 0.491510 -4.629304 0.039334 -0.009347 -0.017365 -0.685747 0.727573
1718924350.016054869 0.491646 -4.630583 0.039321 -0.009358 -0.017363 -0.685760 0.727560
1718924350.021020889 0.491786 -4.631840 0.039310 -0.009368 -0.017359 -0.685768 0.727553
1718924350.025996923 0.491933 -4.633096 0.039300 -0.009375 -0.017352 -0.685770 0.727551
1718924350.030989408 0.492088 -4.634355 0.039292 -0.009383 -0.017345 -0.685767 0.727554
1718924350.035987854 0.492248 -4.635616 0.039286 -0.009390 -0.017343 -0.685763 0.727558
1718924350.041031837 0.492417 -4.636886 0.039283 -0.009400 -0.017342 -0.685756 0.727564
1718924350.046007156 0.492590 -4.638137 0.039280 -0.009406 -0.017345 -0.685743 0.727576
1718924350.051034212 0.492771 -4.639398 0.039275 -0.009409 -0.017353 -0.685723 0.727595
1718924350.055989027 0.492955 -4.640641 0.039267 -0.009412 -0.017348 -0.685706 0.727611
1718924350.060983658 0.493146 -4.641895 0.039255 -0.009418 -0.017334 -0.685683 0.727633
1718924350.065985918 0.493341 -4.643152 0.039238 -0.009417 -0.017320 -0.685660 0.727655
1718924350.071023703 0.493541 -4.644416 0.039217 -0.009418 -0.017308 -0.685633 0.727681
1718924350.076020479 0.493742 -4.645671 0.039194 -0.009414 -0.017304 -0.685601 0.727711
1718924350.081025362 0.493944 -4.646929 0.039171 -0.009410 -0.017304 -0.685568 0.727742
1718924350.086020708 0.494146 -4.648187 0.039150 -0.009419 -0.017304 -0.685540 0.727768
1718924350.090985298 0.494345 -4.649440 0.039134 -0.009444 -0.017298 -0.685512 0.727794
1718924350.095978737 0.494543 -4.650700 0.039121 -0.009477 -0.017285 -0.685480 0.727824
1718924350.099982023 0.494699 -4.651710 0.039114 -0.009505 -0.017269 -0.685450 0.727852
1718924350.099982023 0.494699 -4.651710 0.039114 -0.009505 -0.017269 -0.685450 0.727852
1718924350.100986481 0.494739 -4.651963 0.039114 -0.009510 -0.017266 -0.685443 0.727859
1718924350.106004477 0.494936 -4.653228 0.039116 -0.009542 -0.017244 -0.685407 0.727893
1718924350.111010551 0.495129 -4.654491 0.039121 -0.009569 -0.017236 -0.685378 0.727921
1718924350.116031647 0.495320 -4.655758 0.039128 -0.009586 -0.017242 -0.685357 0.727940
1718924350.199990034 0.498324 -4.676934 0.039182 -0.009680 -0.016861 -0.685240 0.728058
1718924350.199990034 0.498324 -4.676934 0.039182 -0.009680 -0.016861 -0.685240 0.728058
1718924350.206078291 0.498529 -4.678468 0.039182 -0.009687 -0.016834 -0.685232 0.728066
1718924350.211020708 0.498694 -4.679714 0.039183 -0.009689 -0.016810 -0.685216 0.728082
1718924350.216035128 0.498859 -4.680980 0.039184 -0.009692 -0.016799 -0.685195 0.728102
1718924350.221041203 0.499022 -4.682247 0.039185 -0.009704 -0.016791 -0.685178 0.728117
1718924350.225998878 0.499183 -4.683500 0.039185 -0.009719 -0.016785 -0.685163 0.728132
1718924350.231003761 0.499346 -4.684766 0.039182 -0.009722 -0.016787 -0.685140 0.728153
1718924350.236054420 0.499512 -4.686044 0.039177 -0.009726 -0.016791 -0.685113 0.728178
1718924350.241028547 0.499675 -4.687305 0.039172 -0.009740 -0.016790 -0.685084 0.728206
1718924350.245988369 0.499838 -4.688564 0.039167 -0.009757 -0.016783 -0.685066 0.728222
1718924350.251060247 0.500005 -4.689852 0.039166 -0.009766 -0.016779 -0.685052 0.728235
1718924350.255984545 0.500169 -4.691102 0.039170 -0.009778 -0.016778 -0.685031 0.728255
1718924350.261041880 0.500338 -4.692385 0.039180 -0.009801 -0.016771 -0.685003 0.728281
1718924350.265982389 0.500506 -4.693638 0.039195 -0.009823 -0.016768 -0.684980 0.728303
1718924350.271034479 0.500678 -4.694918 0.039214 -0.009847 -0.016763 -0.684962 0.728319
1718924350.276029348 0.500850 -4.696180 0.039235 -0.009876 -0.016761 -0.684956 0.728324
1718924350.281039000 0.501025 -4.697443 0.039254 -0.009901 -0.016757 -0.684958 0.728323
1718924350.286063910 0.501204 -4.698706 0.039268 -0.009926 -0.016759 -0.684957 0.728323
1718924350.291079521 0.501383 -4.699965 0.039277 -0.009954 -0.016772 -0.684950 0.728329
1718924350.296022177 0.501562 -4.701203 0.039281 -0.009983 -0.016766 -0.684946 0.728332
1718924350.299986124 0.501705 -4.702195 0.039280 -0.010002 -0.016756 -0.684948 0.728331
1718924350.299986124 0.501705 -4.702195 0.039280 -0.010002 -0.016756 -0.684948 0.728331
1718924350.301009417 0.501743 -4.702450 0.039279 -0.010004 -0.016756 -0.684948 0.728330
1718924350.305980444 0.501927 -4.703690 0.039274 -0.010020 -0.016760 -0.684943 0.728335
1718924350.311015844 0.502114 -4.704945 0.039270 -0.010042 -0.016761 -0.684938 0.728339
1718924350.365983486 0.504104 -4.718666 0.039075 -0.010510 -0.016420 -0.684965 0.728315
1718924350.371012688 0.504277 -4.719928 0.039041 -0.010519 -0.016416 -0.684958 0.728321
1718924350.375985861 0.504448 -4.721177 0.039006 -0.010530 -0.016404 -0.684952 0.728327
1718924350.381061316 0.504622 -4.722453 0.038972 -0.010540 -0.016384 -0.684953 0.728327
1718924350.386049986 0.504791 -4.723705 0.038942 -0.010549 -0.016369 -0.684947 0.728333
1718924350.390987396 0.504958 -4.724945 0.038914 -0.010552 -0.016361 -0.684935 0.728344
1718924350.396022797 0.505127 -4.726210 0.038890 -0.010556 -0.016356 -0.684932 0.728347
1718924350.399989128 0.505258 -4.727208 0.038874 -0.010568 -0.016351 -0.684938 0.728341
1718924350.399989128 0.505258 -4.727208 0.038874 -0.010568 -0.016351 -0.684938 0.728341
1718924350.401017427 0.505292 -4.727466 0.038870 -0.010573 -0.016348 -0.684940 0.728339
1718924350.405984879 0.505455 -4.728714 0.038853 -0.010609 -0.016333 -0.684950 0.728330
1718924350.411018610 0.505619 -4.729976 0.038835 -0.010649 -0.016319 -0.684954 0.728326
1718924350.416000128 0.505781 -4.731223 0.038815 -0.010689 -0.016304 -0.684955 0.728325
1718924350.421062469 0.505944 -4.732488 0.038792 -0.010725 -0.016281 -0.684954 0.728325
1718924350.426058769 0.506104 -4.733738 0.038767 -0.010751 -0.016252 -0.684957 0.728323
1718924350.430992126 0.506262 -4.734972 0.038739 -0.010763 -0.016230 -0.684957 0.728323
1718924350.435987473 0.506422 -4.736221 0.038710 -0.010769 -0.016209 -0.684964 0.728317
1718924350.440985441 0.506582 -4.737472 0.038680 -0.010776 -0.016186 -0.684970 0.728312
1718924350.446034193 0.506743 -4.738736 0.038650 -0.010791 -0.016165 -0.684965 0.728317
1718924350.450984478 0.506900 -4.739978 0.038622 -0.010817 -0.016144 -0.684953 0.728328
1718924350.456003428 0.507059 -4.741238 0.038595 -0.010854 -0.016117 -0.684940 0.728340
1718924350.461031437 0.507218 -4.742499 0.038569 -0.010889 -0.016089 -0.684933 0.728347
1718924350.466047287 0.507377 -4.743756 0.038544 -0.010919 -0.016060 -0.684926 0.728354
1718924350.470987797 0.507534 -4.744993 0.038520 -0.010947 -0.016040 -0.684915 0.728364
1718924350.475993872 0.507693 -4.746246 0.038498 -0.010972 -0.016020 -0.684905 0.728374
1718924350.481011152 0.507853 -4.747502 0.038477 -0.011002 -0.016005 -0.684900 0.728379
1718924350.485994101 0.508012 -4.748748 0.038458 -0.011029 -0.015993 -0.684892 0.728386
1718924350.490970850 0.508170 -4.749990 0.038438 -0.011053 -0.015983 -0.684882 0.728394
1718924350.495979786 0.508329 -4.751240 0.038415 -0.011075 -0.015972 -0.684878 0.728398
1718924350.499992132 0.508456 -4.752242 0.038393 -0.011095 -0.015962 -0.684876 0.728401
1718924350.499992132 0.508456 -4.752242 0.038393 -0.011095 -0.015962 -0.684876 0.728401
1718924350.500978231 0.508487 -4.752489 0.038387 -0.011097 -0.015962 -0.684875 0.728402
1718924350.506019831 0.508648 -4.753749 0.038353 -0.011117 -0.015965 -0.684867 0.728408
1718924350.511015415 0.508807 -4.754998 0.038316 -0.011137 -0.015969 -0.684864 0.728411
1718924350.599990129 0.511604 -4.777450 0.037739 -0.011556 -0.015194 -0.684305 0.728946
1718924350.599990129 0.511604 -4.777450 0.037739 -0.011556 -0.015194 -0.684305 0.728946
1718924350.610976219 0.511948 -4.780250 0.037684 -0.011609 -0.015097 -0.684237 0.729011
1718924350.630995035 0.512569 -4.785349 0.037594 -0.011716 -0.015006 -0.684111 0.729130
1718924350.635978937 0.512720 -4.786617 0.037575 -0.011725 -0.015011 -0.684073 0.729164
1718924350.641029358 0.512871 -4.787899 0.037559 -0.011741 -0.015015 -0.684042 0.729194
1718924350.645975828 0.513016 -4.789154 0.037546 -0.011754 -0.015017 -0.684014 0.729220
1718924350.650986195 0.513161 -4.790424 0.037532 -0.011765 -0.015011 -0.683987 0.729245
1718924350.655983210 0.513304 -4.791691 0.037518 -0.011773 -0.015005 -0.683959 0.729271
1718924350.661035538 0.513445 -4.792973 0.037502 -0.011789 -0.015001 -0.683935 0.729293
1718924350.666028023 0.513581 -4.794240 0.037484 -0.011803 -0.015000 -0.683918 0.729309
1718924350.671029329 0.513714 -4.795509 0.037464 -0.011815 -0.015007 -0.683900 0.729326
1718924350.676032066 0.513844 -4.796776 0.037444 -0.011829 -0.015018 -0.683881 0.729343
1718924350.681061506 0.513972 -4.798050 0.037427 -0.011849 -0.015026 -0.683863 0.729360
1718924350.686015844 0.514095 -4.799304 0.037415 -0.011874 -0.015035 -0.683857 0.729365
1718924350.691019058 0.514215 -4.800568 0.037409 -0.011907 -0.015038 -0.683859 0.729362
1718924350.696025610 0.514333 -4.801830 0.037407 -0.011950 -0.015036 -0.683869 0.729352
1718924350.699897051 0.514422 -4.802805 0.037407 -0.011982 -0.015037 -0.683882 0.729339
1718924350.699897051 0.514422 -4.802805 0.037407 -0.011982 -0.015037 -0.683882 0.729339
1718924350.701014519 0.514448 -4.803086 0.037408 -0.011989 -0.015040 -0.683886 0.729336
1718924350.706021070 0.514566 -4.804342 0.037406 -0.012023 -0.015057 -0.683904 0.729318
1718924350.710975170 0.514681 -4.805581 0.037402 -0.012058 -0.015077 -0.683929 0.729293
1718924350.715979815 0.514799 -4.806830 0.037392 -0.012087 -0.015097 -0.683962 0.729262
1718924350.799992085 0.516952 -4.827788 0.037209 -0.012024 -0.014727 -0.683295 0.729895
1718924350.799992085 0.516952 -4.827788 0.037209 -0.012024 -0.014727 -0.683295 0.729895
1718924350.800979853 0.516979 -4.828035 0.037208 -0.012021 -0.014725 -0.683287 0.729902
1718924350.805979729 0.517117 -4.829284 0.037202 -0.012015 -0.014712 -0.683248 0.729939
1718924350.810980797 0.517257 -4.830536 0.037197 -0.012013 -0.014701 -0.683202 0.729983
1718924350.815998554 0.517395 -4.831795 0.037193 -0.012022 -0.014691 -0.683145 0.730036
1718924350.821021795 0.517532 -4.833059 0.037189 -0.012036 -0.014679 -0.683091 0.730087
1718924350.826065063 0.517667 -4.834329 0.037186 -0.012056 -0.014661 -0.683036 0.730138
1718924350.830999613 0.517797 -4.835573 0.037184 -0.012080 -0.014639 -0.682984 0.730186
1718924350.835984230 0.517924 -4.836830 0.037182 -0.012107 -0.014618 -0.682934 0.730234
1718924350.841039181 0.518049 -4.838106 0.037181 -0.012133 -0.014603 -0.682894 0.730271
1718924350.845983505 0.518167 -4.839354 0.037181 -0.012154 -0.014596 -0.682859 0.730303
1718924350.850991249 0.518284 -4.840618 0.037181 -0.012170 -0.014590 -0.682830 0.730330
1718924350.855975866 0.518396 -4.841874 0.037181 -0.012183 -0.014590 -0.682807 0.730352
1718924350.860988855 0.518507 -4.843137 0.037180 -0.012196 -0.014592 -0.682788 0.730369
1718924350.865990162 0.518615 -4.844395 0.037176 -0.012206 -0.014583 -0.682769 0.730387
1718924350.870979548 0.518719 -4.845651 0.037170 -0.012216 -0.014570 -0.682756 0.730399
1718924350.876007557 0.518821 -4.846916 0.037161 -0.012216 -0.014569 -0.682754 0.730401
1718924350.880973101 0.518920 -4.848166 0.037149 -0.012213 -0.014577 -0.682750 0.730404
1718924350.885977745 0.519017 -4.849426 0.037136 -0.012219 -0.014571 -0.682741 0.730413
1718924350.890973806 0.519112 -4.850685 0.037121 -0.012233 -0.014557 -0.682733 0.730421
1718924350.895977497 0.519207 -4.851949 0.037105 -0.012249 -0.014532 -0.682727 0.730426
1718924350.900003910 0.519282 -4.852968 0.037093 -0.012262 -0.014515 -0.682730 0.730423
1718924350.900003910 0.519282 -4.852968 0.037093 -0.012262 -0.014515 -0.682730 0.730423
1718924350.900973082 0.519301 -4.853213 0.037090 -0.012264 -0.014513 -0.682731 0.730423
1718924350.905982018 0.519399 -4.854484 0.037075 -0.012272 -0.014503 -0.682731 0.730423
1718924350.911013126 0.519500 -4.855762 0.037061 -0.012277 -0.014494 -0.682733 0.730421
1718924350.985998631 0.521136 -4.874431 0.037203 -0.012343 -0.014215 -0.682617 0.730534
1718924350.991014957 0.521240 -4.875654 0.037244 -0.012342 -0.014234 -0.682604 0.730545
1718924350.996017694 0.521344 -4.876871 0.037284 -0.012344 -0.014263 -0.682587 0.730561
1718924351.001012802 0.521446 -4.878082 0.037321 -0.012347 -0.014289 -0.682577 0.730570
1718924351.006018162 0.521547 -4.879291 0.037353 -0.012345 -0.014317 -0.682570 0.730576
1718924351.011013985 0.521646 -4.880494 0.037381 -0.012339 -0.014347 -0.682568 0.730577
1718924351.016046762 0.521743 -4.881701 0.037407 -0.012340 -0.014380 -0.682568 0.730577
1718924351.021063566 0.521838 -4.882901 0.037430 -0.012346 -0.014405 -0.682561 0.730583
1718924351.026023865 0.521929 -4.884083 0.037455 -0.012350 -0.014428 -0.682549 0.730593
1718924351.031035185 0.522019 -4.885272 0.037483 -0.012352 -0.014445 -0.682539 0.730602
1718924351.035980225 0.522104 -4.886442 0.037515 -0.012359 -0.014448 -0.682530 0.730610
1718924351.040983438 0.522188 -4.887621 0.037552 -0.012370 -0.014443 -0.682516 0.730623
1718924351.045978069 0.522271 -4.888795 0.037593 -0.012376 -0.014444 -0.682496 0.730641
1718924351.050977707 0.522353 -4.889967 0.037636 -0.012368 -0.014459 -0.682474 0.730662
1718924351.056014538 0.522433 -4.891146 0.037679 -0.012361 -0.014481 -0.682463 0.730672
1718924351.061017752 0.522510 -4.892316 0.037721 -0.012356 -0.014501 -0.682463 0.730672
1718924351.066014767 0.522585 -4.893482 0.037759 -0.012357 -0.014521 -0.682464 0.730670
1718924351.071013689 0.522658 -4.894644 0.037792 -0.012363 -0.014534 -0.682467 0.730667
1718924351.076013565 0.522729 -4.895803 0.037821 -0.012370 -0.014539 -0.682468 0.730666
1718924351.080970049 0.522799 -4.896949 0.037845 -0.012382 -0.014543 -0.682474 0.730660
1718924351.085973740 0.522870 -4.898105 0.037867 -0.012390 -0.014546 -0.682485 0.730650
1718924351.090967178 0.522941 -4.899257 0.037889 -0.012400 -0.014553 -0.682496 0.730639
1718924351.095975161 0.523015 -4.900413 0.037913 -0.012406 -0.014561 -0.682506 0.730630
1718924351.099988937 0.523076 -4.901340 0.037935 -0.012408 -0.014569 -0.682519 0.730618
1718924351.099988937 0.523076 -4.901340 0.037935 -0.012408 -0.014569 -0.682519 0.730618
1718924351.100971222 0.523092 -4.901567 0.037941 -0.012408 -0.014572 -0.682522 0.730615
1718924351.106014490 0.523180 -4.902732 0.037974 -0.012402 -0.014576 -0.682540 0.730598
1718924351.111013651 0.523271 -4.903887 0.038007 -0.012396 -0.014576 -0.682557 0.730582
1718924351.116020441 0.523367 -4.905044 0.038041 -0.012386 -0.014578 -0.682575 0.730565
1718924351.199990988 0.524615 -4.924290 0.039058 -0.012325 -0.014620 -0.682492 0.730643
1718924351.199990988 0.524615 -4.924290 0.039058 -0.012325 -0.014620 -0.682492 0.730643
1718924351.215971947 0.524756 -4.927919 0.039366 -0.012302 -0.014597 -0.682473 0.730662
1718924351.220984221 0.524793 -4.929056 0.039472 -0.012300 -0.014601 -0.682476 0.730659
1718924351.226047754 0.524828 -4.930204 0.039583 -0.012302 -0.014594 -0.682483 0.730652
1718924351.231082678 0.524859 -4.931344 0.039694 -0.012315 -0.014589 -0.682482 0.730653
1718924351.236051083 0.524886 -4.932469 0.039804 -0.012333 -0.014578 -0.682477 0.730658
1718924351.241040945 0.524909 -4.933597 0.039912 -0.012348 -0.014566 -0.682478 0.730657
1718924351.245980263 0.524929 -4.934714 0.040015 -0.012360 -0.014557 -0.682482 0.730653
1718924351.251016378 0.524948 -4.935854 0.040116 -0.012362 -0.014553 -0.682493 0.730643
1718924351.256024361 0.524966 -4.936989 0.040212 -0.012353 -0.014563 -0.682510 0.730627
1718924351.261028051 0.524983 -4.938126 0.040306 -0.012349 -0.014571 -0.682527 0.730611
1718924351.266023159 0.524999 -4.939263 0.040399 -0.012355 -0.014570 -0.682535 0.730603
1718924351.271015406 0.525016 -4.940401 0.040493 -0.012370 -0.014561 -0.682539 0.730599
1718924351.275979519 0.525035 -4.941535 0.040589 -0.012378 -0.014547 -0.682541 0.730598
1718924351.281013012 0.525055 -4.942685 0.040688 -0.012389 -0.014531 -0.682549 0.730591
1718924351.285977125 0.525077 -4.943822 0.040790 -0.012416 -0.014518 -0.682563 0.730577
1718924351.290969849 0.525102 -4.944965 0.040896 -0.012444 -0.014502 -0.682575 0.730566
1718924351.295972109 0.525131 -4.946110 0.041003 -0.012464 -0.014497 -0.682586 0.730556
1718924351.299986124 0.525156 -4.947027 0.041090 -0.012479 -0.014499 -0.682589 0.730552
1718924351.299986124 0.525156 -4.947027 0.041090 -0.012479 -0.014499 -0.682589 0.730552
1718924351.301009417 0.525163 -4.947261 0.041112 -0.012483 -0.014502 -0.682590 0.730551
1718924351.306014538 0.525200 -4.948404 0.041219 -0.012507 -0.014512 -0.682593 0.730548
1718924351.311009645 0.525242 -4.949543 0.041323 -0.012534 -0.014519 -0.682602 0.730539
1718924351.360969782 0.525841 -4.960905 0.042283 -0.012556 -0.014110 -0.682457 0.730681
1718924351.365976334 0.525919 -4.962043 0.042373 -0.012567 -0.014095 -0.682440 0.730698
1718924351.371026754 0.526001 -4.963192 0.042463 -0.012581 -0.014093 -0.682425 0.730712
1718924351.376022577 0.526084 -4.964329 0.042551 -0.012599 -0.014095 -0.682411 0.730724
1718924351.381024837 0.526168 -4.965466 0.042638 -0.012615 -0.014090 -0.682398 0.730736
1718924351.386048555 0.526251 -4.966607 0.042724 -0.012631 -0.014084 -0.682385 0.730748
1718924351.390975475 0.526333 -4.967725 0.042808 -0.012648 -0.014075 -0.682380 0.730752
1718924351.395955801 0.526413 -4.968856 0.042893 -0.012668 -0.014071 -0.682379 0.730753
1718924351.399987936 0.526478 -4.969773 0.042964 -0.012686 -0.014068 -0.682381 0.730751
1718924351.399987936 0.526478 -4.969773 0.042964 -0.012686 -0.014068 -0.682381 0.730751
1718924351.401008844 0.526494 -4.970005 0.042982 -0.012690 -0.014066 -0.682381 0.730751
1718924351.405975103 0.526572 -4.971136 0.043071 -0.012705 -0.014056 -0.682378 0.730754
1718924351.410980463 0.526649 -4.972277 0.043162 -0.012716 -0.014052 -0.682385 0.730747
1718924351.415976763 0.526722 -4.973417 0.043253 -0.012721 -0.014043 -0.682403 0.730731
1718924351.421056986 0.526794 -4.974577 0.043345 -0.012723 -0.014038 -0.682426 0.730709
1718924351.425972700 0.526860 -4.975701 0.043433 -0.012729 -0.014029 -0.682451 0.730685
1718924351.430986643 0.526925 -4.976850 0.043522 -0.012743 -0.014015 -0.682481 0.730657
1718924351.436044455 0.526989 -4.978011 0.043612 -0.012757 -0.014003 -0.682518 0.730623
1718924351.440979481 0.527048 -4.979144 0.043700 -0.012773 -0.013993 -0.682555 0.730589
1718924351.445979357 0.527107 -4.980293 0.043791 -0.012794 -0.013988 -0.682597 0.730549
1718924351.450972080 0.527163 -4.981439 0.043885 -0.012817 -0.013986 -0.682651 0.730498
1718924351.455985785 0.527220 -4.982591 0.043982 -0.012850 -0.013988 -0.682705 0.730447
1718924351.460969448 0.527277 -4.983734 0.044083 -0.012885 -0.013992 -0.682751 0.730403
1718924351.465979815 0.527335 -4.984881 0.044187 -0.012921 -0.013991 -0.682794 0.730363
1718924351.470984936 0.527394 -4.986024 0.044292 -0.012957 -0.013979 -0.682844 0.730316
1718924351.475994349 0.527453 -4.987166 0.044397 -0.012995 -0.013965 -0.682889 0.730273
1718924351.481007338 0.527515 -4.988307 0.044501 -0.013021 -0.013960 -0.682934 0.730231
1718924351.485974073 0.527577 -4.989436 0.044601 -0.013034 -0.013959 -0.682978 0.730189
1718924351.490969419 0.527641 -4.990569 0.044700 -0.013040 -0.013949 -0.683010 0.730159
1718924351.495976925 0.527709 -4.991704 0.044798 -0.013045 -0.013931 -0.683038 0.730133
1718924351.499989986 0.527764 -4.992611 0.044878 -0.013048 -0.013907 -0.683057 0.730116
1718924351.499989986 0.527764 -4.992611 0.044878 -0.013048 -0.013907 -0.683057 0.730116
1718924351.500971079 0.527778 -4.992833 0.044897 -0.013050 -0.013903 -0.683062 0.730111
1718924351.505965471 0.527850 -4.993963 0.044999 -0.013062 -0.013870 -0.683084 0.730091
1718924351.510973692 0.527926 -4.995096 0.045103 -0.013074 -0.013836 -0.683099 0.730078
1718924351.599995136 0.529234 -5.015317 0.046610 -0.012750 -0.013800 -0.682998 0.730179
1718924351.599995136 0.529234 -5.015317 0.046610 -0.012750 -0.013800 -0.682998 0.730179
1718924351.605966091 0.529319 -5.016679 0.046683 -0.012726 -0.013800 -0.682990 0.730186
1718924351.610970736 0.529389 -5.017821 0.046743 -0.012699 -0.013812 -0.682982 0.730194
1718924351.616048336 0.529459 -5.018980 0.046805 -0.012668 -0.013828 -0.682979 0.730197
1718924351.621024370 0.529527 -5.020117 0.046867 -0.012628 -0.013840 -0.682978 0.730199
1718924351.625980377 0.529593 -5.021251 0.046933 -0.012593 -0.013849 -0.682977 0.730200
1718924351.630976439 0.529656 -5.022394 0.047003 -0.012562 -0.013856 -0.682975 0.730202
1718924351.636025190 0.529718 -5.023550 0.047077 -0.012534 -0.013861 -0.682967 0.730211
1718924351.641018391 0.529776 -5.024695 0.047152 -0.012506 -0.013868 -0.682954 0.730222
1718924351.645976782 0.529832 -5.025834 0.047225 -0.012482 -0.013877 -0.682946 0.730230
1718924351.651017904 0.529886 -5.026994 0.047296 -0.012459 -0.013887 -0.682948 0.730228
1718924351.656024933 0.529938 -5.028147 0.047363 -0.012438 -0.013896 -0.682946 0.730231
1718924351.660973549 0.529989 -5.029287 0.047425 -0.012414 -0.013901 -0.682937 0.730239
1718924351.666019201 0.530040 -5.030450 0.047486 -0.012397 -0.013896 -0.682923 0.730253
1718924351.671017408 0.530090 -5.031603 0.047546 -0.012379 -0.013881 -0.682916 0.730260
1718924351.675976515 0.530140 -5.032749 0.047608 -0.012364 -0.013863 -0.682907 0.730269
1718924351.680992126 0.530193 -5.033910 0.047673 -0.012348 -0.013854 -0.682901 0.730275
1718924351.685976505 0.530246 -5.035064 0.047741 -0.012328 -0.013844 -0.682893 0.730283
1718924351.690963268 0.530301 -5.036218 0.047811 -0.012304 -0.013833 -0.682889 0.730288
1718924351.695961714 0.530360 -5.037374 0.047883 -0.012277 -0.013830 -0.682888 0.730289
1718924351.699975967 0.530409 -5.038301 0.047941 -0.012262 -0.013826 -0.682892 0.730286
1718924351.699975967 0.530409 -5.038301 0.047941 -0.012262 -0.013826 -0.682892 0.730286
1718924351.701004267 0.530421 -5.038539 0.047956 -0.012261 -0.013826 -0.682893 0.730284
1718924351.705961227 0.530484 -5.039685 0.048027 -0.012267 -0.013826 -0.682906 0.730273
1718924351.710974216 0.530551 -5.040844 0.048096 -0.012273 -0.013827 -0.682920 0.730260
1718924351.715965033 0.530622 -5.041998 0.048160 -0.012269 -0.013835 -0.682936 0.730244
1718924351.799987078 0.531517 -5.061274 0.049424 -0.012036 -0.013939 -0.683093 0.730099
1718924351.799987078 0.531517 -5.061274 0.049424 -0.012036 -0.013939 -0.683093 0.730099
1718924351.806001425 0.531558 -5.062645 0.049522 -0.012017 -0.013950 -0.683103 0.730090
1718924351.811004639 0.531588 -5.063784 0.049606 -0.012000 -0.013959 -0.683113 0.730081
1718924351.815965891 0.531616 -5.064913 0.049687 -0.011983 -0.013972 -0.683122 0.730072
1718924351.820989370 0.531642 -5.066056 0.049765 -0.011965 -0.013985 -0.683126 0.730069
1718924351.825965166 0.531666 -5.067186 0.049837 -0.011933 -0.014001 -0.683132 0.730063
1718924351.831022739 0.531692 -5.068335 0.049906 -0.011876 -0.014038 -0.683143 0.730053
1718924351.836043119 0.531719 -5.069473 0.049971 -0.011803 -0.014093 -0.683154 0.730043
1718924351.841020823 0.531743 -5.070601 0.050035 -0.011745 -0.014143 -0.683162 0.730035
1718924351.846015930 0.531765 -5.071730 0.050101 -0.011698 -0.014185 -0.683172 0.730026
1718924351.850979328 0.531786 -5.072851 0.050168 -0.011654 -0.014231 -0.683190 0.730009
1718924351.855967999 0.531807 -5.073977 0.050238 -0.011614 -0.014288 -0.683226 0.729975
1718924351.860973120 0.531824 -5.075105 0.050312 -0.011589 -0.014357 -0.683287 0.729917
1718924351.865978718 0.531836 -5.076230 0.050393 -0.011580 -0.014422 -0.683358 0.729849
1718924351.871017694 0.531843 -5.077361 0.050484 -0.011580 -0.014498 -0.683436 0.729774
1718924351.875996828 0.531842 -5.078480 0.050584 -0.011587 -0.014580 -0.683538 0.729677
1718924351.880977631 0.531832 -5.079603 0.050693 -0.011599 -0.014658 -0.683678 0.729544
1718924351.885962248 0.531813 -5.080730 0.050808 -0.011610 -0.014728 -0.683845 0.729386
1718924351.890965700 0.531785 -5.081863 0.050925 -0.011603 -0.014795 -0.684028 0.729213
1718924351.895961761 0.531746 -5.082998 0.051039 -0.011590 -0.014863 -0.684227 0.729025
1718924351.900010824 0.531707 -5.083919 0.051127 -0.011569 -0.014912 -0.684400 0.728862
1718924351.900010824 0.531707 -5.083919 0.051127 -0.011569 -0.014912 -0.684400 0.728862
1718924351.900965691 0.531696 -5.084137 0.051149 -0.011566 -0.014924 -0.684441 0.728823
1718924351.905960798 0.531633 -5.085277 0.051254 -0.011542 -0.014985 -0.684673 0.728605
1718924351.910965919 0.531559 -5.086421 0.051351 -0.011513 -0.015048 -0.684923 0.728369
1718924351.991006374 0.528816 -5.105187 0.051803 -0.014104 -0.014447 -0.695652 0.718095
1718924351.996000528 0.528532 -5.106386 0.051757 -0.014330 -0.014370 -0.696355 0.717411
1718924352.000999212 0.528235 -5.107585 0.051697 -0.014569 -0.014252 -0.697087 0.716697
1718924352.006000042 0.527928 -5.108786 0.051617 -0.014773 -0.014118 -0.697838 0.715964
1718924352.011011600 0.527621 -5.109993 0.051517 -0.014891 -0.014041 -0.698585 0.715234
1718924352.015984297 0.527324 -5.111196 0.051409 -0.014915 -0.014032 -0.699312 0.714523
1718924352.021021843 0.527026 -5.112418 0.051299 -0.014885 -0.014074 -0.700037 0.713813
1718924352.025968552 0.526734 -5.113624 0.051198 -0.014842 -0.014140 -0.700727 0.713135
1718924352.031014919 0.526434 -5.114862 0.051106 -0.014838 -0.014199 -0.701404 0.712468
1718924352.035968781 0.526137 -5.116084 0.051027 -0.014900 -0.014229 -0.702040 0.711839
1718924352.041014671 0.525836 -5.117330 0.050954 -0.015003 -0.014235 -0.702659 0.711226
1718924352.045960903 0.525541 -5.118552 0.050885 -0.015121 -0.014206 -0.703250 0.710640
1718924352.051013947 0.525238 -5.119799 0.050809 -0.015235 -0.014145 -0.703836 0.710058
1718924352.055959225 0.524945 -5.121017 0.050725 -0.015288 -0.014096 -0.704394 0.709504
1718924352.060964108 0.524661 -5.122249 0.050627 -0.015231 -0.014128 -0.704945 0.708958
1718924352.065999985 0.524388 -5.123491 0.050520 -0.015119 -0.014237 -0.705482 0.708424
1718924352.070987463 0.524125 -5.124725 0.050413 -0.015018 -0.014366 -0.705984 0.707923
1718924352.075956583 0.523868 -5.125959 0.050309 -0.014950 -0.014486 -0.706454 0.707452
1718924352.080950499 0.523617 -5.127201 0.050211 -0.014920 -0.014600 -0.706908 0.706998
1718924352.085954428 0.523375 -5.128446 0.050117 -0.014918 -0.014686 -0.707333 0.706571
1718924352.090959787 0.523149 -5.129691 0.050028 -0.014923 -0.014745 -0.707717 0.706184
1718924352.095960617 0.522941 -5.130935 0.049939 -0.014902 -0.014796 -0.708045 0.705855
1718924352.099996805 0.522789 -5.131938 0.049867 -0.014857 -0.014830 -0.708261 0.705639
1718924352.099996805 0.522789 -5.131938 0.049867 -0.014857 -0.014830 -0.708261 0.705639
1718924352.100953341 0.522753 -5.132177 0.049851 -0.014846 -0.014838 -0.708312 0.705588
1718924352.105958462 0.522577 -5.133426 0.049767 -0.014773 -0.014880 -0.708519 0.705380
1718924352.110945463 0.522418 -5.134671 0.049692 -0.014701 -0.014938 -0.708671 0.705228
1718924352.115952969 0.522280 -5.135924 0.049630 -0.014625 -0.015036 -0.708765 0.705133
1718924352.170954943 0.521721 -5.149710 0.049337 -0.014011 -0.015459 -0.706572 0.707333
1718924352.199975014 0.522065 -5.157032 0.049182 -0.013934 -0.015331 -0.706502 0.707408
1718924352.199975014 0.522065 -5.157032 0.049182 -0.013934 -0.015331 -0.706502 0.707408
1718924352.205955744 0.522187 -5.158550 0.049111 -0.013915 -0.015304 -0.706485 0.707425
1718924352.210996151 0.522305 -5.159832 0.049041 -0.013924 -0.015288 -0.706498 0.707413
1718924352.215950489 0.522431 -5.161091 0.048967 -0.013953 -0.015261 -0.706538 0.707373
1718924352.220976114 0.522570 -5.162368 0.048888 -0.013982 -0.015218 -0.706604 0.707308
1718924352.225973129 0.522721 -5.163640 0.048809 -0.014007 -0.015167 -0.706686 0.707226
1718924352.230980158 0.522884 -5.164917 0.048732 -0.014038 -0.015112 -0.706778 0.707134
1718924352.235977173 0.523056 -5.166196 0.048660 -0.014070 -0.015057 -0.706876 0.707037
1718924352.241003036 0.523239 -5.167486 0.048592 -0.014091 -0.015010 -0.706984 0.706929
1718924352.245959759 0.523427 -5.168762 0.048528 -0.014107 -0.014973 -0.707097 0.706817
1718924352.250957251 0.523624 -5.170050 0.048469 -0.014128 -0.014935 -0.707209 0.706705
1718924352.256000519 0.523828 -5.171353 0.048412 -0.014148 -0.014891 -0.707314 0.706601
1718924352.261001825 0.524032 -5.172647 0.048355 -0.014164 -0.014856 -0.707412 0.706503
1718924352.266005993 0.524240 -5.173945 0.048297 -0.014176 -0.014820 -0.707490 0.706425
1718924352.271005630 0.524447 -5.175244 0.048237 -0.014187 -0.014794 -0.707536 0.706380
1718924352.276007175 0.524653 -5.176549 0.048174 -0.014192 -0.014776 -0.707569 0.706347
1718924352.281009197 0.524857 -5.177859 0.048108 -0.014190 -0.014757 -0.707588 0.706329
1718924352.286014795 0.525056 -5.179174 0.048040 -0.014184 -0.014741 -0.707574 0.706343
1718924352.291023254 0.525249 -5.180496 0.047972 -0.014193 -0.014723 -0.707535 0.706382
1718924352.295996666 0.525435 -5.181814 0.047904 -0.014204 -0.014702 -0.707483 0.706435
1718924352.299989939 0.525580 -5.182874 0.047850 -0.014217 -0.014690 -0.707422 0.706496
1718924352.299989939 0.525580 -5.182874 0.047850 -0.014217 -0.014690 -0.707422 0.706496
1718924352.300995350 0.525615 -5.183141 0.047836 -0.014222 -0.014687 -0.707407 0.706510
1718924352.305950642 0.525785 -5.184460 0.047771 -0.014260 -0.014679 -0.707318 0.706600
1718924352.310953856 0.525947 -5.185794 0.047708 -0.014301 -0.014670 -0.707217 0.706700
1718924352.370958805 0.527793 -5.201924 0.047387 -0.013994 -0.014716 -0.706907 0.707015
1718924352.395945787 0.528549 -5.208661 0.047412 -0.013772 -0.014739 -0.707012 0.706914
1718924352.399997950 0.528672 -5.209749 0.047413 -0.013741 -0.014738 -0.707031 0.706895
1718924352.399997950 0.528672 -5.209749 0.047413 -0.013741 -0.014738 -0.707031 0.706895
1718924352.400993347 0.528702 -5.210016 0.047413 -0.013733 -0.014737 -0.707036 0.706891
1718924352.405949593 0.528855 -5.211348 0.047411 -0.013701 -0.014726 -0.707056 0.706872
1718924352.410945177 0.529010 -5.212689 0.047404 -0.013679 -0.014713 -0.707079 0.706849
1718924352.415955544 0.529169 -5.214036 0.047391 -0.013658 -0.014711 -0.707102 0.706826
1718924352.420973301 0.529333 -5.215386 0.047373 -0.013624 -0.014722 -0.707117 0.706812
1718924352.426007748 0.529503 -5.216744 0.047352 -0.013588 -0.014754 -0.707121 0.706808
1718924352.431009531 0.529678 -5.218097 0.047331 -0.013556 -0.014783 -0.707117 0.706812
1718924352.435975552 0.529857 -5.219445 0.047313 -0.013539 -0.014804 -0.707109 0.706820
1718924352.440954924 0.530042 -5.220798 0.047300 -0.013532 -0.014816 -0.707093 0.706836
1718924352.446012259 0.530236 -5.222175 0.047292 -0.013525 -0.014819 -0.707066 0.706863
1718924352.450952530 0.530432 -5.223521 0.047286 -0.013520 -0.014816 -0.707030 0.706899
1718924352.455946922 0.530636 -5.224885 0.047280 -0.013510 -0.014817 -0.706982 0.706947
1718924352.460949421 0.530846 -5.226254 0.047269 -0.013504 -0.014825 -0.706929 0.707000
1718924352.465946913 0.531062 -5.227623 0.047252 -0.013498 -0.014833 -0.706870 0.707059
1718924352.470949650 0.531285 -5.228994 0.047229 -0.013494 -0.014838 -0.706809 0.707121
1718924352.475947142 0.531515 -5.230364 0.047199 -0.013489 -0.014840 -0.706750 0.707179
1718924352.480950356 0.531750 -5.231737 0.047166 -0.013500 -0.014834 -0.706685 0.707244
1718924352.485944986 0.531990 -5.233111 0.047132 -0.013517 -0.014818 -0.706614 0.707315
1718924352.490990877 0.532238 -5.234501 0.047097 -0.013528 -0.014804 -0.706544 0.707385
1718924352.495987892 0.532489 -5.235879 0.047063 -0.013530 -0.014795 -0.706483 0.707446
1718924352.499984026 0.532695 -5.236982 0.047038 -0.013533 -0.014784 -0.706430 0.707499
1718924352.499984026 0.532695 -5.236982 0.047038 -0.013533 -0.014784 -0.706430 0.707499
1718924352.500945568 0.532744 -5.237248 0.047032 -0.013534 -0.014782 -0.706418 0.707511
1718924352.505946875 0.533007 -5.238634 0.047005 -0.013548 -0.014754 -0.706344 0.707585
1718924352.510942459 0.533277 -5.240022 0.046982 -0.013560 -0.014721 -0.706265 0.707664
1718924352.565953016 0.536074 -5.255381 0.046906 -0.013260 -0.014861 -0.706187 0.707745
1718924352.570958138 0.536308 -5.256782 0.046916 -0.013244 -0.014879 -0.706185 0.707747
1718924352.575950384 0.536538 -5.258181 0.046932 -0.013231 -0.014896 -0.706188 0.707744
1718924352.580949783 0.536764 -5.259584 0.046953 -0.013221 -0.014914 -0.706201 0.707731
1718924352.585962296 0.536987 -5.260991 0.046978 -0.013219 -0.014929 -0.706220 0.707711
1718924352.590949774 0.537206 -5.262390 0.047004 -0.013215 -0.014937 -0.706242 0.707690
1718924352.595962524 0.537422 -5.263796 0.047029 -0.013207 -0.014939 -0.706263 0.707669
1718924352.599985838 0.537593 -5.264923 0.047046 -0.013197 -0.014941 -0.706278 0.707654
1718924352.599985838 0.537593 -5.264923 0.047046 -0.013197 -0.014941 -0.706278 0.707654
1718924352.600961447 0.537635 -5.265196 0.047052 -0.013195 -0.014942 -0.706282 0.707650
1718924352.605965853 0.537852 -5.266591 0.047090 -0.013181 -0.014951 -0.706299 0.707633
1718924352.610960245 0.538068 -5.267984 0.047123 -0.013176 -0.014969 -0.706317 0.707615
1718924352.615959883 0.538283 -5.269379 0.047153 -0.013171 -0.014989 -0.706330 0.707601
1718924352.620972633 0.538500 -5.270777 0.047181 -0.013169 -0.015008 -0.706343 0.707588
1718924352.625965595 0.538716 -5.272170 0.047210 -0.013171 -0.015026 -0.706355 0.707575
1718924352.630957365 0.538934 -5.273563 0.047239 -0.013171 -0.015037 -0.706366 0.707564
1718924352.635945559 0.539154 -5.274957 0.047269 -0.013174 -0.015045 -0.706371 0.707560
1718924352.640973330 0.539380 -5.276364 0.047301 -0.013176 -0.015051 -0.706363 0.707567
1718924352.645950556 0.539608 -5.277759 0.047333 -0.013175 -0.015056 -0.706359 0.707571
1718924352.650962353 0.539842 -5.279165 0.047366 -0.013174 -0.015069 -0.706350 0.707580
1718924352.655949593 0.540080 -5.280565 0.047401 -0.013170 -0.015093 -0.706330 0.707599
1718924352.660953760 0.540326 -5.281973 0.047438 -0.013176 -0.015112 -0.706312 0.707617
1718924352.665945768 0.540577 -5.283381 0.047475 -0.013187 -0.015129 -0.706293 0.707635
1718924352.670963287 0.540836 -5.284798 0.047514 -0.013193 -0.015146 -0.706269 0.707659
1718924352.675960541 0.541101 -5.286211 0.047551 -0.013198 -0.015156 -0.706239 0.707688
1718924352.680952549 0.541371 -5.287622 0.047587 -0.013196 -0.015159 -0.706209 0.707718
1718924352.686008930 0.541652 -5.289053 0.047620 -0.013191 -0.015159 -0.706180 0.707747
1718924352.691021919 0.541937 -5.290473 0.047650 -0.013185 -0.015163 -0.706162 0.707765
1718924352.695948839 0.542224 -5.291871 0.047675 -0.013181 -0.015173 -0.706146 0.707781
1718924352.699908257 0.542458 -5.292996 0.047691 -0.013182 -0.015176 -0.706132 0.707795
1718924352.699908257 0.542458 -5.292996 0.047691 -0.013182 -0.015176 -0.706132 0.707795
1718924352.699985981 0.530345 -5.279909 0.073686 -0.012068 -0.017357 -0.706842 0.707055
1718924352.699985981 0.530345 -5.279909 0.073686 -0.012068 -0.017357 -0.706842 0.707055
1718924352.700942755 0.530340 -5.280124 0.073616 -0.012068 -0.017358 -0.706839 0.707059
1718924352.705946445 0.530320 -5.281254 0.073245 -0.012075 -0.017361 -0.706823 0.707074
1718924352.710941553 0.530305 -5.282382 0.072873 -0.012086 -0.017367 -0.706816 0.707081
1718924352.715944767 0.530296 -5.283514 0.072503 -0.012104 -0.017368 -0.706808 0.707089
1718924352.790947437 0.530200 -5.300457 0.065448 -0.012480 -0.016863 -0.706702 0.707201
1718924352.795945644 0.530185 -5.301622 0.065157 -0.012508 -0.016846 -0.706679 0.707223
1718924352.799993038 0.530172 -5.302566 0.064926 -0.012522 -0.016829 -0.706664 0.707239
1718924352.799993038 0.530172 -5.302566 0.064926 -0.012522 -0.016829 -0.706664 0.707239
1718924352.800984859 0.530169 -5.302795 0.064872 -0.012526 -0.016825 -0.706660 0.707242
1718924352.805946112 0.530152 -5.303940 0.064604 -0.012540 -0.016807 -0.706649 0.707253
1718924352.810940742 0.530133 -5.305092 0.064337 -0.012553 -0.016791 -0.706639 0.707264
1718924352.815955639 0.530112 -5.306248 0.064068 -0.012571 -0.016785 -0.706626 0.707276
1718924352.821023464 0.530089 -5.307417 0.063794 -0.012587 -0.016785 -0.706620 0.707282
1718924352.825984716 0.530064 -5.308561 0.063521 -0.012598 -0.016792 -0.706612 0.707290
1718924352.830949545 0.530036 -5.309706 0.063241 -0.012606 -0.016813 -0.706603 0.707298
1718924352.835942030 0.530005 -5.310859 0.062954 -0.012617 -0.016832 -0.706603 0.707297
1718924352.840945959 0.529970 -5.312016 0.062660 -0.012633 -0.016849 -0.706603 0.707297
1718924352.845967531 0.529932 -5.313181 0.062364 -0.012647 -0.016859 -0.706603 0.707296
1718924352.850946903 0.529891 -5.314338 0.062070 -0.012656 -0.016876 -0.706606 0.707292
1718924352.855942249 0.529847 -5.315501 0.061779 -0.012667 -0.016889 -0.706612 0.707286
1718924352.860945463 0.529799 -5.316668 0.061493 -0.012687 -0.016895 -0.706619 0.707279
1718924352.865942240 0.529749 -5.317835 0.061213 -0.012711 -0.016894 -0.706628 0.707270
1718924352.870937347 0.529697 -5.319005 0.060936 -0.012736 -0.016892 -0.706638 0.707259
1718924352.875942469 0.529644 -5.320177 0.060660 -0.012750 -0.016895 -0.706645 0.707252
1718924352.880938053 0.529590 -5.321347 0.060385 -0.012751 -0.016897 -0.706654 0.707242
1718924352.885944843 0.529534 -5.322520 0.060110 -0.012747 -0.016901 -0.706665 0.707232
1718924352.890938282 0.529478 -5.323688 0.059835 -0.012742 -0.016912 -0.706671 0.707226
1718924352.895941257 0.529420 -5.324856 0.059559 -0.012740 -0.016933 -0.706674 0.707222
1718924352.899993896 0.529373 -5.325800 0.059335 -0.012737 -0.016951 -0.706672 0.707223
1718924352.899993896 0.529373 -5.325800 0.059335 -0.012737 -0.016951 -0.706672 0.707223
1718924352.900977135 0.529361 -5.326028 0.059280 -0.012736 -0.016955 -0.706672 0.707223
1718924352.905947924 0.529301 -5.327179 0.059001 -0.012730 -0.016975 -0.706680 0.707215
1718924352.910981178 0.529240 -5.328343 0.058717 -0.012727 -0.016983 -0.706691 0.707204
1718924352.940952778 0.528930 -5.335293 0.057050 -0.012731 -0.017114 -0.706687 0.707204
1718924352.945951462 0.528881 -5.336460 0.056787 -0.012727 -0.017129 -0.706669 0.707222
1718924352.950955629 0.528833 -5.337629 0.056528 -0.012721 -0.017148 -0.706647 0.707244
1718924352.955946684 0.528787 -5.338795 0.056271 -0.012713 -0.017166 -0.706631 0.707260
1718924352.960952044 0.528742 -5.339965 0.056014 -0.012696 -0.017186 -0.706625 0.707266
1718924352.965954781 0.528696 -5.341134 0.055755 -0.012684 -0.017210 -0.706616 0.707274
1718924352.970946789 0.528652 -5.342300 0.055493 -0.012670 -0.017233 -0.706604 0.707285
1718924352.975954294 0.528608 -5.343468 0.055225 -0.012658 -0.017257 -0.706594 0.707296
1718924352.980940104 0.528565 -5.344631 0.054953 -0.012649 -0.017278 -0.706585 0.707304
1718924352.985944510 0.528522 -5.345798 0.054677 -0.012639 -0.017293 -0.706583 0.707306
1718924352.990977287 0.528478 -5.346975 0.054398 -0.012641 -0.017309 -0.706582 0.707307
1718924352.995984793 0.528434 -5.348150 0.054119 -0.012660 -0.017320 -0.706582 0.707306
1718924353.000941277 0.528392 -5.349315 0.053843 -0.012688 -0.017333 -0.706584 0.707303
1718924353.005964994 0.528350 -5.350497 0.053567 -0.012717 -0.017346 -0.706591 0.707295
1718924353.010980129 0.528310 -5.351677 0.053296 -0.012744 -0.017363 -0.706603 0.707283
1718924353.016012669 0.528272 -5.352861 0.053029 -0.012762 -0.017376 -0.706627 0.707258
1718924353.021006107 0.528235 -5.354036 0.052769 -0.012776 -0.017380 -0.706649 0.707235
1718924353.026027203 0.528202 -5.355217 0.052510 -0.012787 -0.017385 -0.706663 0.707221
1718924353.030967236 0.528172 -5.356378 0.052255 -0.012795 -0.017389 -0.706683 0.707201
1718924353.035942078 0.528145 -5.357545 0.051997 -0.012807 -0.017391 -0.706709 0.707174
1718924353.041010857 0.528121 -5.358734 0.051730 -0.012821 -0.017386 -0.706730 0.707154
1718924353.045946836 0.528102 -5.359894 0.051465 -0.012834 -0.017384 -0.706748 0.707135
1718924353.050954819 0.528085 -5.361072 0.051192 -0.012844 -0.017390 -0.706767 0.707116
1718924353.055938244 0.528072 -5.362245 0.050916 -0.012861 -0.017398 -0.706786 0.707097
1718924353.061002016 0.528063 -5.363437 0.050633 -0.012875 -0.017404 -0.706806 0.707076
1718924353.065960407 0.528056 -5.364607 0.050354 -0.012880 -0.017413 -0.706822 0.707059
1718924353.070950985 0.528053 -5.365786 0.050074 -0.012883 -0.017416 -0.706825 0.707057
1718924353.075944424 0.528052 -5.366968 0.049796 -0.012890 -0.017409 -0.706823 0.707059
1718924353.080938339 0.528053 -5.368154 0.049521 -0.012895 -0.017400 -0.706823 0.707059
1718924353.085947752 0.528056 -5.369345 0.049250 -0.012896 -0.017393 -0.706819 0.707063
1718924353.090976954 0.528061 -5.370544 0.048982 -0.012903 -0.017385 -0.706805 0.707077
1718924353.095943928 0.528068 -5.371732 0.048721 -0.012914 -0.017373 -0.706787 0.707095
1718924353.099992275 0.528074 -5.372701 0.048509 -0.012914 -0.017369 -0.706773 0.707109
1718924353.099992275 0.528074 -5.372701 0.048509 -0.012914 -0.017369 -0.706773 0.707109
1718924353.100954294 0.528075 -5.372932 0.048459 -0.012914 -0.017367 -0.706769 0.707113
1718924353.105934620 0.528083 -5.374125 0.048197 -0.012901 -0.017374 -0.706750 0.707133
1718924353.110978603 0.528089 -5.375331 0.047931 -0.012887 -0.017382 -0.706728 0.707154
1718924353.115945816 0.528093 -5.376518 0.047669 -0.012873 -0.017400 -0.706710 0.707172
1718924353.199994326 0.528785 -5.397257 0.043766 -0.012807 -0.017586 -0.706641 0.707238
1718924353.199994326 0.528785 -5.397257 0.043766 -0.012807 -0.017586 -0.706641 0.707238
1718924353.231005669 0.529367 -5.405243 0.042594 -0.012808 -0.017668 -0.706684 0.707192
1718924353.235938072 0.529469 -5.406529 0.042427 -0.012798 -0.017669 -0.706675 0.707202
1718924353.241003513 0.529578 -5.407853 0.042260 -0.012780 -0.017656 -0.706669 0.707209
1718924353.246008396 0.529690 -5.409163 0.042095 -0.012763 -0.017631 -0.706664 0.707215
1718924353.250982523 0.529805 -5.410467 0.041931 -0.012751 -0.017611 -0.706658 0.707221
1718924353.255982637 0.529926 -5.411780 0.041764 -0.012738 -0.017607 -0.706659 0.707221
1718924353.260944843 0.530049 -5.413082 0.041597 -0.012718 -0.017621 -0.706664 0.707215
1718924353.266003609 0.530178 -5.414407 0.041426 -0.012701 -0.017639 -0.706669 0.707210
1718924353.270984888 0.530308 -5.415708 0.041257 -0.012687 -0.017659 -0.706675 0.707204
1718924353.275954247 0.530440 -5.417004 0.041088 -0.012676 -0.017682 -0.706685 0.707194
1718924353.280944586 0.530574 -5.418302 0.040919 -0.012667 -0.017694 -0.706700 0.707178
1718924353.285943508 0.530711 -5.419599 0.040749 -0.012655 -0.017698 -0.706725 0.707154
1718924353.290977478 0.530850 -5.420905 0.040578 -0.012624 -0.017712 -0.706766 0.707113
1718924353.295932531 0.530991 -5.422193 0.040411 -0.012592 -0.017732 -0.706816 0.707063
1718924353.299992323 0.531106 -5.423250 0.040276 -0.012560 -0.017755 -0.706864 0.707015
1718924353.299992323 0.531106 -5.423250 0.040276 -0.012560 -0.017755 -0.706864 0.707015
1718924353.300966263 0.531134 -5.423503 0.040244 -0.012552 -0.017760 -0.706875 0.707004
1718924353.305932760 0.531275 -5.424799 0.040079 -0.012507 -0.017780 -0.706935 0.706944
1718924353.310937405 0.531416 -5.426106 0.039916 -0.012477 -0.017788 -0.707009 0.706871
1718924353.365940094 0.532980 -5.440513 0.038239 -0.012488 -0.018289 -0.707646 0.706220
1718924353.370936155 0.533115 -5.441821 0.038107 -0.012471 -0.018358 -0.707696 0.706169
1718924353.390938997 0.533593 -5.447074 0.037644 -0.012172 -0.018859 -0.708098 0.705757
1718924353.395973206 0.533688 -5.448400 0.037549 -0.012134 -0.018942 -0.708215 0.705638
1718924353.399981260 0.533754 -5.449456 0.037478 -0.012134 -0.018982 -0.708326 0.705526
1718924353.399981260 0.533754 -5.449456 0.037478 -0.012134 -0.018982 -0.708326 0.705526
1718924353.400938511 0.533769 -5.449708 0.037460 -0.012134 -0.018992 -0.708353 0.705499
1718924353.405975819 0.533843 -5.451035 0.037367 -0.012167 -0.019023 -0.708522 0.705327
1718924353.410968065 0.533906 -5.452350 0.037270 -0.012232 -0.019011 -0.708713 0.705135
1718924353.415949106 0.533957 -5.453663 0.037167 -0.012316 -0.018961 -0.708933 0.704913
1718924353.420945644 0.534001 -5.454981 0.037053 -0.012405 -0.018894 -0.709165 0.704680
1718924353.425940990 0.534040 -5.456301 0.036927 -0.012467 -0.018839 -0.709400 0.704444
1718924353.430938005 0.534080 -5.457624 0.036790 -0.012485 -0.018800 -0.709635 0.704208
1718924353.435941219 0.534122 -5.458953 0.036649 -0.012474 -0.018768 -0.709854 0.703989
1718924353.440940857 0.534164 -5.460283 0.036513 -0.012467 -0.018721 -0.710064 0.703778
1718924353.445944071 0.534204 -5.461618 0.036387 -0.012474 -0.018655 -0.710274 0.703568
1718924353.450978518 0.534245 -5.462964 0.036273 -0.012495 -0.018566 -0.710472 0.703369
1718924353.455939293 0.534287 -5.464291 0.036171 -0.012541 -0.018452 -0.710650 0.703192
1718924353.460958958 0.534325 -5.465633 0.036071 -0.012634 -0.018285 -0.710818 0.703025
1718924353.465943813 0.534356 -5.466963 0.035974 -0.012763 -0.018065 -0.710990 0.702854
1718924353.470980644 0.534383 -5.468301 0.035873 -0.012901 -0.017810 -0.711178 0.702668
1718924353.475948811 0.534409 -5.469615 0.035767 -0.013015 -0.017581 -0.711377 0.702470
1718924353.480993032 0.534436 -5.470945 0.035656 -0.013115 -0.017386 -0.711593 0.702254
1718924353.485940933 0.534462 -5.472246 0.035549 -0.013195 -0.017218 -0.711822 0.702025
1718924353.490930080 0.534484 -5.473552 0.035440 -0.013266 -0.017088 -0.712063 0.701782
1718924353.495933771 0.534504 -5.474858 0.035328 -0.013318 -0.017009 -0.712323 0.701519
1718924353.499986172 0.534519 -5.475916 0.035234 -0.013353 -0.016985 -0.712537 0.701302
1718924353.499986172 0.534519 -5.475916 0.035234 -0.013353 -0.016985 -0.712537 0.701302
1718924353.500930786 0.534523 -5.476162 0.035212 -0.013360 -0.016979 -0.712585 0.701253
1718924353.505933523 0.534542 -5.477470 0.035091 -0.013393 -0.016963 -0.712846 0.700988
1718924353.510928392 0.534557 -5.478779 0.034968 -0.013452 -0.016922 -0.713100 0.700729
1718924353.600005150 0.536242 -5.502393 0.032897 -0.013554 -0.016403 -0.711238 0.702629
1718924353.600005150 0.536242 -5.502393 0.032897 -0.013554 -0.016403 -0.711238 0.702629
1718924353.615928173 0.536869 -5.506664 0.032537 -0.013582 -0.016315 -0.710937 0.702935
1718924353.621036291 0.537085 -5.508038 0.032428 -0.013591 -0.016288 -0.710827 0.703047
1718924353.625957489 0.537301 -5.509361 0.032322 -0.013590 -0.016277 -0.710737 0.703139
1718924353.630981684 0.537529 -5.510711 0.032212 -0.013581 -0.016278 -0.710654 0.703222
1718924353.635940552 0.537759 -5.512042 0.032102 -0.013572 -0.016286 -0.710581 0.703296
1718924353.640943050 0.537994 -5.513383 0.031991 -0.013565 -0.016289 -0.710516 0.703362
1718924353.645940781 0.538233 -5.514720 0.031878 -0.013564 -0.016291 -0.710474 0.703404
1718924353.650938034 0.538476 -5.516053 0.031764 -0.013554 -0.016289 -0.710454 0.703424
1718924353.655937195 0.538722 -5.517384 0.031648 -0.013545 -0.016275 -0.710445 0.703434
1718924353.660922527 0.538969 -5.518712 0.031534 -0.013554 -0.016255 -0.710445 0.703435
1718924353.665942669 0.539216 -5.520050 0.031422 -0.013568 -0.016240 -0.710458 0.703422
1718924353.670935869 0.539458 -5.521382 0.031312 -0.013585 -0.016236 -0.710492 0.703387
1718924353.675959349 0.539700 -5.522722 0.031202 -0.013596 -0.016242 -0.710541 0.703337
1718924353.680955410 0.539938 -5.524056 0.031095 -0.013604 -0.016249 -0.710598 0.703279
1718924353.685924768 0.540171 -5.525383 0.030989 -0.013620 -0.016252 -0.710657 0.703219
1718924353.690941811 0.540400 -5.526725 0.030884 -0.013641 -0.016258 -0.710722 0.703152
1718924353.695967913 0.540624 -5.528071 0.030779 -0.013660 -0.016258 -0.710797 0.703076
1718924353.699902058 0.540796 -5.529125 0.030698 -0.013668 -0.016249 -0.710859 0.703014
1718924353.699902058 0.540796 -5.529125 0.030698 -0.013668 -0.016249 -0.710859 0.703014
1718924353.700930834 0.540840 -5.529401 0.030676 -0.013670 -0.016247 -0.710874 0.702999
1718924353.705935478 0.541050 -5.530744 0.030568 -0.013685 -0.016235 -0.710944 0.702928
1718924353.710927486 0.541252 -5.532086 0.030458 -0.013709 -0.016226 -0.710999 0.702872
1718924353.715926170 0.541449 -5.533434 0.030345 -0.013729 -0.016222 -0.711050 0.702820
1718924353.720948935 0.541640 -5.534792 0.030229 -0.013752 -0.016220 -0.711099 0.702770
1718924353.799997330 0.544913 -5.556244 0.029046 -0.013669 -0.016320 -0.710677 0.703196
1718924353.799997330 0.544913 -5.556244 0.029046 -0.013669 -0.016320 -0.710677 0.703196
1718924353.805912018 0.545175 -5.557852 0.029013 -0.013663 -0.016328 -0.710645 0.703229
1718924353.810934305 0.545400 -5.559217 0.028990 -0.013645 -0.016347 -0.710625 0.703248
1718924353.815926790 0.545624 -5.560573 0.028968 -0.013618 -0.016359 -0.710616 0.703258
1718924353.820987940 0.545852 -5.561945 0.028944 -0.013589 -0.016358 -0.710614 0.703261
1718924353.826018095 0.546078 -5.563307 0.028915 -0.013557 -0.016358 -0.710624 0.703252
1718924353.830919743 0.546298 -5.564632 0.028882 -0.013534 -0.016365 -0.710643 0.703233
1718924353.835992098 0.546524 -5.566002 0.028842 -0.013517 -0.016379 -0.710675 0.703200
1718924353.840940714 0.546744 -5.567337 0.028798 -0.013507 -0.016399 -0.710721 0.703153
1718924353.845934868 0.546964 -5.568685 0.028752 -0.013516 -0.016418 -0.710768 0.703105
1718924353.850929976 0.547182 -5.570033 0.028705 -0.013533 -0.016435 -0.710811 0.703061
1718924353.855924845 0.547400 -5.571379 0.028659 -0.013550 -0.016455 -0.710865 0.703005
1718924353.860932112 0.547619 -5.572729 0.028617 -0.013569 -0.016477 -0.710926 0.702943
1718924353.865980625 0.547839 -5.574092 0.028579 -0.013587 -0.016483 -0.710992 0.702875
1718924353.870925426 0.548055 -5.575429 0.028545 -0.013614 -0.016478 -0.711050 0.702817
1718924353.875945330 0.548276 -5.576787 0.028512 -0.013634 -0.016473 -0.711100 0.702766
1718924353.880980253 0.548501 -5.578150 0.028477 -0.013652 -0.016466 -0.711150 0.702715
1718924353.885914803 0.548725 -5.579486 0.028442 -0.013659 -0.016451 -0.711201 0.702663
1718924353.890915394 0.548954 -5.580842 0.028405 -0.013661 -0.016431 -0.711246 0.702618
1718924353.895929337 0.549189 -5.582202 0.028366 -0.013661 -0.016414 -0.711288 0.702576
1718924353.900018215 0.549383 -5.583310 0.028334 -0.013656 -0.016406 -0.711317 0.702547
1718924353.900018215 0.549383 -5.583310 0.028334 -0.013656 -0.016406 -0.711317 0.702547
1718924353.900926828 0.549428 -5.583555 0.028325 -0.013655 -0.016404 -0.711322 0.702542
1718924353.905920744 0.549680 -5.584902 0.028275 -0.013649 -0.016388 -0.711346 0.702519
1718924353.910917997 0.549937 -5.586251 0.028223 -0.013653 -0.016373 -0.711364 0.702500
1718924353.955969095 0.552540 -5.598304 0.027557 -0.013737 -0.016228 -0.711387 0.702479
1718924353.960971355 0.552798 -5.599655 0.027519 -0.013744 -0.016225 -0.711364 0.702502
1718924353.965975761 0.553057 -5.601007 0.027481 -0.013744 -0.016218 -0.711339 0.702528
1718924353.970978022 0.553312 -5.602359 0.027442 -0.013762 -0.016204 -0.711323 0.702544
1718924353.975988626 0.553560 -5.603712 0.027401 -0.013794 -0.016183 -0.711322 0.702544
1718924353.980995417 0.553803 -5.605064 0.027356 -0.013828 -0.016170 -0.711336 0.702530
1718924353.985970736 0.554039 -5.606407 0.027307 -0.013842 -0.016168 -0.711364 0.702502
1718924353.990937233 0.554270 -5.607746 0.027257 -0.013843 -0.016170 -0.711407 0.702458
1718924353.995959520 0.554495 -5.609100 0.027205 -0.013841 -0.016179 -0.711469 0.702395
1718924354.000923872 0.554710 -5.610437 0.027153 -0.013826 -0.016194 -0.711547 0.702315
1718924354.005929232 0.554921 -5.611786 0.027101 -0.013801 -0.016212 -0.711637 0.702225
1718924354.010938883 0.555128 -5.613139 0.027050 -0.013778 -0.016236 -0.711737 0.702123
1718924354.015938282 0.555330 -5.614489 0.027000 -0.013750 -0.016256 -0.711858 0.702000
1718924354.021029711 0.555531 -5.615864 0.026950 -0.013718 -0.016274 -0.712001 0.701856
1718924354.025977850 0.555721 -5.617200 0.026902 -0.013688 -0.016299 -0.712150 0.701705
1718924354.030938625 0.555911 -5.618539 0.026857 -0.013637 -0.016334 -0.712315 0.701537
1718924354.035972834 0.556107 -5.619897 0.026810 -0.013560 -0.016394 -0.712496 0.701353
1718924354.040937424 0.556300 -5.621237 0.026761 -0.013482 -0.016470 -0.712688 0.701158
1718924354.045984983 0.556494 -5.622598 0.026709 -0.013422 -0.016537 -0.712893 0.700949
1718924354.050940990 0.556684 -5.623936 0.026657 -0.013378 -0.016598 -0.713113 0.700725
1718924354.055965662 0.556879 -5.625292 0.026598 -0.013321 -0.016684 -0.713363 0.700469
1718924354.060971737 0.557076 -5.626644 0.026528 -0.013244 -0.016793 -0.713641 0.700185
1718924354.065966606 0.557271 -5.627995 0.026451 -0.013186 -0.016892 -0.713937 0.699882
1718924354.070924282 0.557462 -5.629342 0.026375 -0.013153 -0.016970 -0.714247 0.699564
1718924354.075918913 0.557655 -5.630703 0.026298 -0.013119 -0.017033 -0.714574 0.699230
1718924354.080922127 0.557850 -5.632069 0.026220 -0.013088 -0.017064 -0.714917 0.698879
1718924354.085925817 0.558046 -5.633438 0.026145 -0.013065 -0.017068 -0.715274 0.698513
1718924354.090921402 0.558240 -5.634811 0.026076 -0.013063 -0.017050 -0.715644 0.698135
1718924354.095908642 0.558432 -5.636187 0.026013 -0.013087 -0.017014 -0.716016 0.697754
1718924354.099991083 0.558588 -5.637317 0.025964 -0.013121 -0.016976 -0.716314 0.697448
1718924354.099991083 0.558588 -5.637317 0.025964 -0.013121 -0.016976 -0.716314 0.697448
1718924354.100912809 0.558622 -5.637572 0.025953 -0.013129 -0.016967 -0.716380 0.697380
1718924354.105926991 0.558810 -5.638964 0.025886 -0.013129 -0.016943 -0.716751 0.697000
1718924354.110920668 0.559006 -5.640347 0.025810 -0.013049 -0.016961 -0.717136 0.696604
1718924354.115926504 0.559206 -5.641729 0.025724 -0.012949 -0.016985 -0.717536 0.696194
1718924354.199997187 0.561466 -5.664496 0.025582 -0.014756 -0.013305 -0.732905 0.680041
1718924354.199997187 0.561466 -5.664496 0.025582 -0.014756 -0.013305 -0.732905 0.680041
1718924354.205917597 0.561579 -5.666062 0.025712 -0.014884 -0.013042 -0.733976 0.678887
1718924354.210920811 0.561673 -5.667382 0.025826 -0.014931 -0.012868 -0.734908 0.677880
1718924354.215929031 0.561770 -5.668704 0.025924 -0.014914 -0.012748 -0.735854 0.676855
1718924354.220942259 0.561873 -5.670029 0.025998 -0.014835 -0.012684 -0.736810 0.675818
1718924354.225929737 0.561980 -5.671348 0.026050 -0.014680 -0.012689 -0.737770 0.674774
1718924354.231031656 0.562093 -5.672696 0.026082 -0.014497 -0.012726 -0.738780 0.673670
1718924354.236003399 0.562205 -5.674008 0.026106 -0.014318 -0.012766 -0.739800 0.672553
1718924354.240936756 0.562319 -5.675314 0.026141 -0.014147 -0.012815 -0.740833 0.671418
1718924354.245988846 0.562440 -5.676656 0.026199 -0.013995 -0.012868 -0.741908 0.670232
1718924354.250926256 0.562547 -5.677972 0.026284 -0.013926 -0.012854 -0.742960 0.669067
1718924354.255932808 0.562629 -5.679308 0.026400 -0.013993 -0.012700 -0.744029 0.667880
1718924354.260926485 0.562687 -5.680644 0.026531 -0.014124 -0.012442 -0.745107 0.666679
1718924354.265917063 0.562745 -5.681980 0.026649 -0.014167 -0.012196 -0.746193 0.665467
1718924354.270921707 0.562822 -5.683320 0.026742 -0.014051 -0.012058 -0.747300 0.664228
1718924354.275920391 0.562920 -5.684663 0.026813 -0.013841 -0.012039 -0.748417 0.662974
1718924354.280944347 0.563026 -5.686021 0.026869 -0.013629 -0.012087 -0.749557 0.661689
1718924354.285944462 0.563122 -5.687381 0.026918 -0.013491 -0.012113 -0.750709 0.660384
1718924354.290914297 0.563207 -5.688742 0.026965 -0.013448 -0.012064 -0.751863 0.659072
1718924354.295916557 0.563294 -5.690117 0.027022 -0.013416 -0.011959 -0.753018 0.657754
1718924354.299958229 0.563371 -5.691231 0.027082 -0.013383 -0.011837 -0.753929 0.656713
1718924354.299958229 0.563371 -5.691231 0.027082 -0.013383 -0.011837 -0.753929 0.656713
1718924354.300919056 0.563390 -5.691496 0.027098 -0.013374 -0.011808 -0.754143 0.656468
1718924354.305917025 0.563488 -5.692878 0.027198 -0.013374 -0.011555 -0.755236 0.655215
1718924354.310914755 0.563582 -5.694274 0.027317 -0.013469 -0.011184 -0.756286 0.654006
1718924354.315917253 0.563673 -5.695684 0.027454 -0.013632 -0.010744 -0.757286 0.652853
1718924354.400000095 0.563462 -5.720257 0.030769 -0.013874 -0.011364 -0.757204 0.652932
1718924354.400000095 0.563462 -5.720257 0.030769 -0.013874 -0.011364 -0.757204 0.652932
1718924354.405915499 0.563314 -5.722052 0.031067 -0.013893 -0.011410 -0.757195 0.652941
1718924354.410905123 0.563174 -5.723570 0.031330 -0.013927 -0.011476 -0.757143 0.653000
1718924354.415915728 0.563022 -5.725095 0.031608 -0.013996 -0.011543 -0.757066 0.653087
1718924354.420918703 0.562862 -5.726618 0.031897 -0.014065 -0.011614 -0.756974 0.653190
1718924354.425930023 0.562694 -5.728143 0.032194 -0.014134 -0.011667 -0.756856 0.653325
1718924354.430926800 0.562517 -5.729667 0.032494 -0.014197 -0.011692 -0.756709 0.653493
1718924354.435956478 0.562329 -5.731199 0.032795 -0.014230 -0.011694 -0.756549 0.653678
1718924354.440995693 0.562125 -5.732729 0.033100 -0.014287 -0.011644 -0.756384 0.653868
1718924354.445959806 0.561912 -5.734231 0.033399 -0.014306 -0.011595 -0.756226 0.654052
1718924354.450922251 0.561694 -5.735731 0.033694 -0.014311 -0.011570 -0.756070 0.654232
1718924354.455906391 0.561474 -5.737237 0.033992 -0.014318 -0.011590 -0.755912 0.654414
1718924354.460909843 0.561249 -5.738742 0.034295 -0.014318 -0.011615 -0.755761 0.654588
1718924354.465914488 0.561013 -5.740240 0.034598 -0.014318 -0.011635 -0.755617 0.654754
1718924354.470923185 0.560764 -5.741730 0.034899 -0.014317 -0.011648 -0.755493 0.654897
1718924354.475911379 0.560507 -5.743206 0.035191 -0.014296 -0.011682 -0.755374 0.655034
1718924354.480926514 0.560241 -5.744685 0.035476 -0.014261 -0.011750 -0.755257 0.655168
1718924354.485927343 0.559972 -5.746157 0.035756 -0.014214 -0.011856 -0.755149 0.655292
1718924354.490914345 0.559697 -5.747623 0.036032 -0.014203 -0.011967 -0.755054 0.655399
1718924354.495908022 0.559415 -5.749090 0.036307 -0.014232 -0.012062 -0.754965 0.655500
1718924354.499998093 0.559180 -5.750290 0.036530 -0.014267 -0.012128 -0.754895 0.655578
1718924354.499998093 0.559180 -5.750290 0.036530 -0.014267 -0.012128 -0.754895 0.655578
1718924354.500902414 0.559127 -5.750555 0.036579 -0.014274 -0.012142 -0.754879 0.655597
1718924354.505908251 0.558832 -5.752020 0.036848 -0.014295 -0.012220 -0.754785 0.655703
1718924354.510914564 0.558532 -5.753484 0.037114 -0.014308 -0.012282 -0.754690 0.655811
1718924354.565924406 0.555394 -5.769196 0.040373 -0.014151 -0.012419 -0.753825 0.656806
1718924354.585921049 0.554344 -5.774752 0.041691 -0.013947 -0.012479 -0.753435 0.657256
1718924354.590908289 0.554090 -5.776129 0.042019 -0.013852 -0.012516 -0.753334 0.657373
1718924354.595955133 0.553833 -5.777516 0.042351 -0.013727 -0.012583 -0.753228 0.657496
1718924354.599997044 0.553628 -5.778624 0.042620 -0.013615 -0.012641 -0.753139 0.657599
1718924354.599997044 0.553628 -5.778624 0.042620 -0.013615 -0.012641 -0.753139 0.657599
1718924354.600903034 0.553582 -5.778872 0.042681 -0.013590 -0.012654 -0.753120 0.657621
1718924354.605897903 0.553329 -5.780235 0.043017 -0.013488 -0.012716 -0.753010 0.657748
1718924354.610905886 0.553072 -5.781597 0.043362 -0.013416 -0.012767 -0.752900 0.657875
1718924354.615914345 0.552812 -5.782953 0.043711 -0.013364 -0.012808 -0.752797 0.657993
1718924354.620917082 0.552549 -5.784301 0.044055 -0.013338 -0.012839 -0.752702 0.658101
1718924354.625915766 0.552281 -5.785643 0.044388 -0.013331 -0.012867 -0.752609 0.658207
1718924354.630953312 0.552008 -5.786991 0.044706 -0.013332 -0.012907 -0.752520 0.658308
1718924354.635920763 0.551735 -5.788318 0.045002 -0.013328 -0.012966 -0.752449 0.658389
1718924354.640921354 0.551458 -5.789652 0.045287 -0.013318 -0.013026 -0.752395 0.658448
1718924354.645905495 0.551179 -5.790980 0.045568 -0.013306 -0.013064 -0.752355 0.658494
1718924354.650947332 0.550895 -5.792321 0.045858 -0.013307 -0.013074 -0.752322 0.658532
1718924354.655907869 0.550615 -5.793638 0.046154 -0.013318 -0.013056 -0.752290 0.658568
1718924354.660923481 0.550336 -5.794969 0.046469 -0.013328 -0.013031 -0.752262 0.658600
1718924354.665919065 0.550064 -5.796293 0.046795 -0.013316 -0.013011 -0.752242 0.658624
1718924354.670921564 0.549795 -5.797615 0.047129 -0.013287 -0.012996 -0.752222 0.658648
1718924354.675923824 0.549530 -5.798933 0.047468 -0.013250 -0.013001 -0.752193 0.658681
1718924354.680918694 0.549272 -5.800248 0.047806 -0.013195 -0.013028 -0.752165 0.658714
1718924354.685918331 0.549020 -5.801563 0.048140 -0.013132 -0.013079 -0.752130 0.658754
1718924354.690911293 0.548774 -5.802875 0.048467 -0.013075 -0.013142 -0.752084 0.658807
1718924354.695911407 0.548532 -5.804188 0.048786 -0.013024 -0.013190 -0.752032 0.658866
1718924354.699888945 0.548342 -5.805233 0.049034 -0.012981 -0.013217 -0.751978 0.658928
1718924354.699888945 0.548342 -5.805233 0.049034 -0.012981 -0.013217 -0.751978 0.658928
1718924354.700917244 0.548293 -5.805503 0.049097 -0.012969 -0.013225 -0.751962 0.658946
1718924354.705899239 0.548059 -5.806810 0.049396 -0.012899 -0.013252 -0.751886 0.659034
1718924354.710918903 0.547824 -5.808128 0.049691 -0.012819 -0.013272 -0.751809 0.659122
1718924354.715912104 0.547592 -5.809439 0.049982 -0.012741 -0.013291 -0.751732 0.659212
1718924354.760913372 0.545563 -5.821280 0.052263 -0.012186 -0.013716 -0.751393 0.659600
1718924354.765915632 0.545349 -5.822594 0.052481 -0.012108 -0.013763 -0.751343 0.659658
1718924354.770911217 0.545137 -5.823906 0.052699 -0.012039 -0.013800 -0.751296 0.659711
1718924354.775922537 0.544927 -5.825223 0.052923 -0.011974 -0.013831 -0.751257 0.659756
1718924354.780929327 0.544719 -5.826540 0.053156 -0.011915 -0.013846 -0.751221 0.659798
1718924354.785943747 0.544513 -5.827859 0.053402 -0.011868 -0.013829 -0.751185 0.659840
1718924354.790913105 0.544313 -5.829166 0.053655 -0.011837 -0.013784 -0.751141 0.659892
1718924354.795907259 0.544117 -5.830479 0.053914 -0.011825 -0.013723 -0.751102 0.659937
1718924354.799981117 0.543961 -5.831550 0.054124 -0.011824 -0.013668 -0.751079 0.659965
1718924354.799981117 0.543961 -5.831550 0.054124 -0.011824 -0.013668 -0.751079 0.659965
1718924354.800913811 0.543926 -5.831795 0.054172 -0.011824 -0.013656 -0.751074 0.659971
1718924354.805907249 0.543744 -5.833109 0.054420 -0.011823 -0.013595 -0.751052 0.659997
1718924354.810913563 0.543571 -5.834426 0.054657 -0.011804 -0.013550 -0.751037 0.660016
1718924354.815905571 0.543408 -5.835738 0.054882 -0.011758 -0.013523 -0.751021 0.660035
1718924354.820911407 0.543253 -5.837052 0.055099 -0.011693 -0.013507 -0.751014 0.660045
1718924354.825924158 0.543104 -5.838366 0.055311 -0.011619 -0.013500 -0.751015 0.660045
1718924354.830912828 0.542963 -5.839671 0.055523 -0.011536 -0.013503 -0.751020 0.660041
1718924354.835920811 0.542826 -5.840979 0.055742 -0.011468 -0.013527 -0.751028 0.660032
1718924354.840955257 0.542692 -5.842291 0.055971 -0.011414 -0.013580 -0.751040 0.660019
1718924354.845914602 0.542562 -5.843582 0.056204 -0.011378 -0.013650 -0.751053 0.660002
1718924354.850908041 0.542433 -5.844881 0.056442 -0.011334 -0.013731 -0.751062 0.659992
1718924354.855906725 0.542308 -5.846180 0.056678 -0.011270 -0.013821 -0.751049 0.660005
1718924354.860962152 0.542185 -5.847492 0.056911 -0.011172 -0.013907 -0.751019 0.660040
1718924354.865944862 0.542062 -5.848785 0.057135 -0.011063 -0.013963 -0.750978 0.660087
1718924354.870908737 0.541937 -5.850073 0.057356 -0.010957 -0.013993 -0.750925 0.660148
1718924354.875938892 0.541809 -5.851378 0.057579 -0.010862 -0.014032 -0.750855 0.660229
1718924354.880941868 0.541682 -5.852678 0.057803 -0.010794 -0.014078 -0.750772 0.660323
1718924354.885902643 0.541555 -5.853968 0.058026 -0.010763 -0.014128 -0.750681 0.660426
1718924354.890906334 0.541424 -5.855271 0.058250 -0.010759 -0.014187 -0.750579 0.660541
1718924354.895934820 0.541291 -5.856581 0.058474 -0.010761 -0.014250 -0.750465 0.660669
1718924354.900010109 0.541183 -5.857642 0.058653 -0.010749 -0.014313 -0.750368 0.660778
1718924354.900010109 0.541183 -5.857642 0.058653 -0.010749 -0.014313 -0.750368 0.660778
1718924354.900940657 0.541159 -5.857883 0.058692 -0.010745 -0.014328 -0.750345 0.660804
1718924354.905946732 0.541032 -5.859175 0.058902 -0.010708 -0.014395 -0.750216 0.660950
1718924354.910930395 0.540903 -5.860460 0.059110 -0.010668 -0.014441 -0.750093 0.661088
1718924354.915960312 0.540771 -5.861756 0.059321 -0.010634 -0.014459 -0.749979 0.661218
1718924354.965908527 0.539491 -5.874193 0.061069 -0.010015 -0.014885 -0.749779 0.661445
1718924354.970950127 0.539337 -5.875473 0.061279 -0.009924 -0.014930 -0.749745 0.661485
1718924354.975955963 0.539183 -5.876743 0.061489 -0.009825 -0.014985 -0.749707 0.661527
1718924354.980960131 0.539028 -5.878013 0.061699 -0.009715 -0.015052 -0.749667 0.661572
1718924354.985938311 0.538871 -5.879278 0.061910 -0.009597 -0.015130 -0.749627 0.661618
1718924354.990930319 0.538711 -5.880547 0.062125 -0.009470 -0.015209 -0.749582 0.661669
1718924354.995898962 0.538546 -5.881811 0.062342 -0.009352 -0.015280 -0.749521 0.661738
1718924355.000940561 0.538373 -5.883094 0.062563 -0.009271 -0.015323 -0.749445 0.661824
1718924355.005886555 0.538195 -5.884353 0.062777 -0.009232 -0.015344 -0.749363 0.661917
1718924355.010891438 0.538007 -5.885628 0.062989 -0.009225 -0.015347 -0.749285 0.662006
1718924355.015981913 0.537813 -5.886924 0.063196 -0.009244 -0.015345 -0.749205 0.662096
1718924355.021004438 0.537619 -5.888203 0.063390 -0.009263 -0.015348 -0.749130 0.662180
1718924355.025953770 0.537427 -5.889463 0.063575 -0.009265 -0.015359 -0.749054 0.662266
1718924355.030900240 0.537234 -5.890722 0.063755 -0.009251 -0.015379 -0.748981 0.662348
1718924355.035908937 0.537037 -5.891997 0.063938 -0.009229 -0.015404 -0.748918 0.662419
1718924355.040908337 0.536840 -5.893272 0.064125 -0.009200 -0.015430 -0.748867 0.662476
1718924355.045894861 0.536643 -5.894546 0.064317 -0.009177 -0.015439 -0.748830 0.662518
1718924355.050951242 0.536444 -5.895840 0.064518 -0.009162 -0.015437 -0.748797 0.662556
1718924355.055943251 0.536247 -5.897120 0.064718 -0.009158 -0.015429 -0.748766 0.662591
1718924355.060888290 0.536054 -5.898390 0.064915 -0.009160 -0.015418 -0.748746 0.662614
1718924355.065893173 0.535859 -5.899678 0.065111 -0.009159 -0.015410 -0.748742 0.662619
1718924355.070904255 0.535666 -5.900970 0.065303 -0.009153 -0.015401 -0.748741 0.662620
1718924355.075903416 0.535476 -5.902261 0.065488 -0.009145 -0.015395 -0.748747 0.662615
1718924355.080937862 0.535290 -5.903564 0.065670 -0.009137 -0.015391 -0.748759 0.662601
1718924355.085942268 0.535109 -5.904862 0.065848 -0.009129 -0.015389 -0.748778 0.662580
1718924355.090891838 0.534934 -5.906148 0.066023 -0.009131 -0.015392 -0.748794 0.662561
1718924355.095882416 0.534761 -5.907448 0.066201 -0.009141 -0.015393 -0.748809 0.662544
1718924355.099979162 0.534622 -5.908517 0.066350 -0.009150 -0.015391 -0.748818 0.662534
1718924355.099979162 0.534622 -5.908517 0.066350 -0.009150 -0.015391 -0.748818 0.662534
1718924355.100887299 0.534592 -5.908755 0.066387 -0.009152 -0.015391 -0.748820 0.662532
1718924355.105882645 0.534428 -5.910061 0.066590 -0.009167 -0.015391 -0.748827 0.662523
1718924355.110898018 0.534268 -5.911373 0.066800 -0.009187 -0.015403 -0.748834 0.662514
1718924355.115888119 0.534113 -5.912677 0.067014 -0.009208 -0.015415 -0.748842 0.662506
1718924355.195917130 0.531859 -5.933864 0.069622 -0.009217 -0.015646 -0.747388 0.664139
1718924355.199990034 0.531756 -5.934957 0.069715 -0.009212 -0.015667 -0.747311 0.664226
1718924355.199990034 0.531756 -5.934957 0.069715 -0.009212 -0.015667 -0.747311 0.664226
1718924355.200977802 0.531731 -5.935222 0.069738 -0.009211 -0.015672 -0.747292 0.664247
1718924355.205888033 0.531606 -5.936541 0.069852 -0.009231 -0.015684 -0.747208 0.664341
1718924355.210880995 0.531475 -5.937882 0.069972 -0.009274 -0.015687 -0.747119 0.664440
1718924355.215956211 0.531337 -5.939247 0.070096 -0.009320 -0.015685 -0.747036 0.664533
1718924355.220906258 0.531196 -5.940578 0.070219 -0.009360 -0.015681 -0.746968 0.664610
1718924355.225974560 0.531046 -5.941940 0.070343 -0.009378 -0.015682 -0.746910 0.664674
1718924355.231008053 0.530891 -5.943290 0.070464 -0.009379 -0.015686 -0.746862 0.664728
1718924355.235918760 0.530733 -5.944606 0.070580 -0.009384 -0.015703 -0.746829 0.664764
1718924355.240940571 0.530564 -5.945951 0.070702 -0.009407 -0.015717 -0.746809 0.664786
1718924355.245957136 0.530387 -5.947292 0.070833 -0.009468 -0.015721 -0.746798 0.664798
1718924355.250931501 0.530206 -5.948620 0.070974 -0.009553 -0.015727 -0.746793 0.664802
1718924355.255982161 0.530017 -5.949965 0.071130 -0.009654 -0.015723 -0.746794 0.664799
1718924355.260891676 0.529831 -5.951266 0.071292 -0.009750 -0.015711 -0.746800 0.664792
1718924355.265907288 0.529638 -5.952589 0.071464 -0.009838 -0.015688 -0.746809 0.664781
1718924355.270896673 0.529446 -5.953901 0.071634 -0.009903 -0.015661 -0.746820 0.664768
1718924355.275942564 0.529251 -5.955222 0.071802 -0.009964 -0.015625 -0.746823 0.664765
1718924355.280911684 0.529059 -5.956515 0.071959 -0.010016 -0.015579 -0.746818 0.664771
1718924355.285958767 0.528867 -5.957825 0.072109 -0.010060 -0.015548 -0.746806 0.664784
1718924355.290939093 0.528681 -5.959117 0.072249 -0.010099 -0.015531 -0.746793 0.664798
1718924355.295924187 0.528496 -5.960410 0.072378 -0.010132 -0.015534 -0.746774 0.664819
1718924355.299998045 0.528345 -5.961465 0.072477 -0.010147 -0.015543 -0.746752 0.664844
1718924355.299998045 0.528345 -5.961465 0.072477 -0.010147 -0.015543 -0.746752 0.664844
1718924355.300898552 0.528312 -5.961698 0.072499 -0.010149 -0.015545 -0.746746 0.664851
1718924355.305925369 0.528126 -5.962996 0.072616 -0.010155 -0.015564 -0.746717 0.664882
1718924355.310921431 0.527938 -5.964285 0.072729 -0.010136 -0.015590 -0.746688 0.664914
1718924355.360904932 0.525953 -5.977216 0.073496 -0.010135 -0.015516 -0.746780 0.664812
1718924355.365886688 0.525740 -5.978509 0.073531 -0.010131 -0.015511 -0.746790 0.664802
1718924355.370896578 0.525525 -5.979810 0.073561 -0.010134 -0.015504 -0.746808 0.664782
1718924355.375910282 0.525307 -5.981113 0.073588 -0.010140 -0.015487 -0.746835 0.664751
1718924355.380906820 0.525089 -5.982411 0.073614 -0.010140 -0.015472 -0.746862 0.664721
1718924355.385892391 0.524871 -5.983705 0.073642 -0.010129 -0.015466 -0.746889 0.664692
1718924355.390896797 0.524652 -5.985004 0.073674 -0.010120 -0.015455 -0.746920 0.664657
1718924355.395881176 0.524434 -5.986299 0.073713 -0.010108 -0.015440 -0.746956 0.664618
1718924355.399990082 0.524255 -5.987366 0.073750 -0.010092 -0.015432 -0.746981 0.664590
1718924355.399990082 0.524255 -5.987366 0.073750 -0.010092 -0.015432 -0.746981 0.664590
1718924355.400890350 0.524216 -5.987600 0.073759 -0.010089 -0.015430 -0.746986 0.664584
1718924355.405893087 0.524001 -5.988899 0.073814 -0.010071 -0.015422 -0.747018 0.664549
1718924355.410897732 0.523788 -5.990199 0.073873 -0.010057 -0.015408 -0.747052 0.664511
1718924355.415903091 0.523576 -5.991500 0.073931 -0.010047 -0.015385 -0.747077 0.664483
1718924355.420907259 0.523367 -5.992802 0.073987 -0.010033 -0.015356 -0.747091 0.664469
1718924355.425898552 0.523163 -5.994101 0.074038 -0.010003 -0.015333 -0.747098 0.664462
1718924355.430911779 0.522961 -5.995407 0.074084 -0.009953 -0.015310 -0.747096 0.664466
1718924355.435897112 0.522765 -5.996705 0.074128 -0.009881 -0.015276 -0.747078 0.664487
1718924355.440894127 0.522571 -5.998005 0.074174 -0.009811 -0.015235 -0.747043 0.664528
1718924355.445899010 0.522378 -5.999307 0.074228 -0.009756 -0.015187 -0.747001 0.664578
1718924355.450944424 0.522186 -6.000620 0.074293 -0.009718 -0.015137 -0.746947 0.664640
1718924355.455944777 0.521998 -6.001920 0.074372 -0.009699 -0.015087 -0.746878 0.664719
1718924355.460900784 0.521813 -6.003206 0.074462 -0.009701 -0.015035 -0.746802 0.664806
1718924355.465896845 0.521629 -6.004498 0.074560 -0.009716 -0.014974 -0.746716 0.664903
1718924355.470889807 0.521447 -6.005786 0.074659 -0.009734 -0.014919 -0.746624 0.665007
1718924355.475900888 0.521269 -6.007079 0.074752 -0.009747 -0.014879 -0.746525 0.665120
1718924355.480893135 0.521094 -6.008366 0.074832 -0.009757 -0.014835 -0.746435 0.665222
1718924355.485884190 0.520922 -6.009650 0.074899 -0.009767 -0.014773 -0.746346 0.665322
1718924355.490886927 0.520752 -6.010936 0.074954 -0.009773 -0.014710 -0.746263 0.665417
1718924355.495879889 0.520585 -6.012220 0.075000 -0.009782 -0.014649 -0.746180 0.665511
1718924355.499986172 0.520450 -6.013277 0.075034 -0.009791 -0.014609 -0.746120 0.665580
1718924355.499986172 0.520450 -6.013277 0.075034 -0.009791 -0.014609 -0.746120 0.665580
1718924355.500929832 0.520419 -6.013520 0.075042 -0.009793 -0.014600 -0.746105 0.665596
1718924355.505934000 0.520257 -6.014810 0.075087 -0.009811 -0.014563 -0.746045 0.665664
1718924355.510927200 0.520095 -6.016097 0.075134 -0.009834 -0.014544 -0.745997 0.665717
1718924355.555894613 0.518585 -6.027760 0.075351 -0.010042 -0.014265 -0.746384 0.665287
1718924355.560911417 0.518407 -6.029067 0.075347 -0.010061 -0.014236 -0.746417 0.665250
1718924355.565916061 0.518229 -6.030373 0.075342 -0.010077 -0.014210 -0.746448 0.665215
1718924355.570894480 0.518051 -6.031674 0.075336 -0.010102 -0.014180 -0.746482 0.665177
1718924355.575890064 0.517873 -6.032981 0.075331 -0.010131 -0.014154 -0.746517 0.665138
1718924355.580900431 0.517693 -6.034296 0.075327 -0.010149 -0.014129 -0.746550 0.665102
1718924355.585926294 0.517513 -6.035618 0.075325 -0.010152 -0.014106 -0.746586 0.665062
1718924355.590894461 0.517334 -6.036929 0.075325 -0.010143 -0.014088 -0.746618 0.665027
1718924355.595881939 0.517155 -6.038247 0.075328 -0.010126 -0.014069 -0.746635 0.665008
1718924355.599990129 0.517006 -6.039336 0.075333 -0.010112 -0.014054 -0.746643 0.665000
1718924355.599990129 0.517006 -6.039336 0.075333 -0.010112 -0.014054 -0.746643 0.665000
1718924355.600893259 0.516974 -6.039576 0.075335 -0.010109 -0.014051 -0.746645 0.664998
1718924355.605888605 0.516795 -6.040902 0.075352 -0.010096 -0.014030 -0.746646 0.664997
1718924355.610893965 0.516614 -6.042234 0.075373 -0.010092 -0.014006 -0.746630 0.665016
1718924355.615901232 0.516432 -6.043569 0.075395 -0.010099 -0.013976 -0.746603 0.665046
1718924355.620898485 0.516250 -6.044903 0.075418 -0.010117 -0.013951 -0.746575 0.665078
1718924355.625953197 0.516066 -6.046254 0.075438 -0.010122 -0.013936 -0.746538 0.665120
1718924355.630960464 0.515881 -6.047595 0.075455 -0.010119 -0.013934 -0.746494 0.665170
1718924355.635954618 0.515696 -6.048934 0.075467 -0.010111 -0.013942 -0.746447 0.665222
1718924355.640891790 0.515512 -6.050260 0.075475 -0.010102 -0.013949 -0.746395 0.665280
1718924355.645931482 0.515322 -6.051614 0.075482 -0.010091 -0.013952 -0.746339 0.665344
1718924355.650934219 0.515131 -6.052960 0.075487 -0.010079 -0.013955 -0.746283 0.665406
1718924355.655901432 0.514939 -6.054298 0.075493 -0.010072 -0.013961 -0.746231 0.665465
1718924355.660901070 0.514741 -6.055645 0.075501 -0.010070 -0.013969 -0.746184 0.665517
1718924355.665911436 0.514538 -6.056993 0.075513 -0.010070 -0.013980 -0.746144 0.665562
1718924355.670903444 0.514332 -6.058333 0.075529 -0.010068 -0.014001 -0.746110 0.665599
1718924355.675900936 0.514121 -6.059672 0.075548 -0.010063 -0.014023 -0.746091 0.665621
1718924355.680916786 0.513906 -6.061012 0.075568 -0.010053 -0.014037 -0.746085 0.665627
1718924355.685945511 0.513684 -6.062354 0.075585 -0.010043 -0.014051 -0.746085 0.665626
1718924355.690935135 0.513459 -6.063683 0.075598 -0.010031 -0.014064 -0.746089 0.665622
1718924355.695936680 0.513228 -6.065012 0.075603 -0.010022 -0.014073 -0.746100 0.665609
1718924355.699970007 0.513039 -6.066082 0.075601 -0.010019 -0.014071 -0.746123 0.665584
1718924355.699970007 0.513039 -6.066082 0.075601 -0.010019 -0.014071 -0.746123 0.665584
1718924355.700893879 0.512995 -6.066327 0.075601 -0.010018 -0.014070 -0.746128 0.665578
1718924355.705881357 0.512756 -6.067649 0.075595 -0.010022 -0.014073 -0.746160 0.665543
1718924355.710886240 0.512512 -6.068975 0.075586 -0.010025 -0.014077 -0.746198 0.665500
1718924355.715890408 0.512264 -6.070299 0.075576 -0.010027 -0.014089 -0.746243 0.665449
1718924355.765901327 0.509998 -6.083577 0.075374 -0.009962 -0.014065 -0.746410 0.665263
1718924355.770940542 0.509794 -6.084917 0.075335 -0.009960 -0.014068 -0.746409 0.665264
1718924355.775897264 0.509597 -6.086237 0.075293 -0.009954 -0.014078 -0.746390 0.665285
1718924355.781012774 0.509399 -6.087599 0.075248 -0.009941 -0.014081 -0.746365 0.665313
1718924355.785889626 0.509214 -6.088898 0.075204 -0.009920 -0.014075 -0.746345 0.665336
1718924355.790895462 0.509028 -6.090233 0.075160 -0.009905 -0.014072 -0.746312 0.665373
1718924355.795891285 0.508846 -6.091566 0.075120 -0.009896 -0.014071 -0.746267 0.665424
1718924355.799991131 0.508700 -6.092660 0.075092 -0.009898 -0.014075 -0.746230 0.665466
1718924355.799991131 0.508700 -6.092660 0.075092 -0.009898 -0.014075 -0.746230 0.665466
1718924355.800906181 0.508668 -6.092903 0.075088 -0.009899 -0.014076 -0.746222 0.665474
1718924355.805883408 0.508495 -6.094226 0.075068 -0.009909 -0.014086 -0.746179 0.665523
1718924355.810928345 0.508324 -6.095564 0.075054 -0.009918 -0.014109 -0.746134 0.665573
1718924355.815907717 0.508159 -6.096882 0.075042 -0.009929 -0.014128 -0.746090 0.665621
1718924355.820945263 0.507995 -6.098211 0.075031 -0.009940 -0.014146 -0.746045 0.665671
1718924355.825910568 0.507835 -6.099519 0.075017 -0.009948 -0.014154 -0.745997 0.665725
1718924355.830893040 0.507678 -6.100829 0.074998 -0.009953 -0.014150 -0.745944 0.665784
1718924355.835897684 0.507521 -6.102144 0.074975 -0.009955 -0.014139 -0.745907 0.665825
1718924355.840899229 0.507366 -6.103459 0.074948 -0.009957 -0.014130 -0.745875 0.665862
1718924355.845890999 0.507213 -6.104773 0.074918 -0.009965 -0.014112 -0.745840 0.665901
1718924355.850909472 0.507061 -6.106096 0.074884 -0.009982 -0.014085 -0.745810 0.665935
1718924355.855908632 0.506910 -6.107414 0.074849 -0.010000 -0.014064 -0.745785 0.665963
1718924355.860895634 0.506760 -6.108728 0.074812 -0.010019 -0.014056 -0.745773 0.665976
1718924355.865925074 0.506608 -6.110052 0.074774 -0.010036 -0.014051 -0.745775 0.665975
1718924355.870902061 0.506458 -6.111361 0.074738 -0.010051 -0.014049 -0.745777 0.665972
1718924355.875916004 0.506306 -6.112677 0.074703 -0.010057 -0.014058 -0.745777 0.665971
1718924355.880898714 0.506155 -6.113983 0.074670 -0.010061 -0.014064 -0.745782 0.665965
1718924355.885898829 0.506001 -6.115291 0.074637 -0.010060 -0.014062 -0.745794 0.665952
1718924355.890892029 0.505845 -6.116597 0.074603 -0.010056 -0.014055 -0.745807 0.665938
1718924355.895885706 0.505688 -6.117905 0.074569 -0.010058 -0.014049 -0.745814 0.665930
1718924355.900014877 0.505557 -6.118987 0.074540 -0.010060 -0.014039 -0.745821 0.665922
1718924355.900014877 0.505557 -6.118987 0.074540 -0.010060 -0.014039 -0.745821 0.665922
1718924355.900901079 0.505529 -6.119220 0.074534 -0.010060 -0.014037 -0.745822 0.665921
1718924355.905921221 0.505369 -6.120537 0.074497 -0.010055 -0.014027 -0.745832 0.665910
1718924355.910925150 0.505208 -6.121853 0.074458 -0.010057 -0.014020 -0.745841 0.665900
1718924355.965944052 0.503506 -6.136130 0.073870 -0.009782 -0.013758 -0.745851 0.665899
1718924355.970957994 0.503334 -6.137429 0.073804 -0.009765 -0.013740 -0.745850 0.665901
1718924355.975949049 0.503163 -6.138721 0.073733 -0.009747 -0.013730 -0.745848 0.665904
1718924355.980953932 0.502990 -6.140016 0.073655 -0.009743 -0.013718 -0.745847 0.665905
1718924355.985941172 0.502818 -6.141306 0.073572 -0.009745 -0.013705 -0.745848 0.665904
1718924355.990882635 0.502648 -6.142585 0.073484 -0.009755 -0.013691 -0.745859 0.665891
1718924355.995887518 0.502475 -6.143881 0.073391 -0.009757 -0.013688 -0.745877 0.665872
1718924356.000892639 0.502303 -6.145177 0.073296 -0.009749 -0.013691 -0.745897 0.665850
1718924356.005877495 0.502133 -6.146468 0.073203 -0.009738 -0.013683 -0.745913 0.665831
1718924356.010886669 0.501964 -6.147763 0.073113 -0.009728 -0.013676 -0.745933 0.665810
1718924356.015902042 0.501796 -6.149061 0.073027 -0.009717 -0.013678 -0.745954 0.665786
1718924356.020911694 0.501630 -6.150357 0.072945 -0.009707 -0.013685 -0.745974 0.665764
1718924356.025895834 0.501466 -6.151646 0.072865 -0.009693 -0.013688 -0.745991 0.665744
1718924356.030900240 0.501302 -6.152941 0.072783 -0.009680 -0.013676 -0.746005 0.665729
1718924356.035898447 0.501138 -6.154237 0.072697 -0.009669 -0.013669 -0.746012 0.665723
1718924356.040898085 0.500976 -6.155536 0.072605 -0.009650 -0.013665 -0.746016 0.665718
1718924356.045898676 0.500813 -6.156836 0.072505 -0.009630 -0.013666 -0.746015 0.665719
1718924356.050930500 0.500650 -6.158147 0.072396 -0.009607 -0.013663 -0.746010 0.665725
1718924356.055924177 0.500487 -6.159450 0.072282 -0.009579 -0.013655 -0.746012 0.665724
1718924356.060930729 0.500321 -6.160758 0.072165 -0.009554 -0.013654 -0.746014 0.665722
1718924356.065934658 0.500153 -6.162069 0.072046 -0.009522 -0.013667 -0.746011 0.665726
1718924356.070931673 0.499982 -6.163379 0.071929 -0.009497 -0.013688 -0.746010 0.665726
1718924356.075935125 0.499806 -6.164691 0.071816 -0.009473 -0.013706 -0.746011 0.665725
1718924356.080931187 0.499627 -6.166002 0.071711 -0.009457 -0.013728 -0.746012 0.665723
1718924356.085933208 0.499444 -6.167313 0.071614 -0.009445 -0.013756 -0.746011 0.665725
1718924356.090921164 0.499257 -6.168620 0.071525 -0.009429 -0.013782 -0.746015 0.665720
1718924356.095934153 0.499064 -6.169932 0.071442 -0.009414 -0.013796 -0.746016 0.665719
1718924356.099987984 0.498905 -6.170991 0.071378 -0.009404 -0.013799 -0.746013 0.665721
1718924356.099987984 0.498905 -6.170991 0.071378 -0.009404 -0.013799 -0.746013 0.665721
1718924356.100888729 0.498869 -6.171226 0.071366 -0.009402 -0.013800 -0.746013 0.665722
1718924356.105879307 0.498666 -6.172530 0.071300 -0.009386 -0.013800 -0.746011 0.665724
1718924356.110922098 0.498458 -6.173847 0.071229 -0.009368 -0.013791 -0.746015 0.665721
1718924356.115952253 0.498246 -6.175160 0.071152 -0.009341 -0.013784 -0.746021 0.665714
1718924356.199988127 0.495027 -6.197045 0.071000 -0.008977 -0.013864 -0.745480 0.666324
1718924356.199988127 0.495027 -6.197045 0.071000 -0.008977 -0.013864 -0.745480 0.666324
1718924356.205880880 0.494840 -6.198575 0.071067 -0.008955 -0.013871 -0.745438 0.666370
1718924356.210883856 0.494681 -6.199875 0.071134 -0.008935 -0.013879 -0.745406 0.666407
1718924356.215909243 0.494522 -6.201179 0.071207 -0.008915 -0.013889 -0.745378 0.666438
1718924356.220902443 0.494367 -6.202473 0.071281 -0.008892 -0.013912 -0.745350 0.666469
1718924356.225889444 0.494213 -6.203762 0.071353 -0.008867 -0.013941 -0.745322 0.666500
1718924356.230964899 0.494058 -6.205071 0.071419 -0.008847 -0.013954 -0.745294 0.666531
1718924356.235902548 0.493908 -6.206344 0.071479 -0.008834 -0.013950 -0.745266 0.666562
1718924356.240932703 0.493755 -6.207641 0.071535 -0.008826 -0.013940 -0.745247 0.666584
1718924356.245897532 0.493606 -6.208921 0.071588 -0.008821 -0.013910 -0.745237 0.666596
1718924356.250901699 0.493456 -6.210213 0.071640 -0.008819 -0.013874 -0.745238 0.666596
1718924356.255899668 0.493308 -6.211506 0.071692 -0.008822 -0.013838 -0.745245 0.666589
1718924356.260942459 0.493161 -6.212814 0.071744 -0.008829 -0.013801 -0.745253 0.666580
1718924356.265883923 0.493020 -6.214097 0.071795 -0.008838 -0.013762 -0.745269 0.666563
1718924356.270947695 0.492879 -6.215412 0.071847 -0.008846 -0.013717 -0.745286 0.666545
1718924356.275903463 0.492744 -6.216698 0.071899 -0.008854 -0.013681 -0.745306 0.666523
1718924356.280947924 0.492611 -6.218007 0.071955 -0.008865 -0.013654 -0.745333 0.666494
1718924356.285899639 0.492483 -6.219293 0.072014 -0.008869 -0.013626 -0.745358 0.666466
1718924356.290945530 0.492358 -6.220604 0.072079 -0.008871 -0.013595 -0.745385 0.666437
1718924356.295895815 0.492238 -6.221890 0.072145 -0.008875 -0.013558 -0.745411 0.666408
1718924356.299978018 0.492140 -6.222953 0.072201 -0.008880 -0.013528 -0.745428 0.666390
1718924356.299978018 0.492140 -6.222953 0.072201 -0.008880 -0.013528 -0.745428 0.666390
1718924356.300939798 0.492114 -6.223206 0.072218 -0.008882 -0.013522 -0.745431 0.666386
1718924356.305895805 0.491987 -6.224509 0.072302 -0.008894 -0.013483 -0.745444 0.666372
1718924356.310940266 0.491862 -6.225838 0.072385 -0.008906 -0.013443 -0.745450 0.666366
1718924356.325913668 0.491521 -6.229790 0.072616 -0.008856 -0.013377 -0.745454 0.666364
1718924356.330901623 0.491405 -6.231111 0.072689 -0.008840 -0.013373 -0.745452 0.666367
1718924356.335952520 0.491289 -6.232450 0.072762 -0.008825 -0.013374 -0.745448 0.666371
1718924356.340900660 0.491174 -6.233762 0.072834 -0.008807 -0.013372 -0.745451 0.666369
1718924356.345898628 0.491057 -6.235086 0.072910 -0.008792 -0.013373 -0.745450 0.666370
1718924356.350889683 0.490937 -6.236408 0.072990 -0.008784 -0.013379 -0.745446 0.666374
1718924356.355894566 0.490813 -6.237732 0.073076 -0.008791 -0.013381 -0.745435 0.666386
1718924356.360897303 0.490684 -6.239053 0.073165 -0.008801 -0.013381 -0.745430 0.666392
1718924356.365907431 0.490551 -6.240372 0.073256 -0.008807 -0.013370 -0.745429 0.666393
1718924356.370902300 0.490414 -6.241684 0.073348 -0.008809 -0.013359 -0.745422 0.666401
1718924356.375928879 0.490270 -6.243002 0.073437 -0.008793 -0.013347 -0.745418 0.666405
1718924356.380914688 0.490122 -6.244308 0.073523 -0.008772 -0.013327 -0.745417 0.666407
1718924356.385894775 0.489968 -6.245613 0.073604 -0.008754 -0.013303 -0.745419 0.666406
1718924356.390896797 0.489809 -6.246926 0.073681 -0.008744 -0.013281 -0.745418 0.666408
1718924356.395891428 0.489645 -6.248239 0.073753 -0.008727 -0.013265 -0.745418 0.666408
1718924356.399986029 0.489505 -6.249318 0.073810 -0.008709 -0.013258 -0.745423 0.666403
1718924356.399986029 0.489505 -6.249318 0.073810 -0.008709 -0.013258 -0.745423 0.666403
1718924356.400896788 0.489473 -6.249558 0.073823 -0.008706 -0.013258 -0.745424 0.666402
1718924356.405892611 0.489295 -6.250876 0.073895 -0.008685 -0.013263 -0.745434 0.666391
1718924356.410890579 0.489112 -6.252196 0.073963 -0.008656 -0.013272 -0.745450 0.666374
1718924356.415918827 0.488922 -6.253523 0.074032 -0.008622 -0.013287 -0.745475 0.666345
1718924356.465899467 0.487120 -6.266744 0.074549 -0.008031 -0.013271 -0.745500 0.666325
1718924356.470896959 0.486944 -6.268070 0.074578 -0.007974 -0.013273 -0.745503 0.666322
1718924356.475903273 0.486769 -6.269400 0.074609 -0.007923 -0.013279 -0.745499 0.666328
1718924356.480899811 0.486596 -6.270729 0.074645 -0.007874 -0.013290 -0.745489 0.666339
1718924356.499985933 0.485953 -6.275784 0.074791 -0.007805 -0.013348 -0.745453 0.666379
1718924356.499985933 0.485953 -6.275784 0.074791 -0.007805 -0.013348 -0.745453 0.666379
1718924356.500897884 0.485923 -6.276025 0.074798 -0.007802 -0.013351 -0.745452 0.666380
1718924356.505891085 0.485758 -6.277338 0.074838 -0.007779 -0.013360 -0.745447 0.666386
1718924356.510896921 0.485594 -6.278653 0.074871 -0.007760 -0.013363 -0.745437 0.666397
1718924356.515902758 0.485432 -6.279966 0.074897 -0.007740 -0.013359 -0.745419 0.666417
1718924356.520922899 0.485272 -6.281281 0.074919 -0.007727 -0.013354 -0.745397 0.666442
1718924356.525925875 0.485113 -6.282593 0.074939 -0.007714 -0.013345 -0.745382 0.666460
1718924356.530904770 0.484957 -6.283900 0.074959 -0.007698 -0.013341 -0.745369 0.666475
1718924356.535895348 0.484803 -6.285213 0.074979 -0.007685 -0.013340 -0.745352 0.666494
1718924356.540924311 0.484649 -6.286537 0.074998 -0.007670 -0.013340 -0.745345 0.666501
1718924356.545902014 0.484499 -6.287848 0.075016 -0.007649 -0.013338 -0.745343 0.666503
1718924356.550901175 0.484351 -6.289164 0.075033 -0.007621 -0.013334 -0.745349 0.666498
1718924356.555945635 0.484203 -6.290492 0.075048 -0.007599 -0.013331 -0.745356 0.666490
1718924356.560918093 0.484059 -6.291802 0.075063 -0.007587 -0.013332 -0.745361 0.666484
1718924356.565905571 0.483916 -6.293116 0.075079 -0.007581 -0.013337 -0.745365 0.666480
1718924356.570901394 0.483776 -6.294432 0.075096 -0.007580 -0.013337 -0.745374 0.666470
1718924356.575906754 0.483637 -6.295750 0.075115 -0.007582 -0.013326 -0.745383 0.666460
1718924356.580915928 0.483500 -6.297071 0.075135 -0.007585 -0.013297 -0.745385 0.666458
1718924356.585901022 0.483366 -6.298387 0.075155 -0.007583 -0.013262 -0.745389 0.666455
1718924356.590898752 0.483236 -6.299709 0.075175 -0.007573 -0.013221 -0.745400 0.666443
1718924356.595903397 0.483109 -6.301034 0.075193 -0.007564 -0.013179 -0.745413 0.666430
1718924356.599982977 0.483008 -6.302117 0.075204 -0.007558 -0.013153 -0.745418 0.666425
1718924356.599982977 0.483008 -6.302117 0.075204 -0.007558 -0.013153 -0.745418 0.666425
1718924356.600898981 0.482986 -6.302360 0.075207 -0.007557 -0.013148 -0.745419 0.666424
1718924356.605903149 0.482866 -6.303692 0.075219 -0.007547 -0.013132 -0.745418 0.666425
1718924356.610911369 0.482748 -6.305026 0.075228 -0.007531 -0.013129 -0.745408 0.666437
1718924356.615899563 0.482633 -6.306356 0.075237 -0.007516 -0.013130 -0.745401 0.666444
1718924356.665909767 0.481309 -6.319643 0.075029 -0.007278 -0.012982 -0.745181 0.666696
1718924356.670908451 0.481153 -6.320969 0.074968 -0.007256 -0.012977 -0.745156 0.666724
1718924356.675940037 0.480993 -6.322303 0.074902 -0.007236 -0.012969 -0.745135 0.666748
1718924356.680961132 0.480829 -6.323634 0.074832 -0.007213 -0.012964 -0.745125 0.666760
1718924356.685939312 0.480660 -6.324953 0.074763 -0.007189 -0.012965 -0.745117 0.666769
1718924356.690933466 0.480486 -6.326274 0.074698 -0.007167 -0.012963 -0.745112 0.666775
1718924356.695907354 0.480307 -6.327589 0.074639 -0.007145 -0.012964 -0.745106 0.666781
1718924356.699904203 0.480160 -6.328644 0.074597 -0.007132 -0.012967 -0.745102 0.666787
1718924356.699904203 0.480160 -6.328644 0.074597 -0.007132 -0.012967 -0.745102 0.666787
1718924356.700935125 0.480122 -6.328916 0.074586 -0.007128 -0.012968 -0.745100 0.666788
1718924356.705901861 0.479939 -6.330221 0.074536 -0.007111 -0.012966 -0.745098 0.666791
1718924356.710922718 0.479748 -6.331539 0.074486 -0.007099 -0.012963 -0.745093 0.666797
1718924356.715942621 0.479553 -6.332856 0.074434 -0.007079 -0.012960 -0.745090 0.666801
1718924356.720964670 0.479354 -6.334174 0.074375 -0.007054 -0.012952 -0.745088 0.666803
1718924356.725912809 0.479154 -6.335474 0.074308 -0.007033 -0.012941 -0.745091 0.666800
1718924356.730913877 0.478949 -6.336790 0.074231 -0.007004 -0.012931 -0.745095 0.666796
1718924356.735963345 0.478739 -6.338121 0.074144 -0.006972 -0.012929 -0.745096 0.666795
1718924356.740945578 0.478529 -6.339438 0.074055 -0.006942 -0.012930 -0.745103 0.666788
1718924356.745971918 0.478315 -6.340770 0.073964 -0.006916 -0.012938 -0.745115 0.666774
1718924356.750957489 0.478102 -6.342094 0.073878 -0.006889 -0.012954 -0.745127 0.666761
1718924356.755895853 0.477888 -6.343409 0.073800 -0.006864 -0.012969 -0.745137 0.666750
1718924356.760948181 0.477667 -6.344754 0.073729 -0.006839 -0.012984 -0.745138 0.666748
1718924356.765912771 0.477449 -6.346074 0.073667 -0.006807 -0.013005 -0.745142 0.666745
1718924356.770952702 0.477227 -6.347413 0.073610 -0.006772 -0.013023 -0.745152 0.666733
1718924356.775902033 0.477008 -6.348727 0.073558 -0.006736 -0.013034 -0.745157 0.666728
1718924356.780921221 0.476787 -6.350059 0.073505 -0.006710 -0.013047 -0.745158 0.666726
1718924356.785939932 0.476566 -6.351391 0.073450 -0.006683 -0.013054 -0.745153 0.666733
1718924356.790941954 0.476346 -6.352720 0.073392 -0.006656 -0.013052 -0.745151 0.666735
1718924356.795917749 0.476128 -6.354044 0.073331 -0.006630 -0.013056 -0.745144 0.666742
1718924356.799986124 0.475950 -6.355129 0.073280 -0.006615 -0.013056 -0.745139 0.666748
1718924356.799986124 0.475950 -6.355129 0.073280 -0.006615 -0.013056 -0.745139 0.666748
1718924356.800895929 0.475909 -6.355373 0.073270 -0.006612 -0.013057 -0.745138 0.666750
1718924356.805938721 0.475688 -6.356727 0.073215 -0.006598 -0.013051 -0.745139 0.666748
1718924356.810895681 0.475471 -6.358059 0.073161 -0.006579 -0.013040 -0.745143 0.666744
1718924356.830904961 0.474670 -6.363408 0.072972 -0.006571 -0.012982 -0.745147 0.666742
1718924356.835911989 0.474477 -6.364738 0.072940 -0.006572 -0.012969 -0.745148 0.666740
1718924356.840905905 0.474292 -6.366061 0.072909 -0.006576 -0.012955 -0.745149 0.666740
1718924356.845918179 0.474114 -6.367386 0.072875 -0.006583 -0.012943 -0.745146 0.666743
1718924356.850903988 0.473945 -6.368702 0.072836 -0.006588 -0.012934 -0.745143 0.666747
1718924356.855938673 0.473782 -6.370032 0.072791 -0.006603 -0.012912 -0.745138 0.666753
1718924356.860939980 0.473628 -6.371354 0.072741 -0.006617 -0.012880 -0.745133 0.666759
1718924356.865903378 0.473482 -6.372667 0.072687 -0.006631 -0.012849 -0.745121 0.666773
1718924356.870941877 0.473341 -6.374002 0.072630 -0.006643 -0.012828 -0.745106 0.666790
1718924356.875902176 0.473209 -6.375317 0.072573 -0.006651 -0.012817 -0.745090 0.666808
1718924356.880945444 0.473080 -6.376657 0.072516 -0.006664 -0.012806 -0.745075 0.666824
1718924356.885938883 0.472955 -6.377982 0.072462 -0.006673 -0.012799 -0.745061 0.666841
1718924356.890945196 0.472834 -6.379310 0.072412 -0.006676 -0.012798 -0.745040 0.666864
1718924356.895900011 0.472717 -6.380623 0.072365 -0.006678 -0.012798 -0.745018 0.666888
1718924356.900013208 0.472620 -6.381713 0.072329 -0.006686 -0.012799 -0.744994 0.666915
1718924356.900013208 0.472620 -6.381713 0.072329 -0.006686 -0.012799 -0.744994 0.666915
1718924356.900944710 0.472598 -6.381960 0.072322 -0.006689 -0.012800 -0.744989 0.666921
1718924356.905938148 0.472478 -6.383283 0.072287 -0.006697 -0.012805 -0.744961 0.666952
1718924356.910905361 0.472357 -6.384598 0.072251 -0.006705 -0.012809 -0.744932 0.666984
1718924356.915925264 0.472231 -6.385925 0.072211 -0.006712 -0.012813 -0.744891 0.667030
1718924356.920953989 0.472102 -6.387253 0.072167 -0.006713 -0.012826 -0.744854 0.667070
1718924356.925937653 0.471967 -6.388571 0.072118 -0.006723 -0.012834 -0.744817 0.667111
1718924356.930908442 0.471827 -6.389886 0.072067 -0.006738 -0.012828 -0.744780 0.667152
1718924356.935909033 0.471680 -6.391209 0.072013 -0.006751 -0.012814 -0.744752 0.667184
1718924356.940901279 0.471526 -6.392530 0.071959 -0.006752 -0.012791 -0.744727 0.667213
1718924356.945947170 0.471365 -6.393867 0.071905 -0.006761 -0.012765 -0.744697 0.667246
1718924356.950955629 0.471197 -6.395196 0.071851 -0.006770 -0.012744 -0.744672 0.667274
1718924356.955919266 0.471024 -6.396513 0.071798 -0.006770 -0.012727 -0.744654 0.667294
1718924356.960907459 0.470844 -6.397837 0.071747 -0.006763 -0.012718 -0.744641 0.667310
1718924356.965928555 0.470657 -6.399169 0.071697 -0.006756 -0.012709 -0.744625 0.667328
1718924356.970922709 0.470464 -6.400494 0.071650 -0.006751 -0.012699 -0.744604 0.667351
1718924356.975945950 0.470265 -6.401827 0.071605 -0.006748 -0.012684 -0.744581 0.667378
1718924356.980939627 0.470061 -6.403151 0.071562 -0.006749 -0.012662 -0.744562 0.667399
1718924356.985896826 0.469852 -6.404467 0.071520 -0.006755 -0.012638 -0.744547 0.667416
1718924356.990946293 0.469636 -6.405806 0.071478 -0.006760 -0.012612 -0.744532 0.667434
1718924356.995899200 0.469421 -6.407120 0.071437 -0.006766 -0.012581 -0.744506 0.667463
1718924357.000941038 0.469200 -6.408458 0.071395 -0.006778 -0.012549 -0.744468 0.667506
1718924357.005898476 0.468979 -6.409773 0.071353 -0.006784 -0.012515 -0.744425 0.667554
1718924357.010902166 0.468755 -6.411101 0.071309 -0.006781 -0.012480 -0.744372 0.667614
1718924357.066002131 0.466322 -6.425805 0.070592 -0.006789 -0.012384 -0.743574 0.668504
1718924357.070900440 0.466109 -6.427119 0.070491 -0.006789 -0.012371 -0.743510 0.668576
1718924357.075894833 0.465894 -6.428460 0.070381 -0.006792 -0.012364 -0.743457 0.668635
1718924357.080937624 0.465680 -6.429814 0.070262 -0.006789 -0.012352 -0.743421 0.668675
1718924357.085895538 0.465472 -6.431147 0.070139 -0.006783 -0.012345 -0.743395 0.668704
1718924357.090900898 0.465265 -6.432493 0.070011 -0.006771 -0.012343 -0.743380 0.668722
1718924357.095895767 0.465062 -6.433838 0.069882 -0.006751 -0.012346 -0.743376 0.668726
1718924357.100006342 0.464898 -6.434947 0.069777 -0.006731 -0.012350 -0.743382 0.668720
1718924357.100006342 0.464898 -6.434947 0.069777 -0.006731 -0.012350 -0.743382 0.668720
1718924357.100903988 0.464863 -6.435189 0.069756 -0.006727 -0.012351 -0.743383 0.668718
1718924357.105897665 0.464666 -6.436538 0.069639 -0.006700 -0.012356 -0.743398 0.668702
1718924357.110941887 0.464471 -6.437902 0.069529 -0.006680 -0.012354 -0.743417 0.668680
1718924357.115909100 0.464282 -6.439247 0.069427 -0.006672 -0.012343 -0.743444 0.668651
1718924357.120908022 0.464097 -6.440602 0.069327 -0.006666 -0.012335 -0.743473 0.668619
1718924357.125917673 0.463917 -6.441960 0.069227 -0.006663 -0.012331 -0.743497 0.668593
1718924357.130925417 0.463742 -6.443317 0.069125 -0.006673 -0.012321 -0.743520 0.668567
1718924357.135900497 0.463573 -6.444668 0.069018 -0.006678 -0.012306 -0.743543 0.668541
1718924357.140966654 0.463407 -6.446047 0.068903 -0.006678 -0.012296 -0.743557 0.668526
1718924357.145953417 0.463249 -6.447409 0.068785 -0.006667 -0.012287 -0.743562 0.668521
1718924357.150906563 0.463095 -6.448767 0.068667 -0.006650 -0.012273 -0.743565 0.668518
1718924357.155906439 0.462942 -6.450141 0.068551 -0.006642 -0.012256 -0.743562 0.668521
1718924357.160901785 0.462792 -6.451518 0.068441 -0.006651 -0.012235 -0.743551 0.668534
1718924357.165919781 0.462644 -6.452904 0.068338 -0.006669 -0.012216 -0.743533 0.668554
1718924357.170901537 0.462500 -6.454280 0.068243 -0.006679 -0.012214 -0.743510 0.668580
1718924357.175902605 0.462357 -6.455659 0.068154 -0.006686 -0.012218 -0.743479 0.668614
1718924357.180901289 0.462215 -6.457034 0.068066 -0.006698 -0.012221 -0.743442 0.668655
1718924357.185894489 0.462074 -6.458403 0.067978 -0.006703 -0.012215 -0.743405 0.668696
1718924357.190897942 0.461934 -6.459773 0.067887 -0.006709 -0.012206 -0.743359 0.668748
1718924357.195895433 0.461793 -6.461139 0.067793 -0.006717 -0.012195 -0.743302 0.668811
1718924357.200899363 0.461650 -6.462504 0.067694 -0.006724 -0.012176 -0.743241 0.668879
1718924357.205896854 0.461505 -6.463868 0.067594 -0.006738 -0.012137 -0.743177 0.668951
1718924357.210900784 0.461358 -6.465234 0.067493 -0.006762 -0.012085 -0.743109 0.669027
1718924357.260946751 0.459872 -6.478808 0.066661 -0.007019 -0.011434 -0.743055 0.669096
1718924357.265950441 0.459722 -6.480159 0.066586 -0.007035 -0.011371 -0.743053 0.669099
1718924357.270899773 0.459575 -6.481496 0.066514 -0.007046 -0.011306 -0.743053 0.669100
1718924357.275945902 0.459427 -6.482861 0.066440 -0.007056 -0.011234 -0.743061 0.669092
1718924357.280905247 0.459283 -6.484204 0.066366 -0.007068 -0.011161 -0.743077 0.669076
1718924357.285902262 0.459142 -6.485558 0.066288 -0.007083 -0.011101 -0.743104 0.669046
1718924357.290899754 0.459005 -6.486913 0.066203 -0.007096 -0.011070 -0.743126 0.669022
1718924357.295897007 0.458870 -6.488273 0.066112 -0.007115 -0.011061 -0.743141 0.669005
1718924357.300016165 0.458760 -6.489397 0.066032 -0.007133 -0.011064 -0.743153 0.668992
1718924357.300016165 0.458760 -6.489397 0.066032 -0.007133 -0.011064 -0.743153 0.668992
1718924357.300900459 0.458736 -6.489637 0.066016 -0.007137 -0.011065 -0.743155 0.668989
1718924357.305894852 0.458597 -6.490986 0.065928 -0.007167 -0.011076 -0.743164 0.668980
1718924357.310940504 0.458457 -6.492352 0.065840 -0.007197 -0.011089 -0.743171 0.668971
1718924357.315912724 0.458321 -6.493699 0.065757 -0.007221 -0.011087 -0.743176 0.668966
1718924357.320917606 0.458183 -6.495055 0.065681 -0.007244 -0.011062 -0.743178 0.668963
1718924357.325995922 0.458043 -6.496431 0.065612 -0.007266 -0.011024 -0.743178 0.668964
1718924357.330957890 0.457905 -6.497776 0.065552 -0.007285 -0.010994 -0.743167 0.668976
1718924357.335904837 0.457766 -6.499118 0.065498 -0.007300 -0.010977 -0.743144 0.669001
1718924357.340910435 0.457626 -6.500474 0.065445 -0.007324 -0.010962 -0.743125 0.669023
1718924357.345908403 0.457484 -6.501826 0.065392 -0.007353 -0.010946 -0.743103 0.669047
1718924357.350902081 0.457341 -6.503173 0.065336 -0.007387 -0.010929 -0.743082 0.669071
1718924357.355901718 0.457197 -6.504521 0.065274 -0.007422 -0.010911 -0.743057 0.669098
1718924357.360924006 0.457051 -6.505873 0.065206 -0.007452 -0.010900 -0.743031 0.669126
1718924357.365924597 0.456904 -6.507219 0.065133 -0.007480 -0.010887 -0.743001 0.669160
1718924357.370941877 0.456754 -6.508569 0.065058 -0.007503 -0.010868 -0.742979 0.669184
1718924357.375898123 0.456605 -6.509903 0.064985 -0.007528 -0.010861 -0.742954 0.669212
1718924357.380903959 0.456453 -6.511251 0.064913 -0.007547 -0.010861 -0.742925 0.669244
1718924357.385895491 0.456301 -6.512596 0.064846 -0.007574 -0.010850 -0.742891 0.669282
1718924357.390899658 0.456148 -6.513943 0.064783 -0.007604 -0.010834 -0.742864 0.669312
1718924357.395895958 0.455996 -6.515287 0.064721 -0.007630 -0.010823 -0.742841 0.669337
1718924357.399989843 0.455872 -6.516388 0.064668 -0.007645 -0.010815 -0.742822 0.669359
1718924357.399989843 0.455872 -6.516388 0.064668 -0.007645 -0.010815 -0.742822 0.669359
1718924357.400901079 0.455846 -6.516636 0.064655 -0.007647 -0.010813 -0.742817 0.669363
1718924357.405886412 0.455704 -6.517992 0.064580 -0.007659 -0.010804 -0.742792 0.669391
1718924357.410892010 0.455562 -6.519354 0.064501 -0.007666 -0.010794 -0.742774 0.669411
1718924357.455905914 0.454186 -6.531584 0.063920 -0.007862 -0.010925 -0.742733 0.669453
1718924357.460900545 0.454017 -6.532943 0.063883 -0.007870 -0.010934 -0.742731 0.669454
1718924357.465909958 0.453845 -6.534305 0.063851 -0.007872 -0.010938 -0.742733 0.669452
1718924357.470899105 0.453671 -6.535660 0.063822 -0.007865 -0.010921 -0.742736 0.669449
1718924357.475900650 0.453493 -6.537018 0.063796 -0.007852 -0.010893 -0.742738 0.669447
1718924357.480894566 0.453315 -6.538376 0.063771 -0.007837 -0.010869 -0.742739 0.669447
1718924357.485891819 0.453134 -6.539737 0.063744 -0.007827 -0.010858 -0.742745 0.669441
1718924357.490897894 0.452950 -6.541103 0.063715 -0.007823 -0.010856 -0.742755 0.669429
1718924357.495893955 0.452766 -6.542467 0.063681 -0.007828 -0.010861 -0.742764 0.669420
1718924357.499992847 0.452614 -6.543587 0.063650 -0.007838 -0.010866 -0.742771 0.669412
1718924357.499992847 0.452614 -6.543587 0.063650 -0.007838 -0.010866 -0.742771 0.669412
1718924357.500897884 0.452580 -6.543834 0.063643 -0.007840 -0.010867 -0.742772 0.669410
1718924357.505894899 0.452394 -6.545198 0.063605 -0.007860 -0.010865 -0.742783 0.669398
1718924357.510940552 0.452205 -6.546573 0.063567 -0.007875 -0.010860 -0.742802 0.669377
1718924357.515906096 0.452021 -6.547922 0.063536 -0.007877 -0.010855 -0.742818 0.669359
1718924357.520922422 0.451836 -6.549282 0.063513 -0.007879 -0.010856 -0.742830 0.669346
1718924357.525926828 0.451654 -6.550635 0.063500 -0.007877 -0.010866 -0.742836 0.669339
1718924357.530966043 0.451473 -6.551995 0.063496 -0.007863 -0.010883 -0.742832 0.669343
1718924357.535951376 0.451296 -6.553339 0.063495 -0.007847 -0.010898 -0.742818 0.669358
1718924357.540952444 0.451120 -6.554683 0.063494 -0.007835 -0.010902 -0.742797 0.669382
1718924357.545913219 0.450947 -6.556014 0.063489 -0.007829 -0.010894 -0.742772 0.669410
1718924357.550901413 0.450775 -6.557349 0.063476 -0.007824 -0.010883 -0.742739 0.669447
1718924357.555914879 0.450604 -6.558689 0.063454 -0.007821 -0.010868 -0.742696 0.669495
1718924357.560924053 0.450435 -6.560028 0.063424 -0.007815 -0.010845 -0.742646 0.669551
1718924357.565911531 0.450269 -6.561360 0.063390 -0.007800 -0.010835 -0.742582 0.669622
1718924357.570904016 0.450104 -6.562692 0.063354 -0.007776 -0.010838 -0.742510 0.669702
1718924357.575902700 0.449940 -6.564025 0.063322 -0.007744 -0.010850 -0.742424 0.669798
1718924357.580937862 0.449776 -6.565365 0.063297 -0.007714 -0.010875 -0.742339 0.669892
1718924357.585901022 0.449616 -6.566686 0.063280 -0.007694 -0.010918 -0.742263 0.669975
1718924357.590903044 0.449455 -6.568017 0.063267 -0.007676 -0.010968 -0.742179 0.670068
1718924357.595925331 0.449297 -6.569350 0.063253 -0.007642 -0.011023 -0.742092 0.670164
1718924357.600899935 0.449144 -6.570670 0.063234 -0.007587 -0.011087 -0.742008 0.670256
1718924357.605897427 0.448994 -6.571996 0.063207 -0.007517 -0.011161 -0.741916 0.670358
1718924357.610901356 0.448848 -6.573325 0.063173 -0.007441 -0.011236 -0.741816 0.670468
1718924357.670900106 0.447574 -6.589347 0.062795 -0.007547 -0.011513 -0.741387 0.670937
1718924357.675902605 0.447506 -6.590697 0.062766 -0.007545 -0.011539 -0.741358 0.670968
1718924357.680896997 0.447444 -6.592045 0.062738 -0.007539 -0.011567 -0.741336 0.670992
1718924357.685930967 0.447386 -6.593405 0.062711 -0.007535 -0.011586 -0.741319 0.671010
1718924357.690897942 0.447331 -6.594748 0.062683 -0.007536 -0.011593 -0.741301 0.671031
1718924357.695892334 0.447280 -6.596100 0.062653 -0.007543 -0.011590 -0.741279 0.671055
1718924357.699908018 0.447241 -6.597188 0.062628 -0.007551 -0.011592 -0.741258 0.671077
1718924357.699908018 0.447241 -6.597188 0.062628 -0.007551 -0.011592 -0.741258 0.671077
1718924357.700896502 0.447232 -6.597455 0.062622 -0.007553 -0.011592 -0.741254 0.671083
1718924357.705934525 0.447191 -6.598821 0.062597 -0.007569 -0.011606 -0.741233 0.671105
1718924357.710903883 0.447152 -6.600167 0.062569 -0.007585 -0.011625 -0.741219 0.671120
1718924357.715892792 0.447114 -6.601519 0.062542 -0.007608 -0.011651 -0.741205 0.671135
1718924357.720939636 0.447073 -6.602885 0.062517 -0.007630 -0.011683 -0.741189 0.671151
1718924357.760962963 0.446729 -6.613858 0.062534 -0.007866 -0.011815 -0.740854 0.671516
1718924357.765897989 0.446644 -6.615190 0.062469 -0.007897 -0.011830 -0.740809 0.671565
1718924357.770896196 0.446553 -6.616541 0.062398 -0.007935 -0.011842 -0.740751 0.671629
1718924357.775889635 0.446455 -6.617890 0.062323 -0.007972 -0.011854 -0.740686 0.671700
1718924357.780906200 0.446352 -6.619246 0.062244 -0.008009 -0.011866 -0.740628 0.671763
1718924357.785896778 0.446244 -6.620594 0.062163 -0.008029 -0.011881 -0.740574 0.671822
1718924357.790956736 0.446129 -6.621962 0.062084 -0.008043 -0.011896 -0.740522 0.671878
1718924357.795950651 0.446010 -6.623313 0.062013 -0.008065 -0.011901 -0.740466 0.671940
1718924357.800020218 0.445908 -6.624414 0.061964 -0.008101 -0.011910 -0.740420 0.671990
1718924357.800020218 0.445908 -6.624414 0.061964 -0.008101 -0.011910 -0.740420 0.671990
1718924357.800962687 0.445884 -6.624668 0.061950 -0.008109 -0.011912 -0.740409 0.672002
1718924357.805909157 0.445758 -6.626000 0.061879 -0.008178 -0.011925 -0.740343 0.672074
1718924357.810891151 0.445631 -6.627341 0.061818 -0.008260 -0.011938 -0.740281 0.672141
1718924357.815909147 0.445504 -6.628690 0.061763 -0.008332 -0.011960 -0.740226 0.672200
1718924357.820984364 0.445378 -6.630052 0.061706 -0.008391 -0.011976 -0.740170 0.672261
1718924357.835895300 0.445056 -6.634030 0.061419 -0.008436 -0.012006 -0.739963 0.672488
1718924357.840943336 0.444949 -6.635391 0.061310 -0.008433 -0.012017 -0.739904 0.672552
1718924357.845948458 0.444847 -6.636744 0.061193 -0.008429 -0.012029 -0.739857 0.672604
1718924357.850895643 0.444748 -6.638087 0.061071 -0.008436 -0.012035 -0.739815 0.672650
1718924357.855888844 0.444650 -6.639446 0.060947 -0.008457 -0.012040 -0.739778 0.672690
1718924357.860892773 0.444554 -6.640812 0.060825 -0.008491 -0.012049 -0.739752 0.672718
1718924357.865930080 0.444459 -6.642188 0.060708 -0.008538 -0.012052 -0.739735 0.672736
1718924357.870934010 0.444366 -6.643553 0.060598 -0.008587 -0.012045 -0.739722 0.672750
1718924357.875898838 0.444273 -6.644904 0.060495 -0.008629 -0.012029 -0.739721 0.672750
1718924357.880944014 0.444180 -6.646273 0.060394 -0.008661 -0.012014 -0.739730 0.672740
1718924357.885932207 0.444088 -6.647622 0.060296 -0.008689 -0.012004 -0.739753 0.672715
1718924357.890936375 0.443996 -6.648973 0.060198 -0.008713 -0.011998 -0.739783 0.672683
1718924357.895891905 0.443906 -6.650308 0.060099 -0.008739 -0.011998 -0.739809 0.672653
1718924357.899988890 0.443830 -6.651411 0.060018 -0.008763 -0.011998 -0.739835 0.672624
1718924357.899988890 0.443830 -6.651411 0.060018 -0.008763 -0.011998 -0.739835 0.672624
1718924357.900888443 0.443812 -6.651653 0.060001 -0.008768 -0.011999 -0.739841 0.672618
1718924357.905893564 0.443713 -6.653002 0.059906 -0.008805 -0.012003 -0.739879 0.672575
1718924357.910927773 0.443613 -6.654358 0.059808 -0.008845 -0.012000 -0.739917 0.672533
1718924357.935914040 0.443090 -6.661077 0.059303 -0.009043 -0.012009 -0.740025 0.672411
1718924357.940926313 0.442977 -6.662430 0.059208 -0.009080 -0.012012 -0.740045 0.672389
1718924357.945902348 0.442862 -6.663775 0.059116 -0.009115 -0.012025 -0.740056 0.672376
1718924357.950916767 0.442744 -6.665129 0.059028 -0.009146 -0.012034 -0.740057 0.672374
1718924357.955915928 0.442622 -6.666479 0.058941 -0.009165 -0.012043 -0.740039 0.672394
1718924357.960897684 0.442495 -6.667822 0.058855 -0.009173 -0.012061 -0.740008 0.672428
1718924357.965904474 0.442363 -6.669172 0.058768 -0.009170 -0.012084 -0.739974 0.672465
1718924357.970900774 0.442226 -6.670519 0.058679 -0.009165 -0.012098 -0.739931 0.672511
1718924357.975932837 0.442082 -6.671876 0.058586 -0.009166 -0.012117 -0.739883 0.672564
1718924357.980906248 0.441934 -6.673219 0.058489 -0.009175 -0.012141 -0.739830 0.672622
1718924357.985906124 0.441780 -6.674570 0.058388 -0.009184 -0.012161 -0.739773 0.672683
1718924357.990898371 0.441619 -6.675921 0.058282 -0.009190 -0.012183 -0.739718 0.672743
1718924357.995912075 0.441451 -6.677279 0.058174 -0.009195 -0.012198 -0.739671 0.672795
1718924358.001009703 0.441275 -6.678661 0.058065 -0.009200 -0.012211 -0.739624 0.672847
1718924358.005902290 0.441101 -6.679988 0.057964 -0.009206 -0.012218 -0.739582 0.672892
1718924358.010895491 0.440920 -6.681343 0.057867 -0.009213 -0.012220 -0.739548 0.672930
1718924358.015952587 0.440733 -6.682715 0.057777 -0.009224 -0.012222 -0.739518 0.672962
1718924358.020918131 0.440548 -6.684060 0.057695 -0.009225 -0.012229 -0.739496 0.672986
1718924358.025966883 0.440361 -6.685423 0.057617 -0.009215 -0.012239 -0.739482 0.673002
1718924358.030977488 0.440175 -6.686771 0.057542 -0.009197 -0.012247 -0.739465 0.673021
1718924358.035957575 0.439991 -6.688106 0.057467 -0.009189 -0.012257 -0.739463 0.673023
1718924358.040956259 0.439808 -6.689443 0.057391 -0.009194 -0.012267 -0.739471 0.673013
1718924358.045886278 0.439630 -6.690757 0.057313 -0.009199 -0.012275 -0.739479 0.673004
1718924358.050895691 0.439453 -6.692089 0.057230 -0.009206 -0.012287 -0.739502 0.672979
1718924358.055927753 0.439279 -6.693423 0.057142 -0.009224 -0.012290 -0.739537 0.672940
1718924358.060929775 0.439111 -6.694747 0.057049 -0.009245 -0.012292 -0.739578 0.672895
1718924358.065890789 0.438949 -6.696061 0.056954 -0.009261 -0.012299 -0.739627 0.672841
1718924358.070894718 0.438791 -6.697386 0.056856 -0.009275 -0.012305 -0.739677 0.672786
1718924358.075930119 0.438639 -6.698721 0.056759 -0.009288 -0.012309 -0.739726 0.672731
1718924358.080925941 0.438495 -6.700047 0.056666 -0.009302 -0.012311 -0.739779 0.672673
1718924358.085926533 0.438356 -6.701376 0.056578 -0.009313 -0.012308 -0.739832 0.672615
1718924358.090885878 0.438224 -6.702695 0.056495 -0.009325 -0.012299 -0.739875 0.672568
1718924358.095890284 0.438096 -6.704030 0.056416 -0.009343 -0.012294 -0.739911 0.672528
1718924358.099991322 0.437995 -6.705124 0.056351 -0.009361 -0.012298 -0.739931 0.672505
1718924358.099991322 0.437995 -6.705124 0.056351 -0.009361 -0.012298 -0.739931 0.672505
1718924358.100885630 0.437974 -6.705363 0.056336 -0.009364 -0.012299 -0.739936 0.672499
1718924358.105892181 0.437856 -6.706700 0.056250 -0.009383 -0.012309 -0.739957 0.672476
1718924358.110887051 0.437743 -6.708035 0.056158 -0.009395 -0.012312 -0.739969 0.672462
1718924358.115897179 0.437633 -6.709374 0.056057 -0.009395 -0.012314 -0.739967 0.672465
1718924358.199995279 0.435286 -6.731726 0.054691 -0.008929 -0.012660 -0.740400 0.671988
1718924358.199995279 0.435286 -6.731726 0.054691 -0.008929 -0.012660 -0.740400 0.671988
1718924358.220959663 0.434531 -6.737264 0.054487 -0.008832 -0.012746 -0.740499 0.671879
1718924358.225895405 0.434343 -6.738567 0.054450 -0.008811 -0.012774 -0.740524 0.671851
1718924358.230957985 0.434146 -6.739904 0.054417 -0.008803 -0.012805 -0.740546 0.671826
1718924358.235910892 0.433950 -6.741214 0.054388 -0.008799 -0.012839 -0.740564 0.671806
1718924358.240895033 0.433751 -6.742530 0.054360 -0.008787 -0.012879 -0.740572 0.671796
1718924358.245917559 0.433550 -6.743855 0.054331 -0.008774 -0.012908 -0.740585 0.671781
1718924358.250935793 0.433349 -6.745177 0.054298 -0.008764 -0.012937 -0.740596 0.671769
1718924358.255892992 0.433151 -6.746482 0.054260 -0.008750 -0.012977 -0.740604 0.671760
1718924358.260932446 0.432950 -6.747807 0.054215 -0.008734 -0.013011 -0.740613 0.671749
1718924358.265892982 0.432754 -6.749112 0.054165 -0.008714 -0.013038 -0.740618 0.671743
1718924358.270888090 0.432558 -6.750425 0.054110 -0.008686 -0.013071 -0.740616 0.671745
1718924358.275893450 0.432365 -6.751741 0.054054 -0.008659 -0.013112 -0.740619 0.671741
1718924358.280895948 0.432173 -6.753058 0.054001 -0.008637 -0.013152 -0.740622 0.671737
1718924358.285925627 0.431981 -6.754383 0.053953 -0.008621 -0.013186 -0.740621 0.671739
1718924358.290886641 0.431795 -6.755691 0.053914 -0.008609 -0.013209 -0.740621 0.671738
1718924358.295889854 0.431611 -6.757007 0.053883 -0.008585 -0.013231 -0.740619 0.671740
1718924358.299993277 0.431463 -6.758085 0.053862 -0.008543 -0.013257 -0.740608 0.671752
1718924358.299993277 0.431463 -6.758085 0.053862 -0.008543 -0.013257 -0.740608 0.671752
1718924358.300925016 0.431430 -6.758329 0.053857 -0.008534 -0.013264 -0.740606 0.671755
1718924358.305886030 0.431254 -6.759629 0.053835 -0.008461 -0.013297 -0.740584 0.671778
1718924358.310916185 0.431079 -6.760944 0.053818 -0.008371 -0.013324 -0.740562 0.671803
1718924358.365891218 0.429112 -6.775406 0.053965 -0.008236 -0.013469 -0.740042 0.672375
1718924358.370888233 0.428931 -6.776733 0.054019 -0.008232 -0.013476 -0.740009 0.672412
1718924358.375892639 0.428749 -6.778064 0.054078 -0.008237 -0.013481 -0.739993 0.672429
1718924358.380897045 0.428568 -6.779393 0.054139 -0.008241 -0.013481 -0.739986 0.672436
1718924358.385890245 0.428390 -6.780716 0.054199 -0.008240 -0.013476 -0.739986 0.672436
1718924358.390882492 0.428216 -6.782035 0.054255 -0.008224 -0.013479 -0.739998 0.672423
1718924358.395930767 0.428045 -6.783365 0.054306 -0.008197 -0.013495 -0.740020 0.672400
1718924358.399981260 0.427911 -6.784431 0.054344 -0.008178 -0.013511 -0.740046 0.672371
1718924358.399981260 0.427911 -6.784431 0.054344 -0.008178 -0.013511 -0.740046 0.672371
1718924358.400883913 0.427881 -6.784668 0.054352 -0.008173 -0.013514 -0.740052 0.672365
1718924358.405879021 0.427719 -6.785979 0.054389 -0.008161 -0.013523 -0.740084 0.672329
1718924358.410885572 0.427560 -6.787293 0.054425 -0.008154 -0.013534 -0.740125 0.672284
1718924358.415892124 0.427404 -6.788606 0.054460 -0.008149 -0.013542 -0.740174 0.672230
1718924358.420909405 0.427253 -6.789923 0.054497 -0.008154 -0.013548 -0.740224 0.672175
1718924358.425893784 0.427104 -6.791233 0.054536 -0.008165 -0.013565 -0.740276 0.672116
1718924358.430905342 0.426957 -6.792553 0.054582 -0.008186 -0.013578 -0.740326 0.672061
1718924358.435887814 0.426812 -6.793866 0.054633 -0.008207 -0.013598 -0.740372 0.672010
1718924358.440894365 0.426669 -6.795185 0.054688 -0.008230 -0.013627 -0.740422 0.671954
1718924358.445886374 0.426529 -6.796499 0.054745 -0.008246 -0.013658 -0.740465 0.671906
1718924358.450881958 0.426389 -6.797814 0.054802 -0.008248 -0.013691 -0.740499 0.671868
1718924358.455891132 0.426249 -6.799132 0.054858 -0.008246 -0.013714 -0.740530 0.671833
1718924358.460886240 0.426109 -6.800446 0.054909 -0.008247 -0.013724 -0.740555 0.671805
1718924358.465885639 0.425968 -6.801760 0.054955 -0.008254 -0.013736 -0.740568 0.671790
1718924358.470885038 0.425825 -6.803074 0.054997 -0.008266 -0.013746 -0.740577 0.671780
1718924358.475898743 0.425679 -6.804391 0.055037 -0.008284 -0.013760 -0.740579 0.671777
1718924358.480894566 0.425532 -6.805704 0.055075 -0.008301 -0.013775 -0.740581 0.671774
1718924358.485888481 0.425382 -6.807015 0.055113 -0.008315 -0.013792 -0.740574 0.671781
1718924358.490921497 0.425229 -6.808333 0.055152 -0.008317 -0.013806 -0.740557 0.671801
1718924358.495880127 0.425076 -6.809631 0.055193 -0.008313 -0.013823 -0.740540 0.671819
1718924358.499984264 0.424949 -6.810704 0.055229 -0.008302 -0.013838 -0.740521 0.671839
1718924358.499984264 0.424949 -6.810704 0.055229 -0.008302 -0.013838 -0.740521 0.671839
1718924358.500883818 0.424920 -6.810940 0.055237 -0.008299 -0.013842 -0.740518 0.671843
1718924358.505881071 0.424762 -6.812246 0.055281 -0.008282 -0.013855 -0.740500 0.671862
1718924358.510923147 0.424599 -6.813564 0.055329 -0.008260 -0.013870 -0.740487 0.671876
1718924358.560881138 0.422989 -6.826563 0.055928 -0.008178 -0.013850 -0.740436 0.671935
1718924358.565891027 0.422832 -6.827861 0.056009 -0.008169 -0.013859 -0.740440 0.671930
1718924358.570886374 0.422676 -6.829156 0.056094 -0.008168 -0.013872 -0.740445 0.671924
1718924358.575886250 0.422522 -6.830452 0.056185 -0.008176 -0.013886 -0.740453 0.671914
1718924358.580887079 0.422371 -6.831747 0.056280 -0.008189 -0.013904 -0.740458 0.671909
1718924358.585887909 0.422224 -6.833040 0.056377 -0.008205 -0.013925 -0.740458 0.671908
1718924358.590882540 0.422079 -6.834327 0.056472 -0.008217 -0.013956 -0.740464 0.671901
1718924358.595876217 0.421938 -6.835611 0.056565 -0.008229 -0.013985 -0.740474 0.671889
1718924358.599992275 0.421824 -6.836668 0.056639 -0.008237 -0.014003 -0.740478 0.671885
1718924358.599992275 0.421824 -6.836668 0.056639 -0.008237 -0.014003 -0.740478 0.671885
1718924358.600882769 0.421800 -6.836897 0.056654 -0.008239 -0.014006 -0.740478 0.671884
1718924358.605877876 0.421665 -6.838180 0.056735 -0.008252 -0.014024 -0.740478 0.671884
1718924358.610882998 0.421535 -6.839465 0.056814 -0.008274 -0.014035 -0.740481 0.671879
1718924358.615894318 0.421408 -6.840752 0.056892 -0.008293 -0.014040 -0.740480 0.671880
1718924358.620897055 0.421284 -6.842039 0.056968 -0.008300 -0.014051 -0.740476 0.671885
1718924358.625897646 0.421164 -6.843328 0.057043 -0.008310 -0.014064 -0.740477 0.671883
1718924358.630908489 0.421047 -6.844619 0.057116 -0.008316 -0.014072 -0.740478 0.671882
1718924358.635892630 0.420932 -6.845905 0.057186 -0.008320 -0.014083 -0.740482 0.671877
1718924358.640900373 0.420819 -6.847196 0.057254 -0.008316 -0.014091 -0.740479 0.671880
1718924358.645936728 0.420707 -6.848496 0.057323 -0.008317 -0.014100 -0.740474 0.671886
1718924358.650878668 0.420597 -6.849772 0.057393 -0.008325 -0.014101 -0.740467 0.671893
1718924358.655943632 0.420487 -6.851081 0.057470 -0.008345 -0.014088 -0.740459 0.671902
1718924358.660881758 0.420381 -6.852358 0.057549 -0.008359 -0.014073 -0.740447 0.671916
1718924358.665901423 0.420274 -6.853656 0.057634 -0.008376 -0.014064 -0.740423 0.671942
1718924358.670910120 0.420169 -6.854952 0.057721 -0.008395 -0.014067 -0.740396 0.671972
1718924358.675919294 0.420065 -6.856249 0.057805 -0.008399 -0.014071 -0.740373 0.671996
1718924358.680936098 0.419961 -6.857547 0.057886 -0.008390 -0.014081 -0.740352 0.672020
1718924358.685899019 0.419859 -6.858832 0.057960 -0.008381 -0.014085 -0.740328 0.672046
1718924358.690920830 0.419754 -6.860132 0.058030 -0.008374 -0.014087 -0.740307 0.672069
1718924358.695916414 0.419649 -6.861426 0.058093 -0.008368 -0.014078 -0.740284 0.672095
1718924358.699902058 0.419564 -6.862461 0.058141 -0.008374 -0.014065 -0.740274 0.672106
1718924358.699902058 0.419564 -6.862461 0.058141 -0.008374 -0.014065 -0.740274 0.672106
1718924358.700921297 0.419542 -6.862725 0.058152 -0.008375 -0.014061 -0.740272 0.672109
1718924358.705916643 0.419433 -6.864024 0.058207 -0.008386 -0.014047 -0.740260 0.672121
1718924358.710922480 0.419320 -6.865329 0.058263 -0.008396 -0.014043 -0.740248 0.672134
1718924358.715920448 0.419206 -6.866632 0.058323 -0.008404 -0.014037 -0.740243 0.672140
1718924358.765881777 0.417972 -6.879575 0.058757 -0.008624 -0.014058 -0.740421 0.671942
1718924358.770900965 0.417840 -6.880865 0.058787 -0.008650 -0.014058 -0.740449 0.671910
1718924358.775901318 0.417707 -6.882150 0.058817 -0.008669 -0.014055 -0.740481 0.671874
1718924358.780904531 0.417575 -6.883437 0.058849 -0.008678 -0.014053 -0.740513 0.671839
1718924358.785880089 0.417444 -6.884718 0.058885 -0.008677 -0.014058 -0.740538 0.671811
1718924358.790880203 0.417312 -6.886005 0.058925 -0.008668 -0.014071 -0.740563 0.671784
1718924358.795874357 0.417181 -6.887291 0.058969 -0.008657 -0.014095 -0.740579 0.671766
1718924358.799993277 0.417072 -6.888351 0.059007 -0.008646 -0.014120 -0.740587 0.671757
1718924358.799993277 0.417072 -6.888351 0.059007 -0.008646 -0.014120 -0.740587 0.671757
1718924358.800880194 0.417049 -6.888579 0.059014 -0.008643 -0.014125 -0.740589 0.671755
1718924358.805917978 0.416915 -6.889873 0.059056 -0.008633 -0.014151 -0.740595 0.671747
1718924358.810880184 0.416782 -6.891146 0.059096 -0.008638 -0.014167 -0.740602 0.671739
1718924358.815890074 0.416647 -6.892430 0.059134 -0.008647 -0.014179 -0.740600 0.671741
1718924358.820904493 0.416511 -6.893715 0.059166 -0.008657 -0.014195 -0.740588 0.671754
1718924358.825889826 0.416374 -6.894990 0.059194 -0.008658 -0.014212 -0.740575 0.671768
1718924358.830895424 0.416236 -6.896270 0.059218 -0.008659 -0.014230 -0.740560 0.671784
1718924358.835878611 0.416097 -6.897543 0.059239 -0.008657 -0.014241 -0.740538 0.671807
1718924358.840879679 0.415955 -6.898820 0.059258 -0.008642 -0.014264 -0.740523 0.671824
1718924358.845927000 0.415809 -6.900110 0.059277 -0.008625 -0.014293 -0.740508 0.671840
1718924358.850883722 0.415663 -6.901378 0.059296 -0.008613 -0.014317 -0.740493 0.671856
1718924358.855885029 0.415514 -6.902658 0.059318 -0.008609 -0.014335 -0.740477 0.671873
1718924358.860883474 0.415362 -6.903939 0.059343 -0.008613 -0.014346 -0.740461 0.671891
1718924358.865890980 0.415209 -6.905221 0.059372 -0.008624 -0.014357 -0.740443 0.671910
1718924358.870886803 0.415057 -6.906501 0.059404 -0.008630 -0.014366 -0.740426 0.671929
1718924358.875892162 0.414905 -6.907784 0.059437 -0.008638 -0.014376 -0.740413 0.671943
1718924358.880886555 0.414755 -6.909062 0.059470 -0.008638 -0.014393 -0.740408 0.671948
1718924358.885877609 0.414606 -6.910338 0.059501 -0.008638 -0.014411 -0.740409 0.671947
1718924358.890879393 0.414460 -6.911614 0.059529 -0.008632 -0.014424 -0.740413 0.671942
1718924358.895877600 0.414316 -6.912887 0.059554 -0.008639 -0.014426 -0.740419 0.671935
1718924358.900010109 0.414199 -6.913939 0.059573 -0.008648 -0.014418 -0.740432 0.671921
1718924358.900010109 0.414199 -6.913939 0.059573 -0.008648 -0.014418 -0.740432 0.671921
1718924358.900884628 0.414174 -6.914162 0.059575 -0.008650 -0.014417 -0.740435 0.671918
1718924358.905874729 0.414037 -6.915432 0.059588 -0.008657 -0.014409 -0.740449 0.671902
1718924358.910880089 0.413903 -6.916705 0.059599 -0.008663 -0.014396 -0.740470 0.671880
1718924358.955890179 0.412934 -6.928149 0.059426 -0.008827 -0.014094 -0.740573 0.671770
1718924358.960881948 0.412843 -6.929425 0.059411 -0.008830 -0.014087 -0.740582 0.671760
1718924358.965927362 0.412754 -6.930715 0.059392 -0.008826 -0.014092 -0.740581 0.671761
1718924358.970888853 0.412669 -6.931987 0.059369 -0.008831 -0.014101 -0.740572 0.671771
1718924358.975885391 0.412585 -6.933269 0.059342 -0.008843 -0.014102 -0.740558 0.671786
1718924358.980890512 0.412501 -6.934555 0.059310 -0.008857 -0.014094 -0.740541 0.671805
1718924358.985879660 0.412417 -6.935839 0.059275 -0.008879 -0.014087 -0.740521 0.671827
1718924358.990950823 0.412330 -6.937144 0.059238 -0.008895 -0.014076 -0.740499 0.671851
1718924358.995877981 0.412244 -6.938413 0.059202 -0.008898 -0.014074 -0.740476 0.671876
1718924359.000881910 0.412154 -6.939704 0.059167 -0.008906 -0.014088 -0.740458 0.671895
1718924359.005878687 0.412060 -6.940995 0.059135 -0.008918 -0.014101 -0.740444 0.671911
1718924359.010881662 0.411963 -6.942289 0.059108 -0.008921 -0.014115 -0.740417 0.671940
1718924359.015895605 0.411862 -6.943586 0.059086 -0.008923 -0.014142 -0.740381 0.671979
1718924359.020921946 0.411756 -6.944887 0.059066 -0.008934 -0.014164 -0.740350 0.672013
1718924359.025892735 0.411646 -6.946173 0.059047 -0.008950 -0.014178 -0.740321 0.672044
1718924359.030902624 0.411529 -6.947467 0.059028 -0.008964 -0.014190 -0.740295 0.672073
1718924359.035896301 0.411408 -6.948756 0.059007 -0.008973 -0.014191 -0.740269 0.672101
1718924359.040914536 0.411281 -6.950050 0.058983 -0.008966 -0.014190 -0.740250 0.672122
1718924359.045911312 0.411148 -6.951338 0.058956 -0.008954 -0.014189 -0.740232 0.672142
1718924359.050886393 0.411011 -6.952622 0.058926 -0.008933 -0.014191 -0.740216 0.672160
1718924359.055883646 0.410869 -6.953912 0.058894 -0.008914 -0.014200 -0.740202 0.672176
1718924359.060878515 0.410722 -6.955200 0.058861 -0.008902 -0.014213 -0.740189 0.672190
1718924359.065884829 0.410572 -6.956490 0.058828 -0.008888 -0.014226 -0.740179 0.672201
1718924359.070878983 0.410420 -6.957776 0.058797 -0.008870 -0.014236 -0.740168 0.672212
1718924359.075884104 0.410266 -6.959063 0.058770 -0.008853 -0.014249 -0.740159 0.672222
1718924359.080881357 0.410111 -6.960348 0.058747 -0.008846 -0.014261 -0.740152 0.672230
1718924359.085875034 0.409955 -6.961629 0.058727 -0.008842 -0.014269 -0.740144 0.672239
1718924359.090953588 0.409796 -6.962928 0.058709 -0.008831 -0.014264 -0.740138 0.672246
1718924359.095879078 0.409643 -6.964186 0.058693 -0.008816 -0.014262 -0.740128 0.672257
1718924359.099993229 0.409517 -6.965237 0.058679 -0.008805 -0.014269 -0.740120 0.672266
1718924359.099993229 0.409517 -6.965237 0.058679 -0.008805 -0.014269 -0.740120 0.672266
1718924359.100878000 0.409490 -6.965462 0.058675 -0.008802 -0.014271 -0.740118 0.672268
1718924359.105913162 0.409337 -6.966747 0.058652 -0.008798 -0.014277 -0.740113 0.672274
1718924359.110919714 0.409189 -6.968024 0.058625 -0.008792 -0.014286 -0.740109 0.672278
1718924359.115936041 0.409043 -6.969303 0.058592 -0.008776 -0.014300 -0.740107 0.672280
1718924359.199988127 0.406707 -6.990951 0.058547 -0.008673 -0.014226 -0.740525 0.671822
1718924359.199988127 0.406707 -6.990951 0.058547 -0.008673 -0.014226 -0.740525 0.671822
1718924359.205916405 0.406548 -6.992496 0.058584 -0.008666 -0.014222 -0.740555 0.671789
1718924359.210877895 0.406415 -6.993791 0.058620 -0.008665 -0.014212 -0.740578 0.671764
1718924359.215884924 0.406281 -6.995100 0.058660 -0.008659 -0.014204 -0.740601 0.671740
1718924359.220944643 0.406147 -6.996425 0.058702 -0.008655 -0.014204 -0.740620 0.671718
1718924359.225889921 0.406015 -6.997721 0.058744 -0.008660 -0.014201 -0.740635 0.671702
1718924359.230902910 0.405880 -6.999035 0.058785 -0.008664 -0.014200 -0.740639 0.671697
1718924359.235957384 0.405743 -7.000361 0.058824 -0.008657 -0.014205 -0.740639 0.671697
1718924359.240920305 0.405609 -7.001663 0.058858 -0.008644 -0.014214 -0.740633 0.671704
1718924359.245951414 0.405471 -7.002986 0.058890 -0.008631 -0.014224 -0.740612 0.671727
1718924359.250921488 0.405334 -7.004296 0.058919 -0.008614 -0.014226 -0.740583 0.671759
1718924359.255942345 0.405192 -7.005621 0.058947 -0.008592 -0.014223 -0.740555 0.671791
1718924359.260918379 0.405050 -7.006936 0.058975 -0.008581 -0.014220 -0.740524 0.671825
1718924359.265944481 0.404903 -7.008266 0.059006 -0.008585 -0.014220 -0.740488 0.671864
1718924359.270925999 0.404754 -7.009584 0.059039 -0.008590 -0.014235 -0.740453 0.671902
1718924359.275937557 0.404601 -7.010910 0.059075 -0.008592 -0.014257 -0.740423 0.671935
1718924359.280946255 0.404445 -7.012233 0.059115 -0.008590 -0.014280 -0.740394 0.671966
1718924359.285890579 0.404288 -7.013536 0.059156 -0.008585 -0.014306 -0.740364 0.671999
1718924359.290882111 0.404127 -7.014847 0.059201 -0.008583 -0.014329 -0.740340 0.672025
1718924359.295870304 0.403964 -7.016154 0.059249 -0.008580 -0.014343 -0.740320 0.672046
1718924359.299988031 0.403827 -7.017231 0.059290 -0.008582 -0.014353 -0.740312 0.672055
1718924359.299988031 0.403827 -7.017231 0.059290 -0.008582 -0.014353 -0.740312 0.672055
1718924359.300875664 0.403797 -7.017463 0.059299 -0.008582 -0.014357 -0.740311 0.672057
1718924359.305870771 0.403629 -7.018765 0.059350 -0.008587 -0.014376 -0.740297 0.672071
1718924359.310875416 0.403459 -7.020067 0.059400 -0.008590 -0.014397 -0.740285 0.672084
1718924359.360870361 0.401961 -7.033053 0.060230 -0.008614 -0.014341 -0.740572 0.671769
1718924359.365887165 0.401833 -7.034359 0.060354 -0.008621 -0.014344 -0.740603 0.671735
1718924359.370880127 0.401710 -7.035659 0.060479 -0.008622 -0.014342 -0.740634 0.671701
1718924359.375890493 0.401590 -7.036965 0.060601 -0.008612 -0.014342 -0.740661 0.671671
1718924359.380890608 0.401476 -7.038269 0.060716 -0.008596 -0.014341 -0.740679 0.671651
1718924359.385883570 0.401366 -7.039573 0.060821 -0.008583 -0.014336 -0.740693 0.671636
1718924359.390878201 0.401260 -7.040880 0.060917 -0.008571 -0.014329 -0.740708 0.671620
1718924359.395874023 0.401158 -7.042192 0.061007 -0.008557 -0.014325 -0.740716 0.671611
1718924359.399990082 0.401077 -7.043277 0.061078 -0.008541 -0.014322 -0.740718 0.671609
1718924359.399990082 0.401077 -7.043277 0.061078 -0.008541 -0.014322 -0.740718 0.671609
1718924359.400876284 0.401060 -7.043511 0.061093 -0.008537 -0.014321 -0.740719 0.671608
1718924359.405873775 0.400964 -7.044832 0.061176 -0.008518 -0.014312 -0.740719 0.671608
1718924359.410876751 0.400872 -7.046158 0.061263 -0.008503 -0.014303 -0.740718 0.671610
1718924359.415879488 0.400783 -7.047486 0.061357 -0.008489 -0.014293 -0.740712 0.671617
1718924359.420899868 0.400694 -7.048823 0.061461 -0.008471 -0.014283 -0.740702 0.671629
1718924359.425952673 0.400606 -7.050170 0.061575 -0.008461 -0.014271 -0.740689 0.671644
1718924359.430875540 0.400523 -7.051484 0.061692 -0.008459 -0.014251 -0.740673 0.671661
1718924359.435946703 0.400438 -7.052838 0.061816 -0.008469 -0.014224 -0.740655 0.671682
1718924359.440928221 0.400355 -7.054166 0.061939 -0.008481 -0.014199 -0.740632 0.671708
1718924359.445887804 0.400273 -7.055489 0.062060 -0.008497 -0.014184 -0.740609 0.671733
1718924359.450919867 0.400191 -7.056831 0.062180 -0.008508 -0.014172 -0.740595 0.671748
1718924359.455891609 0.400111 -7.058154 0.062295 -0.008525 -0.014169 -0.740582 0.671763
1718924359.460926771 0.400030 -7.059493 0.062409 -0.008540 -0.014169 -0.740568 0.671778
1718924359.465890169 0.399949 -7.060809 0.062519 -0.008552 -0.014168 -0.740564 0.671782
1718924359.470880508 0.399867 -7.062130 0.062629 -0.008570 -0.014161 -0.740572 0.671773
1718924359.475886822 0.399783 -7.063452 0.062740 -0.008593 -0.014141 -0.740583 0.671761
1718924359.480890989 0.399698 -7.064773 0.062851 -0.008612 -0.014119 -0.740597 0.671746
1718924359.485895395 0.399612 -7.066094 0.062965 -0.008628 -0.014100 -0.740625 0.671715
1718924359.490875721 0.399526 -7.067408 0.063080 -0.008640 -0.014090 -0.740658 0.671679
1718924359.495872021 0.399439 -7.068726 0.063197 -0.008647 -0.014079 -0.740687 0.671647
1718924359.499985218 0.399367 -7.069811 0.063294 -0.008651 -0.014068 -0.740706 0.671627
1718924359.499985218 0.399367 -7.069811 0.063294 -0.008651 -0.014068 -0.740706 0.671627
1718924359.500876665 0.399351 -7.070045 0.063315 -0.008652 -0.014067 -0.740710 0.671622
1718924359.505873919 0.399264 -7.071363 0.063430 -0.008655 -0.014065 -0.740733 0.671596
1718924359.510875940 0.399174 -7.072681 0.063543 -0.008661 -0.014067 -0.740757 0.671570
1718924359.565876484 0.397646 -7.087130 0.064715 -0.008096 -0.014271 -0.740292 0.672085
1718924359.570895672 0.397453 -7.088445 0.064819 -0.008068 -0.014298 -0.740234 0.672149
1718924359.575882196 0.397253 -7.089747 0.064920 -0.008046 -0.014321 -0.740171 0.672218
1718924359.580877542 0.397046 -7.091050 0.065019 -0.008022 -0.014333 -0.740110 0.672285
1718924359.585922241 0.396830 -7.092364 0.065116 -0.007980 -0.014351 -0.740046 0.672356
1718924359.590914488 0.396612 -7.093662 0.065212 -0.007922 -0.014382 -0.739984 0.672424
1718924359.595875025 0.396389 -7.094949 0.065309 -0.007858 -0.014403 -0.739930 0.672484
1718924359.599984169 0.396202 -7.096014 0.065389 -0.007822 -0.014414 -0.739890 0.672528
1718924359.599984169 0.396202 -7.096014 0.065389 -0.007822 -0.014414 -0.739890 0.672528
1718924359.600917816 0.396159 -7.096256 0.065407 -0.007814 -0.014416 -0.739881 0.672537
1718924359.605910778 0.395928 -7.097551 0.065501 -0.007784 -0.014425 -0.739843 0.672580
1718924359.610916615 0.395697 -7.098849 0.065593 -0.007767 -0.014442 -0.739814 0.672611
1718924359.615889788 0.395467 -7.100136 0.065680 -0.007752 -0.014448 -0.739799 0.672628
1718924359.620928526 0.395238 -7.101438 0.065764 -0.007726 -0.014447 -0.739791 0.672637
1718924359.625938654 0.395013 -7.102728 0.065844 -0.007692 -0.014441 -0.739795 0.672634
1718924359.630970955 0.394795 -7.104022 0.065922 -0.007650 -0.014439 -0.739804 0.672624
1718924359.635880470 0.394589 -7.105285 0.066001 -0.007620 -0.014440 -0.739818 0.672609
1718924359.640876293 0.394388 -7.106573 0.066085 -0.007592 -0.014447 -0.739839 0.672585
1718924359.645878315 0.394196 -7.107863 0.066173 -0.007569 -0.014451 -0.739862 0.672561
1718924359.650879860 0.394014 -7.109154 0.066264 -0.007549 -0.014457 -0.739891 0.672529
1718924359.655882359 0.393843 -7.110443 0.066356 -0.007528 -0.014461 -0.739922 0.672495
1718924359.660875082 0.393684 -7.111730 0.066447 -0.007504 -0.014467 -0.739950 0.672464
1718924359.665877342 0.393537 -7.113019 0.066535 -0.007487 -0.014478 -0.739978 0.672433
1718924359.670933723 0.393399 -7.114322 0.066620 -0.007471 -0.014479 -0.740001 0.672408
1718924359.675878048 0.393274 -7.115599 0.066697 -0.007453 -0.014479 -0.740015 0.672394
1718924359.680888176 0.393159 -7.116894 0.066771 -0.007418 -0.014487 -0.740019 0.672389
1718924359.685886145 0.393054 -7.118187 0.066843 -0.007378 -0.014487 -0.740020 0.672388
1718924359.690915585 0.392955 -7.119490 0.066916 -0.007336 -0.014484 -0.740013 0.672396
1718924359.695874453 0.392863 -7.120776 0.066993 -0.007302 -0.014481 -0.740007 0.672404
1718924359.699980974 0.392791 -7.121843 0.067060 -0.007295 -0.014479 -0.739995 0.672416
1718924359.699980974 0.392791 -7.121843 0.067060 -0.007295 -0.014479 -0.739995 0.672416
1718924359.700874805 0.392776 -7.122075 0.067075 -0.007294 -0.014480 -0.739993 0.672419
1718924359.705873966 0.392692 -7.123378 0.067162 -0.007308 -0.014492 -0.739973 0.672441
1718924359.710875750 0.392611 -7.124684 0.067254 -0.007337 -0.014512 -0.739945 0.672471
1718924359.715871572 0.392532 -7.125988 0.067347 -0.007367 -0.014526 -0.739913 0.672505
1718924359.760881662 0.391598 -7.137622 0.068119 -0.007094 -0.014304 -0.739789 0.672650
1718924359.765885115 0.391467 -7.138902 0.068200 -0.007076 -0.014299 -0.739778 0.672662
1718924359.770873308 0.391330 -7.140179 0.068284 -0.007067 -0.014293 -0.739771 0.672670
1718924359.775876284 0.391187 -7.141461 0.068370 -0.007076 -0.014285 -0.739771 0.672670
1718924359.780876875 0.391039 -7.142742 0.068459 -0.007101 -0.014277 -0.739775 0.672665
1718924359.785895348 0.390885 -7.144027 0.068550 -0.007121 -0.014274 -0.739785 0.672654
1718924359.790934563 0.390727 -7.145315 0.068642 -0.007137 -0.014267 -0.739797 0.672641
1718924359.795882940 0.390570 -7.146579 0.068732 -0.007141 -0.014258 -0.739818 0.672618
1718924359.799986124 0.390437 -7.147627 0.068805 -0.007131 -0.014254 -0.739840 0.672595
1718924359.799986124 0.390437 -7.147627 0.068805 -0.007131 -0.014254 -0.739840 0.672595
1718924359.800876379 0.390408 -7.147854 0.068821 -0.007128 -0.014253 -0.739844 0.672589
1718924359.805871010 0.390247 -7.149128 0.068906 -0.007105 -0.014238 -0.739872 0.672559
1718924359.810877323 0.390085 -7.150404 0.068989 -0.007077 -0.014222 -0.739898 0.672532
1718924359.815890789 0.389922 -7.151681 0.069069 -0.007036 -0.014221 -0.739918 0.672510
1718924359.820886135 0.389760 -7.152956 0.069147 -0.006992 -0.014227 -0.739938 0.672489
1718924359.825885773 0.389597 -7.154232 0.069222 -0.006949 -0.014222 -0.739956 0.672469
1718924359.830920458 0.389432 -7.155516 0.069296 -0.006909 -0.014215 -0.739973 0.672450
1718924359.835878849 0.389270 -7.156781 0.069371 -0.006872 -0.014216 -0.739983 0.672441
1718924359.840923786 0.389106 -7.158069 0.069451 -0.006844 -0.014222 -0.739986 0.672437
1718924359.845878839 0.388943 -7.159335 0.069536 -0.006842 -0.014233 -0.739987 0.672435
1718924359.850915194 0.388778 -7.160626 0.069628 -0.006861 -0.014238 -0.739990 0.672432
1718924359.855880499 0.388615 -7.161899 0.069722 -0.006883 -0.014246 -0.739992 0.672430
1718924359.860877752 0.388453 -7.163180 0.069816 -0.006902 -0.014244 -0.739994 0.672427
1718924359.865881920 0.388293 -7.164463 0.069907 -0.006906 -0.014240 -0.739998 0.672423
1718924359.870877266 0.388135 -7.165745 0.069992 -0.006897 -0.014234 -0.740007 0.672414
1718924359.875878811 0.387980 -7.167031 0.070071 -0.006874 -0.014226 -0.740013 0.672407
1718924359.880880833 0.387827 -7.168320 0.070147 -0.006847 -0.014219 -0.740021 0.672398
1718924359.885858774 0.387679 -7.169604 0.070222 -0.006815 -0.014213 -0.740039 0.672379
1718924359.890871763 0.387532 -7.170900 0.070299 -0.006789 -0.014206 -0.740054 0.672363
1718924359.895909309 0.387387 -7.172205 0.070380 -0.006777 -0.014191 -0.740070 0.672346
1718924359.900014877 0.387271 -7.173270 0.070449 -0.006768 -0.014186 -0.740083 0.672332
1718924359.900014877 0.387271 -7.173270 0.070449 -0.006768 -0.014186 -0.740083 0.672332
1718924359.900915146 0.387246 -7.173504 0.070464 -0.006767 -0.014185 -0.740085 0.672330
1718924359.905910969 0.387109 -7.174799 0.070549 -0.006762 -0.014196 -0.740100 0.672313
1718924359.910873652 0.386977 -7.176083 0.070635 -0.006759 -0.014205 -0.740112 0.672300
1718924359.965923786 0.385621 -7.190416 0.071321 -0.006491 -0.013845 -0.740122 0.672298
1718924359.970878124 0.385481 -7.191726 0.071371 -0.006486 -0.013835 -0.740122 0.672299
1718924359.975898266 0.385336 -7.193056 0.071423 -0.006491 -0.013820 -0.740122 0.672299
1718924359.980924368 0.385190 -7.194390 0.071477 -0.006505 -0.013806 -0.740126 0.672295
1718924359.985870600 0.385047 -7.195703 0.071534 -0.006523 -0.013790 -0.740132 0.672288
1718924359.990880013 0.384900 -7.197034 0.071597 -0.006542 -0.013776 -0.740141 0.672279
1718924359.995871067 0.384753 -7.198363 0.071664 -0.006551 -0.013769 -0.740148 0.672272
1718924360.000876665 0.384604 -7.199696 0.071736 -0.006551 -0.013762 -0.740160 0.672258
1718924360.005868673 0.384456 -7.201024 0.071810 -0.006542 -0.013755 -0.740170 0.672247
1718924360.010935783 0.384305 -7.202368 0.071887 -0.006525 -0.013742 -0.740174 0.672244
1718924360.015886068 0.384156 -7.203680 0.071965 -0.006516 -0.013724 -0.740180 0.672237
1718924360.020891190 0.384003 -7.205003 0.072044 -0.006506 -0.013703 -0.740197 0.672219
1718924360.025879622 0.383849 -7.206319 0.072122 -0.006503 -0.013686 -0.740218 0.672196
1718924360.030876637 0.383695 -7.207634 0.072196 -0.006498 -0.013674 -0.740237 0.672176
1718924360.035879612 0.383540 -7.208947 0.072265 -0.006486 -0.013674 -0.740249 0.672162
1718924360.040884018 0.383384 -7.210259 0.072329 -0.006474 -0.013679 -0.740252 0.672159
1718924360.045878410 0.383226 -7.211569 0.072386 -0.006454 -0.013693 -0.740250 0.672161
1718924360.050908804 0.383066 -7.212889 0.072441 -0.006438 -0.013703 -0.740249 0.672163
1718924360.055873156 0.382905 -7.214191 0.072494 -0.006426 -0.013713 -0.740245 0.672167
1718924360.060869932 0.382742 -7.215503 0.072550 -0.006419 -0.013726 -0.740236 0.672177
1718924360.065868378 0.382577 -7.216817 0.072610 -0.006427 -0.013738 -0.740222 0.672191
1718924360.070916414 0.382409 -7.218148 0.072676 -0.006443 -0.013747 -0.740207 0.672208
1718924360.075864315 0.382241 -7.219454 0.072745 -0.006451 -0.013746 -0.740189 0.672228
1718924360.080872297 0.382070 -7.220776 0.072815 -0.006447 -0.013745 -0.740164 0.672255
1718924360.085867882 0.381898 -7.222095 0.072884 -0.006425 -0.013747 -0.740134 0.672288
1718924360.090873241 0.381724 -7.223417 0.072949 -0.006385 -0.013758 -0.740110 0.672315
1718924360.095865488 0.381548 -7.224739 0.073008 -0.006342 -0.013771 -0.740088 0.672339
1718924360.099986076 0.381402 -7.225831 0.073053 -0.006309 -0.013781 -0.740067 0.672362
1718924360.099986076 0.381402 -7.225831 0.073053 -0.006309 -0.013781 -0.740067 0.672362
1718924360.100884914 0.381369 -7.226070 0.073063 -0.006302 -0.013784 -0.740063 0.672367
1718924360.105910063 0.381185 -7.227408 0.073111 -0.006270 -0.013796 -0.740039 0.672393
1718924360.110913515 0.381001 -7.228741 0.073155 -0.006242 -0.013803 -0.740026 0.672407
1718924360.115879059 0.380815 -7.230064 0.073198 -0.006229 -0.013801 -0.740012 0.672423
1718924360.199985027 0.378400 -7.252463 0.074216 -0.006399 -0.013554 -0.740205 0.672215
1718924360.199985027 0.378400 -7.252463 0.074216 -0.006399 -0.013554 -0.740205 0.672215
1718924360.200906515 0.378381 -7.252709 0.074232 -0.006402 -0.013553 -0.740207 0.672212
1718924360.205872536 0.378282 -7.254035 0.074322 -0.006415 -0.013543 -0.740208 0.672211
1718924360.210864782 0.378189 -7.255367 0.074411 -0.006423 -0.013531 -0.740193 0.672228
1718924360.215874434 0.378099 -7.256705 0.074500 -0.006429 -0.013517 -0.740171 0.672253
1718924360.220882416 0.378014 -7.258046 0.074587 -0.006430 -0.013504 -0.740146 0.672279
1718924360.225877047 0.377931 -7.259388 0.074674 -0.006422 -0.013485 -0.740121 0.672308
1718924360.230870485 0.377851 -7.260732 0.074758 -0.006409 -0.013463 -0.740085 0.672348
1718924360.235871315 0.377773 -7.262081 0.074841 -0.006400 -0.013449 -0.740039 0.672399
1718924360.240878582 0.377694 -7.263435 0.074920 -0.006388 -0.013434 -0.739992 0.672452
1718924360.245872021 0.377615 -7.264788 0.074996 -0.006368 -0.013426 -0.739952 0.672496
1718924360.250885010 0.377532 -7.266148 0.075066 -0.006356 -0.013419 -0.739908 0.672544
1718924360.255914450 0.377446 -7.267513 0.075132 -0.006350 -0.013416 -0.739863 0.672594
1718924360.260872126 0.377356 -7.268858 0.075196 -0.006345 -0.013405 -0.739825 0.672635
1718924360.265864372 0.377262 -7.270212 0.075261 -0.006347 -0.013397 -0.739791 0.672673
1718924360.270920992 0.377161 -7.271583 0.075333 -0.006352 -0.013393 -0.739764 0.672703
1718924360.275880337 0.377057 -7.272928 0.075411 -0.006362 -0.013384 -0.739746 0.672723
1718924360.280880213 0.376949 -7.274283 0.075498 -0.006366 -0.013372 -0.739733 0.672738
1718924360.285871029 0.376836 -7.275631 0.075591 -0.006363 -0.013357 -0.739726 0.672745
1718924360.290910721 0.376719 -7.276991 0.075689 -0.006353 -0.013333 -0.739726 0.672747
1718924360.295867682 0.376601 -7.278327 0.075786 -0.006337 -0.013306 -0.739734 0.672738
1718924360.299986124 0.376500 -7.279436 0.075866 -0.006316 -0.013295 -0.739745 0.672726
1718924360.299986124 0.376500 -7.279436 0.075866 -0.006316 -0.013295 -0.739745 0.672726
1718924360.300909281 0.376477 -7.279685 0.075884 -0.006313 -0.013294 -0.739748 0.672723
1718924360.305866480 0.376353 -7.281021 0.075974 -0.006291 -0.013293 -0.739770 0.672699
1718924360.310861111 0.376225 -7.282365 0.076059 -0.006272 -0.013293 -0.739791 0.672676
1718924360.360872746 0.375152 -7.295741 0.076799 -0.006246 -0.013164 -0.739881 0.672580
1718924360.365885735 0.375068 -7.297075 0.076862 -0.006248 -0.013162 -0.739880 0.672582
1718924360.370947361 0.374987 -7.298421 0.076921 -0.006241 -0.013158 -0.739874 0.672588
1718924360.375878334 0.374912 -7.299734 0.076973 -0.006232 -0.013150 -0.739863 0.672600
1718924360.380875587 0.374840 -7.301068 0.077019 -0.006221 -0.013142 -0.739851 0.672614
1718924360.385866642 0.374773 -7.302402 0.077059 -0.006212 -0.013136 -0.739835 0.672631
1718924360.390867233 0.374710 -7.303741 0.077095 -0.006197 -0.013138 -0.739812 0.672657
1718924360.395910025 0.374650 -7.305094 0.077130 -0.006179 -0.013155 -0.739781 0.672691
1718924360.399982929 0.374604 -7.306191 0.077159 -0.006180 -0.013169 -0.739756 0.672718
1718924360.399982929 0.374604 -7.306191 0.077159 -0.006180 -0.013169 -0.739756 0.672718
1718924360.400872469 0.374594 -7.306431 0.077166 -0.006180 -0.013172 -0.739751 0.672724
1718924360.405906200 0.374539 -7.307792 0.077207 -0.006196 -0.013182 -0.739728 0.672748
1718924360.410870552 0.374488 -7.309136 0.077253 -0.006218 -0.013185 -0.739706 0.672772
1718924360.415881395 0.374438 -7.310493 0.077303 -0.006242 -0.013181 -0.739681 0.672800
1718924360.420881748 0.374391 -7.311848 0.077355 -0.006251 -0.013184 -0.739657 0.672826
1718924360.425874233 0.374345 -7.313202 0.077408 -0.006259 -0.013185 -0.739646 0.672838
1718924360.430892229 0.374300 -7.314563 0.077460 -0.006269 -0.013188 -0.739637 0.672847
1718924360.435872793 0.374254 -7.315915 0.077508 -0.006275 -0.013187 -0.739631 0.672855
1718924360.440917492 0.374208 -7.317286 0.077553 -0.006274 -0.013173 -0.739626 0.672859
1718924360.445873499 0.374162 -7.318632 0.077596 -0.006275 -0.013150 -0.739624 0.672862
1718924360.450869083 0.374116 -7.319990 0.077639 -0.006277 -0.013131 -0.739626 0.672861
1718924360.455859423 0.374069 -7.321347 0.077684 -0.006278 -0.013103 -0.739633 0.672854
1718924360.460924625 0.374020 -7.322726 0.077732 -0.006281 -0.013068 -0.739648 0.672838
1718924360.465868473 0.373973 -7.324069 0.077780 -0.006276 -0.013037 -0.739668 0.672816
1718924360.470869541 0.373926 -7.325424 0.077830 -0.006274 -0.013015 -0.739690 0.672792
1718924360.475869894 0.373879 -7.326777 0.077881 -0.006278 -0.012996 -0.739708 0.672773
1718924360.480874538 0.373833 -7.328130 0.077934 -0.006292 -0.012982 -0.739723 0.672757
1718924360.485866308 0.373788 -7.329478 0.077988 -0.006312 -0.012975 -0.739741 0.672737
1718924360.490861177 0.373745 -7.330826 0.078042 -0.006327 -0.012967 -0.739757 0.672719
1718924360.495863438 0.373704 -7.332173 0.078097 -0.006337 -0.012954 -0.739774 0.672700
1718924360.499980927 0.373671 -7.333281 0.078142 -0.006346 -0.012937 -0.739783 0.672691
1718924360.499980927 0.373671 -7.333281 0.078142 -0.006346 -0.012937 -0.739783 0.672691
1718924360.500876665 0.373664 -7.333522 0.078151 -0.006349 -0.012934 -0.739785 0.672689
1718924360.505904436 0.373625 -7.334877 0.078206 -0.006360 -0.012916 -0.739791 0.672683
1718924360.510861874 0.373588 -7.336214 0.078260 -0.006370 -0.012896 -0.739790 0.672684
1718924360.555860043 0.373157 -7.348508 0.078839 -0.006487 -0.012870 -0.739611 0.672880
1718924360.560875416 0.373096 -7.349895 0.078915 -0.006502 -0.012883 -0.739593 0.672900
1718924360.565869331 0.373033 -7.351280 0.078994 -0.006516 -0.012896 -0.739579 0.672915
1718924360.570870876 0.372968 -7.352666 0.079074 -0.006524 -0.012910 -0.739569 0.672926
1718924360.575875044 0.372901 -7.354050 0.079155 -0.006517 -0.012917 -0.739555 0.672940
1718924360.580875635 0.372832 -7.355433 0.079238 -0.006500 -0.012919 -0.739541 0.672956
1718924360.585869551 0.372759 -7.356815 0.079322 -0.006487 -0.012917 -0.739532 0.672966
1718924360.590870142 0.372683 -7.358198 0.079406 -0.006480 -0.012910 -0.739524 0.672975
1718924360.595864058 0.372605 -7.359580 0.079487 -0.006475 -0.012899 -0.739518 0.672982
1718924360.599991083 0.372538 -7.360721 0.079551 -0.006460 -0.012898 -0.739513 0.672988
1718924360.599991083 0.372538 -7.360721 0.079551 -0.006460 -0.012898 -0.739513 0.672988
1718924360.600852013 0.372524 -7.360958 0.079564 -0.006456 -0.012898 -0.739511 0.672989
1718924360.605866909 0.372441 -7.362343 0.079635 -0.006427 -0.012905 -0.739509 0.672993
1718924360.610901594 0.372354 -7.363733 0.079702 -0.006393 -0.012916 -0.739515 0.672986
1718924360.615878820 0.372266 -7.365109 0.079765 -0.006350 -0.012935 -0.739526 0.672974
1718924360.620873213 0.372173 -7.366490 0.079823 -0.006302 -0.012951 -0.739530 0.672970
1718924360.625895262 0.372076 -7.367875 0.079879 -0.006259 -0.012963 -0.739535 0.672964
1718924360.630884647 0.371975 -7.369247 0.079933 -0.006216 -0.012983 -0.739549 0.672949
1718924360.635877132 0.371870 -7.370615 0.079987 -0.006183 -0.012994 -0.739560 0.672937
1718924360.640918493 0.371759 -7.371995 0.080043 -0.006161 -0.013005 -0.739574 0.672921
1718924360.645857811 0.371645 -7.373345 0.080101 -0.006144 -0.013020 -0.739595 0.672898
1718924360.650880098 0.371527 -7.374714 0.080163 -0.006118 -0.013030 -0.739617 0.672874
1718924360.655905247 0.371407 -7.376079 0.080227 -0.006088 -0.013046 -0.739639 0.672850
1718924360.660918236 0.371285 -7.377438 0.080292 -0.006051 -0.013063 -0.739660 0.672827
1718924360.665914297 0.371163 -7.378791 0.080360 -0.006010 -0.013076 -0.739681 0.672804
1718924360.670941830 0.371040 -7.380153 0.080428 -0.005973 -0.013083 -0.739699 0.672785
1718924360.675883055 0.370919 -7.381491 0.080492 -0.005929 -0.013094 -0.739711 0.672771
1718924360.680868864 0.370799 -7.382841 0.080552 -0.005876 -0.013103 -0.739725 0.672756
1718924360.685863972 0.370680 -7.384193 0.080606 -0.005826 -0.013116 -0.739733 0.672748
1718924360.690866709 0.370562 -7.385548 0.080655 -0.005781 -0.013133 -0.739742 0.672737
1718924360.695861816 0.370447 -7.386902 0.080701 -0.005741 -0.013153 -0.739754 0.672724
1718924360.699900150 0.370354 -7.387996 0.080737 -0.005722 -0.013166 -0.739762 0.672716
1718924360.699900150 0.370354 -7.387996 0.080737 -0.005722 -0.013166 -0.739762 0.672716
1718924360.699981928 0.351393 -7.371289 0.070134 -0.004198 -0.010807 -0.739102 0.673494
1718924360.699981928 0.351393 -7.371289 0.070134 -0.004198 -0.010807 -0.739102 0.673494
1718924360.700904846 0.351382 -7.371466 0.070128 -0.004194 -0.010810 -0.739103 0.673492
1718924360.705903292 0.351325 -7.372418 0.070097 -0.004177 -0.010824 -0.739106 0.673490
1718924360.710907459 0.351272 -7.373365 0.070071 -0.004162 -0.010841 -0.739108 0.673487
1718924360.715907097 0.351224 -7.374305 0.070053 -0.004150 -0.010855 -0.739115 0.673479
1718924360.785867929 0.351157 -7.387461 0.070195 -0.004890 -0.010938 -0.738791 0.673828
1718924360.790847778 0.351198 -7.388399 0.070228 -0.004948 -0.010940 -0.738757 0.673865
1718924360.795864105 0.351248 -7.389341 0.070264 -0.005003 -0.010939 -0.738709 0.673917
1718924360.800857782 0.351305 -7.390279 0.070300 -0.005044 -0.010941 -0.738655 0.673976
1718924360.805920839 0.351371 -7.391230 0.070335 -0.005088 -0.010948 -0.738598 0.674038
1718924360.810867548 0.351443 -7.392162 0.070368 -0.005130 -0.010955 -0.738537 0.674105
1718924360.815881491 0.351523 -7.393111 0.070398 -0.005170 -0.010959 -0.738461 0.674187
1718924360.820882082 0.351610 -7.394059 0.070426 -0.005214 -0.010968 -0.738377 0.674279
1718924360.825888872 0.351703 -7.395010 0.070454 -0.005266 -0.010978 -0.738295 0.674368
1718924360.830866098 0.351802 -7.395959 0.070481 -0.005321 -0.010976 -0.738213 0.674457
1718924360.835860491 0.351906 -7.396914 0.070506 -0.005356 -0.010972 -0.738126 0.674553
1718924360.840899944 0.352016 -7.397878 0.070529 -0.005380 -0.010973 -0.738042 0.674645
1718924360.845907450 0.352129 -7.398836 0.070549 -0.005398 -0.010984 -0.737969 0.674724
1718924360.850903988 0.352243 -7.399791 0.070567 -0.005417 -0.011006 -0.737903 0.674796
1718924360.855900764 0.352356 -7.400748 0.070588 -0.005449 -0.011038 -0.737843 0.674860
1718924360.860903740 0.352468 -7.401707 0.070610 -0.005476 -0.011089 -0.737792 0.674915
1718924360.865904331 0.352576 -7.402665 0.070632 -0.005502 -0.011150 -0.737749 0.674961
1718924360.870895624 0.352678 -7.403622 0.070653 -0.005525 -0.011202 -0.737717 0.674994
1718924360.875867367 0.352773 -7.404576 0.070671 -0.005537 -0.011243 -0.737695 0.675017
1718924360.880861282 0.352861 -7.405536 0.070686 -0.005541 -0.011275 -0.737681 0.675033
1718924360.885902882 0.352944 -7.406508 0.070699 -0.005539 -0.011302 -0.737677 0.675037
1718924360.890855789 0.353020 -7.407466 0.070710 -0.005536 -0.011330 -0.737680 0.675033
1718924360.895861864 0.353092 -7.408437 0.070721 -0.005542 -0.011358 -0.737686 0.675026
1718924360.900021315 0.353148 -7.409246 0.070731 -0.005555 -0.011374 -0.737685 0.675026
1718924360.900021315 0.353148 -7.409246 0.070731 -0.005555 -0.011374 -0.737685 0.675026
1718924360.900857925 0.353159 -7.409409 0.070734 -0.005558 -0.011377 -0.737685 0.675026
1718924360.905858517 0.353224 -7.410383 0.070749 -0.005591 -0.011376 -0.737682 0.675030
1718924360.910896778 0.353288 -7.411366 0.070768 -0.005623 -0.011379 -0.737678 0.675034
1718924360.950871706 0.353751 -7.419217 0.070988 -0.005548 -0.011522 -0.737152 0.675606
1718924360.955863714 0.353804 -7.420206 0.071029 -0.005553 -0.011537 -0.737091 0.675672
1718924360.960858345 0.353856 -7.421198 0.071073 -0.005553 -0.011568 -0.737034 0.675733
1718924360.965867043 0.353906 -7.422194 0.071118 -0.005538 -0.011610 -0.736978 0.675794
1718924360.970857620 0.353955 -7.423185 0.071162 -0.005520 -0.011646 -0.736924 0.675853
1718924360.975867987 0.354002 -7.424179 0.071207 -0.005502 -0.011674 -0.736869 0.675912
1718924360.980858803 0.354047 -7.425170 0.071253 -0.005485 -0.011697 -0.736824 0.675961
1718924360.985872746 0.354090 -7.426168 0.071301 -0.005483 -0.011716 -0.736784 0.676005
1718924360.990878105 0.354131 -7.427169 0.071349 -0.005494 -0.011727 -0.736749 0.676043
1718924360.995884180 0.354170 -7.428173 0.071396 -0.005507 -0.011735 -0.736713 0.676081
1718924360.999953985 0.354201 -7.428991 0.071431 -0.005508 -0.011742 -0.736692 0.676104
1718924360.999953985 0.354201 -7.428991 0.071431 -0.005508 -0.011742 -0.736692 0.676104
1718924361.000865936 0.354208 -7.429174 0.071438 -0.005509 -0.011744 -0.736687 0.676109
1718924361.005852699 0.354242 -7.430177 0.071472 -0.005497 -0.011753 -0.736675 0.676122
1718924361.010900021 0.354276 -7.431194 0.071502 -0.005476 -0.011771 -0.736675 0.676122
1718924361.015866756 0.354309 -7.432197 0.071531 -0.005452 -0.011791 -0.736678 0.676119
1718924361.020937920 0.354344 -7.433220 0.071561 -0.005440 -0.011802 -0.736675 0.676122
1718924361.025881767 0.354379 -7.434212 0.071595 -0.005455 -0.011802 -0.736671 0.676126
1718924361.030867100 0.354417 -7.435207 0.071637 -0.005496 -0.011793 -0.736666 0.676132
1718924361.035861969 0.354460 -7.436194 0.071690 -0.005562 -0.011787 -0.736655 0.676143
1718924361.040890694 0.354510 -7.437175 0.071752 -0.005642 -0.011782 -0.736643 0.676156
1718924361.045955658 0.354567 -7.438148 0.071826 -0.005740 -0.011785 -0.736633 0.676165
1718924361.050902128 0.354631 -7.439083 0.071909 -0.005838 -0.011798 -0.736617 0.676182
1718924361.055898905 0.354706 -7.440015 0.071999 -0.005934 -0.011826 -0.736584 0.676216
1718924361.060892105 0.354791 -7.440933 0.072091 -0.006013 -0.011857 -0.736550 0.676252
1718924361.065884352 0.354883 -7.441835 0.072180 -0.006077 -0.011880 -0.736516 0.676289
1718924361.070899963 0.354983 -7.442726 0.072265 -0.006127 -0.011903 -0.736476 0.676331
1718924361.075860977 0.355089 -7.443591 0.072346 -0.006166 -0.011919 -0.736433 0.676377
1718924361.080857277 0.355201 -7.444450 0.072427 -0.006211 -0.011933 -0.736386 0.676428
1718924361.085863829 0.355318 -7.445297 0.072515 -0.006283 -0.011962 -0.736343 0.676473
1718924361.090855598 0.355440 -7.446131 0.072613 -0.006388 -0.012006 -0.736303 0.676516
1718924361.095854521 0.355565 -7.446954 0.072723 -0.006498 -0.012065 -0.736258 0.676562
1718924361.099993944 0.355673 -7.447623 0.072820 -0.006575 -0.012112 -0.736219 0.676603
1718924361.099993944 0.355673 -7.447623 0.072820 -0.006575 -0.012112 -0.736219 0.676603
1718924361.100857496 0.355696 -7.447760 0.072841 -0.006591 -0.012122 -0.736211 0.676612
1718924361.105865955 0.355834 -7.448546 0.072963 -0.006650 -0.012171 -0.736166 0.676659
1718924361.110857248 0.355973 -7.449306 0.073078 -0.006683 -0.012213 -0.736135 0.676692
1718924361.155912161 0.357327 -7.454635 0.073987 -0.007010 -0.012654 -0.736351 0.676445
1718924361.160880089 0.357487 -7.455051 0.074076 -0.007039 -0.012700 -0.736375 0.676418
1718924361.165871620 0.357650 -7.455438 0.074164 -0.007076 -0.012739 -0.736396 0.676394
1718924361.170849562 0.357813 -7.455794 0.074247 -0.007125 -0.012781 -0.736421 0.676365
1718924361.175899506 0.357981 -7.456122 0.074325 -0.007176 -0.012834 -0.736439 0.676344
1718924361.180871725 0.358148 -7.456410 0.074394 -0.007218 -0.012901 -0.736442 0.676339
1718924361.185860634 0.358316 -7.456664 0.074456 -0.007243 -0.012983 -0.736445 0.676334
1718924361.190854549 0.358481 -7.456886 0.074516 -0.007258 -0.013080 -0.736459 0.676317
1718924361.195852518 0.358641 -7.457078 0.074578 -0.007271 -0.013175 -0.736488 0.676283
1718924361.200001001 0.358771 -7.457214 0.074633 -0.007281 -0.013239 -0.736514 0.676253
1718924361.200001001 0.358771 -7.457214 0.074633 -0.007281 -0.013239 -0.736514 0.676253
1718924361.200857878 0.358797 -7.457240 0.074645 -0.007283 -0.013252 -0.736520 0.676247
1718924361.205858707 0.358948 -7.457371 0.074714 -0.007301 -0.013307 -0.736552 0.676211
1718924361.210898399 0.359095 -7.457476 0.074784 -0.007336 -0.013347 -0.736581 0.676178
1718924361.215921164 0.359237 -7.457557 0.074852 -0.007379 -0.013375 -0.736605 0.676151
1718924361.220937729 0.359375 -7.457615 0.074916 -0.007409 -0.013413 -0.736629 0.676124
1718924361.225956440 0.359511 -7.457649 0.074971 -0.007414 -0.013470 -0.736653 0.676097
1718924361.230878353 0.359642 -7.457662 0.075018 -0.007419 -0.013527 -0.736673 0.676073
1718924361.235903502 0.359774 -7.457657 0.075062 -0.007427 -0.013585 -0.736694 0.676049
1718924361.240866661 0.359904 -7.457635 0.075106 -0.007428 -0.013644 -0.736719 0.676021
1718924361.245883703 0.360033 -7.457596 0.075150 -0.007423 -0.013719 -0.736738 0.675999
1718924361.250906706 0.360162 -7.457538 0.075197 -0.007399 -0.013796 -0.736759 0.675974
1718924361.255864620 0.360288 -7.457465 0.075244 -0.007367 -0.013874 -0.736787 0.675943
1718924361.260911942 0.360415 -7.457375 0.075290 -0.007328 -0.013952 -0.736836 0.675888
1718924361.265873909 0.360538 -7.457274 0.075336 -0.007283 -0.014031 -0.736892 0.675826
1718924361.270894766 0.360661 -7.457159 0.075381 -0.007241 -0.014100 -0.736956 0.675755
1718924361.275887966 0.360784 -7.457031 0.075425 -0.007200 -0.014147 -0.737037 0.675666
1718924361.280894995 0.360907 -7.456890 0.075467 -0.007158 -0.014176 -0.737138 0.675556
1718924361.285864592 0.361032 -7.456739 0.075508 -0.007121 -0.014182 -0.737251 0.675432
1718924361.290892839 0.361162 -7.456575 0.075553 -0.007096 -0.014184 -0.737380 0.675292
1718924361.295851231 0.361293 -7.456406 0.075602 -0.007086 -0.014178 -0.737531 0.675128
1718924361.299988985 0.361406 -7.456260 0.075645 -0.007084 -0.014161 -0.737669 0.674977
1718924361.299988985 0.361406 -7.456260 0.075645 -0.007084 -0.014161 -0.737669 0.674977
1718924361.300853968 0.361430 -7.456229 0.075655 -0.007084 -0.014158 -0.737698 0.674945
1718924361.305861950 0.361574 -7.456045 0.075713 -0.007087 -0.014129 -0.737878 0.674749
1718924361.310886383 0.361729 -7.455851 0.075775 -0.007098 -0.014097 -0.738064 0.674546
1718924361.360914707 0.363689 -7.453977 0.076644 -0.006865 -0.013817 -0.740079 0.672343
1718924361.365863562 0.363927 -7.453801 0.076758 -0.006849 -0.013787 -0.740282 0.672120
1718924361.370894432 0.364179 -7.453625 0.076876 -0.006826 -0.013762 -0.740483 0.671899
1718924361.375853539 0.364435 -7.453454 0.076994 -0.006804 -0.013717 -0.740682 0.671681
1718924361.380894184 0.364702 -7.453278 0.077115 -0.006802 -0.013633 -0.740874 0.671471
1718924361.385890722 0.364971 -7.453098 0.077237 -0.006817 -0.013513 -0.741058 0.671271
1718924361.390844107 0.365242 -7.452912 0.077358 -0.006851 -0.013360 -0.741234 0.671079
1718924361.395850658 0.365520 -7.452714 0.077482 -0.006914 -0.013199 -0.741417 0.670880
1718924361.399974823 0.365751 -7.452547 0.077586 -0.006990 -0.013076 -0.741566 0.670716
1718924361.399974823 0.365751 -7.452547 0.077586 -0.006990 -0.013076 -0.741566 0.670716
1718924361.400845528 0.365800 -7.452511 0.077608 -0.007005 -0.013050 -0.741597 0.670682
1718924361.405876875 0.366085 -7.452301 0.077732 -0.007105 -0.012930 -0.741771 0.670491
1718924361.410887003 0.366371 -7.452091 0.077849 -0.007199 -0.012831 -0.741930 0.670316
1718924361.415863514 0.366658 -7.451879 0.077958 -0.007281 -0.012731 -0.742083 0.670147
1718924361.420882225 0.366944 -7.451663 0.078060 -0.007357 -0.012602 -0.742227 0.669990
1718924361.425857306 0.367219 -7.451445 0.078160 -0.007435 -0.012428 -0.742361 0.669843
1718924361.430861235 0.367488 -7.451223 0.078266 -0.007512 -0.012229 -0.742493 0.669700
1718924361.435846806 0.367754 -7.450998 0.078381 -0.007565 -0.012036 -0.742615 0.669567
1718924361.440940857 0.368023 -7.450762 0.078507 -0.007591 -0.011873 -0.742740 0.669432
1718924361.445895195 0.368278 -7.450524 0.078639 -0.007599 -0.011745 -0.742867 0.669293
1718924361.450914860 0.368528 -7.450274 0.078778 -0.007609 -0.011650 -0.743002 0.669145
1718924361.455905914 0.368768 -7.450019 0.078911 -0.007623 -0.011599 -0.743146 0.668985
1718924361.460894585 0.369003 -7.449761 0.079033 -0.007638 -0.011587 -0.743284 0.668832
1718924361.465860367 0.369233 -7.449508 0.079137 -0.007651 -0.011592 -0.743409 0.668693
1718924361.470889330 0.369462 -7.449255 0.079227 -0.007663 -0.011580 -0.743523 0.668566
1718924361.475845098 0.369685 -7.449008 0.079304 -0.007672 -0.011526 -0.743628 0.668451
1718924361.480883598 0.369908 -7.448758 0.079381 -0.007666 -0.011454 -0.743732 0.668336
1718924361.485846758 0.370126 -7.448515 0.079466 -0.007638 -0.011385 -0.743828 0.668230
1718924361.490842819 0.370345 -7.448273 0.079567 -0.007596 -0.011338 -0.743921 0.668128
1718924361.495849133 0.370565 -7.448033 0.079683 -0.007550 -0.011323 -0.744011 0.668028
1718924361.500006914 0.370751 -7.447835 0.079785 -0.007514 -0.011339 -0.744084 0.667948
1718924361.500006914 0.370751 -7.447835 0.079785 -0.007514 -0.011339 -0.744084 0.667948
1718924361.500844717 0.370788 -7.447795 0.079806 -0.007507 -0.011342 -0.744099 0.667931
1718924361.505846977 0.371017 -7.447556 0.079926 -0.007468 -0.011380 -0.744195 0.667824
1718924361.510843039 0.371252 -7.447317 0.080037 -0.007435 -0.011399 -0.744294 0.667713
1718924361.565872192 0.374261 -7.444820 0.080759 -0.007018 -0.011571 -0.745673 0.666174
1718924361.570844412 0.374570 -7.444624 0.080798 -0.006981 -0.011587 -0.745798 0.666035
1718924361.575849533 0.374888 -7.444429 0.080836 -0.006926 -0.011608 -0.745923 0.665895
1718924361.580883026 0.375215 -7.444235 0.080875 -0.006858 -0.011636 -0.746042 0.665761
1718924361.585848808 0.375543 -7.444045 0.080921 -0.006778 -0.011656 -0.746151 0.665641
1718924361.590842485 0.375877 -7.443857 0.080973 -0.006695 -0.011681 -0.746262 0.665516
1718924361.595840693 0.376215 -7.443673 0.081031 -0.006613 -0.011714 -0.746373 0.665391
1718924361.600843906 0.376556 -7.443492 0.081090 -0.006554 -0.011738 -0.746476 0.665276
1718924361.605853558 0.376898 -7.443314 0.081148 -0.006506 -0.011747 -0.746577 0.665163
1718924361.610843897 0.377238 -7.443137 0.081202 -0.006467 -0.011728 -0.746682 0.665047
1718924361.615847826 0.377577 -7.442962 0.081250 -0.006441 -0.011688 -0.746789 0.664927
1718924361.620868921 0.377915 -7.442790 0.081292 -0.006425 -0.011641 -0.746900 0.664803
1718924361.625920534 0.378253 -7.442618 0.081330 -0.006402 -0.011594 -0.747019 0.664671
1718924361.630897999 0.378585 -7.442448 0.081366 -0.006365 -0.011564 -0.747138 0.664538
1718924361.635913849 0.378917 -7.442279 0.081402 -0.006313 -0.011562 -0.747259 0.664402
1718924361.640916348 0.379242 -7.442114 0.081439 -0.006259 -0.011587 -0.747377 0.664270
1718924361.645892859 0.379559 -7.441952 0.081475 -0.006216 -0.011621 -0.747492 0.664140
1718924361.650877237 0.379869 -7.441794 0.081512 -0.006185 -0.011657 -0.747603 0.664015
1718924361.655848503 0.380171 -7.441640 0.081547 -0.006154 -0.011684 -0.747710 0.663894
1718924361.660850286 0.380467 -7.441490 0.081580 -0.006122 -0.011694 -0.747819 0.663771
1718924361.665863276 0.380754 -7.441344 0.081613 -0.006090 -0.011680 -0.747926 0.663651
1718924361.670856714 0.381032 -7.441203 0.081645 -0.006048 -0.011666 -0.748027 0.663539
1718924361.675839186 0.381303 -7.441069 0.081675 -0.005989 -0.011670 -0.748121 0.663433
1718924361.680842876 0.381568 -7.440942 0.081706 -0.005931 -0.011680 -0.748205 0.663339
1718924361.685879707 0.381825 -7.440820 0.081737 -0.005886 -0.011687 -0.748283 0.663251
1718924361.690887213 0.382073 -7.440704 0.081770 -0.005841 -0.011691 -0.748361 0.663162
1718924361.695879698 0.382315 -7.440593 0.081803 -0.005784 -0.011701 -0.748440 0.663074
1718924361.699888229 0.382507 -7.440508 0.081828 -0.005736 -0.011717 -0.748504 0.663002
1718924361.699888229 0.382507 -7.440508 0.081828 -0.005736 -0.011717 -0.748504 0.663002
1718924361.700843334 0.382551 -7.440488 0.081834 -0.005725 -0.011721 -0.748520 0.662984
1718924361.705878496 0.382786 -7.440383 0.081864 -0.005643 -0.011753 -0.748608 0.662885
1718924361.710834503 0.383015 -7.440284 0.081889 -0.005538 -0.011789 -0.748704 0.662777
1718924361.715843678 0.383243 -7.440186 0.081912 -0.005414 -0.011832 -0.748808 0.662660
1718924361.720845461 0.383469 -7.440091 0.081933 -0.005286 -0.011879 -0.748923 0.662529
1718924361.799962997 0.386329 -7.438320 0.080934 -0.008262 -0.008737 -0.752859 0.658072
1718924361.799962997 0.386329 -7.438320 0.080934 -0.008262 -0.008737 -0.752859 0.658072
1718924361.815838814 0.386558 -7.438056 0.080443 -0.008858 -0.008121 -0.753645 0.657171
1718924361.820851088 0.386616 -7.437983 0.080279 -0.009054 -0.007904 -0.753894 0.656886
1718924361.825899124 0.386672 -7.437912 0.080114 -0.009236 -0.007707 -0.754140 0.656603
1718924361.830889702 0.386725 -7.437847 0.079950 -0.009403 -0.007526 -0.754388 0.656318
1718924361.835839510 0.386772 -7.437785 0.079789 -0.009580 -0.007351 -0.754637 0.656031
1718924361.840886593 0.386813 -7.437725 0.079628 -0.009775 -0.007193 -0.754886 0.655743
1718924361.845950127 0.386850 -7.437666 0.079468 -0.009949 -0.007063 -0.755140 0.655449
1718924361.850884199 0.386884 -7.437612 0.079313 -0.010085 -0.006965 -0.755398 0.655152
1718924361.855875254 0.386921 -7.437562 0.079155 -0.010183 -0.006912 -0.755665 0.654842
1718924361.860869408 0.386959 -7.437519 0.079001 -0.010254 -0.006888 -0.755935 0.654531
1718924361.865875006 0.386999 -7.437480 0.078850 -0.010311 -0.006873 -0.756202 0.654221
1718924361.870829582 0.387041 -7.437446 0.078705 -0.010378 -0.006854 -0.756458 0.653924
1718924361.875827312 0.387087 -7.437417 0.078562 -0.010451 -0.006826 -0.756705 0.653637
1718924361.880870342 0.387136 -7.437393 0.078421 -0.010529 -0.006769 -0.756942 0.653362
1718924361.885837793 0.387185 -7.437376 0.078285 -0.010610 -0.006677 -0.757176 0.653090
1718924361.890831709 0.387236 -7.437362 0.078151 -0.010693 -0.006559 -0.757406 0.652824
1718924361.895820856 0.387288 -7.437353 0.078022 -0.010794 -0.006423 -0.757635 0.652557
1718924361.900003195 0.387331 -7.437349 0.077916 -0.010878 -0.006309 -0.757823 0.652339
1718924361.900003195 0.387331 -7.437349 0.077916 -0.010878 -0.006309 -0.757823 0.652339
1718924361.900009871 0.361955 -7.423282 0.071845 -0.005387 -0.006700 -0.763797 0.645399
1718924361.900009871 0.361955 -7.423282 0.071845 -0.005387 -0.006700 -0.763797 0.645399
1718924361.900828600 0.362072 -7.423267 0.071905 -0.005404 -0.006677 -0.763834 0.645355
1718924361.905822515 0.362788 -7.423178 0.072268 -0.005474 -0.006561 -0.764056 0.645093
1718924361.910834074 0.363508 -7.423092 0.072616 -0.005513 -0.006488 -0.764285 0.644823
1718924361.915897369 0.364234 -7.423004 0.072942 -0.005525 -0.006447 -0.764539 0.644522
1718924361.955879450 0.370362 -7.422518 0.075108 -0.004748 -0.006552 -0.767632 0.640839
1718924361.960870743 0.371179 -7.422496 0.075334 -0.004640 -0.006615 -0.768026 0.640368
1718924361.965963602 0.372018 -7.422477 0.075557 -0.004554 -0.006702 -0.768439 0.639872
1718924361.970885038 0.372832 -7.422465 0.075771 -0.004520 -0.006780 -0.768845 0.639383
1718924361.975829363 0.373653 -7.422460 0.075989 -0.004511 -0.006857 -0.769258 0.638885
1718924361.980820417 0.374485 -7.422461 0.076214 -0.004493 -0.006916 -0.769694 0.638359
1718924361.985858917 0.375325 -7.422463 0.076450 -0.004470 -0.006927 -0.770146 0.637814
1718924361.990869522 0.376156 -7.422463 0.076692 -0.004440 -0.006882 -0.770599 0.637267
1718924361.995868683 0.376979 -7.422462 0.076937 -0.004420 -0.006792 -0.771066 0.636703
1718924362.000855207 0.377791 -7.422460 0.077185 -0.004422 -0.006672 -0.771545 0.636125
1718924362.005869150 0.378599 -7.422456 0.077430 -0.004433 -0.006554 -0.772040 0.635525
1718924362.010863781 0.379400 -7.422452 0.077664 -0.004442 -0.006462 -0.772546 0.634911
1718924362.015885592 0.380212 -7.422450 0.077884 -0.004392 -0.006461 -0.773062 0.634282
1718924362.020834208 0.381025 -7.422454 0.078084 -0.004289 -0.006541 -0.773575 0.633656
1718924362.025936842 0.381873 -7.422467 0.078287 -0.004220 -0.006618 -0.774111 0.633001
1718924362.030827761 0.382686 -7.422486 0.078494 -0.004238 -0.006611 -0.774623 0.632374
1718924362.035890341 0.383522 -7.422510 0.078735 -0.004339 -0.006492 -0.775144 0.631736
1718924362.040838242 0.384331 -7.422536 0.078995 -0.004468 -0.006304 -0.775642 0.631125
1718924362.045870543 0.385143 -7.422564 0.079273 -0.004593 -0.006080 -0.776137 0.630518
1718924362.050892115 0.385943 -7.422591 0.079554 -0.004686 -0.005858 -0.776616 0.629929
1718924362.055833578 0.386725 -7.422614 0.079822 -0.004712 -0.005700 -0.777085 0.629353
1718924362.060872316 0.387525 -7.422638 0.080080 -0.004660 -0.005656 -0.777570 0.628754
1718924362.065833092 0.388326 -7.422666 0.080314 -0.004540 -0.005751 -0.778063 0.628144
1718924362.070843220 0.389154 -7.422702 0.080532 -0.004390 -0.005937 -0.778590 0.627490
1718924362.075879812 0.390002 -7.422748 0.080743 -0.004257 -0.006136 -0.779140 0.626805
1718924362.080832720 0.390840 -7.422800 0.080956 -0.004216 -0.006230 -0.779694 0.626116
1718924362.085858583 0.391682 -7.422856 0.081186 -0.004281 -0.006162 -0.780254 0.625418
1718924362.090854406 0.392501 -7.422915 0.081432 -0.004439 -0.005947 -0.780797 0.624740
1718924362.095857859 0.393306 -7.422974 0.081690 -0.004632 -0.005663 -0.781334 0.624070
1718924362.099996090 0.393962 -7.423023 0.081907 -0.004763 -0.005455 -0.781769 0.623525
1718924362.099996090 0.393962 -7.423023 0.081907 -0.004763 -0.005455 -0.781769 0.623525
1718924362.100861788 0.394099 -7.423034 0.081952 -0.004791 -0.005412 -0.781861 0.623411
1718924362.105857611 0.394887 -7.423098 0.082210 -0.004881 -0.005269 -0.782372 0.622770
1718924362.110853434 0.395681 -7.423169 0.082454 -0.004875 -0.005267 -0.782875 0.622138
1718924362.115879059 0.396496 -7.423252 0.082681 -0.004789 -0.005395 -0.783368 0.621516
1718924362.199989319 0.410614 -7.425748 0.084150 -0.005991 -0.004383 -0.789795 0.613326
1718924362.199989319 0.410614 -7.425748 0.084150 -0.005991 -0.004383 -0.789795 0.613326
1718924362.220827579 0.414209 -7.426696 0.083844 -0.006243 -0.004141 -0.791398 0.611255
1718924362.225849867 0.415082 -7.426943 0.083728 -0.006198 -0.004160 -0.791774 0.610768
1718924362.230841637 0.415952 -7.427197 0.083594 -0.006072 -0.004248 -0.792141 0.610293
1718924362.235832930 0.416824 -7.427460 0.083444 -0.005908 -0.004381 -0.792508 0.609817
1718924362.240819931 0.417698 -7.427732 0.083286 -0.005739 -0.004552 -0.792870 0.609347
1718924362.245830059 0.418578 -7.428017 0.083126 -0.005604 -0.004721 -0.793229 0.608880
1718924362.250813246 0.419452 -7.428312 0.082976 -0.005504 -0.004826 -0.793575 0.608429
1718924362.255817890 0.420325 -7.428619 0.082841 -0.005445 -0.004865 -0.793917 0.607983
1718924362.260821342 0.421193 -7.428937 0.082715 -0.005388 -0.004865 -0.794246 0.607553
1718924362.265824080 0.422058 -7.429263 0.082597 -0.005290 -0.004862 -0.794557 0.607148
1718924362.270825624 0.422921 -7.429599 0.082483 -0.005169 -0.004876 -0.794856 0.606757
1718924362.275829315 0.423780 -7.429943 0.082373 -0.005049 -0.004907 -0.795142 0.606382
1718924362.280821562 0.424637 -7.430297 0.082264 -0.004919 -0.004974 -0.795416 0.606023
1718924362.285831451 0.425496 -7.430664 0.082159 -0.004795 -0.005058 -0.795678 0.605680
1718924362.290833712 0.426350 -7.431039 0.082061 -0.004686 -0.005120 -0.795924 0.605357
1718924362.295812130 0.427194 -7.431419 0.081969 -0.004587 -0.005153 -0.796157 0.605050
1718924362.300001144 0.427899 -7.431743 0.081890 -0.004500 -0.005167 -0.796346 0.604802
1718924362.300001144 0.427899 -7.431743 0.081890 -0.004500 -0.005167 -0.796346 0.604802
1718924362.300803185 0.428033 -7.431805 0.081875 -0.004484 -0.005169 -0.796382 0.604755
1718924362.305805922 0.428868 -7.432197 0.081778 -0.004353 -0.005180 -0.796596 0.604474
1718924362.310806751 0.429695 -7.432594 0.081678 -0.004208 -0.005190 -0.796809 0.604194
1718924362.395846367 0.443393 -7.440372 0.081822 -0.006608 -0.003047 -0.802139 0.597094
1718924362.399981260 0.444040 -7.440792 0.081928 -0.006732 -0.002897 -0.802380 0.596769
1718924362.399981260 0.444040 -7.440792 0.081928 -0.006732 -0.002897 -0.802380 0.596769
1718924362.400803089 0.444169 -7.440876 0.081949 -0.006756 -0.002868 -0.802428 0.596704
1718924362.405856848 0.444959 -7.441399 0.082080 -0.006884 -0.002672 -0.802716 0.596316
1718924362.410845041 0.445741 -7.441921 0.082204 -0.006966 -0.002497 -0.802989 0.595948
1718924362.415882349 0.446536 -7.442454 0.082318 -0.006998 -0.002373 -0.803272 0.595566
1718924362.420885801 0.447332 -7.442988 0.082415 -0.006970 -0.002309 -0.803566 0.595171
1718924362.425910950 0.448139 -7.443526 0.082497 -0.006920 -0.002278 -0.803875 0.594754
1718924362.430827141 0.448936 -7.444050 0.082568 -0.006873 -0.002252 -0.804198 0.594317
1718924362.435855389 0.449757 -7.444582 0.082636 -0.006839 -0.002228 -0.804563 0.593824
1718924362.440876961 0.450580 -7.445108 0.082709 -0.006849 -0.002179 -0.804954 0.593294
1718924362.445806742 0.451388 -7.445619 0.082790 -0.006901 -0.002111 -0.805356 0.592748
1718924362.450820923 0.452212 -7.446134 0.082883 -0.006950 -0.002047 -0.805784 0.592165
1718924362.455845356 0.453038 -7.446648 0.082987 -0.006984 -0.002008 -0.806244 0.591538
1718924362.460850239 0.453858 -7.447157 0.083105 -0.007036 -0.001977 -0.806735 0.590868
1718924362.465816498 0.454671 -7.447661 0.083235 -0.007078 -0.001958 -0.807243 0.590173
1718924362.470811844 0.455496 -7.448170 0.083371 -0.007094 -0.001983 -0.807776 0.589444
1718924362.475831270 0.456336 -7.448681 0.083505 -0.007074 -0.002049 -0.808328 0.588686
1718924362.480892658 0.457190 -7.449193 0.083631 -0.007036 -0.002103 -0.808910 0.587887
1718924362.485820770 0.458021 -7.449689 0.083746 -0.007040 -0.002103 -0.809492 0.587085
1718924362.490813494 0.458857 -7.450191 0.083853 -0.007096 -0.002047 -0.810102 0.586243
1718924362.495856285 0.459699 -7.450694 0.083951 -0.007143 -0.001992 -0.810731 0.585372
1718924362.499978304 0.460389 -7.451101 0.084025 -0.007164 -0.001955 -0.811254 0.584647
1718924362.499978304 0.460389 -7.451101 0.084025 -0.007164 -0.001955 -0.811254 0.584647
1718924362.500844479 0.460534 -7.451186 0.084040 -0.007171 -0.001946 -0.811363 0.584496
1718924362.505839825 0.461366 -7.451675 0.084125 -0.007220 -0.001870 -0.812000 0.583610
1718924362.510852814 0.462192 -7.452163 0.084211 -0.007295 -0.001759 -0.812635 0.582725
1718924362.599992275 0.473995 -7.460850 0.086487 -0.008471 -0.000529 -0.822196 0.569141
1718924362.599992275 0.473995 -7.460850 0.086487 -0.008471 -0.000529 -0.822196 0.569141
1718924362.605807066 0.474660 -7.461334 0.086565 -0.008543 -0.000455 -0.822818 0.568241
1718924362.610805273 0.475217 -7.461761 0.086637 -0.008581 -0.000432 -0.823349 0.567470
1718924362.615808725 0.475776 -7.462188 0.086697 -0.008563 -0.000427 -0.823910 0.566656
1718924362.620822668 0.476324 -7.462603 0.086757 -0.008568 -0.000311 -0.824505 0.565790
1718924362.625938177 0.476866 -7.463009 0.086827 -0.008606 -0.000055 -0.825136 0.564869
1718924362.630984545 0.477385 -7.463392 0.086905 -0.008657 0.000235 -0.825788 0.563914
1718924362.635844946 0.477876 -7.463752 0.086981 -0.008679 0.000425 -0.826446 0.562948
1718924362.640867233 0.478378 -7.464113 0.087050 -0.008673 0.000511 -0.827177 0.561874
1718924362.645811796 0.478862 -7.464458 0.087109 -0.008648 0.000562 -0.827943 0.560746
1718924362.650802851 0.479346 -7.464794 0.087155 -0.008597 0.000640 -0.828739 0.559569
1718924362.655816317 0.479833 -7.465124 0.087176 -0.008543 0.000743 -0.829555 0.558359
1718924362.660791397 0.480314 -7.465446 0.087169 -0.008482 0.000870 -0.830377 0.557137
1718924362.665804386 0.480787 -7.465764 0.087138 -0.008415 0.001016 -0.831230 0.555864
1718924362.670800447 0.481244 -7.466078 0.087085 -0.008359 0.001133 -0.832106 0.554552
1718924362.675815821 0.481692 -7.466393 0.087003 -0.008314 0.001244 -0.833005 0.553202
1718924362.680845737 0.482128 -7.466708 0.086888 -0.008276 0.001395 -0.833907 0.551842
1718924362.685870171 0.482547 -7.467018 0.086748 -0.008282 0.001660 -0.834821 0.550456
1718924362.690800428 0.482936 -7.467318 0.086594 -0.008367 0.002029 -0.835739 0.549059
1718924362.695794106 0.483315 -7.467619 0.086419 -0.008502 0.002436 -0.836688 0.547609
1718924362.699913025 0.483612 -7.467875 0.086264 -0.008622 0.002723 -0.837476 0.546399
1718924362.699913025 0.483612 -7.467875 0.086264 -0.008622 0.002723 -0.837476 0.546399
1718924362.699974298 0.433452 -7.428463 0.043982 0.009156 -0.008528 -0.845014 0.534598
