1718924308.099987030 0.257080 0.026800 0.030500 0.000000 -0.000000 -0.000000 1.000000
1718924308.199985981 0.249182 0.024136 0.032299 0.000653 -0.001692 -0.000024 0.999998
1718924308.299984932 0.243486 0.022097 0.033814 0.001247 -0.003313 -0.000052 0.999994
1718924308.399983883 0.239606 0.020833 0.035089 0.001689 -0.004756 0.000122 0.999987
1718924308.499981880 0.237325 0.020057 0.036254 0.002216 -0.006222 0.000077 0.999978
1718924308.599982023 0.236333 0.019673 0.037311 0.002720 -0.007484 0.000076 0.999968
1718924308.699983835 0.236338 0.019612 0.038251 0.003137 -0.008728 0.000094 0.999957
1718924308.799981833 0.237052 0.019782 0.039042 0.003510 -0.009736 -0.000037 0.999946
1718924308.900025845 0.238246 0.020255 0.039730 0.003814 -0.010689 -0.000028 0.999936
1718924309.099987268 0.241560 0.021567 0.040633 0.004344 -0.011966 -0.000088 0.999919
1718924309.199988127 0.243410 0.022357 0.041044 0.004592 -0.012413 -0.000055 0.999912
1718924309.299988270 0.245245 0.023197 0.041291 0.004703 -0.012792 -0.000071 0.999907
1718924309.399987221 0.247044 0.024103 0.041356 0.004873 -0.012959 0.000085 0.999904
1718924309.499984264 0.248042 0.024586 0.040669 0.004894 -0.012968 0.000075 0.999904
1718924309.599990129 0.249685 0.025204 0.040687 0.004933 -0.013095 -0.000001 0.999902
1718924309.699899197 0.251174 0.025809 0.040650 0.004917 -0.013194 0.000038 0.999901
1718924309.799987316 0.252387 0.026393 0.040494 0.004847 -0.013320 0.000227 0.999900
1718924309.900012255 0.253345 0.026731 0.040417 0.004843 -0.013373 0.000206 0.999899
1718924310.099985123 0.254759 0.026899 0.040289 0.004763 -0.013213 0.000047 0.999901
1718924310.199984074 0.255234 0.026901 0.040194 0.004632 -0.013000 0.000003 0.999905
1718924310.299985170 0.255527 0.026901 0.039982 0.004600 -0.012856 -0.000009 0.999907
1718924310.399986029 0.255769 0.026960 0.039728 0.004566 -0.012694 0.000074 0.999909
1718924310.499984026 0.255959 0.026985 0.039415 0.004473 -0.012600 0.000111 0.999911
1718924310.599987030 0.256018 0.027084 0.039100 0.004462 -0.012512 0.000213 0.999912
1718924310.699902058 0.255932 0.027140 0.038834 0.004404 -0.012471 0.000164 0.999913
1718924310.799989223 0.255798 0.027147 0.038631 0.004357 -0.012444 0.000151 0.999913
1718924310.900013208 0.255619 0.027120 0.038543 0.004365 -0.012445 0.000071 0.999913
1718924311.099992037 0.255145 0.027069 0.038408 0.004410 -0.012397 -0.000120 0.999913
1718924311.199990988 0.254933 0.027137 0.038352 0.004451 -0.012255 -0.000092 0.999915
1718924311.299993038 0.254717 0.027205 0.038306 0.004437 -0.012220 -0.000074 0.999915
1718924311.399989128 0.254447 0.027246 0.038241 0.004420 -0.012239 -0.000048 0.999915
1718924311.499993086 0.254223 0.027230 0.038130 0.004411 -0.012244 -0.000053 0.999915
1718924311.599995136 0.254015 0.027165 0.037933 0.004459 -0.012197 -0.000042 0.999916
1718924311.699909925 0.253830 0.027036 0.037766 0.004503 -0.012213 -0.000070 0.999915
1718924311.799997091 0.253745 0.026883 0.037706 0.004579 -0.012291 -0.000079 0.999914
1718924311.900012970 0.253742 0.026745 0.037654 0.004636 -0.012334 -0.000085 0.999913
1718924312.099996805 0.253663 0.026380 0.037490 0.004623 -0.012325 -0.000044 0.999913
1718924312.199986935 0.253649 0.026210 0.037363 0.004505 -0.012264 -0.000013 0.999915
1718924312.299986839 0.253084 0.025954 0.036956 0.004382 -0.011948 -0.000044 0.999919
1718924312.399981022 0.253260 0.025922 0.036917 0.004422 -0.011915 -0.000051 0.999919
1718924312.499984980 0.253487 0.025976 0.036850 0.004415 -0.011883 -0.000041 0.999920
1718924312.599984884 0.253815 0.026055 0.036759 0.004409 -0.011831 0.000031 0.999920
1718924312.699980974 0.254177 0.026120 0.036630 0.004390 -0.011825 0.000076 0.999920
1718924312.799980879 0.254637 0.026189 0.036592 0.004514 -0.011894 0.000076 0.999919
1718924312.900023937 0.255229 0.026334 0.036532 0.004486 -0.011950 0.000119 0.999919
1718924313.099992275 0.259117 0.026521 0.036000 0.004423 -0.011959 0.000321 0.999919
1718924313.199992180 0.262355 0.026162 0.035875 0.004467 -0.011914 -0.000249 0.999919
1718924313.299998283 0.262022 0.026021 0.036111 0.004515 -0.011962 -0.000070 0.999918
1718924313.399987221 0.260375 0.025698 0.036289 0.004362 -0.011877 -0.000502 0.999920
1718924313.499996185 0.259825 0.025740 0.036495 0.004399 -0.011886 -0.000362 0.999920
1718924313.599999189 0.259293 0.025702 0.036669 0.004453 -0.011898 -0.000185 0.999919
1718924313.699904203 0.259656 0.025581 0.036816 0.004343 -0.011881 -0.000372 0.999920
1718924313.800001144 0.260262 0.025279 0.037015 0.004368 -0.011941 -0.000439 0.999919
1718924313.900011301 0.260110 0.025135 0.037204 0.004406 -0.012025 -0.000322 0.999918
1718924314.100000143 0.260016 0.024891 0.037401 0.004308 -0.012151 -0.000300 0.999917
1718924314.199998140 0.260066 0.024855 0.037430 0.004284 -0.012201 -0.000230 0.999916
1718924314.299994230 0.260190 0.024732 0.037405 0.004267 -0.012248 -0.000162 0.999916
1718924314.399995089 0.260365 0.024637 0.037337 0.004203 -0.012250 -0.000160 0.999916
1718924314.499998093 0.260036 0.024421 0.036337 0.004174 -0.012028 -0.000171 0.999919
1718924314.599995136 0.260435 0.024346 0.036260 0.004168 -0.012043 -0.000226 0.999919
1718924314.699899197 0.260819 0.024316 0.036191 0.004198 -0.012135 -0.000290 0.999918
1718924314.799995184 0.260772 0.024293 0.034098 0.004170 -0.012186 -0.000295 0.999917
1718924314.900014162 0.261324 0.024334 0.033784 0.004101 -0.012263 -0.000359 0.999916
1718924315.099992990 0.263122 0.024726 0.033051 0.004052 -0.012315 -0.000386 0.999916
1718924315.199988127 0.265118 0.025007 0.032688 0.003968 -0.012311 -0.000390 0.999916
1718924315.299983978 0.268639 0.025393 0.032420 0.003871 -0.012439 -0.000513 0.999915
1718924315.399984121 0.278361 0.026208 0.032492 0.003785 -0.012516 -0.000255 0.999914
1718924315.499979973 0.293763 0.026641 0.032625 0.003517 -0.012603 -0.000623 0.999914
1718924315.599982023 0.311916 0.027544 0.032781 0.003164 -0.012573 -0.000381 0.999916
1718924315.699909925 0.332341 0.027515 0.032949 0.003151 -0.012682 -0.000534 0.999914
1718924315.799978018 0.354328 0.027935 0.033148 0.003174 -0.012576 -0.000066 0.999916
1718924315.900018930 0.376398 0.027964 0.033646 0.002908 -0.012733 -0.000026 0.999915
1718924316.099987030 0.418825 0.027123 0.034792 0.002535 -0.012699 -0.000244 0.999916
1718924316.199985027 0.439741 0.026189 0.035391 0.002335 -0.012616 -0.000656 0.999917
1718924316.299983978 0.460257 0.025690 0.036196 0.002182 -0.012703 -0.000544 0.999917
1718924316.399984837 0.480713 0.025392 0.037261 0.001796 -0.012755 -0.000705 0.999917
1718924316.499989986 0.500476 0.025954 0.038679 0.001462 -0.012904 -0.000664 0.999915
1718924316.599992037 0.520570 0.025668 0.040038 0.001736 -0.012873 -0.000978 0.999915
1718924316.699987888 0.541615 0.026390 0.041536 0.001700 -0.013098 -0.000724 0.999913
1718924316.799993992 0.563413 0.027151 0.042757 0.001629 -0.013310 -0.000167 0.999910
1718924316.900007010 0.585914 0.026260 0.043859 0.001772 -0.013486 0.000176 0.999907
1718924317.099992275 0.630943 0.025116 0.044979 0.001744 -0.013616 0.000111 0.999906
1718924317.199991226 0.653425 0.024697 0.045037 0.001646 -0.013479 0.000211 0.999908
1718924317.299991131 0.676065 0.024534 0.044210 0.001601 -0.013328 0.000266 0.999910
1718924317.399995327 0.699271 0.024508 0.043308 0.001464 -0.013296 0.000150 0.999911
1718924317.499980211 0.721676 0.024287 0.042344 0.001474 -0.012981 0.000588 0.999914
1718924317.599990129 0.744853 0.024886 0.041664 0.001379 -0.012905 0.000377 0.999916
1718924317.699901342 0.767967 0.024954 0.041020 0.001606 -0.012839 0.000848 0.999916
1718924317.799991131 0.790087 0.025034 0.040246 0.001843 -0.012660 0.000847 0.999918
1718924317.900009155 0.810792 0.024532 0.039462 0.002103 -0.012642 0.000682 0.999918
1718924318.099990129 0.850691 0.023875 0.038156 0.002625 -0.012787 0.001274 0.999914
1718924318.199992180 0.870204 0.023350 0.037198 0.003274 -0.012419 0.001671 0.999916
1718924318.299984217 0.889630 0.021235 0.035820 0.003930 -0.012262 0.002100 0.999915
1718924318.399982214 0.909181 0.020173 0.034592 0.003882 -0.012323 0.002139 0.999914
1718924318.499986172 0.929131 0.017907 0.033369 0.004292 -0.012326 0.002237 0.999912
1718924318.599983215 0.948990 0.015644 0.032182 0.004435 -0.012559 0.002219 0.999909
1718924318.699899197 0.968521 0.014394 0.031452 0.004400 -0.012750 0.001974 0.999907
1718924318.799984217 0.987547 0.012905 0.030453 0.004699 -0.012861 0.001888 0.999904
1718924318.900006056 1.005735 0.014167 0.029594 0.004809 -0.013108 0.002120 0.999900
1718924319.099985123 1.041387 0.015481 0.027162 0.005193 -0.013160 0.002233 0.999897
1718924319.199986935 1.059542 0.016485 0.026458 0.005136 -0.013371 0.002237 0.999895
1718924319.299988985 1.078077 0.017270 0.026271 0.005288 -0.013682 0.002607 0.999889
1718924319.399987936 1.096570 0.017970 0.026248 0.005085 -0.014067 0.002464 0.999885
1718924319.499987125 1.115219 0.017986 0.026178 0.005332 -0.014329 0.002940 0.999879
1718924319.599990129 1.138053 0.018684 0.022605 0.005585 -0.014979 0.002747 0.999868
1718924319.699896097 1.157419 0.017710 0.022872 0.005728 -0.015175 0.002435 0.999865
1718924319.799987078 1.176510 0.016990 0.023210 0.005681 -0.015357 0.002547 0.999863
1718924319.900000095 1.195314 0.016657 0.023773 0.005640 -0.015716 0.002651 0.999857
1718924320.099987984 1.229522 0.014731 0.023819 0.005576 -0.015718 0.002342 0.999858
1718924320.199991941 1.242992 0.014560 0.024105 0.004943 -0.015868 0.003006 0.999857
1718924320.299990892 1.248406 0.014600 0.025866 0.004463 -0.016973 0.003226 0.999841
1718924320.399989843 1.246296 0.013542 0.026705 0.004275 -0.017179 0.001912 0.999841
1718924320.499992847 1.242818 0.014228 0.027938 0.004101 -0.017292 0.000885 0.999842
1718924320.599983931 1.238598 0.015311 0.029410 0.004077 -0.017026 0.000288 0.999847
1718924320.699975967 1.234743 0.017351 0.031095 0.003881 -0.016769 -0.000230 0.999852
1718924320.799979925 1.231363 0.019517 0.033202 0.003236 -0.015853 -0.001622 0.999868
1718924320.900017977 1.228322 0.021928 0.035947 0.002536 -0.015282 -0.004169 0.999871
1718924321.099987984 1.224626 0.020542 0.041486 -0.001572 -0.013275 -0.013457 0.999820
1718924321.199980259 1.222603 0.019239 0.043260 -0.003431 -0.012342 -0.019225 0.999733
1718924321.299994230 1.221181 0.020290 0.044110 -0.004970 -0.011490 -0.024492 0.999622
1718924321.399999142 1.220871 0.022851 0.045654 -0.006023 -0.010776 -0.029105 0.999500
1718924321.500002146 1.221216 0.028564 0.047545 -0.005269 -0.010222 -0.032451 0.999407
1718924321.599977255 1.222175 0.033588 0.049327 -0.005553 -0.009711 -0.039082 0.999173
1718924321.699892282 1.223813 0.037392 0.050930 -0.006787 -0.008892 -0.047799 0.998794
1718924321.799995184 1.225980 0.039953 0.052392 -0.008099 -0.008305 -0.061604 0.998033
1718924321.900022268 1.228840 0.045062 0.054645 -0.009433 -0.008111 -0.075687 0.997054
1718924322.099982023 1.241131 0.060744 0.058133 -0.013067 -0.007393 -0.103096 0.994558
1718924322.200005293 1.248824 0.070433 0.059623 -0.013085 -0.007299 -0.116792 0.993043
1718924322.399972200 1.256136 0.075696 0.051965 -0.008702 -0.002448 -0.171512 0.985141
1718924322.499963999 1.254424 0.071720 0.038038 -0.000844 -0.006073 -0.207457 0.978225
1718924322.599920988 1.248598 0.067040 0.017553 -0.000891 -0.007976 -0.247708 0.968802
1718924322.699898243 1.248425 0.073776 -0.008420 -0.002039 -0.006739 -0.269065 0.963096
1718924322.799969912 1.247999 0.077919 -0.038204 -0.005459 -0.004949 -0.298260 0.954456
1718924322.899981976 1.244855 0.076867 -0.063909 -0.006306 -0.003039 -0.330426 0.943806
1718924322.900018930 1.262651 0.039982 -0.031611 -0.006106 -0.004414 -0.341987 0.939675
1718924323.099937916 1.255199 0.026127 -0.006282 -0.004627 -0.008306 -0.395062 0.918605
1718924323.199996948 1.254352 0.025081 0.002566 -0.005464 -0.006815 -0.414256 0.910119
1718924323.299955845 1.242420 0.015255 0.004417 -0.004906 -0.006201 -0.450564 0.892709
1718924323.399986982 1.248251 0.020030 0.009278 -0.005388 -0.006674 -0.459969 0.887894
1718924323.499949932 1.246702 0.019193 0.012617 -0.002591 -0.008058 -0.484223 0.874904
1718924323.600003004 1.248440 0.021295 0.016830 -0.005713 -0.006665 -0.496451 0.868020
1718924323.699901342 1.243971 0.019106 0.019783 -0.006971 -0.008314 -0.511071 0.859470
1718924323.799980879 1.241996 0.018490 0.019400 -0.003385 -0.010128 -0.521595 0.853127
1718924323.900089979 1.240921 0.019970 0.018193 -0.003298 -0.013082 -0.537717 0.843017
1718924324.099979877 1.243467 0.023262 0.018495 -0.003514 -0.012332 -0.569406 0.821957
1718924324.199982882 1.242901 0.024914 0.018209 -0.000668 -0.010053 -0.584333 0.811452
1718924324.299983025 1.242020 0.024544 0.019555 -0.005258 -0.005986 -0.598648 0.800973
1718924324.399986982 1.228276 0.020234 0.014660 -0.001297 -0.004336 -0.624240 0.781220
1718924324.499996901 1.215937 0.014237 0.013953 0.000446 -0.004370 -0.640612 0.767852
1718924324.599982977 1.207995 0.011114 0.017670 -0.000610 -0.007369 -0.658385 0.752645
1718924324.699919224 1.204570 0.009532 0.019828 -0.003023 -0.007119 -0.674623 0.738122
1718924324.699975014 1.214535 0.001622 0.006421 -0.007277 -0.009266 -0.672797 0.739733
1718924324.900027275 1.196465 0.008768 0.010489 -0.006564 -0.013023 -0.689485 0.724153
1718924325.099979162 1.193688 0.015754 0.013590 -0.004938 -0.012179 -0.685268 0.728172
1718924325.199993134 1.193094 0.019507 0.017098 -0.005061 -0.010392 -0.680774 0.732403
1718924325.299991131 1.193950 0.022994 0.020816 -0.005302 -0.009273 -0.676790 0.736099
1718924325.399999142 1.195895 0.026116 0.023078 -0.004460 -0.009550 -0.672425 0.740091
1718924325.499973297 1.198077 0.025987 0.025820 -0.006089 -0.009039 -0.670133 0.742161
1718924325.599996328 1.200586 0.020887 0.028034 -0.008149 -0.008444 -0.667135 0.744845
1718924325.699992180 1.202213 0.011055 0.029661 -0.009890 -0.008363 -0.666000 0.745839
1718924325.799993277 1.205716 -0.000233 0.029186 -0.010704 -0.008912 -0.664460 0.747194
1718924325.900011301 1.211650 -0.011368 0.030209 -0.011642 -0.009783 -0.661915 0.749425
1718924326.099993229 1.218673 -0.034136 0.030314 -0.013053 -0.010014 -0.660845 0.750342
1718924326.199978113 1.220933 -0.044215 0.030162 -0.013127 -0.009971 -0.660673 0.750493
1718924326.299988031 1.223162 -0.053659 0.030053 -0.013343 -0.010011 -0.660299 0.750817
1718924326.399986029 1.224402 -0.062852 0.030436 -0.013529 -0.010189 -0.660051 0.751030
1718924326.499987125 1.225460 -0.073271 0.030468 -0.013794 -0.010233 -0.660037 0.751036
1718924326.599989176 1.226967 -0.084248 0.030228 -0.014203 -0.010120 -0.660006 0.751057
1718924326.699899197 1.228169 -0.094902 0.030289 -0.014255 -0.010363 -0.660067 0.751000
1718924326.799983025 1.228949 -0.106325 0.030534 -0.014156 -0.010575 -0.659855 0.751185
1718924326.900018215 1.230327 -0.119577 0.030983 -0.014467 -0.010710 -0.659887 0.751149
1718924327.099986076 1.233676 -0.155184 0.031527 -0.014780 -0.011016 -0.659688 0.751314
1718924327.199988127 1.235497 -0.174851 0.031895 -0.015209 -0.011054 -0.659701 0.751293
1718924327.299987078 1.236813 -0.194246 0.032343 -0.015317 -0.011082 -0.659664 0.751323
1718924327.399980068 1.238313 -0.213514 0.033162 -0.015296 -0.011175 -0.659331 0.751614
1718924327.499985933 1.239263 -0.232635 0.034300 -0.015433 -0.011258 -0.659678 0.751306
1718924327.599983931 1.240615 -0.251379 0.035794 -0.015689 -0.011205 -0.659360 0.751580
1718924327.699893951 1.241684 -0.269808 0.037882 -0.016161 -0.011131 -0.659592 0.751368
1718924327.799988985 1.243400 -0.289386 0.039271 -0.015769 -0.011279 -0.658396 0.752422
1718924327.900003910 1.244072 -0.309731 0.040263 -0.015008 -0.011175 -0.658342 0.752487
1718924328.099992990 1.247886 -0.350304 0.041761 -0.015396 -0.010586 -0.657855 0.752913
1718924328.199991941 1.250072 -0.370753 0.042761 -0.015312 -0.010197 -0.658395 0.752447
1718924328.299994946 1.254205 -0.391277 0.044057 -0.015396 -0.009705 -0.658041 0.752762
1718924328.399993896 1.258358 -0.411885 0.045559 -0.015668 -0.009167 -0.658521 0.752343
1718924328.499996901 1.264480 -0.432498 0.047043 -0.015860 -0.008458 -0.657892 0.752898
1718924328.599997997 1.270243 -0.451950 0.048925 -0.015865 -0.007675 -0.658636 0.752255
1718924328.699975014 1.277575 -0.470492 0.051121 -0.015787 -0.006824 -0.658691 0.752217
1718924328.799995899 1.285429 -0.489730 0.053445 -0.015079 -0.006542 -0.660182 0.750926
1718924328.900012970 1.294097 -0.509674 0.056187 -0.014665 -0.006015 -0.661313 0.749942
1718924329.099984884 1.311710 -0.554442 0.062478 -0.014810 -0.004082 -0.668058 0.743951
1718924329.199983120 1.318603 -0.580828 0.064363 -0.016243 -0.002822 -0.676285 0.736456
1718924329.299998999 1.324790 -0.608368 0.066433 -0.016582 -0.002447 -0.685290 0.728077
1718924329.399986267 1.328703 -0.636642 0.066971 -0.019512 0.000664 -0.697628 0.716194
1718924329.499980211 1.326285 -0.665076 0.067204 -0.021287 0.005071 -0.718570 0.695110
1718924329.599994183 1.324593 -0.687671 0.069267 -0.016399 0.000803 -0.739380 0.673088
1718924329.699987888 1.305255 -0.707244 0.067782 -0.016015 -0.000987 -0.769560 0.638372
1718924329.799940109 1.283813 -0.725060 0.065384 -0.010068 -0.005584 -0.791880 0.610568
1718924329.900044918 1.268135 -0.737723 0.063485 -0.011518 -0.004594 -0.813477 0.581464
1718924330.099916935 1.260308 -0.764914 0.045254 -0.003613 -0.015559 -0.844035 0.536050
1718924330.199989080 1.259204 -0.775837 0.032893 -0.002647 -0.015190 -0.859931 0.510178
1718924330.299979925 1.251673 -0.777236 0.019426 0.003100 0.012909 0.877826 -0.478796
1718924330.400001049 1.260039 -0.791264 0.008010 0.004761 0.011835 0.875558 -0.482944
1718924330.499987125 1.265282 -0.807598 -0.002258 0.006464 0.011902 0.873649 -0.486368
1718924330.599981070 1.269159 -0.825511 -0.015252 0.007824 0.011216 0.871902 -0.489490
1718924330.699877262 1.272639 -0.843943 -0.029713 0.008962 0.010557 0.869793 -0.493222
1718924330.699998140 1.230611 -0.842790 0.030585 0.012436 0.011317 0.868065 -0.496166
1718924330.900013208 1.230002 -0.866312 0.035463 -0.014025 -0.013344 -0.863467 0.504034
1718924331.099977016 1.226874 -0.894483 0.039568 -0.014103 -0.014484 -0.860107 0.509713
1718924331.199986935 1.224255 -0.908481 0.040805 -0.016273 -0.012929 -0.858847 0.511810
1718924331.299996138 1.221180 -0.922563 0.041420 -0.017110 -0.012619 -0.857507 0.514033
1718924331.499988079 1.212650 -0.951551 0.042071 -0.017125 -0.013867 -0.855598 0.517172
1718924331.599993944 1.206995 -0.966163 0.043208 -0.017988 -0.013777 -0.855453 0.517385
1718924331.699896097 1.201636 -0.981298 0.044462 -0.018341 -0.014054 -0.854710 0.518591
1718924331.800002098 1.194398 -0.995745 0.045560 -0.018760 -0.014061 -0.854800 0.518428
1718924331.900007010 1.186854 -1.010671 0.046578 -0.018817 -0.014367 -0.854601 0.518745
1718924332.100000143 1.171101 -1.041282 0.048372 -0.019083 -0.014483 -0.854648 0.518655
1718924332.199990988 1.163249 -1.057447 0.049016 -0.017906 -0.015648 -0.853492 0.520562
1718924332.299993038 1.155258 -1.074627 0.049657 -0.017849 -0.015482 -0.852117 0.522817
1718924332.399983883 1.147327 -1.091841 0.049653 -0.017802 -0.015370 -0.850718 0.525095
1718924332.499981880 1.137976 -1.109101 0.050364 -0.018197 -0.015217 -0.850585 0.525303
1718924332.599992990 1.129597 -1.126896 0.051767 -0.018771 -0.014903 -0.849546 0.526970
1718924332.699896097 1.120208 -1.144491 0.053116 -0.018872 -0.015062 -0.849518 0.527007
1718924332.799985886 1.110220 -1.161648 0.054493 -0.018975 -0.015314 -0.849313 0.527327
1718924332.900012016 1.100367 -1.179260 0.056104 -0.019234 -0.015378 -0.849351 0.527254
1718924333.099993229 1.080546 -1.214711 0.058894 -0.019389 -0.015379 -0.849363 0.527229
1718924333.199990273 1.070846 -1.232539 0.060204 -0.019062 -0.015634 -0.849312 0.527316
1718924333.299990177 1.060705 -1.250494 0.061823 -0.018750 -0.015774 -0.849206 0.527494
1718924333.399989128 1.050569 -1.268555 0.062779 -0.018881 -0.015561 -0.849227 0.527460
1718924333.499989271 1.041455 -1.287050 0.063307 -0.018799 -0.015506 -0.848745 0.528240
1718924333.599995136 1.030990 -1.304839 0.063218 -0.018618 -0.015359 -0.849275 0.527398
1718924333.699975967 1.021786 -1.322640 0.063078 -0.018397 -0.015413 -0.848996 0.527855
1718924333.799990177 1.012637 -1.340256 0.062786 -0.018418 -0.015242 -0.849170 0.527579
1718924333.900002003 1.003652 -1.357815 0.062364 -0.018217 -0.015163 -0.848991 0.527875
1718924334.099998236 0.985715 -1.392805 0.062674 -0.017231 -0.015006 -0.848902 0.528056
1718924334.199991226 0.976573 -1.410480 0.062996 -0.016800 -0.015006 -0.848754 0.528307
1718924334.299993038 0.969022 -1.428901 0.062571 -0.016330 -0.014831 -0.848798 0.528257
1718924334.399986029 0.961758 -1.447895 0.062701 -0.015949 -0.014856 -0.848370 0.528954
1718924334.499992132 0.953765 -1.466811 0.063020 -0.015841 -0.014335 -0.848780 0.528315
1718924334.599990129 0.946928 -1.486370 0.063637 -0.015553 -0.014136 -0.848122 0.529384
1718924334.699898243 0.938807 -1.505305 0.064140 -0.015606 -0.013894 -0.848417 0.528915
1718924334.799999237 0.931192 -1.525149 0.063510 -0.015452 -0.013287 -0.848359 0.529029
1718924334.899997234 0.922749 -1.544296 0.062462 -0.015398 -0.012995 -0.848529 0.528765
1718924334.900000095 0.912479 -1.547711 0.066418 -0.013829 -0.013111 -0.848875 0.528250
1718924335.100005150 0.899419 -1.580658 0.066109 -0.013443 -0.013350 -0.848577 0.528733
1718924335.299986124 0.885806 -1.615441 0.064430 -0.013017 -0.013668 -0.847715 0.530116
1718924335.399982929 0.877666 -1.632881 0.063472 -0.013437 -0.013374 -0.847755 0.530050
1718924335.500004292 0.870363 -1.650628 0.063318 -0.013694 -0.013496 -0.847287 0.530787
1718924335.699900150 0.853650 -1.686435 0.063511 -0.013885 -0.013450 -0.847373 0.530646
1718924335.799987078 0.845129 -1.705026 0.063947 -0.013672 -0.013399 -0.847422 0.530574
1718924335.900005102 0.837268 -1.723668 0.064898 -0.013724 -0.013147 -0.847293 0.530786
1718924336.099982977 0.820321 -1.760512 0.066527 -0.013686 -0.013004 -0.847301 0.530777
1718924336.199990988 0.811230 -1.779679 0.066978 -0.013701 -0.012617 -0.847173 0.530990
1718924336.299989939 0.800488 -1.798826 0.067587 -0.013683 -0.012710 -0.847460 0.530531
1718924336.399989843 0.790291 -1.817600 0.068136 -0.013700 -0.012884 -0.847349 0.530704
1718924336.499991894 0.780664 -1.836719 0.068836 -0.014092 -0.012720 -0.847463 0.530514
1718924336.599992990 0.770388 -1.856427 0.069691 -0.014078 -0.013024 -0.847041 0.531181
1718924336.699913979 0.759244 -1.876078 0.070617 -0.014187 -0.013158 -0.847350 0.530683
1718924336.799993992 0.748930 -1.895847 0.071612 -0.014231 -0.013348 -0.847120 0.531043
1718924336.900026083 0.738282 -1.915154 0.072530 -0.014174 -0.013866 -0.846933 0.531330
1718924337.100000143 0.717550 -1.955140 0.072801 -0.014330 -0.014047 -0.846770 0.531580
1718924337.200001240 0.706503 -1.974827 0.072899 -0.014151 -0.014169 -0.847187 0.530917
1718924337.299992323 0.696723 -1.994776 0.073020 -0.014110 -0.014425 -0.846843 0.531459
1718924337.399997234 0.686383 -2.014967 0.073221 -0.014226 -0.014280 -0.847057 0.531120
1718924337.499991179 0.676528 -2.035551 0.073361 -0.014184 -0.014400 -0.846717 0.531660
1718924337.599990129 0.665930 -2.055464 0.072837 -0.013964 -0.014292 -0.846940 0.531313
1718924337.699988127 0.655705 -2.074615 0.072219 -0.013964 -0.014190 -0.847128 0.531016
1718924337.799987316 0.645757 -2.093948 0.071619 -0.014118 -0.013911 -0.847077 0.531101
1718924337.900000811 0.635200 -2.113071 0.070755 -0.014199 -0.013911 -0.847153 0.530978
1718924338.099985123 0.613838 -2.150685 0.069642 -0.013092 -0.014143 -0.846790 0.531579
1718924338.199989080 0.603024 -2.169218 0.069256 -0.013525 -0.013762 -0.846750 0.531641
1718924338.299959183 0.594618 -2.188604 0.069858 -0.014794 -0.012959 -0.845284 0.533955
1718924338.399987936 0.593726 -2.210555 0.071209 -0.016053 -0.009561 -0.837978 0.545384
1718924338.499989033 0.594458 -2.231716 0.073113 -0.016574 -0.008139 -0.831152 0.555738
1718924338.599989891 0.591670 -2.251359 0.075374 -0.016473 -0.008199 -0.827411 0.561295
1718924338.699896336 0.584793 -2.269715 0.077325 -0.016462 -0.008810 -0.825030 0.564780
1718924338.799992085 0.573276 -2.286409 0.078465 -0.015882 -0.009370 -0.826084 0.563246
1718924338.900013208 0.563876 -2.303469 0.079226 -0.015525 -0.009751 -0.825620 0.563929
1718924339.099992037 0.543351 -2.335669 0.080707 -0.015140 -0.010259 -0.825506 0.564097
1718924339.199986935 0.533191 -2.352207 0.081505 -0.014875 -0.010284 -0.825232 0.564504
1718924339.299996138 0.522144 -2.368769 0.081850 -0.014732 -0.009998 -0.825443 0.564204
1718924339.400017262 0.511049 -2.385434 0.082952 -0.014559 -0.010410 -0.824772 0.565183
1718924339.599987030 0.502844 -2.425474 0.082340 -0.014733 -0.010038 -0.807802 0.589185
1718924339.699900150 0.510309 -2.446724 0.078912 -0.014002 -0.008068 -0.789528 0.613502
1718924339.800018311 0.505103 -2.463259 0.083153 -0.012989 -0.009256 -0.784874 0.619450
1718924339.900015116 0.494217 -2.479872 0.081039 -0.013188 -0.008819 -0.786255 0.617698
1718924339.999958992 0.479891 -2.495839 0.079069 -0.012616 -0.010927 -0.788933 0.614252
1718924340.200011253 0.454581 -2.529335 0.074052 -0.013255 -0.012231 -0.791696 0.610650
1718924340.299993992 0.444925 -2.547693 0.071685 -0.013395 -0.012507 -0.792633 0.609424
1718924340.399971008 0.435057 -2.565978 0.068053 -0.013828 -0.011601 -0.793791 0.607922
1718924340.499994993 0.426480 -2.585328 0.063754 -0.014813 -0.009986 -0.794628 0.606833
1718924340.699898243 0.412458 -2.628377 0.053363 -0.016742 -0.006695 -0.795046 0.606281
1718924340.800015211 0.418324 -2.652245 0.046448 -0.018562 -0.001339 -0.785384 0.618729
1718924340.899997950 0.433209 -2.675390 0.038586 -0.018433 0.002409 -0.770231 0.637494
1718924341.099983215 0.498010 -2.727833 0.017753 -0.013431 0.006525 -0.710151 0.703891
1718924341.199967146 0.512983 -2.754948 0.014567 -0.017726 0.003452 -0.694515 0.719252
1718924341.299990177 0.498519 -2.781760 0.018836 -0.020363 0.002268 -0.694237 0.719454
1718924341.399994135 0.481618 -2.810567 0.023092 -0.019507 0.000161 -0.692033 0.721602
1718924341.499993324 0.464811 -2.838919 0.028259 -0.019291 -0.001917 -0.693698 0.720005
1718924341.599983215 0.452415 -2.865378 0.032684 -0.019166 -0.003094 -0.693644 0.720057
1718924341.699896097 0.443808 -2.890120 0.036687 -0.018983 -0.003932 -0.692952 0.720723
1718924341.800001144 0.436961 -2.913889 0.040241 -0.018479 -0.004744 -0.692165 0.721488
1718924341.900011063 0.432510 -2.936728 0.043597 -0.017957 -0.005764 -0.691789 0.721854
1718924342.099995136 0.428637 -2.978926 0.050048 -0.016789 -0.007344 -0.690662 0.722946
1718924342.199988127 0.428461 -2.999565 0.053247 -0.016027 -0.008165 -0.690087 0.723503
1718924342.299986124 0.428524 -3.021766 0.056197 -0.015374 -0.009215 -0.690078 0.723513
1718924342.399989128 0.430245 -3.045042 0.058486 -0.014603 -0.010244 -0.689526 0.724042
1718924342.499989033 0.431952 -3.068808 0.060579 -0.014025 -0.011203 -0.689573 0.723993
1718924342.599985123 0.435045 -3.092791 0.062314 -0.013531 -0.011876 -0.689257 0.724293
1718924342.699901104 0.437680 -3.117046 0.064127 -0.013398 -0.012518 -0.689338 0.724208
1718924342.799985170 0.441660 -3.140958 0.065783 -0.013182 -0.012662 -0.688619 0.724893
1718924342.900005102 0.445205 -3.164832 0.066483 -0.013317 -0.012812 -0.688844 0.724674
1718924343.099985123 0.451976 -3.213077 0.068678 -0.013140 -0.012997 -0.689022 0.724505
1718924343.199989080 0.454405 -3.236898 0.069501 -0.012837 -0.013037 -0.689565 0.723992
1718924343.299986124 0.456449 -3.260940 0.070155 -0.012877 -0.012639 -0.689938 0.723644
1718924343.399991989 0.458513 -3.285078 0.070931 -0.013007 -0.012382 -0.690058 0.723531
1718924343.499989986 0.460556 -3.309212 0.071931 -0.013102 -0.012632 -0.689649 0.723915
1718924343.599987030 0.462500 -3.333269 0.072882 -0.013203 -0.012290 -0.690092 0.723496
1718924343.699975967 0.465503 -3.357405 0.073566 -0.013129 -0.012035 -0.689735 0.723843
1718924343.799989939 0.467279 -3.381588 0.074692 -0.013106 -0.012162 -0.689772 0.723805
1718924343.900012016 0.468595 -3.405540 0.076348 -0.013037 -0.012232 -0.689930 0.723656
1718924344.099987984 0.471312 -3.453858 0.079273 -0.012976 -0.011910 -0.689851 0.723738
1718924344.199985981 0.472372 -3.478934 0.080492 -0.012893 -0.011762 -0.690083 0.723520
1718924344.299983978 0.473936 -3.504758 0.081317 -0.012748 -0.011869 -0.689788 0.723802
1718924344.399984837 0.475449 -3.531228 0.081496 -0.012616 -0.011553 -0.689895 0.723707
1718924344.499986887 0.477191 -3.558335 0.081354 -0.012411 -0.011217 -0.689835 0.723774
1718924344.599992990 0.478645 -3.585371 0.081180 -0.012075 -0.011523 -0.689773 0.723833
1718924344.699893236 0.479869 -3.611489 0.079650 -0.012070 -0.011640 -0.689529 0.724064
1718924344.699987888 0.477329 -3.601207 0.064515 -0.012861 -0.012315 -0.689472 0.724093
1718924344.799985886 0.478177 -3.624120 0.066503 -0.012952 -0.012138 -0.689500 0.724068
1718924344.899989843 0.478871 -3.647277 0.068124 -0.012813 -0.012299 -0.689332 0.724228
1718924345.099985123 0.480794 -3.693912 0.071195 -0.012600 -0.012821 -0.688963 0.724574
1718924345.199987173 0.481168 -3.717264 0.072935 -0.012810 -0.012767 -0.689011 0.724525
1718924345.299989223 0.481897 -3.741414 0.074688 -0.013145 -0.012670 -0.688795 0.724726
1718924345.399983168 0.481518 -3.765971 0.076099 -0.013037 -0.012989 -0.689012 0.724516
1718924345.499979258 0.482395 -3.790250 0.077184 -0.013254 -0.012908 -0.688638 0.724869
1718924345.599981308 0.483312 -3.814235 0.077090 -0.012982 -0.012818 -0.688169 0.725321
1718924345.699896097 0.484810 -3.838469 0.076580 -0.013065 -0.012692 -0.687934 0.725545
1718924345.799986124 0.486485 -3.862602 0.076605 -0.013086 -0.013046 -0.687432 0.726014
1718924345.900014162 0.487433 -3.886804 0.077198 -0.013022 -0.013721 -0.687625 0.725820
1718924346.099990129 0.489620 -3.934383 0.077284 -0.013015 -0.014054 -0.688224 0.725245
1718924346.199993134 0.490951 -3.958357 0.077455 -0.012643 -0.014272 -0.688050 0.725413
1718924346.299997091 0.493436 -3.982344 0.077727 -0.012500 -0.014182 -0.687459 0.725978
1718924346.399992228 0.495151 -4.006425 0.078229 -0.012177 -0.014163 -0.687145 0.726280
1718924346.499991179 0.497239 -4.032043 0.080129 -0.012133 -0.014294 -0.687292 0.726139
1718924346.600000143 0.498403 -4.055921 0.081592 -0.011973 -0.014156 -0.687221 0.726212
1718924346.699903965 0.498701 -4.079521 0.083176 -0.011912 -0.014079 -0.687445 0.726003
1718924346.800001144 0.499145 -4.103610 0.084377 -0.011863 -0.014007 -0.687431 0.726018
1718924346.900017023 0.500024 -4.128248 0.085123 -0.011447 -0.014360 -0.687321 0.726122
1718924347.099998951 0.502134 -4.176544 0.086130 -0.010787 -0.014534 -0.687453 0.726004
1718924347.199990034 0.502687 -4.200705 0.086319 -0.010836 -0.014220 -0.687961 0.725527
1718924347.299987078 0.504217 -4.224898 0.086394 -0.011002 -0.013981 -0.688052 0.725443
1718924347.399987936 0.505607 -4.249012 0.085685 -0.010922 -0.013716 -0.687728 0.725757
1718924347.499989033 0.507309 -4.272787 0.084237 -0.010913 -0.013596 -0.687296 0.726168
1718924347.599987984 0.508707 -4.296420 0.082818 -0.010438 -0.013616 -0.687033 0.726424
1718924347.699978113 0.510029 -4.319982 0.081510 -0.010335 -0.013647 -0.687052 0.726407
1718924347.799978018 0.512011 -4.343682 0.079451 -0.010209 -0.012985 -0.686642 0.726808
1718924347.900004864 0.513590 -4.367524 0.077376 -0.010228 -0.012790 -0.686852 0.726613
1718924348.099987984 0.517989 -4.415409 0.074312 -0.010285 -0.012226 -0.687051 0.726433
1718924348.199991941 0.520250 -4.439567 0.073007 -0.010064 -0.012279 -0.686834 0.726641
1718924348.299989939 0.521985 -4.464561 0.071526 -0.009861 -0.012106 -0.686678 0.726794
1718924348.399992943 0.523997 -4.490174 0.069945 -0.009460 -0.011960 -0.686191 0.727261
1718924348.499989986 0.525104 -4.516504 0.068391 -0.009022 -0.011937 -0.686242 0.727220
1718924348.599990845 0.526906 -4.543149 0.066964 -0.008943 -0.011245 -0.686022 0.727439
1718924348.699890137 0.528920 -4.570403 0.066088 -0.009017 -0.010791 -0.685804 0.727650
1718924348.699997902 0.534322 -4.558660 0.069165 -0.006760 -0.013171 -0.685928 0.727519
1718924348.799999952 0.534790 -4.582509 0.072080 -0.006848 -0.013169 -0.685696 0.727737
1718924348.899999857 0.534520 -4.606533 0.075286 -0.007193 -0.013036 -0.685432 0.727984
1718924349.100002289 0.532750 -4.654847 0.080813 -0.008178 -0.011871 -0.685352 0.728069
1718924349.200000286 0.531079 -4.680012 0.083504 -0.008541 -0.012322 -0.685385 0.728026
1718924349.299994230 0.529839 -4.704474 0.086306 -0.008677 -0.013205 -0.685516 0.727886
1718924349.399982214 0.528729 -4.728991 0.087118 -0.008590 -0.014157 -0.685284 0.728088
1718924349.499988317 0.528524 -4.753433 0.085377 -0.008659 -0.014728 -0.685086 0.728262
1718924349.599979162 0.526774 -4.778587 0.083328 -0.008320 -0.015745 -0.685129 0.728204
1718924349.699895144 0.526175 -4.803866 0.080968 -0.008164 -0.016053 -0.685077 0.728248
1718924349.799979210 0.525591 -4.829083 0.079903 -0.008232 -0.016859 -0.685585 0.727751
1718924349.900011063 0.529365 -4.854854 0.080004 -0.008403 -0.017108 -0.685582 0.727746
1718924350.099982023 0.536433 -4.905388 0.079666 -0.009505 -0.017269 -0.685450 0.727852
1718924350.199990034 0.540238 -4.930600 0.079623 -0.009680 -0.016861 -0.685240 0.728058
1718924350.299986124 0.543843 -4.955814 0.079778 -0.010002 -0.016756 -0.684948 0.728331
1718924350.399989128 0.547451 -4.980816 0.079383 -0.010568 -0.016351 -0.684938 0.728341
1718924350.499992132 0.550738 -5.005835 0.078907 -0.011095 -0.015962 -0.684876 0.728401
1718924350.599990129 0.554350 -5.030993 0.078083 -0.011556 -0.015194 -0.684305 0.728946
1718924350.699897051 0.557491 -5.056282 0.077820 -0.011982 -0.015037 -0.683882 0.729339
1718924350.799992085 0.560450 -5.081210 0.077507 -0.012024 -0.014727 -0.683295 0.729895
1718924350.900003910 0.563196 -5.106320 0.077377 -0.012262 -0.014515 -0.682730 0.730423
1718924351.099988937 0.567140 -5.154655 0.078287 -0.012408 -0.014569 -0.682519 0.730618
1718924351.199990988 0.568691 -5.177604 0.079405 -0.012325 -0.014620 -0.682492 0.730643
1718924351.299986124 0.569178 -5.200351 0.081435 -0.012479 -0.014499 -0.682589 0.730552
1718924351.399987936 0.570679 -5.223083 0.083196 -0.012686 -0.014068 -0.682381 0.730751
1718924351.499989986 0.571520 -5.245992 0.085157 -0.013048 -0.013907 -0.683057 0.730116
1718924351.599995136 0.573024 -5.268713 0.086753 -0.012750 -0.013800 -0.682998 0.730179
1718924351.699975967 0.574251 -5.291711 0.087943 -0.012262 -0.013826 -0.682892 0.730286
1718924351.799987078 0.575203 -5.314715 0.089402 -0.012036 -0.013939 -0.683093 0.730099
1718924351.900010824 0.574405 -5.337487 0.091360 -0.011569 -0.014912 -0.684400 0.728862
1718924352.099996805 0.548639 -5.387609 0.091132 -0.014857 -0.014830 -0.708261 0.705639
1718924352.199975014 0.549122 -5.412594 0.090345 -0.013934 -0.015331 -0.706502 0.707408
1718924352.299989939 0.552020 -5.438527 0.088850 -0.014217 -0.014690 -0.707422 0.706496
1718924352.399997950 0.555373 -5.465397 0.088278 -0.013741 -0.014738 -0.707031 0.706895
1718924352.499984026 0.559819 -5.492593 0.087853 -0.013533 -0.014784 -0.706430 0.707499
1718924352.599985838 0.564804 -5.520532 0.087816 -0.013197 -0.014941 -0.706278 0.707654
1718924352.699908257 0.569760 -5.548581 0.088549 -0.013182 -0.015176 -0.706132 0.707795
1718924352.699985981 0.556953 -5.535485 0.115055 -0.012068 -0.017357 -0.706842 0.707055
1718924352.799993038 0.556962 -5.558133 0.106231 -0.012522 -0.016829 -0.706664 0.707239
1718924352.899993896 0.556158 -5.581349 0.100758 -0.012737 -0.016951 -0.706672 0.707223
1718924353.099992275 0.554768 -5.628223 0.090157 -0.012914 -0.017369 -0.706773 0.707109
1718924353.199994326 0.555557 -5.652763 0.085466 -0.012807 -0.017586 -0.706641 0.707238
1718924353.299992323 0.557696 -5.678776 0.081963 -0.012560 -0.017755 -0.706864 0.707015
1718924353.399981260 0.559188 -5.705043 0.079514 -0.012134 -0.018982 -0.708326 0.705526
1718924353.499986172 0.557057 -5.731840 0.076869 -0.013353 -0.016985 -0.712537 0.701302
1718924353.600005150 0.559774 -5.758254 0.074367 -0.013554 -0.016403 -0.711238 0.702629
1718924353.699902058 0.564618 -5.784964 0.072143 -0.013668 -0.016249 -0.710859 0.703014
1718924353.799997330 0.568864 -5.812066 0.070520 -0.013669 -0.016320 -0.710677 0.703196
1718924353.900018215 0.572861 -5.839171 0.069838 -0.013656 -0.016406 -0.711317 0.702547
1718924354.099991083 0.578343 -5.893484 0.067517 -0.013121 -0.016976 -0.716314 0.697448
1718924354.199997187 0.569107 -5.921451 0.066255 -0.014756 -0.013305 -0.732905 0.680041
1718924354.299958229 0.554814 -5.948314 0.066754 -0.013383 -0.011837 -0.753929 0.656713
1718924354.400000095 0.552375 -5.977243 0.070441 -0.013874 -0.011364 -0.757204 0.652932
1718924354.499998093 0.549889 -6.007282 0.076624 -0.014267 -0.012128 -0.754895 0.655578
1718924354.599997044 0.545659 -6.035666 0.082676 -0.013615 -0.012641 -0.753139 0.657599
1718924354.699888945 0.541222 -6.062301 0.089084 -0.012981 -0.013217 -0.751978 0.658928
1718924354.799981117 0.537466 -6.088671 0.093941 -0.011824 -0.013668 -0.751079 0.659965
1718924354.900010109 0.535158 -6.114795 0.098338 -0.010749 -0.014313 -0.750368 0.660778
1718924355.099979162 0.529672 -6.165715 0.105890 -0.009150 -0.015391 -0.748818 0.662534
1718924355.199990034 0.527964 -6.192155 0.109384 -0.009212 -0.015667 -0.747311 0.664226
1718924355.299998045 0.525037 -6.218626 0.112426 -0.010147 -0.015543 -0.746752 0.664844
1718924355.399990082 0.520773 -6.244535 0.113637 -0.010092 -0.015432 -0.746981 0.664590
1718924355.499986172 0.517668 -6.270518 0.114505 -0.009791 -0.014609 -0.746120 0.665580
1718924355.599990129 0.513865 -6.296588 0.114704 -0.010112 -0.014054 -0.746643 0.665000
1718924355.699970007 0.510295 -6.323343 0.114947 -0.010019 -0.014071 -0.746123 0.665584
1718924355.799991131 0.505867 -6.349925 0.114398 -0.009898 -0.014075 -0.746230 0.665466
1718924355.900014877 0.503050 -6.376250 0.113888 -0.010060 -0.014039 -0.745821 0.665922
1718924356.099987984 0.496233 -6.428300 0.110407 -0.009404 -0.013799 -0.746013 0.665721
1718924356.199988127 0.492746 -6.454377 0.109908 -0.008977 -0.013864 -0.745480 0.666324
1718924356.299978018 0.489912 -6.480310 0.110948 -0.008880 -0.013528 -0.745428 0.666390
1718924356.399986029 0.487288 -6.506698 0.112394 -0.008709 -0.013258 -0.745423 0.666403
1718924356.499985933 0.483666 -6.533206 0.113096 -0.007805 -0.013348 -0.745453 0.666379
1718924356.599982977 0.480748 -6.559563 0.113349 -0.007558 -0.013153 -0.745418 0.666425
1718924356.699904203 0.478135 -6.586124 0.112524 -0.007132 -0.012967 -0.745102 0.666787
1718924356.799986124 0.473868 -6.612630 0.111062 -0.006615 -0.013056 -0.745139 0.666748
1718924356.900013208 0.470668 -6.639225 0.110038 -0.006686 -0.012799 -0.744994 0.666915
1718924357.100006342 0.464218 -6.692488 0.107335 -0.006731 -0.012350 -0.743382 0.668720
1718924357.300016165 0.458343 -6.746990 0.103238 -0.007133 -0.011064 -0.743153 0.668992
1718924357.399989843 0.455746 -6.773970 0.101956 -0.007645 -0.010815 -0.742822 0.669359
1718924357.499992847 0.452534 -6.801156 0.101023 -0.007838 -0.010866 -0.742771 0.669412
1718924357.699908018 0.448274 -6.854728 0.100183 -0.007551 -0.011592 -0.741258 0.671077
1718924357.800020218 0.447593 -6.881905 0.099831 -0.008101 -0.011910 -0.740420 0.671990
1718924357.899988890 0.445989 -6.908860 0.098147 -0.008763 -0.011998 -0.739835 0.672624
1718924358.099991322 0.440092 -6.962527 0.094801 -0.009361 -0.012298 -0.739931 0.672505
1718924358.199995279 0.436983 -6.989133 0.093130 -0.008929 -0.012660 -0.740400 0.671988
1718924358.299993277 0.432951 -7.015478 0.092398 -0.008543 -0.013257 -0.740608 0.671752
1718924358.399981260 0.429799 -7.041826 0.092852 -0.008178 -0.013511 -0.740046 0.672371
1718924358.499984264 0.426460 -7.068077 0.093905 -0.008302 -0.013838 -0.740521 0.671839
1718924358.599992275 0.423357 -7.094034 0.095355 -0.008237 -0.014003 -0.740478 0.671885
1718924358.699902058 0.421256 -7.119815 0.096928 -0.008374 -0.014065 -0.740274 0.672106
1718924358.799993277 0.418533 -7.145690 0.097908 -0.008646 -0.014120 -0.740587 0.671757
1718924358.900010109 0.415762 -7.171260 0.098590 -0.008648 -0.014418 -0.740432 0.671921
1718924359.099993229 0.411335 -7.222556 0.097693 -0.008805 -0.014269 -0.740120 0.672266
1718924359.199988127 0.408210 -7.248281 0.097499 -0.008673 -0.014226 -0.740525 0.671822
1718924359.299988031 0.405482 -7.274558 0.098260 -0.008582 -0.014353 -0.740312 0.672055
1718924359.399990082 0.402421 -7.300610 0.100021 -0.008541 -0.014322 -0.740718 0.671609
1718924359.499985218 0.400740 -7.327152 0.102177 -0.008651 -0.014068 -0.740706 0.671627
1718924359.599984169 0.398143 -7.353375 0.104122 -0.007822 -0.014414 -0.739890 0.672528
1718924359.699980974 0.394624 -7.379228 0.105636 -0.007295 -0.014479 -0.739995 0.672416
1718924359.799986124 0.392395 -7.405033 0.107240 -0.007131 -0.014254 -0.739840 0.672595
1718924359.900014877 0.389030 -7.430699 0.108732 -0.006768 -0.014186 -0.740083 0.672332
1718924360.099986076 0.383174 -7.483307 0.111024 -0.006309 -0.013781 -0.740067 0.672362
1718924360.199985027 0.380084 -7.509947 0.112129 -0.006399 -0.013554 -0.740205 0.672215
1718924360.299986124 0.378547 -7.536937 0.113653 -0.006316 -0.013295 -0.739745 0.672726
1718924360.399982929 0.376643 -7.563705 0.114851 -0.006180 -0.013169 -0.739756 0.672718
1718924360.499980927 0.375709 -7.590800 0.115801 -0.006346 -0.012937 -0.739783 0.672691
1718924360.599991083 0.374791 -7.618234 0.117236 -0.006460 -0.012898 -0.739513 0.672988
1718924360.699900150 0.372368 -7.645534 0.118271 -0.005722 -0.013166 -0.739762 0.672716
1718924360.699981928 0.353971 -7.629026 0.106240 -0.004198 -0.010807 -0.739102 0.673494
1718924360.900021315 0.356842 -7.666872 0.107525 -0.005555 -0.011374 -0.737685 0.675026
1718924360.999953985 0.358632 -7.686587 0.108353 -0.005508 -0.011742 -0.736692 0.676104
1718924361.099993944 0.360493 -7.705138 0.110250 -0.006575 -0.012112 -0.736219 0.676603
1718924361.200001001 0.363335 -7.714636 0.112738 -0.007281 -0.013239 -0.736514 0.676253
1718924361.299988985 0.365029 -7.713654 0.114035 -0.007084 -0.014161 -0.737669 0.674977
1718924361.399974823 0.366441 -7.710034 0.115515 -0.006990 -0.013076 -0.741566 0.670716
1718924361.500006914 0.369618 -7.705392 0.117226 -0.007514 -0.011339 -0.744084 0.667948
1718924361.699888229 0.377845 -7.698094 0.118786 -0.005736 -0.011717 -0.748504 0.663002
1718924361.799962997 0.378534 -7.695867 0.117641 -0.008262 -0.008737 -0.752859 0.658072
1718924361.900003195 0.375864 -7.694756 0.114637 -0.010878 -0.006309 -0.757823 0.652339
1718924361.900009871 0.345470 -7.680667 0.106768 -0.005387 -0.006700 -0.763797 0.645399
1718924362.099996090 0.362940 -7.679157 0.116137 -0.004763 -0.005455 -0.781769 0.623525
1718924362.199989319 0.373053 -7.680996 0.118450 -0.005991 -0.004383 -0.789795 0.613326
1718924362.300001144 0.384746 -7.686142 0.115911 -0.004500 -0.005167 -0.796346 0.604802
1718924362.399981260 0.395984 -7.694304 0.116000 -0.006732 -0.002897 -0.802380 0.596769
1718924362.499978304 0.404789 -7.703085 0.117958 -0.007164 -0.001955 -0.811254 0.584647
1718924362.599992275 0.408988 -7.710564 0.120483 -0.008471 -0.000529 -0.822196 0.569141
1718924362.699913025 0.405130 -7.713813 0.119332 -0.008622 0.002723 -0.837476 0.546399
1718924362.699974298 0.346819 -7.672108 0.073487 0.009156 -0.008528 -0.845014 0.534598
1718924362.900041103 0.338848 -7.668149 0.044265 -0.003831 0.013110 0.870894 -0.491281
1718924363.099987030 0.360531 -7.674658 0.064386 -0.001698 0.009358 0.886159 -0.463283
1718924363.199989080 0.370071 -7.679113 0.075535 -0.002516 0.010916 0.893592 -0.448740
1718924363.299974918 0.381329 -7.685714 0.087762 -0.003025 0.011093 0.898860 -0.438085
1718924363.399985075 0.390483 -7.690929 0.099306 -0.004432 0.012888 0.905397 -0.424348
1718924363.499994040 0.400758 -7.697348 0.112633 -0.003202 0.015129 0.913240 -0.407128
1718924363.599992990 0.412729 -7.704155 0.122838 -0.005278 0.014276 0.922060 -0.386747
1718924363.699949026 0.419349 -7.701832 0.131320 -0.004992 0.011556 0.934259 -0.356373
1718924363.800003052 0.424365 -7.699299 0.131405 -0.001622 0.004338 0.943882 -0.330250
1718924363.899949074 0.421547 -7.689311 0.115866 -0.004570 0.001423 0.953277 -0.302059
1718924363.900054932 0.400403 -7.721068 0.116024 -0.005676 0.005748 0.953624 -0.300893
1718924364.099969864 0.390118 -7.698860 0.109502 -0.001917 0.007247 0.963694 -0.266905
1718924364.200062037 0.392296 -7.696055 0.109491 0.001974 -0.000618 0.966995 -0.254787
1718924364.399950027 0.394981 -7.691256 0.109840 0.003698 0.001987 0.975616 -0.219444
1718924364.500005960 0.399547 -7.697288 0.113074 0.004634 0.000886 0.980084 -0.198528
1718924364.599975824 0.401492 -7.699589 0.118296 0.002753 0.001726 0.984781 -0.173769
1718924364.699998140 0.403695 -7.701560 0.122153 0.002616 0.001041 0.987385 -0.158314
1718924364.800046921 0.402694 -7.697618 0.123096 0.002853 0.000794 0.989464 -0.144747
1718924364.900018930 0.397358 -7.685530 0.118541 0.002131 -0.000379 0.992560 -0.121737
1718924365.099971056 0.389322 -7.670348 0.107751 0.001869 0.002851 0.996194 -0.087098
1718924365.199940920 0.385433 -7.660232 0.104186 0.003175 0.001966 0.998209 -0.059701
1718924365.300014973 0.382334 -7.658888 0.098890 0.003446 0.001353 0.998806 -0.048711
1718924365.499966860 0.373357 -7.654170 0.095944 0.006789 0.004033 0.999909 -0.010970
1718924365.599999905 0.368990 -7.661705 0.097680 0.005501 0.003952 0.999968 0.004199
1718924365.699960947 0.365427 -7.664668 0.103740 0.004837 0.006268 0.999685 0.023813
1718924365.800002813 0.361884 -7.670729 0.107896 0.003668 0.002795 0.999280 0.037668
1718924365.899995804 0.357270 -7.678995 0.107347 0.003832 0.002233 0.999003 0.044433
1718924365.900008917 0.361651 -7.663062 0.080830 0.006957 0.000220 0.999068 0.042603
1718924366.099979162 0.361864 -7.663574 0.098552 0.008962 0.001709 0.999463 0.031470
1718924366.199988127 0.362021 -7.666327 0.105471 0.009038 0.003092 0.999667 0.023966
1718924366.299989223 0.363423 -7.670564 0.111398 0.009679 0.002860 0.999811 0.016638
1718924366.399984121 0.364535 -7.674451 0.119242 0.010698 0.003769 0.999871 0.011354
1718924366.499978304 0.365976 -7.677568 0.128130 0.011716 0.003459 0.999900 0.007156
1718924366.599986315 0.367553 -7.679156 0.134760 0.012210 0.003344 0.999910 0.004461
1718924366.699905157 0.369256 -7.680086 0.141051 0.012989 0.001790 0.999912 0.002116
1718924366.799989223 0.370622 -7.681949 0.145924 0.013150 0.001718 0.999911 -0.001465
1718924366.899997234 0.371792 -7.682369 0.149752 0.013623 0.001538 0.999897 -0.004136
1718924367.099988222 0.373350 -7.680849 0.155243 0.014152 0.001911 0.999868 -0.007804
1718924367.199986219 0.372907 -7.681478 0.155869 0.014528 0.000038 0.999845 -0.009914
1718924367.299985170 0.372089 -7.682747 0.153265 0.014962 -0.001127 0.999820 -0.011610
1718924367.399998188 0.371484 -7.682317 0.150822 0.014433 -0.000686 0.999815 -0.012697
1718924367.499985218 0.371850 -7.679988 0.148372 0.014334 -0.000273 0.999800 -0.013908
1718924367.599988222 0.372369 -7.678580 0.145901 0.014105 0.000193 0.999789 -0.014916
1718924367.699906111 0.372815 -7.677711 0.143573 0.014169 0.000600 0.999773 -0.015909
1718924367.799990177 0.372243 -7.676764 0.141657 0.014294 0.000514 0.999764 -0.016377
1718924367.900024176 0.372274 -7.675796 0.139466 0.014456 0.000435 0.999761 -0.016400
1718924368.099983931 0.371274 -7.675840 0.135398 0.014052 0.000992 0.999747 -0.017511
1718924368.199980974 0.369526 -7.676554 0.133736 0.014100 0.001044 0.999743 -0.017738
1718924368.299983025 0.366729 -7.677299 0.132440 0.014289 0.000997 0.999737 -0.017899
1718924368.399987936 0.363743 -7.680141 0.132261 0.014642 0.001093 0.999702 -0.019484
1718924368.499984026 0.359951 -7.683091 0.132258 0.015025 0.001032 0.999677 -0.020467
1718924368.599985123 0.354933 -7.684999 0.131850 0.014976 0.001062 0.999689 -0.019928
1718924368.699895144 0.348582 -7.687473 0.131282 0.014997 0.001091 0.999687 -0.019975
1718924368.799988985 0.339831 -7.690055 0.130743 0.014835 0.001324 0.999691 -0.019889
1718924368.900010109 0.327650 -7.692457 0.130240 0.014912 0.001586 0.999691 -0.019828
1718924369.099985838 0.294597 -7.696218 0.129055 0.014652 0.001465 0.999745 -0.017149
1718924369.199982882 0.273566 -7.693879 0.127039 0.013871 0.002138 0.999846 -0.010503
1718924369.299979925 0.249165 -7.686496 0.123579 0.012879 0.000597 0.999914 0.002232
1718924369.399992943 0.223334 -7.675157 0.117802 0.011583 -0.000667 0.999760 0.018607
1718924369.499992132 0.198834 -7.665142 0.110134 0.009544 0.003784 0.999371 0.033935
1718924369.599975824 0.175204 -7.655088 0.102023 0.008985 0.009561 0.998496 0.053238
1718924369.699960947 0.149429 -7.651057 0.095347 0.010280 0.009803 0.997540 0.068645
1718924369.799950838 0.120975 -7.659394 0.097485 0.011381 0.006936 0.997944 0.062686
1718924369.899991989 0.093307 -7.667235 0.102818 0.012890 0.004220 0.998135 0.059524
1718924369.900000811 0.090387 -7.651072 0.108679 0.010597 0.004227 0.998210 0.058715
1718924370.099991322 0.046816 -7.664261 0.109234 0.014306 0.002492 0.998580 0.051250
1718924370.199979305 0.024601 -7.668467 0.108718 0.015325 0.001562 0.998701 0.048572
1718924370.299987316 0.003122 -7.669408 0.108656 0.016240 -0.000396 0.998777 0.046701
1718924370.399992943 -0.019137 -7.670170 0.107834 0.016507 0.000328 0.998869 0.044599
1718924370.499988317 -0.042155 -7.671401 0.106635 0.016312 0.001794 0.999051 0.040349
1718924370.599978209 -0.065837 -7.670895 0.106331 0.016286 0.001446 0.999123 0.038543
1718924370.699909210 -0.090080 -7.670261 0.107033 0.016518 0.001244 0.999118 0.038578
1718924370.799992323 -0.114395 -7.670185 0.108615 0.017087 0.001363 0.999145 0.037629
1718924370.900006294 -0.138797 -7.669925 0.110489 0.017642 0.001414 0.999190 0.036128
1718924371.099989176 -0.186414 -7.667519 0.113865 0.018895 0.001593 0.999295 0.032404
1718924371.199989080 -0.210041 -7.664885 0.115220 0.019332 0.001534 0.999271 0.032880
1718924371.299987078 -0.234158 -7.662560 0.116005 0.019823 0.001512 0.999242 0.033456
1718924371.399988174 -0.258427 -7.660033 0.116605 0.020101 0.001705 0.999236 0.033478
1718924371.499988079 -0.283095 -7.656454 0.118275 0.020285 0.002091 0.999231 0.033505
1718924371.599989176 -0.307399 -7.653630 0.119757 0.020406 0.002295 0.999253 0.032723
1718924371.699907064 -0.331629 -7.650147 0.121448 0.020577 0.002351 0.999228 0.033390
1718924371.799989223 -0.355559 -7.647113 0.123303 0.020560 0.002820 0.999239 0.033032
1718924371.900023222 -0.378803 -7.644230 0.124639 0.020600 0.003105 0.999230 0.033253
1718924372.099992990 -0.423223 -7.643120 0.128660 0.021035 0.001721 0.999250 0.032465
1718924372.199995041 -0.444859 -7.642345 0.130052 0.020986 0.002146 0.999265 0.031997
1718924372.299986124 -0.466277 -7.641729 0.130612 0.020908 0.002107 0.999260 0.032211
1718924372.399996042 -0.487783 -7.641869 0.130373 0.020876 0.001838 0.999287 0.031399
1718924372.499998093 -0.509459 -7.639628 0.129375 0.020634 0.001393 0.999257 0.032537
1718924372.599995136 -0.530864 -7.638808 0.127998 0.020505 0.001018 0.999274 0.032091
1718924372.699897051 -0.552547 -7.637252 0.126201 0.020345 0.000718 0.999244 0.033116
1718924372.799993992 -0.574374 -7.636304 0.124589 0.020347 0.000585 0.999253 0.032848
1718924372.900012016 -0.596209 -7.634936 0.122802 0.020530 0.000300 0.999225 0.033592
1718924373.100015163 -0.640889 -7.627644 0.117751 0.020208 -0.000568 0.999067 0.038155
1718924373.299988031 -0.685655 -7.618644 0.114068 0.019865 -0.000626 0.998817 0.044381
1718924373.399981022 -0.706658 -7.616790 0.114436 0.020976 -0.001421 0.998804 0.044139
1718924373.500013113 -0.725618 -7.617978 0.116709 0.022268 -0.003368 0.998913 0.040817
1718924373.699906111 -0.766351 -7.618490 0.120822 0.023320 -0.003487 0.998957 0.039101
1718924373.799986839 -0.787770 -7.618652 0.122693 0.023362 -0.003179 0.998982 0.038471
1718924373.900022984 -0.809211 -7.616193 0.124255 0.023340 -0.002808 0.998988 0.038341
1718924374.099991322 -0.851907 -7.612328 0.126871 0.023442 -0.003129 0.998984 0.038374
1718924374.199990273 -0.873052 -7.610209 0.128190 0.023408 -0.003285 0.998971 0.038712
1718924374.299992323 -0.894630 -7.608300 0.129886 0.023318 -0.003161 0.998969 0.038832
1718924374.399989128 -0.916271 -7.606427 0.131183 0.022954 -0.002568 0.998965 0.039192
1718924374.499992132 -0.937564 -7.605990 0.132344 0.022828 -0.002328 0.998959 0.039424
1718924374.599993229 -0.958769 -7.605407 0.133115 0.023210 -0.001761 0.998942 0.039656
1718924374.699990034 -0.979786 -7.603097 0.132984 0.023340 -0.001426 0.998915 0.040267
1718924374.799992323 -1.000921 -7.600868 0.132482 0.023227 -0.001178 0.998907 0.040537
1718924374.900012016 -1.022064 -7.598751 0.131764 0.023165 -0.000866 0.998883 0.041178
1718924375.099990129 -1.064832 -7.593277 0.129743 0.022772 -0.000363 0.998797 0.043433
1718924375.199991226 -1.086332 -7.589986 0.129668 0.022542 -0.000085 0.998745 0.044733
1718924375.299995184 -1.108000 -7.586432 0.129206 0.022244 0.000143 0.998703 0.045797
1718924375.399988174 -1.129810 -7.583186 0.128909 0.022067 0.000190 0.998678 0.046428
1718924375.499983072 -1.152083 -7.581115 0.128618 0.022092 0.000091 0.998669 0.046599
1718924375.599990129 -1.173864 -7.579432 0.128293 0.021801 0.000356 0.998706 0.045942
1718924375.699895144 -1.194869 -7.576984 0.128253 0.021821 0.000225 0.998694 0.046196
1718924375.799987078 -1.215899 -7.575038 0.128016 0.021831 -0.000156 0.998703 0.045988
1718924375.900007248 -1.236935 -7.571897 0.127436 0.021840 -0.000382 0.998684 0.046401
1718924376.099986076 -1.279060 -7.566020 0.126598 0.021420 -0.000288 0.998684 0.046604
1718924376.199986935 -1.300573 -7.561882 0.125931 0.021323 -0.000785 0.998592 0.048561
1718924376.299988031 -1.322386 -7.559635 0.124889 0.021272 -0.001040 0.998587 0.048687
1718924376.399986029 -1.344380 -7.557004 0.123778 0.021143 -0.001202 0.998548 0.049529
1718924376.500011206 -1.366343 -7.555214 0.122858 0.020969 -0.001428 0.998558 0.049406
1718924376.699906111 -1.409570 -7.552245 0.122228 0.020726 -0.001399 0.998586 0.048936
1718924376.799993992 -1.430805 -7.551808 0.122052 0.020567 -0.001209 0.998597 0.048778
1718924376.900013208 -1.450920 -7.550966 0.121919 0.020409 -0.000923 0.998589 0.049024
1718924377.099980831 -1.491793 -7.550285 0.122220 0.020175 -0.001135 0.998568 0.049528
1718924377.200004101 -1.512309 -7.549457 0.123262 0.019988 -0.001598 0.998473 0.051481
1718924377.399986029 -1.555725 -7.547292 0.123690 0.018860 -0.001593 0.998261 0.055825
1718924377.500020027 -1.577772 -7.543075 0.124506 0.018618 -0.004068 0.997829 0.063039
1718924377.699890137 -1.617007 -7.533568 0.128503 0.021302 -0.004313 0.996574 0.079796
1718924377.799983025 -1.634348 -7.527449 0.130747 0.020568 -0.004333 0.995529 0.092089
1718924377.900004148 -1.654142 -7.519734 0.131260 0.019379 -0.005329 0.994557 0.102239
1718924378.100001335 -1.696508 -7.501401 0.127868 0.017408 0.003183 0.994012 0.107826
1718924378.199993134 -1.718624 -7.491867 0.125588 0.016283 0.006799 0.993815 0.109641
1718924378.299980164 -1.740671 -7.484332 0.123742 0.015376 0.009731 0.993724 0.110374
1718924378.399967194 -1.762807 -7.477233 0.122565 0.015112 0.009666 0.993490 0.112497
1718924378.499977350 -1.784478 -7.470943 0.122241 0.015599 0.009016 0.993280 0.114326
1718924378.599963188 -1.806396 -7.466352 0.120982 0.014524 0.004688 0.992983 0.117271
1718924378.699882984 -1.828273 -7.463195 0.117777 0.012946 0.000387 0.992572 0.120970
1718924378.799988031 -1.850601 -7.460690 0.116212 0.014244 0.000512 0.992741 0.119420
1718924378.899991035 -1.873112 -7.451785 0.114107 0.014937 0.001016 0.992631 0.120250
1718924378.899999142 -1.886000 -7.449849 0.130352 0.016076 0.001614 0.992899 0.117855
1718924379.099984169 -1.925183 -7.443000 0.126564 0.016864 0.004925 0.993130 0.115686
1718924379.199983120 -1.945928 -7.438847 0.125182 0.017223 0.004833 0.993038 0.116429
1718924379.299991131 -1.966167 -7.435897 0.124470 0.017535 0.004611 0.993121 0.115677
1718924379.399994135 -1.986096 -7.431221 0.123972 0.017651 0.004471 0.992972 0.116939
1718924379.499997139 -2.006422 -7.427368 0.123844 0.017932 0.004448 0.992998 0.116680
1718924379.599999189 -2.026943 -7.423393 0.123299 0.018420 0.004314 0.992952 0.116999
1718924379.699959040 -2.047380 -7.418600 0.122318 0.018762 0.004195 0.992967 0.116821
1718924379.800003052 -2.067945 -7.413543 0.121168 0.018937 0.004206 0.993014 0.116390
1718924379.900007963 -2.089018 -7.407910 0.119906 0.019055 0.003995 0.992985 0.116629
1718924380.100002050 -2.132201 -7.395406 0.118019 0.019523 0.003700 0.993018 0.116276
1718924380.199994087 -2.153480 -7.388606 0.116970 0.019469 0.003736 0.993017 0.116294
1718924380.299987078 -2.174966 -7.381727 0.116185 0.019575 0.004037 0.992965 0.116707
1718924380.399986029 -2.196045 -7.374723 0.115408 0.018981 0.003708 0.992825 0.118004
1718924380.499985933 -2.215089 -7.369840 0.115205 0.018360 0.002962 0.992741 0.118828
1718924380.599996090 -2.232994 -7.366235 0.115250 0.016575 0.003755 0.992842 0.118223
1718924380.699895144 -2.250420 -7.362174 0.116342 0.015650 0.004609 0.993160 0.115616
1718924380.799986124 -2.269149 -7.359195 0.117582 0.014146 0.005959 0.993891 0.109296
1718924380.900014877 -2.289021 -7.355900 0.118907 0.012698 0.008406 0.994499 0.103631
1718924381.099989891 -2.332555 -7.345382 0.124382 0.010514 0.008966 0.995094 0.097965
1718924381.199982882 -2.355667 -7.339859 0.127576 0.010284 0.008428 0.995369 0.095199
1718924381.299976826 -2.378964 -7.333458 0.131712 0.010624 0.006807 0.995605 0.092795
1718924381.400012970 -2.402513 -7.329437 0.136147 0.011368 0.005081 0.995849 0.090167
1718924381.499987841 -2.425973 -7.325684 0.140140 0.011969 0.004885 0.996149 0.086717
1718924381.599990845 -2.449516 -7.319531 0.143681 0.012049 0.004986 0.996331 0.084584
1718924381.699904203 -2.473128 -7.312322 0.147062 0.012285 0.004758 0.996495 0.082603
1718924381.699992895 -2.477120 -7.311534 0.135385 0.010695 0.003373 0.996473 0.083156
1718924381.900023222 -2.511149 -7.319281 0.133169 0.011882 0.003492 0.996859 0.078224
1718924382.099977255 -2.547744 -7.322037 0.128355 0.012405 0.003844 0.997066 0.075434
1718924382.199978113 -2.566890 -7.322701 0.125455 0.012326 0.003977 0.997175 0.073993
1718924382.299990177 -2.586319 -7.321424 0.123652 0.012321 0.004112 0.997259 0.072838
1718924382.399983168 -2.606378 -7.317821 0.121317 0.012257 0.004291 0.997253 0.072918
1718924382.499986172 -2.627351 -7.312399 0.118282 0.011759 0.004266 0.997133 0.074630
1718924382.599994183 -2.650575 -7.303703 0.116790 0.010212 0.005592 0.996894 0.077890
1718924382.699902058 -2.676526 -7.292110 0.120119 0.009113 0.005766 0.996644 0.081139
1718924382.799997330 -2.703903 -7.287479 0.125704 0.007901 0.001639 0.996847 0.078931
1718924382.899985075 -2.732487 -7.282736 0.136099 0.007886 -0.000688 0.996891 0.078396
1718924382.900017262 -2.735223 -7.282503 0.098333 0.008710 -0.001303 0.996654 0.081261
1718924383.099986076 -2.774077 -7.276979 0.107543 0.009179 0.000020 0.996648 0.081298
1718924383.199997187 -2.794226 -7.276837 0.111854 0.009175 0.000398 0.996693 0.080736
1718924383.299994230 -2.814643 -7.273616 0.115716 0.009236 0.000980 0.996674 0.080964
1718924383.399993181 -2.835945 -7.271056 0.119308 0.009374 0.000759 0.996686 0.080796
1718924383.500005245 -2.857191 -7.267375 0.122717 0.009637 0.000289 0.996661 0.081084
1718924383.600000143 -2.878482 -7.263129 0.125844 0.010091 0.000175 0.996614 0.081606
1718924383.699898005 -2.900282 -7.258955 0.128536 0.010450 0.000017 0.996603 0.081686
1718924383.799997091 -2.922468 -7.254924 0.131129 0.010836 -0.000028 0.996569 0.082052
1718924383.900015116 -2.944567 -7.252572 0.133332 0.011376 -0.000215 0.996570 0.081963
1718924384.099997997 -2.989088 -7.246167 0.137491 0.012162 0.000015 0.996536 0.082268
1718924384.199993134 -3.010626 -7.242476 0.139615 0.012619 -0.000440 0.996502 0.082614
1718924384.299987078 -3.029972 -7.238900 0.141943 0.013223 -0.000885 0.996454 0.083092
1718924384.399981022 -3.047828 -7.237779 0.145336 0.014477 -0.002955 0.996759 0.079080
1718924384.499998093 -3.065618 -7.236724 0.148558 0.015812 -0.003880 0.997033 0.075235
1718924384.599997044 -3.085194 -7.233309 0.150196 0.016077 -0.002276 0.997169 0.073424
1718924384.699977875 -3.106752 -7.226649 0.150546 0.015622 -0.000261 0.997213 0.072950
1718924384.799983025 -3.129390 -7.220895 0.150183 0.014621 0.002094 0.997388 0.070709
1718924384.900028944 -3.150905 -7.219889 0.149959 0.014563 0.002722 0.997457 0.069719
1718924385.099982023 -3.190742 -7.216526 0.153304 0.015444 0.003008 0.997535 0.068385
1718924385.199991941 -3.209593 -7.214423 0.155182 0.015634 0.002372 0.997667 0.066411
1718924385.299992085 -3.227769 -7.211050 0.156134 0.015781 0.002026 0.997710 0.065742
1718924385.399989128 -3.245831 -7.206490 0.157095 0.015685 0.002313 0.997763 0.064945
1718924385.499983072 -3.265081 -7.202607 0.158044 0.015476 0.002922 0.997826 0.063994
1718924385.599997044 -3.283997 -7.199033 0.159447 0.016351 0.004453 0.997923 0.062142
1718924385.699965954 -3.302525 -7.196084 0.161924 0.017895 0.006623 0.998123 0.058196
1718924385.799967051 -3.320224 -7.194083 0.162634 0.019884 0.002736 0.998362 0.053577
1718924385.900003910 -3.338802 -7.194575 0.160393 0.021193 -0.000603 0.998376 0.052878
1718924386.099998951 -3.378404 -7.188364 0.155734 0.020408 0.001245 0.998389 0.052936
1718924386.199982882 -3.398986 -7.185787 0.152820 0.019946 0.002584 0.998541 0.050115
1718924386.299983978 -3.419728 -7.185117 0.149711 0.019581 0.002979 0.998540 0.050253
1718924386.399991989 -3.439962 -7.183866 0.146121 0.019339 0.003192 0.998508 0.050972
1718924386.499994993 -3.459000 -7.182891 0.143840 0.019133 0.003315 0.998458 0.052006
1718924386.599993944 -3.477978 -7.182315 0.143671 0.019084 0.003359 0.998446 0.052246
1718924386.699976921 -3.497900 -7.180383 0.144168 0.018984 0.003742 0.998428 0.052611
1718924386.799994946 -3.517751 -7.178675 0.137313 0.019032 0.004415 0.998413 0.052824
1718924386.900015831 -3.538067 -7.176139 0.138450 0.019014 0.004900 0.998415 0.052744
1718924387.099988222 -3.576474 -7.171228 0.142942 0.019207 0.004587 0.998404 0.052916
1718924387.199986219 -3.593872 -7.170108 0.146375 0.019663 0.003482 0.998503 0.050929
1718924387.299991846 -3.612009 -7.169089 0.150057 0.020209 0.003463 0.998626 0.048231
1718924387.399984121 -3.631518 -7.166180 0.153496 0.020243 0.003827 0.998689 0.046856
1718924387.499996185 -3.651644 -7.158846 0.156673 0.019858 0.004556 0.998673 0.047290
1718924387.599992275 -3.671803 -7.151217 0.157888 0.018518 0.007451 0.998699 0.046926
1718924387.699914217 -3.690784 -7.151099 0.158859 0.017798 0.008342 0.998792 0.045036
1718924387.799978256 -3.709047 -7.152368 0.160474 0.017578 0.006781 0.998864 0.043769
1718924387.900003195 -3.728863 -7.151079 0.161526 0.017394 0.006162 0.998928 0.042452
1718924388.099988222 -3.771401 -7.142952 0.165786 0.017877 0.007516 0.998976 0.040873
1718924388.199949026 -3.793141 -7.139185 0.166206 0.018450 0.006539 0.999070 0.038406
1718924388.299981117 -3.814445 -7.138961 0.163369 0.018301 0.005416 0.999109 0.037643
1718924388.399988174 -3.835965 -7.139239 0.160718 0.018169 0.005068 0.999105 0.037860
1718924388.499986172 -3.857747 -7.139773 0.157886 0.018032 0.004666 0.999121 0.037562
1718924388.599993229 -3.879574 -7.140471 0.155242 0.017884 0.004196 0.999137 0.037256
1718924388.699896097 -3.900840 -7.139396 0.153164 0.017978 0.004069 0.999122 0.037628
1718924388.799989223 -3.921904 -7.138844 0.151212 0.017812 0.003289 0.999120 0.037835
1718924388.900015116 -3.942058 -7.138936 0.149504 0.017724 0.001927 0.999081 0.038975
1718924389.099988222 -3.977729 -7.133516 0.146207 0.016152 -0.004183 0.998665 0.048893
1718924389.199991941 -3.996050 -7.133384 0.145180 0.015944 -0.004248 0.998640 0.049447
1718924389.299987078 -4.015467 -7.132490 0.144845 0.015956 -0.004269 0.998611 0.050031
1718924389.400000095 -4.035549 -7.129503 0.144845 0.016361 -0.004576 0.998450 0.052993
1718924389.499993086 -4.056694 -7.126263 0.144870 0.018272 -0.003096 0.998408 0.053276
1718924389.599993944 -4.078210 -7.124484 0.144312 0.018388 -0.002186 0.998547 0.050609
1718924389.699906111 -4.099811 -7.123006 0.142682 0.018478 -0.001659 0.998648 0.048563
1718924389.799993992 -4.121770 -7.120146 0.141202 0.018729 -0.001977 0.998650 0.048413
1718924389.900010109 -4.144274 -7.117610 0.139673 0.018887 -0.001784 0.998647 0.048407
1718924390.099985838 -4.191047 -7.112849 0.135793 0.018745 -0.000647 0.998603 0.049402
1718924390.199982882 -4.213737 -7.112288 0.134394 0.018662 -0.001609 0.998621 0.049048
1718924390.299978971 -4.232934 -7.111733 0.133729 0.018789 -0.002960 0.998588 0.049609
1718924390.399988890 -4.249075 -7.113513 0.133814 0.018725 -0.005744 0.998647 0.048178
1718924390.499992132 -4.265833 -7.112813 0.133033 0.018774 -0.007378 0.998669 0.047471
1718924390.599997997 -4.282896 -7.108278 0.131799 0.018937 -0.006345 0.998618 0.048608
1718924390.699985027 -4.299125 -7.105327 0.131567 0.019253 -0.005020 0.998580 0.049420
1718924390.799993038 -4.316391 -7.102666 0.131695 0.020400 -0.001916 0.998588 0.049016
1718924390.900022030 -4.336268 -7.100081 0.131708 0.021502 0.000874 0.998622 0.047868
1718924391.099982977 -4.378850 -7.093558 0.130657 0.021933 -0.001606 0.998278 0.054386
1718924391.199981928 -4.401145 -7.083605 0.127839 0.020604 -0.002480 0.997775 0.063359
1718924391.299983025 -4.424178 -7.074157 0.125739 0.020151 -0.003635 0.997373 0.069487
1718924391.399991989 -4.447879 -7.070641 0.124638 0.020067 -0.002190 0.997550 0.066987
1718924391.499980927 -4.472890 -7.069391 0.125129 0.020248 -0.000923 0.997732 0.064185
1718924391.599987984 -4.498912 -7.065697 0.125913 0.020302 -0.001192 0.997720 0.064360
1718924391.699894190 -4.525788 -7.060675 0.127315 0.020416 -0.000948 0.997743 0.063966
1718924391.699993849 -4.525164 -7.057386 0.147264 0.020459 -0.001957 0.997583 0.066369
1718924391.900011301 -4.570151 -7.054364 0.146074 0.020778 -0.001484 0.997586 0.066242
1718924392.099985123 -4.617322 -7.052482 0.145715 0.021113 -0.001748 0.997635 0.065382
1718924392.199988127 -4.641281 -7.050396 0.145018 0.021280 -0.001700 0.997635 0.065337
1718924392.299984217 -4.665037 -7.047815 0.144533 0.021484 -0.001784 0.997611 0.065628
1718924392.399985313 -4.689141 -7.045833 0.143769 0.021754 -0.001783 0.997672 0.064600
1718924392.499986172 -4.713571 -7.042034 0.142570 0.021917 -0.001780 0.997681 0.064420
1718924392.599985123 -4.738822 -7.037966 0.142208 0.022037 -0.001837 0.997690 0.064225
1718924392.699893236 -4.764515 -7.034479 0.141035 0.022122 -0.002382 0.997693 0.064134
1718924392.799987316 -4.790385 -7.032373 0.140000 0.022094 -0.002914 0.997783 0.062714
1718924392.899999142 -4.816247 -7.029648 0.139233 0.022320 -0.003160 0.997802 0.062313
1718924393.099990129 -4.868150 -7.020906 0.138896 0.022368 -0.003165 0.997733 0.063397
1718924393.199992180 -4.893055 -7.017506 0.138254 0.020924 -0.003079 0.997754 0.063565
1718924393.299995184 -4.917252 -7.012695 0.137998 0.019772 -0.002809 0.997755 0.063917
1718924393.399991035 -4.941744 -7.007878 0.138016 0.019585 -0.001541 0.997769 0.063810
1718924393.499984026 -4.966487 -7.004946 0.138434 0.019621 -0.000937 0.997775 0.063707
1718924393.599989176 -4.991547 -7.003472 0.139484 0.019518 -0.000675 0.997858 0.062439
1718924393.699895144 -5.016316 -7.001129 0.139022 0.019456 -0.000274 0.997905 0.061708
1718924393.799984217 -5.040650 -6.998609 0.138704 0.019530 -0.000389 0.997929 0.061280
1718924393.900012016 -5.064225 -6.996337 0.138592 0.019591 -0.000178 0.997956 0.060823
1718924394.099987030 -5.111532 -6.990381 0.138174 0.019628 0.000666 0.997966 0.060649
1718924394.199991941 -5.135417 -6.987624 0.137696 0.019520 0.000759 0.997967 0.060657
1718924394.299988985 -5.159412 -6.984801 0.137062 0.019404 0.000992 0.997987 0.060366
1718924394.399987936 -5.184421 -6.981315 0.136911 0.019596 0.001116 0.997986 0.060325
1718924394.499985933 -5.212616 -6.977274 0.137447 0.019809 0.001370 0.997969 0.060527
1718924394.599988937 -5.242786 -6.972971 0.138038 0.019761 0.001541 0.997969 0.060534
1718924394.699980974 -5.273790 -6.968062 0.137518 0.019765 0.001785 0.997952 0.060810
1718924394.799992085 -5.306529 -6.959317 0.134417 0.017811 0.005070 0.997903 0.062021
1718924394.900019884 -5.341163 -6.946246 0.134512 0.017397 0.007222 0.997858 0.062651
1718924395.099985838 -5.408499 -6.943729 0.134810 0.015732 -0.000011 0.998193 0.057990
1718924395.199997902 -5.441783 -6.938457 0.135820 0.015358 0.000689 0.998236 0.057340
1718924395.299986124 -5.474904 -6.937923 0.138067 0.015286 0.000639 0.998237 0.057346
1718924395.399999142 -5.507826 -6.938356 0.140956 0.015251 0.000309 0.998236 0.057371
1718924395.499985218 -5.540427 -6.935533 0.143752 0.015038 0.001208 0.998248 0.057208
1718924395.599987030 -5.573120 -6.932870 0.146574 0.015079 0.001180 0.998258 0.057033
1718924395.699893236 -5.605860 -6.929028 0.149212 0.014820 0.000668 0.998269 0.056908
1718924395.799997330 -5.638367 -6.924384 0.151457 0.014994 0.000814 0.998261 0.057013
1718924395.900003195 -5.670614 -6.920513 0.153191 0.015072 0.001348 0.998258 0.057029
1718924396.099987984 -5.735222 -6.911568 0.152941 0.014548 0.002468 0.998257 0.057140
1718924396.199975967 -5.767671 -6.906847 0.151944 0.014220 0.002156 0.998257 0.057237
1718924396.299987078 -5.800441 -6.902416 0.150704 0.014111 0.002306 0.998267 0.057085
1718924396.399981976 -5.833530 -6.897402 0.149017 0.014440 0.002093 0.998285 0.056691
1718924396.499979973 -5.866718 -6.893671 0.146587 0.014465 0.001763 0.998295 0.056527
1718924396.599982023 -5.899974 -6.889122 0.144369 0.014392 0.001817 0.998317 0.056155
1718924396.699895144 -5.933158 -6.884020 0.142425 0.014361 0.001599 0.998308 0.056322
1718924396.799994946 -5.966500 -6.880758 0.140875 0.014365 0.001002 0.998329 0.055960
1718924396.900013208 -5.999632 -6.875557 0.139499 0.018288 0.002075 0.998276 0.055734
1718924397.099994183 -6.069499 -6.867872 0.136472 0.019810 0.001185 0.998287 0.055035
1718924397.199985027 -6.104283 -6.860861 0.136586 0.019908 0.001991 0.998229 0.056019
1718924397.299994946 -6.139741 -6.857091 0.136528 0.019464 0.001729 0.998250 0.055814
1718924397.399993896 -6.175466 -6.852954 0.136744 0.019252 0.001937 0.998246 0.055943
1718924397.499990940 -6.211550 -6.851143 0.138054 0.019245 0.002260 0.998229 0.056236
1718924397.599996805 -6.247706 -6.849941 0.139157 0.019198 0.002224 0.998233 0.056199
1718924397.699903965 -6.283302 -6.845951 0.141030 0.019312 0.002655 0.998203 0.056667
1718924397.799994946 -6.318665 -6.842803 0.142399 0.019336 0.001974 0.998186 0.056976
1718924397.900012970 -6.354050 -6.838161 0.143537 0.019263 0.002074 0.998178 0.057148
1718924398.099996328 -6.424962 -6.828363 0.145681 0.019612 0.001671 0.998186 0.056905
1718924398.199989319 -6.460425 -6.823316 0.147042 0.019531 0.001989 0.998164 0.057295
1718924398.299983263 -6.495829 -6.819364 0.148874 0.019584 0.001931 0.998163 0.057293
1718924398.399990320 -6.530608 -6.816536 0.151982 0.019485 0.002176 0.998138 0.057760
1718924398.499986172 -6.565367 -6.811455 0.153763 0.019513 0.002577 0.998135 0.057792
1718924398.599982262 -6.600422 -6.807709 0.156392 0.019435 0.001685 0.998102 0.058403
1718924398.699980021 -6.635578 -6.803840 0.159312 0.019275 0.001724 0.998130 0.057990
1718924398.799979210 -6.671002 -6.799360 0.162176 0.019149 0.002102 0.998217 0.056498
1718924398.900017977 -6.707962 -6.795695 0.165988 0.018860 0.001565 0.998251 0.055999
1718924399.099979162 -6.782191 -6.786597 0.168376 0.018258 0.000809 0.998287 0.055575
1718924399.199982166 -6.819013 -6.781952 0.170069 0.018409 0.000073 0.998291 0.055461
1718924399.299976110 -6.853541 -6.778132 0.176532 0.019596 -0.001975 0.998338 0.054162
1718924399.399994135 -6.886214 -6.778835 0.180331 0.021069 -0.000752 0.998575 0.049034
1718924399.499994040 -6.918735 -6.774159 0.181634 0.022052 0.000642 0.998588 0.048315
1718924399.599981070 -6.951170 -6.765500 0.181791 0.022085 0.002484 0.998472 0.050593
1718924399.699911118 -6.985390 -6.763409 0.181239 0.021852 0.003036 0.998479 0.050529
1718924399.799992085 -7.020684 -6.762202 0.180722 0.021667 0.002398 0.998482 0.050578
1718924399.900004148 -7.055866 -6.759096 0.181262 0.021447 0.002181 0.998492 0.050494
1718924400.099992037 -7.127428 -6.752354 0.180195 0.020654 0.002046 0.998498 0.050712
1718924400.199990988 -7.163439 -6.748814 0.181406 0.020286 0.001811 0.998519 0.050449
1718924400.299988985 -7.200014 -6.744308 0.180582 0.019935 0.001848 0.998497 0.051025
1718924400.400000334 -7.236953 -6.740960 0.179596 0.019683 0.000986 0.998495 0.051171
1718924400.599987984 -7.309993 -6.732822 0.177701 0.019740 0.001561 0.998480 0.051437
1718924400.699895144 -7.346355 -6.728502 0.176884 0.019778 0.001017 0.998445 0.052103
1718924400.799998045 -7.382336 -6.722750 0.177766 0.019691 0.001272 0.998392 0.053147
1718924400.900030136 -7.417885 -6.715782 0.177081 0.019890 -0.000370 0.998084 0.058592
1718924401.099982023 -7.491110 -6.702496 0.172696 0.021068 -0.006751 0.997258 0.070624
1718924401.199988842 -7.527400 -6.696019 0.169474 0.020919 -0.009673 0.996857 0.075793
1718924401.299986124 -7.558483 -6.692743 0.164456 0.019779 -0.010571 0.996567 0.079698
1718924401.400011063 -7.581981 -6.688881 0.158011 0.019397 -0.010427 0.996149 0.084871
1718924401.599992990 -7.598317 -6.691845 0.145778 0.018789 -0.010496 0.995753 0.089515
1718924401.699898005 -7.597552 -6.693395 0.137989 0.018434 -0.008424 0.995622 0.091243
1718924401.799980879 -7.595148 -6.697199 0.128664 0.017733 -0.007008 0.995483 0.093005
1718924401.900012016 -7.592725 -6.702954 0.118614 0.017366 -0.006343 0.995439 0.093590
1718924402.099996328 -7.586928 -6.716358 0.095477 0.016515 -0.006889 0.995019 0.098062
1718924402.199993134 -7.582025 -6.722093 0.080300 0.014644 -0.006378 0.994566 0.102871
1718924402.299982309 -7.576650 -6.728819 0.062930 0.013747 -0.005696 0.993923 0.109063
1718924402.399981022 -7.568566 -6.730516 0.044255 0.012649 -0.003662 0.991857 0.126671
1718924402.499965191 -7.558512 -6.726992 0.024743 0.013101 -0.004164 0.987849 0.154809
1718924402.599970341 -7.548738 -6.726035 0.000656 0.010181 -0.008688 0.983942 0.177988
1718924402.699966192 -7.532788 -6.716336 -0.026233 0.007853 -0.009899 0.976658 0.214427
1718924402.799990892 -7.524980 -6.706489 -0.032510 0.002754 0.001808 0.969857 0.243653
1718924402.900053978 -7.521842 -6.695351 -0.012356 0.005304 0.004291 0.960870 0.276916
1718924403.099977970 -7.521727 -6.684739 0.012571 0.004089 0.003094 0.946737 0.321967
1718924403.199952841 -7.518218 -6.679159 0.026328 0.006069 0.002800 0.934854 0.354969
1718924403.299966812 -7.522075 -6.690207 0.050071 0.006978 0.002567 0.925506 0.378660
1718924403.399972916 -7.521536 -6.697224 0.076408 0.011052 0.010330 0.910874 0.412407
1718924403.499994993 -7.522104 -6.705502 0.099141 0.007631 0.008322 0.897942 0.439968
1718924403.599994898 -7.521782 -6.710360 0.118094 0.003352 0.001498 0.884311 0.466884
1718924403.700001955 -7.512785 -6.707868 0.126960 -0.002407 0.003532 0.866738 0.498746
1718924403.799957037 -7.501491 -6.703043 0.146470 0.005415 0.006228 0.855872 0.517122
1718924403.900058031 -7.480473 -6.694338 0.166590 0.007372 0.002783 0.834708 0.550636
1718924404.099993229 -7.465227 -6.688147 0.195441 0.002419 0.018655 0.806758 0.590583
1718924404.199867249 -7.465719 -6.687457 0.212669 -0.002865 -0.006383 0.790136 0.612891
1718924404.299942017 -7.473639 -6.691056 0.225797 -0.006807 -0.011652 0.772941 0.634335
1718924404.399964809 -7.476825 -6.693846 0.239832 -0.008192 -0.013465 0.748702 0.662719
1718924404.500033855 -7.486367 -6.697976 0.257825 -0.011311 -0.025581 0.731574 0.681188
1718924404.699878216 -7.465663 -6.699729 0.220023 0.019624 0.023150 0.676874 0.735473
1718924404.799960136 -7.462260 -6.698983 0.200501 0.019602 0.023769 0.662279 0.748623
1718924404.899984121 -7.466591 -6.693849 0.186966 0.018690 0.022592 0.655997 0.754194
1718924404.900003195 -7.467556 -6.711010 0.155539 0.008414 -0.006007 0.653697 0.756686
1718924405.099971056 -7.475234 -6.719719 0.158135 0.009992 -0.005445 0.662096 0.749332
1718924405.199977160 -7.478555 -6.722848 0.159013 0.008074 -0.006775 0.665760 0.746091
1718924405.299981117 -7.480987 -6.724837 0.159496 0.007668 -0.007359 0.668781 0.743383
1718924405.399988174 -7.482330 -6.721859 0.159647 0.006848 -0.008828 0.672134 0.740345
1718924405.499992132 -7.481221 -6.712606 0.159196 0.007448 -0.009685 0.672847 0.739681
1718924405.599986076 -7.482280 -6.697565 0.159829 0.008428 -0.010114 0.675720 0.737041
1718924405.699986219 -7.480929 -6.677267 0.159495 0.009488 -0.010412 0.676863 0.735974
1718924405.799983025 -7.478248 -6.652694 0.158514 0.010327 -0.010071 0.677674 0.735221
1718924405.900020123 -7.474730 -6.626521 0.157802 0.010191 -0.009889 0.678183 0.734756
1718924406.099982023 -7.470847 -6.576920 0.157725 0.008646 -0.009447 0.680044 0.733059
1718924406.199995995 -7.469551 -6.553630 0.158493 0.008194 -0.010023 0.683320 0.730005
1718924406.299993038 -7.466593 -6.530176 0.159147 0.008176 -0.010083 0.684193 0.729186
1718924406.399986982 -7.464533 -6.506226 0.159876 0.008257 -0.010431 0.684989 0.728432
1718924406.500012159 -7.462338 -6.481854 0.160962 0.008057 -0.011038 0.685211 0.728216
1718924406.699893236 -7.458340 -6.431349 0.162112 0.007688 -0.012141 0.685405 0.728020
1718924406.799993038 -7.456332 -6.405752 0.163063 0.007728 -0.012445 0.685506 0.727920
1718924406.900004148 -7.454297 -6.380433 0.163876 0.007848 -0.012585 0.685547 0.727878
1718924407.099990845 -7.451331 -6.329493 0.165123 0.007734 -0.012460 0.686028 0.727427
1718924407.199990988 -7.449956 -6.304192 0.165626 0.008049 -0.011840 0.686444 0.727042
1718924407.299986839 -7.449336 -6.278773 0.166774 0.008238 -0.011868 0.686517 0.726971
1718924407.399995804 -7.449299 -6.252464 0.167078 0.008076 -0.012073 0.686665 0.726828
1718924407.500003099 -7.448298 -6.226406 0.167699 0.008236 -0.011923 0.686660 0.726834
1718924407.699896097 -7.440766 -6.170125 0.163940 0.009378 -0.006537 0.686133 0.727386
1718924407.800024033 -7.436462 -6.140287 0.163700 0.008779 -0.006390 0.685806 0.727703
1718924407.899981976 -7.435276 -6.110306 0.163071 0.007066 -0.007293 0.685984 0.727546
1718924408.099995136 -7.438473 -6.049156 0.162449 0.006694 -0.006996 0.690443 0.723322
1718924408.199987173 -7.435517 -6.019489 0.162094 0.006634 -0.006928 0.690974 0.722816
1718924408.299992323 -7.431697 -5.990349 0.160830 0.006532 -0.006644 0.691097 0.722702
1718924408.399991274 -7.427802 -5.960979 0.158854 0.006775 -0.006082 0.692050 0.721792
1718924408.499994278 -7.425322 -5.931701 0.156729 0.006448 -0.006248 0.692640 0.721228
1718924408.599996328 -7.423002 -5.903442 0.154634 0.006208 -0.006054 0.692758 0.721118
1718924408.699895144 -7.420937 -5.876195 0.153382 0.006194 -0.005829 0.693195 0.720700
1718924408.799987316 -7.419510 -5.849027 0.151713 0.006009 -0.005651 0.693723 0.720195
1718924408.900011063 -7.418347 -5.822578 0.150453 0.005979 -0.005412 0.693926 0.720001
1718924409.099996328 -7.417071 -5.769534 0.147221 0.005532 -0.004908 0.693972 0.719964
1718924409.199986219 -7.415801 -5.742219 0.145701 0.005569 -0.004485 0.694053 0.719889
1718924409.299980164 -7.415163 -5.713617 0.143938 0.005408 -0.004073 0.694200 0.719751
1718924409.399987221 -7.414640 -5.683230 0.141466 0.005134 -0.003881 0.693967 0.719978
1718924409.499991179 -7.414264 -5.651361 0.139044 0.005092 -0.003644 0.694016 0.719933
1718924409.599987268 -7.413888 -5.618796 0.136789 0.004917 -0.003492 0.693835 0.720109
1718924409.699975967 -7.415490 -5.585712 0.134881 0.004487 -0.004133 0.694207 0.719749
1718924409.799990177 -7.419588 -5.553023 0.134350 0.003415 -0.006584 0.695103 0.718872
1718924409.899991989 -7.425850 -5.519010 0.133901 0.005033 -0.006351 0.698292 0.715767
1718924409.899999142 -7.409844 -5.525305 0.133068 0.006456 -0.001231 0.700166 0.713950
1718924410.099985123 -7.404386 -5.486745 0.134132 0.014479 0.005492 0.700932 0.713060
1718924410.199942112 -7.400105 -5.464717 0.136538 0.013164 0.002455 0.699967 0.714050
1718924410.299980164 -7.403164 -5.440077 0.137841 0.011597 0.000912 0.699443 0.714594
1718924410.399995089 -7.403437 -5.411623 0.136854 0.011353 0.001058 0.699808 0.714240
1718924410.499991179 -7.402521 -5.380866 0.134853 0.011461 0.001225 0.699575 0.714466
1718924410.599991083 -7.402202 -5.348775 0.133507 0.011355 0.000946 0.699290 0.714748
1718924410.699899197 -7.404224 -5.316648 0.133054 0.010785 -0.000696 0.700315 0.713752
1718924410.800001144 -7.409713 -5.284549 0.132899 0.011069 -0.001383 0.703710 0.710400
1718924410.899993181 -7.413852 -5.249589 0.131638 0.010860 -0.001316 0.706616 0.707513
1718924410.900001049 -7.402090 -5.227239 0.134891 0.013833 -0.004020 0.708896 0.705166
1718924411.099987030 -7.408959 -5.180159 0.129401 0.014482 -0.004452 0.715473 0.698476
1718924411.199981213 -7.410937 -5.154892 0.127029 0.012530 -0.005433 0.715958 0.698010
1718924411.299998045 -7.417518 -5.127411 0.123422 0.009294 -0.006723 0.717482 0.696482
1718924411.399994135 -7.423634 -5.097886 0.124307 0.009222 -0.007473 0.717992 0.695950
1718924411.499991179 -7.424327 -5.068484 0.126842 0.009950 -0.007151 0.718943 0.694961
1718924411.599986076 -7.425793 -5.038842 0.129305 0.010084 -0.007539 0.718830 0.695072
1718924411.699897051 -7.428081 -5.009059 0.130985 0.010344 -0.007791 0.719279 0.694601
1718924411.799980164 -7.429192 -4.979205 0.133147 0.010699 -0.008221 0.719783 0.694068
1718924411.900021076 -7.432098 -4.951478 0.135849 0.009966 -0.010693 0.720990 0.692791
1718924412.099970102 -7.437336 -4.897480 0.139525 0.006619 -0.013278 0.720758 0.693027
1718924412.199988127 -7.430878 -4.868132 0.139192 0.009120 -0.007875 0.718534 0.695387
1718924412.299968004 -7.424123 -4.839357 0.142653 0.014034 -0.006525 0.720182 0.693612
1718924412.399965048 -7.420413 -4.811762 0.144103 0.016803 -0.005878 0.722798 0.690830
1718924412.499943018 -7.419856 -4.783087 0.142771 0.015208 -0.007173 0.722352 0.691322
1718924412.599993229 -7.428329 -4.751950 0.140315 0.012002 -0.010319 0.722776 0.690901
1718924412.699883938 -7.429144 -4.718099 0.139228 0.012552 -0.009719 0.722665 0.691016
1718924412.799983025 -7.431874 -4.684818 0.137000 0.013007 -0.009285 0.723076 0.690584
1718924412.900018930 -7.436239 -4.652747 0.136358 0.012776 -0.009666 0.722918 0.690748
1718924413.099995852 -7.441594 -4.593253 0.135351 0.011310 -0.009485 0.721499 0.692258
1718924413.199993849 -7.443159 -4.564951 0.134414 0.011176 -0.007364 0.721700 0.692077
1718924413.299993992 -7.444719 -4.538446 0.134989 0.012179 -0.006414 0.723542 0.690143
1718924413.399981022 -7.445701 -4.511697 0.135915 0.013333 -0.006825 0.725528 0.688029
1718924413.499966860 -7.447273 -4.483607 0.135797 0.012790 -0.008956 0.723953 0.689673
1718924413.599988937 -7.449913 -4.453984 0.136159 0.012265 -0.010704 0.721645 0.692072
1718924413.699962854 -7.449794 -4.423664 0.137749 0.012278 -0.010592 0.721264 0.692470
1718924413.799989939 -7.451755 -4.393522 0.139793 0.012297 -0.010571 0.721427 0.692300
1718924413.900002956 -7.454037 -4.363132 0.141423 0.011792 -0.011169 0.721144 0.692595
1718924414.099979162 -7.457353 -4.301604 0.144119 0.011918 -0.011122 0.721296 0.692435
1718924414.199981213 -7.459593 -4.271574 0.145049 0.011387 -0.011606 0.721273 0.692460
1718924414.299987316 -7.462224 -4.243239 0.146503 0.010176 -0.011810 0.720265 0.693524
1718924414.400004864 -7.463699 -4.214950 0.148325 0.010319 -0.011478 0.719575 0.694244
1718924414.599958181 -7.461902 -4.158280 0.152213 0.013681 -0.009788 0.721488 0.692222
1718924414.699901342 -7.462199 -4.130765 0.152470 0.013288 -0.010555 0.721765 0.691930
1718924414.799990177 -7.462603 -4.101676 0.152466 0.012998 -0.010716 0.721885 0.691808
1718924414.900018215 -7.461375 -4.072824 0.151925 0.013092 -0.010753 0.721693 0.692006
1718924415.099978209 -7.461542 -4.014484 0.150507 0.013141 -0.011073 0.722038 0.691639
1718924415.199985027 -7.462942 -3.986122 0.149925 0.013041 -0.011716 0.721997 0.691674
1718924415.299992085 -7.464760 -3.957233 0.149378 0.013708 -0.011406 0.721668 0.692009
1718924415.399983168 -7.468968 -3.927965 0.148768 0.014284 -0.011621 0.721451 0.692221
1718924415.499996185 -7.473642 -3.898195 0.146678 0.014240 -0.011973 0.721635 0.692023
1718924415.599988222 -7.475677 -3.867446 0.144745 0.015015 -0.011912 0.721903 0.691729
1718924415.699901104 -7.477451 -3.837127 0.143883 0.015240 -0.012464 0.721948 0.691668
1718924415.799992085 -7.478591 -3.806936 0.144800 0.015306 -0.012952 0.721978 0.691625
1718924415.900007010 -7.479225 -3.777227 0.145395 0.015919 -0.013273 0.721989 0.691594
1718924416.099992990 -7.481663 -3.716765 0.147130 0.016613 -0.013786 0.721902 0.691659
1718924416.199986935 -7.482285 -3.686510 0.146515 0.017051 -0.013588 0.721930 0.691623
1718924416.299983978 -7.483880 -3.655874 0.146183 0.017179 -0.013844 0.721713 0.691841
1718924416.399996996 -7.486723 -3.625301 0.145192 0.016974 -0.014394 0.721498 0.692059
1718924416.499993086 -7.488549 -3.594669 0.144199 0.017217 -0.014224 0.721345 0.692216
1718924416.599992037 -7.490009 -3.564735 0.141981 0.016990 -0.014179 0.721271 0.692300
1718924416.699902058 -7.492723 -3.535151 0.137961 0.016888 -0.014323 0.721601 0.691955
1718924416.799992085 -7.494353 -3.504813 0.135815 0.017308 -0.013974 0.721658 0.691892
1718924416.900001049 -7.494527 -3.474028 0.134247 0.018098 -0.013351 0.721648 0.691895
1718924417.099985838 -7.497463 -3.413507 0.125165 0.018335 -0.012803 0.721469 0.692085
1718924417.199995041 -7.497914 -3.383791 0.120581 0.018920 -0.011873 0.722630 0.690874
1718924417.299980879 -7.497908 -3.352711 0.117581 0.018986 -0.011379 0.723114 0.690374
1718924417.399994850 -7.498725 -3.320724 0.117014 0.018794 -0.011089 0.723962 0.689495
1718924417.499982834 -7.494886 -3.287924 0.117163 0.019116 -0.010230 0.723781 0.689689
1718924417.599984884 -7.492513 -3.254782 0.115917 0.018898 -0.009799 0.723980 0.689493
1718924417.699982882 -7.488790 -3.221149 0.114529 0.019223 -0.009261 0.724174 0.689287
1718924417.799983025 -7.483480 -3.188061 0.115200 0.019397 -0.008454 0.724140 0.689328
1718924417.900000811 -7.479231 -3.154812 0.116105 0.019241 -0.008060 0.724627 0.688826
1718924418.099982262 -7.480080 -3.088057 0.109122 0.015022 -0.010558 0.737067 0.675570
1718924418.199981928 -7.490290 -3.058194 0.105551 0.012290 -0.011721 0.751465 0.659555
1718924418.299966812 -7.504908 -3.030733 0.104134 0.010936 -0.011316 0.765768 0.642924
1718924418.399945259 -7.521072 -3.003494 0.104493 0.009929 -0.008287 0.783575 0.621163
1718924418.499983311 -7.532170 -2.973097 0.104927 0.005917 -0.010855 0.796789 0.604132
1718924418.599985123 -7.540781 -2.941570 0.106315 0.007929 -0.008981 0.807070 0.590334
1718924418.699892282 -7.547617 -2.909932 0.107733 0.007775 -0.008875 0.814440 0.580128
1718924418.799988270 -7.556743 -2.877954 0.111365 0.010308 -0.004692 0.823315 0.567472
1718924418.899995327 -7.564684 -2.843587 0.115990 0.012135 -0.004024 0.831438 0.555470
1718924418.900005341 -7.567016 -2.833795 0.085367 0.008080 -0.005639 0.827036 0.562063
1718924419.099957228 -7.602773 -2.797020 0.089653 0.006200 -0.013971 0.857892 0.513603
1718924419.200002193 -7.616689 -2.773942 0.088444 0.006530 -0.009155 0.868203 0.496081
1718924419.299963236 -7.634951 -2.752298 0.087730 0.007375 -0.005731 0.879517 0.475775
1718924419.399978161 -7.650416 -2.727595 0.088113 0.006364 -0.007249 0.885535 0.464472
1718924419.499983072 -7.667113 -2.704534 0.088161 0.005756 -0.007939 0.891408 0.453095
1718924419.599984169 -7.683425 -2.681007 0.087966 0.005675 -0.007461 0.895510 0.444942
1718924419.699906111 -7.701285 -2.658038 0.089690 0.005433 -0.006844 0.899809 0.436196
1718924419.799982071 -7.717639 -2.633129 0.092956 0.004654 -0.008545 0.901972 0.431686
1718924419.900002241 -7.734023 -2.607721 0.097949 0.004423 -0.010201 0.904972 0.425326
1718924420.100018263 -7.768433 -2.555242 0.108687 0.004472 -0.008921 0.909417 0.415766
1718924420.299988031 -7.805378 -2.499195 0.123125 0.004375 -0.008915 0.912982 0.407880
1718924420.399980068 -7.827429 -2.474185 0.129833 0.005171 -0.007574 0.916991 0.398803
1718924420.499982119 -7.852839 -2.450842 0.136873 0.004974 -0.008003 0.922157 0.386701
1718924420.599982977 -7.880443 -2.430308 0.142755 0.008926 -0.006865 0.930035 0.367299
1718924420.699861050 -7.911926 -2.417664 0.138658 0.011360 -0.006949 0.942886 0.332849
1718924420.799978018 -7.945939 -2.404117 0.131780 0.006039 -0.009344 0.951661 0.306949
1718924420.900023937 -7.978097 -2.386918 0.129354 0.006634 -0.008292 0.958752 0.284046
1718924421.099986076 -8.032231 -2.341195 0.122922 0.006264 -0.012933 0.963599 0.266964
1718924421.199987888 -8.059466 -2.320383 0.119086 0.006462 -0.012802 0.965600 0.259636
1718924421.299988985 -8.086230 -2.298853 0.115929 0.007048 -0.012013 0.966391 0.256700
1718924421.399984837 -8.113715 -2.278565 0.112323 0.007552 -0.012450 0.966994 0.254384
1718924421.499988079 -8.141866 -2.258449 0.112670 0.008860 -0.011886 0.967371 0.252929
1718924421.599985838 -8.170114 -2.237393 0.115687 0.010858 -0.010872 0.967993 0.250506
1718924421.700011015 -8.197586 -2.215598 0.117731 0.012945 -0.010178 0.968140 0.249867
1718924421.900009155 -8.254145 -2.173819 0.119687 0.014617 -0.009981 0.968292 0.249193
1718924422.099983215 -8.311977 -2.134124 0.121671 0.015123 -0.009176 0.968507 0.248358
1718924422.199995279 -8.341007 -2.114796 0.123072 0.015476 -0.008788 0.968591 0.248022
1718924422.299992323 -8.370612 -2.096157 0.124521 0.015409 -0.008374 0.968934 0.246699
1718924422.399986267 -8.400024 -2.078409 0.126835 0.015389 -0.007761 0.969428 0.244769
1718924422.499980211 -8.430045 -2.062331 0.129619 0.015396 -0.006701 0.970165 0.241862
1718924422.599985123 -8.459748 -2.045930 0.132164 0.015483 -0.006111 0.970390 0.240969
1718924422.699897051 -8.489866 -2.029568 0.133737 0.015242 -0.005730 0.970729 0.239623
1718924422.799985170 -8.520575 -2.013108 0.134123 0.015310 -0.004990 0.971096 0.238146
1718924422.900007010 -8.551438 -1.997146 0.133775 0.015358 -0.004338 0.971590 0.236133
1718924423.099990129 -8.610608 -1.968212 0.133245 0.014934 -0.003873 0.972512 0.232343
1718924423.199987173 -8.638132 -1.955107 0.133969 0.015369 -0.003929 0.972967 0.230401
1718924423.299993038 -8.666204 -1.942625 0.135619 0.015126 -0.004185 0.973176 0.229527
1718924423.399990082 -8.694089 -1.930300 0.135003 0.015049 -0.004090 0.973722 0.227205
1718924423.499987125 -8.719355 -1.917172 0.133591 0.015356 -0.003793 0.973665 0.227434
1718924423.599997044 -8.744288 -1.904817 0.131765 0.015378 -0.003564 0.973838 0.226696
1718924423.699978828 -8.770043 -1.893044 0.130223 0.015678 -0.003088 0.974192 0.225156
1718924423.799989223 -8.796533 -1.881389 0.127599 0.015597 -0.004309 0.974376 0.224344
1718924423.900012970 -8.824585 -1.871667 0.123851 0.015360 -0.004832 0.974807 0.222469
1718924424.099986076 -8.880389 -1.849858 0.118027 0.015737 -0.004703 0.975223 0.220613
1718924424.199983120 -8.908106 -1.837922 0.113986 0.015324 -0.005479 0.975053 0.221373
1718924424.299992085 -8.936240 -1.826005 0.109867 0.015317 -0.005781 0.974937 0.221877
1718924424.399991989 -8.963876 -1.811901 0.107553 0.015726 -0.005352 0.974316 0.224573
1718924424.499984980 -8.990696 -1.795587 0.106159 0.016695 -0.004938 0.973452 0.228226
1718924424.599973917 -9.016525 -1.779742 0.104763 0.018044 -0.002347 0.972322 0.232936
1718924424.699971914 -9.042968 -1.765901 0.102919 0.018992 -0.001026 0.971564 0.236011
1718924424.799983978 -9.069307 -1.752697 0.100928 0.019542 -0.001495 0.971136 0.237722
1718924424.900012016 -9.095110 -1.738326 0.098292 0.019098 -0.002373 0.970510 0.240292
1718924425.099990845 -9.149698 -1.712088 0.093037 0.018257 -0.002583 0.970055 0.242185
1718924425.199980021 -9.176824 -1.697789 0.090437 0.017256 -0.002815 0.969656 0.243846
1718924425.300000906 -9.205126 -1.683348 0.090324 0.016426 -0.003181 0.969306 0.245288
1718924425.399993896 -9.233134 -1.669537 0.088967 0.016284 -0.002668 0.969163 0.245867
1718924425.499987841 -9.260979 -1.655015 0.087657 0.016287 -0.002212 0.968929 0.246792
1718924425.599990845 -9.289535 -1.641115 0.085648 0.016206 -0.001398 0.968867 0.247049
1718924425.699905157 -9.318067 -1.626147 0.083427 0.016188 -0.001222 0.968687 0.247753
1718924425.699987888 -9.316257 -1.586125 0.124750 0.016042 0.001054 0.968588 0.248151
1718924425.900010347 -9.366238 -1.571254 0.120978 0.016477 0.000748 0.968215 0.249574
1718924426.099990129 -9.417675 -1.553059 0.118751 0.016630 0.000753 0.967735 0.251421
1718924426.199987173 -9.443956 -1.542886 0.116818 0.016292 0.000751 0.967861 0.250958
1718924426.299987316 -9.470716 -1.530915 0.115524 0.015867 0.000528 0.968055 0.250234
1718924426.399994135 -9.496721 -1.517176 0.114589 0.016562 0.001031 0.967703 0.251547
1718924426.499988317 -9.521613 -1.501411 0.113112 0.017469 0.001976 0.967376 0.252732
1718924426.599980116 -9.546882 -1.485956 0.111384 0.017790 0.001539 0.967175 0.253483
1718924426.699898243 -9.572063 -1.471045 0.109927 0.018224 0.001194 0.966978 0.254206
1718924426.799983263 -9.595358 -1.455661 0.108024 0.018481 0.001058 0.966704 0.255227
1718924426.900005102 -9.617692 -1.439502 0.105285 0.018886 0.000682 0.966285 0.256780
1718924427.099992037 -9.664720 -1.409139 0.101596 0.019111 0.000016 0.966143 0.257300
1718924427.199993134 -9.688403 -1.393322 0.098839 0.019510 -0.000381 0.966077 0.257514
1718924427.299985170 -9.712330 -1.378361 0.094630 0.019918 -0.000282 0.966175 0.257118
1718924427.399991035 -9.735880 -1.361570 0.089892 0.019761 0.000519 0.965711 0.258864
1718924427.499983072 -9.760205 -1.344547 0.085486 0.019960 0.000741 0.965628 0.259160
1718924427.599989176 -9.785782 -1.329001 0.082259 0.019601 0.000797 0.965723 0.258831
1718924427.699903965 -9.810299 -1.311073 0.079478 0.019750 0.001171 0.965523 0.259566
1718924427.799992085 -9.835165 -1.294629 0.078421 0.019702 0.000971 0.965534 0.259530
1718924427.900002956 -9.860047 -1.279159 0.077812 0.019498 0.000507 0.965658 0.259084
1718924428.099982977 -9.908074 -1.248912 0.079596 0.019560 0.000116 0.965520 0.259593
1718924428.199984074 -9.932781 -1.234358 0.081340 0.019399 -0.000322 0.965433 0.259928
1718924428.299984932 -9.957492 -1.220367 0.082845 0.019367 -0.000566 0.965362 0.260193
1718924428.399985075 -9.982591 -1.205714 0.085023 0.019343 -0.000851 0.965123 0.261081
1718924428.499977112 -10.008087 -1.190503 0.086985 0.019271 -0.001142 0.964813 0.262229
1718924428.599983931 -10.034232 -1.175177 0.087750 0.018736 -0.001243 0.964497 0.263424
1718924428.699978828 -10.061246 -1.161140 0.088197 0.018270 -0.000973 0.964495 0.263468
1718924428.799978971 -10.089084 -1.147511 0.088521 0.018027 -0.000825 0.964529 0.263359
1718924428.900015831 -10.118043 -1.133543 0.089193 0.016901 -0.001558 0.964287 0.264314
1718924429.099990845 -10.177869 -1.103382 0.090555 0.017688 -0.000643 0.963168 0.268316
1718924429.199988842 -10.207490 -1.086638 0.091749 0.017969 0.000945 0.962054 0.272266
1718924429.299991846 -10.237139 -1.070422 0.093566 0.018576 0.002589 0.961295 0.274884
1718924429.399983883 -10.265175 -1.050325 0.096166 0.019703 0.001652 0.958768 0.283500
1718924429.499994993 -10.292297 -1.027852 0.098540 0.020556 0.001597 0.955841 0.293160
1718924429.599982023 -10.317776 -1.003950 0.100294 0.018814 -0.000645 0.953167 0.301859
1718924429.699889183 -10.342548 -0.980721 0.101644 0.016379 -0.002940 0.950366 0.310690
1718924429.700007915 -10.347193 -0.970935 0.125265 0.013084 0.004725 0.949351 0.313909
1718924429.799979925 -10.371737 -0.964605 0.117360 0.013746 0.007308 0.946852 0.321292
1718924429.899991035 -10.396511 -0.956845 0.109172 0.012351 0.006811 0.944637 0.327813
1718924430.100002289 -10.446640 -0.933037 0.095641 0.011230 0.006645 0.939662 0.341857
1718924430.199970245 -10.469373 -0.914028 0.087365 0.007960 0.002807 0.934905 0.354797
1718924430.299998283 -10.489917 -0.892724 0.079178 0.006846 0.002922 0.929870 0.367813
1718924430.399994135 -10.510027 -0.867501 0.072833 0.006021 0.004453 0.923944 0.382453
1718924430.499997139 -10.529907 -0.840055 0.066265 0.005502 0.009363 0.917397 0.397825
1718924430.599977255 -10.550165 -0.812670 0.058377 0.005056 0.011582 0.911136 0.411913
1718924430.699882030 -10.562962 -0.776265 0.047880 0.001903 0.011129 0.899685 0.436395
1718924430.799953222 -10.581576 -0.740764 0.047353 0.002887 0.006955 0.891112 0.453720
1718924430.899976015 -10.591984 -0.706005 0.053921 0.005367 0.003041 0.875319 0.483507
1718924430.899997234 -10.580092 -0.710848 0.053429 0.002389 0.011650 0.864712 0.502127
1718924431.099978209 -10.614317 -0.632240 0.082669 -0.002686 0.015397 0.830796 0.556358
1718924431.199985027 -10.627345 -0.590465 0.086641 -0.001344 0.015132 0.815121 0.579092
1718924431.299993038 -10.631399 -0.555450 0.083505 0.000398 0.013649 0.791726 0.610723
1718924431.399974108 -10.634975 -0.521968 0.075767 -0.000655 0.012098 0.771673 0.635904
1718924431.499996185 -10.634133 -0.485222 0.063233 0.002317 0.013092 0.749013 0.662422
1718924431.599933147 -10.640329 -0.447444 0.054098 0.005841 0.011610 0.738067 0.674602
1718924431.699865103 -10.635292 -0.411932 0.048073 0.004853 0.006352 0.714332 0.699761
1718924431.800005198 -10.631234 -0.375412 0.042751 0.002768 0.006576 0.693123 0.720784
1718924431.899935246 -10.618664 -0.336653 0.036386 0.000101 0.002670 0.665480 0.746411
1718924431.900068045 -10.626088 -0.349116 0.082012 0.006776 -0.002113 0.661336 0.750056
1718924432.099965334 -10.560065 -0.288736 0.060770 0.010261 -0.000996 0.614264 0.789033
1718924432.199993134 -10.543361 -0.260498 0.059976 0.015264 0.000100 0.607762 0.793973
1718924432.299979210 -10.531063 -0.230115 0.060329 0.017278 -0.000575 0.603967 0.796822
1718924432.399969339 -10.527787 -0.198055 0.059250 0.016065 -0.001431 0.608373 0.793487
1718924432.499992132 -10.525202 -0.165261 0.058854 0.013275 -0.003171 0.611533 0.791101
1718924432.599994183 -10.521823 -0.132101 0.058016 0.013069 -0.003866 0.613299 0.789733
1718924432.699896097 -10.518302 -0.098307 0.057472 0.013263 -0.004387 0.615927 0.787679
1718924432.799984217 -10.514606 -0.063853 0.055301 0.012672 -0.005067 0.618720 0.785493
1718924432.900011063 -10.511047 -0.029136 0.052854 0.013144 -0.005831 0.621832 0.783018
1718924433.099980116 -10.506139 0.039497 0.056730 0.012531 -0.008629 0.632041 0.774785
1718924433.199986219 -10.502523 0.073685 0.059656 0.012075 -0.009811 0.635678 0.771798
1718924433.299991131 -10.495894 0.107381 0.061493 0.012143 -0.010015 0.637927 0.769936
1718924433.399982214 -10.487567 0.140194 0.062296 0.012364 -0.009646 0.638615 0.769366
1718924433.499993086 -10.478811 0.172069 0.062758 0.012240 -0.009704 0.638580 0.769397
1718924433.599986076 -10.470108 0.204041 0.063172 0.012045 -0.009325 0.639019 0.769040
1718924433.699970961 -10.461201 0.236218 0.063711 0.012174 -0.008166 0.639434 0.768707
1718924433.799990177 -10.451952 0.268389 0.063880 0.012200 -0.007850 0.639137 0.768956
1718924433.900015831 -10.444223 0.301540 0.063863 0.012307 -0.007457 0.639975 0.768261
1718924434.099977016 -10.428200 0.369999 0.063163 0.012182 -0.006966 0.641030 0.767388
1718924434.199988127 -10.425080 0.406507 0.063791 0.010379 -0.008808 0.646251 0.763003
1718924434.299996853 -10.421158 0.443465 0.064382 0.008949 -0.010427 0.647964 0.761547
1718924434.399990082 -10.419148 0.481955 0.064317 0.009661 -0.009545 0.652923 0.757302
1718924434.499993086 -10.414164 0.521274 0.064362 0.009695 -0.009007 0.653738 0.756605
1718924434.599992037 -10.407680 0.561155 0.064392 0.009785 -0.009301 0.654451 0.755984
1718924434.699898243 -10.402963 0.600826 0.064277 0.009832 -0.010240 0.655099 0.755410
1718924434.699995995 -10.401904 0.586780 0.076866 0.010148 -0.009632 0.654693 0.755765
1718924434.900007248 -10.393079 0.649657 0.073632 0.011208 -0.010202 0.654327 0.756060
1718924434.999960899 -10.388602 0.680066 0.071811 0.011423 -0.010040 0.654309 0.756074
1718924435.200008154 -10.378859 0.741952 0.069948 0.011976 -0.010200 0.654928 0.755527
1718924435.299985886 -10.373500 0.773851 0.069962 0.011826 -0.010336 0.654744 0.755687
1718924435.399991989 -10.368623 0.806276 0.069178 0.011905 -0.010611 0.654847 0.755593
1718924435.599978924 -10.357465 0.868350 0.066538 0.012144 -0.010604 0.655006 0.755452
1718924435.699899197 -10.352032 0.898580 0.065091 0.012316 -0.010927 0.655185 0.755289
1718924435.800018072 -10.348031 0.929617 0.063014 0.012496 -0.011685 0.657010 0.753688
1718924435.899986029 -10.346728 0.961034 0.061065 0.012198 -0.013113 0.659923 0.751120
1718924436.099983215 -10.348615 1.027379 0.056837 0.011682 -0.013300 0.669120 0.742944
1718924436.199992180 -10.347242 1.059840 0.055037 0.010701 -0.013687 0.671768 0.740558
1718924436.299990177 -10.342267 1.092690 0.054299 0.010612 -0.013840 0.673067 0.739376
1718924436.399998188 -10.336354 1.125543 0.053330 0.010775 -0.013775 0.672606 0.739794
1718924436.499989271 -10.330445 1.157695 0.052573 0.011367 -0.013618 0.672110 0.740239
1718924436.599989176 -10.325088 1.189290 0.051323 0.011591 -0.013554 0.672457 0.739921
1718924436.699901104 -10.320317 1.220584 0.049713 0.011317 -0.013486 0.672559 0.739835
1718924436.799994230 -10.315319 1.251370 0.048483 0.011631 -0.013356 0.672741 0.739666
1718924436.900018930 -10.310840 1.281739 0.047264 0.011818 -0.013171 0.672882 0.739538
1718924437.099993229 -10.307602 1.342226 0.043899 0.010305 -0.013869 0.678604 0.734301
1718924437.199993134 -10.307109 1.372881 0.042412 0.009577 -0.013791 0.683758 0.729515
1718924437.299995184 -10.307313 1.403290 0.041125 0.010146 -0.012502 0.688819 0.724755
1718924437.399997234 -10.307761 1.433049 0.040426 0.008859 -0.013457 0.692808 0.720942
1718924437.499999046 -10.305875 1.462702 0.040054 0.008148 -0.013543 0.694181 0.719627
1718924437.600003242 -10.303443 1.493258 0.039910 0.008201 -0.013083 0.694833 0.719005
1718924437.699981928 -10.300874 1.524281 0.040142 0.008679 -0.012777 0.694602 0.719228
1718924437.799999237 -10.296645 1.555237 0.040315 0.009506 -0.011930 0.693340 0.720449
1718924437.900007010 -10.292223 1.586350 0.040562 0.010552 -0.011009 0.692189 0.721555
1718924438.099997044 -10.286675 1.649122 0.038981 0.010968 -0.009735 0.691873 0.721870
1718924438.199990034 -10.283689 1.681153 0.039371 0.011061 -0.009011 0.692189 0.721575
1718924438.299996138 -10.282816 1.714870 0.040611 0.011512 -0.008315 0.694272 0.719573
1718924438.399995089 -10.280816 1.748819 0.041086 0.011338 -0.008175 0.694834 0.719034
1718924438.499983072 -10.278911 1.783565 0.040887 0.011670 -0.007467 0.696592 0.717334
1718924438.599987030 -10.277434 1.819561 0.041168 0.012037 -0.007373 0.699298 0.714691
1718924438.699897289 -10.275314 1.856308 0.041668 0.012068 -0.007717 0.700355 0.713651
1718924438.699989080 -10.286220 1.836234 0.052633 0.012781 -0.010279 0.701565 0.712417
1718924438.900011301 -10.288413 1.892184 0.053807 0.013121 -0.010676 0.702816 0.711171
1718924438.999963999 -10.286124 1.920363 0.050935 0.014123 -0.008145 0.701879 0.712109
1718924439.099978924 -10.281099 1.951730 0.048826 0.015321 -0.006751 0.700867 0.713095
1718924439.199976921 -10.282893 1.982017 0.045529 0.014684 -0.007439 0.702242 0.711748
1718924439.299997807 -10.281247 2.011910 0.042147 0.014786 -0.007704 0.702632 0.711358
1718924439.399984837 -10.279674 2.041999 0.040285 0.014793 -0.008064 0.702407 0.711576
1718924439.499994993 -10.281428 2.071663 0.039227 0.014464 -0.009093 0.703687 0.710305
1718924439.699906111 -10.284333 2.131546 0.031592 0.014228 -0.008582 0.708227 0.705789
1718924439.800016165 -10.285892 2.162766 0.030339 0.013599 -0.008687 0.709242 0.704781
1718924439.899996996 -10.286590 2.192536 0.030919 0.013359 -0.008806 0.709629 0.704394
1718924440.099998236 -10.285600 2.254518 0.036939 0.014366 -0.009585 0.707931 0.706070
1718924440.199993134 -10.285273 2.285206 0.039852 0.016167 -0.009031 0.708097 0.705872
1718924440.299972296 -10.284377 2.316279 0.041249 0.016989 -0.009268 0.708444 0.705501
1718924440.399990320 -10.287248 2.347382 0.041774 0.015799 -0.009698 0.708623 0.705344
1718924440.500001192 -10.287960 2.377303 0.042841 0.015340 -0.010575 0.707627 0.706340
1718924440.599993229 -10.289036 2.406554 0.043899 0.015451 -0.011266 0.708330 0.705623
1718924440.699903011 -10.290461 2.435104 0.045376 0.015674 -0.012245 0.708350 0.705581
1718924440.799980164 -10.290806 2.463388 0.046569 0.015908 -0.013000 0.707873 0.706041
1718924440.900017023 -10.292342 2.491992 0.047410 0.016189 -0.013508 0.708347 0.705549
1718924441.099986076 -10.294613 2.546356 0.044138 0.016355 -0.014266 0.708347 0.705531
1718924441.199989080 -10.296410 2.573648 0.042623 0.016285 -0.014634 0.708580 0.705291
1718924441.299991131 -10.297631 2.600945 0.040829 0.015743 -0.015247 0.708793 0.705076
1718924441.399996042 -10.299084 2.628502 0.038596 0.015438 -0.015168 0.708407 0.705473
1718924441.499997139 -10.298246 2.655682 0.036654 0.016517 -0.015076 0.708178 0.705680
1718924441.599983215 -10.297310 2.681375 0.034536 0.018412 -0.014886 0.708942 0.704869
1718924441.699983835 -10.296584 2.706140 0.032199 0.019306 -0.014760 0.708314 0.705479
1718924441.799982071 -10.297644 2.731339 0.029776 0.018880 -0.014972 0.708095 0.705706
1718924441.900000811 -10.298439 2.757765 0.028090 0.018665 -0.014905 0.708310 0.705497
1718924442.099987984 -10.300870 2.810021 0.025922 0.018650 -0.014862 0.708092 0.705718
1718924442.199991941 -10.301637 2.834858 0.025653 0.018938 -0.014572 0.707520 0.706289
1718924442.299984932 -10.302456 2.860519 0.025216 0.019902 -0.013589 0.706103 0.707699
1718924442.399991035 -10.302263 2.887881 0.026476 0.020474 -0.013257 0.704607 0.709178
1718924442.499993086 -10.303275 2.917177 0.028234 0.020643 -0.013198 0.703941 0.709836
1718924442.599990129 -10.305043 2.947699 0.030453 0.020440 -0.013223 0.704201 0.709584
1718924442.699899197 -10.308132 2.979532 0.032777 0.019915 -0.013442 0.704289 0.709507
1718924442.699989080 -10.288433 2.966605 0.044050 0.021211 -0.012919 0.705973 0.707803
1718924442.900007248 -10.288377 3.015025 0.045948 0.019582 -0.014719 0.704646 0.709136
1718924443.099997044 -10.284458 3.066423 0.044896 0.019236 -0.016300 0.696525 0.717090
1718924443.199990034 -10.274926 3.092233 0.043654 0.017423 -0.017212 0.684822 0.728299
1718924443.300001144 -10.268815 3.118403 0.042701 0.016512 -0.018249 0.679258 0.733486
1718924443.499997139 -10.266998 3.171146 0.035783 0.016382 -0.019169 0.678288 0.734363
1718924443.599987030 -10.264083 3.197966 0.030585 0.016272 -0.018437 0.677237 0.735354
1718924443.699914217 -10.265207 3.225413 0.026214 0.015629 -0.018371 0.677723 0.734922
1718924443.799991131 -10.265068 3.252974 0.022804 0.016101 -0.018144 0.678247 0.734433
1718924443.900019169 -10.262920 3.281770 0.021863 0.016337 -0.018408 0.678228 0.734439
1718924444.100020170 -10.261021 3.339147 0.021747 0.016763 -0.018860 0.678406 0.734254
1718924444.299983978 -10.256118 3.394278 0.023734 0.017613 -0.018481 0.673633 0.738625
1718924444.400007010 -10.253608 3.420788 0.025067 0.016421 -0.018790 0.672184 0.739963
1718924444.600000858 -10.246808 3.471958 0.027928 0.015828 -0.018140 0.668361 0.743447
1718924444.699892998 -10.243053 3.497916 0.030533 0.015732 -0.017811 0.666077 0.745504
1718924444.799998999 -10.237883 3.523816 0.032350 0.017121 -0.016632 0.662825 0.748393
1718924444.900023937 -10.233736 3.549714 0.034306 0.017488 -0.016641 0.661002 0.749996
1718924445.100000143 -10.229433 3.601915 0.038109 0.017714 -0.016449 0.660588 0.750359
1718924445.199989319 -10.228424 3.628085 0.039240 0.017902 -0.016598 0.661850 0.749239
1718924445.300000191 -10.226286 3.653824 0.037915 0.017690 -0.016636 0.661224 0.749796
1718924445.400004148 -10.224985 3.679218 0.036627 0.017703 -0.016203 0.662234 0.748912
1718924445.499999285 -10.221976 3.704030 0.035455 0.017705 -0.016195 0.661597 0.749475
1718924445.599992275 -10.220168 3.728831 0.034176 0.017674 -0.016320 0.662163 0.748974
1718924445.699970961 -10.217211 3.753368 0.032753 0.017392 -0.016605 0.661649 0.749428
1718924445.799998283 -10.214271 3.778207 0.030758 0.017229 -0.016085 0.661604 0.749483
1718924445.900008917 -10.211038 3.803900 0.029190 0.017353 -0.015664 0.661497 0.749584
1718924446.099989176 -10.204643 3.857039 0.026290 0.017060 -0.014408 0.661315 0.749775
1718924446.199994087 -10.200443 3.884613 0.026347 0.016826 -0.014284 0.660540 0.750466
1718924446.299994230 -10.195776 3.912186 0.026710 0.017237 -0.013623 0.659566 0.751326
1718924446.399992228 -10.191313 3.939571 0.027103 0.017091 -0.013320 0.659323 0.751548
1718924446.499992132 -10.186744 3.967204 0.027240 0.016946 -0.012827 0.659434 0.751462
1718924446.599991083 -10.182167 3.995838 0.027079 0.017045 -0.012327 0.659437 0.751465
1718924446.699899197 -10.176488 4.026185 0.025879 0.017058 -0.011997 0.659119 0.751749
1718924446.799983025 -10.167586 4.056545 0.025658 0.016851 -0.011726 0.655182 0.755192
1718924446.899998188 -10.156136 4.088172 0.027180 0.015995 -0.012568 0.649462 0.760122
1718924446.899999142 -10.171702 4.075559 0.017790 0.015544 -0.014795 0.650889 0.758870
1718924447.099982023 -10.151291 4.121395 0.020945 0.015812 -0.014176 0.643856 0.764852
1718924447.199994087 -10.142811 4.144465 0.023082 0.014800 -0.014617 0.641175 0.767113
1718924447.300006151 -10.137119 4.168219 0.024977 0.015403 -0.014508 0.640850 0.767374
1718924447.500004292 -10.128901 4.215459 0.027067 0.016245 -0.013880 0.640784 0.767424
1718924447.699893236 -10.120494 4.263634 0.028702 0.016827 -0.013899 0.640880 0.767331
1718924447.799992085 -10.116465 4.288363 0.029581 0.017094 -0.013910 0.640858 0.767343
1718924447.900007010 -10.112129 4.313407 0.030836 0.017089 -0.013888 0.641210 0.767049
1718924448.099992990 -10.102146 4.362892 0.032093 0.017272 -0.013354 0.640939 0.767282
1718924448.199988842 -10.098582 4.386948 0.031504 0.016621 -0.012640 0.638867 0.769033
1718924448.300016165 -10.096351 4.411597 0.030277 0.016066 -0.013193 0.636423 0.771060
1718924448.500000954 -10.085332 4.463081 0.022578 0.015585 -0.011879 0.627944 0.778011
1718924448.599987030 -10.078156 4.490073 0.017678 0.014868 -0.010909 0.623473 0.781628
1718924448.699898958 -10.068577 4.516474 0.011699 0.015230 -0.008528 0.617157 0.786646
1718924448.799975872 -10.059594 4.543609 0.006348 0.015364 -0.007103 0.613328 0.789647
1718924448.899996042 -10.049377 4.570345 -0.001854 0.014245 -0.006289 0.606436 0.794980
1718924448.900007010 -10.021581 4.595519 0.020582 0.010196 -0.002012 0.601692 0.798661
1718924449.099978209 -10.023307 4.631067 0.009894 0.013037 0.002767 0.592119 0.805740
1718924449.199976206 -10.024155 4.651089 0.006150 0.012675 0.003185 0.588178 0.808626
1718924449.300002098 -10.023991 4.673220 0.003846 0.011851 0.002298 0.584496 0.811307
1718924449.399997234 -10.025994 4.698749 0.000506 0.011642 0.002346 0.582213 0.812949
1718924449.499977350 -10.023787 4.726903 -0.003397 0.009105 0.000248 0.574972 0.818122
1718924449.599975109 -10.017048 4.755802 -0.006231 0.006704 -0.001696 0.563900 0.825814
1718924449.699971199 -10.006804 4.785013 -0.011224 0.006548 -0.001071 0.549465 0.835490
1718924449.799957991 -9.978286 4.812148 -0.021497 0.003776 0.003112 0.523046 0.852291
1718924449.900031805 -9.943448 4.840151 -0.018052 0.008364 0.002197 0.505765 0.862628
1718924450.099999905 -9.874404 4.887418 -0.009161 0.013849 0.007381 0.452961 0.891392
1718924450.199902058 -9.847435 4.914916 -0.006226 0.010906 0.001166 0.427743 0.903834
1718924450.300001144 -9.831876 4.945112 -0.000759 0.006799 -0.002943 0.402937 0.915198
1718924450.399982214 -9.811385 4.969138 0.003752 0.002137 -0.003588 0.368779 0.929508
1718924450.499990225 -9.792105 4.998394 0.004628 -0.003362 -0.006210 0.346082 0.938178
1718924450.599970818 -9.761242 5.018651 -0.001134 0.000043 0.001171 0.323124 0.946356
1718924450.699942350 -9.728099 5.039566 0.003404 0.002373 -0.000158 0.306379 0.951907
1718924450.799998999 -9.701896 5.064013 0.009016 -0.002525 -0.003050 0.287513 0.957769
1718924450.899971008 -9.678637 5.090181 0.014185 -0.002575 -0.003686 0.269850 0.962892
1718924450.900032043 -9.645660 5.058308 -0.003169 0.003517 -0.004405 0.269218 0.963063
1718924451.099961042 -9.603491 5.087376 0.004160 0.010967 -0.005601 0.258435 0.965950
1718924451.199990034 -9.580135 5.102677 0.006743 0.011106 -0.005676 0.251136 0.967871
1718924451.299983978 -9.560029 5.123828 0.010858 0.011509 -0.005964 0.249817 0.968206
1718924451.399985075 -9.536775 5.142711 0.013694 0.009714 -0.005775 0.244663 0.969542
1718924451.499987125 -9.513168 5.162714 0.016484 0.006984 -0.005688 0.240824 0.970527
1718924451.599984884 -9.487431 5.179682 0.019579 0.004243 -0.006010 0.231771 0.972742
1718924451.700011015 -9.460677 5.198245 0.023900 0.007204 -0.005638 0.227206 0.973804
1718924451.799972057 -9.425443 5.206294 0.021686 0.009643 -0.003875 0.208841 0.977894
1718924451.900024891 -9.382768 5.205025 0.010736 0.008458 -0.002538 0.180800 0.983480
1718924452.099965811 -9.309304 5.212306 0.012016 0.005191 -0.008616 0.134081 0.990919
1718924452.199995995 -9.278387 5.226006 0.011002 0.007203 -0.009592 0.127572 0.991757
1718924452.299989939 -9.246778 5.240092 0.009596 0.009591 -0.009882 0.120121 0.992664
1718924452.399984837 -9.215612 5.255768 0.007781 0.009887 -0.009731 0.115151 0.993251
1718924452.499960899 -9.184944 5.273281 0.006013 0.007054 -0.009882 0.110919 0.993755
1718924452.599988937 -9.154618 5.289085 -0.000174 0.003942 -0.009406 0.103151 0.994613
1718924452.699891329 -9.124417 5.307652 -0.010867 0.003879 -0.009815 0.101641 0.994765
1718924452.700006962 -9.112046 5.293429 -0.099546 0.003293 -0.012104 0.103793 0.994520
1718924452.900017262 -9.057015 5.301146 -0.075373 0.005235 -0.012913 0.099466 0.994943
1718924453.099988222 -8.999366 5.309840 -0.051466 0.005702 -0.013829 0.095917 0.995277
1718924453.199993134 -8.969363 5.314970 -0.038170 0.006216 -0.014153 0.094866 0.995370
1718924453.299993277 -8.938149 5.319565 -0.021730 0.006468 -0.014445 0.093737 0.995471
1718924453.399990320 -8.906568 5.324506 -0.007117 0.006013 -0.014466 0.092842 0.995558
1718924453.499997139 -8.875195 5.330528 0.007229 0.005680 -0.015155 0.092086 0.995620
1718924453.599992275 -8.843277 5.336097 0.021195 0.005626 -0.015423 0.091196 0.995698
1718924453.699912071 -8.810586 5.341422 0.035221 0.005778 -0.015679 0.089282 0.995866
1718924453.799981117 -8.777777 5.346539 0.049928 0.004789 -0.016362 0.086259 0.996127
1718924453.900033236 -8.745123 5.349241 0.063732 0.001200 -0.016198 0.079143 0.996731
1718924454.099956036 -8.681963 5.343037 0.096122 -0.001297 -0.014737 0.047662 0.998754
1718924454.199983120 -8.647341 5.327556 0.093020 0.015055 -0.003104 0.019488 0.999692
1718924454.299981117 -8.612815 5.323363 0.088792 0.017397 -0.008085 0.006871 0.999792
1718924454.399997234 -8.584236 5.322566 0.083486 0.017044 -0.010657 -0.000454 0.999798
1718924454.499997139 -8.557193 5.328557 0.075244 0.015275 -0.011540 -0.001500 0.999816
1718924454.599998236 -8.530224 5.334943 0.067323 0.012742 -0.012763 -0.001385 0.999836
1718924454.699896097 -8.502968 5.338526 0.059099 0.011007 -0.013256 -0.002934 0.999847
1718924454.800000191 -8.474870 5.341634 0.052025 0.010020 -0.013118 -0.002218 0.999861
1718924454.900016069 -8.445180 5.342361 0.047720 0.009981 -0.012808 -0.000948 0.999868
1718924455.099997044 -8.385361 5.341105 0.040576 0.009266 -0.010298 0.001752 0.999903
1718924455.199997187 -8.355279 5.339555 0.036910 0.009213 -0.009719 0.002065 0.999908
1718924455.299993038 -8.324806 5.337148 0.031958 0.009047 -0.009631 0.001960 0.999911
1718924455.399982214 -8.294481 5.336234 0.028387 0.008630 -0.009510 0.002042 0.999915
1718924455.499989033 -8.264538 5.335335 0.025993 0.008011 -0.009541 0.002071 0.999920
1718924455.599989176 -8.234796 5.334613 0.023241 0.007478 -0.009790 0.001933 0.999922
1718924455.699976921 -8.205395 5.333462 0.020331 0.007278 -0.009789 0.001811 0.999924
1718924455.799990177 -8.176655 5.332892 0.018075 0.007364 -0.009957 0.002052 0.999921
1718924455.900020838 -8.148548 5.332571 0.016170 0.007343 -0.010133 0.002497 0.999919
1718924456.099982977 -8.091637 5.332078 0.016314 0.007114 -0.009948 0.002793 0.999921
1718924456.199995995 -8.063983 5.331961 0.016653 0.007246 -0.010095 0.002857 0.999919
1718924456.299983978 -8.036548 5.331161 0.016763 0.007362 -0.009976 0.002213 0.999921
1718924456.399994135 -8.008845 5.330906 0.017492 0.007503 -0.009802 0.002166 0.999921
1718924456.499983072 -7.980991 5.330321 0.018900 0.007880 -0.009858 0.002046 0.999918
1718924456.599987030 -7.952694 5.329485 0.020996 0.008675 -0.009415 0.002549 0.999915
1718924456.699911118 -7.924625 5.327236 0.024174 0.009173 -0.009478 0.001882 0.999911
1718924456.799981117 -7.897005 5.327616 0.024803 0.009386 -0.010314 0.003547 0.999896
1718924456.900010347 -7.869069 5.327079 0.022637 0.008067 -0.011624 0.003443 0.999894
1718924457.100010157 -7.812723 5.327395 0.017283 0.007560 -0.014254 0.003105 0.999865
1718924457.299983978 -7.754485 5.328519 0.010217 0.008278 -0.015513 0.002736 0.999842
1718924457.399986029 -7.725395 5.329793 0.006403 0.008009 -0.016291 0.002525 0.999832
1718924457.499987841 -7.696891 5.328740 0.002587 0.007109 -0.016621 -0.000576 0.999836
1718924457.599992990 -7.668564 5.328212 -0.001302 0.007720 -0.016776 -0.003081 0.999825
1718924457.699915171 -7.640943 5.327893 -0.003713 0.007444 -0.017378 -0.004889 0.999809
1718924457.799989939 -7.612778 5.326804 -0.005102 0.008035 -0.017572 -0.006393 0.999793
1718924457.900025129 -7.583061 5.326380 -0.003366 0.008552 -0.018346 -0.005078 0.999782
1718924458.099996328 -7.522799 5.327066 0.001469 0.007081 -0.020510 -0.003396 0.999759
1718924458.199995279 -7.492312 5.329778 0.004030 0.006074 -0.021262 -0.000215 0.999755
1718924458.299995184 -7.461894 5.333126 0.008819 0.005196 -0.022257 0.001896 0.999737
1718924458.399989128 -7.431727 5.335668 0.012378 0.004993 -0.022924 0.003695 0.999718
1718924458.499993324 -7.401518 5.335984 0.014380 0.004374 -0.023005 0.002919 0.999722
1718924458.599995136 -7.371385 5.335478 0.015312 0.003468 -0.022898 0.002332 0.999729
1718924458.699898005 -7.341442 5.335830 0.015593 0.002966 -0.022834 0.002128 0.999733
1718924458.799986124 -7.311708 5.335484 0.016214 0.002508 -0.022857 0.001533 0.999734
1718924458.900016069 -7.282395 5.335738 0.016275 0.002365 -0.022608 0.001193 0.999741
1718924459.099991083 -7.225676 5.336235 0.016322 0.001077 -0.021787 -0.000291 0.999762
1718924459.199978113 -7.196178 5.335112 0.016817 0.000464 -0.021192 -0.001506 0.999774
1718924459.299993038 -7.165458 5.333751 0.016888 -0.000161 -0.020251 -0.003425 0.999789
1718924459.399991035 -7.135236 5.336517 0.017018 0.001810 -0.019256 -0.001048 0.999812
1718924459.499984026 -7.105417 5.338477 0.017234 0.001723 -0.018845 0.000159 0.999821
1718924459.599983215 -7.075793 5.340195 0.017634 0.000589 -0.018186 0.002782 0.999831
1718924459.699978828 -7.046728 5.342114 0.018271 0.000185 -0.017901 0.003708 0.999833
1718924459.799993038 -7.018268 5.342946 0.017599 -0.000155 -0.017464 0.003540 0.999841
1718924459.900017023 -6.990459 5.342750 0.017992 0.000588 -0.016814 0.003204 0.999853
1718924460.099987030 -6.935557 5.345069 0.019435 0.002469 -0.015776 0.004929 0.999860
1718924460.199981928 -6.908035 5.347355 0.019955 0.003734 -0.015102 0.008843 0.999840
1718924460.299989939 -6.880470 5.347992 0.019339 0.004158 -0.014573 0.010036 0.999835
1718924460.400000095 -6.853144 5.348729 0.018380 0.003709 -0.014811 0.011004 0.999823
1718924460.499999046 -6.826010 5.348092 0.016663 0.004323 -0.014315 0.011138 0.999826
1718924460.599997997 -6.799021 5.347665 0.015718 0.004029 -0.013933 0.011084 0.999833
1718924460.699905157 -6.771809 5.348041 0.015007 0.004338 -0.013655 0.011721 0.999829
1718924460.799999952 -6.744306 5.347632 0.014714 0.004356 -0.013275 0.011093 0.999841
1718924460.900021315 -6.716583 5.348447 0.015163 0.004418 -0.013240 0.011381 0.999838
1718924461.100013256 -6.660952 5.350134 0.017602 0.003866 -0.013655 0.011124 0.999837
1718924461.300018311 -6.604935 5.351912 0.019591 0.004054 -0.013533 0.011189 0.999838
1718924461.500000000 -6.548259 5.354346 0.020251 0.004115 -0.013316 0.010379 0.999849
1718924461.599993944 -6.519455 5.356405 0.019570 0.003910 -0.013289 0.010075 0.999853
1718924461.699904203 -6.490250 5.359011 0.018205 0.003520 -0.013783 0.010049 0.999848
1718924461.800021172 -6.461012 5.361191 0.017007 0.003263 -0.014297 0.010617 0.999836
1718924461.899997950 -6.431976 5.362149 0.016594 0.002725 -0.014688 0.010713 0.999831
1718924462.100000143 -6.373413 5.363077 0.017773 0.002377 -0.015291 0.010614 0.999824
1718924462.199996233 -6.344382 5.363050 0.018771 0.002102 -0.015479 0.010698 0.999821
1718924462.299992323 -6.315861 5.362878 0.019446 0.002126 -0.015643 0.010758 0.999818
1718924462.399986267 -6.287255 5.362637 0.019966 0.002230 -0.015774 0.010779 0.999815
1718924462.499991179 -6.259312 5.362702 0.020614 0.002220 -0.015965 0.010571 0.999814
1718924462.599984169 -6.233892 5.363156 0.020518 0.002244 -0.016095 0.010490 0.999813
1718924462.699903011 -6.210193 5.363816 0.020436 0.002242 -0.016289 0.010706 0.999807
1718924462.799984217 -6.187329 5.364373 0.019524 0.002328 -0.015876 0.010430 0.999817
1718924462.900018930 -6.165101 5.365882 0.018491 0.002143 -0.015919 0.010761 0.999813
1718924463.099983215 -6.122341 5.365762 0.018262 0.002303 -0.016290 0.010335 0.999811
1718924463.199989080 -6.099623 5.364159 0.018728 0.001466 -0.016288 0.007827 0.999836
1718924463.299989223 -6.075913 5.362587 0.019348 0.001557 -0.015965 0.006300 0.999851
1718924463.399980068 -6.050923 5.359929 0.019479 0.001567 -0.015948 0.003446 0.999866
1718924463.500000238 -6.024532 5.358080 0.019023 -0.000126 -0.015865 0.000341 0.999874
1718924463.599992037 -5.998531 5.358472 0.018615 -0.000611 -0.015525 -0.000293 0.999879
1718924463.699982882 -5.972965 5.358289 0.018511 -0.000896 -0.015163 -0.001333 0.999884
1718924463.799985170 -5.947801 5.358682 0.017531 -0.001077 -0.014839 -0.001326 0.999888
1718924463.900014877 -5.923353 5.359938 0.015860 -0.001785 -0.014502 -0.001914 0.999891
1718924464.099980116 -5.871694 5.363969 0.013524 -0.002588 -0.014096 -0.001989 0.999895
1718924464.199984074 -5.845719 5.366053 0.011432 -0.002668 -0.013892 -0.001513 0.999899
1718924464.299993038 -5.820119 5.366172 0.007804 -0.002722 -0.013743 -0.002834 0.999898
1718924464.399992943 -5.794101 5.366267 0.003736 -0.001601 -0.013010 -0.003562 0.999908
1718924464.499983072 -5.767485 5.365448 0.000206 -0.001575 -0.012706 -0.005629 0.999902
1718924464.599978924 -5.740767 5.365279 -0.003061 -0.002147 -0.012756 -0.007133 0.999891
1718924464.699911118 -5.713989 5.363813 -0.006537 -0.002758 -0.012676 -0.010191 0.999864
1718924464.699990034 -5.700934 5.356885 0.040871 -0.000513 -0.012302 -0.007260 0.999898
1718924464.900024176 -5.663212 5.357752 0.029493 -0.000557 -0.012380 -0.008716 0.999885
1718924464.999962807 -5.642180 5.357990 0.023587 -0.000373 -0.012509 -0.010220 0.999869
1718924465.099990845 -5.619978 5.358296 0.017415 -0.000049 -0.012511 -0.012307 0.999846
1718924465.199997902 -5.596751 5.358685 0.011579 -0.000642 -0.012330 -0.015002 0.999811
1718924465.300007820 -5.572993 5.357962 0.005498 0.000289 -0.012257 -0.017336 0.999775
1718924465.399993896 -5.547682 5.355103 -0.001087 0.001530 -0.012066 -0.022008 0.999684
1718924465.499979019 -5.520920 5.355191 -0.006929 0.000825 -0.012688 -0.023352 0.999646
1718924465.699888229 -5.462312 5.348210 -0.017573 -0.002980 -0.014061 -0.040378 0.999081
1718924465.800000191 -5.433394 5.343392 -0.021505 -0.002142 -0.014319 -0.049637 0.998662
1718924465.900006056 -5.405936 5.334952 -0.021980 -0.000380 -0.013391 -0.058386 0.998204
1718924466.099998236 -5.350441 5.319418 -0.019674 0.004396 -0.014144 -0.062616 0.997928
1718924466.199982166 -5.322485 5.317228 -0.017337 0.003426 -0.014010 -0.056331 0.998308
1718924466.300004244 -5.294980 5.316300 -0.016060 0.003192 -0.013586 -0.049586 0.998672
1718924466.399983168 -5.267722 5.314040 -0.014296 0.004314 -0.012572 -0.045397 0.998881
1718924466.499978304 -5.241124 5.312236 -0.011963 0.004092 -0.011807 -0.041352 0.999066
1718924466.599985123 -5.215153 5.312106 -0.008352 0.002701 -0.011812 -0.038089 0.999201
1718924466.699892998 -5.189326 5.312905 -0.004176 0.000555 -0.012573 -0.034492 0.999326
1718924466.799995184 -5.164061 5.315204 -0.001024 -0.000766 -0.013048 -0.030584 0.999447
1718924466.900002003 -5.139426 5.317974 0.000931 -0.001228 -0.013831 -0.026842 0.999543
1718924467.099981070 -5.092087 5.320231 0.002536 -0.001376 -0.014660 -0.022395 0.999641
1718924467.199985027 -5.068699 5.319023 0.003248 -0.001675 -0.014989 -0.021772 0.999649
1718924467.299997091 -5.044870 5.317769 0.003698 -0.001637 -0.015245 -0.021293 0.999656
1718924467.399992228 -5.020656 5.315955 0.004678 -0.001303 -0.015405 -0.020587 0.999669
1718924467.499989033 -4.996212 5.314021 0.005726 -0.000467 -0.015625 -0.019717 0.999683
1718924467.599983215 -4.972068 5.312275 0.007200 0.000812 -0.015499 -0.018529 0.999708
1718924467.699970961 -4.947749 5.310965 0.008873 0.000724 -0.015656 -0.017491 0.999724
1718924467.799992085 -4.923827 5.309602 0.009890 0.000960 -0.015944 -0.017358 0.999722
1718924467.900019884 -4.900452 5.307532 0.010334 0.001205 -0.016006 -0.017798 0.999713
1718924468.099995136 -4.855195 5.305824 0.010851 0.000725 -0.016114 -0.017814 0.999711
1718924468.199990034 -4.832645 5.304560 0.011352 0.000721 -0.016380 -0.017865 0.999706
1718924468.299986124 -4.809549 5.303611 0.011520 0.000593 -0.016313 -0.018162 0.999702
1718924468.399991035 -4.786920 5.303241 0.012259 0.000341 -0.016150 -0.017749 0.999712
1718924468.499997139 -4.763899 5.302064 0.012489 0.000425 -0.016099 -0.018538 0.999698
1718924468.599990129 -4.740613 5.301127 0.013162 0.001043 -0.016210 -0.018858 0.999690
1718924468.699900150 -4.716952 5.299399 0.013759 0.001309 -0.016025 -0.019764 0.999675
1718924468.799989939 -4.693003 5.297627 0.013425 0.000121 -0.016250 -0.021821 0.999630
1718924468.900013924 -4.669073 5.295636 0.012295 -0.000276 -0.016532 -0.022941 0.999600
1718924469.099992037 -4.620757 5.294198 0.010600 -0.000445 -0.016327 -0.024057 0.999577
1718924469.199978828 -4.595325 5.294116 0.010090 -0.000997 -0.016327 -0.024124 0.999575
1718924469.299993038 -4.568472 5.293615 0.010242 -0.001413 -0.016209 -0.025307 0.999547
1718924469.399986982 -4.540225 5.293921 0.011250 -0.001401 -0.015992 -0.025114 0.999556
1718924469.499986887 -4.510928 5.294155 0.012717 -0.001584 -0.015877 -0.025995 0.999535
1718924469.599992037 -4.481177 5.295954 0.015169 -0.002016 -0.016093 -0.026372 0.999521
1718924469.699899197 -4.450569 5.297828 0.016871 -0.002005 -0.016080 -0.027032 0.999503
1718924469.699990988 -4.461510 5.281213 0.032934 -0.000323 -0.017123 -0.025652 0.999524
1718924469.900010347 -4.417119 5.278707 0.022824 -0.000227 -0.017168 -0.026287 0.999507
1718924470.099983215 -4.370287 5.277214 0.016897 -0.000132 -0.017642 -0.026160 0.999502
1718924470.199987173 -4.345896 5.276139 0.013267 0.000124 -0.017681 -0.025341 0.999522
1718924470.299991131 -4.321253 5.275064 0.010941 0.000398 -0.017884 -0.023615 0.999561
1718924470.399994135 -4.296817 5.272566 0.009089 0.000590 -0.018167 -0.024389 0.999537
1718924470.499985218 -4.272375 5.271873 0.007412 0.001364 -0.018384 -0.022501 0.999577
1718924470.599987268 -4.248146 5.270792 0.005912 0.001682 -0.018353 -0.021370 0.999602
1718924470.699909210 -4.224183 5.270763 0.004426 0.001409 -0.018497 -0.019621 0.999635
1718924470.799992323 -4.200166 5.270404 0.003531 0.001583 -0.018915 -0.019315 0.999633
1718924470.900020123 -4.175654 5.269046 0.002715 0.002027 -0.018994 -0.019262 0.999632
1718924471.099993229 -4.127472 5.268023 0.001060 0.001747 -0.019203 -0.019708 0.999620
1718924471.199988127 -4.102812 5.266756 0.000733 0.002237 -0.019266 -0.019948 0.999613
1718924471.299988031 -4.077421 5.265472 0.000779 0.002440 -0.019344 -0.019950 0.999611
1718924471.399995089 -4.051688 5.264990 0.001170 0.002171 -0.019620 -0.019908 0.999607
1718924471.500001192 -4.025792 5.263861 0.001302 0.001982 -0.019669 -0.020530 0.999594
1718924471.599991083 -3.999884 5.262619 0.001119 0.002237 -0.019248 -0.020619 0.999600
1718924471.699901104 -3.973476 5.261404 0.001535 0.002294 -0.019302 -0.021081 0.999589
1718924471.799993038 -3.945767 5.260781 0.001797 0.002545 -0.019382 -0.021419 0.999579
1718924471.900007010 -3.916979 5.258534 0.002165 0.002655 -0.019477 -0.022750 0.999548
1718924472.100003004 -3.857852 5.254241 -0.000129 0.001129 -0.019913 -0.026744 0.999443
1718924472.200001001 -3.827808 5.251278 -0.001327 0.001275 -0.019474 -0.029402 0.999377
1718924472.299989939 -3.797591 5.250181 -0.002537 0.001545 -0.019273 -0.029085 0.999390
1718924472.399991989 -3.766842 5.249173 -0.002680 0.001643 -0.018984 -0.028744 0.999405
1718924472.499982119 -3.734802 5.246980 -0.001413 0.001986 -0.018804 -0.028910 0.999403
1718924472.599983931 -3.702212 5.244209 0.000400 0.002287 -0.018352 -0.029258 0.999401
1718924472.699980021 -3.669205 5.242155 0.002827 0.002238 -0.018172 -0.029637 0.999393
1718924472.799983978 -3.636058 5.239594 0.003886 0.002678 -0.017699 -0.030309 0.999380
1718924472.900015831 -3.602398 5.236805 0.004205 0.002786 -0.017186 -0.030924 0.999370
1718924473.099989891 -3.536838 5.232326 0.004275 0.002353 -0.016046 -0.031737 0.999365
1718924473.199975014 -3.503549 5.230235 0.005669 0.001656 -0.015448 -0.031326 0.999388
1718924473.299993038 -3.468650 5.228993 0.009876 0.001037 -0.014975 -0.031157 0.999402
1718924473.399984837 -3.433284 5.226859 0.012338 0.000486 -0.013980 -0.031723 0.999399
1718924473.499989033 -3.396680 5.225352 0.013770 -0.000171 -0.013098 -0.032534 0.999385
1718924473.599989891 -3.359085 5.224003 0.016156 -0.000424 -0.012868 -0.032213 0.999398
1718924473.699909210 -3.321819 5.221926 0.019640 -0.000925 -0.012685 -0.033138 0.999370
1718924473.699981928 -3.343003 5.241990 0.009001 -0.002268 -0.013916 -0.033398 0.999343
1718924473.900013208 -3.284415 5.234030 0.009915 -0.003364 -0.013892 -0.034879 0.999289
1718924474.099991322 -3.227389 5.226069 0.009793 -0.003975 -0.013811 -0.035520 0.999266
1718924474.199988127 -3.197681 5.221451 0.009585 -0.003931 -0.013790 -0.036359 0.999236
1718924474.299995184 -3.168198 5.215548 0.009403 -0.003581 -0.013258 -0.038386 0.999169
1718924474.399982214 -3.138671 5.210432 0.008553 -0.002923 -0.013404 -0.039913 0.999109
1718924474.499987125 -3.109863 5.207756 0.007961 -0.002707 -0.013689 -0.040449 0.999084
1718924474.599984169 -3.081705 5.206065 0.007805 -0.001628 -0.013837 -0.037412 0.999203
1718924474.699902058 -3.053817 5.205497 0.008624 -0.001121 -0.014124 -0.035256 0.999278
1718924474.799986124 -3.026139 5.206453 0.008557 -0.000179 -0.014153 -0.031760 0.999395
1718924474.900022268 -2.998826 5.204713 0.008437 -0.000338 -0.014597 -0.031386 0.999401
1718924475.099987030 -2.948223 5.203521 0.006032 -0.000176 -0.014535 -0.029839 0.999449
1718924475.199988127 -2.922783 5.201211 0.006330 0.000593 -0.014350 -0.029971 0.999448
1718924475.299985170 -2.896744 5.198176 0.007905 0.000272 -0.014389 -0.030767 0.999423
1718924475.399977207 -2.869789 5.193364 0.009209 -0.002161 -0.014685 -0.035164 0.999271
1718924475.499996185 -2.841415 5.189531 0.009602 -0.003870 -0.015069 -0.039225 0.999109
1718924475.599993229 -2.812404 5.187287 0.011102 -0.003947 -0.015646 -0.041967 0.998989
1718924475.699901104 -2.781937 5.185317 0.012695 -0.004851 -0.016285 -0.044949 0.998845
1718924475.799994230 -2.750887 5.183415 0.013921 -0.005200 -0.016701 -0.046202 0.998779
1718924475.900008202 -2.720602 5.179903 0.013824 -0.005374 -0.016808 -0.047259 0.998727
1718924476.099996090 -2.659737 5.173799 0.011090 -0.005401 -0.016339 -0.050501 0.998576
1718924476.199990034 -2.628926 5.171835 0.009266 -0.004147 -0.016038 -0.050861 0.998568
1718924476.299981117 -2.597676 5.169694 0.006323 -0.004124 -0.015442 -0.051712 0.998534
1718924476.399992943 -2.565408 5.167348 0.003481 -0.005524 -0.015262 -0.053683 0.998426
1718924476.499995232 -2.532410 5.164200 0.000451 -0.006287 -0.014632 -0.055635 0.998324
1718924476.600000143 -2.498926 5.159426 -0.001499 -0.002576 -0.013298 -0.061643 0.998006
1718924476.699908972 -2.464799 5.155164 -0.000866 0.000766 -0.011872 -0.067383 0.997656
1718924476.799960136 -2.430980 5.149964 -0.003184 0.000000 -0.010953 -0.075519 0.997084
1718924476.899997950 -2.398155 5.143758 -0.010128 0.001139 -0.009706 -0.083422 0.996466
1718924476.900015116 -2.401155 5.130300 0.002895 0.001512 -0.011289 -0.075825 0.997056
1718924477.099962950 -2.340484 5.123141 -0.000620 0.007110 -0.010329 -0.108174 0.994053
1718924477.199987888 -2.310730 5.123768 0.001956 0.005898 -0.009733 -0.121959 0.992470
1718924477.299960136 -2.288041 5.112471 0.006702 0.001864 -0.009945 -0.143776 0.989559
1718924477.399979830 -2.265192 5.103392 0.006158 -0.000331 -0.008254 -0.156921 0.987577
1718924477.499967098 -2.244577 5.081410 -0.000318 0.002214 -0.003499 -0.176496 0.984293
1718924477.599988937 -2.221119 5.057022 -0.001003 0.004329 -0.004064 -0.190482 0.981673
1718924477.699973822 -2.194196 5.045508 0.000819 0.002194 -0.004814 -0.199734 0.979836
1718924477.800001144 -2.168677 5.033579 0.004985 0.000640 -0.003890 -0.212130 0.977234
1718924477.900015116 -2.142189 5.024658 0.006954 0.002752 -0.005755 -0.215771 0.976423
1718924478.099988222 -2.089588 4.998710 0.007764 0.005009 -0.007451 -0.219715 0.975523
1718924478.199979305 -2.062862 4.986738 0.007590 0.005141 -0.007749 -0.221363 0.975147
1718924478.299994230 -2.035605 4.976525 0.007321 0.005268 -0.008200 -0.221046 0.975215
1718924478.399999142 -2.009338 4.964536 0.007520 0.005553 -0.008983 -0.222081 0.974971
1718924478.499994278 -1.982666 4.953229 0.007848 0.005452 -0.009509 -0.222587 0.974851
1718924478.599997282 -1.956004 4.942689 0.008041 0.005183 -0.010020 -0.222567 0.974852
1718924478.699985981 -1.930359 4.930495 0.007971 0.005032 -0.010479 -0.223470 0.974641
1718924478.799995184 -1.904895 4.919073 0.007736 0.004719 -0.010872 -0.223480 0.974636
1718924478.900017023 -1.879958 4.907998 0.007609 0.003702 -0.011132 -0.224049 0.974507
1718924479.100001097 -1.833096 4.886355 0.006676 0.002226 -0.011221 -0.225236 0.974237
1718924479.199988127 -1.809743 4.875012 0.005331 0.001742 -0.011006 -0.225843 0.974100
1718924479.299989223 -1.785228 4.865673 0.003647 0.001333 -0.011225 -0.225131 0.974263
1718924479.399989128 -1.760635 4.855492 0.001647 0.002335 -0.011247 -0.223495 0.974637
1718924479.499980211 -1.734419 4.844960 0.000008 0.002173 -0.011523 -0.222344 0.974898
1718924479.599986076 -1.708552 4.834506 -0.002723 0.001917 -0.011608 -0.221166 0.975165
1718924479.699902296 -1.684024 4.822686 -0.006318 0.001802 -0.011448 -0.221382 0.975118
1718924479.799986124 -1.659485 4.811442 -0.009374 0.001466 -0.011505 -0.220878 0.975233
1718924479.900008202 -1.635861 4.799529 -0.012576 0.001514 -0.011294 -0.221392 0.975118
1718924480.099980116 -1.589187 4.776520 -0.019325 0.002941 -0.011428 -0.220809 0.975246
1718924480.199985981 -1.565240 4.765551 -0.023120 0.002768 -0.011423 -0.220633 0.975286
1718924480.300007343 -1.541173 4.754812 -0.027159 0.002854 -0.011448 -0.220748 0.975259
1718924480.499988079 -1.493278 4.732571 -0.032659 0.003037 -0.011761 -0.221980 0.974975
1718924480.599987984 -1.467964 4.722192 -0.034835 0.003015 -0.011532 -0.222074 0.974957
1718924480.699899197 -1.442414 4.710663 -0.037070 0.002820 -0.011121 -0.224632 0.974376
1718924480.799983978 -1.417407 4.697270 -0.039274 0.000799 -0.009338 -0.230609 0.973001
1718924480.900008202 -1.392353 4.684264 -0.038949 -0.000627 -0.008609 -0.236648 0.971557
1718924481.099992037 -1.337280 4.658809 -0.036382 0.000368 -0.009253 -0.240266 0.970663
1718924481.199990988 -1.307225 4.643565 -0.034948 0.001249 -0.009485 -0.241703 0.970303
1718924481.299969912 -1.276418 4.628106 -0.033508 0.001432 -0.009763 -0.244079 0.969705
1718924481.399967909 -1.247139 4.607832 -0.032701 -0.000216 -0.010175 -0.254188 0.967101
1718924481.499990940 -1.221889 4.583704 -0.032238 -0.004386 -0.007549 -0.271689 0.962346
1718924481.599985123 -1.197267 4.562989 -0.031694 -0.005193 -0.007910 -0.289279 0.957198
1718924481.699902058 -1.177276 4.533538 -0.032783 -0.009495 -0.007797 -0.324065 0.945955
1718924481.799944162 -1.152888 4.500733 -0.037283 0.002043 -0.007309 -0.353431 0.935430
1718924481.900018215 -1.133971 4.466949 -0.027823 -0.004436 -0.007789 -0.388060 0.921591
1718924482.099899054 -1.087602 4.424424 -0.020332 0.002649 -0.013953 -0.432563 0.901492
1718924482.199938059 -1.060394 4.408395 -0.017157 0.003955 -0.014713 -0.446084 0.894861
1718924482.299980164 -1.044571 4.389065 -0.007491 -0.001297 -0.013082 -0.471661 0.881682
1718924482.399994135 -1.032104 4.367639 0.002971 -0.001682 -0.010117 -0.490984 0.871108
1718924482.499951124 -1.027415 4.339270 0.012642 -0.004892 -0.006526 -0.517149 0.855857
1718924482.599971056 -1.027922 4.302077 0.019479 0.003350 -0.007298 -0.535320 0.844611
1718924482.699908018 -1.029865 4.268019 0.034956 -0.002106 -0.007233 -0.555984 0.831159
1718924482.799973011 -1.032394 4.238105 0.049047 -0.003058 -0.007543 -0.575438 0.817805
1718924482.899987221 -1.028210 4.212511 0.061699 -0.001312 -0.008876 -0.586652 0.809790
1718924482.900018215 -1.031807 4.197699 -0.000481 0.000355 -0.010999 -0.584510 0.811312
1718924483.099976063 -1.019764 4.151006 0.003504 0.002181 -0.016109 -0.592329 0.805532
1718924483.199975014 -1.009901 4.127780 0.006385 0.000235 -0.014939 -0.592854 0.805171
1718924483.299992085 -0.998524 4.106263 0.007733 -0.002253 -0.012603 -0.593589 0.804667
1718924483.399993181 -0.987835 4.086822 0.009509 -0.004713 -0.011275 -0.595565 0.803214
1718924483.500002146 -0.978465 4.068153 0.010634 -0.006088 -0.010478 -0.597730 0.801606
1718924483.599999189 -0.969321 4.046677 0.010998 -0.004473 -0.011079 -0.597017 0.802140
1718924483.699908018 -0.960609 4.022077 0.011485 -0.003337 -0.011638 -0.596789 0.802307
1718924483.800022125 -0.951286 3.996870 0.011517 -0.002891 -0.011801 -0.597057 0.802107
1718924483.900027037 -0.941473 3.971882 0.012472 -0.003096 -0.012171 -0.597579 0.801712
1718924484.099986076 -0.922731 3.921289 0.013545 -0.003418 -0.012615 -0.598362 0.801119
1718924484.199985981 -0.914046 3.895019 0.014436 -0.002876 -0.012738 -0.599005 0.800639
1718924484.299984932 -0.904545 3.869213 0.016549 -0.002548 -0.013009 -0.599782 0.800053
1718924484.399976969 -0.900944 3.839609 0.017087 -0.001609 -0.012026 -0.609096 0.793004
1718924484.499994993 -0.899351 3.809603 0.017587 -0.002381 -0.009452 -0.621154 0.783628
1718924484.599998951 -0.893377 3.781552 0.021202 -0.003420 -0.009789 -0.626181 0.779609
1718924484.699985027 -0.892993 3.752458 0.022319 -0.001326 -0.010127 -0.632109 0.774812
1718924484.799981117 -0.888250 3.723866 0.023259 -0.001573 -0.009684 -0.630253 0.776328
1718924484.900010824 -0.881427 3.696506 0.026035 -0.002498 -0.009996 -0.625858 0.779869
1718924485.099995852 -0.864477 3.642819 0.030676 -0.003047 -0.010938 -0.617621 0.786394
1718924485.199985027 -0.854988 3.616705 0.031693 -0.004243 -0.012002 -0.613572 0.789536
1718924485.299999952 -0.846831 3.590049 0.028692 -0.005419 -0.012106 -0.610830 0.791651
1718924485.400007963 -0.838789 3.562716 0.026365 -0.007154 -0.011917 -0.607910 0.793884
1718924485.499998808 -0.828972 3.537720 0.024404 -0.007725 -0.012874 -0.604903 0.796158
1718924485.599998951 -0.819068 3.512939 0.019780 -0.007985 -0.012922 -0.602952 0.797633
1718924485.699915171 -0.809761 3.487832 0.013191 -0.008805 -0.012622 -0.601933 0.798398
1718924485.699986935 -0.817873 3.486700 0.048050 -0.012197 -0.009360 -0.601574 0.798669
1718924485.799994946 -0.810089 3.463169 0.041651 -0.013640 -0.008865 -0.599960 0.799864
1718924485.900013924 -0.801475 3.440846 0.035598 -0.014054 -0.009030 -0.598643 0.800842
1718924486.099996328 -0.781712 3.397617 0.022890 -0.012996 -0.008577 -0.597217 0.801928
1718924486.199999332 -0.776262 3.372571 0.017861 -0.012388 -0.008528 -0.607934 0.793845
1718924486.299975157 -0.771064 3.345054 0.014551 -0.013559 -0.007493 -0.619144 0.785124
1718924486.400006294 -0.765006 3.317088 0.013547 -0.015084 -0.007095 -0.629255 0.777020
1718924486.499994278 -0.760595 3.289415 0.012512 -0.016230 -0.005904 -0.642779 0.765857
1718924486.599991322 -0.758302 3.262560 0.011133 -0.015955 -0.004931 -0.657269 0.753471
1718924486.699907064 -0.763780 3.237766 0.009839 -0.016241 -0.003194 -0.675527 0.737150
1718924486.799961090 -0.781904 3.210544 -0.002427 0.001420 -0.007363 -0.696333 0.717680
1718924486.900030136 -0.801749 3.182819 -0.006109 0.000793 -0.011865 -0.712118 0.701959
1718924487.099961281 -0.828757 3.135049 -0.023421 0.006495 -0.014125 -0.745881 0.665897
1718924487.199989319 -0.832616 3.108672 -0.026911 0.005589 -0.014007 -0.758816 0.651130
1718924487.299973249 -0.827589 3.081126 -0.016453 0.002967 -0.014844 -0.759160 0.650728
1718924487.399988174 -0.822138 3.054419 -0.005281 -0.001690 -0.013237 -0.757005 0.653272
1718924487.499997139 -0.817492 3.028551 0.004589 -0.003426 -0.012692 -0.755216 0.655344
1718924487.599993229 -0.814668 3.003451 0.010614 -0.002463 -0.012985 -0.752999 0.657889
1718924487.699899912 -0.813460 2.977728 0.017051 -0.003054 -0.013567 -0.751203 0.659925
1718924487.799983263 -0.812253 2.951456 0.023244 -0.004153 -0.014225 -0.749679 0.661636
1718924487.900009155 -0.811066 2.924816 0.027977 -0.005113 -0.014426 -0.747850 0.663692
1718924488.099963188 -0.807613 2.870882 0.033522 -0.006269 -0.015087 -0.744520 0.667401
1718924488.199980259 -0.805367 2.844733 0.034146 -0.008818 -0.013476 -0.739877 0.672549
1718924488.300006151 -0.807482 2.819243 0.032386 -0.011487 -0.011959 -0.738094 0.674494
1718924488.399995327 -0.810159 2.795015 0.031477 -0.013362 -0.011127 -0.737122 0.675536
1718924488.499993324 -0.813128 2.771302 0.030247 -0.014231 -0.010890 -0.737048 0.675603
1718924488.599992275 -0.817317 2.747473 0.029314 -0.014844 -0.010481 -0.737513 0.675088
1718924488.699909925 -0.823483 2.723612 0.029106 -0.015602 -0.010135 -0.739476 0.672925
1718924488.799996138 -0.830496 2.699729 0.029381 -0.015792 -0.010358 -0.740907 0.671342
1718924488.900028944 -0.835395 2.676656 0.029724 -0.016169 -0.010527 -0.741774 0.670372
1718924489.099985123 -0.841689 2.630923 0.029242 -0.016705 -0.010918 -0.742147 0.669940
1718924489.199982166 -0.843478 2.608016 0.029615 -0.016398 -0.011777 -0.740890 0.671323
1718924489.299993038 -0.845742 2.585853 0.030156 -0.015675 -0.012628 -0.740064 0.672236
1718924489.399978161 -0.849038 2.563350 0.031149 -0.014915 -0.013138 -0.739685 0.672660
1718924489.499994040 -0.851321 2.541933 0.032582 -0.014288 -0.013631 -0.739361 0.673019
1718924489.599981070 -0.854414 2.521080 0.033261 -0.014027 -0.014205 -0.739635 0.672713
1718924489.699981213 -0.857915 2.499429 0.033630 -0.013989 -0.014896 -0.740142 0.672140
1718924489.799995184 -0.864566 2.476531 0.034317 -0.015111 -0.013812 -0.744691 0.667096
1718924489.900014877 -0.863640 2.452259 0.035947 -0.014249 -0.015008 -0.741768 0.670337
1718924490.099988937 -0.866013 2.406790 0.039026 -0.013792 -0.015853 -0.741913 0.670167
1718924490.199991941 -0.867466 2.384722 0.040242 -0.013649 -0.015775 -0.741857 0.670233
1718924490.300002098 -0.869149 2.361318 0.041419 -0.013213 -0.016130 -0.741035 0.671143
1718924490.399991989 -0.871245 2.337437 0.041143 -0.012829 -0.016330 -0.740871 0.671326
1718924490.499997139 -0.873109 2.313890 0.040339 -0.012797 -0.016352 -0.740592 0.671634
1718924490.599998951 -0.875359 2.290802 0.039475 -0.012716 -0.016198 -0.740939 0.671257
1718924490.699912310 -0.877437 2.267678 0.038911 -0.012901 -0.016225 -0.740774 0.671434
1718924490.699995041 -0.879572 2.267584 0.026092 -0.012423 -0.015220 -0.740179 0.672122
1718924490.900025129 -0.881995 2.233352 0.027745 -0.012086 -0.016008 -0.739320 0.673055
1718924490.999960899 -0.882785 2.215813 0.029263 -0.012033 -0.016087 -0.738635 0.673806
1718924491.099996805 -0.884753 2.197899 0.030560 -0.012220 -0.015960 -0.739236 0.673146
1718924491.199993849 -0.885780 2.178835 0.032212 -0.012167 -0.016159 -0.738374 0.674088
1718924491.400015116 -0.889547 2.136494 0.035456 -0.011649 -0.016716 -0.737820 0.674690
1718924491.599982023 -0.893755 2.091046 0.038364 -0.011128 -0.017460 -0.737482 0.675049
1718924491.699910164 -0.894904 2.067974 0.039193 -0.011091 -0.017943 -0.736528 0.676078
1718924491.799980879 -0.897110 2.044704 0.039845 -0.011139 -0.018132 -0.736323 0.676295
1718924491.900021076 -0.899893 2.021558 0.040536 -0.011486 -0.018198 -0.736669 0.675911
1718924492.099989176 -0.903988 1.975684 0.042151 -0.012200 -0.018150 -0.736524 0.676057
1718924492.199984312 -0.906892 1.952450 0.042670 -0.012201 -0.017898 -0.737080 0.675458
1718924492.299995184 -0.909238 1.928686 0.043406 -0.012317 -0.017762 -0.737404 0.675106
1718924492.399998188 -0.911472 1.905017 0.044003 -0.012528 -0.017922 -0.737428 0.675072
1718924492.499990225 -0.913349 1.881606 0.044255 -0.012416 -0.018122 -0.737091 0.675436
1718924492.599989176 -0.915172 1.858202 0.044316 -0.012577 -0.018045 -0.736957 0.675582
1718924492.699907064 -0.916709 1.834954 0.044178 -0.012561 -0.017902 -0.736544 0.676036
1718924492.799993277 -0.918399 1.811578 0.044046 -0.012497 -0.018050 -0.736325 0.676272
1718924492.900022984 -0.919961 1.788811 0.044006 -0.012483 -0.018120 -0.736295 0.676303
1718924493.099986076 -0.922283 1.742669 0.044579 -0.012448 -0.018042 -0.735385 0.677295
1718924493.199990034 -0.923546 1.719930 0.044975 -0.012433 -0.018081 -0.735384 0.677296
1718924493.299986124 -0.925581 1.698050 0.045360 -0.012138 -0.018248 -0.735097 0.677608
1718924493.399991035 -0.927360 1.676527 0.045961 -0.012339 -0.018227 -0.734887 0.677832
1718924493.499984026 -0.928382 1.655405 0.046218 -0.012140 -0.018277 -0.734246 0.678529
1718924493.599995136 -0.930145 1.633921 0.046716 -0.012282 -0.018177 -0.734511 0.678242
1718924493.699985027 -0.931768 1.612173 0.047417 -0.012169 -0.018204 -0.734448 0.678312
1718924493.799987078 -0.933788 1.590452 0.047871 -0.011984 -0.018297 -0.734386 0.678379
1718924493.900008917 -0.935433 1.568265 0.048196 -0.011774 -0.018260 -0.734486 0.678276
1718924494.099992037 -0.939071 1.523916 0.048630 -0.010667 -0.018522 -0.734195 0.678602
1718924494.199985027 -0.941553 1.501728 0.048665 -0.010546 -0.018532 -0.734617 0.678146
1718924494.299994946 -0.942622 1.478699 0.048438 -0.010548 -0.018361 -0.734424 0.678361
1718924494.399996996 -0.944364 1.455137 0.047381 -0.010752 -0.018142 -0.734849 0.677903
1718924494.499994040 -0.945628 1.430942 0.046626 -0.010693 -0.018235 -0.734571 0.678203
1718924494.599991083 -0.947524 1.406609 0.045674 -0.010505 -0.018182 -0.734939 0.677808
1718924494.699903250 -0.948419 1.381771 0.044756 -0.010350 -0.018133 -0.734713 0.678057
1718924494.699985981 -0.946390 1.385546 0.043940 -0.009764 -0.018156 -0.734525 0.678268
1718924494.900005341 -0.950081 1.344148 0.043616 -0.009749 -0.017863 -0.734740 0.678043
1718924494.999958038 -0.951969 1.322998 0.043827 -0.009638 -0.018171 -0.734985 0.677771
1718924495.099987984 -0.953240 1.301494 0.044840 -0.010418 -0.018041 -0.734976 0.677773
1718924495.199995041 -0.952342 1.279106 0.046035 -0.011200 -0.017622 -0.734322 0.678480
1718924495.400008202 -0.955507 1.233491 0.048693 -0.011405 -0.017991 -0.733744 0.679092
1718924495.499991894 -0.957336 1.210525 0.050422 -0.011336 -0.018204 -0.733346 0.679517
1718924495.699904203 -0.962016 1.164637 0.052268 -0.011428 -0.018393 -0.733270 0.679593
1718924495.800027132 -0.964800 1.142073 0.052916 -0.011808 -0.018338 -0.733677 0.679148
1718924495.899998903 -0.966241 1.119287 0.052823 -0.012127 -0.018135 -0.733797 0.679019
1718924496.099993229 -0.969764 1.073712 0.052192 -0.012291 -0.017702 -0.733880 0.678938
1718924496.199988127 -0.970818 1.050922 0.052285 -0.012319 -0.017696 -0.733481 0.679367
1718924496.299987316 -0.972642 1.027368 0.052415 -0.012229 -0.017572 -0.733271 0.679600
1718924496.399989128 -0.974429 1.004005 0.052385 -0.012275 -0.017337 -0.733395 0.679471
1718924496.499999285 -0.975957 0.980559 0.052474 -0.012430 -0.017085 -0.733415 0.679453
1718924496.599984169 -0.977955 0.957207 0.052811 -0.012130 -0.017137 -0.733102 0.679794
1718924496.699903011 -0.979203 0.933905 0.053415 -0.012234 -0.017099 -0.733189 0.679700
1718924496.799987316 -0.980678 0.910734 0.053873 -0.012093 -0.016884 -0.733470 0.679405
1718924496.900007963 -0.981584 0.888057 0.054497 -0.012205 -0.016727 -0.733105 0.679800
1718924497.099985123 -0.982879 0.843601 0.055511 -0.011402 -0.017304 -0.732094 0.680888
1718924497.199987173 -0.983625 0.821535 0.055924 -0.011348 -0.016977 -0.732281 0.680696
1718924497.299996138 -0.984385 0.799680 0.056529 -0.011460 -0.016562 -0.732421 0.680554
1718924497.399994135 -0.985158 0.778213 0.057117 -0.011259 -0.016685 -0.732134 0.680864
1718924497.499992132 -0.987294 0.756836 0.057395 -0.011078 -0.016811 -0.732537 0.680429
1718924497.599996090 -0.987987 0.735036 0.057584 -0.010861 -0.016808 -0.732191 0.680805
1718924497.699983835 -0.990527 0.713080 0.057683 -0.010672 -0.016982 -0.732719 0.680235
1718924497.799994230 -0.992506 0.691383 0.058035 -0.010626 -0.017190 -0.732951 0.679982
1718924497.900012016 -0.995651 0.669874 0.058572 -0.010528 -0.017433 -0.733098 0.679818
1718924498.099992037 -0.999160 0.625404 0.058534 -0.011328 -0.017146 -0.733009 0.679908
1718924498.199995041 -1.001792 0.602384 0.058104 -0.011428 -0.017159 -0.732719 0.680219
1718924498.299988031 -1.004877 0.578478 0.057073 -0.011364 -0.017280 -0.732489 0.680465
1718924498.399990082 -1.007645 0.554422 0.056213 -0.011475 -0.016852 -0.732421 0.680547
1718924498.499990940 -1.009118 0.529922 0.055184 -0.011476 -0.016533 -0.732480 0.680491
1718924498.599986076 -1.010938 0.505150 0.054103 -0.011051 -0.016505 -0.732364 0.680623
1718924498.699904203 -1.011606 0.480210 0.052906 -0.011186 -0.016244 -0.732478 0.680505
1718924498.699995041 -1.012822 0.485008 0.051613 -0.010818 -0.016167 -0.732450 0.680543
1718924498.900025129 -1.017275 0.445031 0.053780 -0.010773 -0.016171 -0.732857 0.680105
1718924499.100015163 -1.020182 0.406637 0.056467 -0.011334 -0.016557 -0.732532 0.680436
1718924499.199982882 -1.022317 0.387051 0.057698 -0.011316 -0.016937 -0.732699 0.680248
1718924499.299988985 -1.023842 0.367254 0.058818 -0.011385 -0.016969 -0.732654 0.680294
1718924499.399993896 -1.024977 0.346933 0.059835 -0.011611 -0.016913 -0.732735 0.680205
1718924499.499991894 -1.025767 0.326869 0.060999 -0.011760 -0.017016 -0.732589 0.680357
1718924499.699906111 -1.027006 0.286592 0.063552 -0.012187 -0.017220 -0.732391 0.680558
1718924499.799990892 -1.027422 0.266081 0.064457 -0.012304 -0.017151 -0.732276 0.680681
1718924499.900013208 -1.027972 0.245817 0.065751 -0.012547 -0.017255 -0.732125 0.680836
1718924500.099992275 -1.029908 0.204794 0.067711 -0.012348 -0.017748 -0.732678 0.680232
1718924500.199986219 -1.030459 0.183697 0.068091 -0.012230 -0.017757 -0.732890 0.680005
1718924500.299982309 -1.032479 0.162341 0.067840 -0.012091 -0.017908 -0.732842 0.680055
1718924500.399987221 -1.034645 0.140711 0.067851 -0.011994 -0.017865 -0.733137 0.679741
1718924500.499992132 -1.036704 0.118724 0.068297 -0.012084 -0.018006 -0.732651 0.680259
1718924500.599995136 -1.039883 0.097314 0.068316 -0.011932 -0.017952 -0.733176 0.679697
1718924500.699895144 -1.042256 0.075380 0.068258 -0.011620 -0.018000 -0.732975 0.679918
1718924500.799985170 -1.045325 0.053965 0.068073 -0.011275 -0.017848 -0.732789 0.680128
1718924500.900016069 -1.046214 0.030989 0.068119 -0.011099 -0.018386 -0.732781 0.680126
1718924501.099992037 -1.049705 -0.010806 0.066730 -0.010680 -0.018388 -0.732701 0.680218
1718924501.199984074 -1.051323 -0.030796 0.065949 -0.010519 -0.017617 -0.732418 0.680546
1718924501.299995184 -1.052293 -0.051100 0.065978 -0.010360 -0.017552 -0.732197 0.680787
1718924501.399992228 -1.053197 -0.071598 0.065789 -0.010250 -0.018217 -0.731807 0.681191
1718924501.499989033 -1.055301 -0.091666 0.065212 -0.010143 -0.018179 -0.732296 0.680668
1718924501.599990129 -1.056759 -0.112165 0.064840 -0.010106 -0.018015 -0.732114 0.680869
1718924501.699975967 -1.058308 -0.131150 0.065304 -0.010464 -0.018082 -0.732184 0.680787
1718924501.799995184 -1.059059 -0.142281 0.067153 -0.011600 -0.018594 -0.732224 0.680711
1718924501.900007963 -1.060314 -0.142189 0.067545 -0.011659 -0.019000 -0.732028 0.680910
1718924502.099992037 -1.061383 -0.131284 0.069010 -0.011129 -0.018810 -0.732194 0.680745
1718924502.199995041 -1.060930 -0.124879 0.069559 -0.010792 -0.018701 -0.732003 0.680959
1718924502.299997091 -1.059296 -0.119944 0.069807 -0.010556 -0.018541 -0.731957 0.681016
1718924502.399995089 -1.057892 -0.116717 0.069917 -0.010228 -0.018394 -0.731818 0.681175
1718924502.499995947 -1.056611 -0.115614 0.070005 -0.010096 -0.018283 -0.732027 0.680956
1718924502.599997044 -1.055215 -0.116801 0.070181 -0.010067 -0.018344 -0.732037 0.680943
1718924502.699901342 -1.054013 -0.118987 0.070130 -0.010006 -0.018312 -0.732077 0.680902
1718924502.699995995 -1.060315 -0.120259 0.067374 -0.009967 -0.018384 -0.732154 0.680818
1718924502.900009155 -1.059432 -0.114525 0.067771 -0.009893 -0.018566 -0.732106 0.680865
1718924502.999961853 -1.058837 -0.112265 0.067953 -0.009943 -0.018609 -0.732064 0.680909
1718924503.099999905 -1.058406 -0.110550 0.068137 -0.009963 -0.018718 -0.732096 0.680872
1718924503.199985027 -1.057908 -0.109151 0.068360 -0.010113 -0.018756 -0.732108 0.680855
1718924503.299988031 -1.057532 -0.108122 0.068532 -0.010195 -0.018863 -0.732100 0.680860
1718924503.499994040 -1.057212 -0.107160 0.069079 -0.010439 -0.019051 -0.732100 0.680851
1718924503.599984884 -1.057097 -0.106838 0.069327 -0.010509 -0.019178 -0.732121 0.680824
1718924503.699895144 -1.057024 -0.106725 0.069583 -0.010548 -0.019260 -0.732136 0.680805
1718924503.799981833 -1.056791 -0.106776 0.069877 -0.010611 -0.019495 -0.732032 0.680908
1718924503.900016069 -1.056759 -0.106722 0.070074 -0.010640 -0.019594 -0.732021 0.680917
1718924504.099989176 -1.056896 -0.106918 0.070158 -0.010721 -0.019493 -0.732086 0.680849
1718924504.199983120 -1.056934 -0.107209 0.070135 -0.010487 -0.019538 -0.732087 0.680850
1718924504.299992323 -1.056836 -0.107610 0.070143 -0.010407 -0.019499 -0.732071 0.680870
1718924504.399990320 -1.056695 -0.108147 0.070090 -0.010430 -0.019364 -0.732066 0.680879
1718924504.499989271 -1.056644 -0.108941 0.070079 -0.010384 -0.019341 -0.732119 0.680823
1718924504.599988222 -1.056475 -0.110014 0.070081 -0.010294 -0.019271 -0.732120 0.680825
1718924504.699904919 -1.056357 -0.111367 0.070131 -0.010235 -0.019174 -0.732160 0.680786
1718924504.799991131 -1.056145 -0.112965 0.070189 -0.010188 -0.019107 -0.732060 0.680896
1718924504.900017977 -1.056088 -0.114828 0.070212 -0.010124 -0.019092 -0.732063 0.680894
1718924505.099986076 -1.055992 -0.119146 0.070206 -0.010026 -0.018937 -0.731989 0.680979
