1718924308.099987030 0.000000 0.000000 0.000000 0.000000 -0.000000 -0.000000 1.000000
1718924308.199985981 -0.007795 -0.002612 0.000895 0.000653 -0.001692 -0.000024 0.999998
1718924308.299984932 -0.013389 -0.004598 0.001544 0.001247 -0.003313 -0.000052 0.999994
1718924308.399983883 -0.017166 -0.005922 0.002055 0.001689 -0.004756 0.000122 0.999987
1718924308.499981880 -0.019351 -0.006640 0.002440 0.002216 -0.006222 0.000077 0.999978
1718924308.599982023 -0.020257 -0.006989 0.002822 0.002720 -0.007484 0.000076 0.999968
1718924308.699983835 -0.020164 -0.007030 0.003101 0.003138 -0.008728 0.000094 0.999957
1718924308.799981833 -0.019385 -0.006767 0.003356 0.003510 -0.009736 -0.000037 0.999946
1718924308.900025845 -0.018123 -0.006277 0.003538 0.003815 -0.010689 -0.000028 0.999936
1718924309.099987268 -0.014719 -0.004895 0.003759 0.004344 -0.011966 -0.000088 0.999919
1718924309.199988127 -0.012833 -0.004104 0.003927 0.004592 -0.012413 -0.000055 0.999912
1718924309.299988270 -0.010971 -0.003247 0.003974 0.004703 -0.012792 -0.000071 0.999907
1718924309.399987221 -0.009152 -0.002409 0.003944 0.004873 -0.012959 0.000085 0.999904
1718924309.499984264 -0.008154 -0.001920 0.003252 0.004895 -0.012968 0.000075 0.999904
1718924309.599990129 -0.006505 -0.001261 0.003202 0.004933 -0.013095 -0.000001 0.999902
1718924309.699899197 -0.005006 -0.000676 0.003116 0.004917 -0.013194 0.000038 0.999901
1718924309.799987316 -0.003774 -0.000193 0.002899 0.004847 -0.013320 0.000227 0.999900
1718924309.900012255 -0.002813 0.000156 0.002795 0.004844 -0.013373 0.000206 0.999899
1718924310.099985123 -0.001419 0.000399 0.002753 0.004764 -0.013213 0.000047 0.999901
1718924310.199984074 -0.000963 0.000414 0.002775 0.004632 -0.013000 0.000003 0.999905
1718924310.299985170 -0.000681 0.000418 0.002638 0.004600 -0.012856 -0.000009 0.999907
1718924310.399986029 -0.000446 0.000432 0.002468 0.004566 -0.012694 0.000074 0.999909
1718924310.499984026 -0.000262 0.000431 0.002209 0.004473 -0.012600 0.000111 0.999911
1718924310.599987030 -0.000204 0.000477 0.001939 0.004462 -0.012512 0.000213 0.999912
1718924310.699902058 -0.000296 0.000554 0.001697 0.004404 -0.012471 0.000164 0.999913
1718924310.799989223 -0.000432 0.000565 0.001511 0.004358 -0.012444 0.000151 0.999913
1718924310.900013208 -0.000615 0.000579 0.001422 0.004365 -0.012445 0.000071 0.999913
1718924311.099992037 -0.001103 0.000628 0.001309 0.004410 -0.012397 -0.000120 0.999913
1718924311.199990988 -0.001324 0.000685 0.001323 0.004452 -0.012255 -0.000092 0.999915
1718924311.299993038 -0.001542 0.000742 0.001297 0.004438 -0.012220 -0.000074 0.999915
1718924311.399989128 -0.001809 0.000770 0.001223 0.004420 -0.012239 -0.000048 0.999915
1718924311.499993086 -0.002033 0.000756 0.001109 0.004411 -0.012244 -0.000053 0.999915
1718924311.599995136 -0.002244 0.000688 0.000934 0.004459 -0.012198 -0.000042 0.999916
1718924311.699909925 -0.002429 0.000576 0.000757 0.004503 -0.012213 -0.000070 0.999915
1718924311.799997091 -0.002509 0.000433 0.000652 0.004580 -0.012291 -0.000079 0.999914
1718924311.900012970 -0.002509 0.000303 0.000575 0.004637 -0.012334 -0.000085 0.999913
1718924312.099996805 -0.002586 -0.000085 0.000417 0.004623 -0.012325 -0.000044 0.999913
1718924312.199986935 -0.002604 -0.000279 0.000327 0.004506 -0.012264 -0.000013 0.999915
1718924312.299986839 -0.003193 -0.000528 0.000089 0.004382 -0.011948 -0.000044 0.999919
1718924312.399981022 -0.003021 -0.000553 0.000064 0.004423 -0.011915 -0.000051 0.999919
1718924312.499984980 -0.002795 -0.000505 0.000014 0.004415 -0.011883 -0.000041 0.999920
1718924312.599984884 -0.002467 -0.000463 -0.000050 0.004409 -0.011831 0.000031 0.999920
1718924312.699980974 -0.002103 -0.000423 -0.000175 0.004390 -0.011825 0.000076 0.999920
1718924312.799980879 -0.001638 -0.000346 -0.000255 0.004514 -0.011894 0.000076 0.999919
1718924312.900023937 -0.001039 -0.000224 -0.000342 0.004486 -0.011950 0.000119 0.999919
1718924313.099992275 0.002860 -0.000146 -0.000875 0.004423 -0.011959 0.000321 0.999919
1718924313.199992180 0.006064 -0.000209 -0.000979 0.004468 -0.011914 -0.000249 0.999919
1718924313.299998283 0.005745 -0.000439 -0.000770 0.004515 -0.011962 -0.000070 0.999918
1718924313.399987221 0.004068 -0.000550 -0.000540 0.004362 -0.011877 -0.000502 0.999920
1718924313.499996185 0.003526 -0.000578 -0.000341 0.004399 -0.011886 -0.000362 0.999920
1718924313.599999189 0.003005 -0.000703 -0.000176 0.004453 -0.011898 -0.000185 0.999919
1718924313.699904203 0.003356 -0.000736 -0.000014 0.004343 -0.011881 -0.000372 0.999920
1718924313.800001144 0.003963 -0.001002 0.000153 0.004368 -0.011941 -0.000439 0.999919
1718924313.900011301 0.003824 -0.001203 0.000296 0.004406 -0.012025 -0.000322 0.999918
1718924314.100000143 0.003740 -0.001464 0.000435 0.004308 -0.012151 -0.000300 0.999917
1718924314.199998140 0.003797 -0.001538 0.000439 0.004284 -0.012201 -0.000230 0.999916
1718924314.299994230 0.003928 -0.001696 0.000390 0.004268 -0.012248 -0.000162 0.999916
1718924314.399995089 0.004104 -0.001797 0.000325 0.004204 -0.012250 -0.000160 0.999916
1718924314.499998093 0.003757 -0.002010 -0.000561 0.004174 -0.012028 -0.000171 0.999919
1718924314.599995136 0.004155 -0.002057 -0.000644 0.004168 -0.012043 -0.000226 0.999919
1718924314.699899197 0.004542 -0.002052 -0.000762 0.004198 -0.012135 -0.000290 0.999918
1718924314.799995184 0.004499 -0.002074 -0.002879 0.004170 -0.012186 -0.000295 0.999917
1718924314.900014162 0.005052 -0.002005 -0.003229 0.004101 -0.012263 -0.000359 0.999916
1718924315.099992990 0.006854 -0.001602 -0.003986 0.004052 -0.012315 -0.000386 0.999916
1718924315.199988127 0.008849 -0.001325 -0.004343 0.003968 -0.012311 -0.000390 0.999916
1718924315.299983978 0.012373 -0.000882 -0.004671 0.003872 -0.012439 -0.000513 0.999915
1718924315.399984121 0.022114 -0.000205 -0.004634 0.003785 -0.012516 -0.000255 0.999914
1718924315.499979973 0.037503 0.000399 -0.004531 0.003518 -0.012603 -0.000623 0.999914
1718924315.599982023 0.055666 0.001154 -0.004342 0.003164 -0.012573 -0.000381 0.999916
1718924315.699909925 0.076091 0.001202 -0.004229 0.003151 -0.012682 -0.000534 0.999914
1718924315.799978018 0.098095 0.001384 -0.003977 0.003175 -0.012576 -0.000066 0.999916
1718924315.900018930 0.120178 0.001375 -0.003545 0.002908 -0.012733 -0.000026 0.999915
1718924316.099987030 0.162591 0.000620 -0.002362 0.002535 -0.012699 -0.000244 0.999916
1718924316.199985027 0.183480 -0.000117 -0.001710 0.002335 -0.012616 -0.000656 0.999917
1718924316.299983978 0.204008 -0.000683 -0.000940 0.002182 -0.012703 -0.000544 0.999917
1718924316.399984837 0.224459 -0.000925 0.000118 0.001797 -0.012755 -0.000705 0.999917
1718924316.499989986 0.244234 -0.000406 0.001478 0.001462 -0.012904 -0.000664 0.999915
1718924316.599992037 0.264310 -0.000512 0.002837 0.001736 -0.012873 -0.000978 0.999915
1718924316.699987888 0.285385 0.000076 0.004222 0.001700 -0.013098 -0.000724 0.999913
1718924316.799993992 0.307228 0.000547 0.005339 0.001629 -0.013310 -0.000167 0.999910
1718924316.900007010 0.329760 -0.000509 0.006342 0.001772 -0.013486 0.000176 0.999907
1718924317.099992275 0.374797 -0.001622 0.007397 0.001744 -0.013616 0.000111 0.999906
1718924317.199991226 0.397273 -0.002099 0.007530 0.001646 -0.013479 0.000211 0.999908
1718924317.299991131 0.419905 -0.002293 0.006783 0.001601 -0.013328 0.000266 0.999910
1718924317.399995327 0.443102 -0.002269 0.005906 0.001464 -0.013296 0.000150 0.999911
1718924317.499980211 0.465507 -0.002715 0.005101 0.001474 -0.012981 0.000588 0.999914
1718924317.599990129 0.488667 -0.002014 0.004466 0.001379 -0.012905 0.000377 0.999916
1718924317.699901342 0.511802 -0.002173 0.003844 0.001606 -0.012839 0.000848 0.999916
1718924317.799991131 0.533908 -0.002076 0.003149 0.001844 -0.012660 0.000847 0.999918
1718924317.900009155 0.554604 -0.002476 0.002360 0.002103 -0.012642 0.000682 0.999918
1718924318.099990129 0.594546 -0.003401 0.000952 0.002625 -0.012787 0.001274 0.999914
1718924318.199992180 0.614053 -0.004086 0.000146 0.003275 -0.012419 0.001671 0.999916
1718924318.299984217 0.633492 -0.006377 -0.001187 0.003930 -0.012262 0.002100 0.999915
1718924318.399982214 0.653050 -0.007463 -0.002444 0.003882 -0.012323 0.002139 0.999914
1718924318.499986172 0.673006 -0.009751 -0.003690 0.004292 -0.012326 0.002237 0.999912
1718924318.599983215 0.692880 -0.011995 -0.005005 0.004436 -0.012559 0.002219 0.999909
1718924318.699899197 0.712413 -0.013121 -0.005831 0.004400 -0.012751 0.001974 0.999907
1718924318.799984217 0.731442 -0.014545 -0.006902 0.004699 -0.012861 0.001888 0.999904
1718924318.900006056 0.749661 -0.013394 -0.007894 0.004809 -0.013108 0.002120 0.999900
1718924319.099985123 0.785324 -0.012112 -0.010373 0.005193 -0.013160 0.002233 0.999897
1718924319.199986935 0.803495 -0.011113 -0.011182 0.005136 -0.013371 0.002237 0.999895
1718924319.299988985 0.822074 -0.010506 -0.011538 0.005288 -0.013682 0.002607 0.999889
1718924319.399987936 0.840588 -0.009746 -0.011747 0.005085 -0.014067 0.002464 0.999885
1718924319.499987125 0.859284 -0.009956 -0.011965 0.005332 -0.014330 0.002940 0.999879
1718924319.599990129 0.882157 -0.009140 -0.015884 0.005585 -0.014979 0.002747 0.999868
1718924319.699896097 0.901521 -0.009944 -0.015725 0.005728 -0.015175 0.002435 0.999865
1718924319.799987078 0.920632 -0.010723 -0.015477 0.005681 -0.015357 0.002547 0.999863
1718924319.900000095 0.939469 -0.011112 -0.015096 0.005640 -0.015716 0.002651 0.999857
1718924320.099987984 0.973660 -0.012884 -0.015047 0.005576 -0.015718 0.002342 0.999858
1718924320.199991941 0.987178 -0.013439 -0.014805 0.004943 -0.015868 0.003006 0.999857
1718924320.299990892 0.992691 -0.013542 -0.013583 0.004463 -0.016973 0.003226 0.999841
1718924320.399989843 0.990523 -0.013939 -0.012839 0.004276 -0.017179 0.001912 0.999841
1718924320.499992847 0.986998 -0.012739 -0.011652 0.004101 -0.017292 0.000885 0.999842
1718924320.599983931 0.982725 -0.011351 -0.010043 0.004078 -0.017026 0.000288 0.999847
1718924320.699975967 0.978821 -0.009060 -0.008215 0.003881 -0.016769 -0.000230 0.999852
1718924320.799979925 0.975297 -0.006226 -0.005604 0.003236 -0.015853 -0.001622 0.999868
1718924320.900017977 0.972082 -0.002557 -0.002528 0.002537 -0.015282 -0.004169 0.999871
1718924321.099987984 0.967816 0.000552 0.004237 -0.001572 -0.013275 -0.013457 0.999820
1718924321.199980259 0.965507 0.002096 0.006563 -0.003430 -0.012342 -0.019225 0.999733
1718924321.299994230 0.963855 0.005762 0.007904 -0.004970 -0.011490 -0.024492 0.999622
1718924321.399999142 0.963369 0.010636 0.009842 -0.006023 -0.010776 -0.029105 0.999500
1718924321.500002146 0.963602 0.018128 0.011978 -0.005269 -0.010222 -0.032451 0.999407
1718924321.599977255 0.964412 0.026560 0.014011 -0.005553 -0.009711 -0.039082 0.999173
1718924321.699892282 0.965908 0.034793 0.016046 -0.006787 -0.008892 -0.047799 0.998794
1718924321.799995184 0.968063 0.044413 0.017788 -0.008099 -0.008305 -0.061604 0.998033
1718924321.900022268 0.971140 0.056724 0.020101 -0.009433 -0.008111 -0.075687 0.997054
1718924322.099982023 0.984409 0.086354 0.023831 -0.013067 -0.007393 -0.103096 0.994558
1718924322.200005293 0.992912 0.103112 0.025276 -0.013085 -0.007299 -0.116792 0.993043
1718924322.399972200 1.005182 0.136791 0.019901 -0.008702 -0.002448 -0.171512 0.985141
1718924322.499963999 1.008965 0.151441 0.004373 -0.000843 -0.006073 -0.207457 0.978225
1718924322.599920988 1.010694 0.166740 -0.017089 -0.000891 -0.007976 -0.247708 0.968802
1718924322.699898243 1.015064 0.183857 -0.042527 -0.002039 -0.006739 -0.269065 0.963096
1718924322.799969912 1.021600 0.201836 -0.071766 -0.005459 -0.004949 -0.298260 0.954456
1718924322.899981976 1.027247 0.215832 -0.096686 -0.006305 -0.003039 -0.330426 0.943806
1718924322.900018930 1.048614 0.184225 -0.065087 -0.006106 -0.004414 -0.341987 0.939675
1718924323.099937916 1.059302 0.193806 -0.041586 -0.004627 -0.008306 -0.395062 0.918605
1718924323.199996948 1.065560 0.200836 -0.032167 -0.005464 -0.006815 -0.414256 0.910119
1718924323.299955845 1.068380 0.205691 -0.029976 -0.004906 -0.006201 -0.450564 0.892709
1718924323.399986982 1.078293 0.214059 -0.025446 -0.005387 -0.006674 -0.459969 0.887894
1718924323.499949932 1.087857 0.222397 -0.022236 -0.002591 -0.008058 -0.484223 0.874904
1718924323.600003004 1.095185 0.228750 -0.018009 -0.005712 -0.006665 -0.496451 0.868020
1718924323.699901342 1.097894 0.231499 -0.016122 -0.006971 -0.008314 -0.511071 0.859470
1718924323.799980879 1.101418 0.234551 -0.016571 -0.003385 -0.010128 -0.521595 0.853127
1718924323.900089979 1.108858 0.241119 -0.019106 -0.003298 -0.013082 -0.537717 0.843017
1718924324.099979877 1.128575 0.253855 -0.018456 -0.003514 -0.012332 -0.569406 0.821957
1718924324.199982882 1.136489 0.259813 -0.016965 -0.000668 -0.010053 -0.584333 0.811452
1718924324.299983025 1.143620 0.263003 -0.014991 -0.005258 -0.005986 -0.598648 0.800973
1718924324.399986982 1.145579 0.264830 -0.018087 -0.001297 -0.004336 -0.624240 0.781220
1718924324.499996901 1.143727 0.262197 -0.018292 0.000446 -0.004370 -0.640612 0.767852
1718924324.599982977 1.147570 0.262004 -0.016120 -0.000609 -0.007369 -0.658385 0.752645
1718924324.699919224 1.155023 0.262714 -0.014556 -0.003023 -0.007119 -0.674623 0.738122
1718924324.699975014 1.163677 0.254237 -0.030157 -0.007277 -0.009266 -0.672797 0.739733
1718924324.900027275 1.157431 0.263286 -0.027399 -0.006564 -0.013023 -0.689485 0.724153
1718924325.099979162 1.151715 0.269929 -0.023453 -0.004938 -0.012178 -0.685268 0.728172
1718924325.199993134 1.147885 0.273225 -0.019259 -0.005060 -0.010392 -0.680774 0.732403
1718924325.299991131 1.145914 0.276247 -0.015158 -0.005302 -0.009273 -0.676790 0.736099
1718924325.399999142 1.144913 0.278812 -0.012758 -0.004460 -0.009550 -0.672425 0.740091
1718924325.499973297 1.145437 0.278302 -0.010301 -0.006089 -0.009039 -0.670133 0.742161
1718924325.599996328 1.145793 0.272689 -0.008462 -0.008149 -0.008444 -0.667135 0.744845
1718924325.699992180 1.146577 0.262601 -0.007326 -0.009890 -0.008363 -0.666000 0.745839
1718924325.799993277 1.149038 0.251011 -0.008271 -0.010704 -0.008912 -0.664460 0.747194
1718924325.900011301 1.153272 0.239389 -0.007887 -0.011642 -0.009783 -0.661915 0.749425
1718924326.099993229 1.159534 0.216364 -0.008298 -0.013053 -0.010014 -0.660845 0.750342
1718924326.199978113 1.161672 0.206256 -0.008452 -0.013127 -0.009971 -0.660673 0.750493
1718924326.299988031 1.163646 0.196739 -0.008641 -0.013342 -0.010011 -0.660299 0.750817
1718924326.399986029 1.164722 0.187487 -0.008388 -0.013528 -0.010189 -0.660051 0.751030
1718924326.499987125 1.165763 0.177049 -0.008453 -0.013794 -0.010233 -0.660037 0.751036
1718924326.599989176 1.167227 0.166049 -0.008767 -0.014203 -0.010120 -0.660006 0.751057
1718924326.699899197 1.168480 0.155390 -0.008823 -0.014255 -0.010363 -0.660067 0.751000
1718924326.799983025 1.169135 0.143928 -0.008638 -0.014156 -0.010575 -0.659855 0.751185
1718924326.900018215 1.170529 0.130656 -0.008338 -0.014467 -0.010710 -0.659887 0.751149
1718924327.099986076 1.173750 0.094984 -0.008015 -0.014779 -0.011016 -0.659688 0.751314
1718924327.199988127 1.175565 0.075292 -0.007790 -0.015209 -0.011054 -0.659701 0.751293
1718924327.299987078 1.176854 0.055884 -0.007385 -0.015316 -0.011082 -0.659664 0.751323
1718924327.399980068 1.178138 0.036559 -0.006598 -0.015296 -0.011175 -0.659331 0.751614
1718924327.499985933 1.179318 0.017481 -0.005537 -0.015433 -0.011258 -0.659678 0.751306
1718924327.599983931 1.180445 -0.001326 -0.004096 -0.015689 -0.011205 -0.659360 0.751580
1718924327.699893951 1.181645 -0.019740 -0.002118 -0.016161 -0.011131 -0.659592 0.751368
1718924327.799988985 1.182588 -0.039496 -0.000669 -0.015769 -0.011279 -0.658396 0.752422
1718924327.900003910 1.183248 -0.059800 0.000592 -0.015008 -0.011175 -0.658342 0.752487
1718924328.099992990 1.186689 -0.100443 0.002225 -0.015396 -0.010585 -0.657855 0.752913
1718924328.199991941 1.189217 -0.120780 0.003412 -0.015312 -0.010197 -0.658395 0.752447
1718924328.299994946 1.193083 -0.141340 0.004891 -0.015396 -0.009705 -0.658041 0.752762
1718924328.399993896 1.197516 -0.161857 0.006537 -0.015668 -0.009167 -0.658521 0.752343
1718924328.499996901 1.203171 -0.182546 0.008266 -0.015860 -0.008458 -0.657892 0.752898
1718924328.599997997 1.209388 -0.201836 0.010472 -0.015865 -0.007675 -0.658636 0.752255
1718924328.699975014 1.216715 -0.220321 0.013049 -0.015787 -0.006824 -0.658691 0.752217
1718924328.799995899 1.225578 -0.239268 0.015693 -0.015079 -0.006542 -0.660182 0.750926
1718924328.900012970 1.234991 -0.258984 0.018773 -0.014665 -0.006015 -0.661313 0.749942
1718924329.099984884 1.257048 -0.302639 0.025788 -0.014810 -0.004082 -0.668058 0.743951
1718924329.199983120 1.269443 -0.327890 0.027702 -0.016243 -0.002822 -0.676285 0.736456
1718924329.299998999 1.281845 -0.354304 0.029749 -0.016582 -0.002447 -0.685290 0.728077
1718924329.399986267 1.294218 -0.381259 0.030515 -0.019511 0.000664 -0.697628 0.716194
1718924329.499980211 1.306786 -0.407985 0.031670 -0.021287 0.005071 -0.718570 0.695110
1718924329.599994183 1.321149 -0.429904 0.033451 -0.016399 0.000803 -0.739380 0.673088
1718924329.699987888 1.325627 -0.450375 0.031145 -0.016015 -0.000987 -0.769560 0.638372
1718924329.799940109 1.322968 -0.470322 0.029133 -0.010067 -0.005584 -0.791880 0.610568
1718924329.900044918 1.325545 -0.486508 0.026963 -0.011518 -0.004594 -0.813477 0.581464
1718924330.099916935 1.345707 -0.521848 0.008314 -0.003613 -0.015559 -0.844035 0.536050
1718924330.199989080 1.359270 -0.538330 -0.003375 -0.002647 -0.015190 -0.859931 0.510178
1718924330.299979925 1.368560 -0.547434 -0.016168 0.003100 0.012909 0.877826 -0.478796
1718924330.400001049 1.374614 -0.560363 -0.027994 0.004761 0.011835 0.875558 -0.482944
1718924330.499987125 1.377943 -0.575876 -0.039015 0.006464 0.011902 0.873649 -0.486368
1718924330.599981070 1.380053 -0.592998 -0.052389 0.007824 0.011216 0.871902 -0.489490
1718924330.699877262 1.381441 -0.610492 -0.067141 0.008961 0.010556 0.869793 -0.493222
1718924330.699998140 1.337626 -0.608790 -0.008531 0.012435 0.011317 0.868065 -0.496166
1718924330.900013208 1.332693 -0.630598 -0.004937 -0.014025 -0.013344 -0.863467 0.504034
1718924331.099977016 1.326471 -0.657512 -0.001222 -0.014102 -0.014484 -0.860107 0.509713
1718924331.199986935 1.322494 -0.671016 -0.000406 -0.016273 -0.012929 -0.858847 0.511810
1718924331.299996138 1.318116 -0.684607 -0.000039 -0.017110 -0.012619 -0.857507 0.514033
1718924331.499988079 1.307872 -0.712973 0.000219 -0.017125 -0.013867 -0.855598 0.517172
1718924331.599993944 1.302034 -0.727569 0.001030 -0.017987 -0.013777 -0.855453 0.517385
1718924331.699896097 1.295983 -0.742470 0.002054 -0.018341 -0.014054 -0.854710 0.518591
1718924331.800002098 1.288807 -0.756973 0.002978 -0.018760 -0.014061 -0.854800 0.518428
1718924331.900007010 1.281091 -0.771852 0.003877 -0.018817 -0.014367 -0.854601 0.518745
1718924332.100000143 1.265372 -0.802502 0.005526 -0.019083 -0.014483 -0.854648 0.518655
1718924332.199990988 1.256570 -0.818273 0.006289 -0.017906 -0.015648 -0.853492 0.520562
1718924332.299993038 1.247307 -0.834947 0.007003 -0.017848 -0.015482 -0.852117 0.522817
1718924332.399983883 1.238087 -0.851661 0.007051 -0.017801 -0.015370 -0.850718 0.525095
1718924332.499981880 1.228586 -0.868885 0.007649 -0.018197 -0.015217 -0.850585 0.525303
1718924332.599992990 1.219210 -0.886330 0.008917 -0.018771 -0.014903 -0.849546 0.526970
1718924332.699896097 1.209799 -0.903933 0.010175 -0.018871 -0.015062 -0.849518 0.527007
1718924332.799985886 1.199629 -0.921044 0.011431 -0.018974 -0.015314 -0.849313 0.527327
1718924332.900012016 1.189801 -0.938688 0.012916 -0.019234 -0.015378 -0.849351 0.527254
1718924333.099993229 1.169982 -0.974151 0.015643 -0.019389 -0.015378 -0.849363 0.527229
1718924333.199990273 1.160265 -0.991963 0.017005 -0.019062 -0.015634 -0.849312 0.527316
1718924333.299990177 1.150049 -1.009876 0.018707 -0.018750 -0.015774 -0.849206 0.527494
1718924333.399989128 1.139917 -1.027936 0.019677 -0.018881 -0.015561 -0.849227 0.527460
1718924333.499989271 1.130363 -1.046259 0.020255 -0.018799 -0.015506 -0.848745 0.528240
1718924333.599995136 1.120385 -1.064207 0.020286 -0.018618 -0.015359 -0.849275 0.527398
1718924333.699975967 1.110939 -1.081905 0.020219 -0.018397 -0.015413 -0.848996 0.527855
1718924333.799990177 1.101940 -1.099568 0.019971 -0.018418 -0.015242 -0.849170 0.527579
1718924333.900002003 1.092799 -1.117051 0.019656 -0.018217 -0.015163 -0.848991 0.527875
1718924334.099998236 1.074823 -1.151946 0.020415 -0.017230 -0.015006 -0.848902 0.528056
1718924334.199991226 1.065567 -1.169549 0.020912 -0.016800 -0.015006 -0.848754 0.528307
1718924334.299993038 1.058071 -1.187948 0.020734 -0.016329 -0.014831 -0.848798 0.528257
1718924334.399986029 1.050437 -1.206780 0.021009 -0.015949 -0.014856 -0.848370 0.528954
1718924334.499992132 1.042800 -1.225791 0.021538 -0.015840 -0.014335 -0.848780 0.528315
1718924334.599990129 1.035366 -1.245100 0.022333 -0.015553 -0.014135 -0.848122 0.529384
1718924334.699898243 1.027501 -1.264119 0.022891 -0.015606 -0.013894 -0.848417 0.528915
1718924334.799999237 1.019812 -1.283893 0.022516 -0.015452 -0.013287 -0.848359 0.529029
1718924334.899997234 1.011515 -1.303074 0.021581 -0.015397 -0.012995 -0.848529 0.528765
1718924334.900000095 1.001647 -1.306536 0.026139 -0.013829 -0.013111 -0.848875 0.528250
1718924335.100005150 0.988345 -1.339380 0.025911 -0.013443 -0.013350 -0.848577 0.528733
1718924335.299986124 0.973980 -1.373876 0.024301 -0.013017 -0.013668 -0.847715 0.530116
1718924335.399982929 0.965841 -1.391329 0.023266 -0.013437 -0.013374 -0.847755 0.530050
1718924335.500004292 0.958103 -1.408942 0.022969 -0.013694 -0.013496 -0.847287 0.530787
1718924335.699900150 0.941457 -1.444783 0.023098 -0.013884 -0.013450 -0.847373 0.530646
1718924335.799987078 0.932989 -1.463377 0.023637 -0.013671 -0.013399 -0.847422 0.530574
1718924335.900005102 0.924997 -1.481961 0.024647 -0.013724 -0.013146 -0.847293 0.530786
1718924336.099982977 0.908052 -1.518796 0.026337 -0.013686 -0.013004 -0.847301 0.530777
1718924336.199990988 0.898825 -1.537894 0.026904 -0.013701 -0.012616 -0.847173 0.530990
1718924336.299989939 0.888350 -1.557142 0.027491 -0.013683 -0.012710 -0.847460 0.530531
1718924336.399989843 0.878059 -1.575892 0.027977 -0.013700 -0.012884 -0.847349 0.530704
1718924336.499991894 0.868510 -1.595057 0.028571 -0.014092 -0.012719 -0.847463 0.530514
1718924336.599992990 0.857863 -1.614646 0.029334 -0.014077 -0.013024 -0.847041 0.531181
1718924336.699913979 0.847001 -1.634414 0.030175 -0.014186 -0.013158 -0.847350 0.530683
1718924336.799993992 0.836484 -1.654122 0.031091 -0.014231 -0.013348 -0.847120 0.531043
1718924336.900026083 0.825692 -1.673401 0.031868 -0.014173 -0.013866 -0.846933 0.531330
1718924337.100000143 0.804813 -1.713354 0.032018 -0.014330 -0.014046 -0.846770 0.531580
1718924337.200001240 0.794161 -1.733178 0.032151 -0.014150 -0.014169 -0.847187 0.530917
1718924337.299992323 0.784081 -1.753030 0.032207 -0.014110 -0.014425 -0.846843 0.531459
1718924337.399997234 0.773923 -1.773286 0.032407 -0.014226 -0.014279 -0.847057 0.531120
1718924337.499991179 0.763765 -1.793764 0.032526 -0.014184 -0.014399 -0.846717 0.531660
1718924337.599990129 0.753378 -1.813733 0.032126 -0.013963 -0.014291 -0.846940 0.531313
1718924337.699988127 0.743319 -1.832938 0.031539 -0.013964 -0.014190 -0.847128 0.531016
1718924337.799987316 0.733304 -1.852243 0.030965 -0.014118 -0.013911 -0.847077 0.531101
1718924337.900000811 0.722811 -1.871395 0.030069 -0.014199 -0.013911 -0.847153 0.530978
1718924338.099985123 0.701186 -1.908850 0.029330 -0.013092 -0.014143 -0.846790 0.531579
1718924338.199989080 0.690295 -1.927365 0.028889 -0.013525 -0.013762 -0.846750 0.531641
1718924338.299959183 0.680451 -1.946281 0.029230 -0.014794 -0.012959 -0.845284 0.533955
1718924338.399987936 0.672733 -1.965824 0.031172 -0.016053 -0.009561 -0.837978 0.545384
1718924338.499989033 0.667272 -1.985025 0.033356 -0.016574 -0.008138 -0.831152 0.555738
1718924338.599989891 0.661172 -2.003709 0.035652 -0.016473 -0.008199 -0.827411 0.561295
1718924338.699896336 0.652220 -2.021523 0.037413 -0.016462 -0.008810 -0.825030 0.564780
1718924338.799992085 0.641686 -2.038480 0.038591 -0.015882 -0.009370 -0.826084 0.563246
1718924338.900013208 0.631911 -2.055435 0.039366 -0.015525 -0.009751 -0.825620 0.563929
1718924339.099992037 0.611327 -2.087621 0.040829 -0.015140 -0.010259 -0.825506 0.564097
1718924339.199986935 0.600941 -2.104082 0.041723 -0.014875 -0.010284 -0.825232 0.564504
1718924339.299996138 0.590073 -2.120669 0.042219 -0.014732 -0.009998 -0.825443 0.564204
1718924339.400017262 0.578414 -2.137191 0.043253 -0.014559 -0.010410 -0.824772 0.565183
1718924339.599987030 0.555443 -2.173674 0.042730 -0.014733 -0.010038 -0.807802 0.589185
1718924339.699900150 0.547425 -2.192025 0.040318 -0.014001 -0.008068 -0.789528 0.613502
1718924339.800018311 0.538466 -2.208047 0.044520 -0.012989 -0.009256 -0.784874 0.619450
1718924339.900015116 0.528692 -2.224796 0.042487 -0.013188 -0.008819 -0.786255 0.617698
1718924339.999958992 0.516713 -2.241175 0.039970 -0.012616 -0.010927 -0.788933 0.614252
1718924340.200011253 0.493738 -2.275128 0.034250 -0.013255 -0.012231 -0.791696 0.610650
1718924340.299993992 0.484872 -2.293632 0.031733 -0.013395 -0.012507 -0.792633 0.609424
1718924340.399971008 0.475907 -2.312036 0.028260 -0.013828 -0.011601 -0.793791 0.607922
1718924340.499994993 0.467907 -2.331448 0.024162 -0.014813 -0.009986 -0.794628 0.606833
1718924340.699898243 0.453994 -2.374447 0.014210 -0.016742 -0.006695 -0.795046 0.606281
1718924340.800015211 0.451507 -2.396891 0.008606 -0.018562 -0.001338 -0.785384 0.618730
1718924340.899997950 0.453885 -2.418492 0.002326 -0.018433 0.002409 -0.770231 0.637494
1718924341.099983215 0.472600 -2.470828 -0.014521 -0.013431 0.006525 -0.710151 0.703891
1718924341.199967146 0.476241 -2.499638 -0.020155 -0.017725 0.003452 -0.694515 0.719252
1718924341.299990177 0.461518 -2.526670 -0.017199 -0.020363 0.002268 -0.694237 0.719454
1718924341.399994135 0.443178 -2.555769 -0.013506 -0.019506 0.000161 -0.692033 0.721602
1718924341.499993324 0.427650 -2.584048 -0.009135 -0.019291 -0.001917 -0.693698 0.720005
1718924341.599983215 0.415274 -2.610568 -0.005150 -0.019166 -0.003094 -0.693644 0.720057
1718924341.699896097 0.406223 -2.635417 -0.001424 -0.018983 -0.003932 -0.692952 0.720723
1718924341.800001144 0.398879 -2.659285 0.001965 -0.018479 -0.004744 -0.692165 0.721488
1718924341.900011063 0.394233 -2.682191 0.005073 -0.017956 -0.005764 -0.691789 0.721854
1718924342.099995136 0.389693 -2.724530 0.011255 -0.016788 -0.007344 -0.690662 0.722946
1718924342.199988127 0.389186 -2.745234 0.014362 -0.016026 -0.008165 -0.690087 0.723503
1718924342.299986124 0.389325 -2.767458 0.017088 -0.015374 -0.009215 -0.690078 0.723513
1718924342.399989128 0.390745 -2.790808 0.019203 -0.014603 -0.010244 -0.689526 0.724042
1718924342.499989033 0.392563 -2.814588 0.021086 -0.014024 -0.011203 -0.689573 0.723993
1718924342.599985123 0.395491 -2.838615 0.022702 -0.013530 -0.011876 -0.689257 0.724293
1718924342.699901104 0.398225 -2.862890 0.024295 -0.013398 -0.012518 -0.689338 0.724208
1718924342.799985170 0.401716 -2.886876 0.025961 -0.013182 -0.012661 -0.688619 0.724893
1718924342.900005102 0.405422 -2.910742 0.026558 -0.013316 -0.012811 -0.688844 0.724674
1718924343.099985123 0.412337 -2.958968 0.028732 -0.013140 -0.012997 -0.689022 0.724505
1718924343.199989080 0.415163 -2.982714 0.029632 -0.012837 -0.013036 -0.689565 0.723992
1718924343.299986124 0.417446 -3.006696 0.030436 -0.012877 -0.012639 -0.689938 0.723644
1718924343.399991989 0.419574 -3.030815 0.031275 -0.013007 -0.012382 -0.690058 0.723531
1718924343.499989986 0.421339 -3.055012 0.032145 -0.013102 -0.012632 -0.689649 0.723915
1718924343.599987030 0.423572 -3.079008 0.033203 -0.013203 -0.012290 -0.690092 0.723496
1718924343.699975967 0.426311 -3.103165 0.034014 -0.013129 -0.012035 -0.689735 0.723843
1718924343.799989939 0.428122 -3.127349 0.035095 -0.013106 -0.012162 -0.689772 0.723805
1718924343.900012016 0.429556 -3.151284 0.036744 -0.013037 -0.012232 -0.689930 0.723656
1718924344.099987984 0.432201 -3.199590 0.039819 -0.012976 -0.011910 -0.689851 0.723738
1718924344.199985981 0.433420 -3.224628 0.041124 -0.012893 -0.011762 -0.690083 0.723520
1718924344.299983978 0.434789 -3.250481 0.041952 -0.012748 -0.011869 -0.689788 0.723802
1718924344.399984837 0.436364 -3.276915 0.042301 -0.012616 -0.011553 -0.689895 0.723707
1718924344.499986887 0.438054 -3.304000 0.042360 -0.012411 -0.011217 -0.689835 0.723774
1718924344.599992990 0.439496 -3.331040 0.042168 -0.012075 -0.011523 -0.689773 0.723833
1718924344.699893236 0.440555 -3.357191 0.040592 -0.012070 -0.011640 -0.689529 0.724064
1718924344.699987888 0.437979 -3.346995 0.024933 -0.012860 -0.012315 -0.689472 0.724093
1718924344.799985886 0.438834 -3.369900 0.026965 -0.012952 -0.012138 -0.689500 0.724068
1718924344.899989843 0.439424 -3.393077 0.028565 -0.012813 -0.012299 -0.689332 0.724228
1718924345.099985123 0.441126 -3.439769 0.031490 -0.012599 -0.012821 -0.688963 0.724574
1718924345.199987173 0.441521 -3.463124 0.033186 -0.012810 -0.012767 -0.689011 0.724525
1718924345.299989223 0.442080 -3.487311 0.034874 -0.013145 -0.012670 -0.688795 0.724726
1718924345.399983168 0.441875 -3.511856 0.036188 -0.013037 -0.012989 -0.689012 0.724516
1718924345.499979258 0.442477 -3.536184 0.037239 -0.013254 -0.012908 -0.688638 0.724869
1718924345.599981308 0.443070 -3.560201 0.037267 -0.012982 -0.012818 -0.688169 0.725321
1718924345.699896097 0.444392 -3.584458 0.036783 -0.013064 -0.012692 -0.687934 0.725545
1718924345.799986124 0.445734 -3.608668 0.036658 -0.013086 -0.013046 -0.687432 0.726014
1718924345.900014162 0.446859 -3.632882 0.036996 -0.013022 -0.013720 -0.687625 0.725820
1718924346.099990129 0.449487 -3.680412 0.036947 -0.013015 -0.014053 -0.688224 0.725245
1718924346.199993134 0.450724 -3.704397 0.037146 -0.012643 -0.014272 -0.688050 0.725413
1718924346.299997091 0.452794 -3.728437 0.037500 -0.012500 -0.014182 -0.687459 0.725978
1718924346.399992228 0.454302 -3.752534 0.038111 -0.012177 -0.014162 -0.687145 0.726280
1718924346.499991179 0.456503 -3.778140 0.039971 -0.012133 -0.014294 -0.687292 0.726139
1718924346.600000143 0.457616 -3.802010 0.041541 -0.011973 -0.014156 -0.687221 0.726212
1718924346.699903965 0.458069 -3.825577 0.043175 -0.011912 -0.014079 -0.687445 0.726003
1718924346.800001144 0.458500 -3.849660 0.044421 -0.011863 -0.014007 -0.687431 0.726018
1718924346.900017023 0.459341 -3.874307 0.045152 -0.011447 -0.014360 -0.687321 0.726122
1718924347.099998951 0.461582 -3.922561 0.046295 -0.010787 -0.014534 -0.687453 0.726004
1718924347.199990034 0.462471 -3.946651 0.046597 -0.010835 -0.014220 -0.687961 0.725527
1718924347.299987078 0.464043 -3.970830 0.046717 -0.011001 -0.013981 -0.688052 0.725443
1718924347.399987936 0.465193 -3.994962 0.046142 -0.010922 -0.013716 -0.687728 0.725757
1718924347.499989033 0.466586 -4.018778 0.044746 -0.010912 -0.013596 -0.687296 0.726168
1718924347.599987984 0.467821 -4.042415 0.043467 -0.010437 -0.013616 -0.687033 0.726424
1718924347.699978113 0.469163 -4.065971 0.042179 -0.010335 -0.013647 -0.687052 0.726407
1718924347.799978018 0.470824 -4.089675 0.040430 -0.010208 -0.012985 -0.686642 0.726808
1718924347.900004864 0.472538 -4.113484 0.038428 -0.010227 -0.012790 -0.686852 0.726613
1718924348.099987984 0.477043 -4.161319 0.035577 -0.010285 -0.012225 -0.687051 0.726433
1718924348.199991941 0.479163 -4.185493 0.034320 -0.010064 -0.012279 -0.686834 0.726641
1718924348.299989939 0.480787 -4.210484 0.032973 -0.009861 -0.012106 -0.686678 0.726794
1718924348.399992943 0.482467 -4.236123 0.031577 -0.009460 -0.011959 -0.686191 0.727261
1718924348.499989986 0.483626 -4.262423 0.030169 -0.009022 -0.011937 -0.686242 0.727220
1718924348.599990845 0.485239 -4.289052 0.029050 -0.008943 -0.011245 -0.686022 0.727439
1718924348.699890137 0.487072 -4.316312 0.028337 -0.009016 -0.010791 -0.685804 0.727650
1718924348.699997902 0.492792 -4.304556 0.031146 -0.006760 -0.013171 -0.685928 0.727519
1718924348.799999952 0.493093 -4.328437 0.034034 -0.006848 -0.013169 -0.685696 0.727737
1718924348.899999857 0.492616 -4.352503 0.037186 -0.007193 -0.013036 -0.685432 0.727984
1718924349.100002289 0.490682 -4.400819 0.042882 -0.008178 -0.011871 -0.685352 0.728069
1718924349.200000286 0.489045 -4.426023 0.045275 -0.008541 -0.012322 -0.685385 0.728026
1718924349.299994230 0.487941 -4.450524 0.047672 -0.008676 -0.013205 -0.685516 0.727886
1718924349.399982214 0.486729 -4.475113 0.048122 -0.008590 -0.014157 -0.685284 0.728088
1718924349.499988317 0.486416 -4.499613 0.046125 -0.008659 -0.014728 -0.685086 0.728262
1718924349.599979162 0.484772 -4.524796 0.043766 -0.008320 -0.015745 -0.685129 0.728204
1718924349.699895144 0.484162 -4.550090 0.041329 -0.008164 -0.016053 -0.685077 0.728248
1718924349.799979210 0.483980 -4.575295 0.039914 -0.008231 -0.016859 -0.685585 0.727751
1718924349.900011063 0.487761 -4.601090 0.039860 -0.008403 -0.017108 -0.685582 0.727746
1718924350.099982023 0.494699 -4.651710 0.039113 -0.009504 -0.017269 -0.685450 0.727852
1718924350.199990034 0.498324 -4.676934 0.039180 -0.009680 -0.016861 -0.685240 0.728058
1718924350.299986124 0.501705 -4.702195 0.039278 -0.010002 -0.016756 -0.684948 0.728331
1718924350.399989128 0.505258 -4.727208 0.038872 -0.010568 -0.016351 -0.684938 0.728341
1718924350.499992132 0.508456 -4.752242 0.038392 -0.011095 -0.015962 -0.684876 0.728401
1718924350.599990129 0.511604 -4.777450 0.037737 -0.011555 -0.015194 -0.684305 0.728946
1718924350.699897051 0.514422 -4.802805 0.037406 -0.011982 -0.015037 -0.683882 0.729339
1718924350.799992085 0.516952 -4.827788 0.037208 -0.012023 -0.014727 -0.683295 0.729895
1718924350.900003910 0.519282 -4.852968 0.037091 -0.012262 -0.014515 -0.682730 0.730423
1718924351.099988937 0.523076 -4.901340 0.037934 -0.012408 -0.014569 -0.682519 0.730618
1718924351.199990988 0.524615 -4.924290 0.039057 -0.012325 -0.014620 -0.682492 0.730643
1718924351.299986124 0.525156 -4.947027 0.041088 -0.012479 -0.014499 -0.682589 0.730552
1718924351.399987936 0.526478 -4.969773 0.042962 -0.012685 -0.014067 -0.682381 0.730751
1718924351.499989986 0.527764 -4.992611 0.044876 -0.013048 -0.013907 -0.683057 0.730116
1718924351.599995136 0.529234 -5.015317 0.046608 -0.012750 -0.013800 -0.682998 0.730179
1718924351.699975967 0.530409 -5.038301 0.047939 -0.012262 -0.013826 -0.682892 0.730286
1718924351.799987078 0.531517 -5.061274 0.049422 -0.012036 -0.013939 -0.683093 0.730099
1718924351.900010824 0.531706 -5.083919 0.051126 -0.011568 -0.014912 -0.684400 0.728862
1718924352.099996805 0.522789 -5.131938 0.049866 -0.014857 -0.014830 -0.708261 0.705639
1718924352.199975014 0.522065 -5.157032 0.049180 -0.013934 -0.015331 -0.706502 0.707408
1718924352.299989939 0.525580 -5.182874 0.047848 -0.014217 -0.014690 -0.707422 0.706496
1718924352.399997950 0.528672 -5.209749 0.047411 -0.013741 -0.014737 -0.707031 0.706895
1718924352.499984026 0.532695 -5.236982 0.047036 -0.013532 -0.014784 -0.706430 0.707499
1718924352.599985838 0.537593 -5.264923 0.047045 -0.013197 -0.014941 -0.706278 0.707654
1718924352.699908257 0.542458 -5.292996 0.047689 -0.013182 -0.015176 -0.706132 0.707795
1718924352.699985981 0.530345 -5.279909 0.073684 -0.012068 -0.017357 -0.706842 0.707055
1718924352.799993038 0.530172 -5.302566 0.064924 -0.012522 -0.016828 -0.706664 0.707239
1718924352.899993896 0.529373 -5.325800 0.059333 -0.012736 -0.016951 -0.706672 0.707223
1718924353.099992275 0.528074 -5.372701 0.048508 -0.012914 -0.017368 -0.706773 0.707109
1718924353.199994326 0.528785 -5.397257 0.043764 -0.012807 -0.017586 -0.706641 0.707238
1718924353.299992323 0.531106 -5.423250 0.040275 -0.012560 -0.017755 -0.706864 0.707015
1718924353.399981260 0.533754 -5.449456 0.037476 -0.012133 -0.018982 -0.708326 0.705526
1718924353.499986172 0.534519 -5.475916 0.035233 -0.013353 -0.016985 -0.712537 0.701302
1718924353.600005150 0.536242 -5.502393 0.032896 -0.013554 -0.016403 -0.711238 0.702629
1718924353.699902058 0.540796 -5.529125 0.030696 -0.013668 -0.016249 -0.710859 0.703014
1718924353.799997330 0.544913 -5.556244 0.029044 -0.013669 -0.016320 -0.710677 0.703196
1718924353.900018215 0.549383 -5.583310 0.028333 -0.013656 -0.016406 -0.711317 0.702547
1718924354.099991083 0.558588 -5.637317 0.025962 -0.013121 -0.016976 -0.716314 0.697448
1718924354.199997187 0.561466 -5.664496 0.025580 -0.014756 -0.013305 -0.732905 0.680041
1718924354.299958229 0.563371 -5.691231 0.027080 -0.013383 -0.011837 -0.753929 0.656713
1718924354.400000095 0.563462 -5.720257 0.030767 -0.013873 -0.011364 -0.757204 0.652932
1718924354.499998093 0.559180 -5.750290 0.036529 -0.014267 -0.012127 -0.754895 0.655578
1718924354.599997044 0.553628 -5.778624 0.042619 -0.013614 -0.012641 -0.753139 0.657599
1718924354.699888945 0.548342 -5.805233 0.049032 -0.012981 -0.013217 -0.751978 0.658928
1718924354.799981117 0.543961 -5.831550 0.054123 -0.011824 -0.013668 -0.751079 0.659965
1718924354.900010109 0.541183 -5.857642 0.058651 -0.010749 -0.014313 -0.750368 0.660778
1718924355.099979162 0.534622 -5.908517 0.066349 -0.009150 -0.015391 -0.748818 0.662534
1718924355.199990034 0.531756 -5.934957 0.069713 -0.009211 -0.015667 -0.747311 0.664226
1718924355.299998045 0.528345 -5.961465 0.072475 -0.010147 -0.015543 -0.746752 0.664844
1718924355.399990082 0.524255 -5.987366 0.073748 -0.010092 -0.015432 -0.746981 0.664590
1718924355.499986172 0.520450 -6.013277 0.075032 -0.009791 -0.014609 -0.746120 0.665580
1718924355.599990129 0.517006 -6.039336 0.075331 -0.010112 -0.014054 -0.746643 0.665000
1718924355.699970007 0.513039 -6.066082 0.075599 -0.010019 -0.014071 -0.746123 0.665584
1718924355.799991131 0.508700 -6.092660 0.075090 -0.009898 -0.014075 -0.746230 0.665466
1718924355.900014877 0.505557 -6.118987 0.074538 -0.010060 -0.014039 -0.745821 0.665922
1718924356.099987984 0.498905 -6.170991 0.071376 -0.009403 -0.013799 -0.746013 0.665721
1718924356.199988127 0.495027 -6.197045 0.070998 -0.008977 -0.013864 -0.745480 0.666324
1718924356.299978018 0.492140 -6.222953 0.072200 -0.008880 -0.013528 -0.745428 0.666390
1718924356.399986029 0.489505 -6.249318 0.073808 -0.008709 -0.013258 -0.745423 0.666403
1718924356.499985933 0.485953 -6.275784 0.074789 -0.007805 -0.013348 -0.745453 0.666379
1718924356.599982977 0.483008 -6.302117 0.075202 -0.007558 -0.013153 -0.745418 0.666425
1718924356.699904203 0.480160 -6.328644 0.074595 -0.007131 -0.012967 -0.745102 0.666787
1718924356.799986124 0.475950 -6.355129 0.073278 -0.006615 -0.013056 -0.745139 0.666748
1718924356.900013208 0.472620 -6.381713 0.072327 -0.006686 -0.012799 -0.744994 0.666915
1718924357.100006342 0.464898 -6.434947 0.069775 -0.006731 -0.012350 -0.743382 0.668720
1718924357.300016165 0.458760 -6.489397 0.066030 -0.007133 -0.011064 -0.743153 0.668992
1718924357.399989843 0.455872 -6.516388 0.064666 -0.007645 -0.010814 -0.742822 0.669359
1718924357.499992847 0.452614 -6.543587 0.063648 -0.007838 -0.010866 -0.742771 0.669412
1718924357.699908018 0.447241 -6.597188 0.062626 -0.007551 -0.011592 -0.741258 0.671077
1718924357.800020218 0.445908 -6.624414 0.061962 -0.008100 -0.011910 -0.740420 0.671990
1718924357.899988890 0.443830 -6.651411 0.060015 -0.008763 -0.011998 -0.739835 0.672624
1718924358.099991322 0.437995 -6.705125 0.056349 -0.009360 -0.012298 -0.739931 0.672505
1718924358.199995279 0.435286 -6.731726 0.054689 -0.008929 -0.012660 -0.740400 0.671988
1718924358.299993277 0.431463 -6.758085 0.053860 -0.008543 -0.013257 -0.740608 0.671752
1718924358.399981260 0.427911 -6.784431 0.054342 -0.008177 -0.013510 -0.740046 0.672371
1718924358.499984264 0.424949 -6.810704 0.055227 -0.008302 -0.013838 -0.740521 0.671839
1718924358.599992275 0.421824 -6.836668 0.056637 -0.008237 -0.014003 -0.740478 0.671885
1718924358.699902058 0.419564 -6.862461 0.058138 -0.008374 -0.014065 -0.740274 0.672106
1718924358.799993277 0.417072 -6.888351 0.059005 -0.008645 -0.014120 -0.740587 0.671757
1718924358.900010109 0.414199 -6.913939 0.059571 -0.008648 -0.014418 -0.740432 0.671921
1718924359.099993229 0.409517 -6.965237 0.058677 -0.008805 -0.014269 -0.740120 0.672266
1718924359.199988127 0.406707 -6.990951 0.058545 -0.008673 -0.014226 -0.740525 0.671822
1718924359.299988031 0.403827 -7.017231 0.059288 -0.008581 -0.014353 -0.740312 0.672055
1718924359.399990082 0.401077 -7.043277 0.061076 -0.008541 -0.014322 -0.740718 0.671609
1718924359.499985218 0.399367 -7.069811 0.063292 -0.008651 -0.014068 -0.740706 0.671627
1718924359.599984169 0.396202 -7.096014 0.065387 -0.007822 -0.014414 -0.739890 0.672528
1718924359.699980974 0.392791 -7.121843 0.067058 -0.007295 -0.014479 -0.739995 0.672416
1718924359.799986124 0.390437 -7.147627 0.068803 -0.007131 -0.014254 -0.739840 0.672595
1718924359.900014877 0.387271 -7.173270 0.070447 -0.006768 -0.014186 -0.740083 0.672332
1718924360.099986076 0.381402 -7.225831 0.073051 -0.006308 -0.013781 -0.740067 0.672362
1718924360.199985027 0.378400 -7.252463 0.074214 -0.006399 -0.013554 -0.740205 0.672215
1718924360.299986124 0.376500 -7.279436 0.075864 -0.006316 -0.013295 -0.739745 0.672726
1718924360.399982929 0.374604 -7.306191 0.077157 -0.006180 -0.013169 -0.739756 0.672718
1718924360.499980927 0.373671 -7.333281 0.078139 -0.006346 -0.012937 -0.739783 0.672691
1718924360.599991083 0.372538 -7.360721 0.079549 -0.006459 -0.012898 -0.739513 0.672988
1718924360.699900150 0.370354 -7.387996 0.080735 -0.005722 -0.013165 -0.739762 0.672716
1718924360.699981928 0.351393 -7.371289 0.070132 -0.004198 -0.010807 -0.739102 0.673494
1718924360.900021315 0.353148 -7.409246 0.070729 -0.005555 -0.011374 -0.737685 0.675026
1718924360.999953985 0.354201 -7.428991 0.071428 -0.005508 -0.011742 -0.736692 0.676104
1718924361.099993944 0.355673 -7.447623 0.072817 -0.006575 -0.012112 -0.736219 0.676603
1718924361.200001001 0.358771 -7.457214 0.074631 -0.007281 -0.013239 -0.736514 0.676253
1718924361.299988985 0.361406 -7.456260 0.075643 -0.007084 -0.014161 -0.737669 0.674977
1718924361.399974823 0.365751 -7.452547 0.077583 -0.006989 -0.013076 -0.741566 0.670716
1718924361.500006914 0.370751 -7.447835 0.079783 -0.007514 -0.011339 -0.744084 0.667948
1718924361.699888229 0.382507 -7.440508 0.081826 -0.005736 -0.011717 -0.748504 0.663002
1718924361.799962997 0.386329 -7.438320 0.080932 -0.008262 -0.008737 -0.752859 0.658072
1718924361.900003195 0.387331 -7.437349 0.077913 -0.010878 -0.006309 -0.757823 0.652339
1718924361.900009871 0.361955 -7.423282 0.071843 -0.005387 -0.006700 -0.763797 0.645399
1718924362.099996090 0.393962 -7.423023 0.081905 -0.004763 -0.005455 -0.781769 0.623525
1718924362.199989319 0.410614 -7.425748 0.084148 -0.005990 -0.004383 -0.789795 0.613326
1718924362.300001144 0.427899 -7.431743 0.081888 -0.004500 -0.005167 -0.796346 0.604802
1718924362.399981260 0.444040 -7.440792 0.081926 -0.006732 -0.002897 -0.802380 0.596769
1718924362.499978304 0.460389 -7.451101 0.084023 -0.007164 -0.001955 -0.811254 0.584647
1718924362.599992275 0.473995 -7.460850 0.086485 -0.008470 -0.000528 -0.822196 0.569141
1718924362.699913025 0.483612 -7.467875 0.086261 -0.008622 0.002723 -0.837476 0.546399
1718924362.699974298 0.438020 -7.465858 0.046165 0.004032 -0.015595 -0.845665 0.533471
1718924362.900041103 0.454003 -7.472871 0.013750 0.000937 0.020417 0.871441 -0.490075
1718924363.099987030 0.490103 -7.486481 0.034432 0.002830 0.016811 0.886697 -0.462036
1718924363.199989080 0.507042 -7.495053 0.045711 0.001891 0.018443 0.894096 -0.447491
1718924363.299974918 0.523556 -7.504684 0.058329 0.001293 0.018672 0.899348 -0.436833
1718924363.399985075 0.539413 -7.514085 0.070254 -0.000227 0.020533 0.905850 -0.423101
1718924363.499994040 0.557674 -7.526120 0.082777 0.000860 0.022850 0.913649 -0.405861
1718924363.599992990 0.578825 -7.539633 0.094517 -0.001389 0.022088 0.922448 -0.385486
1718924363.699949026 0.598208 -7.548034 0.103878 -0.001364 0.019490 0.934627 -0.355091
1718924363.800003052 0.613218 -7.555178 0.104258 0.001774 0.012366 0.944274 -0.328923
1718924363.899949074 0.620922 -7.556494 0.090801 -0.001419 0.009552 0.953656 -0.300744
1718924363.900054932 0.600242 -7.588891 0.091184 -0.002528 0.013882 0.953964 -0.299590
1718924364.099969864 0.601293 -7.581259 0.082572 0.000943 0.015482 0.963970 -0.265557
1718924364.200062037 0.606939 -7.583312 0.082191 0.004719 0.007647 0.967321 -0.253396
1718924364.399950027 0.619867 -7.594444 0.081423 0.006144 0.010344 0.975868 -0.218029
1718924364.500005960 0.629857 -7.609958 0.084632 0.006900 0.009292 0.980315 -0.197099
1718924364.599975824 0.637892 -7.623762 0.090895 0.004807 0.010189 0.984971 -0.172351
1718924364.699998140 0.643507 -7.632969 0.095074 0.004536 0.009536 0.987559 -0.156894
1718924364.800046921 0.645297 -7.635514 0.095975 0.004656 0.009314 0.989621 -0.143322
1718924364.900018930 0.644348 -7.634597 0.091905 0.003734 0.008182 0.992695 -0.120314
1718924365.099971056 0.641873 -7.636919 0.080958 0.003177 0.011462 0.996252 -0.085675
1718924365.199940920 0.641401 -7.640576 0.076899 0.004245 0.010608 0.998236 -0.058265
1718924365.300014973 0.639464 -7.644842 0.071598 0.004419 0.010006 0.998822 -0.047272
1718924365.499966860 0.633393 -7.659613 0.067059 0.007439 0.012712 0.999846 -0.009503
1718924365.599999905 0.629935 -7.674874 0.069756 0.006019 0.012641 0.999886 0.005654
1718924365.699960947 0.627146 -7.687968 0.076330 0.005188 0.014966 0.999555 0.025260
1718924365.800002813 0.623956 -7.700866 0.081476 0.003893 0.011499 0.999161 0.039106
1718924365.899995804 0.619374 -7.712591 0.081078 0.003996 0.010938 0.998879 0.045872
1718924365.900008917 0.623553 -7.696078 0.052716 0.007135 0.008920 0.998963 0.044070
1718924366.099979162 0.623486 -7.690644 0.069260 0.009239 0.010403 0.999360 0.032955
1718924366.199988127 0.623459 -7.689498 0.076061 0.009383 0.011784 0.999563 0.025451
1718924366.299989223 0.624582 -7.689848 0.081665 0.010087 0.011548 0.999718 0.018129
1718924366.399984121 0.625419 -7.690952 0.088958 0.011153 0.012454 0.999778 0.012854
1718924366.499978304 0.626608 -7.691747 0.097347 0.012207 0.012140 0.999814 0.008666
1718924366.599986315 0.628028 -7.691837 0.103727 0.012724 0.012023 0.999829 0.005975
1718924366.699905157 0.629566 -7.691358 0.109688 0.013521 0.010467 0.999847 0.003638
1718924366.799989223 0.630734 -7.691297 0.114480 0.013713 0.010393 0.999852 0.000058
1718924366.899997234 0.631725 -7.690276 0.118057 0.014210 0.010210 0.999844 -0.002609
1718924367.099988222 0.633040 -7.686816 0.123194 0.014771 0.010581 0.999815 -0.006272
1718924367.199986219 0.632439 -7.686225 0.123728 0.015162 0.008706 0.999812 -0.008377
1718924367.299985170 0.631474 -7.686592 0.120980 0.015610 0.007539 0.999799 -0.010069
1718924367.399998188 0.630838 -7.685671 0.118767 0.015090 0.007980 0.999792 -0.011161
1718924367.499985218 0.631135 -7.682795 0.116294 0.015002 0.008392 0.999776 -0.012374
1718924367.599988222 0.631606 -7.680946 0.113879 0.014783 0.008858 0.999762 -0.013384
1718924367.699906111 0.631979 -7.679640 0.111470 0.014856 0.009264 0.999743 -0.014376
1718924367.799990177 0.631366 -7.678481 0.109476 0.014985 0.009178 0.999735 -0.014843
1718924367.900024176 0.631383 -7.677535 0.107190 0.015147 0.009098 0.999733 -0.014865
1718924368.099983931 0.630332 -7.677113 0.103288 0.014754 0.009655 0.999717 -0.015979
1718924368.199980974 0.628560 -7.677740 0.101611 0.014804 0.009707 0.999712 -0.016206
1718924368.299983025 0.625735 -7.678416 0.100236 0.014994 0.009660 0.999707 -0.016365
1718924368.399987936 0.622600 -7.680452 0.099910 0.015361 0.009754 0.999673 -0.017947
1718924368.499984026 0.618700 -7.682888 0.099762 0.015752 0.009691 0.999650 -0.018927
1718924368.599985123 0.613718 -7.685065 0.099420 0.015699 0.009722 0.999660 -0.018389
1718924368.699895144 0.607355 -7.687509 0.098889 0.015720 0.009751 0.999659 -0.018436
1718924368.799988985 0.598614 -7.690135 0.098473 0.015558 0.009984 0.999661 -0.018351
1718924368.900010109 0.586424 -7.692561 0.097970 0.015635 0.010246 0.999658 -0.018289
1718924369.099985838 0.553570 -7.697606 0.097050 0.015351 0.010127 0.999709 -0.015613
1718924369.199982882 0.533043 -7.698682 0.095435 0.014513 0.010806 0.999796 -0.008974
1718924369.299979925 0.509452 -7.697708 0.092577 0.013408 0.009274 0.999860 0.003753
1718924369.399992943 0.484424 -7.694725 0.087491 0.011968 0.008019 0.999694 0.020117
1718924369.499992132 0.460464 -7.692965 0.080695 0.009803 0.012479 0.999246 0.035424
1718924369.599975824 0.437004 -7.693339 0.072790 0.009083 0.018259 0.998294 0.054716
1718924369.699960947 0.410964 -7.697344 0.065612 0.010245 0.018499 0.997314 0.070132
1718924369.799950838 0.382519 -7.702299 0.067331 0.011393 0.015631 0.997751 0.064185
1718924369.899991989 0.354771 -7.708161 0.072071 0.012926 0.012912 0.997968 0.061039
1718924369.900000811 0.352079 -7.691456 0.078824 0.010639 0.012924 0.998045 0.060210
1718924370.099991322 0.308240 -7.700560 0.077710 0.014412 0.011183 0.998440 0.052779
1718924370.199979305 0.285935 -7.703270 0.076766 0.015453 0.010250 0.998572 0.050110
1718924370.299987316 0.264385 -7.703054 0.076311 0.016381 0.008291 0.998667 0.048249
1718924370.399992943 0.242089 -7.702734 0.075350 0.016667 0.009014 0.998755 0.046148
1718924370.499988317 0.219040 -7.701827 0.074215 0.016512 0.010479 0.998931 0.041896
1718924370.599978209 0.195343 -7.700304 0.073936 0.016500 0.010131 0.999008 0.040091
1718924370.699909210 0.171086 -7.699595 0.074540 0.016732 0.009929 0.999005 0.040127
1718924370.799992323 0.146715 -7.698945 0.075842 0.017309 0.010047 0.999032 0.039184
1718924370.900006294 0.122251 -7.697816 0.077437 0.017877 0.010096 0.999079 0.037688
1718924371.099989176 0.074481 -7.693319 0.080139 0.019163 0.010273 0.999186 0.033975
1718924371.199989080 0.050836 -7.690838 0.081256 0.019596 0.010213 0.999162 0.034454
1718924371.299987078 0.026696 -7.688731 0.081779 0.020082 0.010190 0.999132 0.035035
1718924371.399988174 0.002412 -7.686153 0.082213 0.020360 0.010383 0.999124 0.035060
1718924371.499988079 -0.022259 -7.682518 0.083740 0.020544 0.010769 0.999115 0.035087
1718924371.599989176 -0.046579 -7.679214 0.085122 0.020672 0.010972 0.999137 0.034307
1718924371.699907064 -0.070799 -7.675981 0.086695 0.020838 0.011028 0.999110 0.034975
1718924371.799989223 -0.094725 -7.672697 0.088511 0.020825 0.011497 0.999118 0.034617
1718924371.900023222 -0.117960 -7.669860 0.089793 0.020863 0.011782 0.999106 0.034837
1718924372.099992990 -0.162417 -7.668052 0.093660 0.021303 0.010397 0.999139 0.034054
1718924372.199995041 -0.184056 -7.666981 0.095068 0.021259 0.010823 0.999151 0.033586
1718924372.299986124 -0.205460 -7.666402 0.095683 0.021179 0.010783 0.999146 0.033799
1718924372.399996042 -0.226979 -7.666047 0.095488 0.021153 0.010515 0.999177 0.032987
1718924372.499998093 -0.248607 -7.664314 0.094625 0.020901 0.010070 0.999148 0.034123
1718924372.599995136 -0.270007 -7.663200 0.093332 0.020775 0.009695 0.999170 0.033676
1718924372.699897051 -0.291655 -7.662120 0.091633 0.020606 0.009396 0.999141 0.034700
1718924372.799993992 -0.313485 -7.660991 0.090030 0.020610 0.009263 0.999152 0.034432
1718924372.900012016 -0.335319 -7.659956 0.088166 0.020786 0.008977 0.999125 0.035177
1718924373.100015163 -0.379885 -7.654916 0.083268 0.020423 0.008112 0.998968 0.039738
1718924373.299988031 -0.424541 -7.649060 0.079705 0.020026 0.008054 0.998710 0.045960
1718924373.399981022 -0.445629 -7.646964 0.079514 0.021137 0.007258 0.998704 0.045729
1718924373.500013113 -0.464718 -7.646210 0.081202 0.022456 0.005309 0.998833 0.042419
1718924373.699906111 -0.505555 -7.645646 0.084820 0.023523 0.005188 0.998881 0.040712
1718924373.799986839 -0.526985 -7.645413 0.086681 0.023570 0.005495 0.998903 0.040083
1718924373.900022984 -0.548418 -7.642826 0.088222 0.023550 0.005866 0.998907 0.039952
1718924374.099991322 -0.591108 -7.638789 0.090775 0.023651 0.005545 0.998905 0.039986
1718924374.199990273 -0.612237 -7.636751 0.092104 0.023614 0.005390 0.998893 0.040324
1718924374.299992323 -0.633800 -7.634822 0.093832 0.023523 0.005513 0.998890 0.040444
1718924374.399989128 -0.655400 -7.633093 0.095289 0.023157 0.006107 0.998880 0.040800
1718924374.499992132 -0.676678 -7.632713 0.096524 0.023029 0.006348 0.998872 0.041030
1718924374.599993229 -0.697913 -7.632219 0.097095 0.023410 0.006914 0.998850 0.041265
1718924374.699990034 -0.718929 -7.630192 0.096873 0.023535 0.007248 0.998819 0.041877
1718924374.799992323 -0.740047 -7.628069 0.096408 0.023420 0.007497 0.998809 0.042146
1718924374.900012016 -0.761173 -7.626259 0.095703 0.023353 0.007809 0.998781 0.042786
1718924375.099990129 -0.803878 -7.621898 0.093837 0.022941 0.008313 0.998687 0.045038
1718924375.199991226 -0.825341 -7.619237 0.093848 0.022700 0.008591 0.998631 0.046335
1718924375.299995184 -0.846970 -7.616194 0.093502 0.022393 0.008820 0.998586 0.047396
1718924375.399988174 -0.868753 -7.613220 0.093266 0.022211 0.008868 0.998560 0.048026
1718924375.499983072 -0.891021 -7.611173 0.092955 0.022234 0.008768 0.998552 0.048197
1718924375.599990129 -0.912778 -7.609113 0.092761 0.021949 0.009034 0.998587 0.047538
1718924375.699895144 -0.933776 -7.606728 0.092696 0.021967 0.008903 0.998576 0.047791
1718924375.799987078 -0.954800 -7.604592 0.092452 0.021978 0.008522 0.998589 0.047584
1718924375.900007248 -0.975827 -7.601599 0.091846 0.021983 0.008296 0.998571 0.047997
1718924376.099986076 -1.017900 -7.595728 0.091165 0.021561 0.008390 0.998570 0.048197
1718924376.199986935 -1.039385 -7.592514 0.090529 0.021446 0.007894 0.998480 0.050153
1718924376.299988031 -1.061188 -7.590271 0.089505 0.021394 0.007640 0.998477 0.050278
1718924376.399986029 -1.083162 -7.588020 0.088449 0.021258 0.007478 0.998438 0.051120
1718924376.500011206 -1.105106 -7.586103 0.087616 0.021085 0.007252 0.998450 0.050995
1718924376.699906111 -1.148306 -7.582782 0.087102 0.020846 0.007281 0.998479 0.050522
1718924376.799993992 -1.169528 -7.582218 0.087016 0.020688 0.007471 0.998489 0.050363
1718924376.900013208 -1.189629 -7.581469 0.086965 0.020528 0.007758 0.998477 0.050608
1718924377.099980831 -1.230478 -7.580911 0.087428 0.020290 0.007546 0.998458 0.051110
1718924377.200004101 -1.250973 -7.580982 0.088601 0.020085 0.007083 0.998364 0.053061
1718924377.399986029 -1.294304 -7.580925 0.089649 0.018920 0.007091 0.998147 0.057395
1718924377.500020027 -1.316372 -7.580183 0.090646 0.018611 0.004616 0.997727 0.064607
1718924377.699890137 -1.356151 -7.579138 0.093253 0.021148 0.004366 0.996449 0.081385
1718924377.799983025 -1.373860 -7.579275 0.095867 0.020307 0.004345 0.995387 0.093670
1718924377.900004148 -1.394016 -7.576662 0.096946 0.019028 0.003348 0.994410 0.103809
1718924378.100001335 -1.436556 -7.561745 0.094358 0.017020 0.011861 0.993784 0.109372
1718924378.199993134 -1.458698 -7.553371 0.092552 0.015884 0.015477 0.993553 0.111175
1718924378.299980164 -1.480724 -7.546383 0.091093 0.014975 0.018410 0.993436 0.111899
1718924378.399967194 -1.502955 -7.540330 0.089982 0.014692 0.018345 0.993201 0.114019
1718924378.499977350 -1.524763 -7.534885 0.089342 0.015162 0.017693 0.992993 0.115852
1718924378.599963188 -1.546752 -7.531470 0.088581 0.014056 0.013366 0.992730 0.118790
1718924378.699882984 -1.568734 -7.529917 0.086156 0.012439 0.009066 0.992352 0.122477
1718924378.799988031 -1.591043 -7.526589 0.083890 0.013751 0.009190 0.992522 0.120939
1718924378.899991035 -1.613648 -7.518119 0.081310 0.014437 0.009691 0.992406 0.121774
1718924378.899999142 -1.626434 -7.514676 0.096929 0.015598 0.010289 0.992672 0.119389
1718924379.099984169 -1.665541 -7.506896 0.092663 0.016410 0.013600 0.992877 0.117226
1718924379.199983120 -1.686355 -7.503086 0.091055 0.016762 0.013507 0.992784 0.117972
1718924379.299991131 -1.706558 -7.499691 0.090141 0.017080 0.013284 0.992870 0.117223
1718924379.399994135 -1.726569 -7.495608 0.089537 0.017185 0.013144 0.992720 0.118485
1718924379.499997139 -1.746888 -7.491566 0.089216 0.017468 0.013120 0.992746 0.118228
1718924379.599999189 -1.767458 -7.487699 0.088376 0.017953 0.012986 0.992701 0.118552
1718924379.699959040 -1.787897 -7.482767 0.087155 0.018296 0.012866 0.992717 0.118377
1718924379.800003052 -1.808434 -7.477452 0.085844 0.018475 0.012878 0.992764 0.117947
1718924379.900007963 -1.829516 -7.471890 0.084447 0.018591 0.012666 0.992736 0.118188
1718924380.100002050 -1.872678 -7.459098 0.082142 0.019062 0.012370 0.992773 0.117839
1718924380.199994087 -1.893936 -7.452268 0.081027 0.019007 0.012407 0.992771 0.117856
1718924380.299987078 -1.915443 -7.445577 0.080098 0.019110 0.012707 0.992716 0.118271
1718924380.399986029 -1.936542 -7.439171 0.079539 0.018505 0.012378 0.992577 0.119562
1718924380.499985933 -1.955575 -7.434608 0.079593 0.017875 0.011633 0.992499 0.120381
1718924380.599996090 -1.973292 -7.430693 0.080513 0.016097 0.012429 0.992595 0.119760
1718924380.699895144 -1.990459 -7.425279 0.082008 0.015196 0.013286 0.992910 0.117145
1718924380.799986124 -2.008664 -7.419058 0.083924 0.013750 0.014641 0.993638 0.110813
1718924380.900014877 -2.028102 -7.412921 0.085894 0.012354 0.017091 0.994234 0.105135
1718924381.099989891 -2.071144 -7.399287 0.092282 0.010221 0.017656 0.994833 0.099450
1718924381.199982882 -2.094082 -7.392178 0.095486 0.010014 0.017120 0.995118 0.096683
1718924381.299976826 -2.117262 -7.384293 0.099332 0.010373 0.015500 0.995371 0.094283
1718924381.400012970 -2.140724 -7.378660 0.103315 0.011137 0.013773 0.995633 0.091663
1718924381.499987841 -2.164076 -7.372980 0.106919 0.011768 0.013577 0.995939 0.088219
1718924381.599990845 -2.187525 -7.365605 0.110312 0.011867 0.013678 0.996123 0.086087
1718924381.699904203 -2.211061 -7.357234 0.113449 0.012120 0.013450 0.996292 0.084108
1718924381.699992895 -2.214957 -7.356823 0.102603 0.010523 0.012067 0.996282 0.084649
1718924381.900023222 -2.248943 -7.361976 0.099893 0.011754 0.012186 0.996673 0.079727
1718924382.099977255 -2.285515 -7.363296 0.094863 0.012301 0.012537 0.996881 0.076942
1718924382.199978113 -2.304624 -7.363220 0.092020 0.012235 0.012670 0.996990 0.075501
1718924382.299990177 -2.324024 -7.361332 0.090204 0.012240 0.012806 0.997075 0.074346
1718924382.399983168 -2.344074 -7.357766 0.087859 0.012176 0.012985 0.997068 0.074426
1718924382.499986172 -2.365040 -7.353218 0.085028 0.011663 0.012960 0.996945 0.076133
1718924382.599994183 -2.388223 -7.346248 0.084228 0.010090 0.014287 0.996691 0.079378
1718924382.699902058 -2.414159 -7.336210 0.087986 0.008963 0.014463 0.996436 0.082617
1718924382.799997330 -2.441339 -7.329986 0.094164 0.007763 0.010339 0.996679 0.080401
1718924382.899985075 -2.469869 -7.324554 0.104535 0.007751 0.008012 0.996743 0.079868
1718924382.900017262 -2.472788 -7.326414 0.066380 0.008549 0.007395 0.996507 0.082739
1718924383.099986076 -2.511658 -7.320728 0.075279 0.009018 0.008717 0.996489 0.082780
1718924383.199997187 -2.531786 -7.320188 0.079602 0.009021 0.009096 0.996532 0.082217
1718924383.299994230 -2.552204 -7.317000 0.083393 0.009080 0.009677 0.996507 0.082446
1718924383.399993181 -2.573498 -7.314217 0.086893 0.009219 0.009456 0.996522 0.082279
1718924383.500005245 -2.594755 -7.310536 0.090132 0.009479 0.008985 0.996500 0.082569
1718924383.600000143 -2.616078 -7.306439 0.092980 0.009928 0.008870 0.996453 0.083095
1718924383.699898005 -2.637891 -7.302189 0.095440 0.010286 0.008712 0.996444 0.083178
1718924383.799997091 -2.660103 -7.298239 0.097790 0.010669 0.008667 0.996409 0.083548
1718924383.900015116 -2.682228 -7.295729 0.099698 0.011209 0.008479 0.996412 0.083464
1718924384.099997997 -2.726795 -7.289303 0.103389 0.011993 0.008707 0.996374 0.083775
1718924384.199993134 -2.748363 -7.285665 0.105243 0.012446 0.008252 0.996343 0.084126
1718924384.299987078 -2.767754 -7.282212 0.107227 0.013045 0.007806 0.996298 0.084609
1718924384.399981022 -2.785560 -7.278771 0.109964 0.014332 0.005735 0.996626 0.080609
1718924384.499998093 -2.803335 -7.275562 0.112484 0.015699 0.004808 0.996913 0.076777
1718924384.599997044 -2.822884 -7.271239 0.113911 0.015982 0.006412 0.997037 0.074967
1718924384.699977875 -2.844388 -7.264406 0.114369 0.015534 0.008427 0.997065 0.074489
1718924384.799983025 -2.866896 -7.257595 0.114389 0.014556 0.010785 0.997223 0.072239
1718924384.900028944 -2.888386 -7.256064 0.114181 0.014507 0.011412 0.997288 0.071248
1718924385.099982023 -2.928254 -7.251866 0.117038 0.015401 0.011697 0.997365 0.069921
1718924385.199991941 -2.947074 -7.248614 0.118793 0.015607 0.011060 0.997505 0.067949
1718924385.299992085 -2.965238 -7.244804 0.119629 0.015759 0.010715 0.997552 0.067282
1718924385.399989128 -2.983267 -7.239785 0.120566 0.015671 0.011002 0.997604 0.066484
1718924385.499983072 -3.002478 -7.235381 0.121555 0.015471 0.011612 0.997663 0.065531
1718924385.599997044 -3.021434 -7.230885 0.122416 0.016364 0.013140 0.997749 0.063686
1718924385.699965954 -3.040043 -7.225967 0.123978 0.017946 0.015308 0.997934 0.059753
1718924385.799967051 -3.057852 -7.221256 0.123689 0.019969 0.011418 0.998213 0.055154
1718924385.900003910 -3.076525 -7.221140 0.120882 0.021279 0.008077 0.998256 0.054468
1718924386.099998951 -3.116058 -7.215059 0.116515 0.020496 0.009926 0.998253 0.054518
1718924386.199982882 -3.136601 -7.211111 0.113755 0.020061 0.011265 0.998398 0.051693
1718924386.299983978 -3.157316 -7.210534 0.110835 0.019695 0.011661 0.998394 0.051827
1718924386.399991989 -3.177532 -7.209674 0.107373 0.019447 0.011875 0.998359 0.052544
1718924386.499994993 -3.196555 -7.209226 0.105207 0.019233 0.011998 0.998306 0.053576
1718924386.599993944 -3.215527 -7.208726 0.105075 0.019182 0.012042 0.998294 0.053815
1718924386.699976921 -3.235438 -7.206944 0.105606 0.019079 0.012426 0.998272 0.054180
1718924386.799994946 -3.255299 -7.205458 0.098705 0.019127 0.013098 0.998250 0.054393
1718924386.900015831 -3.275608 -7.202838 0.099816 0.019109 0.013583 0.998249 0.054312
1718924387.099988222 -3.314011 -7.197809 0.104173 0.019301 0.013270 0.998240 0.054486
1718924387.199986219 -3.331430 -7.195479 0.107377 0.019773 0.012164 0.998351 0.052504
1718924387.299991846 -3.349607 -7.192954 0.110753 0.020342 0.012144 0.998478 0.049811
1718924387.399984121 -3.369112 -7.189248 0.114121 0.020388 0.012507 0.998540 0.048436
1718924387.499996185 -3.389184 -7.182076 0.117373 0.020001 0.013237 0.998517 0.048866
1718924387.599992275 -3.409224 -7.174379 0.119082 0.018668 0.016134 0.998519 0.048489
1718924387.699914217 -3.428157 -7.173272 0.120393 0.017965 0.017025 0.998607 0.046592
1718924387.799978256 -3.446405 -7.173693 0.122191 0.017755 0.015465 0.998695 0.045324
1718924387.900003195 -3.466209 -7.171604 0.123339 0.017581 0.014846 0.998766 0.044006
1718924388.099988222 -3.508776 -7.162571 0.127194 0.018080 0.016199 0.998804 0.042431
1718924388.199949026 -3.530575 -7.157399 0.127279 0.018673 0.015221 0.998910 0.039970
1718924388.299981117 -3.551875 -7.156689 0.124565 0.018529 0.014097 0.998960 0.039206
1718924388.399988174 -3.573384 -7.157037 0.122024 0.018394 0.013750 0.998959 0.039422
1718924388.499986172 -3.595162 -7.157376 0.119305 0.018259 0.013348 0.998978 0.039123
1718924388.599993229 -3.616984 -7.157866 0.116784 0.018114 0.012879 0.998999 0.038816
1718924388.699896097 -3.638252 -7.156950 0.114671 0.018204 0.012752 0.998985 0.039189
1718924388.799989223 -3.659298 -7.156422 0.112845 0.018035 0.011972 0.998989 0.039395
1718924388.900015116 -3.679427 -7.156979 0.111261 0.017935 0.010611 0.998961 0.040535
1718924389.099988222 -3.714871 -7.156200 0.108976 0.016269 0.004504 0.998584 0.050441
1718924389.199991941 -3.733175 -7.156314 0.108079 0.016055 0.004440 0.998560 0.050994
1718924389.299987078 -3.752590 -7.155672 0.107747 0.016062 0.004419 0.998530 0.051578
1718924389.400000095 -3.772696 -7.154138 0.107535 0.016441 0.004111 0.998368 0.054543
1718924389.499993086 -3.793991 -7.151095 0.106509 0.018352 0.005588 0.998311 0.054842
1718924389.599993944 -3.815512 -7.147951 0.105841 0.018492 0.006498 0.998446 0.052175
1718924389.699906111 -3.837122 -7.145422 0.104133 0.018600 0.007024 0.998545 0.050130
1718924389.799993992 -3.859094 -7.142428 0.102506 0.018852 0.006706 0.998550 0.049983
1718924389.900010109 -3.881606 -7.139867 0.100870 0.019011 0.006899 0.998546 0.049978
1718924390.099985838 -3.928362 -7.135635 0.097009 0.018862 0.008037 0.998490 0.050971
1718924390.199982882 -3.951041 -7.134783 0.095690 0.018781 0.007075 0.998516 0.050617
1718924390.299978971 -3.970241 -7.134379 0.095011 0.018901 0.005723 0.998494 0.051180
1718924390.399988890 -3.986373 -7.135176 0.095246 0.018845 0.002939 0.998580 0.049750
1718924390.499992132 -4.003128 -7.133963 0.094489 0.018898 0.001305 0.998617 0.049044
1718924390.599997997 -4.020194 -7.130062 0.093087 0.019053 0.002338 0.998556 0.050182
1718924390.699985027 -4.036445 -7.127582 0.092627 0.019363 0.003662 0.998504 0.050996
1718924390.799993038 -4.053810 -7.124888 0.092050 0.020518 0.006765 0.998485 0.050600
1718924390.900022030 -4.073786 -7.121861 0.091388 0.021634 0.009553 0.998496 0.049461
1718924391.099982977 -4.116379 -7.118423 0.090167 0.022004 0.007073 0.998164 0.055982
1718924391.199981928 -4.138611 -7.113023 0.087968 0.020596 0.006202 0.997657 0.064944
1718924391.299983025 -4.161676 -7.106629 0.086026 0.020089 0.005046 0.997256 0.071068
1718924391.399991989 -4.185324 -7.101877 0.084889 0.020029 0.006492 0.997424 0.068566
1718924391.499980927 -4.210308 -7.099191 0.085247 0.020235 0.007759 0.997600 0.065765
1718924391.599987984 -4.236325 -7.095483 0.085973 0.020287 0.007489 0.997589 0.065941
1718924391.699894190 -4.263190 -7.090176 0.087250 0.020406 0.007734 0.997611 0.065548
1718924391.699993849 -4.262569 -7.087711 0.107154 0.020426 0.006725 0.997457 0.067952
1718924391.900011301 -4.307575 -7.084552 0.105787 0.020746 0.007196 0.997455 0.067827
1718924392.099985123 -4.354754 -7.082081 0.105272 0.021089 0.006933 0.997508 0.066970
1718924392.199988127 -4.378721 -7.079921 0.104477 0.021256 0.006980 0.997507 0.066927
1718924392.299984217 -4.402492 -7.077426 0.103872 0.021458 0.006896 0.997484 0.067219
1718924392.399985313 -4.426598 -7.074859 0.102953 0.021737 0.006896 0.997546 0.066194
1718924392.499986172 -4.451030 -7.070920 0.101629 0.021901 0.006899 0.997554 0.066016
1718924392.599985123 -4.476276 -7.066683 0.101161 0.022023 0.006842 0.997565 0.065822
1718924392.699893236 -4.501964 -7.063059 0.099922 0.022108 0.006297 0.997573 0.065732
1718924392.799987316 -4.527805 -7.060126 0.098893 0.022091 0.005765 0.997669 0.064312
1718924392.899999142 -4.553674 -7.057117 0.097993 0.022320 0.005519 0.997691 0.063913
1718924393.099990129 -4.605569 -7.048795 0.097542 0.022359 0.005513 0.997620 0.064997
1718924393.199992180 -4.630348 -7.045426 0.097609 0.020914 0.005602 0.997640 0.065153
1718924393.299995184 -4.654443 -7.040750 0.097884 0.019759 0.005874 0.997640 0.065494
1718924393.399991035 -4.678911 -7.035899 0.097915 0.019575 0.007141 0.997643 0.065385
1718924393.499984026 -4.703649 -7.032879 0.098277 0.019612 0.007746 0.997644 0.065282
1718924393.599989176 -4.728680 -7.030680 0.099366 0.019521 0.008008 0.997726 0.064014
1718924393.699895144 -4.753432 -7.027926 0.098907 0.019466 0.008409 0.997770 0.063282
1718924393.799984217 -4.777760 -7.025115 0.098533 0.019543 0.008294 0.997797 0.062855
1718924393.900012016 -4.801330 -7.022556 0.098366 0.019609 0.008505 0.997822 0.062398
1718924394.099987030 -4.848625 -7.016446 0.097858 0.019649 0.009349 0.997825 0.062224
1718924394.199991941 -4.872495 -7.013640 0.097411 0.019541 0.009442 0.997826 0.062231
1718924394.299988985 -4.896471 -7.010627 0.096805 0.019428 0.009675 0.997844 0.061939
1718924394.399987936 -4.921486 -7.007061 0.096520 0.019620 0.009799 0.997841 0.061899
1718924394.499985933 -4.949689 -7.003056 0.096903 0.019831 0.010053 0.997822 0.062103
1718924394.599988937 -4.979843 -6.998674 0.097472 0.019784 0.010223 0.997821 0.062110
1718924394.699980974 -5.010839 -6.993846 0.096895 0.019786 0.010468 0.997801 0.062385
1718924394.799992085 -5.043429 -6.985911 0.094628 0.017825 0.013755 0.997723 0.063578
1718924394.900019884 -5.078011 -6.973217 0.094711 0.017409 0.015908 0.997658 0.064203
1718924395.099985838 -5.145126 -6.967580 0.095995 0.015775 0.008678 0.998064 0.059532
1718924395.199997902 -5.178363 -6.961908 0.097120 0.015407 0.009379 0.998102 0.058878
1718924395.299986124 -5.211474 -6.961241 0.099431 0.015335 0.009328 0.998103 0.058883
1718924395.399999142 -5.244389 -6.961520 0.102388 0.015299 0.008999 0.998106 0.058909
1718924395.499985218 -5.276966 -6.958533 0.105257 0.015090 0.009898 0.998110 0.058743
1718924395.599987030 -5.309650 -6.955637 0.108045 0.015132 0.009870 0.998120 0.058569
1718924395.699893236 -5.342353 -6.951556 0.110795 0.014874 0.009359 0.998136 0.058442
1718924395.799997330 -5.374859 -6.946847 0.112902 0.015047 0.009504 0.998126 0.058548
1718924395.900003195 -5.407102 -6.942901 0.114551 0.015125 0.010038 0.998119 0.058565
1718924396.099987984 -5.471650 -6.933910 0.114460 0.014602 0.011159 0.998108 0.058670
1718924396.199975967 -5.504061 -6.929142 0.113593 0.014272 0.010847 0.998111 0.058764
1718924396.299987078 -5.536811 -6.924572 0.112362 0.014165 0.010997 0.998120 0.058612
1718924396.399981976 -5.569909 -6.919278 0.110456 0.014497 0.010784 0.998140 0.058220
1718924396.499979973 -5.603088 -6.915389 0.107989 0.014523 0.010454 0.998153 0.058057
1718924396.599982023 -5.636326 -6.910596 0.105762 0.014453 0.010507 0.998175 0.057685
1718924396.699895144 -5.669496 -6.905506 0.103787 0.014421 0.010289 0.998168 0.057851
1718924396.799994946 -5.702826 -6.901949 0.102224 0.014428 0.009693 0.998195 0.057490
1718924396.900013208 -5.736255 -6.896659 0.098750 0.018354 0.010759 0.998130 0.057296
1718924397.099994183 -5.806220 -6.888415 0.094898 0.019880 0.009868 0.998150 0.056611
1718924397.199985027 -5.841001 -6.881870 0.094867 0.019971 0.010673 0.998083 0.057596
1718924397.299994946 -5.876409 -6.877875 0.095014 0.019528 0.010411 0.998107 0.057388
1718924397.399993896 -5.912107 -6.873714 0.095301 0.019315 0.010620 0.998101 0.057514
1718924397.499990940 -5.948187 -6.871952 0.096617 0.019306 0.010943 0.998081 0.057807
1718924397.599996805 -5.984334 -6.870608 0.097762 0.019259 0.010907 0.998085 0.057769
1718924397.699903965 -6.019931 -6.866758 0.099541 0.019370 0.011338 0.998050 0.058239
1718924397.799994946 -6.055284 -6.863598 0.100898 0.019391 0.010657 0.998039 0.058548
1718924397.900012970 -6.090650 -6.858932 0.102030 0.019316 0.010757 0.998030 0.058719
1718924398.099996328 -6.161557 -6.848745 0.103907 0.019666 0.010354 0.998041 0.058479
1718924398.199989319 -6.197001 -6.843799 0.105257 0.019583 0.010672 0.998017 0.058868
1718924398.299983263 -6.232397 -6.839710 0.107032 0.019636 0.010613 0.998016 0.058867
1718924398.399990320 -6.267161 -6.836988 0.110177 0.019532 0.010859 0.997988 0.059333
1718924398.499986172 -6.301907 -6.831824 0.111883 0.019562 0.011259 0.997981 0.059365
1718924398.599982262 -6.336943 -6.828186 0.114551 0.019476 0.010368 0.997956 0.059976
1718924398.699980021 -6.372068 -6.823955 0.117518 0.019321 0.010407 0.997983 0.059561
1718924398.799979210 -6.407458 -6.818582 0.120383 0.019208 0.010785 0.998070 0.058068
1718924398.900017977 -6.444374 -6.814449 0.124328 0.018922 0.010249 0.998110 0.057567
1718924399.099979162 -6.518520 -6.804825 0.126959 0.018323 0.009494 0.998153 0.057139
1718924399.199982166 -6.555334 -6.799938 0.128549 0.018474 0.008758 0.998163 0.057026
1718924399.299976110 -6.589926 -6.795096 0.134412 0.019669 0.006708 0.998229 0.055738
1718924399.399994135 -6.622718 -6.793088 0.137430 0.021189 0.007927 0.998462 0.050624
1718924399.499994040 -6.655314 -6.788033 0.138138 0.022180 0.009320 0.998464 0.049912
1718924399.599981070 -6.687732 -6.780591 0.138134 0.022195 0.011162 0.998328 0.052189
1718924399.699911118 -6.721931 -6.778418 0.137688 0.021964 0.011714 0.998330 0.052123
1718924399.799992085 -6.757203 -6.777099 0.137299 0.021778 0.011077 0.998339 0.052171
1718924399.900004148 -6.792356 -6.773823 0.137940 0.021559 0.010860 0.998351 0.052085
1718924400.099992037 -6.863833 -6.766997 0.137246 0.020763 0.010727 0.998358 0.052296
1718924400.199990988 -6.899801 -6.763179 0.138626 0.020397 0.010492 0.998382 0.052030
1718924400.299988985 -6.936336 -6.758883 0.137948 0.020041 0.010529 0.998359 0.052603
1718924400.400000334 -6.973242 -6.755460 0.137096 0.019787 0.009668 0.998365 0.052747
1718924400.599987984 -7.046269 -6.747329 0.135097 0.019842 0.010243 0.998344 0.053014
1718924400.699895144 -7.082621 -6.743225 0.134244 0.019873 0.009699 0.998313 0.053679
1718924400.799998045 -7.118581 -6.737914 0.135112 0.019778 0.009954 0.998256 0.054722
1718924400.900030136 -7.154150 -6.733554 0.134328 0.019927 0.008313 0.997955 0.060170
1718924401.099982023 -7.227578 -6.725899 0.129392 0.020991 0.001930 0.997166 0.072213
1718924401.199988842 -7.263943 -6.721838 0.126242 0.020793 -0.000993 0.996784 0.077383
1718924401.299986124 -7.295031 -6.720517 0.121812 0.019617 -0.001889 0.996497 0.081277
1718924401.400011063 -7.318662 -6.719383 0.115539 0.019191 -0.001746 0.996070 0.086446
1718924401.599992990 -7.335145 -6.724908 0.103706 0.018542 -0.001815 0.995669 0.091084
1718924401.699898005 -7.334449 -6.727634 0.096119 0.018174 0.000257 0.995518 0.092808
1718924401.799980879 -7.332095 -6.732615 0.087220 0.017460 0.001674 0.995364 0.094563
1718924401.900012016 -7.329701 -6.738899 0.077458 0.017089 0.002339 0.995314 0.095144
1718924402.099996328 -7.324106 -6.754991 0.055016 0.016199 0.001793 0.994893 0.099608
1718924402.199993134 -7.319342 -6.763522 0.040925 0.014285 0.002306 0.994430 0.104400
1718924402.299982309 -7.314298 -6.773805 0.024169 0.013336 0.002987 0.993773 0.110583
1718924402.399981022 -7.307403 -6.785055 0.006217 0.012086 0.005014 0.991665 0.128176
1718924402.499965191 -7.300031 -6.796290 -0.013403 0.012290 0.004492 0.987621 0.156311
1718924402.599970341 -7.292818 -6.807306 -0.036021 0.009161 -0.000049 0.983722 0.179461
1718924402.699966192 -7.282236 -6.816430 -0.061791 0.006510 -0.001300 0.976400 0.215869
1718924402.799990892 -7.279717 -6.821979 -0.064654 0.001170 0.010371 0.969458 0.245033
1718924402.900053978 -7.284084 -6.826836 -0.045438 0.003429 0.012790 0.960402 0.278303
1718924403.099977970 -7.295674 -6.837040 -0.019715 0.001814 0.011497 0.946217 0.323323
1718924403.199952841 -7.302335 -6.846243 -0.006743 0.003500 0.011115 0.934290 0.356325
1718924403.299966812 -7.314218 -6.867303 0.016956 0.004197 0.010812 0.924910 0.380009
1718924403.399972916 -7.326551 -6.888590 0.043047 0.007980 0.018460 0.910161 0.413765
1718924403.499994993 -7.337916 -6.907579 0.067634 0.004310 0.016360 0.897211 0.441279
1718924403.599994898 -7.348765 -6.922223 0.087752 -0.000220 0.009439 0.883603 0.468141
1718924403.700001955 -7.354312 -6.931402 0.099983 -0.006263 0.011345 0.865972 0.499925
1718924403.799957037 -7.352563 -6.932514 0.116474 0.001397 0.013946 0.855052 0.518352
1718924403.900058031 -7.349016 -6.933901 0.135062 0.003046 0.010332 0.833871 0.551854
1718924404.099993229 -7.356584 -6.939141 0.170532 -0.002247 0.025990 0.805730 0.591708
1718924404.199867249 -7.369288 -6.942583 0.183556 -0.007770 0.000828 0.789298 0.613960
1718924404.299942017 -7.390272 -6.950378 0.196956 -0.011914 -0.004573 0.772122 0.635347
1718924404.399964809 -7.411944 -6.957881 0.210929 -0.013562 -0.006579 0.747860 0.663685
1718924404.500033855 -7.416847 -6.921186 0.258262 -0.020519 -0.021693 0.730200 0.682580
1718924404.699878216 -7.439021 -6.928142 0.224009 0.010254 0.026250 0.675066 0.737219
1718924404.799960136 -7.445633 -6.927713 0.204956 0.010174 0.026684 0.660437 0.750338
1718924404.899984121 -7.454080 -6.922650 0.191316 0.009234 0.025429 0.654149 0.755882
1718924404.900003195 -7.454858 -6.939695 0.153936 -0.001119 -0.003176 0.652061 0.758159
1718924405.099971056 -7.456931 -6.948473 0.156264 0.000493 -0.002512 0.660478 0.750841
1718924405.199977160 -7.457599 -6.951656 0.157457 -0.001414 -0.003792 0.664153 0.747586
1718924405.299981117 -7.457903 -6.953641 0.157927 -0.001808 -0.004337 0.667184 0.744879
1718924405.399988174 -7.456787 -6.950634 0.157844 -0.002618 -0.005761 0.670554 0.741834
1718924405.499992132 -7.455108 -6.941329 0.156713 -0.002017 -0.006610 0.671278 0.741174
1718924405.599986076 -7.454108 -6.926191 0.156560 -0.001026 -0.007004 0.674164 0.738548
1718924405.699986219 -7.451884 -6.905832 0.155364 0.000039 -0.007290 0.675317 0.737492
1718924405.799983025 -7.448567 -6.881258 0.153757 0.000882 -0.006940 0.676129 0.736750
1718924405.900020123 -7.444571 -6.855125 0.152717 0.000749 -0.006752 0.676638 0.736285
1718924406.099982023 -7.439122 -6.805617 0.152535 -0.000787 -0.006282 0.678492 0.734580
1718924406.199995995 -7.435366 -6.782251 0.152895 -0.001226 -0.006815 0.681778 0.731527
1718924406.299993038 -7.431686 -6.758779 0.153141 -0.001241 -0.006864 0.682653 0.730709
1718924406.399986982 -7.428943 -6.734789 0.153310 -0.001157 -0.007202 0.683454 0.729957
1718924406.500012159 -7.426445 -6.710387 0.153847 -0.001357 -0.007805 0.683682 0.729737
1718924406.699893236 -7.422011 -6.659851 0.153890 -0.001727 -0.008905 0.683884 0.729534
1718924406.799993038 -7.419806 -6.634231 0.154276 -0.001688 -0.009208 0.683988 0.729433
1718924406.900004148 -7.417630 -6.608898 0.154554 -0.001568 -0.009347 0.684031 0.729391
1718924407.099990845 -7.414105 -6.557953 0.154992 -0.001679 -0.009216 0.684512 0.728941
1718924407.199990988 -7.412374 -6.532654 0.155136 -0.001361 -0.008592 0.684924 0.728563
1718924407.299986839 -7.411602 -6.507209 0.155746 -0.001172 -0.008619 0.684998 0.728493
1718924407.399995804 -7.411324 -6.480893 0.155570 -0.001334 -0.008821 0.685148 0.728349
1718924407.500003099 -7.410228 -6.454832 0.155714 -0.001173 -0.008672 0.685142 0.728357
1718924407.699896097 -7.403135 -6.398864 0.152358 -0.000023 -0.003296 0.684570 0.728940
1718924407.800024033 -7.398909 -6.369098 0.151896 -0.000623 -0.003152 0.684239 0.729251
1718924407.899981976 -7.397341 -6.339173 0.151101 -0.002336 -0.004049 0.684418 0.729075
1718924408.099995136 -7.397087 -6.277912 0.149619 -0.002688 -0.003693 0.688882 0.724859
1718924408.199987173 -7.393616 -6.248255 0.148800 -0.002746 -0.003618 0.689413 0.724354
1718924408.299992323 -7.389578 -6.219171 0.147175 -0.002846 -0.003332 0.689533 0.724241
1718924408.399991274 -7.384893 -6.189834 0.144796 -0.002598 -0.002758 0.690485 0.723337
1718924408.499994278 -7.381820 -6.160593 0.142239 -0.002922 -0.002916 0.691075 0.722771
1718924408.599996328 -7.379271 -6.132402 0.139812 -0.003162 -0.002720 0.691191 0.722660
1718924408.699895144 -7.376772 -6.105182 0.138166 -0.003172 -0.002490 0.691627 0.722243
1718924408.799987316 -7.374833 -6.078048 0.136152 -0.003355 -0.002304 0.692154 0.721739
1718924408.900011063 -7.373404 -6.051633 0.134515 -0.003383 -0.002063 0.692355 0.721546
1718924409.099996328 -7.371838 -5.998701 0.130678 -0.003829 -0.001557 0.692395 0.721507
1718924409.199986219 -7.370397 -5.971437 0.128800 -0.003791 -0.001133 0.692472 0.721434
1718924409.299980164 -7.369524 -5.942891 0.126726 -0.003950 -0.000719 0.692615 0.721297
1718924409.399987221 -7.369009 -5.912586 0.123880 -0.004225 -0.000530 0.692379 0.721522
1718924409.499991179 -7.368444 -5.880778 0.120981 -0.004266 -0.000292 0.692425 0.721477
1718924409.599987268 -7.368032 -5.848283 0.118258 -0.004442 -0.000142 0.692242 0.721652
1718924409.699975967 -7.369153 -5.815208 0.115697 -0.004871 -0.000777 0.692619 0.721287
1718924409.799990177 -7.372287 -5.782419 0.114156 -0.005944 -0.003214 0.693535 0.720391
1718924409.899991989 -7.376175 -5.748171 0.112495 -0.004311 -0.002943 0.696735 0.717309
1718924409.899999142 -7.359156 -5.754598 0.113038 -0.002868 0.002198 0.698572 0.715531
1718924410.099985123 -7.353602 -5.715944 0.112470 0.005175 0.008914 0.699312 0.714743
1718924410.199942112 -7.349752 -5.693881 0.114035 0.003848 0.005867 0.698367 0.715706
1718924410.299980164 -7.352955 -5.669240 0.114981 0.002275 0.004320 0.697849 0.716228
1718924410.399995089 -7.352824 -5.640804 0.113622 0.002033 0.004472 0.698213 0.715873
1718924410.499991179 -7.351932 -5.610108 0.111084 0.002140 0.004636 0.697978 0.716101
1718924410.599991083 -7.351646 -5.578057 0.109110 0.002032 0.004353 0.697694 0.716380
1718924410.699899197 -7.352679 -5.545833 0.107743 0.001464 0.002726 0.698735 0.715374
1718924410.800001144 -7.355546 -5.513469 0.106624 0.001763 0.002083 0.702144 0.712030
1718924410.899993181 -7.357404 -5.478334 0.104802 0.001569 0.002188 0.705055 0.709148
1718924410.900001049 -7.343895 -5.455559 0.105673 0.004547 -0.000492 0.707377 0.706822
1718924411.099987030 -7.345706 -5.407958 0.098876 0.005229 -0.000839 0.713975 0.700151
1718924411.199981213 -7.347065 -5.382731 0.096507 0.003277 -0.001809 0.714462 0.699665
1718924411.299998045 -7.352175 -5.355236 0.093254 0.000046 -0.003072 0.715988 0.698106
1718924411.399994135 -7.357746 -5.325593 0.093347 -0.000025 -0.003815 0.716506 0.697571
1718924411.499991179 -7.357673 -5.296035 0.095154 0.000709 -0.003482 0.717459 0.696592
1718924411.599986076 -7.359092 -5.266335 0.096888 0.000842 -0.003872 0.717350 0.696702
1718924411.699897051 -7.360925 -5.236448 0.097826 0.001103 -0.004118 0.717803 0.696233
1718924411.799980164 -7.361538 -5.206467 0.099159 0.001460 -0.004543 0.718313 0.695703
1718924411.900021076 -7.363285 -5.178475 0.100854 0.000728 -0.006997 0.719543 0.694413
1718924412.099970102 -7.368195 -5.124451 0.104054 -0.002626 -0.009577 0.719320 0.694608
1718924412.199988127 -7.363643 -5.095509 0.103924 -0.000125 -0.004209 0.717052 0.697007
1718924412.299968004 -7.355842 -5.066379 0.105354 0.004801 -0.002848 0.718712 0.695286
1718924412.399965048 -7.350236 -5.038405 0.105412 0.007586 -0.002172 0.721339 0.692537
1718924412.499943018 -7.349735 -5.009822 0.103807 0.005985 -0.003470 0.720897 0.693008
1718924412.599993229 -7.357431 -4.978650 0.101033 0.002775 -0.006602 0.721338 0.692546
1718924412.699883938 -7.358222 -4.944837 0.099291 0.003326 -0.006005 0.721223 0.692669
1718924412.799983025 -7.360521 -4.911546 0.096391 0.003784 -0.005567 0.721633 0.692244
1718924412.900018930 -7.364821 -4.879482 0.095106 0.003551 -0.005950 0.721477 0.692404
1718924413.099995852 -7.370896 -4.820223 0.093627 0.002078 -0.005784 0.720047 0.693898
1718924413.199993849 -7.372285 -4.792024 0.092893 0.001949 -0.003660 0.720228 0.693725
1718924413.299993992 -7.372458 -4.765309 0.092870 0.002964 -0.002689 0.722071 0.691808
1718924413.399981022 -7.371882 -4.738248 0.092706 0.004128 -0.003076 0.724070 0.689708
1718924413.499966860 -7.374357 -4.710255 0.091613 0.003573 -0.005226 0.722508 0.691334
1718924413.599988937 -7.378453 -4.680805 0.091070 0.003031 -0.007003 0.720208 0.693716
1718924413.699962854 -7.378496 -4.650507 0.092140 0.003042 -0.006896 0.719826 0.694114
1718924413.799989939 -7.380218 -4.620308 0.093621 0.003062 -0.006874 0.719989 0.693944
1718924413.900002956 -7.382530 -4.589907 0.094697 0.002554 -0.007474 0.719708 0.694232
1718924414.099979162 -7.385483 -4.528307 0.096216 0.002681 -0.007425 0.719861 0.694073
1718924414.199981213 -7.387563 -4.498259 0.096646 0.002149 -0.007909 0.719840 0.694091
1718924414.299987316 -7.390760 -4.470044 0.097988 0.000932 -0.008123 0.718827 0.695141
1718924414.400004864 -7.392653 -4.441800 0.099328 0.001072 -0.007801 0.718132 0.695862
1718924414.599958181 -7.389452 -4.384803 0.101379 0.004449 -0.006092 0.720049 0.693882
1718924414.699901342 -7.389363 -4.357238 0.101054 0.004055 -0.006855 0.720331 0.693584
1718924414.799990177 -7.389526 -4.328146 0.100587 0.003765 -0.007014 0.720452 0.693459
1718924414.900018215 -7.388306 -4.299328 0.099483 0.003858 -0.007054 0.720260 0.693657
1718924415.099978209 -7.387925 -4.240968 0.096888 0.003909 -0.007369 0.720610 0.693291
1718924415.199985027 -7.389181 -4.212592 0.095619 0.003806 -0.008012 0.720574 0.693322
1718924415.299992085 -7.391151 -4.183727 0.094358 0.004472 -0.007709 0.720244 0.693663
1718924415.399983168 -7.395393 -4.154440 0.092879 0.005047 -0.007927 0.720030 0.693879
1718924415.499996185 -7.399756 -4.124657 0.090120 0.005004 -0.008277 0.720219 0.693680
1718924415.599988222 -7.401474 -4.093876 0.087318 0.005780 -0.008214 0.720489 0.693394
1718924415.699901104 -7.403048 -4.063525 0.085627 0.006005 -0.008766 0.720540 0.693332
1718924415.799992085 -7.404009 -4.033284 0.085806 0.006069 -0.009254 0.720576 0.693288
1718924415.900007010 -7.404511 -4.003518 0.085507 0.006682 -0.009576 0.720592 0.693261
1718924416.099992990 -7.406751 -3.942969 0.085682 0.007374 -0.010091 0.720512 0.693330
1718924416.199986935 -7.407239 -3.912713 0.084397 0.007813 -0.009894 0.720540 0.693299
1718924416.299983978 -7.408842 -3.882083 0.083364 0.007940 -0.010153 0.720325 0.693517
1718924416.399996996 -7.411655 -3.851524 0.081705 0.007732 -0.010705 0.720114 0.693730
1718924416.499993086 -7.413467 -3.820920 0.080097 0.007975 -0.010537 0.719960 0.693890
1718924416.599992037 -7.414821 -3.791047 0.077431 0.007748 -0.010493 0.719884 0.693972
1718924416.699902058 -7.417113 -3.761492 0.072852 0.007647 -0.010632 0.720216 0.693626
1718924416.799992085 -7.418582 -3.731182 0.070082 0.008068 -0.010284 0.720272 0.693568
1718924416.900001049 -7.418681 -3.700423 0.067831 0.008859 -0.009663 0.720260 0.693581
1718924417.099985838 -7.421442 -3.640101 0.057707 0.009097 -0.009117 0.720076 0.693775
1718924417.199995041 -7.420943 -3.610367 0.052640 0.009690 -0.008173 0.721233 0.692576
1718924417.299980879 -7.420445 -3.579318 0.049208 0.009759 -0.007673 0.721714 0.692080
1718924417.399994850 -7.420495 -3.547277 0.048226 0.009573 -0.007371 0.722561 0.691202
1718924417.499982834 -7.416702 -3.514545 0.047951 0.009896 -0.006516 0.722373 0.691402
1718924417.599984884 -7.414037 -3.481455 0.046350 0.009679 -0.006082 0.722568 0.691206
1718924417.699982882 -7.410049 -3.447860 0.044421 0.010006 -0.005542 0.722759 0.691005
1718924417.799983025 -7.404671 -3.414827 0.044719 0.010182 -0.004735 0.722718 0.691051
1718924417.900000811 -7.399934 -3.381560 0.045243 0.010030 -0.004335 0.723202 0.690550
1718924418.099982262 -7.390843 -3.313450 0.038024 0.005875 -0.006657 0.735676 0.677275
1718924418.199981928 -7.389828 -3.281385 0.034677 0.003227 -0.007618 0.750108 0.661263
1718924418.299966812 -7.393303 -3.251151 0.033407 0.001966 -0.007013 0.764439 0.644655
1718924418.399945259 -7.395580 -3.219724 0.034503 0.001092 -0.003731 0.782262 0.622937
1718924418.499983311 -7.395788 -3.185467 0.035418 -0.002825 -0.006102 0.795520 0.605890
1718924418.599985123 -7.396232 -3.150522 0.035813 -0.000726 -0.004082 0.805823 0.592141
1718924418.699892282 -7.397000 -3.116193 0.036723 -0.000817 -0.003868 0.813214 0.581952
1718924418.799988270 -7.399116 -3.080790 0.039614 0.001803 0.000441 0.822089 0.569356
1718924418.899995327 -7.400421 -3.042845 0.042862 0.003708 0.001228 0.830240 0.557393
1718924418.900005341 -7.405801 -3.035556 0.013513 -0.000392 -0.000445 0.825821 0.563932
1718924419.099957228 -7.415501 -2.983057 0.015883 -0.001977 -0.008296 0.856852 0.515493
1718924419.200002193 -7.420904 -2.954168 0.015055 -0.001520 -0.003316 0.867160 0.498017
1718924419.299963236 -7.429708 -2.925309 0.014086 -0.000529 0.000291 0.878491 0.477759
1718924419.399978161 -7.439867 -2.896260 0.014071 -0.001465 -0.001124 0.884544 0.466454
1718924419.499983072 -7.451422 -2.868758 0.013721 -0.001995 -0.001713 0.890445 0.455083
1718924419.599984169 -7.464153 -2.842020 0.013088 -0.002018 -0.001164 0.894561 0.446941
1718924419.699906111 -7.478272 -2.815525 0.014469 -0.002197 -0.000472 0.898872 0.438205
1718924419.799982071 -7.492597 -2.788607 0.017228 -0.002948 -0.002134 0.901057 0.433686
1718924419.900002241 -7.506276 -2.760384 0.021455 -0.003137 -0.003736 0.904085 0.427324
1718924420.100018263 -7.536791 -2.703723 0.031151 -0.003017 -0.002377 0.908540 0.417781
1718924420.299988031 -7.570549 -2.643989 0.044314 -0.003057 -0.002306 0.912122 0.409901
1718924420.399980068 -7.589202 -2.615007 0.050198 -0.002192 -0.000894 0.916142 0.400847
1718924420.499982119 -7.610124 -2.586241 0.056621 -0.002301 -0.001227 0.921338 0.388753
1718924420.599982977 -7.631200 -2.557015 0.060064 0.001798 0.000053 0.929264 0.369411
1718924420.699861050 -7.651782 -2.528762 0.054139 0.004491 0.000220 0.942203 0.335013
1718924420.799978018 -7.677903 -2.503112 0.049076 -0.000635 -0.001977 0.951035 0.309076
1718924420.900023937 -7.704085 -2.475007 0.045822 0.000141 -0.000770 0.958170 0.286199
1718924421.099986076 -7.753797 -2.420663 0.037862 -0.000105 -0.005297 0.963096 0.269107
1718924421.199987888 -7.779276 -2.396247 0.033331 0.000152 -0.005118 0.965112 0.261786
1718924421.299988985 -7.805323 -2.373270 0.029327 0.000763 -0.004311 0.965905 0.258861
1718924421.399984837 -7.832209 -2.351764 0.024835 0.001285 -0.004734 0.966519 0.256549
1718924421.499988079 -7.860050 -2.330827 0.023961 0.002605 -0.004164 0.966900 0.255109
1718924421.599985838 -7.887858 -2.308446 0.025420 0.004625 -0.003139 0.967526 0.252709
1718924421.700011015 -7.915263 -2.286201 0.025829 0.006719 -0.002446 0.967677 0.252093
1718924421.900009155 -7.971623 -2.243805 0.025725 0.008397 -0.002248 0.967835 0.251435
1718924422.099983215 -8.029162 -2.203465 0.026317 0.008911 -0.001439 0.968046 0.250609
1718924422.199995279 -8.058077 -2.183843 0.026979 0.009267 -0.001049 0.968129 0.250277
1718924422.299992323 -8.087335 -2.164430 0.027908 0.009211 -0.000627 0.968471 0.248956
1718924422.399986267 -8.116296 -2.145608 0.029707 0.009209 -0.000001 0.968964 0.247030
1718924422.499980211 -8.145693 -2.127991 0.032015 0.009242 0.001076 0.969698 0.244129
1718924422.599985123 -8.175177 -2.111014 0.034013 0.009337 0.001672 0.969920 0.243240
1718924422.699897051 -8.204952 -2.093859 0.035187 0.009107 0.002062 0.970258 0.241894
1718924422.799985170 -8.235312 -2.076580 0.035033 0.009189 0.002812 0.970621 0.240422
1718924422.900007010 -8.265717 -2.059541 0.034154 0.009255 0.003476 0.971113 0.238413
1718924423.099990129 -8.323992 -2.028523 0.032840 0.008863 0.003965 0.972038 0.234623
1718924423.199987173 -8.351122 -2.014318 0.032862 0.009313 0.003921 0.972500 0.232686
1718924423.299993038 -8.378962 -2.001238 0.034159 0.009077 0.003670 0.972712 0.231810
1718924423.399990082 -8.406347 -1.987658 0.033123 0.009019 0.003780 0.973262 0.229488
1718924423.499987125 -8.431609 -1.974578 0.031130 0.009325 0.004075 0.973203 0.229721
1718924423.599997044 -8.456338 -1.961797 0.028875 0.009353 0.004308 0.973376 0.228984
1718924423.699978828 -8.481770 -1.949207 0.026777 0.009666 0.004794 0.973730 0.227450
1718924423.799989223 -8.508011 -1.937001 0.023684 0.009590 0.003577 0.973926 0.226633
1718924423.900012970 -8.535621 -1.926262 0.019608 0.009367 0.003067 0.974365 0.224755
1718924424.099986076 -8.590972 -1.903399 0.012738 0.009759 0.003206 0.974786 0.222904
1718924424.199983120 -8.618696 -1.891747 0.008423 0.009338 0.002426 0.974620 0.223657
1718924424.299992085 -8.646827 -1.880014 0.003846 0.009327 0.002121 0.974506 0.224159
1718924424.399991989 -8.674905 -1.867198 0.000884 0.009714 0.002533 0.973876 0.226859
1718924424.499984980 -8.702390 -1.852625 -0.001472 0.010655 0.002922 0.973005 0.230520
1718924424.599973917 -8.729167 -1.839187 -0.003850 0.011972 0.005480 0.971846 0.235250
1718924424.699971914 -8.756219 -1.826865 -0.006529 0.012897 0.006780 0.971073 0.238337
1718924424.799983978 -8.782851 -1.814390 -0.009274 0.013432 0.006299 0.970647 0.240050
1718924424.900012016 -8.809030 -1.801167 -0.012197 0.012965 0.005406 0.970022 0.242611
1718924425.099990845 -8.863768 -1.775714 -0.017945 0.012109 0.005186 0.969561 0.244495
1718924425.199980021 -8.891067 -1.762155 -0.020519 0.011094 0.004946 0.969157 0.246145
1718924425.300000906 -8.919530 -1.748286 -0.020719 0.010252 0.004573 0.968803 0.247576
1718924425.399993896 -8.947580 -1.734699 -0.022440 0.010106 0.005082 0.968654 0.248156
1718924425.499987841 -8.975547 -1.720565 -0.024201 0.010103 0.005533 0.968414 0.249082
1718924425.599990845 -9.004083 -1.706758 -0.026589 0.010021 0.006345 0.968343 0.249341
1718924425.699905157 -9.032676 -1.692065 -0.029287 0.009999 0.006516 0.968160 0.250046
1718924425.699987888 -9.031129 -1.651654 0.011571 0.009854 0.008790 0.968039 0.250452
1718924425.900010347 -9.081335 -1.637307 0.006889 0.010277 0.008474 0.967668 0.251876
1718924426.099990129 -9.133070 -1.619832 0.003851 0.010415 0.008467 0.967184 0.253724
1718924426.199987173 -9.159165 -1.609357 0.001687 0.010081 0.008468 0.967309 0.253257
1718924426.299987316 -9.185673 -1.596929 0.000151 0.009662 0.008251 0.967506 0.252529
1718924426.399994135 -9.211943 -1.583764 -0.001549 0.010347 0.008744 0.967149 0.253850
1718924426.499988317 -9.237084 -1.568555 -0.003891 0.011246 0.009679 0.966815 0.255047
1718924426.599980116 -9.262445 -1.553357 -0.006296 0.011560 0.009237 0.966617 0.255798
1718924426.699898243 -9.287727 -1.538691 -0.008471 0.011988 0.008886 0.966423 0.256523
1718924426.799983263 -9.311172 -1.523728 -0.010975 0.012237 0.008742 0.966149 0.257546
1718924426.900005102 -9.333770 -1.508252 -0.014412 0.012628 0.008356 0.965732 0.259100
1718924427.099992037 -9.380746 -1.477961 -0.019198 0.012848 0.007686 0.965595 0.259618
1718924427.199993134 -9.404405 -1.462167 -0.022668 0.013245 0.007287 0.965535 0.259834
1718924427.299985170 -9.428174 -1.446989 -0.027546 0.013656 0.007387 0.965634 0.259443
1718924427.399991035 -9.451994 -1.431088 -0.032619 0.013487 0.008177 0.965159 0.261189
1718924427.499983072 -9.476289 -1.414199 -0.037612 0.013684 0.008397 0.965073 0.261487
1718924427.599989176 -9.501670 -1.398449 -0.041144 0.013327 0.008456 0.965168 0.261156
1718924427.699903965 -9.526261 -1.380848 -0.044488 0.013471 0.008824 0.964962 0.261893
1718924427.799992085 -9.551028 -1.364286 -0.046039 0.013423 0.008625 0.964975 0.261856
1718924427.900002956 -9.575712 -1.348474 -0.047070 0.013221 0.008164 0.965104 0.261407
1718924428.099982977 -9.623723 -1.318209 -0.046286 0.013279 0.007769 0.964969 0.261914
1718924428.199984074 -9.648432 -1.303653 -0.044959 0.013114 0.007330 0.964884 0.262246
1718924428.299984932 -9.673142 -1.289642 -0.043912 0.013079 0.007085 0.964815 0.262509
1718924428.399985075 -9.698382 -1.275253 -0.042209 0.013047 0.006793 0.964576 0.263396
1718924428.499977112 -9.724068 -1.260436 -0.040709 0.012965 0.006496 0.964265 0.264541
1718924428.599983931 -9.750376 -1.245562 -0.040163 0.012421 0.006387 0.963946 0.265730
1718924428.699978828 -9.777308 -1.231445 -0.039931 0.011955 0.006658 0.963939 0.265770
1718924428.799978971 -9.805046 -1.217650 -0.039947 0.011713 0.006808 0.963971 0.265661
1718924428.900015831 -9.834066 -1.203971 -0.039246 0.010578 0.006072 0.963730 0.266601
1718924429.099990845 -9.894749 -1.175517 -0.039210 0.011336 0.006959 0.962597 0.270611
1718924429.199988842 -9.925270 -1.160633 -0.038529 0.011589 0.008519 0.961460 0.274568
1718924429.299991846 -9.955552 -1.145620 -0.037384 0.012179 0.010145 0.960683 0.277196
1718924429.399983883 -9.985667 -1.129413 -0.035953 0.013236 0.009147 0.958151 0.285812
1718924429.499994993 -10.015201 -1.111367 -0.034553 0.014013 0.009024 0.955206 0.295473
1718924429.599982023 -10.042684 -1.091308 -0.032715 0.012198 0.006726 0.952525 0.304140
1718924429.699889183 -10.069529 -1.071978 -0.030942 0.009690 0.004376 0.949715 0.312934
1718924429.700007915 -10.075148 -1.063772 -0.005003 0.006386 0.012025 0.948611 0.316152
1718924429.799979925 -10.101793 -1.061062 -0.013180 0.006998 0.014554 0.946075 0.323544
1718924429.899991035 -10.128259 -1.056335 -0.020993 0.005552 0.014014 0.943845 0.330046
1718924430.100002289 -10.182338 -1.038973 -0.034665 0.004323 0.013748 0.938835 0.344067
1718924430.199970245 -10.208723 -1.025658 -0.042212 0.000946 0.009822 0.934071 0.356951
1718924430.299998283 -10.233348 -1.010218 -0.050277 -0.000264 0.009840 0.929001 0.369945
1718924430.399994135 -10.258350 -0.991516 -0.056492 -0.001194 0.011260 0.923026 0.384570
1718924430.499997139 -10.283726 -0.970963 -0.062565 -0.001815 0.016050 0.916398 0.399942
1718924430.599977255 -10.309174 -0.949663 -0.070379 -0.002359 0.018155 0.910084 0.414020
1718924430.699882030 -10.331343 -0.923363 -0.079909 -0.005688 0.017505 0.898570 0.438444
1718924430.799953222 -10.357065 -0.894358 -0.082314 -0.004836 0.013181 0.890001 0.455742
1718924430.899976015 -10.380780 -0.870332 -0.078212 -0.002571 0.008997 0.874187 0.485499
1718924430.899997234 -10.377908 -0.882310 -0.075174 -0.005655 0.017441 0.863450 0.504102
1718924431.099978209 -10.440033 -0.820630 -0.043939 -0.011074 0.020671 0.829359 0.558223
1718924431.199985027 -10.465753 -0.785050 -0.041318 -0.009875 0.020168 0.813642 0.580932
1718924431.299993038 -10.488444 -0.757797 -0.046053 -0.008329 0.018341 0.790199 0.612519
1718924431.399974108 -10.507496 -0.729690 -0.054255 -0.009532 0.016508 0.770100 0.637638
1718924431.499996185 -10.527588 -0.733360 0.071785 0.001182 0.022588 0.749489 0.661631
1718924431.599933147 -10.542377 -0.697347 0.060423 0.004552 0.021089 0.738547 0.673857
1718924431.699865103 -10.554889 -0.664597 0.052949 0.003242 0.015781 0.714884 0.699058
1718924431.800005198 -10.566231 -0.629711 0.048223 0.000876 0.015952 0.693705 0.720082
1718924431.899935246 -10.573008 -0.591548 0.041118 -0.002139 0.011965 0.666132 0.745735
1718924431.900068045 -10.582872 -0.602813 0.082831 0.004490 0.007176 0.661994 0.749461
1718924432.099965334 -10.548859 -0.539962 0.059501 0.007411 0.008139 0.614933 0.788503
1718924432.199993134 -10.536671 -0.510866 0.056789 0.012338 0.009216 0.608400 0.793481
1718924432.299979210 -10.526912 -0.479925 0.055614 0.014310 0.008528 0.604602 0.796353
1718924432.399969339 -10.520800 -0.448375 0.054045 0.013147 0.007688 0.609018 0.793010
1718924432.499992132 -10.516052 -0.415976 0.053406 0.010395 0.005956 0.612205 0.790609
1718924432.599994183 -10.511566 -0.382980 0.051806 0.010211 0.005268 0.613976 0.789241
1718924432.699896097 -10.506398 -0.349405 0.050403 0.010435 0.004757 0.616605 0.787189
1718924432.799984217 -10.500919 -0.315232 0.047583 0.009877 0.004087 0.619404 0.784999
1718924432.900011063 -10.495406 -0.280757 0.044070 0.010387 0.003333 0.622517 0.782530
1718924433.099980116 -10.483702 -0.212720 0.045921 0.009896 0.000570 0.632743 0.774298
1718924433.199986219 -10.477624 -0.178680 0.047979 0.009484 -0.000600 0.636388 0.771310
1718924433.299991131 -10.469534 -0.145062 0.049099 0.009579 -0.000796 0.638637 0.769448
1718924433.399982214 -10.460834 -0.112267 0.049343 0.009809 -0.000424 0.639321 0.768878
1718924433.499993086 -10.452151 -0.080375 0.049234 0.009684 -0.000482 0.639287 0.768907
1718924433.599986076 -10.443226 -0.048434 0.049256 0.009494 -0.000102 0.639723 0.768547
1718924433.699970961 -10.434165 -0.016302 0.049561 0.009627 0.001058 0.640128 0.768207
1718924433.799990177 -10.425194 0.015887 0.049231 0.009649 0.001373 0.639829 0.768455
1718924433.900015831 -10.416995 0.048992 0.048704 0.009766 0.001769 0.640663 0.767758
1718924434.099977016 -10.400429 0.117380 0.046969 0.009652 0.002264 0.641713 0.766881
1718924434.199988127 -10.393688 0.153651 0.046954 0.007914 0.000437 0.646955 0.762487
1718924434.299996853 -10.388529 0.190552 0.046865 0.006507 -0.001178 0.648687 0.761027
1718924434.399990082 -10.383307 0.228874 0.046190 0.007278 -0.000279 0.653631 0.756778
1718924434.499993086 -10.377875 0.268154 0.045735 0.007322 0.000261 0.654441 0.756078
1718924434.599992037 -10.370973 0.308040 0.044925 0.007421 -0.000031 0.655155 0.755458
1718924434.699898243 -10.365846 0.347740 0.043782 0.007477 -0.000967 0.655809 0.754889
1718924434.699995995 -10.364945 0.333895 0.056676 0.007787 -0.000361 0.655397 0.755244
1718924434.900007248 -10.356547 0.396818 0.051762 0.008844 -0.000930 0.655030 0.755551
1718924434.999960899 -10.352180 0.427207 0.049392 0.009058 -0.000769 0.655010 0.755566
1718924435.200008154 -10.342175 0.489094 0.046182 0.009618 -0.000926 0.655626 0.755024
1718924435.299985886 -10.336990 0.521002 0.045647 0.009467 -0.001063 0.655444 0.755184
1718924435.399991989 -10.332105 0.553433 0.044172 0.009547 -0.001337 0.655549 0.755091
1718924435.599978924 -10.321001 0.615486 0.040348 0.009788 -0.001329 0.655706 0.754951
1718924435.699899197 -10.315512 0.645719 0.038188 0.009963 -0.001651 0.655887 0.754791
1718924435.800018072 -10.310316 0.676729 0.035231 0.010166 -0.002404 0.657715 0.753195
1718924435.899986029 -10.307009 0.708110 0.032366 0.009906 -0.003823 0.660639 0.750629
1718924436.099983215 -10.302691 0.774289 0.027192 0.009504 -0.003983 0.669831 0.742442
1718924436.199992180 -10.299495 0.806697 0.025095 0.008557 -0.004363 0.672486 0.740048
1718924436.299990177 -10.293676 0.839552 0.023762 0.008484 -0.004512 0.673785 0.738865
1718924436.399998188 -10.288170 0.872398 0.022174 0.008641 -0.004449 0.673323 0.739284
1718924436.499989271 -10.282715 0.904565 0.020677 0.009227 -0.004293 0.672823 0.739734
1718924436.599989176 -10.277206 0.936157 0.018807 0.009455 -0.004228 0.673168 0.739417
1718924436.699901104 -10.272436 0.967414 0.016782 0.009183 -0.004159 0.673270 0.739328
1718924436.799994230 -10.267406 0.998197 0.014938 0.009498 -0.004028 0.673450 0.739161
1718924436.900018930 -10.262921 1.028553 0.013185 0.009687 -0.003843 0.673588 0.739033
1718924437.099993229 -10.255728 1.089018 0.009146 0.008247 -0.004526 0.679319 0.733782
1718924437.199993134 -10.251653 1.119730 0.007455 0.007584 -0.004435 0.684472 0.728986
1718924437.299995184 -10.248441 1.150256 0.005875 0.008218 -0.003131 0.689514 0.724219
1718924437.399997234 -10.246003 1.180154 0.004877 0.006983 -0.004077 0.693514 0.720398
1718924437.499999046 -10.243161 1.209837 0.004264 0.006290 -0.004160 0.694891 0.719076
1718924437.600003242 -10.240352 1.240404 0.003742 0.006351 -0.003698 0.695538 0.718452
1718924437.699981928 -10.238045 1.271429 0.003374 0.006826 -0.003392 0.695302 0.718677
1718924437.799999237 -10.234862 1.302329 0.002978 0.007635 -0.002548 0.694031 0.719900
1718924437.900007010 -10.231417 1.333403 0.002590 0.008666 -0.001629 0.692867 0.721011
1718924438.099997044 -10.226320 1.396098 0.000228 0.009076 -0.000356 0.692540 0.721323
1718924438.199990034 -10.223208 1.428121 0.000286 0.009172 0.000370 0.692849 0.721024
1718924438.299996138 -10.220956 1.461944 0.001023 0.009649 0.001072 0.694922 0.719020
1718924438.399995089 -10.218615 1.495913 0.001051 0.009483 0.001213 0.695483 0.718479
1718924438.499983072 -10.215571 1.530730 0.000374 0.009837 0.001926 0.697232 0.716775
1718924438.599987030 -10.212240 1.566898 -0.000068 0.010240 0.002027 0.699933 0.714133
1718924438.699897289 -10.209411 1.603735 -0.000305 0.010285 0.001686 0.700991 0.713094
1718924438.699989080 -10.219193 1.584054 0.009954 0.011016 -0.000873 0.702216 0.711878
1718924438.900011301 -10.220577 1.640131 0.009996 0.011374 -0.001267 0.703467 0.710636
1718924438.999963999 -10.219225 1.668128 0.007099 0.012361 0.001263 0.702507 0.711569
1718924439.099978924 -10.215138 1.699393 0.004438 0.013544 0.002656 0.701478 0.712557
1718924439.199976921 -10.215973 1.729712 0.000696 0.012926 0.001970 0.702861 0.711207
1718924439.299997807 -10.214134 1.759596 -0.003305 0.013033 0.001706 0.703251 0.710820
1718924439.399984837 -10.212786 1.789657 -0.005775 0.013038 0.001346 0.703029 0.711040
1718924439.499994993 -10.213620 1.819420 -0.007500 0.012727 0.000320 0.704318 0.709771
1718924439.699906111 -10.213449 1.879471 -0.015829 0.012550 0.000842 0.708851 0.705246
1718924439.800016165 -10.214312 1.910720 -0.017348 0.011935 0.000739 0.709869 0.704233
1718924439.899996996 -10.214763 1.940520 -0.017174 0.011700 0.000620 0.710258 0.703844
1718924440.099998236 -10.215074 2.002543 -0.012778 0.012685 -0.000161 0.708562 0.705534
1718924440.199993134 -10.214769 2.033351 -0.010894 0.014489 0.000394 0.708714 0.705347
1718924440.299972296 -10.213695 2.064525 -0.010404 0.015315 0.000158 0.709058 0.704984
1718924440.399990320 -10.216414 2.095602 -0.010002 0.014128 -0.000272 0.709246 0.704819
1718924440.500001192 -10.217829 2.125478 -0.009487 0.013657 -0.001151 0.708261 0.705817
1718924440.599993229 -10.218412 2.154836 -0.009154 0.013778 -0.001841 0.708968 0.705104
1718924440.699903011 -10.219823 2.183468 -0.008517 0.014002 -0.002820 0.708994 0.705070
1718924440.799980164 -10.220528 2.211781 -0.008100 0.014230 -0.003576 0.708522 0.705536
1718924440.900017023 -10.221753 2.240472 -0.007973 0.014519 -0.004083 0.708999 0.705048
1718924441.099986076 -10.224135 2.294823 -0.012385 0.014685 -0.004841 0.709003 0.705036
1718924441.199989080 -10.225810 2.322119 -0.014402 0.014619 -0.005208 0.709239 0.704797
1718924441.299991131 -10.226889 2.349404 -0.016594 0.014080 -0.005821 0.709460 0.704581
1718924441.399996042 -10.228692 2.376867 -0.019093 0.013770 -0.005743 0.709075 0.704975
1718924441.499997139 -10.228151 2.404050 -0.021870 0.014846 -0.005650 0.708840 0.705191
1718924441.599983215 -10.226836 2.429864 -0.025105 0.016751 -0.005458 0.709591 0.704393
1718924441.699983835 -10.226690 2.454583 -0.028149 0.017636 -0.005332 0.708958 0.705010
1718924441.799982071 -10.227952 2.479709 -0.030852 0.017208 -0.005545 0.708744 0.705234
1718924441.900000811 -10.228655 2.506105 -0.032838 0.016996 -0.005477 0.708959 0.705023
1718924442.099987984 -10.231373 2.558296 -0.035778 0.016978 -0.005435 0.708740 0.705244
1718924442.199991941 -10.232636 2.583079 -0.036444 0.017258 -0.005146 0.708166 0.705817
1718924442.299984932 -10.234637 2.608619 -0.037326 0.018202 -0.004166 0.706737 0.707230
1718924442.399991035 -10.235611 2.635902 -0.036601 0.018754 -0.003837 0.705237 0.708713
1718924442.499993086 -10.237155 2.665180 -0.035333 0.018915 -0.003780 0.704570 0.709373
1718924442.599990129 -10.238760 2.695738 -0.033505 0.018715 -0.003804 0.704831 0.709118
1718924442.699899197 -10.241786 2.727587 -0.031511 0.018190 -0.004023 0.704923 0.709039
1718924442.699989080 -10.220812 2.715041 -0.020616 0.019509 -0.003495 0.706595 0.707341
1718924442.900007248 -10.221615 2.763395 -0.019404 0.017864 -0.005300 0.705292 0.708672
1718924443.099997044 -10.223548 2.814330 -0.021613 0.017413 -0.006901 0.697193 0.716639
1718924443.199990034 -10.222268 2.839577 -0.022867 0.015449 -0.007846 0.685518 0.727849
1718924443.300001144 -10.220035 2.865598 -0.024259 0.014468 -0.008900 0.679973 0.733040
1718924443.499997139 -10.219018 2.918251 -0.032280 0.014327 -0.009822 0.679012 0.733922
1718924443.599987030 -10.216988 2.944928 -0.037633 0.014203 -0.009093 0.677956 0.734909
1718924443.699914217 -10.217848 2.972269 -0.042154 0.013566 -0.009026 0.678445 0.734471
1718924443.799991131 -10.217468 2.999797 -0.046106 0.014044 -0.008797 0.678964 0.733984
1718924443.900019169 -10.215396 3.028606 -0.047703 0.014280 -0.009061 0.678946 0.733993
1718924444.100020170 -10.213479 3.086030 -0.049060 0.014709 -0.009512 0.679124 0.733814
1718924444.299983978 -10.212062 3.141154 -0.048162 0.015498 -0.009146 0.674349 0.738193
1718924444.400007010 -10.210527 3.167621 -0.046912 0.014288 -0.009461 0.672910 0.739526
1718924444.600000858 -10.206465 3.218760 -0.044457 0.013646 -0.008822 0.669089 0.743005
1718924444.699892998 -10.204329 3.244746 -0.042139 0.013522 -0.008500 0.666804 0.745062
1718924444.799998999 -10.201566 3.270724 -0.040882 0.014869 -0.007330 0.663539 0.747958
1718924444.900023937 -10.198718 3.296701 -0.039508 0.015213 -0.007344 0.661715 0.749565
1718924445.100000143 -10.194782 3.348972 -0.036587 0.015434 -0.007153 0.661299 0.749929
1718924445.199989319 -10.192945 3.375160 -0.036011 0.015637 -0.007298 0.662560 0.748810
1718924445.300000191 -10.191291 3.400877 -0.037691 0.015418 -0.007338 0.661935 0.749366
1718924445.400004148 -10.189386 3.426215 -0.039253 0.015443 -0.006902 0.662942 0.748480
1718924445.499999285 -10.186877 3.451019 -0.040841 0.015437 -0.006896 0.662305 0.749043
1718924445.599992275 -10.184735 3.475798 -0.042565 0.015413 -0.007020 0.662871 0.748542
1718924445.699970961 -10.182166 3.500319 -0.044394 0.015125 -0.007306 0.662361 0.748996
1718924445.799998283 -10.179351 3.525093 -0.046567 0.014961 -0.006786 0.662314 0.749046
1718924445.900008917 -10.176290 3.550751 -0.048473 0.015083 -0.006366 0.662203 0.749146
1718924446.099989176 -10.170216 3.603772 -0.051725 0.014786 -0.005111 0.662013 0.749329
1718924446.199994087 -10.166599 3.631342 -0.052009 0.014543 -0.004989 0.661239 0.750018
1718924446.299994230 -10.162707 3.658931 -0.052045 0.014941 -0.004330 0.660258 0.750878
1718924446.399992228 -10.158471 3.686308 -0.051967 0.014791 -0.004028 0.660013 0.751097
1718924446.499992132 -10.153900 3.713914 -0.052088 0.014647 -0.003535 0.660121 0.751008
1718924446.599991083 -10.149411 3.742531 -0.052610 0.014746 -0.003035 0.660121 0.751009
1718924446.699899197 -10.144043 3.772855 -0.054235 0.014754 -0.002706 0.659800 0.751292
1718924446.799983025 -10.137901 3.803283 -0.054821 0.014498 -0.002447 0.655865 0.754735
1718924446.899998188 -10.130301 3.835114 -0.053850 0.013574 -0.003308 0.650162 0.759668
1718924446.899999142 -10.144830 3.822361 -0.063503 0.013143 -0.005531 0.651607 0.758423
1718924447.099982023 -10.129274 3.868532 -0.061121 0.013324 -0.004934 0.644573 0.764410
1718924447.199994087 -10.122547 3.891737 -0.059205 0.012281 -0.005385 0.641904 0.766668
1718924447.300006151 -10.117131 3.915572 -0.057927 0.012879 -0.005276 0.641575 0.766934
1718924447.500004292 -10.109101 3.962876 -0.056753 0.013721 -0.004648 0.641500 0.766986
1718924447.699893236 -10.100732 4.011115 -0.056188 0.014303 -0.004666 0.641592 0.766898
1718924447.799992085 -10.096768 4.035878 -0.055843 0.014570 -0.004677 0.641569 0.766912
1718924447.900007010 -10.092234 4.060928 -0.055022 0.014569 -0.004654 0.641921 0.766618
1718924448.099992990 -10.082555 4.110442 -0.054525 0.014749 -0.004120 0.641644 0.766849
1718924448.199988842 -10.080443 4.134528 -0.055017 0.014072 -0.003414 0.639573 0.768594
1718924448.300016165 -10.079849 4.159288 -0.056632 0.013489 -0.003976 0.637138 0.770621
1718924448.500000954 -10.074687 4.211119 -0.064539 0.012906 -0.002691 0.628659 0.777570
1718924448.599987030 -10.070579 4.238293 -0.069288 0.012135 -0.001737 0.624187 0.781179
1718924448.699898958 -10.065382 4.265056 -0.074982 0.012421 0.000622 0.617856 0.786193
1718924448.799975872 -10.059073 4.292416 -0.080337 0.012509 0.002034 0.614017 0.789191
1718924448.899996042 -10.053427 4.319632 -0.088302 0.011310 0.002821 0.607131 0.794516
1718924448.900007010 -10.028512 4.345349 -0.063482 0.007202 0.007076 0.602378 0.798147
1718924449.099978209 -10.036810 4.381831 -0.073772 0.009931 0.011822 0.592760 0.805231
1718924449.199976206 -10.040210 4.402268 -0.077486 0.009524 0.012224 0.588820 0.808116
1718924449.300002098 -10.042338 4.424849 -0.080157 0.008660 0.011322 0.585152 0.810798
1718924449.399997234 -10.045838 4.450625 -0.083759 0.008425 0.011361 0.582872 0.812441
1718924449.499977350 -10.047998 4.479721 -0.088010 0.005810 0.009232 0.575667 0.817612
1718924449.599975109 -10.047897 4.510280 -0.091243 0.003291 0.007240 0.564631 0.825305
1718924449.699971199 -10.046405 4.541923 -0.096414 0.002980 0.007804 0.550201 0.834990
1718924449.799957991 -10.033429 4.573986 -0.104674 -0.000072 0.011869 0.523781 0.851770
1718924449.900031805 -10.008382 4.606264 -0.103741 0.004341 0.010878 0.506493 0.862165
1718924450.099999905 -9.967515 4.667900 -0.095289 0.009307 0.015809 0.453648 0.890992
1718924450.199902058 -9.952530 4.703134 -0.094807 0.006135 0.009462 0.428508 0.903468
1718924450.300001144 -9.948194 4.741372 -0.090643 0.001807 0.005216 0.403769 0.914845
1718924450.399982214 -9.942500 4.777177 -0.085850 -0.003152 0.004376 0.369657 0.929153
1718924450.499990225 -9.932315 4.814618 -0.085629 -0.008840 0.001619 0.347019 0.937815
1718924450.599970818 -9.910970 4.843805 -0.089432 -0.005632 0.008867 0.323993 0.946001
1718924450.699942350 -9.883991 4.871689 -0.086735 -0.003436 0.007439 0.307252 0.951593
1718924450.799998999 -9.864166 4.903778 -0.082225 -0.008479 0.004425 0.288442 0.957450
1718924450.899971008 -9.846778 4.937511 -0.078103 -0.008665 0.003679 0.270790 0.962592
1718924450.900032043 -9.814206 4.906058 -0.096825 -0.002578 0.002961 0.270131 0.962816
1718924451.099961042 -9.775526 4.940412 -0.092392 0.004792 0.001704 0.259319 0.965778
1718924451.199990034 -9.754435 4.958975 -0.090359 0.004876 0.001582 0.252023 0.967708
1718924451.299983978 -9.734720 4.980830 -0.087007 0.005270 0.001286 0.250704 0.968048
1718924451.399985075 -9.713016 5.001944 -0.084307 0.003436 0.001439 0.245560 0.969374
1718924451.499987125 -9.690526 5.023554 -0.081567 0.000677 0.001500 0.241736 0.970341
1718924451.599984884 -9.667373 5.044470 -0.078718 -0.002131 0.001116 0.232703 0.972545
1718924451.700011015 -9.641985 5.065365 -0.075314 0.000797 0.001460 0.228120 0.973632
1718924451.799972057 -9.611968 5.081886 -0.077587 0.003102 0.003104 0.209733 0.977749
1718924451.900024891 -9.576516 5.093418 -0.088153 0.001719 0.004250 0.181694 0.983344
1718924452.099965811 -9.512644 5.122973 -0.090502 -0.001855 -0.002158 0.135050 0.990835
1718924452.199995995 -9.482941 5.140007 -0.092824 0.000116 -0.003178 0.128538 0.991699
1718924452.299989939 -9.452720 5.157919 -0.095240 0.002456 -0.003520 0.121078 0.992634
1718924452.399984837 -9.422482 5.176075 -0.097609 0.002721 -0.003404 0.116106 0.993227
1718924452.499960899 -9.392553 5.195507 -0.099758 -0.000139 -0.003588 0.111892 0.993714
1718924452.599988937 -9.363604 5.214893 -0.105978 -0.003301 -0.003172 0.104138 0.994552
1718924452.699891329 -9.333770 5.234087 -0.117498 -0.003373 -0.003591 0.102631 0.994707
1718924452.700006962 -9.321839 5.217394 -0.207155 -0.003943 -0.005866 0.104805 0.994468
1718924452.900017262 -9.267204 5.227858 -0.184345 -0.002027 -0.006705 0.100474 0.994915
1718924453.099988222 -9.209802 5.238820 -0.161737 -0.001581 -0.007645 0.096930 0.995261
1718924453.199993134 -9.179806 5.244769 -0.149072 -0.001074 -0.007977 0.095878 0.995361
1718924453.299993277 -9.148575 5.250255 -0.133227 -0.000828 -0.008278 0.094751 0.995466
1718924453.399990320 -9.116976 5.255896 -0.119007 -0.001288 -0.008305 0.093859 0.995550
1718924453.499997139 -9.085522 5.262554 -0.105419 -0.001625 -0.009000 0.093110 0.995614
1718924453.599992275 -9.053577 5.268837 -0.092026 -0.001685 -0.009274 0.092222 0.995694
1718924453.699912071 -9.021009 5.275403 -0.078596 -0.001545 -0.009545 0.090310 0.995867
1718924453.799981117 -8.988431 5.282246 -0.064595 -0.002551 -0.010251 0.087298 0.996126
1718924453.900033236 -8.956615 5.288528 -0.050807 -0.006184 -0.010143 0.080201 0.996708
1718924454.099956036 -8.896947 5.298615 -0.018306 -0.008869 -0.008921 0.048726 0.998733
1718924454.199983120 -8.865621 5.298581 -0.016867 0.007310 0.002511 0.020373 0.999763
1718924454.299981117 -8.831674 5.301003 -0.024094 0.009587 -0.002566 0.007784 0.999920
1718924454.399997234 -8.803399 5.303912 -0.030993 0.009197 -0.005196 0.000481 0.999944
1718924454.499997139 -8.776454 5.310239 -0.039984 0.007422 -0.006089 -0.000548 0.999954
1718924454.599998236 -8.749496 5.316316 -0.048794 0.004892 -0.007313 -0.000410 0.999961
1718924454.699896097 -8.722384 5.320496 -0.057536 0.003148 -0.007819 -0.001946 0.999963
1718924454.800000191 -8.694344 5.323108 -0.064841 0.002165 -0.007677 -0.001225 0.999967
1718924454.900016069 -8.664659 5.323167 -0.069315 0.002133 -0.007357 0.000042 0.999971
1718924455.099997044 -8.604942 5.320480 -0.075755 0.001429 -0.004826 0.002727 0.999984
1718924455.199997187 -8.574919 5.318764 -0.079423 0.001377 -0.004244 0.003035 0.999985
1718924455.299993038 -8.544509 5.316378 -0.084615 0.001211 -0.004158 0.002930 0.999986
1718924455.399982214 -8.514227 5.315393 -0.088417 0.000795 -0.004036 0.003014 0.999987
1718924455.499989033 -8.484306 5.314455 -0.091106 0.000176 -0.004068 0.003047 0.999987
1718924455.599989176 -8.454585 5.313778 -0.094269 -0.000358 -0.004318 0.002914 0.999986
1718924455.699976921 -8.425222 5.312684 -0.097470 -0.000558 -0.004318 0.002793 0.999987
1718924455.799990177 -8.396483 5.312012 -0.100121 -0.000471 -0.004485 0.003035 0.999985
1718924455.900020838 -8.368361 5.311481 -0.102414 -0.000489 -0.004657 0.003481 0.999983
1718924456.099982977 -8.311447 5.310927 -0.102774 -0.000717 -0.004470 0.003777 0.999983
1718924456.199995995 -8.283776 5.310841 -0.102818 -0.000584 -0.004617 0.003841 0.999982
1718924456.299983978 -8.256386 5.310431 -0.102943 -0.000472 -0.004502 0.003195 0.999985
1718924456.399994135 -8.228689 5.310271 -0.102431 -0.000331 -0.004328 0.003146 0.999986
1718924456.499983072 -8.200824 5.309845 -0.101369 0.000045 -0.004385 0.003024 0.999986
1718924456.599987030 -8.172505 5.308889 -0.099383 0.000842 -0.003937 0.003520 0.999986
1718924456.699911118 -8.144433 5.307115 -0.096538 0.001337 -0.004005 0.002851 0.999987
1718924456.799981117 -8.116658 5.306712 -0.096652 0.001560 -0.004828 0.004521 0.999977
1718924456.900010347 -8.088664 5.306153 -0.099714 0.000241 -0.006140 0.004435 0.999971
1718924457.100010157 -8.032218 5.306616 -0.107010 -0.000264 -0.008773 0.004120 0.999953
1718924457.299983978 -7.973994 5.307967 -0.115414 0.000453 -0.010034 0.003757 0.999942
1718924457.399986029 -7.944906 5.309320 -0.119950 0.000184 -0.010815 0.003554 0.999935
1718924457.499987841 -7.916590 5.309786 -0.124194 -0.000733 -0.011170 0.000460 0.999937
1718924457.599992990 -7.888426 5.310575 -0.128505 -0.000136 -0.011343 -0.002047 0.999934
1718924457.699915171 -7.860879 5.311174 -0.131516 -0.000421 -0.011960 -0.003848 0.999921
1718924457.799989939 -7.832786 5.310927 -0.133330 0.000162 -0.012166 -0.005354 0.999912
1718924457.900025129 -7.802930 5.309942 -0.132330 0.000687 -0.012928 -0.004036 0.999908
1718924458.099996328 -7.742374 5.309835 -0.129191 -0.000772 -0.015081 -0.002329 0.999883
1718924458.199995279 -7.711642 5.310936 -0.127321 -0.001761 -0.015809 0.000863 0.999873
1718924458.299995184 -7.680987 5.313264 -0.123367 -0.002626 -0.016789 0.002987 0.999851
1718924458.399989128 -7.650632 5.314976 -0.120496 -0.002819 -0.017441 0.004792 0.999832
1718924458.499993324 -7.620442 5.315730 -0.118841 -0.003442 -0.017529 0.004020 0.999832
1718924458.599995136 -7.590343 5.315528 -0.118129 -0.004352 -0.017427 0.003437 0.999833
1718924458.699898005 -7.560415 5.316008 -0.118121 -0.004855 -0.017365 0.003235 0.999832
1718924458.799986124 -7.530708 5.315997 -0.117810 -0.005316 -0.017393 0.002643 0.999831
1718924458.900016069 -7.501436 5.316471 -0.117940 -0.005461 -0.017147 0.002301 0.999835
1718924459.099991083 -7.444867 5.317743 -0.118042 -0.006758 -0.016339 0.000819 0.999843
1718924459.199978113 -7.415475 5.317266 -0.117523 -0.007378 -0.015754 -0.000398 0.999849
1718924459.299993038 -7.384925 5.316909 -0.117266 -0.008015 -0.014829 -0.002320 0.999855
1718924459.399991035 -7.354660 5.318658 -0.117086 -0.006032 -0.013813 0.000037 0.999886
1718924459.499984026 -7.324809 5.320053 -0.117002 -0.006112 -0.013393 0.001242 0.999891
1718924459.599983215 -7.295088 5.320412 -0.116531 -0.007233 -0.012715 0.003866 0.999886
1718924459.699978828 -7.265990 5.321892 -0.116065 -0.007633 -0.012423 0.004791 0.999882
1718924459.799993038 -7.237583 5.322831 -0.116820 -0.007974 -0.011987 0.004622 0.999886
1718924459.900017023 -7.209837 5.322919 -0.116438 -0.007233 -0.011339 0.004277 0.999900
1718924460.099987030 -7.154902 5.324611 -0.115192 -0.005344 -0.010285 0.005984 0.999915
1718924460.199981928 -7.127188 5.325040 -0.114710 -0.004059 -0.009580 0.009885 0.999897
1718924460.299989939 -7.099595 5.325138 -0.115383 -0.003628 -0.009041 0.011072 0.999891
1718924460.400000095 -7.072202 5.325383 -0.116742 -0.004072 -0.009272 0.012044 0.999876
1718924460.499999046 -7.045113 5.324744 -0.118526 -0.003457 -0.008775 0.012171 0.999881
1718924460.599997997 -7.018166 5.324360 -0.119546 -0.003752 -0.008393 0.012115 0.999884
1718924460.699905157 -6.990941 5.324470 -0.120432 -0.003440 -0.008110 0.012749 0.999880
1718924460.799999952 -6.963510 5.324430 -0.120829 -0.003426 -0.007734 0.012118 0.999891
1718924460.900021315 -6.935769 5.325160 -0.120679 -0.003362 -0.007698 0.012405 0.999888
1718924461.100013256 -6.880106 5.327077 -0.119055 -0.003915 -0.008115 0.012154 0.999886
1718924461.300018311 -6.824079 5.328967 -0.117654 -0.003727 -0.007992 0.012217 0.999886
1718924461.500000000 -6.767472 5.331933 -0.117548 -0.003670 -0.007781 0.011405 0.999898
1718924461.599993944 -6.738702 5.334176 -0.118551 -0.003878 -0.007757 0.011102 0.999901
1718924461.699904203 -6.709486 5.336796 -0.120506 -0.004267 -0.008251 0.011082 0.999895
1718924461.800021172 -6.680195 5.338700 -0.122302 -0.004520 -0.008761 0.011655 0.999883
1718924461.899997950 -6.651132 5.339615 -0.123214 -0.005057 -0.009152 0.011757 0.999876
1718924462.100000143 -6.592525 5.340690 -0.122977 -0.005405 -0.009756 0.011665 0.999870
1718924462.199996233 -6.563466 5.340669 -0.122376 -0.005679 -0.009944 0.011752 0.999865
1718924462.299992323 -6.534924 5.340528 -0.122094 -0.005655 -0.010107 0.011813 0.999863
1718924462.399986267 -6.506303 5.340343 -0.121956 -0.005551 -0.010238 0.011834 0.999862
1718924462.499991179 -6.478354 5.340573 -0.121713 -0.005562 -0.010431 0.011628 0.999863
1718924462.599984169 -6.452933 5.341114 -0.122162 -0.005538 -0.010561 0.011548 0.999862
1718924462.699903011 -6.429210 5.341703 -0.122610 -0.005539 -0.010754 0.011766 0.999858
1718924462.799984217 -6.406407 5.342437 -0.123576 -0.005455 -0.010343 0.011485 0.999866
1718924462.900018930 -6.384169 5.343787 -0.124884 -0.005638 -0.010384 0.011818 0.999860
1718924463.099983215 -6.341415 5.343968 -0.125780 -0.005479 -0.010757 0.011394 0.999862
1718924463.199989080 -6.318850 5.343639 -0.125505 -0.006331 -0.010776 0.008891 0.999882
1718924463.299989223 -6.295249 5.342910 -0.124971 -0.006249 -0.010465 0.007361 0.999899
1718924463.399980068 -6.270426 5.341763 -0.125084 -0.006254 -0.010470 0.004506 0.999915
1718924463.500000238 -6.244218 5.341432 -0.125686 -0.007964 -0.010413 0.001411 0.999913
1718924463.599992037 -6.218283 5.342158 -0.126189 -0.008453 -0.010079 0.000777 0.999913
1718924463.699982882 -6.192801 5.342537 -0.126377 -0.008744 -0.009725 -0.000265 0.999914
1718924463.799985170 -6.167673 5.342947 -0.127461 -0.008926 -0.009401 -0.000259 0.999916
1718924463.900014877 -6.143302 5.344478 -0.129213 -0.009637 -0.009069 -0.000846 0.999912
1718924464.099980116 -6.091713 5.348553 -0.131924 -0.010440 -0.008665 -0.000920 0.999908
1718924464.199984074 -6.065755 5.350403 -0.134218 -0.010518 -0.008457 -0.000445 0.999909
1718924464.299993038 -6.040276 5.351187 -0.138061 -0.010579 -0.008318 -0.001767 0.999908
1718924464.399992943 -6.014392 5.351720 -0.142104 -0.009463 -0.007590 -0.002506 0.999923
1718924464.499983072 -5.987938 5.351960 -0.145775 -0.009449 -0.007302 -0.004576 0.999918
1718924464.599978924 -5.961326 5.352522 -0.149339 -0.010029 -0.007364 -0.006077 0.999904
1718924464.699911118 -5.934731 5.352583 -0.153041 -0.010656 -0.007310 -0.009132 0.999875
1718924464.699990034 -5.921037 5.345069 -0.105570 -0.008396 -0.006910 -0.006216 0.999922
1718924464.900024176 -5.883505 5.346571 -0.117422 -0.008448 -0.007000 -0.007671 0.999910
1718924464.999962807 -5.862598 5.347539 -0.123648 -0.008272 -0.007140 -0.009175 0.999898
1718924465.099990845 -5.840555 5.348882 -0.130101 -0.007959 -0.007159 -0.011263 0.999879
1718924465.199997902 -5.817516 5.350570 -0.136096 -0.008567 -0.007000 -0.013957 0.999841
1718924465.300007820 -5.793916 5.351058 -0.142449 -0.007648 -0.006945 -0.016296 0.999814
1718924465.399993896 -5.768845 5.350632 -0.149257 -0.006432 -0.006789 -0.020976 0.999736
1718924465.499979019 -5.742149 5.351316 -0.155692 -0.007143 -0.007422 -0.022312 0.999698
1718924465.699888229 -5.683933 5.352787 -0.167576 -0.011035 -0.008936 -0.039305 0.999126
1718924465.800000191 -5.655106 5.352795 -0.171997 -0.010244 -0.009268 -0.048568 0.998724
1718924465.900006056 -5.627687 5.349049 -0.172289 -0.008527 -0.008410 -0.057333 0.998283
1718924466.099998236 -5.572035 5.336155 -0.170876 -0.003771 -0.009193 -0.061584 0.998052
1718924466.199982166 -5.544108 5.330739 -0.168677 -0.004710 -0.009008 -0.055294 0.998418
1718924466.300004244 -5.516621 5.326384 -0.167416 -0.004911 -0.008529 -0.048552 0.998772
1718924466.399983168 -5.489385 5.322123 -0.165398 -0.003769 -0.007480 -0.044377 0.998980
1718924466.499978304 -5.462774 5.318306 -0.162901 -0.003971 -0.006683 -0.040337 0.999156
1718924466.599985123 -5.436724 5.316501 -0.159506 -0.005345 -0.006663 -0.037066 0.999276
1718924466.699892998 -5.410746 5.315405 -0.155913 -0.007472 -0.007397 -0.033451 0.999385
1718924466.799995184 -5.385341 5.315689 -0.153235 -0.008772 -0.007842 -0.029532 0.999495
1718924466.900002003 -5.360545 5.316566 -0.151943 -0.009214 -0.008595 -0.025781 0.999588
1718924467.099981070 -5.313007 5.316623 -0.151270 -0.009338 -0.009389 -0.021327 0.999685
1718924467.199985027 -5.289568 5.315125 -0.150945 -0.009632 -0.009713 -0.020700 0.999692
1718924467.299997091 -5.265699 5.313674 -0.150864 -0.009592 -0.009965 -0.020220 0.999700
1718924467.399992228 -5.241437 5.311576 -0.150211 -0.009254 -0.010120 -0.019514 0.999716
1718924467.499989033 -5.216933 5.309310 -0.149542 -0.008413 -0.010332 -0.018647 0.999737
1718924467.599983215 -5.192736 5.307108 -0.148287 -0.007128 -0.010195 -0.017467 0.999770
1718924467.699970961 -5.168350 5.305326 -0.146928 -0.007211 -0.010344 -0.016427 0.999786
1718924467.799992085 -5.144389 5.303968 -0.146308 -0.006973 -0.010631 -0.016293 0.999786
1718924467.900019884 -5.121018 5.302190 -0.146133 -0.006730 -0.010696 -0.016733 0.999780
1718924468.099995136 -5.075748 5.300546 -0.146118 -0.007210 -0.010805 -0.016747 0.999775
1718924468.199990034 -5.053175 5.299355 -0.145979 -0.007214 -0.011071 -0.016795 0.999772
1718924468.299986124 -5.030092 5.298595 -0.146011 -0.007344 -0.011007 -0.017092 0.999766
1718924468.399991035 -5.007453 5.298049 -0.145415 -0.007594 -0.010841 -0.016679 0.999773
1718924468.499997139 -4.984460 5.297330 -0.145402 -0.007515 -0.010796 -0.017469 0.999761
1718924468.599990129 -4.961169 5.296651 -0.145055 -0.006898 -0.010909 -0.017791 0.999758
1718924468.699900150 -4.937544 5.295462 -0.144614 -0.006637 -0.010731 -0.018701 0.999746
1718924468.799989939 -4.913650 5.294704 -0.145261 -0.007836 -0.010973 -0.020749 0.999694
1718924468.900013924 -4.889746 5.293285 -0.146759 -0.008238 -0.011264 -0.021864 0.999664
1718924469.099992037 -4.841497 5.292473 -0.148854 -0.008413 -0.011068 -0.022981 0.999639
1718924469.199978828 -4.816075 5.292425 -0.149618 -0.008965 -0.011070 -0.023045 0.999633
1718924469.299993038 -4.789266 5.292557 -0.149683 -0.009388 -0.010961 -0.024227 0.999602
1718924469.399986982 -4.761020 5.292834 -0.148876 -0.009375 -0.010743 -0.024036 0.999609
1718924469.499986887 -4.731743 5.293586 -0.147675 -0.009562 -0.010635 -0.024916 0.999587
1718924469.599992037 -4.701966 5.295640 -0.145673 -0.009996 -0.010855 -0.025289 0.999571
1718924469.699899197 -4.671364 5.297936 -0.144334 -0.009989 -0.010847 -0.025949 0.999554
1718924469.699990988 -4.681980 5.280950 -0.128487 -0.008299 -0.011877 -0.024570 0.999593
1718924469.900010347 -4.637711 5.278699 -0.139072 -0.008206 -0.011927 -0.025206 0.999577
1718924470.099983215 -4.590905 5.277133 -0.145732 -0.008110 -0.012400 -0.025075 0.999576
1718924470.199987173 -4.566526 5.275642 -0.149634 -0.007849 -0.012432 -0.024258 0.999598
1718924470.299991131 -4.541842 5.273702 -0.152314 -0.007567 -0.012622 -0.022532 0.999638
1718924470.399994135 -4.517425 5.271629 -0.154552 -0.007378 -0.012911 -0.023305 0.999618
1718924470.499985218 -4.492925 5.270033 -0.156615 -0.006594 -0.013111 -0.021419 0.999663
1718924470.599987268 -4.468678 5.268414 -0.158351 -0.006270 -0.013071 -0.020290 0.999689
1718924470.699909210 -4.444664 5.267483 -0.160145 -0.006534 -0.013201 -0.018539 0.999720
1718924470.799992323 -4.420615 5.267005 -0.161517 -0.006357 -0.013617 -0.018231 0.999721
1718924470.900020123 -4.396103 5.265682 -0.162640 -0.005913 -0.013696 -0.018179 0.999723
1718924471.099993229 -4.347940 5.264927 -0.164901 -0.006196 -0.013908 -0.018621 0.999711
1718924471.199988127 -4.323284 5.263857 -0.165534 -0.005706 -0.013972 -0.018863 0.999708
1718924471.299988031 -4.297886 5.262635 -0.165794 -0.005504 -0.014051 -0.018867 0.999708
1718924471.399995089 -4.272128 5.262162 -0.165805 -0.005771 -0.014326 -0.018821 0.999704
1718924471.500001192 -4.246248 5.261388 -0.165960 -0.005964 -0.014381 -0.019441 0.999690
1718924471.599991083 -4.220375 5.260258 -0.166202 -0.005710 -0.013960 -0.019535 0.999695
1718924471.699901104 -4.193972 5.259339 -0.166089 -0.005656 -0.014018 -0.019997 0.999686
1718924471.799993038 -4.166265 5.258961 -0.166174 -0.005406 -0.014099 -0.020336 0.999679
1718924471.900007010 -4.137506 5.257464 -0.166148 -0.005303 -0.014205 -0.021667 0.999650
1718924472.100003004 -4.078485 5.255188 -0.169210 -0.006850 -0.014674 -0.025649 0.999540
1718924472.200001001 -4.048551 5.253643 -0.170491 -0.006718 -0.014257 -0.028311 0.999475
1718924472.299989939 -4.018354 5.252439 -0.171918 -0.006446 -0.014053 -0.027997 0.999488
1718924472.399991989 -3.987620 5.251319 -0.172234 -0.006347 -0.013761 -0.027659 0.999503
1718924472.499982119 -3.955580 5.249315 -0.171204 -0.006005 -0.013583 -0.027828 0.999502
1718924472.599983931 -3.923009 5.246836 -0.169486 -0.005706 -0.013133 -0.028181 0.999500
1718924472.699980021 -3.889995 5.245074 -0.167295 -0.005757 -0.012956 -0.028562 0.999491
1718924472.799983978 -3.856883 5.242970 -0.166337 -0.005322 -0.012488 -0.029240 0.999480
1718924472.900015831 -3.823269 5.240577 -0.166087 -0.005218 -0.011979 -0.029859 0.999469
1718924473.099989891 -3.757805 5.236617 -0.166065 -0.005656 -0.010846 -0.030678 0.999454
1718924473.199975014 -3.724534 5.234354 -0.164665 -0.006351 -0.010245 -0.030269 0.999469
1718924473.299993038 -3.689619 5.233116 -0.160552 -0.006970 -0.009772 -0.030100 0.999475
1718924473.399984837 -3.654309 5.231348 -0.157914 -0.007525 -0.008782 -0.030671 0.999463
1718924473.499989033 -3.617769 5.230314 -0.156386 -0.008187 -0.007907 -0.031485 0.999439
1718924473.599989891 -3.580157 5.228889 -0.154259 -0.008439 -0.007675 -0.031164 0.999449
1718924473.699909210 -3.542884 5.227380 -0.151044 -0.008944 -0.007500 -0.032088 0.999417
1718924473.699981928 -3.564146 5.247267 -0.162351 -0.010288 -0.008734 -0.032331 0.999386
1718924473.900013208 -3.505568 5.240119 -0.161912 -0.011391 -0.008723 -0.033806 0.999325
1718924474.099991322 -3.448550 5.232550 -0.162474 -0.012006 -0.008647 -0.034444 0.999297
1718924474.199988127 -3.418854 5.228419 -0.162933 -0.011966 -0.008633 -0.035284 0.999268
1718924474.299995184 -3.389432 5.223643 -0.163104 -0.011627 -0.008117 -0.037317 0.999203
1718924474.399982214 -3.359916 5.219398 -0.164309 -0.010976 -0.008275 -0.038846 0.999151
1718924474.499987125 -3.331098 5.217053 -0.165333 -0.010763 -0.008565 -0.039381 0.999130
1718924474.599984169 -3.302882 5.213913 -0.165854 -0.009668 -0.008687 -0.036349 0.999255
1718924474.699902058 -3.274928 5.212327 -0.165477 -0.009149 -0.008956 -0.034193 0.999333
1718924474.799986124 -3.247180 5.211593 -0.165881 -0.008190 -0.008956 -0.030703 0.999455
1718924474.900022268 -3.219827 5.209692 -0.166491 -0.008346 -0.009397 -0.030324 0.999461
1718924475.099987030 -3.169220 5.207767 -0.169390 -0.008176 -0.009322 -0.028779 0.999509
1718924475.199988127 -3.143787 5.205629 -0.169270 -0.007409 -0.009138 -0.028916 0.999513
1718924475.299985170 -3.117743 5.203056 -0.167946 -0.007734 -0.009184 -0.029711 0.999486
1718924475.399977207 -3.090842 5.200413 -0.166960 -0.010189 -0.009517 -0.034092 0.999321
1718924475.499996185 -3.062502 5.198613 -0.166994 -0.011918 -0.009936 -0.038141 0.999152
1718924475.599993229 -3.033468 5.197847 -0.166098 -0.012009 -0.010535 -0.040877 0.999036
1718924475.699901104 -3.002968 5.197427 -0.165138 -0.012927 -0.011199 -0.043850 0.998892
1718924475.799994230 -2.971884 5.196218 -0.164438 -0.013282 -0.011626 -0.045097 0.998827
1718924475.900008202 -2.941595 5.193291 -0.164872 -0.013462 -0.011741 -0.046152 0.998775
1718924476.099996090 -2.880800 5.188933 -0.167968 -0.013505 -0.011298 -0.049398 0.998624
1718924476.199990034 -2.850025 5.187273 -0.169982 -0.012253 -0.010999 -0.049767 0.998625
1718924476.299981117 -2.818849 5.185591 -0.172936 -0.012236 -0.010410 -0.050623 0.998589
1718924476.399992943 -2.786628 5.184184 -0.175982 -0.013645 -0.010247 -0.052588 0.998471
1718924476.499995232 -2.753704 5.182015 -0.179000 -0.014419 -0.009634 -0.054541 0.998361
1718924476.600000143 -2.720278 5.180644 -0.180711 -0.010740 -0.008345 -0.060579 0.998071
1718924476.699908972 -2.686152 5.179664 -0.179771 -0.007427 -0.006963 -0.066348 0.997745
1718924476.799960136 -2.652258 5.178658 -0.181957 -0.008234 -0.006112 -0.074487 0.997169
1718924476.899997950 -2.619358 5.176581 -0.188598 -0.007135 -0.004930 -0.082407 0.996561
1718924476.900015116 -2.622294 5.159400 -0.176095 -0.006724 -0.006449 -0.074800 0.997155
1718924477.099962950 -2.560357 5.169395 -0.179907 -0.001279 -0.005755 -0.107188 0.994221
1718924477.199987888 -2.529729 5.177151 -0.177440 -0.002554 -0.005276 -0.120972 0.992639
1718924477.299960136 -2.505163 5.176919 -0.173082 -0.006684 -0.005680 -0.142767 0.989717
1718924477.399979830 -2.481096 5.174491 -0.173024 -0.008937 -0.004105 -0.155914 0.987722
1718924477.499967098 -2.458440 5.162682 -0.177015 -0.006477 0.000481 -0.175543 0.984450
1718924477.599988937 -2.432968 5.145548 -0.177883 -0.004417 -0.000207 -0.189538 0.981863
1718924477.699973822 -2.404606 5.138638 -0.176732 -0.006587 -0.001041 -0.198773 0.980023
1718924477.800001144 -2.377102 5.132977 -0.172372 -0.008190 -0.000230 -0.211170 0.977415
1718924477.900015116 -2.349821 5.126054 -0.171421 -0.006089 -0.002126 -0.214809 0.976635
1718924478.099988222 -2.296344 5.102299 -0.171544 -0.003846 -0.003856 -0.218753 0.975765
1718924478.199979305 -2.269287 5.091200 -0.171977 -0.003719 -0.004169 -0.220399 0.975394
1718924478.299994230 -2.242041 5.080873 -0.172605 -0.003590 -0.004616 -0.220079 0.975465
1718924478.399999142 -2.215512 5.069456 -0.172895 -0.003308 -0.005409 -0.221110 0.975228
1718924478.499994278 -2.188693 5.058439 -0.172960 -0.003411 -0.005940 -0.221611 0.975111
1718924478.599997282 -2.161984 5.047915 -0.173170 -0.003679 -0.006451 -0.221586 0.975113
1718924478.699985981 -2.136129 5.036198 -0.173579 -0.003833 -0.006919 -0.222485 0.974904
1718924478.799995184 -2.110624 5.024796 -0.174133 -0.004146 -0.007311 -0.222490 0.974899
1718924478.900017023 -2.085564 5.013976 -0.174559 -0.005164 -0.007577 -0.223051 0.974764
1718924479.100001097 -2.038473 4.992897 -0.175810 -0.006645 -0.007679 -0.224229 0.974483
1718924479.199988127 -1.982862 4.961425 -0.130151 -0.000678 -0.011356 -0.225747 0.974120
1718924479.299989223 -1.958467 4.951698 -0.131937 -0.001088 -0.011573 -0.225034 0.974282
1718924479.399989128 -1.934153 4.940761 -0.133844 -0.000086 -0.011591 -0.223398 0.974658
1718924479.499980211 -1.908126 4.929636 -0.135593 -0.000249 -0.011864 -0.222246 0.974918
1718924479.599986076 -1.882466 4.918567 -0.138342 -0.000504 -0.011946 -0.221068 0.975185
1718924479.699902296 -1.857913 4.906836 -0.141815 -0.000620 -0.011787 -0.221285 0.975138
1718924479.799986124 -1.833464 4.895306 -0.144875 -0.000956 -0.011843 -0.220780 0.975251
1718924479.900008202 -1.809762 4.883644 -0.147919 -0.000908 -0.011633 -0.221295 0.975137
1718924480.099980116 -1.763161 4.860410 -0.154556 0.000519 -0.011765 -0.220711 0.975268
1718924480.199985981 -1.739249 4.849327 -0.158314 0.000345 -0.011760 -0.220536 0.975308
1718924480.300007343 -1.715159 4.838634 -0.162319 0.000432 -0.011786 -0.220651 0.975282
1718924480.499988079 -1.667018 4.816995 -0.167879 0.000616 -0.012101 -0.221882 0.974998
1718924480.599987984 -1.641704 4.806658 -0.169899 0.000594 -0.011872 -0.221976 0.974980
1718924480.699899197 -1.615724 4.796389 -0.171891 0.000399 -0.011468 -0.224535 0.974398
1718924480.799983978 -1.589766 4.785859 -0.173264 -0.001620 -0.009699 -0.230517 0.973019
1718924480.900008202 -1.563628 4.775772 -0.172620 -0.003043 -0.008986 -0.236557 0.971571
1718924481.099992037 -1.507782 4.752178 -0.170219 -0.002047 -0.009639 -0.240174 0.970680
1718924481.199990988 -1.477410 4.737707 -0.168780 -0.001166 -0.009874 -0.241610 0.970323
1718924481.299969912 -1.446100 4.723438 -0.167408 -0.000981 -0.010158 -0.243986 0.969725
1718924481.399967909 -1.414717 4.708023 -0.166864 -0.002625 -0.010596 -0.254094 0.967118
1718924481.499990940 -1.385822 4.692210 -0.165353 -0.006788 -0.008013 -0.271600 0.962353
1718924481.599985123 -1.356951 4.679903 -0.165051 -0.007585 -0.008419 -0.289189 0.957205
1718924481.699902058 -1.327689 4.666566 -0.166589 -0.011867 -0.008393 -0.323976 0.945954
1718924481.799944162 -1.294159 4.647891 -0.169375 -0.000309 -0.007978 -0.353346 0.935459
1718924481.900018215 -1.263609 4.629004 -0.160968 -0.006762 -0.008546 -0.387973 0.921606
1718924482.099899054 -1.199613 4.605339 -0.155191 0.000364 -0.014822 -0.432464 0.901529
1718924482.199938059 -1.166702 4.594763 -0.152050 0.001682 -0.015616 -0.445984 0.894903
1718924482.299980164 -1.139970 4.585013 -0.142462 -0.003543 -0.014051 -0.471565 0.881712
1718924482.399994135 -1.118782 4.570788 -0.130572 -0.003906 -0.011135 -0.490895 0.871139
1718924482.499951124 -1.101655 4.551476 -0.119802 -0.007085 -0.007611 -0.517069 0.855880
1718924482.599971056 -1.092524 4.520675 -0.111297 0.001181 -0.008429 -0.535241 0.844656
1718924482.699908018 -1.083590 4.492718 -0.096894 -0.004246 -0.008417 -0.555906 0.831192
1718924482.799973011 -1.075272 4.468346 -0.083048 -0.005169 -0.008777 -0.575359 0.817837
1718924482.899987221 -1.064485 4.445851 -0.070428 -0.003406 -0.010140 -0.586570 0.809828
1718924482.900018215 -1.069162 4.430180 -0.133055 -0.001743 -0.012257 -0.584424 0.811354
1718924483.099976063 -1.052151 4.385412 -0.130623 0.000097 -0.017387 -0.592231 0.805581
1718924483.199975014 -1.042123 4.362271 -0.127620 -0.001849 -0.016218 -0.592759 0.805215
1718924483.299992085 -1.030549 4.340908 -0.125784 -0.004336 -0.013885 -0.593499 0.804703
1718924483.399993181 -1.018861 4.321890 -0.123972 -0.006793 -0.012562 -0.595478 0.803245
1718924483.500002146 -1.008301 4.303723 -0.122770 -0.008165 -0.011770 -0.597644 0.801633
1718924483.599999189 -0.999483 4.282139 -0.122146 -0.006550 -0.012370 -0.596930 0.802171
1718924483.699908018 -0.990826 4.257526 -0.121491 -0.005415 -0.012928 -0.596701 0.802341
1718924483.800022125 -0.981314 4.232405 -0.121294 -0.004969 -0.013092 -0.596968 0.802143
1718924483.900027037 -0.971171 4.207524 -0.120439 -0.005172 -0.013463 -0.597490 0.801747
1718924484.099986076 -0.951940 4.157095 -0.119407 -0.005493 -0.013909 -0.598272 0.801153
1718924484.199985981 -0.942841 4.131014 -0.118302 -0.004951 -0.014033 -0.598914 0.800675
1718924484.299984932 -0.932842 4.105417 -0.116100 -0.004621 -0.014306 -0.599691 0.800090
1718924484.399976969 -0.923649 4.078129 -0.114720 -0.003667 -0.013348 -0.609008 0.793043
1718924484.499994993 -0.914813 4.050900 -0.113145 -0.004419 -0.010805 -0.621073 0.783666
1718924484.599998951 -0.905710 4.023864 -0.109829 -0.005448 -0.011155 -0.626099 0.779645
1718924484.699985027 -0.901474 3.996089 -0.108122 -0.003345 -0.011509 -0.632027 0.774854
1718924484.799981117 -0.897939 3.967135 -0.106925 -0.003594 -0.011061 -0.630172 0.776369
1718924484.900010824 -0.893901 3.938818 -0.104418 -0.004527 -0.011361 -0.625775 0.779908
1718924485.099995852 -0.882040 3.883311 -0.100091 -0.005090 -0.012282 -0.617536 0.786430
1718924485.199985027 -0.875021 3.856182 -0.099745 -0.006293 -0.013336 -0.613484 0.789569
1718924485.299999952 -0.868578 3.828816 -0.102984 -0.007474 -0.013433 -0.610741 0.791681
1718924485.400007963 -0.862385 3.800706 -0.105564 -0.009213 -0.013236 -0.607821 0.793910
1718924485.499998808 -0.854347 3.774915 -0.107977 -0.009790 -0.014185 -0.604812 0.796182
1718924485.599998951 -0.845622 3.749629 -0.112572 -0.010053 -0.014228 -0.602860 0.797657
1718924485.699915171 -0.836975 3.724212 -0.119126 -0.010875 -0.013925 -0.601842 0.798420
1718924485.699986935 -0.845608 3.723122 -0.083716 -0.014267 -0.010663 -0.601490 0.798682
1718924485.799994946 -0.838869 3.699109 -0.090157 -0.015713 -0.010164 -0.599877 0.799873
1718924485.900013924 -0.831045 3.676402 -0.096279 -0.016129 -0.010325 -0.598559 0.800850
1718924486.099996328 -0.812117 3.632846 -0.108297 -0.015073 -0.009869 -0.597135 0.801939
1718924486.199999332 -0.800215 3.610397 -0.113084 -0.014447 -0.009847 -0.607853 0.793857
1718924486.299975157 -0.788245 3.585391 -0.116191 -0.015600 -0.008842 -0.619066 0.785135
1718924486.400006294 -0.775938 3.559501 -0.117378 -0.017107 -0.008470 -0.629178 0.777027
1718924486.499994278 -0.762983 3.534466 -0.118195 -0.018229 -0.007315 -0.642704 0.765862
1718924486.599991322 -0.751216 3.510206 -0.119068 -0.017927 -0.006380 -0.657198 0.753477
1718924486.699907064 -0.744445 3.488201 -0.119751 -0.018177 -0.004690 -0.675461 0.737157
1718924486.799961090 -0.747055 3.464011 -0.128125 -0.000473 -0.008913 -0.696262 0.717732
1718924486.900030136 -0.755269 3.437288 -0.133603 -0.001064 -0.013456 -0.712038 0.702012
1718924487.099961281 -0.756434 3.390581 -0.149349 0.004719 -0.015806 -0.745799 0.665967
1718924487.199989319 -0.750202 3.363844 -0.152844 0.003847 -0.015722 -0.758735 0.651199
1718924487.299973249 -0.744972 3.336168 -0.143495 0.001225 -0.016561 -0.759076 0.650791
1718924487.399988174 -0.741525 3.309462 -0.133263 -0.003438 -0.014948 -0.756924 0.653323
1718924487.499997139 -0.738391 3.283645 -0.123687 -0.005178 -0.014398 -0.755136 0.655390
1718924487.599993229 -0.737243 3.258667 -0.117323 -0.004220 -0.014685 -0.752918 0.657937
1718924487.699899912 -0.737431 3.232954 -0.111198 -0.004816 -0.015263 -0.751120 0.659972
1718924487.799983263 -0.737423 3.206647 -0.105518 -0.005919 -0.015917 -0.749594 0.661680
1718924487.900009155 -0.737687 3.179996 -0.101076 -0.006884 -0.016113 -0.747764 0.663734
1718924488.099963188 -0.736822 3.126018 -0.095935 -0.008048 -0.016765 -0.744432 0.667439
1718924488.199980259 -0.738352 3.099826 -0.095459 -0.010608 -0.015142 -0.739793 0.672581
1718924488.300006151 -0.742033 3.074259 -0.097426 -0.013282 -0.013620 -0.738012 0.674519
1718924488.399995327 -0.745578 3.049962 -0.098533 -0.015160 -0.012786 -0.737042 0.675556
1718924488.499993324 -0.748652 3.026209 -0.099852 -0.016029 -0.012549 -0.736968 0.675621
1718924488.599992275 -0.752532 3.002371 -0.100719 -0.016640 -0.012141 -0.737435 0.675104
1718924488.699909925 -0.757244 2.978509 -0.100941 -0.017394 -0.011800 -0.739398 0.672940
1718924488.799996138 -0.763153 2.954612 -0.100704 -0.017580 -0.012027 -0.740828 0.671357
1718924488.900028944 -0.767391 2.931511 -0.100443 -0.017955 -0.012198 -0.741695 0.670386
1718924489.099985123 -0.773395 2.885723 -0.101035 -0.018491 -0.012590 -0.742067 0.669952
1718924489.199982166 -0.776088 2.862777 -0.100769 -0.018186 -0.013446 -0.740808 0.671336
1718924489.299993038 -0.778905 2.840600 -0.100194 -0.017465 -0.014295 -0.739980 0.672251
1718924489.399978161 -0.782427 2.818110 -0.099025 -0.016707 -0.014804 -0.739600 0.672677
1718924489.499994040 -0.784898 2.796702 -0.097461 -0.016079 -0.015296 -0.739275 0.673038
1718924489.599981070 -0.787735 2.775834 -0.096810 -0.015818 -0.015870 -0.739547 0.672732
1718924489.699981213 -0.790803 2.754146 -0.096586 -0.015779 -0.016563 -0.740053 0.672159
1718924489.799995184 -0.794060 2.731260 -0.095762 -0.016890 -0.015491 -0.744604 0.667113
1718924489.900014877 -0.795277 2.706972 -0.094170 -0.016034 -0.016680 -0.741678 0.670356
1718924490.099988937 -0.797462 2.661492 -0.091034 -0.015577 -0.017525 -0.741821 0.670187
1718924490.199991941 -0.798953 2.639443 -0.089632 -0.015435 -0.017446 -0.741766 0.670254
1718924490.300002098 -0.801224 2.616045 -0.088326 -0.015001 -0.017799 -0.740943 0.671164
1718924490.399991989 -0.803414 2.592171 -0.088429 -0.014617 -0.017998 -0.740778 0.671349
1718924490.499997139 -0.805485 2.568619 -0.089116 -0.014586 -0.018021 -0.740500 0.671657
1718924490.599998951 -0.807472 2.545543 -0.089779 -0.014504 -0.017867 -0.740847 0.671280
1718924490.699912310 -0.809680 2.522403 -0.090303 -0.014689 -0.017894 -0.740682 0.671457
1718924490.699995041 -0.812312 2.522333 -0.102573 -0.014213 -0.016887 -0.740090 0.672146
1718924490.900025129 -0.815328 2.488073 -0.100939 -0.013878 -0.017673 -0.739229 0.673079
1718924490.999960899 -0.816632 2.470534 -0.099347 -0.013826 -0.017750 -0.738543 0.673831
1718924491.099996805 -0.818153 2.452629 -0.097977 -0.014012 -0.017624 -0.739145 0.673170
1718924491.199993849 -0.819822 2.433556 -0.096291 -0.013961 -0.017821 -0.738282 0.674112
1718924491.400015116 -0.823949 2.391220 -0.092876 -0.013444 -0.018377 -0.737726 0.674716
1718924491.599982023 -0.828341 2.345765 -0.089854 -0.012924 -0.019120 -0.737387 0.675076
1718924491.699910164 -0.830183 2.322657 -0.089086 -0.012889 -0.019600 -0.736431 0.676105
1718924491.799980879 -0.832533 2.299372 -0.088410 -0.012938 -0.019789 -0.736227 0.676322
1718924491.900021076 -0.835059 2.276211 -0.087748 -0.013284 -0.019856 -0.736572 0.675937
1718924492.099989176 -0.839294 2.230304 -0.086133 -0.013999 -0.019807 -0.736427 0.676082
1718924492.199984312 -0.841786 2.207096 -0.085401 -0.013998 -0.019557 -0.736983 0.675483
1718924492.299995184 -0.843894 2.183341 -0.084535 -0.014113 -0.019421 -0.737308 0.675131
1718924492.399998188 -0.846106 2.159654 -0.083955 -0.014325 -0.019582 -0.737331 0.675096
1718924492.499990225 -0.848219 2.136234 -0.083627 -0.014213 -0.019781 -0.736994 0.675460
1718924492.599989176 -0.850153 2.112823 -0.083477 -0.014374 -0.019703 -0.736860 0.675605
1718924492.699907064 -0.852010 2.089580 -0.083441 -0.014360 -0.019559 -0.736448 0.676059
1718924492.799993277 -0.853851 2.066194 -0.083495 -0.014296 -0.019707 -0.736228 0.676295
1718924492.900022984 -0.855429 2.043423 -0.083445 -0.014282 -0.019777 -0.736198 0.676326
1718924493.099986076 -0.858440 1.997277 -0.082605 -0.014249 -0.019696 -0.735288 0.677319
1718924493.199990034 -0.859697 1.974538 -0.082108 -0.014234 -0.019735 -0.735287 0.677319
1718924493.299986124 -0.861923 1.952662 -0.081580 -0.013939 -0.019902 -0.735000 0.677632
1718924493.399991035 -0.863868 1.931128 -0.080934 -0.014141 -0.019880 -0.734790 0.677856
1718924493.499984026 -0.865363 1.910004 -0.080526 -0.013944 -0.019928 -0.734148 0.678554
1718924493.599995136 -0.866934 1.888526 -0.079932 -0.014085 -0.019829 -0.734414 0.678266
1718924493.699985027 -0.868594 1.866785 -0.079097 -0.013973 -0.019856 -0.734351 0.678336
1718924493.799987078 -0.870643 1.845070 -0.078509 -0.013788 -0.019949 -0.734289 0.678404
1718924493.900008917 -0.872202 1.822900 -0.077989 -0.013578 -0.019911 -0.734389 0.678301
1718924494.099992037 -0.875989 1.778595 -0.077064 -0.012471 -0.020173 -0.734098 0.678630
1718924494.199985027 -0.878141 1.756422 -0.076881 -0.012349 -0.020184 -0.734520 0.678175
1718924494.299994946 -0.879364 1.733399 -0.076931 -0.012351 -0.020013 -0.734326 0.678389
1718924494.399996996 -0.880803 1.709841 -0.077856 -0.012554 -0.019794 -0.734752 0.677931
1718924494.499994040 -0.882266 1.685635 -0.078509 -0.012496 -0.019887 -0.734474 0.678230
1718924494.599991083 -0.883875 1.661318 -0.079256 -0.012308 -0.019835 -0.734842 0.677836
1718924494.699903250 -0.884934 1.636484 -0.079982 -0.012152 -0.019786 -0.734616 0.678086
1718924494.699985981 -0.883021 1.640283 -0.080627 -0.011567 -0.019808 -0.734428 0.678299
1718924494.900005341 -0.886559 1.598907 -0.080630 -0.011552 -0.019516 -0.734644 0.678073
1718924494.999958038 -0.888234 1.577749 -0.080394 -0.011440 -0.019824 -0.734889 0.677801
1718924495.099987984 -0.889552 1.556214 -0.079491 -0.012220 -0.019694 -0.734880 0.677802
1718924495.199995041 -0.889208 1.533802 -0.078294 -0.013004 -0.019273 -0.734226 0.678507
1718924495.400008202 -0.892791 1.488154 -0.075624 -0.013211 -0.019640 -0.733647 0.679118
1718924495.499991894 -0.894901 1.465179 -0.073842 -0.013142 -0.019852 -0.733249 0.679543
1718924495.699904203 -0.899626 1.419281 -0.071876 -0.013234 -0.020042 -0.733172 0.679619
1718924495.800027132 -0.902118 1.396709 -0.071223 -0.013614 -0.019988 -0.733580 0.679173
1718924495.899998903 -0.903490 1.373920 -0.071233 -0.013932 -0.019784 -0.733700 0.679043
1718924496.099993229 -0.906979 1.328362 -0.071530 -0.014096 -0.019352 -0.733783 0.678961
1718924496.199988127 -0.908333 1.305563 -0.071333 -0.014125 -0.019345 -0.733385 0.679391
1718924496.299987316 -0.910316 1.282018 -0.071009 -0.014035 -0.019221 -0.733175 0.679624
1718924496.399989128 -0.912022 1.258670 -0.070849 -0.014081 -0.018986 -0.733300 0.679495
1718924496.499999285 -0.913553 1.235231 -0.070601 -0.014236 -0.018734 -0.733320 0.679477
1718924496.599984169 -0.915769 1.211888 -0.070068 -0.013937 -0.018785 -0.733007 0.679818
1718924496.699903011 -0.916954 1.188587 -0.069370 -0.014041 -0.018747 -0.733094 0.679724
1718924496.799987316 -0.918219 1.165446 -0.068667 -0.013899 -0.018533 -0.733376 0.679429
1718924496.900007963 -0.919412 1.142768 -0.067910 -0.014011 -0.018375 -0.733011 0.679824
1718924497.099985123 -0.921395 1.098304 -0.066632 -0.013211 -0.018949 -0.731999 0.680914
1718924497.199987173 -0.922014 1.076269 -0.065965 -0.013157 -0.018623 -0.732187 0.680722
1718924497.299996138 -0.922694 1.054439 -0.065131 -0.013269 -0.018208 -0.732327 0.680580
1718924497.399994135 -0.923664 1.032972 -0.064418 -0.013069 -0.018331 -0.732040 0.680890
1718924497.499992132 -0.925477 1.011609 -0.064021 -0.012886 -0.018457 -0.732443 0.680456
1718924497.599996090 -0.926419 0.989814 -0.063652 -0.012670 -0.018453 -0.732097 0.680832
1718924497.699983835 -0.928537 0.967871 -0.063448 -0.012480 -0.018629 -0.732625 0.680263
1718924497.799994230 -0.930323 0.946170 -0.063053 -0.012433 -0.018837 -0.732856 0.680009
1718924497.900012016 -0.933334 0.924657 -0.062471 -0.012335 -0.019081 -0.733002 0.679846
1718924498.099992037 -0.936958 0.880158 -0.062450 -0.013135 -0.018794 -0.732914 0.679934
1718924498.199995041 -0.939809 0.857123 -0.062806 -0.013235 -0.018806 -0.732624 0.680245
1718924498.299988031 -0.943056 0.833202 -0.063745 -0.013172 -0.018927 -0.732393 0.680491
1718924498.399990082 -0.945903 0.809161 -0.064359 -0.013283 -0.018498 -0.732327 0.680572
1718924498.499990940 -0.947346 0.784676 -0.065145 -0.013285 -0.018179 -0.732386 0.680517
1718924498.599986076 -0.949234 0.759922 -0.065950 -0.012860 -0.018152 -0.732271 0.680650
1718924498.699904203 -0.949833 0.734988 -0.066969 -0.012995 -0.017891 -0.732385 0.680531
1718924498.699995041 -0.951061 0.739804 -0.068131 -0.012627 -0.017814 -0.732357 0.680570
1718924498.900025129 -0.955196 0.699849 -0.065753 -0.012581 -0.017818 -0.732765 0.680132
1718924499.100015163 -0.958345 0.661406 -0.063217 -0.013142 -0.018203 -0.732439 0.680462
1718924499.199982882 -0.960327 0.641807 -0.062031 -0.013124 -0.018584 -0.732605 0.680274
1718924499.299988985 -0.961884 0.622008 -0.060849 -0.013193 -0.018616 -0.732560 0.680320
1718924499.399993896 -0.962968 0.601685 -0.059787 -0.013419 -0.018560 -0.732640 0.680231
1718924499.499991894 -0.963866 0.581609 -0.058615 -0.013568 -0.018663 -0.732495 0.680382
1718924499.699906111 -0.965255 0.541302 -0.056089 -0.013996 -0.018866 -0.732296 0.680582
1718924499.799990892 -0.965765 0.520791 -0.055097 -0.014113 -0.018797 -0.732181 0.680704
1718924499.900013208 -0.966429 0.500509 -0.053826 -0.014356 -0.018901 -0.732029 0.680859
1718924500.099992275 -0.967902 0.459489 -0.051788 -0.014156 -0.019395 -0.732582 0.680256
1718924500.199986219 -0.968283 0.438406 -0.051269 -0.014037 -0.019404 -0.732794 0.680029
1718924500.299982309 -0.970321 0.417046 -0.051426 -0.013899 -0.019555 -0.732745 0.680080
1718924500.399987221 -0.972259 0.395430 -0.051258 -0.013801 -0.019513 -0.733040 0.679766
1718924500.499992132 -0.974679 0.373421 -0.050791 -0.013891 -0.019653 -0.732554 0.680284
1718924500.599995136 -0.977453 0.352034 -0.050593 -0.013738 -0.019601 -0.733080 0.679721
1718924500.699895144 -0.979959 0.330111 -0.050456 -0.013427 -0.019647 -0.732878 0.679943
1718924500.799985170 -0.983158 0.308720 -0.050360 -0.013082 -0.019495 -0.732692 0.680155
1718924500.900016069 -0.984010 0.285721 -0.050350 -0.012906 -0.020033 -0.732683 0.680153
1718924501.099992037 -0.987537 0.243941 -0.051392 -0.012488 -0.020035 -0.732603 0.680246
1718924501.199984074 -0.989406 0.223998 -0.051724 -0.012327 -0.019264 -0.732322 0.680574
1718924501.299995184 -0.990537 0.203702 -0.051517 -0.012169 -0.019198 -0.732102 0.680816
1718924501.399992228 -0.991688 0.183160 -0.051826 -0.012060 -0.019861 -0.731710 0.681220
1718924501.499989033 -0.993417 0.163108 -0.052253 -0.011952 -0.019825 -0.732199 0.680698
1718924501.599990129 -0.995019 0.142616 -0.052448 -0.011915 -0.019660 -0.732017 0.680898
1718924501.699975967 -0.996524 0.123610 -0.052038 -0.012273 -0.019727 -0.732087 0.680815
1718924501.799995184 -0.997262 0.112391 -0.050717 -0.013409 -0.020240 -0.732125 0.680737
1718924501.900007963 -0.998644 0.112452 -0.050502 -0.013468 -0.020645 -0.731929 0.680935
1718924502.099992037 -0.999575 0.123410 -0.048837 -0.012938 -0.020456 -0.732096 0.680772
1718924502.199995041 -0.999259 0.129839 -0.048163 -0.012601 -0.020346 -0.731905 0.680987
1718924502.299997091 -0.997659 0.134799 -0.047799 -0.012366 -0.020186 -0.731859 0.681044
1718924502.399995089 -0.996354 0.138051 -0.047538 -0.012038 -0.020039 -0.731721 0.681203
1718924502.499995947 -0.994918 0.139174 -0.047367 -0.011905 -0.019928 -0.731929 0.680985
1718924502.599997044 -0.993508 0.137986 -0.047200 -0.011876 -0.019990 -0.731940 0.680973
1718924502.699901342 -0.992275 0.135806 -0.047208 -0.011815 -0.019957 -0.731980 0.680931
1718924502.699995995 -0.998513 0.134519 -0.049969 -0.011776 -0.020029 -0.732057 0.680848
1718924502.900009155 -0.997653 0.140248 -0.049646 -0.011702 -0.020212 -0.732008 0.680895
1718924502.999961853 -0.997090 0.142502 -0.049509 -0.011752 -0.020254 -0.731966 0.680939
1718924503.099999905 -0.996629 0.144210 -0.049382 -0.011773 -0.020363 -0.731997 0.680901
1718924503.199985027 -0.996126 0.145600 -0.049232 -0.011922 -0.020402 -0.732010 0.680884
1718924503.299988031 -0.995754 0.146618 -0.049134 -0.012004 -0.020508 -0.732001 0.680889
1718924503.499994040 -0.995434 0.147557 -0.048746 -0.012248 -0.020696 -0.732000 0.680880
1718924503.599984884 -0.995297 0.147869 -0.048573 -0.012318 -0.020824 -0.732021 0.680852
1718924503.699895144 -0.995210 0.147977 -0.048363 -0.012357 -0.020906 -0.732036 0.680833
1718924503.799981833 -0.995043 0.147906 -0.048181 -0.012420 -0.021141 -0.731932 0.680936
1718924503.900016069 -0.995015 0.147953 -0.048033 -0.012449 -0.021239 -0.731920 0.680945
1718924504.099989176 -0.995113 0.147760 -0.047936 -0.012530 -0.021138 -0.731985 0.680877
1718924504.199983120 -0.995137 0.147481 -0.047895 -0.012296 -0.021183 -0.731987 0.680878
1718924504.299992323 -0.995050 0.147085 -0.047843 -0.012216 -0.021144 -0.731970 0.680899
1718924504.399990320 -0.994922 0.146556 -0.047849 -0.012239 -0.021009 -0.731966 0.680907
1718924504.499989271 -0.994830 0.145767 -0.047832 -0.012193 -0.020987 -0.732019 0.680852
1718924504.599988222 -0.994660 0.144704 -0.047767 -0.012103 -0.020917 -0.732021 0.680854
1718924504.699904919 -0.994514 0.143361 -0.047653 -0.012044 -0.020819 -0.732061 0.680815
1718924504.799991131 -0.994380 0.141768 -0.047546 -0.011998 -0.020753 -0.731961 0.680925
1718924504.900017977 -0.994318 0.139910 -0.047487 -0.011934 -0.020737 -0.731964 0.680923
1718924505.099986076 -0.994283 0.135605 -0.047379 -0.011835 -0.020582 -0.731891 0.681008
