1718924362.699974298 0.433452 -7.428463 0.043982 0.009156 -0.008528 -0.845014 0.534598
1718924362.700801373 0.433289 -7.428412 0.043400 0.009133 -0.008463 -0.845168 0.534356
1718924362.705800772 0.432287 -7.428110 0.039875 0.009009 -0.008158 -0.846108 0.532872
1718924362.710835934 0.431259 -7.427807 0.036310 0.008879 -0.007930 -0.847074 0.531342
1718924362.715843439 0.430217 -7.427507 0.032759 0.008745 -0.007760 -0.848059 0.529773
1718924362.800796032 0.429569 -7.428146 0.005958 0.005312 -0.008721 -0.858470 0.512762
1718924362.805790901 0.430572 -7.428573 0.006380 0.005077 -0.009066 -0.858971 0.511918
1718924362.810784101 0.431643 -7.429034 0.006860 0.004926 -0.009671 -0.859406 0.511179
1718924362.815805435 0.432747 -7.429516 0.007335 0.004835 -0.010431 -0.859801 0.510499
1718924362.820810556 0.433853 -7.429995 0.007793 0.004730 -0.011241 -0.860191 0.509826
1718924362.825788736 0.434946 -7.430454 0.008217 0.004616 -0.011910 -0.860594 0.509131
1718924362.830793858 0.436028 -7.430884 0.008582 0.004516 -0.012371 -0.861022 0.508397
1718924362.835790157 0.437093 -7.431284 0.008873 0.004462 -0.012737 -0.861482 0.507608
1718924362.840838194 0.438151 -7.431665 0.009101 0.004549 -0.013180 -0.862007 0.506705
1718924362.845789671 0.439165 -7.432015 0.009282 0.004757 -0.013642 -0.862596 0.505687
1718924362.850780725 0.440159 -7.432336 0.009431 0.004969 -0.014048 -0.863259 0.504541
1718924362.855830669 0.441135 -7.432629 0.009560 0.005067 -0.014294 -0.863972 0.503311
1718924362.860793829 0.442069 -7.432895 0.009692 0.004995 -0.014328 -0.864701 0.502057
1718924362.865828276 0.442997 -7.433152 0.009849 0.004776 -0.014162 -0.865463 0.500750
1718924362.870797157 0.443919 -7.433396 0.010028 -0.004540 0.013908 0.866237 -0.499419
1718924362.875826836 0.444876 -7.433643 0.010225 -0.004380 0.013696 0.867032 -0.498046
1718924362.880788088 0.445834 -7.433893 0.010440 -0.004272 0.013529 0.867819 -0.496677
1718924362.885816574 0.446798 -7.434151 0.010682 -0.004138 0.013349 0.868622 -0.495279
1718924362.890781403 0.447740 -7.434403 0.010948 -0.003992 0.013188 0.869411 -0.493898
1718924362.895779610 0.448685 -7.434653 0.011229 -0.003886 0.013104 0.870209 -0.492493
1718924362.900041103 0.449490 -7.434866 0.011467 -0.003831 0.013110 0.870894 -0.491281
1718924362.900041103 0.449490 -7.434866 0.011467 -0.003831 0.013110 0.870894 -0.491281
1718924362.900783300 0.449630 -7.434904 0.011507 -0.003821 0.013110 0.871013 -0.491070
1718924362.905818462 0.450584 -7.435166 0.011773 -0.003755 0.013142 0.871812 -0.489651
1718924362.910783052 0.451535 -7.435432 0.012019 -0.003700 0.013210 0.872577 -0.488284
1718924362.915854454 0.452524 -7.435711 0.012260 -0.003635 0.013266 0.873348 -0.486903
1718924363.000821352 0.468482 -7.441144 0.019439 -0.002764 0.011113 0.878773 -0.477103
1718924363.005781412 0.469343 -7.441513 0.020109 -0.002626 0.010871 0.879061 -0.476579
1718924363.010792017 0.470217 -7.441889 0.020796 -0.002480 0.010568 0.879331 -0.476088
1718924363.015780687 0.471098 -7.442270 0.021475 -0.002371 0.010326 0.879591 -0.475613
1718924363.020870209 0.472003 -7.442666 0.022157 -0.002316 0.010223 0.879862 -0.475113
1718924363.025827885 0.472884 -7.443058 0.022806 -0.002314 0.010260 0.880146 -0.474587
1718924363.030789852 0.473763 -7.443451 0.023439 -0.002332 0.010365 0.880451 -0.474018
1718924363.035780668 0.474645 -7.443843 0.024061 -0.002352 0.010508 0.880773 -0.473416
1718924363.040783882 0.475529 -7.444236 0.024673 -0.002370 0.010659 0.881117 -0.472773
1718924363.045778036 0.476409 -7.444627 0.025278 -0.002375 0.010748 0.881486 -0.472081
1718924363.050817251 0.477291 -7.445016 0.025886 -0.002341 0.010694 0.881880 -0.471347
1718924363.055775404 0.478150 -7.445387 0.026484 -0.002257 0.010512 0.882281 -0.470601
1718924363.060802937 0.479009 -7.445757 0.027091 -0.002149 0.010294 0.882706 -0.469808
1718924363.065840006 0.479859 -7.446127 0.027699 -0.002039 0.010109 0.883149 -0.468980
1718924363.070776701 0.480687 -7.446492 0.028297 -0.001929 0.009965 0.883592 -0.468147
1718924363.075816631 0.481532 -7.446868 0.028914 -0.001836 0.009818 0.884042 -0.467301
1718924363.080813885 0.482371 -7.447244 0.029536 -0.001771 0.009688 0.884488 -0.466459
1718924363.085812807 0.483213 -7.447625 0.030169 -0.001733 0.009588 0.884941 -0.465602
1718924363.090771914 0.484050 -7.448008 0.030800 -0.001710 0.009482 0.885379 -0.464770
1718924363.095778465 0.484895 -7.448398 0.031430 -0.001693 0.009390 0.885809 -0.463952
1718924363.099987030 0.485606 -7.448732 0.031949 -0.001698 0.009358 0.886159 -0.463283
1718924363.099987030 0.485606 -7.448732 0.031949 -0.001698 0.009358 0.886159 -0.463283
1718924363.100769281 0.485738 -7.448794 0.032044 -0.001699 0.009352 0.886224 -0.463159
1718924363.105778217 0.486582 -7.449202 0.032640 -0.001728 0.009366 0.886621 -0.462398
1718924363.110771894 0.487424 -7.449616 0.033211 -0.001765 0.009400 0.886999 -0.461672
1718924363.115822792 0.488271 -7.450035 0.033772 -0.001796 0.009400 0.887369 -0.460961
1718924363.199989080 0.502557 -7.457451 0.043097 -0.002516 0.010916 0.893592 -0.448740
1718924363.199989080 0.502557 -7.457451 0.043097 -0.002516 0.010916 0.893592 -0.448740
1718924363.205762386 0.503574 -7.458013 0.043751 -0.002567 0.011022 0.894011 -0.447903
1718924363.210779190 0.504459 -7.458506 0.044322 -0.002591 0.011078 0.894354 -0.447215
1718924363.215806246 0.505343 -7.459003 0.044909 -0.002583 0.011106 0.894675 -0.446572
1718924363.220885277 0.506229 -7.459508 0.045521 -0.002549 0.011090 0.894983 -0.445954
1718924363.225799084 0.507075 -7.459999 0.046130 -0.002502 0.011051 0.895261 -0.445399
1718924363.230885267 0.507941 -7.460509 0.046771 -0.002447 0.011002 0.895533 -0.444852
1718924363.235807419 0.508771 -7.461004 0.047393 -0.002392 0.010932 0.895782 -0.444354
1718924363.240785837 0.509605 -7.461507 0.048022 -0.002333 0.010851 0.896017 -0.443881
1718924363.245773554 0.510432 -7.462011 0.048651 -0.002261 0.010770 0.896238 -0.443437
1718924363.250787735 0.511255 -7.462516 0.049284 -0.002196 0.010695 0.896450 -0.443011
1718924363.255783319 0.512065 -7.463015 0.049919 -0.002147 0.010628 0.896665 -0.442578
1718924363.260831833 0.512877 -7.463515 0.050572 -0.002124 0.010580 0.896885 -0.442132
1718924363.265817881 0.513673 -7.464005 0.051231 -0.002137 0.010527 0.897107 -0.441684
1718924363.270836592 0.514470 -7.464490 0.051902 -0.002189 0.010446 0.897347 -0.441198
1718924363.275835514 0.515262 -7.464965 0.052572 -0.002271 0.010369 0.897601 -0.440681
1718924363.280776739 0.516046 -7.465433 0.053223 -0.002407 0.010385 0.897856 -0.440160
1718924363.285827875 0.516853 -7.465916 0.053866 -0.002595 0.010529 0.898115 -0.439626
1718924363.290777445 0.517644 -7.466391 0.054473 -0.002784 0.010746 0.898372 -0.439096
1718924363.295769930 0.518431 -7.466864 0.055069 -0.002935 0.010954 0.898633 -0.438554
1718924363.299974918 0.519085 -7.467253 0.055564 -0.003025 0.011093 0.898860 -0.438085
1718924363.299974918 0.519085 -7.467253 0.055564 -0.003025 0.011093 0.898860 -0.438085
1718924363.300770044 0.519208 -7.467326 0.055657 -0.003041 0.011119 0.898903 -0.437996
1718924363.305766821 0.519980 -7.467780 0.056236 -0.003131 0.011270 0.899178 -0.437427
1718924363.310773134 0.520750 -7.468235 0.056816 -0.003225 0.011450 0.899457 -0.436847
1718924363.315781116 0.521520 -7.468695 0.057394 -0.003331 0.011674 0.899745 -0.436247
1718924363.399985075 0.534956 -7.476816 0.067342 -0.004432 0.012888 0.905397 -0.424348
1718924363.399985075 0.534956 -7.476816 0.067342 -0.004432 0.012888 0.905397 -0.424348
1718924363.400779724 0.535086 -7.476897 0.067440 -0.004442 0.012899 0.905449 -0.424236
1718924363.405764818 0.535908 -7.477415 0.068058 -0.004523 0.012999 0.905788 -0.423507
1718924363.410835028 0.536752 -7.477953 0.068697 -0.004618 0.013114 0.906150 -0.422728
1718924363.415777445 0.537580 -7.478487 0.069332 -0.004721 0.013228 0.906513 -0.421944
1718924363.420807838 0.538432 -7.479039 0.069986 -0.004844 0.013353 0.906889 -0.421130
1718924363.425784588 0.539292 -7.479598 0.070631 -0.005007 0.013564 0.907263 -0.420315
1718924363.430779219 0.540172 -7.480170 0.071265 -0.005217 0.013895 0.907646 -0.419474
1718924363.435767412 0.541065 -7.480751 0.071878 -0.005437 0.014284 0.908030 -0.418627
1718924363.440822363 0.541973 -7.481342 0.072478 -0.005634 0.014644 0.908427 -0.417749
1718924363.445813179 0.542872 -7.481927 0.073056 -0.005773 0.014903 0.908827 -0.416867
1718924363.450782537 0.543777 -7.482515 0.073624 -0.005864 0.015088 0.909220 -0.416001
1718924363.455777168 0.544696 -7.483121 0.074195 -0.005876 0.015216 0.909609 -0.415144
1718924363.460820198 0.545630 -7.483748 0.074782 -0.005770 0.015278 0.910000 -0.414286
1718924363.465821743 0.546556 -7.484383 0.075380 -0.005524 0.015256 0.910391 -0.413431
1718924363.470815897 0.547480 -7.485029 0.075998 -0.005168 0.015193 0.910781 -0.412579
1718924363.475828886 0.548417 -7.485689 0.076633 -0.004755 0.015145 0.911177 -0.411710
1718924363.480874300 0.549377 -7.486365 0.077272 -0.004321 0.015127 0.911581 -0.410818
1718924363.485814095 0.550336 -7.487034 0.077893 -0.003888 0.015081 0.911985 -0.409928
1718924363.490807056 0.551331 -7.487716 0.078517 -0.003537 0.015061 0.912407 -0.408991
1718924363.495806456 0.552359 -7.488415 0.079142 -0.003296 0.015088 0.912850 -0.408003
1718924363.499994040 0.553237 -7.489016 0.079674 -0.003202 0.015129 0.913240 -0.407128
1718924363.499994040 0.553237 -7.489016 0.079674 -0.003202 0.015129 0.913240 -0.407128
1718924363.500807762 0.553408 -7.489135 0.079779 -0.003184 0.015137 0.913316 -0.406957
1718924363.505804300 0.554459 -7.489871 0.080443 -0.003130 0.015109 0.913776 -0.405924
1718924363.510762930 0.555495 -7.490614 0.081134 -0.003161 0.015097 0.914216 -0.404933
1718924363.515779734 0.556532 -7.491383 0.081853 -0.003264 0.015185 0.914639 -0.403972
1718924363.590779781 0.572437 -7.501618 0.090424 -0.004934 0.014124 0.921192 -0.388819
1718924363.595753908 0.573506 -7.502192 0.090846 -0.005103 0.014163 0.921647 -0.387738
1718924363.599992990 0.574414 -7.502672 0.091201 -0.005278 0.014276 0.922060 -0.386747
1718924363.599992990 0.574414 -7.502672 0.091201 -0.005278 0.014276 0.922060 -0.386747
1718924363.600778818 0.574583 -7.502759 0.091267 -0.005311 0.014298 0.922136 -0.386564
1718924363.605802298 0.575666 -7.503306 0.091696 -0.005493 0.014516 0.922649 -0.385330
1718924363.610802412 0.576729 -7.503832 0.092134 -0.005595 0.014731 0.923183 -0.384039
1718924363.615800858 0.577774 -7.504336 0.092582 -0.005636 0.014887 0.923740 -0.382690
1718924363.620807409 0.578805 -7.504821 0.093038 -0.005639 0.014971 0.924328 -0.381263
1718924363.625769854 0.579816 -7.505284 0.093487 -0.005620 0.014990 0.924943 -0.379767
1718924363.630783558 0.580826 -7.505732 0.093936 -0.005587 0.014946 0.925587 -0.378198
1718924363.635764122 0.581812 -7.506154 0.094385 -0.005531 0.014798 0.926245 -0.376592
1718924363.640811205 0.582793 -7.506559 0.094842 -0.005469 0.014566 0.926927 -0.374919
1718924363.645808935 0.583754 -7.506943 0.095285 -0.005477 0.014349 0.927612 -0.373230
1718924363.650773525 0.584703 -7.507314 0.095714 -0.005560 0.014207 0.928295 -0.371532
1718924363.655771255 0.585654 -7.507683 0.096148 -0.005681 0.014147 0.928976 -0.369825
1718924363.660775900 0.586599 -7.508050 0.096604 -0.005764 0.014082 0.929640 -0.368155
1718924363.665815115 0.587540 -7.508423 0.097088 -0.005743 0.013974 0.930296 -0.366498
1718924363.670767069 0.588457 -7.508804 0.097582 -0.005651 0.013826 0.930922 -0.364912
1718924363.675819397 0.589396 -7.509208 0.098109 -0.005526 0.013604 0.931552 -0.363310
1718924363.680819273 0.590327 -7.509611 0.098644 -0.005373 0.013227 0.932170 -0.361740
1718924363.685765982 0.591232 -7.510000 0.099165 -0.005164 0.012655 0.932769 -0.360214
1718924363.690762043 0.592132 -7.510392 0.099666 -0.004918 0.011962 0.933344 -0.358751
1718924363.695756674 0.593039 -7.510808 0.100111 -0.004925 0.011624 0.933868 -0.357394
1718924363.699949026 0.593810 -7.511180 0.100436 -0.004992 0.011556 0.934259 -0.356373
1718924363.699949026 0.593810 -7.511180 0.100436 -0.004992 0.011556 0.934259 -0.356373
1718924363.700769424 0.593958 -7.511256 0.100495 -0.005005 0.011542 0.934336 -0.356171
1718924363.705748558 0.594849 -7.511726 0.100836 -0.005053 0.011492 0.934735 -0.355125
1718924363.710774899 0.595726 -7.512213 0.101169 -0.005094 0.011338 0.935074 -0.354234
1718924363.715748787 0.596577 -7.512703 0.101524 -0.005077 0.011040 0.935365 -0.353475
1718924363.800003052 0.608840 -7.518287 0.100708 -0.001622 0.004338 0.943882 -0.330250
1718924363.800003052 0.608840 -7.518287 0.100708 -0.001622 0.004338 0.943882 -0.330250
1718924363.805692911 0.609497 -7.518471 0.100207 -0.001391 0.003887 0.944436 -0.328668
1718924363.810712099 0.610065 -7.518617 0.099711 -0.001183 0.003514 0.944944 -0.327210
1718924363.815721273 0.610621 -7.518756 0.099166 -0.001010 0.003230 0.945466 -0.325703
1718924363.820677042 0.611163 -7.518890 0.098582 -0.000878 0.003025 0.945994 -0.324168
1718924363.825690031 0.611703 -7.519019 0.097954 -0.000807 0.002863 0.946540 -0.322573
1718924363.830671549 0.612232 -7.519137 0.097300 -0.000781 0.002680 0.947092 -0.320951
1718924363.835659266 0.612752 -7.519250 0.096613 -0.000852 0.002504 0.947648 -0.319305
1718924363.840700388 0.613265 -7.519356 0.095892 -0.000991 0.002243 0.948204 -0.317653
1718924363.845694065 0.613747 -7.519445 0.095171 -0.001135 0.001879 0.948751 -0.316017
1718924363.850663185 0.614196 -7.519525 0.094458 -0.001286 0.001547 0.949285 -0.314410
1718924363.855644464 0.614618 -7.519608 0.093738 -0.001479 0.001359 0.949799 -0.312853
1718924363.860644102 0.615012 -7.519692 0.093011 -0.001728 0.001362 0.950283 -0.311380
1718924363.865632772 0.615369 -7.519768 0.092287 -0.002044 0.001566 0.950739 -0.309983
1718924363.870629072 0.615689 -7.519829 0.091567 -0.002435 0.001922 0.951170 -0.308653
1718924363.875655174 0.615967 -7.519860 0.090852 -0.002835 0.002243 0.951583 -0.307372
1718924363.880626440 0.616192 -7.519846 0.090141 -0.003240 0.002381 0.951968 -0.306170
1718924363.885613203 0.616361 -7.519779 0.089412 -0.003626 0.002249 0.952328 -0.305047
1718924363.890610695 0.616475 -7.519660 0.088666 -0.003970 0.001919 0.952667 -0.303985
1718924363.895612478 0.616540 -7.519502 0.087906 -0.004282 0.001574 0.952996 -0.302949
1718924363.899949074 0.616563 -7.519347 0.087240 -0.004570 0.001423 0.953277 -0.302059
1718924363.899949074 0.616563 -7.519347 0.087240 -0.004570 0.001423 0.953277 -0.302059
1718924363.900054932 0.595973 -7.551803 0.087037 -0.005676 0.005748 0.953624 -0.300893
1718924363.900054932 0.595973 -7.551803 0.087037 -0.005676 0.005748 0.953624 -0.300893
1718924363.900609970 0.595927 -7.551733 0.086989 -0.005714 0.005729 0.953660 -0.300779
1718924363.905611992 0.595486 -7.551088 0.086558 -0.006095 0.005780 0.953971 -0.299782
1718924363.910606861 0.595008 -7.550422 0.086120 -0.006536 0.005934 0.954263 -0.298837
1718924363.915626526 0.594491 -7.549714 0.085664 -0.007070 0.006115 0.954559 -0.297875
1718924363.955621719 0.591670 -7.545155 0.083066 -0.005112 0.004300 0.956656 -0.291143
1718924363.960609198 0.591526 -7.544781 0.082881 -0.004967 0.004292 0.956886 -0.290390
1718924363.965612411 0.591438 -7.544473 0.082699 -0.004942 0.004523 0.957085 -0.289730
1718924363.970607281 0.591405 -7.544229 0.082528 -0.004954 0.004818 0.957262 -0.289138
1718924363.975604296 0.591414 -7.544031 0.082386 -0.004895 0.005012 0.957434 -0.288566
1718924363.980613470 0.591459 -7.543867 0.082282 -0.004770 0.005091 0.957607 -0.287995
1718924363.985610485 0.591546 -7.543741 0.082207 -0.004610 0.005142 0.957776 -0.287433
1718924363.990608692 0.591675 -7.543650 0.082134 -0.004431 0.005211 0.957946 -0.286869
1718924363.995604992 0.591834 -7.543591 0.082038 -0.004263 0.005388 0.958116 -0.286299
1718924364.000607967 0.592014 -7.543567 0.081906 -0.004127 0.005700 0.958290 -0.285712
1718924364.005603552 0.592212 -7.543574 0.081746 -0.004009 0.006083 0.958468 -0.285106
1718924364.010597706 0.592431 -7.543597 0.081580 -0.003885 0.006397 0.958660 -0.284456
1718924364.015618563 0.592669 -7.543621 0.081414 -0.003719 0.006571 0.958872 -0.283740
1718924364.020615578 0.592912 -7.543638 0.081252 -0.003504 0.006615 0.959105 -0.282951
1718924364.025666714 0.593163 -7.543655 0.081088 -0.003280 0.006630 0.959357 -0.282099
1718924364.030663252 0.593421 -7.543677 0.080908 -0.003122 0.006684 0.959614 -0.281222
1718924364.035658360 0.593690 -7.543707 0.080703 -0.003027 0.006839 0.959879 -0.280316
1718924364.040613651 0.593961 -7.543740 0.080485 -0.002940 0.007044 0.960152 -0.279376
1718924364.045611620 0.594226 -7.543771 0.080269 -0.002839 0.007224 0.960433 -0.278404
1718924364.050626040 0.594483 -7.543795 0.080062 -0.002725 0.007294 0.960723 -0.277402
1718924364.055602789 0.594737 -7.543816 0.079867 -0.002616 0.007256 0.961016 -0.276385
1718924364.060643911 0.595001 -7.543834 0.079688 -0.002483 0.007136 0.961317 -0.275340
1718924364.065663099 0.595259 -7.543846 0.079541 -0.002263 0.006898 0.961616 -0.274302
1718924364.070616007 0.595505 -7.543855 0.079418 -0.002041 0.006627 0.961909 -0.273281
1718924364.075641394 0.595757 -7.543869 0.079295 -0.001892 0.006437 0.962206 -0.272241
1718924364.080607891 0.596012 -7.543891 0.079166 -0.001847 0.006405 0.962500 -0.271200
1718924364.085600376 0.596271 -7.543918 0.079024 -0.001867 0.006511 0.962801 -0.270125
1718924364.090595245 0.596527 -7.543947 0.078872 -0.001898 0.006709 0.963108 -0.269026
1718924364.095600128 0.596783 -7.543982 0.078710 -0.001912 0.006972 0.963420 -0.267897
1718924364.099969864 0.597012 -7.544020 0.078559 -0.001917 0.007247 0.963694 -0.266905
1718924364.099969864 0.597012 -7.544020 0.078559 -0.001917 0.007247 0.963694 -0.266905
1718924364.100595713 0.597046 -7.544026 0.078537 -0.001918 0.007286 0.963733 -0.266764
1718924364.105644703 0.597323 -7.544081 0.078360 -0.001902 0.007593 0.964055 -0.265588
1718924364.110598087 0.597607 -7.544144 0.078195 -0.001806 0.007813 0.964381 -0.264396
1718924364.115616083 0.597892 -7.544209 0.078054 -0.001608 0.007867 0.964724 -0.263141
1718924364.200062037 0.602664 -7.546050 0.078149 0.001974 -0.000618 0.966995 -0.254787
1718924364.200062037 0.602664 -7.546050 0.078149 0.001974 -0.000618 0.966995 -0.254787
1718924364.210599899 0.603287 -7.546437 0.078244 0.002425 -0.001694 0.967266 -0.253748
1718924364.215595961 0.603591 -7.546639 0.078298 0.002616 -0.002089 0.967398 -0.253241
1718924364.220697403 0.603905 -7.546852 0.078351 0.002784 -0.002390 0.967539 -0.252694
1718924364.225662231 0.604207 -7.547056 0.078399 0.002957 -0.002623 0.967685 -0.252130
1718924364.230616331 0.604506 -7.547250 0.078443 0.003126 -0.002808 0.967841 -0.251529
1718924364.235606909 0.604806 -7.547437 0.078479 0.003256 -0.002966 0.968009 -0.250876
1718924364.240601778 0.605106 -7.547614 0.078507 0.003359 -0.003139 0.968187 -0.250185
1718924364.245661736 0.605410 -7.547791 0.078527 0.003433 -0.003284 0.968374 -0.249457
1718924364.250612736 0.605707 -7.547969 0.078536 0.003464 -0.003324 0.968565 -0.248713
1718924364.255601883 0.606007 -7.548156 0.078533 0.003448 -0.003270 0.968769 -0.247919
1718924364.260665417 0.606313 -7.548345 0.078525 0.003400 -0.003171 0.968984 -0.247079
1718924364.265666962 0.606616 -7.548528 0.078518 0.003333 -0.003031 0.969204 -0.246220
1718924364.270647287 0.606915 -7.548706 0.078509 0.003250 -0.002817 0.969427 -0.245342
1718924364.275675774 0.607220 -7.548889 0.078489 0.003131 -0.002454 0.969654 -0.244447
1718924364.280643225 0.607527 -7.549073 0.078453 0.002982 -0.001974 0.969883 -0.243546
1718924364.285601616 0.607837 -7.549255 0.078399 0.002815 -0.001471 0.970119 -0.242611
1718924364.290641069 0.608146 -7.549431 0.078327 0.002647 -0.001052 0.970362 -0.241637
1718924364.295604706 0.608445 -7.549597 0.078252 0.002478 -0.000731 0.970605 -0.240664
1718924364.300600529 0.608746 -7.549761 0.078177 0.002319 -0.000473 0.970851 -0.239672
1718924364.305606127 0.609052 -7.549929 0.078109 0.002146 -0.000183 0.971102 -0.238655
1718924364.310627222 0.609362 -7.550104 0.078041 0.001944 0.000217 0.971360 -0.237605
1718924364.340622663 0.611158 -7.551456 0.077588 0.001646 0.001608 0.972958 -0.230969
1718924364.345614910 0.611459 -7.551744 0.077506 0.001650 0.001859 0.973215 -0.229885
1718924364.350625992 0.611771 -7.552063 0.077425 0.001675 0.002184 0.973470 -0.228798
1718924364.355607271 0.612094 -7.552410 0.077350 0.001748 0.002517 0.973721 -0.227722
1718924364.360603094 0.612431 -7.552792 0.077285 0.001876 0.002803 0.973966 -0.226668
1718924364.365601778 0.612783 -7.553207 0.077239 0.002036 0.002978 0.974202 -0.225648
1718924364.370598078 0.613149 -7.553658 0.077215 0.002222 0.003001 0.974432 -0.224654
1718924364.375607729 0.613534 -7.554149 0.077208 0.002420 0.002921 0.974652 -0.223694
1718924364.380601168 0.613935 -7.554678 0.077210 0.002659 0.002766 0.974862 -0.222778
1718924364.385603905 0.614353 -7.555255 0.077214 0.002905 0.002610 0.975064 -0.221888
1718924364.390599728 0.614784 -7.555875 0.077218 0.003175 0.002441 0.975260 -0.221023
1718924364.395605087 0.615226 -7.556531 0.077216 0.003477 0.002202 0.975453 -0.220167
1718924364.399950027 0.615625 -7.557130 0.077202 0.003698 0.001987 0.975616 -0.219444
1718924364.399950027 0.615625 -7.557130 0.077202 0.003698 0.001987 0.975616 -0.219444
1718924364.400600910 0.615687 -7.557223 0.077199 0.003731 0.001955 0.975640 -0.219336
1718924364.405602932 0.616179 -7.557958 0.077158 0.003933 0.001802 0.975825 -0.218511
1718924364.410601854 0.616703 -7.558734 0.077078 0.004133 0.001765 0.976017 -0.217650
1718924364.415621281 0.617256 -7.559550 0.076958 0.004355 0.001829 0.976223 -0.216716
1718924364.455605984 0.621543 -7.565859 0.077392 0.005902 0.000949 0.978430 -0.206491
1718924364.460599422 0.622055 -7.566619 0.077625 0.005852 0.001086 0.978682 -0.205297
1718924364.465594292 0.622549 -7.567382 0.077900 0.005727 0.001265 0.978914 -0.204189
1718924364.470595121 0.623024 -7.568156 0.078209 0.005613 0.001341 0.979126 -0.203173
1718924364.475590706 0.623485 -7.568933 0.078542 0.005536 0.001173 0.979310 -0.202286
1718924364.480598927 0.623940 -7.569704 0.078890 0.005462 0.000853 0.979473 -0.201497
1718924364.485599995 0.624391 -7.570469 0.079234 0.005343 0.000570 0.979625 -0.200763
1718924364.490594149 0.624833 -7.571231 0.079565 0.005150 0.000478 0.979779 -0.200014
1718924364.495604753 0.625271 -7.571994 0.079883 0.004887 0.000599 0.979939 -0.199239
1718924364.500005960 0.625655 -7.572670 0.080152 0.004634 0.000886 0.980084 -0.198528
1718924364.500005960 0.625655 -7.572670 0.080152 0.004634 0.000886 0.980084 -0.198528
1718924364.500606775 0.625708 -7.572763 0.080189 0.004600 0.000925 0.980104 -0.198431
1718924364.505656719 0.626157 -7.573555 0.080489 0.004341 0.001382 0.980278 -0.197573
1718924364.510594130 0.626596 -7.574336 0.080768 0.004136 0.001767 0.980456 -0.196685
1718924364.515648127 0.627043 -7.575127 0.081056 0.004035 0.001915 0.980649 -0.195724
1718924364.520608425 0.627474 -7.575881 0.081363 0.004038 0.001819 0.980847 -0.194728
1718924364.525598526 0.627902 -7.576622 0.081697 0.004044 0.001684 0.981059 -0.193657
1718924364.530600071 0.628335 -7.577362 0.082028 0.003986 0.001725 0.981284 -0.192517
1718924364.535660982 0.628775 -7.578111 0.082334 0.003867 0.001888 0.981514 -0.191343
1718924364.540593863 0.629193 -7.578828 0.082608 0.003719 0.002010 0.981738 -0.190190
1718924364.545599937 0.629602 -7.579537 0.082881 0.003587 0.002107 0.981967 -0.189008
1718924364.550632954 0.630003 -7.580235 0.083166 0.003489 0.002227 0.982204 -0.187774
1718924364.555597305 0.630394 -7.580911 0.083464 0.003399 0.002369 0.982448 -0.186491
1718924364.560592651 0.630783 -7.581577 0.083775 0.003316 0.002510 0.982705 -0.185133
1718924364.565589905 0.631169 -7.582227 0.084091 0.003256 0.002586 0.982969 -0.183726
1718924364.570592642 0.631550 -7.582865 0.084406 0.003216 0.002530 0.983234 -0.182304
1718924364.575588703 0.631927 -7.583498 0.084722 0.003175 0.002400 0.983495 -0.180889
1718924364.580593348 0.632304 -7.584134 0.085040 0.003127 0.002221 0.983758 -0.179457
1718924364.585590363 0.632681 -7.584767 0.085353 0.003069 0.002036 0.984025 -0.177991
1718924364.590594292 0.633051 -7.585393 0.085658 0.002995 0.001846 0.984293 -0.176508
1718924364.595590830 0.633411 -7.586013 0.085946 0.002884 0.001725 0.984557 -0.175034
1718924364.599975824 0.633723 -7.586558 0.086183 0.002753 0.001726 0.984781 -0.173769
1718924364.599975824 0.633723 -7.586558 0.086183 0.002753 0.001726 0.984781 -0.173769
1718924364.600593805 0.633766 -7.586635 0.086215 0.002734 0.001727 0.984812 -0.173591
1718924364.605591297 0.634120 -7.587259 0.086474 0.002606 0.001814 0.985058 -0.172192
1718924364.610593557 0.634472 -7.587885 0.086735 0.002541 0.001884 0.985297 -0.170823
1718924364.615602970 0.634815 -7.588514 0.087014 0.002531 0.001816 0.985524 -0.169507
1718924364.699998140 0.639359 -7.595821 0.090208 0.002616 0.001041 0.987385 -0.158314
1718924364.699998140 0.639359 -7.595821 0.090208 0.002616 0.001041 0.987385 -0.158314
1718924364.700597286 0.639383 -7.595848 0.090219 0.002617 0.001036 0.987398 -0.158235
1718924364.705591440 0.639574 -7.596066 0.090299 0.002605 0.001065 0.987502 -0.157582
1718924364.710596085 0.639750 -7.596271 0.090370 0.002579 0.001138 0.987606 -0.156931
1718924364.715590715 0.639912 -7.596459 0.090439 0.002545 0.001212 0.987710 -0.156269
1718924364.720604658 0.640063 -7.596629 0.090507 0.002522 0.001293 0.987818 -0.155590
1718924364.725602388 0.640203 -7.596784 0.090574 0.002506 0.001369 0.987925 -0.154904
1718924364.730622053 0.640331 -7.596928 0.090638 0.002496 0.001437 0.988033 -0.154218
1718924364.735598326 0.640447 -7.597057 0.090695 0.002495 0.001477 0.988137 -0.153549
1718924364.740610600 0.640554 -7.597180 0.090748 0.002492 0.001509 0.988243 -0.152863
1718924364.745670557 0.640654 -7.597299 0.090796 0.002496 0.001575 0.988351 -0.152166
1718924364.750685692 0.640743 -7.597415 0.090839 0.002516 0.001644 0.988456 -0.151481
1718924364.755656242 0.640820 -7.597527 0.090875 0.002547 0.001689 0.988559 -0.150804
1718924364.760604620 0.640887 -7.597638 0.090903 0.002584 0.001723 0.988660 -0.150141
1718924364.765598297 0.640945 -7.597748 0.090924 0.002631 0.001718 0.988760 -0.149479
1718924364.770604849 0.640997 -7.597857 0.090941 0.002680 0.001685 0.988859 -0.148821
1718924364.775598288 0.641041 -7.597963 0.090954 0.002723 0.001643 0.988959 -0.148158
1718924364.780608892 0.641078 -7.598064 0.090967 0.002750 0.001552 0.989057 -0.147497
1718924364.785607815 0.641109 -7.598157 0.090982 0.002779 0.001394 0.989157 -0.146828
1718924364.790607452 0.641133 -7.598240 0.091002 0.002809 0.001194 0.989260 -0.146136
1718924364.795634985 0.641149 -7.598316 0.091032 0.002832 0.000982 0.989367 -0.145410
1718924364.800046921 0.641155 -7.598376 0.091066 0.002853 0.000794 0.989464 -0.144747
1718924364.800046921 0.641155 -7.598376 0.091066 0.002853 0.000794 0.989464 -0.144747
1718924364.800638914 0.641156 -7.598385 0.091071 0.002855 0.000768 0.989477 -0.144658
1718924364.805627108 0.641156 -7.598450 0.091112 0.002872 0.000554 0.989593 -0.143867
1718924364.810613394 0.641149 -7.598506 0.091155 0.002895 0.000309 0.989711 -0.143054
1718924364.865601540 0.640645 -7.598334 0.089635 0.002691 0.000264 0.991458 -0.130398
1718924364.870600462 0.640594 -7.598258 0.089315 0.002649 0.000316 0.991615 -0.129202
1718924364.875603676 0.640543 -7.598166 0.088963 0.002574 0.000370 0.991772 -0.127994
1718924364.880601883 0.640490 -7.598054 0.088584 0.002481 0.000369 0.991929 -0.126768
1718924364.885604382 0.640431 -7.597918 0.088188 0.002375 0.000283 0.992089 -0.125512
1718924364.890602112 0.640363 -7.597755 0.087786 0.002280 0.000083 0.992250 -0.124237
1718924364.895606756 0.640285 -7.597568 0.087380 0.002197 -0.000179 0.992413 -0.122926
1718924364.900018930 0.640208 -7.597391 0.087011 0.002131 -0.000379 0.992560 -0.121737
1718924364.900018930 0.640208 -7.597391 0.087011 0.002131 -0.000379 0.992560 -0.121737
1718924364.900609493 0.640198 -7.597367 0.086961 0.002123 -0.000404 0.992580 -0.121577
1718924364.905601025 0.640111 -7.597160 0.086529 0.002048 -0.000510 0.992748 -0.120200
1718924364.910603523 0.640018 -7.596943 0.086086 0.001963 -0.000530 0.992918 -0.118783
1718924364.915606499 0.639919 -7.596718 0.085632 0.001850 -0.000480 0.993092 -0.117321
1718924364.920647860 0.639814 -7.596491 0.085157 0.001685 -0.000349 0.993270 -0.115806
1718924364.925602674 0.639707 -7.596274 0.084671 0.001467 -0.000080 0.993447 -0.114288
1718924364.930617809 0.639595 -7.596069 0.084162 0.001172 0.000337 0.993628 -0.112704
1718924364.935606718 0.639482 -7.595873 0.083632 0.000807 0.000841 0.993809 -0.111097
1718924364.940622091 0.639363 -7.595667 0.083084 0.000383 0.001275 0.993990 -0.109465
1718924364.945603132 0.639234 -7.595434 0.082560 -0.000006 0.001473 0.994170 -0.107810
1718924364.950600147 0.639089 -7.595170 0.082095 -0.000289 0.001436 0.994351 -0.106135
1718924364.955611229 0.638926 -7.594895 0.081716 -0.000404 0.001262 0.994528 -0.104458
1718924364.960605621 0.638753 -7.594634 0.081434 -0.000339 0.000996 0.994696 -0.102856
1718924364.965609789 0.638580 -7.594415 0.081243 -0.000131 0.000692 0.994850 -0.101353
1718924364.970608711 0.638422 -7.594260 0.081124 0.000155 0.000336 0.994988 -0.099997
1718924364.975622177 0.638289 -7.594188 0.081041 0.000411 0.000017 0.995107 -0.098804
1718924364.980603456 0.638187 -7.594211 0.080969 0.000616 -0.000210 0.995204 -0.097817
1718924364.985597372 0.638111 -7.594318 0.080897 0.000767 -0.000342 0.995281 -0.097034
1718924364.990601063 0.638047 -7.594475 0.080824 0.000877 -0.000445 0.995341 -0.096414
1718924364.995598316 0.637985 -7.594650 0.080744 0.000962 -0.000539 0.995388 -0.095929
1718924365.000601768 0.637923 -7.594832 0.080643 0.001018 -0.000538 0.995422 -0.095573
1718924365.005598068 0.637865 -7.595024 0.080523 0.001043 -0.000461 0.995443 -0.095350
1718924365.010601759 0.637817 -7.595229 0.080394 0.001048 -0.000424 0.995454 -0.095232
1718924365.015600681 0.637786 -7.595447 0.080265 0.001028 -0.000461 0.995460 -0.095177
1718924365.040626764 0.637704 -7.596688 0.079348 0.001482 -0.000070 0.995482 -0.094934
1718924365.045617104 0.637682 -7.596961 0.079107 0.001528 0.000124 0.995494 -0.094811
1718924365.050626993 0.637668 -7.597240 0.078858 0.001548 0.000351 0.995513 -0.094609
1718924365.055612087 0.637664 -7.597511 0.078597 0.001580 0.000506 0.995540 -0.094326
1718924365.060605526 0.637660 -7.597763 0.078327 0.001650 0.000548 0.995576 -0.093949
1718924365.065604448 0.637653 -7.597991 0.078050 0.001725 0.000497 0.995621 -0.093464
1718924365.070605516 0.637650 -7.598207 0.077753 0.001709 0.000525 0.995678 -0.092859
1718924365.075598955 0.637661 -7.598433 0.077430 0.001635 0.000799 0.995745 -0.092133
1718924365.080619097 0.637682 -7.598671 0.077093 0.001553 0.001320 0.995826 -0.091251
1718924365.085639954 0.637699 -7.598906 0.076771 0.001526 0.001867 0.995914 -0.090272
1718924365.090632915 0.637712 -7.599129 0.076484 0.001599 0.002291 0.996008 -0.089221
1718924365.095639706 0.637729 -7.599344 0.076227 0.001741 0.002625 0.996105 -0.088116
1718924365.099971056 0.637751 -7.599529 0.076023 0.001869 0.002851 0.996194 -0.087098
1718924365.099971056 0.637751 -7.599529 0.076023 0.001869 0.002851 0.996194 -0.087098
1718924365.100634336 0.637755 -7.599557 0.075993 0.001889 0.002885 0.996207 -0.086942
1718924365.105601072 0.637788 -7.599762 0.075778 0.002037 0.003123 0.996313 -0.085715
1718924365.110590935 0.637822 -7.599955 0.075583 0.002194 0.003314 0.996423 -0.084411
1718924365.115607977 0.637852 -7.600130 0.075403 0.002326 0.003479 0.996536 -0.083052
1718924365.160611153 0.637717 -7.601544 0.073769 0.003062 0.002639 0.997552 -0.069809
1718924365.165593863 0.637674 -7.601681 0.073567 0.003102 0.002583 0.997654 -0.068332
1718924365.170598984 0.637635 -7.601844 0.073353 0.003126 0.002667 0.997754 -0.066856
1718924365.175601721 0.637595 -7.602029 0.073133 0.003135 0.002774 0.997850 -0.065401
1718924365.180598497 0.637547 -7.602224 0.072913 0.003172 0.002723 0.997941 -0.063995
1718924365.185624599 0.637490 -7.602429 0.072679 0.003209 0.002522 0.998025 -0.062678
1718924365.190597534 0.637429 -7.602647 0.072427 0.003214 0.002254 0.998098 -0.061515
1718924365.195678711 0.637359 -7.602892 0.072148 0.003194 0.002032 0.998163 -0.060471
1718924365.199940920 0.637294 -7.603117 0.071901 0.003175 0.001966 0.998209 -0.059701
1718924365.199940920 0.637294 -7.603117 0.071901 0.003175 0.001966 0.998209 -0.059701
1718924365.200605631 0.637284 -7.603153 0.071862 0.003172 0.001956 0.998217 -0.059581
1718924365.205627918 0.637201 -7.603431 0.071568 0.003167 0.001997 0.998264 -0.058776
1718924365.210592270 0.637109 -7.603699 0.071295 0.003230 0.001872 0.998306 -0.058057
1718924365.215614319 0.637007 -7.603943 0.071056 0.003323 0.001497 0.998346 -0.057384
1718924365.220595598 0.636900 -7.604180 0.070841 0.003385 0.001172 0.998380 -0.056785
1718924365.225604534 0.636793 -7.604446 0.070618 0.003404 0.001090 0.998411 -0.056244
1718924365.230602980 0.636688 -7.604731 0.070392 0.003405 0.001141 0.998439 -0.055739
1718924365.235599279 0.636587 -7.605000 0.070170 0.003397 0.001091 0.998467 -0.055244
1718924365.240599632 0.636488 -7.605237 0.069949 0.003400 0.000952 0.998494 -0.054745
1718924365.245594501 0.636390 -7.605460 0.069715 0.003417 0.000898 0.998521 -0.054261
1718924365.250586987 0.636292 -7.605680 0.069458 0.003433 0.000994 0.998546 -0.053787
1718924365.255599737 0.636195 -7.605893 0.069177 0.003420 0.001102 0.998571 -0.053323
1718924365.260589600 0.636103 -7.606090 0.068887 0.003386 0.001154 0.998596 -0.052858
1718924365.265593052 0.636013 -7.606280 0.068591 0.003350 0.001215 0.998621 -0.052380
1718924365.270590782 0.635922 -7.606466 0.068291 0.003313 0.001270 0.998646 -0.051897
1718924365.275596142 0.635829 -7.606641 0.067990 0.003308 0.001287 0.998672 -0.051400
1718924365.280628204 0.635735 -7.606798 0.067686 0.003331 0.001292 0.998698 -0.050881
1718924365.285667896 0.635642 -7.606942 0.067379 0.003367 0.001328 0.998725 -0.050342
1718924365.290594339 0.635549 -7.607073 0.067080 0.003403 0.001383 0.998753 -0.049793
1718924365.295634747 0.635454 -7.607197 0.066779 0.003430 0.001398 0.998781 -0.049221
1718924365.300014973 0.635374 -7.607295 0.066524 0.003446 0.001353 0.998806 -0.048711
1718924365.300014973 0.635374 -7.607295 0.066524 0.003446 0.001353 0.998806 -0.048711
1718924365.300631285 0.635363 -7.607308 0.066489 0.003448 0.001345 0.998810 -0.048639
1718924365.305626631 0.635268 -7.607411 0.066208 0.003470 0.001254 0.998839 -0.048033
1718924365.310592175 0.635167 -7.607511 0.065929 0.003490 0.001210 0.998869 -0.047414
1718924365.315617561 0.635058 -7.607611 0.065637 0.003502 0.001231 0.998898 -0.046778
1718924365.390592575 0.633102 -7.610086 0.062999 0.003389 0.004976 0.999494 -0.031243
1718924365.395588398 0.632958 -7.610326 0.062939 0.003367 0.005170 0.999526 -0.030178
1718924365.400592566 0.632813 -7.610584 0.062884 0.003329 0.005407 0.999556 -0.029098
1718924365.405588388 0.632669 -7.610870 0.062829 0.003280 0.005725 0.999586 -0.027992
1718924365.410602808 0.632522 -7.611189 0.062776 0.003232 0.006080 0.999615 -0.026878
1718924365.415606976 0.632373 -7.611544 0.062723 0.003196 0.006440 0.999641 -0.025794
1718924365.420611143 0.632221 -7.611933 0.062673 0.003171 0.006788 0.999666 -0.024741
1718924365.425608635 0.632064 -7.612356 0.062634 0.003168 0.007094 0.999688 -0.023722
1718924365.430601835 0.631898 -7.612806 0.062608 0.003209 0.007270 0.999709 -0.022759
1718924365.435625315 0.631722 -7.613284 0.062590 0.003303 0.007303 0.999729 -0.021858
1718924365.440610886 0.631540 -7.613789 0.062569 0.003434 0.007284 0.999747 -0.021022
1718924365.445583105 0.631351 -7.614332 0.062539 0.003612 0.007255 0.999762 -0.020242
1718924365.450633764 0.631152 -7.614919 0.062499 0.003847 0.007163 0.999777 -0.019481
1718924365.455593348 0.630953 -7.615524 0.062451 0.004107 0.007001 0.999791 -0.018758
1718924365.460590363 0.630751 -7.616161 0.062394 0.004403 0.006760 0.999804 -0.018062
1718924365.465597630 0.630551 -7.616824 0.062327 0.004721 0.006453 0.999817 -0.017387
1718924365.470592022 0.630354 -7.617498 0.062251 0.005060 0.005979 0.999830 -0.016695
1718924365.475595236 0.630163 -7.618184 0.062171 0.005377 0.005423 0.999844 -0.015947
1718924365.480591536 0.629980 -7.618898 0.062088 0.005662 0.004985 0.999857 -0.015133
1718924365.485627651 0.629804 -7.619664 0.061992 0.005966 0.004724 0.999870 -0.014225
1718924365.490631819 0.629640 -7.620464 0.061890 0.006258 0.004567 0.999883 -0.013200
1718924365.495628595 0.629483 -7.621283 0.061793 0.006550 0.004333 0.999897 -0.012048
1718924365.499966860 0.629350 -7.622002 0.061722 0.006789 0.004033 0.999909 -0.010970
1718924365.499966860 0.629350 -7.622002 0.061722 0.006789 0.004033 0.999909 -0.010970
1718924365.500631809 0.629330 -7.622112 0.061712 0.006826 0.003987 0.999910 -0.010804
1718924365.505585432 0.629181 -7.622935 0.061663 0.006987 0.003654 0.999924 -0.009528
1718924365.510585785 0.629025 -7.623759 0.061658 0.007038 0.003283 0.999936 -0.008259
1718924365.515613079 0.628854 -7.624572 0.061685 0.007016 0.003015 0.999946 -0.007053
1718924365.599999905 0.625932 -7.637317 0.064150 0.005501 0.003952 0.999968 0.004199
1718924365.599999905 0.625932 -7.637317 0.064150 0.005501 0.003952 0.999968 0.004199
1718924365.620694637 0.625261 -7.640209 0.065326 0.005127 0.004214 0.999954 0.006957
1718924365.625643730 0.625098 -7.640891 0.065641 0.005078 0.004300 0.999949 0.007662
1718924365.630584717 0.624935 -7.641578 0.065964 0.005057 0.004463 0.999942 0.008429
1718924365.635641813 0.624773 -7.642291 0.066291 0.005024 0.004736 0.999933 0.009275
1718924365.640593529 0.624623 -7.643000 0.066608 0.005003 0.005045 0.999923 0.010150
1718924365.645594358 0.624476 -7.643716 0.066930 0.005007 0.005305 0.999912 0.011079
1718924365.650589705 0.624331 -7.644420 0.067259 0.005040 0.005419 0.999900 0.012042
1718924365.655587673 0.624193 -7.645111 0.067595 0.005098 0.005468 0.999887 0.013056
1718924365.660581350 0.624060 -7.645784 0.067935 0.005153 0.005489 0.999872 0.014117
1718924365.665628910 0.623930 -7.646445 0.068274 0.005155 0.005580 0.999855 0.015238
1718924365.670583248 0.623806 -7.647078 0.068595 0.005127 0.005773 0.999836 0.016394
1718924365.675628662 0.623686 -7.647706 0.068913 0.005067 0.006047 0.999814 0.017611
1718924365.680625439 0.623571 -7.648312 0.069227 0.004985 0.006312 0.999790 0.018841
1718924365.685621262 0.623461 -7.648902 0.069542 0.004917 0.006481 0.999765 0.020096
1718924365.690587759 0.623359 -7.649474 0.069862 0.004872 0.006504 0.999738 0.021378
1718924365.695629120 0.623259 -7.650044 0.070198 0.004851 0.006392 0.999710 0.022690
1718924365.699960947 0.623174 -7.650532 0.070492 0.004837 0.006268 0.999685 0.023813
1718924365.699960947 0.623174 -7.650532 0.070492 0.004837 0.006268 0.999685 0.023813
1718924365.700628281 0.623161 -7.650607 0.070538 0.004835 0.006249 0.999681 0.023986
1718924365.705593586 0.623066 -7.651166 0.070869 0.004801 0.006120 0.999650 0.025275
1718924365.710585356 0.622970 -7.651730 0.071187 0.004743 0.006021 0.999618 0.026553
1718924365.715625763 0.622871 -7.652294 0.071502 0.004668 0.005920 0.999584 0.027838
1718924365.720600128 0.622767 -7.652844 0.071817 0.004564 0.005766 0.999550 0.029074
1718924365.765592575 0.621500 -7.658605 0.074098 0.003954 0.002901 0.999385 0.034719
1718924365.770632744 0.621317 -7.659361 0.074282 0.003841 0.002876 0.999366 0.035278
1718924365.775627375 0.621122 -7.660124 0.074461 0.003745 0.003030 0.999349 0.035755
1718924365.780641317 0.620911 -7.660867 0.074653 0.003705 0.003087 0.999333 0.036187
1718924365.785616636 0.620689 -7.661569 0.074857 0.003675 0.003007 0.999319 0.036589
1718924365.790612221 0.620458 -7.662255 0.075062 0.003661 0.002880 0.999306 0.036968
1718924365.795614958 0.620223 -7.662937 0.075255 0.003663 0.002807 0.999292 0.037334
1718924365.800002813 0.620015 -7.663526 0.075409 0.003668 0.002795 0.999280 0.037668
1718924365.800002813 0.620015 -7.663526 0.075409 0.003668 0.002795 0.999280 0.037668
1718924365.800613642 0.619989 -7.663612 0.075417 0.003670 0.002792 0.999278 0.037715
1718924365.805650711 0.619803 -7.664337 0.075402 0.003687 0.002822 0.999263 0.038101
1718924365.810593605 0.619614 -7.665036 0.075372 0.003715 0.002930 0.999248 0.038480
1718924365.815665960 0.619418 -7.665741 0.075329 0.003741 0.003071 0.999233 0.038858
1718924365.820632935 0.619221 -7.666409 0.075293 0.003760 0.003138 0.999218 0.039223
1718924365.825610161 0.619019 -7.667051 0.075268 0.003773 0.003102 0.999204 0.039592
1718924365.830605984 0.618810 -7.667679 0.075254 0.003789 0.003030 0.999189 0.039981
1718924365.835664034 0.618596 -7.668306 0.075244 0.003801 0.002958 0.999173 0.040372
1718924365.840601206 0.618384 -7.668905 0.075233 0.003805 0.002870 0.999159 0.040733
1718924365.845636129 0.618164 -7.669501 0.075212 0.003823 0.002764 0.999145 0.041080
1718924365.850676537 0.617940 -7.670087 0.075181 0.003862 0.002683 0.999131 0.041415
1718924365.855605602 0.617716 -7.670649 0.075145 0.003914 0.002650 0.999117 0.041736
1718924365.860605478 0.617486 -7.671209 0.075104 0.003959 0.002637 0.999104 0.042050
1718924365.865650177 0.617249 -7.671760 0.075063 0.003981 0.002589 0.999091 0.042372
1718924365.870647669 0.617007 -7.672291 0.075026 0.003966 0.002503 0.999077 0.042688
1718924365.875624657 0.616760 -7.672809 0.074992 0.003928 0.002398 0.999065 0.042997
1718924365.880652189 0.616505 -7.673324 0.074957 0.003881 0.002280 0.999052 0.043303
1718924365.885594368 0.616247 -7.673820 0.074922 0.003837 0.002162 0.999040 0.043596
1718924365.890635014 0.615980 -7.674322 0.074879 0.003807 0.002112 0.999026 0.043901
1718924365.895629406 0.615711 -7.674821 0.074833 0.003803 0.002145 0.999013 0.044194
1718924365.899995804 0.615467 -7.675255 0.074802 0.003832 0.002233 0.999003 0.044433
1718924365.899995804 0.615467 -7.675255 0.074802 0.003832 0.002233 0.999003 0.044433
1718924365.900008917 0.619629 -7.658240 0.046737 0.006957 0.000220 0.999068 0.042603
1718924365.900008917 0.619629 -7.658240 0.046737 0.006957 0.000220 0.999068 0.042603
1718924365.900596619 0.619636 -7.658211 0.046779 0.006961 0.000232 0.999066 0.042636
1718924365.905591011 0.619687 -7.657967 0.047144 0.007010 0.000334 0.999055 0.042884
1718924365.910596132 0.619732 -7.657724 0.047513 0.007052 0.000410 0.999045 0.043114
1718924365.915603399 0.619770 -7.657486 0.047891 0.007085 0.000463 0.999036 0.043325
1718924365.960672855 0.619958 -7.655860 0.051525 0.007347 0.001332 0.999153 0.040463
1718924365.965662956 0.619958 -7.655737 0.051947 0.007382 0.001399 0.999168 0.040097
1718924365.970620632 0.619956 -7.655622 0.052379 0.007437 0.001445 0.999183 0.039710
1718924365.975670338 0.619951 -7.655511 0.052834 0.007512 0.001468 0.999198 0.039292
1718924365.980717421 0.619942 -7.655406 0.053297 0.007602 0.001516 0.999215 0.038848
1718924365.985643148 0.619928 -7.655312 0.053749 0.007694 0.001585 0.999231 0.038404
1718924365.990679741 0.619912 -7.655222 0.054204 0.007766 0.001690 0.999248 0.037944
1718924365.995643616 0.619896 -7.655139 0.054644 0.007817 0.001804 0.999265 0.037494
1718924366.000648260 0.619879 -7.655057 0.055080 0.007858 0.001919 0.999280 0.037064
1718924366.005651236 0.619861 -7.654975 0.055513 0.007907 0.002003 0.999295 0.036654
1718924366.010658979 0.619843 -7.654890 0.055948 0.007975 0.002062 0.999308 0.036264
1718924366.015676737 0.619825 -7.654801 0.056388 0.008065 0.002087 0.999321 0.035904
1718924366.020677805 0.619808 -7.654707 0.056830 0.008161 0.002092 0.999331 0.035581
1718924366.025741339 0.619791 -7.654607 0.057279 0.008245 0.002076 0.999341 0.035281
1718924366.030695915 0.619779 -7.654506 0.057710 0.008291 0.002073 0.999350 0.035018
1718924366.035738230 0.619769 -7.654402 0.058137 0.008313 0.002105 0.999358 0.034773
1718924366.040750027 0.619759 -7.654300 0.058554 0.008344 0.002131 0.999366 0.034537
1718924366.045738220 0.619749 -7.654196 0.058965 0.008376 0.002131 0.999374 0.034306
1718924366.050710440 0.619739 -7.654088 0.059376 0.008429 0.002096 0.999381 0.034092
1718924366.055753708 0.619730 -7.653975 0.059795 0.008501 0.002033 0.999388 0.033885
1718924366.060707331 0.619720 -7.653865 0.060209 0.008585 0.001984 0.999394 0.033682
1718924366.065750122 0.619704 -7.653754 0.060629 0.008692 0.001931 0.999401 0.033454
1718924366.070760727 0.619683 -7.653648 0.061043 0.008789 0.001891 0.999407 0.033228
1718924366.075721025 0.619660 -7.653545 0.061445 0.008849 0.001853 0.999415 0.032989
1718924366.080732107 0.619637 -7.653446 0.061844 0.008881 0.001810 0.999423 0.032720
1718924366.085728168 0.619612 -7.653350 0.062236 0.008892 0.001784 0.999433 0.032424
1718924366.090737581 0.619585 -7.653256 0.062630 0.008903 0.001747 0.999443 0.032108
1718924366.095737696 0.619556 -7.653166 0.063030 0.008925 0.001713 0.999454 0.031772
1718924366.099979162 0.619529 -7.653094 0.063373 0.008962 0.001709 0.999463 0.031470
1718924366.099979162 0.619529 -7.653094 0.063373 0.008962 0.001709 0.999463 0.031470
1718924366.100751400 0.619524 -7.653082 0.063435 0.008969 0.001708 0.999465 0.031415
1718924366.105739594 0.619491 -7.653005 0.063840 0.009021 0.001726 0.999476 0.031032
1718924366.110733747 0.619458 -7.652931 0.064238 0.009080 0.001730 0.999488 0.030628
1718924366.115789175 0.619426 -7.652853 0.064633 0.009137 0.001719 0.999500 0.030223
1718924366.199988127 0.619491 -7.652066 0.070192 0.009038 0.003092 0.999667 0.023966
1718924366.199988127 0.619491 -7.652066 0.070192 0.009038 0.003092 0.999667 0.023966
1718924366.205747604 0.619545 -7.652063 0.070506 0.009033 0.003183 0.999677 0.023537
1718924366.210744143 0.619597 -7.652060 0.070775 0.009022 0.003210 0.999686 0.023171
1718924366.215780735 0.619653 -7.652055 0.071049 0.009032 0.003184 0.999694 0.022802
1718924366.220758438 0.619710 -7.652052 0.071327 0.009062 0.003146 0.999702 0.022435
1718924366.225802183 0.619769 -7.652053 0.071613 0.009119 0.003124 0.999710 0.022066
1718924366.230774164 0.619827 -7.652061 0.071899 0.009177 0.003146 0.999717 0.021704
1718924366.235751390 0.619886 -7.652072 0.072187 0.009242 0.003190 0.999724 0.021341
1718924366.240798950 0.619948 -7.652087 0.072479 0.009315 0.003242 0.999731 0.020978
1718924366.245790005 0.620010 -7.652106 0.072763 0.009377 0.003302 0.999738 0.020616
1718924366.250748396 0.620071 -7.652129 0.073038 0.009429 0.003356 0.999745 0.020250
1718924366.255736113 0.620133 -7.652157 0.073310 0.009458 0.003383 0.999752 0.019892
1718924366.260766983 0.620196 -7.652185 0.073583 0.009474 0.003355 0.999758 0.019545
1718924366.265784025 0.620258 -7.652214 0.073860 0.009492 0.003289 0.999765 0.019200
1718924366.270851851 0.620317 -7.652246 0.074147 0.009521 0.003208 0.999772 0.018842
1718924366.275739670 0.620371 -7.652280 0.074429 0.009560 0.003116 0.999778 0.018492
1718924366.280779123 0.620425 -7.652318 0.074723 0.009596 0.003022 0.999785 0.018123
1718924366.285776854 0.620475 -7.652358 0.075013 0.009626 0.002924 0.999792 0.017758
1718924366.290802002 0.620525 -7.652403 0.075297 0.009649 0.002842 0.999798 0.017383
1718924366.295777321 0.620572 -7.652456 0.075568 0.009665 0.002826 0.999805 0.016989
1718924366.299989223 0.620609 -7.652510 0.075791 0.009679 0.002860 0.999811 0.016638
1718924366.299989223 0.620609 -7.652510 0.075791 0.009679 0.002860 0.999811 0.016638
1718924366.300759315 0.620616 -7.652521 0.075831 0.009681 0.002867 0.999812 0.016573
1718924366.305735111 0.620657 -7.652591 0.076091 0.009712 0.002934 0.999818 0.016156
1718924366.310739756 0.620700 -7.652665 0.076349 0.009763 0.002987 0.999824 0.015736
1718924366.390793324 0.621362 -7.653646 0.082191 0.010614 0.003652 0.999867 0.011828
1718924366.395776749 0.621404 -7.653696 0.082666 0.010661 0.003719 0.999869 0.011576
1718924366.399984121 0.621441 -7.653739 0.083064 0.010698 0.003769 0.999871 0.011354
1718924366.399984121 0.621441 -7.653739 0.083064 0.010698 0.003769 0.999871 0.011354
1718924366.400736094 0.621448 -7.653747 0.083134 0.010705 0.003777 0.999872 0.011315
1718924366.405773640 0.621498 -7.653799 0.083591 0.010757 0.003786 0.999874 0.011041
1718924366.410796404 0.621551 -7.653849 0.084027 0.010811 0.003758 0.999877 0.010762
1718924366.415792227 0.621603 -7.653897 0.084442 0.010867 0.003721 0.999879 0.010474
1718924366.420773268 0.621655 -7.653946 0.084846 0.010930 0.003679 0.999882 0.010183
1718924366.425795317 0.621707 -7.653998 0.085253 0.011000 0.003635 0.999884 0.009891
1718924366.430780172 0.621759 -7.654050 0.085668 0.011075 0.003590 0.999886 0.009611
1718924366.435786247 0.621810 -7.654104 0.086098 0.011158 0.003552 0.999888 0.009328
1718924366.440754890 0.621861 -7.654161 0.086539 0.011229 0.003533 0.999890 0.009038
1718924366.445785761 0.621914 -7.654222 0.086993 0.011292 0.003520 0.999892 0.008764
1718924366.450746536 0.621968 -7.654281 0.087440 0.011344 0.003491 0.999893 0.008501
1718924366.455785036 0.622025 -7.654341 0.087884 0.011383 0.003442 0.999895 0.008247
1718924366.460838079 0.622085 -7.654400 0.088314 0.011417 0.003398 0.999897 0.008004
1718924366.465810061 0.622146 -7.654456 0.088719 0.011450 0.003377 0.999898 0.007792
1718924366.470770836 0.622209 -7.654510 0.089110 0.011492 0.003378 0.999899 0.007608
1718924366.475792408 0.622275 -7.654560 0.089500 0.011543 0.003399 0.999900 0.007450
1718924366.480757236 0.622341 -7.654604 0.089888 0.011595 0.003445 0.999900 0.007324
1718924366.485748529 0.622410 -7.654641 0.090284 0.011645 0.003498 0.999900 0.007231
1718924366.490762234 0.622482 -7.654666 0.090688 0.011681 0.003519 0.999900 0.007175
1718924366.495741367 0.622557 -7.654677 0.091093 0.011703 0.003499 0.999900 0.007158
1718924366.499978304 0.622624 -7.654677 0.091439 0.011716 0.003459 0.999900 0.007156
1718924366.499978304 0.622624 -7.654677 0.091439 0.011716 0.003459 0.999900 0.007156
1718924366.500800848 0.622637 -7.654676 0.091508 0.011717 0.003453 0.999900 0.007156
1718924366.505744457 0.622716 -7.654664 0.091917 0.011733 0.003410 0.999900 0.007175
1718924366.510755062 0.622797 -7.654644 0.092328 0.011767 0.003370 0.999899 0.007210
1718924366.555749655 0.623485 -7.654659 0.095409 0.012118 0.003112 0.999902 0.006264
1718924366.560755253 0.623547 -7.654680 0.095681 0.012129 0.003125 0.999903 0.006125
1718924366.565741062 0.623608 -7.654706 0.095941 0.012137 0.003147 0.999904 0.005965
1718924366.570797205 0.623670 -7.654734 0.096201 0.012150 0.003183 0.999905 0.005764
1718924366.575753689 0.623732 -7.654763 0.096457 0.012160 0.003214 0.999905 0.005555
1718924366.580764771 0.623794 -7.654793 0.096724 0.012165 0.003245 0.999906 0.005339
1718924366.585789442 0.623857 -7.654821 0.097002 0.012171 0.003286 0.999908 0.005100
1718924366.590751886 0.623919 -7.654845 0.097284 0.012186 0.003324 0.999908 0.004864
1718924366.595784426 0.623983 -7.654863 0.097575 0.012200 0.003341 0.999909 0.004635
1718924366.599986315 0.624037 -7.654873 0.097818 0.012210 0.003344 0.999910 0.004461
1718924366.599986315 0.624037 -7.654873 0.097818 0.012210 0.003344 0.999910 0.004461
1718924366.600796938 0.624048 -7.654875 0.097865 0.012213 0.003343 0.999910 0.004427
1718924366.605782270 0.624115 -7.654883 0.098148 0.012235 0.003336 0.999911 0.004239
1718924366.610742807 0.624184 -7.654887 0.098424 0.012252 0.003339 0.999911 0.004063
1718924366.615801573 0.624257 -7.654886 0.098702 0.012270 0.003352 0.999912 0.003891
1718924366.620752096 0.624329 -7.654879 0.098974 0.012285 0.003366 0.999912 0.003742
1718924366.625812292 0.624405 -7.654865 0.099256 0.012306 0.003383 0.999912 0.003618
1718924366.630859137 0.624483 -7.654844 0.099545 0.012332 0.003395 0.999912 0.003518
1718924366.635786533 0.624560 -7.654818 0.099839 0.012364 0.003395 0.999912 0.003441
1718924366.640753984 0.624638 -7.654787 0.100147 0.012406 0.003367 0.999912 0.003379
1718924366.645740986 0.624717 -7.654753 0.100465 0.012458 0.003305 0.999911 0.003325
1718924366.650754929 0.624797 -7.654716 0.100787 0.012509 0.003222 0.999911 0.003281
1718924366.655789852 0.624878 -7.654678 0.101108 0.012565 0.003122 0.999911 0.003232
1718924366.660772800 0.624960 -7.654641 0.101418 0.012620 0.002999 0.999911 0.003175
1718924366.665792227 0.625043 -7.654607 0.101723 0.012673 0.002863 0.999911 0.003117
1718924366.670765638 0.625125 -7.654575 0.102022 0.012726 0.002706 0.999911 0.003047
1718924366.675756216 0.625207 -7.654546 0.102323 0.012786 0.002522 0.999911 0.002953
1718924366.680758476 0.625287 -7.654521 0.102628 0.012838 0.002315 0.999911 0.002831
1718924366.685786486 0.625365 -7.654503 0.102937 0.012882 0.002110 0.999911 0.002677
1718924366.690741539 0.625439 -7.654492 0.103240 0.012923 0.001949 0.999911 0.002497
1718924366.695784569 0.625511 -7.654490 0.103543 0.012959 0.001841 0.999912 0.002297
1718924366.699905157 0.625567 -7.654494 0.103788 0.012989 0.001790 0.999912 0.002116
1718924366.699905157 0.625567 -7.654494 0.103788 0.012989 0.001790 0.999912 0.002116
1718924366.700747490 0.625578 -7.654496 0.103839 0.012993 0.001782 0.999912 0.002079
1718924366.705783844 0.625644 -7.654508 0.104139 0.013020 0.001745 0.999912 0.001826
1718924366.710749865 0.625707 -7.654522 0.104430 0.013047 0.001717 0.999912 0.001554
1718924366.715788841 0.625768 -7.654538 0.104723 0.013077 0.001681 0.999912 0.001266
1718924366.765741110 0.626375 -7.654654 0.107191 0.013314 0.001260 0.999910 -0.000481
1718924366.770766973 0.626429 -7.654646 0.107406 0.013302 0.001271 0.999910 -0.000651
1718924366.775750875 0.626483 -7.654635 0.107610 0.013286 0.001304 0.999911 -0.000804
1718924366.780773401 0.626535 -7.654620 0.107811 0.013264 0.001364 0.999911 -0.000938
1718924366.785753012 0.626586 -7.654601 0.108009 0.013240 0.001448 0.999911 -0.001065
1718924366.790786982 0.626638 -7.654577 0.108210 0.013213 0.001548 0.999911 -0.001201
1718924366.795740843 0.626688 -7.654546 0.108409 0.013178 0.001649 0.999911 -0.001341
1718924366.799989223 0.626730 -7.654513 0.108582 0.013150 0.001718 0.999911 -0.001465
1718924366.799989223 0.626730 -7.654513 0.108582 0.013150 0.001718 0.999911 -0.001465
1718924366.800736427 0.626738 -7.654507 0.108612 0.013145 0.001730 0.999911 -0.001487
1718924366.805741310 0.626790 -7.654463 0.108797 0.013126 0.001789 0.999911 -0.001634
1718924366.810735226 0.626844 -7.654412 0.108979 0.013117 0.001838 0.999911 -0.001777
1718924366.815752029 0.626899 -7.654355 0.109155 0.013132 0.001869 0.999910 -0.001930
1718924366.820771217 0.626955 -7.654292 0.109325 0.013163 0.001885 0.999909 -0.002082
1718924366.825757027 0.627008 -7.654226 0.109487 0.013206 0.001904 0.999909 -0.002227
1718924366.830870152 0.627063 -7.654156 0.109653 0.013259 0.001927 0.999907 -0.002379
1718924366.835789204 0.627116 -7.654085 0.109816 0.013303 0.001937 0.999906 -0.002520
1718924366.840822935 0.627170 -7.654012 0.109992 0.013341 0.001925 0.999906 -0.002664
1718924366.845742702 0.627222 -7.653942 0.110174 0.013371 0.001892 0.999905 -0.002793
1718924366.850808382 0.627275 -7.653873 0.110370 0.013395 0.001849 0.999904 -0.002911
1718924366.855746269 0.627326 -7.653810 0.110568 0.013417 0.001793 0.999904 -0.003030
1718924366.860827208 0.627376 -7.653750 0.110772 0.013446 0.001730 0.999903 -0.003153
1718924366.865746737 0.627423 -7.653698 0.110967 0.013478 0.001675 0.999902 -0.003272
1718924366.870765209 0.627469 -7.653652 0.111161 0.013514 0.001621 0.999902 -0.003391
1718924366.875766516 0.627515 -7.653614 0.111348 0.013547 0.001569 0.999901 -0.003504
1718924366.880773067 0.627560 -7.653583 0.111529 0.013578 0.001525 0.999900 -0.003621
1718924366.885742903 0.627602 -7.653562 0.111704 0.013601 0.001497 0.999899 -0.003752
1718924366.890743971 0.627643 -7.653551 0.111874 0.013616 0.001491 0.999899 -0.003889
1718924366.895740271 0.627682 -7.653549 0.112038 0.013622 0.001507 0.999898 -0.004027
1718924366.899997234 0.627714 -7.653552 0.112177 0.013623 0.001538 0.999897 -0.004136
1718924366.899997234 0.627714 -7.653552 0.112177 0.013623 0.001538 0.999897 -0.004136
1718924366.900737762 0.627720 -7.653553 0.112206 0.013623 0.001544 0.999897 -0.004155
1718924366.905740738 0.627756 -7.653562 0.112396 0.013617 0.001612 0.999897 -0.004278
1718924366.910769224 0.627792 -7.653576 0.112588 0.013611 0.001705 0.999896 -0.004408
1718924366.965756655 0.628362 -7.653447 0.114235 0.013943 0.001952 0.999877 -0.006968
1718924366.970759869 0.628411 -7.653373 0.114357 0.013962 0.001983 0.999875 -0.007191
1718924366.975750208 0.628459 -7.653290 0.114475 0.013978 0.001987 0.999873 -0.007399
1718924366.980832100 0.628507 -7.653196 0.114593 0.013995 0.001985 0.999871 -0.007615
1718924366.985764027 0.628552 -7.653100 0.114709 0.014013 0.001999 0.999869 -0.007818
1718924366.990754128 0.628596 -7.652996 0.114828 0.014021 0.002028 0.999868 -0.008001
1718924366.995741606 0.628638 -7.652886 0.114951 0.014027 0.002056 0.999866 -0.008161
1718924367.000761747 0.628679 -7.652768 0.115079 0.014031 0.002077 0.999865 -0.008310
1718924367.005780697 0.628719 -7.652644 0.115209 0.014033 0.002105 0.999864 -0.008427
1718924367.010751009 0.628757 -7.652516 0.115337 0.014038 0.002131 0.999863 -0.008516
1718924367.015755653 0.628793 -7.652381 0.115465 0.014046 0.002147 0.999862 -0.008573
1718924367.020826340 0.628827 -7.652241 0.115591 0.014058 0.002159 0.999862 -0.008599
1718924367.025757313 0.628860 -7.652100 0.115709 0.014068 0.002166 0.999862 -0.008598
1718924367.030759811 0.628891 -7.651956 0.115824 0.014071 0.002160 0.999862 -0.008570
1718924367.035800934 0.628921 -7.651809 0.115937 0.014070 0.002151 0.999862 -0.008517
1718924367.040773630 0.628948 -7.651665 0.116047 0.014068 0.002137 0.999863 -0.008446
1718924367.045743942 0.628973 -7.651521 0.116157 0.014070 0.002122 0.999864 -0.008370
1718924367.050785542 0.628996 -7.651376 0.116273 0.014080 0.002107 0.999864 -0.008279
1718924367.055743217 0.629014 -7.651235 0.116388 0.014092 0.002077 0.999865 -0.008182
1718924367.060782671 0.629029 -7.651096 0.116506 0.014107 0.002047 0.999866 -0.008087
1718924367.065751553 0.629040 -7.650963 0.116621 0.014114 0.002018 0.999866 -0.008004
1718924367.070789814 0.629048 -7.650831 0.116735 0.014116 0.001983 0.999867 -0.007924
1718924367.075787306 0.629052 -7.650706 0.116846 0.014121 0.001954 0.999868 -0.007857
1718924367.080743790 0.629053 -7.650587 0.116954 0.014124 0.001941 0.999868 -0.007800
1718924367.085745573 0.629048 -7.650472 0.117062 0.014132 0.001934 0.999868 -0.007771
1718924367.090745926 0.629040 -7.650364 0.117170 0.014140 0.001931 0.999868 -0.007766
1718924367.095748186 0.629027 -7.650261 0.117280 0.014147 0.001921 0.999868 -0.007778
1718924367.099988222 0.629014 -7.650178 0.117376 0.014152 0.001911 0.999868 -0.007804
1718924367.099988222 0.629014 -7.650178 0.117376 0.014152 0.001911 0.999868 -0.007804
1718924367.100742817 0.629012 -7.650164 0.117395 0.014152 0.001911 0.999868 -0.007809
1718924367.105748415 0.628997 -7.650078 0.117523 0.014156 0.001912 0.999867 -0.007847
1718924367.110814810 0.628980 -7.649996 0.117654 0.014155 0.001912 0.999867 -0.007894
1718924367.115756512 0.628961 -7.649922 0.117782 0.014156 0.001912 0.999866 -0.007956
1718924367.199986219 0.628410 -7.649598 0.117919 0.014528 0.000038 0.999845 -0.009914
1718924367.199986219 0.628410 -7.649598 0.117919 0.014528 0.000038 0.999845 -0.009914
1718924367.205752373 0.628355 -7.649638 0.117781 0.014554 -0.000092 0.999844 -0.010048
1718924367.210744381 0.628306 -7.649679 0.117647 0.014569 -0.000158 0.999842 -0.010175
1718924367.215759039 0.628255 -7.649725 0.117499 0.014573 -0.000196 0.999841 -0.010312
1718924367.220745564 0.628203 -7.649770 0.117344 0.014579 -0.000229 0.999839 -0.010448
1718924367.225767851 0.628151 -7.649815 0.117187 0.014590 -0.000265 0.999838 -0.010584
1718924367.230748415 0.628099 -7.649856 0.117036 0.014605 -0.000298 0.999836 -0.010717
1718924367.235769987 0.628047 -7.649895 0.116890 0.014627 -0.000325 0.999834 -0.010851
1718924367.240759373 0.627995 -7.649928 0.116753 0.014654 -0.000362 0.999832 -0.010977
1718924367.245747805 0.627945 -7.649955 0.116621 0.014677 -0.000410 0.999831 -0.011097
1718924367.250759840 0.627896 -7.649977 0.116489 0.014697 -0.000455 0.999829 -0.011201
1718924367.255741358 0.627851 -7.649994 0.116355 0.014714 -0.000491 0.999828 -0.011291
1718924367.260761976 0.627806 -7.650006 0.116217 0.014733 -0.000534 0.999827 -0.011367
1718924367.265743732 0.627761 -7.650011 0.116075 0.014757 -0.000590 0.999826 -0.011423
1718924367.270760059 0.627716 -7.650009 0.115931 0.014782 -0.000660 0.999825 -0.011472
1718924367.275766611 0.627672 -7.650001 0.115789 0.014811 -0.000732 0.999824 -0.011514
1718924367.280776978 0.627627 -7.649989 0.115651 0.014839 -0.000797 0.999823 -0.011541
1718924367.285779238 0.627581 -7.649974 0.115517 0.014867 -0.000865 0.999822 -0.011562
1718924367.290798903 0.627535 -7.649956 0.115388 0.014896 -0.000953 0.999822 -0.011575
1718924367.295745850 0.627490 -7.649937 0.115266 0.014929 -0.001047 0.999821 -0.011594
1718924367.299985170 0.627450 -7.649920 0.115164 0.014962 -0.001127 0.999820 -0.011610
1718924367.299985170 0.627450 -7.649920 0.115164 0.014962 -0.001127 0.999820 -0.011610
1718924367.300734043 0.627443 -7.649917 0.115148 0.014967 -0.001139 0.999820 -0.011613
1718924367.305746555 0.627394 -7.649899 0.115040 0.015001 -0.001218 0.999819 -0.011639
1718924367.310739279 0.627344 -7.649887 0.114934 0.015043 -0.001297 0.999818 -0.011684
1718924367.399998188 0.626813 -7.648963 0.112966 0.014433 -0.000686 0.999815 -0.012697
1718924367.399998188 0.626813 -7.648963 0.112966 0.014433 -0.000686 0.999815 -0.012697
1718924367.400751352 0.626813 -7.648948 0.112951 0.014427 -0.000679 0.999815 -0.012705
1718924367.415757418 0.626824 -7.648641 0.112614 0.014360 -0.000564 0.999815 -0.012750
1718924367.420747519 0.626826 -7.648518 0.112501 0.014339 -0.000509 0.999815 -0.012774
1718924367.425763607 0.626831 -7.648387 0.112384 0.014323 -0.000446 0.999815 -0.012811
1718924367.430768490 0.626837 -7.648249 0.112264 0.014311 -0.000385 0.999815 -0.012860
1718924367.435751200 0.626844 -7.648105 0.112141 0.014295 -0.000331 0.999814 -0.012916
1718924367.440735340 0.626854 -7.647953 0.112016 0.014282 -0.000293 0.999814 -0.012980
1718924367.445751190 0.626865 -7.647795 0.111890 0.014279 -0.000277 0.999813 -0.013060
1718924367.450770617 0.626880 -7.647630 0.111762 0.014293 -0.000282 0.999811 -0.013143
1718924367.455765963 0.626895 -7.647463 0.111633 0.014318 -0.000297 0.999810 -0.013225
1718924367.460745335 0.626911 -7.647295 0.111504 0.014335 -0.000309 0.999809 -0.013313
1718924367.465751886 0.626929 -7.647126 0.111374 0.014348 -0.000314 0.999807 -0.013408
1718924367.470793724 0.626948 -7.646957 0.111244 0.014354 -0.000311 0.999806 -0.013502
1718924367.475741863 0.626970 -7.646793 0.111119 0.014345 -0.000301 0.999805 -0.013594
1718924367.480750322 0.626995 -7.646631 0.110996 0.014332 -0.000282 0.999804 -0.013678
1718924367.485745668 0.627022 -7.646472 0.110877 0.014324 -0.000279 0.999803 -0.013749
1718924367.490820408 0.627051 -7.646314 0.110758 0.014325 -0.000282 0.999802 -0.013812
1718924367.495741606 0.627079 -7.646166 0.110644 0.014330 -0.000280 0.999801 -0.013864
1718924367.499985218 0.627105 -7.646043 0.110544 0.014334 -0.000273 0.999800 -0.013908
1718924367.499985218 0.627105 -7.646043 0.110544 0.014334 -0.000273 0.999800 -0.013908
1718924367.500788927 0.627110 -7.646020 0.110526 0.014333 -0.000270 0.999800 -0.013917
1718924367.505737066 0.627141 -7.645882 0.110415 0.014325 -0.000251 0.999800 -0.013954
1718924367.510751009 0.627174 -7.645750 0.110300 0.014310 -0.000225 0.999800 -0.013979
1718924367.555759907 0.627461 -7.644824 0.109208 0.014227 -0.000119 0.999796 -0.014311
1718924367.560817480 0.627480 -7.644734 0.109088 0.014211 -0.000093 0.999796 -0.014348
1718924367.565759182 0.627497 -7.644651 0.108970 0.014198 -0.000070 0.999796 -0.014391
1718924367.570789337 0.627511 -7.644571 0.108852 0.014188 -0.000040 0.999795 -0.014450
1718924367.575751305 0.627523 -7.644495 0.108735 0.014173 -0.000005 0.999794 -0.014515
1718924367.580758333 0.627534 -7.644421 0.108618 0.014162 0.000039 0.999793 -0.014596
1718924367.585756779 0.627544 -7.644349 0.108501 0.014142 0.000087 0.999792 -0.014682
1718924367.590749979 0.627554 -7.644279 0.108382 0.014120 0.000132 0.999791 -0.014765
1718924367.595744848 0.627565 -7.644209 0.108264 0.014107 0.000169 0.999790 -0.014850
1718924367.599988222 0.627573 -7.644151 0.108162 0.014105 0.000193 0.999789 -0.014916
1718924367.599988222 0.627573 -7.644151 0.108162 0.014105 0.000193 0.999789 -0.014916
1718924367.600747585 0.627575 -7.644141 0.108144 0.014105 0.000197 0.999789 -0.014928
1718924367.605751038 0.627590 -7.644077 0.108024 0.014109 0.000212 0.999788 -0.014997
1718924367.610791206 0.627605 -7.644014 0.107902 0.014111 0.000225 0.999787 -0.015068
1718924367.615810871 0.627620 -7.643951 0.107780 0.014108 0.000245 0.999786 -0.015138
1718924367.620770454 0.627636 -7.643888 0.107662 0.014100 0.000282 0.999785 -0.015202
1718924367.625797749 0.627652 -7.643825 0.107545 0.014080 0.000327 0.999784 -0.015270
1718924367.630833626 0.627669 -7.643760 0.107432 0.014063 0.000368 0.999783 -0.015339
1718924367.635811090 0.627687 -7.643694 0.107323 0.014049 0.000403 0.999783 -0.015400
1718924367.640757799 0.627705 -7.643627 0.107214 0.014046 0.000431 0.999782 -0.015460
1718924367.645739317 0.627723 -7.643558 0.107101 0.014055 0.000457 0.999781 -0.015527
1718924367.650777340 0.627743 -7.643487 0.106981 0.014074 0.000483 0.999779 -0.015592
1718924367.655755520 0.627763 -7.643416 0.106856 0.014089 0.000509 0.999778 -0.015640
1718924367.660764933 0.627784 -7.643344 0.106725 0.014104 0.000524 0.999777 -0.015684
1718924367.665807724 0.627805 -7.643271 0.106592 0.014115 0.000548 0.999776 -0.015730
1718924367.670772314 0.627827 -7.643199 0.106463 0.014126 0.000575 0.999776 -0.015769
1718924367.675799847 0.627848 -7.643127 0.106338 0.014133 0.000591 0.999775 -0.015802
1718924367.680758476 0.627869 -7.643057 0.106222 0.014138 0.000590 0.999774 -0.015834
1718924367.685753584 0.627890 -7.642987 0.106108 0.014148 0.000581 0.999774 -0.015865
1718924367.690759659 0.627910 -7.642920 0.105995 0.014157 0.000579 0.999773 -0.015886
1718924367.695783854 0.627930 -7.642854 0.105877 0.014166 0.000586 0.999773 -0.015902
1718924367.699906111 0.627945 -7.642802 0.105777 0.014169 0.000600 0.999773 -0.015909
1718924367.699906111 0.627945 -7.642802 0.105777 0.014169 0.000600 0.999773 -0.015909
1718924367.700756550 0.627948 -7.642791 0.105758 0.014168 0.000604 0.999773 -0.015910
1718924367.705751657 0.627960 -7.642728 0.105643 0.014168 0.000631 0.999773 -0.015924
1718924367.710790634 0.627971 -7.642667 0.105526 0.014170 0.000662 0.999772 -0.015932
1718924367.715756893 0.627982 -7.642609 0.105412 0.014171 0.000684 0.999772 -0.015937
1718924367.790746212 0.627337 -7.641713 0.104026 0.014300 0.000529 0.999764 -0.016346
1718924367.795772314 0.627334 -7.641657 0.103905 0.014299 0.000523 0.999764 -0.016364
1718924367.799990177 0.627331 -7.641610 0.103803 0.014294 0.000514 0.999764 -0.016377
1718924367.799990177 0.627331 -7.641610 0.103803 0.014294 0.000514 0.999764 -0.016377
1718924367.800754070 0.627331 -7.641603 0.103786 0.014293 0.000512 0.999764 -0.016379
1718924367.805791616 0.627328 -7.641557 0.103672 0.014300 0.000495 0.999763 -0.016397
1718924367.810781002 0.627325 -7.641512 0.103559 0.014309 0.000490 0.999763 -0.016410
1718924367.815773249 0.627322 -7.641467 0.103447 0.014323 0.000485 0.999762 -0.016428
1718924367.820759773 0.627319 -7.641421 0.103335 0.014333 0.000481 0.999762 -0.016441
1718924367.825784206 0.627317 -7.641374 0.103222 0.014343 0.000483 0.999762 -0.016453
1718924367.830772161 0.627316 -7.641327 0.103111 0.014353 0.000484 0.999761 -0.016463
1718924367.835795403 0.627315 -7.641278 0.102999 0.014360 0.000479 0.999761 -0.016465
1718924367.840759993 0.627315 -7.641229 0.102887 0.014370 0.000474 0.999761 -0.016473
1718924367.845795870 0.627315 -7.641178 0.102773 0.014379 0.000472 0.999761 -0.016481
1718924367.850797415 0.627316 -7.641127 0.102659 0.014390 0.000474 0.999760 -0.016488
1718924367.855762243 0.627317 -7.641074 0.102545 0.014399 0.000473 0.999760 -0.016488
1718924367.860819578 0.627318 -7.641021 0.102429 0.014404 0.000469 0.999760 -0.016482
1718924367.865812063 0.627320 -7.640968 0.102316 0.014404 0.000465 0.999760 -0.016471
1718924367.870758295 0.627322 -7.640916 0.102203 0.014406 0.000460 0.999761 -0.016458
1718924367.875808716 0.627325 -7.640863 0.102089 0.014417 0.000460 0.999761 -0.016451
1718924367.880763769 0.627329 -7.640812 0.101976 0.014427 0.000464 0.999761 -0.016444
1718924367.885742188 0.627334 -7.640762 0.101863 0.014433 0.000460 0.999761 -0.016431
1718924367.890754938 0.627339 -7.640712 0.101747 0.014439 0.000446 0.999761 -0.016414
1718924367.895784140 0.627344 -7.640664 0.101631 0.014452 0.000437 0.999761 -0.016399
1718924367.900024176 0.627348 -7.640624 0.101534 0.014456 0.000435 0.999761 -0.016400
1718924367.900024176 0.627348 -7.640624 0.101534 0.014456 0.000435 0.999761 -0.016400
1718924367.900752783 0.627349 -7.640618 0.101519 0.014456 0.000435 0.999761 -0.016401
1718924367.905755281 0.627353 -7.640575 0.101414 0.014453 0.000441 0.999761 -0.016413
1718924367.910842896 0.627358 -7.640534 0.101309 0.014457 0.000446 0.999761 -0.016421
1718924367.960754871 0.627375 -7.640323 0.100282 0.014565 0.000390 0.999756 -0.016600
1718924367.965752840 0.627360 -7.640300 0.100178 0.014561 0.000398 0.999756 -0.016618
1718924367.970824003 0.627344 -7.640280 0.100073 0.014560 0.000413 0.999756 -0.016635
1718924367.975819826 0.627327 -7.640262 0.099969 0.014557 0.000429 0.999755 -0.016664
1718924367.980810404 0.627310 -7.640245 0.099865 0.014548 0.000442 0.999755 -0.016690
1718924367.985782623 0.627292 -7.640228 0.099763 0.014549 0.000453 0.999754 -0.016708
1718924367.990747929 0.627273 -7.640214 0.099661 0.014553 0.000468 0.999754 -0.016730
1718924367.995800018 0.627252 -7.640200 0.099558 0.014552 0.000482 0.999754 -0.016756
1718924368.000798941 0.627229 -7.640187 0.099456 0.014551 0.000498 0.999753 -0.016777
1718924368.005790234 0.627202 -7.640176 0.099356 0.014549 0.000520 0.999753 -0.016797
1718924368.010809422 0.627172 -7.640164 0.099257 0.014532 0.000555 0.999753 -0.016819
1718924368.015761614 0.627140 -7.640154 0.099162 0.014511 0.000596 0.999753 -0.016842
1718924368.020762444 0.627104 -7.640143 0.099068 0.014482 0.000638 0.999753 -0.016864
1718924368.025765657 0.627065 -7.640132 0.098976 0.014452 0.000661 0.999753 -0.016891
1718924368.030767679 0.627024 -7.640123 0.098885 0.014424 0.000670 0.999752 -0.016930
1718924368.035767794 0.626979 -7.640113 0.098794 0.014393 0.000686 0.999752 -0.016975
1718924368.040781260 0.626933 -7.640105 0.098704 0.014362 0.000697 0.999752 -0.017020
1718924368.045835257 0.626884 -7.640097 0.098615 0.014328 0.000704 0.999751 -0.017073
1718924368.050772905 0.626834 -7.640090 0.098530 0.014292 0.000717 0.999751 -0.017128
1718924368.055743456 0.626782 -7.640085 0.098447 0.014247 0.000732 0.999751 -0.017172
1718924368.060756683 0.626728 -7.640083 0.098366 0.014191 0.000750 0.999751 -0.017205
1718924368.065751553 0.626675 -7.640083 0.098288 0.014127 0.000774 0.999751 -0.017239
1718924368.070741653 0.626624 -7.640085 0.098211 0.014068 0.000801 0.999751 -0.017283
1718924368.075746775 0.626572 -7.640089 0.098133 0.014035 0.000832 0.999751 -0.017321
1718924368.080751896 0.626519 -7.640095 0.098048 0.014023 0.000866 0.999751 -0.017356
1718924368.085746765 0.626464 -7.640102 0.097954 0.014028 0.000897 0.999750 -0.017393
1718924368.090751410 0.626408 -7.640112 0.097850 0.014039 0.000932 0.999749 -0.017434
1718924368.095753670 0.626350 -7.640125 0.097737 0.014050 0.000969 0.999748 -0.017478
1718924368.099983931 0.626300 -7.640138 0.097638 0.014052 0.000992 0.999747 -0.017511
1718924368.099983931 0.626300 -7.640138 0.097638 0.014052 0.000992 0.999747 -0.017511
1718924368.100753784 0.626291 -7.640141 0.097621 0.014052 0.000997 0.999747 -0.017517
1718924368.105757713 0.626231 -7.640163 0.097516 0.014049 0.001027 0.999747 -0.017561
1718924368.110753536 0.626168 -7.640189 0.097415 0.014049 0.001049 0.999746 -0.017598
1718924368.115749836 0.626103 -7.640218 0.097322 0.014044 0.001066 0.999746 -0.017616
1718924368.199980974 0.624532 -7.640740 0.095948 0.014100 0.001044 0.999743 -0.017738
1718924368.199980974 0.624532 -7.640740 0.095948 0.014100 0.001044 0.999743 -0.017738
1718924368.215802908 0.624152 -7.640858 0.095711 0.014115 0.001039 0.999742 -0.017757
1718924368.220792532 0.624024 -7.640893 0.095642 0.014117 0.001036 0.999742 -0.017768
1718924368.225828648 0.623891 -7.640928 0.095572 0.014116 0.001035 0.999742 -0.017778
1718924368.230848789 0.623754 -7.640962 0.095501 0.014121 0.001035 0.999741 -0.017802
1718924368.235822201 0.623615 -7.640994 0.095430 0.014127 0.001044 0.999741 -0.017820
1718924368.240769148 0.623474 -7.641026 0.095358 0.014134 0.001059 0.999741 -0.017833
1718924368.245790243 0.623328 -7.641058 0.095284 0.014141 0.001071 0.999740 -0.017864
1718924368.250820875 0.623179 -7.641090 0.095210 0.014145 0.001080 0.999739 -0.017886
1718924368.255820513 0.623030 -7.641120 0.095137 0.014149 0.001088 0.999739 -0.017896
1718924368.260769129 0.622882 -7.641150 0.095066 0.014149 0.001098 0.999739 -0.017904
1718924368.265753269 0.622732 -7.641180 0.094996 0.014146 0.001101 0.999739 -0.017904
1718924368.270765066 0.622580 -7.641209 0.094926 0.014156 0.001100 0.999739 -0.017901
1718924368.275771618 0.622429 -7.641239 0.094857 0.014172 0.001102 0.999739 -0.017906
1718924368.280764103 0.622278 -7.641270 0.094790 0.014192 0.001094 0.999738 -0.017915
1718924368.285746574 0.622129 -7.641301 0.094724 0.014211 0.001079 0.999738 -0.017916
1718924368.290756464 0.621980 -7.641333 0.094661 0.014226 0.001060 0.999738 -0.017907
1718924368.295753479 0.621833 -7.641367 0.094603 0.014255 0.001030 0.999738 -0.017896
1718924368.299983025 0.621709 -7.641400 0.094558 0.014289 0.000997 0.999737 -0.017899
1718924368.299983025 0.621709 -7.641400 0.094558 0.014289 0.000997 0.999737 -0.017899
1718924368.300789595 0.621686 -7.641407 0.094551 0.014295 0.000991 0.999737 -0.017899
1718924368.305754900 0.621540 -7.641451 0.094512 0.014336 0.000953 0.999736 -0.017908
1718924368.310744047 0.621391 -7.641503 0.094477 0.014384 0.000913 0.999736 -0.017921
1718924368.365816116 0.619713 -7.642510 0.094236 0.014498 0.001054 0.999716 -0.018878
1718924368.370765924 0.619554 -7.642633 0.094232 0.014512 0.001060 0.999714 -0.018966
1718924368.375778675 0.619392 -7.642762 0.094230 0.014539 0.001050 0.999712 -0.019055
1718924368.380777359 0.619228 -7.642893 0.094230 0.014571 0.001032 0.999710 -0.019144
1718924368.385756969 0.619062 -7.643029 0.094229 0.014606 0.001017 0.999708 -0.019229
1718924368.390751362 0.618894 -7.643171 0.094223 0.014631 0.001020 0.999706 -0.019317
1718924368.395787239 0.618723 -7.643317 0.094210 0.014642 0.001056 0.999704 -0.019413
1718924368.399987936 0.618581 -7.643439 0.094194 0.014642 0.001093 0.999702 -0.019484
1718924368.399987936 0.618581 -7.643439 0.094194 0.014642 0.001093 0.999702 -0.019484
1718924368.400770664 0.618555 -7.643462 0.094191 0.014642 0.001101 0.999702 -0.019497
1718924368.405793428 0.618383 -7.643612 0.094170 0.014642 0.001138 0.999701 -0.019576
1718924368.410804272 0.618208 -7.643760 0.094148 0.014652 0.001158 0.999699 -0.019650
1718924368.415811300 0.618030 -7.643906 0.094128 0.014664 0.001167 0.999697 -0.019728
1718924368.420782804 0.617852 -7.644049 0.094112 0.014684 0.001159 0.999695 -0.019798
1718924368.425770998 0.617670 -7.644189 0.094101 0.014711 0.001147 0.999694 -0.019857
1718924368.430770636 0.617485 -7.644326 0.094094 0.014741 0.001136 0.999692 -0.019912
1718924368.435763359 0.617298 -7.644458 0.094091 0.014768 0.001136 0.999691 -0.019968
1718924368.440764427 0.617108 -7.644587 0.094088 0.014790 0.001142 0.999690 -0.020015
1718924368.445763588 0.616917 -7.644711 0.094085 0.014809 0.001143 0.999688 -0.020058
1718924368.450829983 0.616721 -7.644834 0.094079 0.014830 0.001141 0.999687 -0.020095
1718924368.455796242 0.616527 -7.644949 0.094069 0.014850 0.001130 0.999687 -0.020121
1718924368.460812092 0.616328 -7.645061 0.094058 0.014870 0.001103 0.999686 -0.020151
1718924368.465808868 0.616128 -7.645170 0.094048 0.014894 0.001076 0.999685 -0.020185
1718924368.470791578 0.615926 -7.645276 0.094038 0.014921 0.001061 0.999684 -0.020224
1718924368.475813389 0.615719 -7.645382 0.094031 0.014943 0.001050 0.999683 -0.020256
1718924368.480807066 0.615510 -7.645486 0.094025 0.014965 0.001042 0.999681 -0.020295
1718924368.485755444 0.615301 -7.645588 0.094020 0.014985 0.001038 0.999680 -0.020345
1718924368.490760326 0.615086 -7.645691 0.094016 0.015000 0.001040 0.999679 -0.020389
1718924368.495746851 0.614870 -7.645795 0.094008 0.015015 0.001039 0.999678 -0.020430
1718924368.499984026 0.614688 -7.645884 0.093999 0.015025 0.001032 0.999677 -0.020467
1718924368.499984026 0.614688 -7.645884 0.093999 0.015025 0.001032 0.999677 -0.020467
1718924368.500790119 0.614653 -7.645900 0.093998 0.015027 0.001030 0.999677 -0.020474
1718924368.505794048 0.614438 -7.646005 0.093987 0.015042 0.001015 0.999676 -0.020528
1718924368.510767460 0.614223 -7.646109 0.093976 0.015069 0.000993 0.999674 -0.020576
1718924368.599985123 0.609713 -7.648068 0.093614 0.014976 0.001062 0.999689 -0.019928
1718924368.599985123 0.609713 -7.648068 0.093614 0.014976 0.001062 0.999689 -0.019928
1718924368.610750675 0.609083 -7.648317 0.093541 0.014962 0.001080 0.999690 -0.019848
1718924368.615763664 0.608782 -7.648433 0.093510 0.014957 0.001075 0.999691 -0.019819
1718924368.620790482 0.608476 -7.648549 0.093479 0.014950 0.001068 0.999692 -0.019791
1718924368.625774145 0.608171 -7.648665 0.093451 0.014949 0.001060 0.999692 -0.019771
1718924368.630772352 0.607862 -7.648783 0.093424 0.014948 0.001057 0.999693 -0.019751
1718924368.635760069 0.607552 -7.648901 0.093399 0.014949 0.001055 0.999693 -0.019731
1718924368.640769958 0.607240 -7.649020 0.093373 0.014951 0.001052 0.999693 -0.019732
1718924368.645757198 0.606929 -7.649139 0.093346 0.014959 0.001054 0.999693 -0.019737
1718924368.650768995 0.606615 -7.649260 0.093317 0.014967 0.001059 0.999692 -0.019750
1718924368.655764580 0.606300 -7.649382 0.093287 0.014969 0.001063 0.999692 -0.019766
1718924368.660757542 0.605985 -7.649505 0.093258 0.014970 0.001067 0.999692 -0.019778
1718924368.665760279 0.605665 -7.649630 0.093228 0.014978 0.001063 0.999691 -0.019795
1718924368.670759916 0.605342 -7.649756 0.093200 0.014986 0.001060 0.999691 -0.019821
1718924368.675779819 0.605013 -7.649884 0.093171 0.014987 0.001053 0.999690 -0.019848
1718924368.680842161 0.604677 -7.650014 0.093143 0.014989 0.001050 0.999689 -0.019879
1718924368.685796976 0.604342 -7.650144 0.093115 0.014990 0.001063 0.999689 -0.019910
1718924368.690757275 0.604001 -7.650274 0.093086 0.014990 0.001073 0.999688 -0.019938
1718924368.695767879 0.603650 -7.650408 0.093057 0.014994 0.001083 0.999688 -0.019959
1718924368.699895144 0.603357 -7.650520 0.093033 0.014997 0.001091 0.999687 -0.019975
1718924368.699895144 0.603357 -7.650520 0.093033 0.014997 0.001091 0.999687 -0.019975
1718924368.700757504 0.603295 -7.650544 0.093030 0.014998 0.001092 0.999687 -0.019979
1718924368.705764055 0.602931 -7.650681 0.093009 0.015001 0.001095 0.999687 -0.020003
1718924368.710757256 0.602563 -7.650819 0.092989 0.015000 0.001093 0.999686 -0.020041
1718924368.715756655 0.602190 -7.650958 0.092969 0.015008 0.001086 0.999685 -0.020073
1718924368.795762777 0.595063 -7.653061 0.092587 0.014836 0.001329 0.999691 -0.019892
1718924368.799988985 0.594624 -7.653163 0.092562 0.014835 0.001324 0.999691 -0.019889
1718924368.799988985 0.594624 -7.653163 0.092562 0.014835 0.001324 0.999691 -0.019889
1718924368.800758839 0.594544 -7.653181 0.092558 0.014835 0.001324 0.999691 -0.019888
1718924368.805801630 0.594014 -7.653303 0.092530 0.014833 0.001333 0.999691 -0.019885
1718924368.810761690 0.593485 -7.653424 0.092501 0.014838 0.001345 0.999691 -0.019883
1718924368.815814018 0.592938 -7.653547 0.092472 0.014846 0.001358 0.999691 -0.019879
1718924368.820790529 0.592390 -7.653667 0.092444 0.014850 0.001361 0.999692 -0.019862
1718924368.825794458 0.591830 -7.653787 0.092419 0.014859 0.001357 0.999692 -0.019836
1718924368.830772161 0.591264 -7.653906 0.092393 0.014866 0.001364 0.999692 -0.019815
1718924368.835770130 0.590686 -7.654027 0.092369 0.014867 0.001381 0.999692 -0.019803
1718924368.840806246 0.590095 -7.654147 0.092344 0.014868 0.001383 0.999692 -0.019799
1718924368.845762968 0.589504 -7.654265 0.092320 0.014869 0.001385 0.999692 -0.019800
1718924368.850774050 0.588898 -7.654385 0.092294 0.014872 0.001401 0.999692 -0.019803
1718924368.855815411 0.588278 -7.654507 0.092267 0.014879 0.001425 0.999692 -0.019800
1718924368.860828638 0.587652 -7.654630 0.092239 0.014895 0.001450 0.999692 -0.019802
1718924368.865809917 0.587021 -7.654751 0.092210 0.014910 0.001464 0.999691 -0.019810
1718924368.870834589 0.586374 -7.654874 0.092180 0.014915 0.001483 0.999691 -0.019812
1718924368.875765562 0.585731 -7.654997 0.092150 0.014917 0.001511 0.999691 -0.019816
1718924368.880767584 0.585069 -7.655124 0.092120 0.014919 0.001539 0.999691 -0.019828
1718924368.885760546 0.584400 -7.655249 0.092090 0.014913 0.001549 0.999691 -0.019831
1718924368.890767097 0.583719 -7.655376 0.092060 0.014912 0.001560 0.999691 -0.019833
1718924368.895760536 0.583033 -7.655504 0.092029 0.014909 0.001574 0.999691 -0.019834
1718924368.900010109 0.582442 -7.655614 0.092004 0.014912 0.001586 0.999691 -0.019828
1718924368.900010109 0.582442 -7.655614 0.092004 0.014912 0.001586 0.999691 -0.019828
1718924368.900755167 0.582337 -7.655633 0.092000 0.014913 0.001587 0.999691 -0.019827
1718924368.905803442 0.581624 -7.655763 0.091973 0.014927 0.001595 0.999691 -0.019815
1718924368.910760641 0.580914 -7.655891 0.091944 0.014937 0.001611 0.999691 -0.019809
1718924368.960777760 0.573475 -7.657201 0.091769 0.014751 0.002054 0.999700 -0.019424
1718924368.965761423 0.572709 -7.657338 0.091752 0.014745 0.002046 0.999701 -0.019398
1718924368.970767975 0.571933 -7.657478 0.091733 0.014741 0.002044 0.999702 -0.019372
1718924368.975804806 0.571149 -7.657620 0.091713 0.014748 0.002044 0.999702 -0.019343
1718924368.980799913 0.570363 -7.657763 0.091691 0.014750 0.002042 0.999703 -0.019302
1718924368.985803843 0.569568 -7.657908 0.091669 0.014747 0.002037 0.999704 -0.019254
1718924368.990763903 0.568772 -7.658052 0.091647 0.014745 0.002029 0.999705 -0.019204
1718924368.995758057 0.567963 -7.658197 0.091624 0.014740 0.002020 0.999706 -0.019140
1718924369.000766754 0.567142 -7.658342 0.091601 0.014735 0.002003 0.999707 -0.019077
1718924369.005759954 0.566316 -7.658486 0.091576 0.014736 0.001982 0.999708 -0.019025
1718924369.010765076 0.565481 -7.658631 0.091551 0.014733 0.001954 0.999710 -0.018968
1718924369.015765190 0.564639 -7.658775 0.091524 0.014729 0.001929 0.999711 -0.018913
1718924369.020797014 0.563784 -7.658918 0.091497 0.014727 0.001918 0.999712 -0.018861
1718924369.025769711 0.562933 -7.659058 0.091469 0.014724 0.001904 0.999713 -0.018808
1718924369.030774355 0.562072 -7.659196 0.091440 0.014721 0.001892 0.999714 -0.018753
1718924369.035772324 0.561206 -7.659333 0.091412 0.014717 0.001883 0.999715 -0.018698
1718924369.040811777 0.560328 -7.659469 0.091384 0.014715 0.001872 0.999716 -0.018653
1718924369.045840263 0.559447 -7.659603 0.091358 0.014711 0.001866 0.999717 -0.018605
1718924369.050771713 0.558578 -7.659731 0.091334 0.014709 0.001838 0.999718 -0.018543
1718924369.055763721 0.557694 -7.659854 0.091311 0.014701 0.001783 0.999720 -0.018462
1718924369.060758591 0.556806 -7.659969 0.091283 0.014684 0.001710 0.999722 -0.018357
1718924369.065763950 0.555910 -7.660079 0.091249 0.014666 0.001634 0.999725 -0.018237
1718924369.070776939 0.555006 -7.660186 0.091209 0.014651 0.001581 0.999727 -0.018117
1718924369.075760126 0.554101 -7.660291 0.091165 0.014638 0.001555 0.999730 -0.017986
1718924369.080759287 0.553184 -7.660393 0.091119 0.014633 0.001541 0.999733 -0.017838
1718924369.085800886 0.552253 -7.660490 0.091074 0.014640 0.001527 0.999735 -0.017673
1718924369.090802193 0.551324 -7.660580 0.091031 0.014646 0.001507 0.999739 -0.017489
1718924369.095798731 0.550390 -7.660666 0.090990 0.014651 0.001491 0.999742 -0.017302
1718924369.099985838 0.549603 -7.660735 0.090959 0.014652 0.001465 0.999745 -0.017149
1718924369.099985838 0.549603 -7.660735 0.090959 0.014652 0.001465 0.999745 -0.017149
1718924369.100833178 0.549443 -7.660748 0.090954 0.014652 0.001459 0.999745 -0.017118
1718924369.105760336 0.548509 -7.660821 0.090924 0.014650 0.001404 0.999748 -0.016943
1718924369.110755920 0.547558 -7.660893 0.090895 0.014639 0.001337 0.999751 -0.016764
1718924369.115774155 0.546598 -7.660965 0.090866 0.014620 0.001274 0.999755 -0.016584
1718924369.165794849 0.536527 -7.661571 0.090049 0.014138 0.001748 0.999807 -0.013543
1718924369.170839787 0.535455 -7.661622 0.089907 0.014113 0.001776 0.999812 -0.013207
1718924369.175801039 0.534391 -7.661669 0.089769 0.014080 0.001826 0.999817 -0.012836
1718924369.180812120 0.533307 -7.661712 0.089642 0.014037 0.001899 0.999823 -0.012410
1718924369.185758352 0.532229 -7.661749 0.089534 0.013989 0.001976 0.999829 -0.011950
1718924369.190762281 0.531130 -7.661783 0.089442 0.013940 0.002048 0.999835 -0.011461
1718924369.195758820 0.530024 -7.661815 0.089364 0.013900 0.002108 0.999841 -0.010953
1718924369.199982882 0.529081 -7.661840 0.089302 0.013871 0.002138 0.999846 -0.010503
1718924369.199982882 0.529081 -7.661840 0.089302 0.013871 0.002138 0.999846 -0.010503
1718924369.200754642 0.528909 -7.661844 0.089290 0.013864 0.002145 0.999847 -0.010421
1718924369.205805540 0.527778 -7.661865 0.089211 0.013816 0.002171 0.999854 -0.009861
1718924369.210753918 0.526666 -7.661879 0.089119 0.013753 0.002178 0.999860 -0.009302
1718924369.215774775 0.525535 -7.661887 0.089005 0.013682 0.002174 0.999866 -0.008718
1718924369.220786572 0.524401 -7.661888 0.088874 0.013612 0.002158 0.999872 -0.008118
1718924369.225773573 0.523267 -7.661883 0.088729 0.013545 0.002137 0.999878 -0.007512
1718924369.230761766 0.522125 -7.661874 0.088573 0.013484 0.002119 0.999883 -0.006904
1718924369.235771179 0.520970 -7.661860 0.088415 0.013438 0.002074 0.999888 -0.006292
1718924369.240759611 0.519810 -7.661837 0.088264 0.013409 0.001973 0.999892 -0.005680
1718924369.245763063 0.518638 -7.661798 0.088122 0.013397 0.001809 0.999896 -0.005047
1718924369.250770092 0.517455 -7.661748 0.087989 0.013381 0.001636 0.999899 -0.004411
1718924369.255752802 0.516271 -7.661694 0.087862 0.013340 0.001485 0.999903 -0.003786
1718924369.260766506 0.515076 -7.661634 0.087734 0.013277 0.001343 0.999906 -0.003170
1718924369.265753508 0.513883 -7.661565 0.087606 0.013202 0.001210 0.999909 -0.002550
1718924369.270761728 0.512679 -7.661487 0.087474 0.013125 0.001084 0.999911 -0.001906
1718924369.275757313 0.511470 -7.661399 0.087335 0.013070 0.000952 0.999913 -0.001249
1718924369.280770302 0.510244 -7.661305 0.087183 0.013047 0.000834 0.999914 -0.000571
1718924369.285758018 0.509016 -7.661207 0.087015 0.013028 0.000744 0.999915 0.000129
1718924369.290758610 0.507781 -7.661101 0.086826 0.013001 0.000679 0.999915 0.000849
1718924369.295768023 0.506540 -7.660987 0.086618 0.012947 0.000633 0.999915 0.001592
1718924369.299979925 0.505491 -7.660883 0.086435 0.012879 0.000597 0.999914 0.002232
1718924369.299979925 0.505491 -7.660883 0.086435 0.012879 0.000597 0.999914 0.002232
1718924369.300772667 0.505292 -7.660862 0.086401 0.012867 0.000587 0.999914 0.002352
1718924369.305760622 0.504035 -7.660726 0.086186 0.012780 0.000496 0.999913 0.003128
1718924369.310755730 0.502769 -7.660578 0.085975 0.012690 0.000364 0.999912 0.003936
1718924369.315777779 0.501489 -7.660416 0.085772 0.012595 0.000222 0.999909 0.004769
1718924369.395756006 0.481494 -7.657999 0.081647 0.011619 -0.000650 0.999772 0.017909
1718924369.399992943 0.480459 -7.657882 0.081374 0.011583 -0.000667 0.999760 0.018607
1718924369.399992943 0.480459 -7.657882 0.081374 0.011583 -0.000667 0.999760 0.018607
1718924369.400798798 0.480262 -7.657860 0.081322 0.011575 -0.000669 0.999757 0.018740
1718924369.405785084 0.479045 -7.657721 0.080999 0.011522 -0.000651 0.999742 0.019554
1718924369.410779238 0.477827 -7.657584 0.080666 0.011437 -0.000624 0.999727 0.020349
1718924369.415813923 0.476600 -7.657450 0.080324 0.011328 -0.000571 0.999712 0.021136
1718924369.420783520 0.475391 -7.657322 0.079983 0.011196 -0.000479 0.999697 0.021920
1718924369.425755024 0.474186 -7.657199 0.079636 0.011047 -0.000334 0.999681 0.022711
1718924369.430767298 0.472970 -7.657085 0.079281 0.010915 -0.000097 0.999664 0.023510
1718924369.435757875 0.471758 -7.656985 0.078925 0.010805 0.000240 0.999646 0.024309
1718924369.440762281 0.470542 -7.656891 0.078567 0.010711 0.000592 0.999627 0.025102
1718924369.445760965 0.469330 -7.656795 0.078214 0.010615 0.000885 0.999608 0.025884
1718924369.450759649 0.468123 -7.656698 0.077865 0.010500 0.001160 0.999589 0.026667
1718924369.455751657 0.466924 -7.656608 0.077520 0.010371 0.001422 0.999568 0.027446
1718924369.460762262 0.465727 -7.656526 0.077178 0.010241 0.001677 0.999548 0.028216
1718924369.465752363 0.464535 -7.656448 0.076844 0.010128 0.001908 0.999527 0.028975
1718924369.470746756 0.463344 -7.656375 0.076514 0.010030 0.002115 0.999506 0.029720
1718924369.475750685 0.462156 -7.656309 0.076185 0.009943 0.002368 0.999484 0.030456
1718924369.480750799 0.460977 -7.656253 0.075854 0.009860 0.002675 0.999461 0.031185
1718924369.485754013 0.459804 -7.656203 0.075521 0.009781 0.003000 0.999438 0.031919
1718924369.490749598 0.458640 -7.656154 0.075190 0.009702 0.003283 0.999415 0.032641
1718924369.495755434 0.457480 -7.656107 0.074861 0.009620 0.003558 0.999391 0.033350
1718924369.499992132 0.456501 -7.656071 0.074582 0.009544 0.003784 0.999371 0.033935
1718924369.499992132 0.456501 -7.656071 0.074582 0.009544 0.003784 0.999371 0.033935
1718924369.500750065 0.456327 -7.656065 0.074532 0.009532 0.003822 0.999368 0.034040
1718924369.505746603 0.455179 -7.656022 0.074200 0.009438 0.003992 0.999345 0.034715
1718924369.510754347 0.454035 -7.655974 0.073869 0.009340 0.004103 0.999322 0.035376
1718924369.599975824 0.433051 -7.656374 0.066645 0.008985 0.009561 0.998496 0.053238
1718924369.599975824 0.433051 -7.656374 0.066645 0.008985 0.009561 0.998496 0.053238
1718924369.600806713 0.432849 -7.656391 0.066566 0.008983 0.009611 0.998486 0.053404
1718924369.605753183 0.431643 -7.656496 0.066092 0.008952 0.009921 0.998430 0.054400
1718924369.610816002 0.430406 -7.656601 0.065610 0.008924 0.010178 0.998371 0.055426
1718924369.615806103 0.429185 -7.656699 0.065145 0.008912 0.010369 0.998312 0.056447
1718924369.620759010 0.427962 -7.656795 0.064694 0.008912 0.010523 0.998254 0.057433
1718924369.625802040 0.426704 -7.656896 0.064248 0.008919 0.010659 0.998196 0.058403
1718924369.630777121 0.425451 -7.657007 0.063827 0.008918 0.010781 0.998139 0.059347
1718924369.635756254 0.424187 -7.657137 0.063427 0.008916 0.010882 0.998083 0.060271
1718924369.640746832 0.422907 -7.657286 0.063050 0.008913 0.010929 0.998029 0.061153
1718924369.645760775 0.421605 -7.657445 0.062700 0.008942 0.010887 0.997978 0.061982
1718924369.650755405 0.420291 -7.657609 0.062381 0.009024 0.010762 0.997930 0.062756
1718924369.655754566 0.418964 -7.657783 0.062082 0.009151 0.010574 0.997885 0.063483
1718924369.660750628 0.417630 -7.657976 0.061788 0.009323 0.010412 0.997841 0.064169
1718924369.665762424 0.416286 -7.658193 0.061481 0.009527 0.010274 0.997799 0.064819
1718924369.670757532 0.414943 -7.658436 0.061156 0.009739 0.010170 0.997758 0.065431
1718924369.675747871 0.413599 -7.658709 0.060813 0.009938 0.010096 0.997718 0.066020
1718924369.680750132 0.412251 -7.659011 0.060462 0.010087 0.010088 0.997677 0.066607
1718924369.685751438 0.410903 -7.659337 0.060123 0.010189 0.010034 0.997639 0.067172
1718924369.690742493 0.409554 -7.659677 0.059819 0.010243 0.009949 0.997602 0.067727
1718924369.695736170 0.408193 -7.660028 0.059558 0.010266 0.009862 0.997567 0.068248
1718924369.699960947 0.407030 -7.660327 0.059370 0.010280 0.009803 0.997540 0.068645
1718924369.699960947 0.407030 -7.660327 0.059370 0.010280 0.009803 0.997540 0.068645
1718924369.700742722 0.406814 -7.660382 0.059338 0.010284 0.009791 0.997535 0.068719
1718924369.705778837 0.405409 -7.660730 0.059151 0.010318 0.009723 0.997508 0.069117
1718924369.710752726 0.404009 -7.661057 0.058987 0.010356 0.009618 0.997487 0.069426
1718924369.715733051 0.402604 -7.661371 0.058827 0.010351 0.009544 0.997473 0.069639
1718924369.765736818 0.388347 -7.663889 0.059125 0.010679 0.008386 0.997767 0.065395
1718924369.770743132 0.386903 -7.664087 0.059363 0.010747 0.008176 0.997796 0.064962
1718924369.775728226 0.385469 -7.664286 0.059621 0.010830 0.007940 0.997825 0.064539
1718924369.780746222 0.384031 -7.664497 0.059897 0.010933 0.007700 0.997853 0.064116
1718924369.785824060 0.382583 -7.664724 0.060186 0.011054 0.007479 0.997880 0.063695
1718924369.790774584 0.381178 -7.664955 0.060469 0.011180 0.007294 0.997906 0.063288
1718924369.795750380 0.379775 -7.665191 0.060746 0.011297 0.007103 0.997929 0.062930
1718924369.799950838 0.378598 -7.665390 0.060970 0.011381 0.006936 0.997944 0.062686
1718924369.799950838 0.378598 -7.665390 0.060970 0.011381 0.006936 0.997944 0.062686
1718924369.800779819 0.378366 -7.665430 0.061014 0.011398 0.006903 0.997947 0.062637
1718924369.805758238 0.376976 -7.665668 0.061264 0.011474 0.006707 0.997962 0.062406
1718924369.810766935 0.375584 -7.665915 0.061504 0.011524 0.006490 0.997976 0.062208
1718924369.815734625 0.374210 -7.666171 0.061742 0.011578 0.006204 0.997988 0.062033
1718924369.820751190 0.372826 -7.666441 0.061991 0.011642 0.005882 0.997999 0.061877
1718924369.825752974 0.371441 -7.666723 0.062247 0.011723 0.005592 0.998006 0.061764
1718924369.830750942 0.370055 -7.667018 0.062503 0.011809 0.005382 0.998011 0.061689
1718924369.835726976 0.368677 -7.667320 0.062744 0.011873 0.005255 0.998014 0.061638
1718924369.840753078 0.367286 -7.667630 0.062971 0.011924 0.005184 0.998017 0.061581
1718924369.845728397 0.365911 -7.667938 0.063189 0.011985 0.005101 0.998021 0.061526
1718924369.850759506 0.364519 -7.668247 0.063417 0.012077 0.004938 0.998024 0.061458
1718924369.855771303 0.363132 -7.668554 0.063661 0.012183 0.004713 0.998030 0.061363
1718924369.860840321 0.361727 -7.668869 0.063916 0.012277 0.004488 0.998037 0.061242
1718924369.865789652 0.360355 -7.669186 0.064155 0.012348 0.004341 0.998045 0.061105
1718924369.870748043 0.358984 -7.669509 0.064375 0.012400 0.004284 0.998055 0.060945
1718924369.875767708 0.357598 -7.669837 0.064578 0.012442 0.004287 0.998065 0.060765
1718924369.880715847 0.356230 -7.670159 0.064770 0.012501 0.004322 0.998077 0.060563
1718924369.885761976 0.354831 -7.670485 0.064966 0.012578 0.004320 0.998090 0.060329
1718924369.890730143 0.353448 -7.670806 0.065166 0.012672 0.004291 0.998105 0.060070
1718924369.895747900 0.352047 -7.671134 0.065383 0.012791 0.004251 0.998120 0.059786
1718924369.899991989 0.350862 -7.671412 0.065576 0.012890 0.004220 0.998135 0.059524
1718924369.899991989 0.350862 -7.671412 0.065576 0.012890 0.004220 0.998135 0.059524
1718924369.900000811 0.348115 -7.654835 0.072616 0.010597 0.004227 0.998210 0.058715
1718924369.900000811 0.348115 -7.654835 0.072616 0.010597 0.004227 0.998210 0.058715
1718924369.900749922 0.347956 -7.654874 0.072611 0.010615 0.004221 0.998212 0.058669
1718924369.905750751 0.346893 -7.655137 0.072576 0.010714 0.004190 0.998230 0.058348
1718924369.910716534 0.345838 -7.655396 0.072531 0.010786 0.004188 0.998249 0.058004
1718924369.915729761 0.344771 -7.655659 0.072468 0.010838 0.004218 0.998270 0.057642
1718924369.955765724 0.336176 -7.657591 0.072211 0.011927 0.003505 0.998344 0.056170
1718924369.960741282 0.335102 -7.657809 0.072234 0.012052 0.003441 0.998351 0.056021
1718924369.965761900 0.334017 -7.658028 0.072250 0.012154 0.003400 0.998357 0.055899
1718924369.970742702 0.332942 -7.658245 0.072246 0.012226 0.003357 0.998361 0.055802
1718924369.975771666 0.331856 -7.658463 0.072221 0.012281 0.003298 0.998366 0.055716
1718924369.980747700 0.330781 -7.658674 0.072179 0.012334 0.003235 0.998369 0.055640
1718924369.985751390 0.329697 -7.658884 0.072123 0.012396 0.003174 0.998373 0.055569
1718924369.990768433 0.328605 -7.659095 0.072060 0.012480 0.003132 0.998376 0.055498
1718924369.995757341 0.327512 -7.659309 0.072001 0.012584 0.003116 0.998379 0.055415
1718924370.000739098 0.326412 -7.659527 0.071954 0.012708 0.003110 0.998383 0.055325
1718924370.005757570 0.325301 -7.659747 0.071922 0.012828 0.003089 0.998387 0.055214
1718924370.010738850 0.324198 -7.659963 0.071906 0.012943 0.003036 0.998393 0.055087
1718924370.015727758 0.323095 -7.660180 0.071900 0.013044 0.002969 0.998400 0.054947
1718924370.020734310 0.321987 -7.660402 0.071896 0.013131 0.002907 0.998408 0.054787
1718924370.025782108 0.320869 -7.660631 0.071887 0.013209 0.002851 0.998417 0.054604
1718924370.030714512 0.319778 -7.660857 0.071867 0.013279 0.002805 0.998427 0.054404
1718924370.035723686 0.318672 -7.661087 0.071836 0.013347 0.002772 0.998438 0.054189
1718924370.040716410 0.317570 -7.661318 0.071795 0.013425 0.002747 0.998449 0.053962
1718924370.045725822 0.316461 -7.661552 0.071749 0.013513 0.002720 0.998461 0.053725
1718924370.050730705 0.315352 -7.661787 0.071702 0.013607 0.002690 0.998473 0.053480
1718924370.055720806 0.314243 -7.662021 0.071658 0.013700 0.002658 0.998485 0.053233
1718924370.060717106 0.313129 -7.662254 0.071616 0.013790 0.002618 0.998497 0.052985
1718924370.065711975 0.312015 -7.662484 0.071576 0.013876 0.002573 0.998509 0.052739
1718924370.070746183 0.310891 -7.662713 0.071538 0.013965 0.002523 0.998521 0.052487
1718924370.075749636 0.309771 -7.662940 0.071504 0.014046 0.002476 0.998532 0.052250
1718924370.080728531 0.308653 -7.663165 0.071473 0.014121 0.002435 0.998543 0.052027
1718924370.085748911 0.307521 -7.663393 0.071440 0.014186 0.002409 0.998553 0.051807
1718924370.090739012 0.306395 -7.663620 0.071400 0.014240 0.002425 0.998564 0.051596
1718924370.095755816 0.305261 -7.663849 0.071349 0.014282 0.002464 0.998573 0.051403
1718924370.099991322 0.304303 -7.664041 0.071295 0.014306 0.002492 0.998580 0.051250
1718924370.099991322 0.304303 -7.664041 0.071295 0.014306 0.002492 0.998580 0.051250
1718924370.100751638 0.304131 -7.664075 0.071284 0.014310 0.002498 0.998582 0.051223
1718924370.105721712 0.303007 -7.664297 0.071209 0.014336 0.002511 0.998590 0.051048
1718924370.110754251 0.301868 -7.664515 0.071127 0.014361 0.002501 0.998598 0.050890
1718924370.115724087 0.300740 -7.664725 0.071049 0.014393 0.002465 0.998605 0.050750
1718924370.199979305 0.282007 -7.666797 0.070279 0.015325 0.001562 0.998701 0.048572
1718924370.199979305 0.282007 -7.666797 0.070279 0.015325 0.001562 0.998701 0.048572
1718924370.205723524 0.280763 -7.666838 0.070261 0.015391 0.001498 0.998707 0.048423
1718924370.210716963 0.279685 -7.666863 0.070248 0.015437 0.001433 0.998713 0.048293
1718924370.215785980 0.278596 -7.666878 0.070234 0.015478 0.001348 0.998718 0.048170
1718924370.220786572 0.277525 -7.666884 0.070222 0.015526 0.001247 0.998723 0.048064
1718924370.225803614 0.276451 -7.666883 0.070214 0.015588 0.001120 0.998727 0.047962
1718924370.230824471 0.275375 -7.666876 0.070212 0.015665 0.000978 0.998731 0.047864
1718924370.235773802 0.274313 -7.666863 0.070216 0.015752 0.000817 0.998734 0.047768
1718924370.240734816 0.273249 -7.666847 0.070222 0.015830 0.000660 0.998738 0.047663
1718924370.245706081 0.272185 -7.666831 0.070221 0.015882 0.000537 0.998742 0.047556
1718924370.250742912 0.271108 -7.666815 0.070207 0.015915 0.000446 0.998747 0.047455
1718924370.255710363 0.270044 -7.666801 0.070180 0.015931 0.000374 0.998751 0.047354
1718924370.260809660 0.268949 -7.666785 0.070140 0.015938 0.000309 0.998756 0.047258
1718924370.265713215 0.267895 -7.666770 0.070092 0.015955 0.000249 0.998759 0.047178
1718924370.270745277 0.266812 -7.666752 0.070041 0.015987 0.000163 0.998762 0.047106
1718924370.275788069 0.265723 -7.666732 0.069993 0.016036 0.000047 0.998765 0.047026
1718924370.280790806 0.264637 -7.666711 0.069951 0.016094 -0.000075 0.998768 0.046941
1718924370.285757780 0.263556 -7.666690 0.069912 0.016150 -0.000178 0.998771 0.046861
1718924370.290765762 0.262466 -7.666670 0.069875 0.016197 -0.000256 0.998773 0.046793
1718924370.295756340 0.261380 -7.666650 0.069837 0.016223 -0.000329 0.998775 0.046739
1718924370.299987316 0.260457 -7.666634 0.069804 0.016240 -0.000396 0.998777 0.046701
1718924370.299987316 0.260457 -7.666634 0.069804 0.016240 -0.000396 0.998777 0.046701
1718924370.300704718 0.260301 -7.666631 0.069798 0.016242 -0.000406 0.998777 0.046695
1718924370.305715561 0.259207 -7.666612 0.069759 0.016260 -0.000490 0.998779 0.046646
1718924370.310703278 0.258115 -7.666595 0.069718 0.016280 -0.000574 0.998781 0.046603
1718924370.365754366 0.245904 -7.666416 0.069160 0.016681 -0.000442 0.998816 0.045694
1718924370.370717287 0.244789 -7.666405 0.069112 0.016691 -0.000385 0.998821 0.045592
1718924370.375789642 0.243647 -7.666395 0.069062 0.016689 -0.000298 0.998826 0.045475
1718924370.380772352 0.242522 -7.666387 0.069014 0.016664 -0.000177 0.998832 0.045344
1718924370.385706186 0.241405 -7.666381 0.068966 0.016619 -0.000043 0.998840 0.045187
1718924370.390708923 0.240271 -7.666375 0.068917 0.016569 0.000095 0.998849 0.045004
1718924370.395708799 0.239135 -7.666367 0.068867 0.016529 0.000228 0.998859 0.044795
1718924370.399992943 0.238161 -7.666359 0.068823 0.016507 0.000328 0.998869 0.044599
1718924370.399992943 0.238161 -7.666359 0.068823 0.016507 0.000328 0.998869 0.044599
1718924370.400750399 0.237989 -7.666358 0.068815 0.016504 0.000345 0.998870 0.044564
1718924370.405705690 0.236860 -7.666344 0.068755 0.016506 0.000452 0.998881 0.044322
1718924370.410711050 0.235718 -7.666330 0.068692 0.016522 0.000579 0.998892 0.044053
1718924370.415763378 0.234566 -7.666317 0.068625 0.016542 0.000723 0.998905 0.043765
1718924370.420749903 0.233429 -7.666302 0.068557 0.016560 0.000858 0.998917 0.043468
1718924370.425717592 0.232297 -7.666284 0.068488 0.016574 0.000976 0.998930 0.043155
1718924370.430746078 0.231153 -7.666260 0.068419 0.016586 0.001064 0.998944 0.042834
1718924370.435703278 0.230023 -7.666233 0.068353 0.016578 0.001145 0.998957 0.042532
1718924370.440768957 0.228866 -7.666202 0.068290 0.016563 0.001237 0.998970 0.042232
1718924370.445706129 0.227734 -7.666169 0.068234 0.016545 0.001330 0.998982 0.041943
1718924370.450793505 0.226563 -7.666130 0.068185 0.016523 0.001410 0.998995 0.041653
1718924370.455717087 0.225427 -7.666087 0.068143 0.016502 0.001461 0.999006 0.041393
1718924370.460742950 0.224265 -7.666039 0.068104 0.016482 0.001509 0.999015 0.041165
1718924370.465762377 0.223101 -7.665987 0.068065 0.016461 0.001557 0.999023 0.040971
1718924370.470711231 0.221951 -7.665931 0.068023 0.016449 0.001592 0.999030 0.040811
1718924370.475807667 0.220764 -7.665867 0.067977 0.016436 0.001630 0.999036 0.040670
1718924370.480746746 0.219611 -7.665800 0.067927 0.016416 0.001667 0.999041 0.040555
1718924370.485756874 0.218440 -7.665728 0.067871 0.016389 0.001706 0.999045 0.040459
1718924370.490704060 0.217283 -7.665652 0.067809 0.016365 0.001745 0.999048 0.040398
1718924370.495751858 0.216101 -7.665570 0.067740 0.016336 0.001774 0.999050 0.040368
1718924370.499988317 0.215111 -7.665498 0.067678 0.016312 0.001794 0.999051 0.040349
1718924370.499988317 0.215111 -7.665498 0.067678 0.016312 0.001794 0.999051 0.040349
1718924370.500700474 0.214946 -7.665487 0.067668 0.016307 0.001798 0.999051 0.040346
1718924370.505714893 0.213777 -7.665402 0.067598 0.016270 0.001829 0.999052 0.040331
1718924370.510700464 0.212613 -7.665314 0.067528 0.016238 0.001879 0.999052 0.040338
1718924370.599978209 0.191410 -7.664037 0.067399 0.016286 0.001446 0.999123 0.038543
1718924370.599978209 0.191410 -7.664037 0.067399 0.016286 0.001446 0.999123 0.038543
1718924370.600710392 0.191233 -7.664029 0.067407 0.016285 0.001443 0.999124 0.038528
1718924370.605698347 0.190027 -7.663977 0.067458 0.016290 0.001410 0.999127 0.038451
1718924370.610749483 0.188804 -7.663928 0.067507 0.016282 0.001374 0.999129 0.038396
1718924370.615703106 0.187607 -7.663885 0.067548 0.016275 0.001350 0.999131 0.038354
1718924370.620742321 0.186389 -7.663846 0.067580 0.016275 0.001343 0.999132 0.038320
1718924370.625756264 0.185178 -7.663811 0.067604 0.016282 0.001351 0.999132 0.038315
1718924370.630789757 0.183960 -7.663781 0.067624 0.016285 0.001377 0.999131 0.038334
1718924370.635772943 0.182752 -7.663753 0.067643 0.016299 0.001407 0.999130 0.038363
1718924370.640747547 0.181543 -7.663727 0.067664 0.016305 0.001431 0.999128 0.038400
1718924370.645748138 0.180327 -7.663702 0.067687 0.016307 0.001444 0.999127 0.038436
1718924370.650718689 0.179117 -7.663677 0.067714 0.016309 0.001447 0.999126 0.038464
1718924370.655722857 0.177897 -7.663652 0.067741 0.016313 0.001448 0.999125 0.038487
1718924370.660707951 0.176680 -7.663627 0.067769 0.016319 0.001447 0.999124 0.038517
1718924370.665714741 0.175459 -7.663600 0.067795 0.016338 0.001433 0.999123 0.038539
1718924370.670701027 0.174243 -7.663573 0.067820 0.016352 0.001412 0.999122 0.038558
1718924370.675721884 0.173021 -7.663546 0.067844 0.016377 0.001394 0.999121 0.038569
1718924370.680741549 0.171801 -7.663518 0.067868 0.016403 0.001378 0.999120 0.038575
1718924370.685762882 0.170581 -7.663490 0.067892 0.016426 0.001357 0.999119 0.038586
1718924370.690701485 0.169383 -7.663461 0.067920 0.016451 0.001328 0.999119 0.038586
1718924370.695703268 0.168170 -7.663431 0.067954 0.016482 0.001284 0.999119 0.038583
1718924370.699909210 0.167150 -7.663406 0.067989 0.016518 0.001244 0.999118 0.038578
1718924370.699909210 0.167150 -7.663406 0.067989 0.016518 0.001244 0.999118 0.038578
1718924370.700713158 0.166956 -7.663402 0.067997 0.016523 0.001238 0.999118 0.038576
1718924370.705734968 0.165741 -7.663376 0.068051 0.016563 0.001198 0.999118 0.038559
1718924370.710711241 0.164537 -7.663352 0.068110 0.016607 0.001155 0.999119 0.038532
1718924370.715710402 0.163327 -7.663329 0.068172 0.016649 0.001109 0.999119 0.038496
1718924370.799992323 0.142777 -7.662847 0.069274 0.017087 0.001363 0.999145 0.037629
1718924370.799992323 0.142777 -7.662847 0.069274 0.017087 0.001363 0.999145 0.037629
1718924370.800707579 0.142602 -7.662843 0.069287 0.017090 0.001366 0.999145 0.037622
1718924370.805697680 0.141382 -7.662813 0.069375 0.017123 0.001400 0.999147 0.037564
1718924370.810750246 0.140146 -7.662781 0.069462 0.017161 0.001426 0.999148 0.037499
1718924370.815763950 0.138918 -7.662746 0.069546 0.017197 0.001433 0.999150 0.037425
1718924370.820717096 0.137705 -7.662708 0.069623 0.017233 0.001422 0.999153 0.037348
1718924370.825713396 0.136483 -7.662665 0.069695 0.017274 0.001409 0.999155 0.037267
1718924370.830742836 0.135253 -7.662620 0.069763 0.017309 0.001401 0.999157 0.037189
1718924370.835710049 0.134038 -7.662574 0.069827 0.017333 0.001394 0.999160 0.037117
1718924370.840707541 0.132813 -7.662526 0.069892 0.017355 0.001393 0.999162 0.037033
1718924370.845710039 0.131586 -7.662476 0.069959 0.017380 0.001405 0.999165 0.036936
1718924370.850706577 0.130362 -7.662422 0.070027 0.017402 0.001423 0.999169 0.036838
1718924370.855775833 0.129120 -7.662366 0.070097 0.017425 0.001451 0.999172 0.036744
1718924370.860706329 0.127912 -7.662309 0.070169 0.017459 0.001481 0.999174 0.036659
1718924370.865710497 0.126687 -7.662249 0.070245 0.017493 0.001506 0.999177 0.036578
1718924370.870766163 0.125448 -7.662188 0.070326 0.017523 0.001515 0.999179 0.036492
1718924370.875705242 0.124238 -7.662127 0.070411 0.017545 0.001512 0.999182 0.036415
1718924370.880709410 0.123015 -7.662064 0.070501 0.017564 0.001495 0.999184 0.036346
1718924370.885742188 0.121788 -7.662000 0.070594 0.017581 0.001470 0.999186 0.036281
1718924370.890747309 0.120567 -7.661935 0.070688 0.017600 0.001449 0.999188 0.036217
1718924370.895740747 0.119348 -7.661870 0.070781 0.017621 0.001431 0.999189 0.036165
1718924370.900006294 0.118308 -7.661815 0.070861 0.017642 0.001414 0.999190 0.036128
1718924370.900006294 0.118308 -7.661815 0.070861 0.017642 0.001414 0.999190 0.036128
1718924370.900711536 0.118136 -7.661807 0.070875 0.017644 0.001412 0.999191 0.036121
1718924370.905703068 0.116920 -7.661747 0.070978 0.017667 0.001396 0.999192 0.036083
1718924370.910687685 0.115708 -7.661690 0.071082 0.017690 0.001398 0.999192 0.036056
1718924370.980736256 0.098811 -7.660667 0.071949 0.018617 0.001453 0.999285 0.032862
1718924370.985696793 0.097627 -7.660571 0.071997 0.018657 0.001474 0.999292 0.032631
1718924370.990750790 0.096422 -7.660470 0.072051 0.018681 0.001504 0.999299 0.032410
1718924370.995696068 0.095242 -7.660368 0.072113 0.018683 0.001539 0.999305 0.032214
1718924371.000707626 0.094046 -7.660261 0.072187 0.018676 0.001586 0.999311 0.032037
1718924371.005692005 0.092856 -7.660148 0.072269 0.018664 0.001629 0.999316 0.031888
1718924371.010706425 0.091661 -7.660028 0.072356 0.018653 0.001650 0.999320 0.031767
1718924371.015700340 0.090471 -7.659903 0.072442 0.018660 0.001652 0.999323 0.031676
1718924371.020819426 0.089251 -7.659769 0.072528 0.018683 0.001637 0.999324 0.031609
1718924371.025720119 0.088084 -7.659636 0.072605 0.018708 0.001613 0.999325 0.031577
1718924371.030699492 0.086898 -7.659498 0.072677 0.018731 0.001598 0.999325 0.031572
1718924371.035718918 0.085705 -7.659357 0.072742 0.018750 0.001584 0.999324 0.031596
1718924371.040696859 0.084523 -7.659215 0.072803 0.018764 0.001575 0.999322 0.031643
1718924371.045717955 0.083332 -7.659070 0.072863 0.018768 0.001565 0.999320 0.031706
1718924371.050717831 0.082147 -7.658924 0.072924 0.018770 0.001557 0.999318 0.031777
1718924371.055701494 0.080964 -7.658777 0.072987 0.018770 0.001558 0.999315 0.031861
1718924371.060699463 0.079779 -7.658630 0.073050 0.018775 0.001566 0.999312 0.031949
1718924371.065727711 0.078589 -7.658483 0.073115 0.018779 0.001561 0.999309 0.032042
1718924371.070739746 0.077404 -7.658335 0.073180 0.018781 0.001552 0.999306 0.032141
1718924371.075701714 0.076232 -7.658190 0.073243 0.018791 0.001556 0.999302 0.032237
1718924371.080743313 0.075041 -7.658045 0.073309 0.018818 0.001568 0.999299 0.032310
1718924371.085699081 0.073873 -7.657902 0.073375 0.018847 0.001574 0.999297 0.032362
1718924371.090703249 0.072696 -7.657759 0.073446 0.018871 0.001571 0.999296 0.032396
1718924371.095702648 0.071525 -7.657619 0.073520 0.018887 0.001577 0.999295 0.032408
1718924371.099989176 0.070522 -7.657500 0.073587 0.018895 0.001593 0.999295 0.032404
1718924371.099989176 0.070522 -7.657500 0.073587 0.018895 0.001593 0.999295 0.032404
1718924371.100687504 0.070359 -7.657482 0.073598 0.018896 0.001596 0.999295 0.032403
1718924371.105739117 0.069181 -7.657349 0.073683 0.018902 0.001621 0.999296 0.032372
1718924371.110687733 0.068025 -7.657220 0.073767 0.018919 0.001652 0.999298 0.032308
1718924371.115707874 0.066853 -7.657090 0.073851 0.018941 0.001692 0.999300 0.032225
1718924371.199989080 0.046869 -7.655106 0.074721 0.019332 0.001534 0.999271 0.032880
1718924371.199989080 0.046869 -7.655106 0.074721 0.019332 0.001534 0.999271 0.032880
1718924371.210697889 0.044290 -7.654875 0.074756 0.019389 0.001511 0.999267 0.032968
1718924371.215771675 0.043065 -7.654768 0.074773 0.019406 0.001508 0.999265 0.033030
1718924371.220799923 0.041851 -7.654662 0.074789 0.019415 0.001505 0.999262 0.033105
1718924371.225803375 0.040642 -7.654557 0.074805 0.019426 0.001500 0.999259 0.033182
1718924371.230790854 0.039436 -7.654454 0.074824 0.019435 0.001494 0.999257 0.033259
1718924371.235766888 0.038232 -7.654352 0.074846 0.019452 0.001478 0.999254 0.033331
1718924371.240749121 0.037023 -7.654251 0.074874 0.019480 0.001463 0.999251 0.033403
1718924371.245749712 0.035810 -7.654151 0.074907 0.019516 0.001453 0.999248 0.033466
1718924371.250775099 0.034592 -7.654052 0.074945 0.019559 0.001446 0.999245 0.033524
1718924371.255697489 0.033403 -7.653956 0.074983 0.019588 0.001459 0.999244 0.033563
1718924371.260709047 0.032195 -7.653859 0.075022 0.019603 0.001477 0.999242 0.033593
1718924371.265696049 0.030993 -7.653763 0.075059 0.019622 0.001498 0.999241 0.033608
1718924371.270714045 0.029783 -7.653666 0.075094 0.019641 0.001517 0.999241 0.033614
1718924371.275714874 0.028576 -7.653568 0.075126 0.019666 0.001519 0.999241 0.033600
1718924371.280702114 0.027373 -7.653469 0.075155 0.019693 0.001514 0.999241 0.033585
1718924371.285688639 0.026170 -7.653369 0.075182 0.019725 0.001512 0.999241 0.033555
1718924371.290703297 0.024961 -7.653268 0.075207 0.019758 0.001507 0.999242 0.033519
1718924371.295713425 0.023753 -7.653165 0.075231 0.019793 0.001508 0.999242 0.033483
1718924371.299987078 0.022723 -7.653076 0.075253 0.019823 0.001512 0.999242 0.033456
1718924371.299987078 0.022723 -7.653076 0.075253 0.019823 0.001512 0.999242 0.033456
1718924371.300761700 0.022537 -7.653060 0.075258 0.019828 0.001513 0.999243 0.033450
1718924371.305729866 0.021342 -7.652957 0.075287 0.019860 0.001525 0.999243 0.033417
1718924371.310702562 0.020148 -7.652853 0.075319 0.019889 0.001529 0.999244 0.033383
1718924371.315724134 0.018944 -7.652749 0.075355 0.019921 0.001520 0.999244 0.033344
1718924371.399988174 -0.001569 -7.650574 0.075705 0.020101 0.001705 0.999236 0.033478
1718924371.399988174 -0.001569 -7.650574 0.075705 0.020101 0.001705 0.999236 0.033478
1718924371.405690670 -0.002970 -7.650399 0.075785 0.020113 0.001718 0.999235 0.033488
1718924371.410746098 -0.004214 -7.650240 0.075859 0.020123 0.001728 0.999235 0.033488
1718924371.415714979 -0.005439 -7.650081 0.075933 0.020130 0.001740 0.999235 0.033478
1718924371.420782328 -0.006690 -7.649916 0.076009 0.020134 0.001749 0.999235 0.033470
1718924371.425719261 -0.007911 -7.649752 0.076082 0.020138 0.001766 0.999236 0.033454
1718924371.430778742 -0.009165 -7.649580 0.076155 0.020149 0.001797 0.999237 0.033424
1718924371.435757399 -0.010401 -7.649409 0.076225 0.020168 0.001841 0.999237 0.033398
1718924371.440764666 -0.011644 -7.649233 0.076293 0.020181 0.001876 0.999237 0.033379
1718924371.445744991 -0.012880 -7.649055 0.076359 0.020188 0.001910 0.999238 0.033359
1718924371.450776815 -0.014130 -7.648873 0.076425 0.020199 0.001938 0.999238 0.033342
1718924371.455754757 -0.015366 -7.648689 0.076492 0.020210 0.001956 0.999238 0.033333
1718924371.460783482 -0.016616 -7.648499 0.076563 0.020219 0.001962 0.999238 0.033334
1718924371.465716839 -0.017840 -7.648310 0.076640 0.020227 0.001957 0.999237 0.033345
1718924371.470708847 -0.019075 -7.648119 0.076725 0.020243 0.001957 0.999237 0.033350
1718924371.475695848 -0.020305 -7.647928 0.076817 0.020260 0.001965 0.999236 0.033359
1718924371.480718374 -0.021539 -7.647738 0.076914 0.020272 0.001983 0.999235 0.033378
1718924371.485695124 -0.022760 -7.647552 0.077011 0.020281 0.002007 0.999234 0.033403
1718924371.490704060 -0.023987 -7.647367 0.077106 0.020286 0.002038 0.999233 0.033431
1718924371.495697498 -0.025206 -7.647187 0.077195 0.020285 0.002072 0.999232 0.033467
1718924371.499988079 -0.026252 -7.647035 0.077267 0.020285 0.002091 0.999231 0.033505
1718924371.499988079 -0.026252 -7.647035 0.077267 0.020285 0.002091 0.999231 0.033505
1718924371.500703096 -0.026426 -7.647010 0.077279 0.020284 0.002094 0.999230 0.033510
1718924371.505688906 -0.027639 -7.646839 0.077362 0.020290 0.002113 0.999229 0.033543
1718924371.510702610 -0.028859 -7.646672 0.077442 0.020299 0.002133 0.999228 0.033578
1718924371.599989176 -0.050582 -7.643824 0.078678 0.020406 0.002295 0.999253 0.032723
1718924371.599989176 -0.050582 -7.643824 0.078678 0.020406 0.002295 0.999253 0.032723
1718924371.600754738 -0.050768 -7.643800 0.078689 0.020407 0.002296 0.999254 0.032716
1718924371.605707169 -0.051973 -7.643649 0.078753 0.020413 0.002312 0.999255 0.032676
1718924371.610713243 -0.053191 -7.643495 0.078820 0.020415 0.002337 0.999256 0.032648
1718924371.615711927 -0.054409 -7.643340 0.078889 0.020415 0.002357 0.999256 0.032637
1718924371.620740891 -0.055636 -7.643183 0.078963 0.020421 0.002370 0.999256 0.032633
1718924371.625736713 -0.056854 -7.643025 0.079045 0.020427 0.002374 0.999256 0.032642
1718924371.630733728 -0.058072 -7.642866 0.079133 0.020438 0.002375 0.999255 0.032659
1718924371.635732889 -0.059288 -7.642707 0.079226 0.020442 0.002373 0.999254 0.032690
1718924371.640703678 -0.060497 -7.642549 0.079322 0.020441 0.002368 0.999253 0.032716
1718924371.645702600 -0.061711 -7.642389 0.079417 0.020448 0.002360 0.999252 0.032742
1718924371.650714397 -0.062928 -7.642230 0.079508 0.020452 0.002359 0.999251 0.032778
1718924371.655724287 -0.064143 -7.642071 0.079594 0.020459 0.002355 0.999249 0.032826
1718924371.660707235 -0.065350 -7.641913 0.079674 0.020468 0.002349 0.999247 0.032886
1718924371.665716648 -0.066562 -7.641756 0.079749 0.020479 0.002345 0.999244 0.032949
1718924371.670729637 -0.067774 -7.641598 0.079820 0.020489 0.002340 0.999242 0.033015
1718924371.675718546 -0.068980 -7.641442 0.079890 0.020497 0.002335 0.999240 0.033087
1718924371.680756330 -0.070197 -7.641285 0.079963 0.020513 0.002334 0.999237 0.033160
1718924371.685716152 -0.071393 -7.641130 0.080039 0.020524 0.002333 0.999234 0.033227
1718924371.690701723 -0.072595 -7.640975 0.080119 0.020538 0.002339 0.999232 0.033290
1718924371.695710659 -0.073802 -7.640818 0.080204 0.020557 0.002346 0.999230 0.033350
1718924371.699907064 -0.074813 -7.640688 0.080280 0.020577 0.002351 0.999228 0.033390
1718924371.699907064 -0.074813 -7.640688 0.080280 0.020577 0.002351 0.999228 0.033390
1718924371.700716496 -0.075008 -7.640663 0.080296 0.020581 0.002351 0.999227 0.033397
1718924371.705715179 -0.076212 -7.640508 0.080393 0.020598 0.002358 0.999226 0.033425
1718924371.710730553 -0.077418 -7.640354 0.080489 0.020608 0.002363 0.999225 0.033450
1718924371.715707064 -0.078614 -7.640202 0.080582 0.020614 0.002376 0.999224 0.033464
1718924371.765721798 -0.090590 -7.638617 0.081502 0.020609 0.002698 0.999235 0.033137
1718924371.795710802 -0.097732 -7.637641 0.082051 0.020567 0.002808 0.999238 0.033040
1718924371.799989223 -0.098751 -7.637503 0.082127 0.020560 0.002820 0.999239 0.033032
1718924371.799989223 -0.098751 -7.637503 0.082127 0.020560 0.002820 0.999239 0.033032
1718924371.800733566 -0.098928 -7.637479 0.082138 0.020559 0.002822 0.999239 0.033031
1718924371.805716038 -0.100115 -7.637320 0.082201 0.020553 0.002837 0.999239 0.033041
1718924371.810718775 -0.101310 -7.637162 0.082261 0.020550 0.002852 0.999238 0.033058
1718924371.815722466 -0.102508 -7.637005 0.082317 0.020544 0.002867 0.999237 0.033084
1718924371.820785284 -0.103717 -7.636848 0.082369 0.020533 0.002882 0.999237 0.033108
1718924371.825730085 -0.104894 -7.636697 0.082417 0.020516 0.002897 0.999236 0.033141
1718924371.830765009 -0.106088 -7.636545 0.082464 0.020497 0.002911 0.999235 0.033188
1718924371.835730791 -0.107262 -7.636399 0.082513 0.020485 0.002926 0.999233 0.033236
1718924371.840815544 -0.108460 -7.636252 0.082567 0.020474 0.002930 0.999232 0.033289
1718924371.845763206 -0.109618 -7.636112 0.082629 0.020470 0.002942 0.999230 0.033341
1718924371.850773811 -0.110784 -7.635973 0.082699 0.020479 0.002963 0.999228 0.033384
1718924371.855732679 -0.111931 -7.635840 0.082777 0.020495 0.002980 0.999227 0.033418
1718924371.860713959 -0.113078 -7.635708 0.082860 0.020507 0.002998 0.999226 0.033439
1718924371.865759611 -0.114235 -7.635578 0.082946 0.020527 0.003013 0.999225 0.033452
1718924371.870716810 -0.115367 -7.635453 0.083029 0.020531 0.003024 0.999225 0.033453
1718924371.875741720 -0.116510 -7.635329 0.083108 0.020533 0.003033 0.999225 0.033433
1718924371.880748510 -0.117645 -7.635208 0.083181 0.020541 0.003045 0.999226 0.033413
1718924371.885714769 -0.118769 -7.635089 0.083248 0.020552 0.003056 0.999227 0.033385
1718924371.890777588 -0.119913 -7.634969 0.083313 0.020567 0.003072 0.999228 0.033343
1718924371.895762205 -0.121037 -7.634853 0.083376 0.020586 0.003089 0.999229 0.033293
1718924371.900023222 -0.121995 -7.634754 0.083432 0.020600 0.003105 0.999230 0.033253
1718924371.900023222 -0.121995 -7.634754 0.083432 0.020600 0.003105 0.999230 0.033253
1718924371.900732994 -0.122154 -7.634738 0.083444 0.020603 0.003108 0.999230 0.033246
1718924371.905703783 -0.123266 -7.634626 0.083531 0.020618 0.003120 0.999231 0.033203
1718924371.910709620 -0.124381 -7.634514 0.083620 0.020634 0.003122 0.999232 0.033169
1718924371.965722084 -0.136679 -7.633659 0.084719 0.020820 0.002444 0.999229 0.033207
1718924371.970820904 -0.137824 -7.633610 0.084832 0.020846 0.002377 0.999228 0.033203
1718924371.975726128 -0.138926 -7.633569 0.084941 0.020864 0.002317 0.999228 0.033197
1718924371.980751514 -0.140055 -7.633534 0.085050 0.020876 0.002270 0.999229 0.033179
1718924371.985766172 -0.141183 -7.633507 0.085155 0.020881 0.002233 0.999230 0.033155
1718924371.990717888 -0.142294 -7.633487 0.085256 0.020880 0.002201 0.999231 0.033127
1718924371.995722532 -0.143414 -7.633472 0.085356 0.020875 0.002174 0.999232 0.033102
1718924372.000765800 -0.144541 -7.633462 0.085456 0.020875 0.002147 0.999232 0.033086
1718924372.005752563 -0.145655 -7.633454 0.085559 0.020892 0.002111 0.999233 0.033060
1718924372.010716915 -0.146765 -7.633449 0.085665 0.020925 0.002076 0.999233 0.033021
1718924372.015734673 -0.147889 -7.633448 0.085778 0.020970 0.002038 0.999234 0.032975
1718924372.020751953 -0.149011 -7.633450 0.085893 0.021003 0.002004 0.999235 0.032929
1718924372.025777578 -0.150130 -7.633452 0.086005 0.021015 0.001975 0.999236 0.032888
1718924372.030744076 -0.151230 -7.633456 0.086112 0.021009 0.001963 0.999238 0.032842
1718924372.035733700 -0.152332 -7.633457 0.086214 0.020990 0.001961 0.999240 0.032789
1718924372.040738583 -0.153437 -7.633456 0.086312 0.020978 0.001950 0.999242 0.032740
1718924372.045726061 -0.154538 -7.633451 0.086407 0.020977 0.001924 0.999244 0.032685
1718924372.050764799 -0.155651 -7.633442 0.086499 0.020992 0.001891 0.999245 0.032634
1718924372.055716038 -0.156743 -7.633430 0.086586 0.021010 0.001854 0.999246 0.032601
1718924372.060728550 -0.157849 -7.633413 0.086670 0.021024 0.001813 0.999246 0.032580
1718924372.065720558 -0.158947 -7.633392 0.086749 0.021032 0.001778 0.999247 0.032560
1718924372.070731163 -0.160049 -7.633368 0.086825 0.021030 0.001760 0.999248 0.032534
1718924372.075718403 -0.161143 -7.633339 0.086899 0.021022 0.001754 0.999249 0.032514
1718924372.080733061 -0.162241 -7.633306 0.086973 0.021014 0.001750 0.999249 0.032497
1718924372.085718632 -0.163333 -7.633269 0.087048 0.021006 0.001743 0.999250 0.032481
1718924372.090732098 -0.164431 -7.633227 0.087127 0.021007 0.001733 0.999250 0.032474
1718924372.095774174 -0.165537 -7.633181 0.087209 0.021021 0.001729 0.999250 0.032466
1718924372.099992990 -0.166461 -7.633138 0.087280 0.021035 0.001721 0.999250 0.032465
1718924372.099992990 -0.166461 -7.633138 0.087280 0.021035 0.001721 0.999250 0.032465
1718924372.100753069 -0.166628 -7.633130 0.087294 0.021038 0.001719 0.999250 0.032465
1718924372.105720520 -0.167713 -7.633078 0.087384 0.021045 0.001710 0.999250 0.032473
1718924372.110715628 -0.168802 -7.633024 0.087476 0.021039 0.001702 0.999249 0.032485
1718924372.115766525 -0.169901 -7.632966 0.087570 0.021034 0.001694 0.999249 0.032510
1718924372.199995041 -0.188104 -7.632153 0.088681 0.020986 0.002146 0.999265 0.031997
1718924372.199995041 -0.188104 -7.632153 0.088681 0.020986 0.002146 0.999265 0.031997
1718924372.220738888 -0.192554 -7.632009 0.088817 0.020946 0.002259 0.999269 0.031892
1718924372.225742817 -0.193625 -7.631974 0.088842 0.020941 0.002276 0.999270 0.031858
1718924372.230748177 -0.194694 -7.631940 0.088865 0.020932 0.002288 0.999271 0.031835
1718924372.235729933 -0.195758 -7.631908 0.088888 0.020919 0.002290 0.999272 0.031815
1718924372.240736008 -0.196827 -7.631877 0.088911 0.020910 0.002281 0.999273 0.031797
1718924372.245734930 -0.197898 -7.631847 0.088935 0.020913 0.002279 0.999273 0.031789
1718924372.250739336 -0.198971 -7.631818 0.088959 0.020911 0.002288 0.999273 0.031788
1718924372.255733490 -0.200042 -7.631791 0.088983 0.020907 0.002296 0.999273 0.031801
1718924372.260730982 -0.201113 -7.631766 0.089008 0.020896 0.002300 0.999273 0.031817
1718924372.265741587 -0.202188 -7.631742 0.089036 0.020895 0.002303 0.999272 0.031841
1718924372.270777702 -0.203269 -7.631719 0.089068 0.020898 0.002296 0.999271 0.031874
1718924372.275726557 -0.204332 -7.631698 0.089104 0.020893 0.002267 0.999269 0.031921
1718924372.280728817 -0.205406 -7.631679 0.089144 0.020886 0.002227 0.999268 0.031983
1718924372.285726786 -0.206476 -7.631664 0.089183 0.020887 0.002190 0.999266 0.032046
1718924372.290719032 -0.207541 -7.631653 0.089222 0.020892 0.002154 0.999264 0.032103
1718924372.295777559 -0.208617 -7.631646 0.089256 0.020902 0.002121 0.999262 0.032160
1718924372.299986124 -0.209511 -7.631644 0.089282 0.020908 0.002107 0.999260 0.032211
1718924372.299986124 -0.209511 -7.631644 0.089282 0.020908 0.002107 0.999260 0.032211
1718924372.300732374 -0.209669 -7.631644 0.089287 0.020910 0.002104 0.999260 0.032220
1718924372.305719137 -0.210728 -7.631648 0.089316 0.020915 0.002091 0.999258 0.032276
1718924372.310772419 -0.211801 -7.631656 0.089344 0.020929 0.002063 0.999256 0.032329
1718924372.390772104 -0.229021 -7.631431 0.089131 0.020881 0.001877 0.999284 0.031484
1718924372.395765781 -0.230109 -7.631386 0.089099 0.020881 0.001857 0.999286 0.031435
1718924372.399996042 -0.231030 -7.631346 0.089070 0.020876 0.001838 0.999287 0.031399
1718924372.399996042 -0.231030 -7.631346 0.089070 0.020876 0.001838 0.999287 0.031399
1718924372.400765419 -0.231198 -7.631339 0.089064 0.020875 0.001835 0.999287 0.031393
1718924372.405757427 -0.232285 -7.631286 0.089022 0.020861 0.001811 0.999289 0.031355
1718924372.410775900 -0.233375 -7.631229 0.088978 0.020843 0.001794 0.999290 0.031327
1718924372.415775299 -0.234457 -7.631168 0.088934 0.020817 0.001773 0.999291 0.031324
1718924372.420884609 -0.235563 -7.631100 0.088890 0.020795 0.001750 0.999291 0.031333
1718924372.425740004 -0.236613 -7.631031 0.088850 0.020778 0.001737 0.999291 0.031352
1718924372.430766821 -0.237702 -7.630955 0.088810 0.020761 0.001729 0.999290 0.031390
1718924372.435817480 -0.238795 -7.630873 0.088769 0.020745 0.001725 0.999289 0.031449
1718924372.440764427 -0.239865 -7.630789 0.088730 0.020729 0.001711 0.999287 0.031521
1718924372.445729494 -0.240938 -7.630701 0.088691 0.020714 0.001685 0.999285 0.031595
1718924372.450742483 -0.242021 -7.630609 0.088652 0.020704 0.001654 0.999283 0.031666
1718924372.455736399 -0.243100 -7.630514 0.088614 0.020693 0.001616 0.999280 0.031745
1718924372.460727930 -0.244178 -7.630416 0.088574 0.020691 0.001582 0.999278 0.031838
1718924372.465732336 -0.245258 -7.630317 0.088534 0.020691 0.001550 0.999275 0.031935
1718924372.470736265 -0.246338 -7.630217 0.088491 0.020689 0.001528 0.999271 0.032040
1718924372.475726366 -0.247415 -7.630118 0.088447 0.020677 0.001509 0.999268 0.032142
1718924372.480769157 -0.248503 -7.630019 0.088400 0.020667 0.001492 0.999265 0.032240
1718924372.485732317 -0.249576 -7.629923 0.088354 0.020661 0.001470 0.999263 0.032323
1718924372.490731478 -0.250657 -7.629828 0.088305 0.020651 0.001440 0.999260 0.032404
1718924372.495726585 -0.251738 -7.629736 0.088255 0.020641 0.001415 0.999258 0.032478
1718924372.499998093 -0.252662 -7.629660 0.088212 0.020634 0.001393 0.999257 0.032537
1718924372.499998093 -0.252662 -7.629660 0.088212 0.020634 0.001393 0.999257 0.032537
1718924372.500810385 -0.252837 -7.629646 0.088206 0.020634 0.001389 0.999256 0.032547
1718924372.505765915 -0.253905 -7.629566 0.088166 0.020628 0.001364 0.999255 0.032604
1718924372.510767460 -0.254983 -7.629488 0.088127 0.020623 0.001351 0.999253 0.032657
1718924372.545765877 -0.262493 -7.629024 0.087781 0.020562 0.001163 0.999260 0.032492
1718924372.550738811 -0.263554 -7.628971 0.087713 0.020561 0.001143 0.999261 0.032446
1718924372.555740833 -0.264620 -7.628921 0.087638 0.020555 0.001131 0.999263 0.032395
1718924372.560744286 -0.265685 -7.628875 0.087557 0.020548 0.001123 0.999265 0.032337
1718924372.565734386 -0.266747 -7.628832 0.087473 0.020545 0.001111 0.999267 0.032284
1718924372.570735931 -0.267813 -7.628791 0.087389 0.020550 0.001100 0.999268 0.032240
1718924372.575810909 -0.268899 -7.628752 0.087305 0.020554 0.001087 0.999269 0.032205
1718924372.580749035 -0.269955 -7.628715 0.087224 0.020559 0.001067 0.999270 0.032167
1718924372.585727453 -0.271020 -7.628679 0.087143 0.020553 0.001045 0.999272 0.032132
1718924372.590774059 -0.272097 -7.628645 0.087062 0.020537 0.001028 0.999273 0.032114
1718924372.595765829 -0.273161 -7.628612 0.086982 0.020519 0.001021 0.999273 0.032101
1718924372.599995136 -0.274064 -7.628584 0.086915 0.020505 0.001018 0.999274 0.032091
1718924372.599995136 -0.274064 -7.628584 0.086915 0.020505 0.001018 0.999274 0.032091
1718924372.600771904 -0.274230 -7.628579 0.086903 0.020503 0.001018 0.999274 0.032089
1718924372.605765820 -0.275298 -7.628545 0.086828 0.020487 0.001008 0.999275 0.032087
1718924372.610731363 -0.276362 -7.628509 0.086754 0.020474 0.000999 0.999274 0.032104
1718924372.615744591 -0.277439 -7.628471 0.086679 0.020467 0.000977 0.999274 0.032126
1718924372.665761232 -0.288255 -7.627988 0.085807 0.020398 0.000735 0.999251 0.032887
1718924372.670743704 -0.289344 -7.627923 0.085722 0.020400 0.000718 0.999249 0.032950
1718924372.675723553 -0.290431 -7.627857 0.085635 0.020400 0.000704 0.999247 0.032998
1718924372.680730820 -0.291523 -7.627791 0.085546 0.020389 0.000694 0.999246 0.033039
1718924372.685763597 -0.292621 -7.627724 0.085456 0.020374 0.000696 0.999245 0.033073
1718924372.690760612 -0.293712 -7.627658 0.085367 0.020358 0.000701 0.999245 0.033098
1718924372.695765495 -0.294807 -7.627591 0.085280 0.020346 0.000707 0.999244 0.033110
1718924372.699897051 -0.295712 -7.627535 0.085211 0.020345 0.000718 0.999244 0.033116
1718924372.699897051 -0.295712 -7.627535 0.085211 0.020345 0.000718 0.999244 0.033116
1718924372.700786829 -0.295907 -7.627523 0.085197 0.020345 0.000720 0.999244 0.033118
1718924372.705763340 -0.296998 -7.627455 0.085119 0.020349 0.000721 0.999244 0.033124
1718924372.710718393 -0.298083 -7.627387 0.085043 0.020357 0.000704 0.999244 0.033117
1718924372.715727091 -0.299178 -7.627318 0.084969 0.020363 0.000686 0.999244 0.033108
1718924372.720796347 -0.300286 -7.627249 0.084895 0.020363 0.000673 0.999244 0.033100
1718924372.725727081 -0.301362 -7.627183 0.084823 0.020367 0.000668 0.999245 0.033086
1718924372.730798006 -0.302470 -7.627117 0.084747 0.020371 0.000667 0.999245 0.033067
1718924372.735791206 -0.303560 -7.627054 0.084670 0.020371 0.000663 0.999246 0.033044
1718924372.740767002 -0.304647 -7.626992 0.084593 0.020366 0.000656 0.999247 0.033019
1718924372.745748997 -0.305735 -7.626933 0.084514 0.020362 0.000649 0.999248 0.032986
1718924372.750743628 -0.306826 -7.626877 0.084433 0.020359 0.000642 0.999249 0.032956
1718924372.755781174 -0.307927 -7.626822 0.084350 0.020354 0.000636 0.999250 0.032929
1718924372.760832071 -0.309030 -7.626771 0.084265 0.020352 0.000634 0.999251 0.032901
1718924372.765767574 -0.310106 -7.626723 0.084180 0.020348 0.000635 0.999252 0.032867
1718924372.770764112 -0.311193 -7.626677 0.084092 0.020343 0.000644 0.999253 0.032844
1718924372.775816202 -0.312290 -7.626633 0.084003 0.020339 0.000661 0.999254 0.032831
1718924372.780736685 -0.313359 -7.626592 0.083917 0.020339 0.000668 0.999254 0.032826
1718924372.785732985 -0.314444 -7.626552 0.083833 0.020346 0.000666 0.999254 0.032820
1718924372.790743351 -0.315534 -7.626512 0.083750 0.020348 0.000649 0.999254 0.032824
1718924372.795779943 -0.316629 -7.626472 0.083670 0.020347 0.000617 0.999254 0.032833
1718924372.799993992 -0.317544 -7.626439 0.083604 0.020347 0.000585 0.999253 0.032848
1718924372.799993992 -0.317544 -7.626439 0.083604 0.020347 0.000585 0.999253 0.032848
1718924372.800757170 -0.317710 -7.626434 0.083593 0.020347 0.000580 0.999253 0.032850
1718924372.805728197 -0.318788 -7.626398 0.083521 0.020348 0.000545 0.999252 0.032877
1718924372.810755730 -0.319879 -7.626364 0.083449 0.020347 0.000521 0.999251 0.032912
1718924372.895722151 -0.338435 -7.625495 0.081836 0.020522 0.000312 0.999226 0.033572
1718924372.900012016 -0.339379 -7.625434 0.081733 0.020530 0.000300 0.999225 0.033592
1718924372.900012016 -0.339379 -7.625434 0.081733 0.020530 0.000300 0.999225 0.033592
1718924372.900716305 -0.339534 -7.625424 0.081716 0.020531 0.000298 0.999225 0.033595
1718924372.905721903 -0.340637 -7.625353 0.081598 0.020532 0.000275 0.999224 0.033611
1718924372.910729885 -0.341743 -7.625279 0.081479 0.020537 0.000256 0.999223 0.033627
1718924372.915735245 -0.342848 -7.625202 0.081360 0.020545 0.000240 0.999223 0.033636
1718924372.920776129 -0.343963 -7.625122 0.081239 0.020555 0.000216 0.999222 0.033646
1718924372.925736427 -0.345059 -7.625041 0.081121 0.020561 0.000197 0.999222 0.033654
1718924372.930767775 -0.346170 -7.624955 0.081003 0.020569 0.000174 0.999221 0.033675
1718924372.935778141 -0.347278 -7.624859 0.080890 0.020571 0.000117 0.999219 0.033723
1718924372.940757275 -0.348379 -7.624755 0.080780 0.020567 0.000022 0.999217 0.033795
1718924372.945765257 -0.349488 -7.624644 0.080667 0.020558 -0.000061 0.999215 0.033877
1718924372.950754404 -0.350593 -7.624533 0.080552 0.020549 -0.000102 0.999212 0.033965
1718924372.955729485 -0.351697 -7.624422 0.080434 0.020531 -0.000103 0.999209 0.034066
1718924372.960755825 -0.352812 -7.624304 0.080313 0.020513 -0.000102 0.999205 0.034190
1718924372.965723038 -0.353916 -7.624180 0.080192 0.020498 -0.000107 0.999200 0.034337
1718924372.970750332 -0.355033 -7.624048 0.080070 0.020491 -0.000115 0.999195 0.034500
1718924372.975767374 -0.356149 -7.623915 0.079949 0.020483 -0.000123 0.999189 0.034673
1718924372.980741501 -0.357257 -7.623781 0.079830 0.020481 -0.000142 0.999183 0.034840
1718924372.985735416 -0.358372 -7.623645 0.079710 0.020480 -0.000171 0.999177 0.035004
1718924372.990749836 -0.359496 -7.623506 0.079589 0.020478 -0.000207 0.999172 0.035168
1718924372.995768309 -0.360624 -7.623366 0.079465 0.020474 -0.000237 0.999166 0.035331
1718924373.000760078 -0.361751 -7.623229 0.079340 0.020459 -0.000256 0.999161 0.035480
1718924373.005761623 -0.362882 -7.623091 0.079211 0.020438 -0.000270 0.999157 0.035615
1718924373.010728359 -0.364006 -7.622953 0.079083 0.020406 -0.000280 0.999153 0.035737
1718924373.035733461 -0.369642 -7.622272 0.078478 0.020286 -0.000223 0.999138 0.036225
1718924373.040741682 -0.370766 -7.622133 0.078359 0.020271 -0.000203 0.999134 0.036323
1718924373.045710564 -0.371878 -7.621995 0.078241 0.020258 -0.000178 0.999131 0.036431
1718924373.050747156 -0.373003 -7.621854 0.078122 0.020245 -0.000172 0.999127 0.036553
1718924373.055717945 -0.374111 -7.621714 0.078002 0.020236 -0.000183 0.999122 0.036677
1718924373.060712099 -0.375223 -7.621572 0.077882 0.020231 -0.000220 0.999117 0.036811
1718924373.065722704 -0.376336 -7.621427 0.077760 0.020237 -0.000271 0.999112 0.036948
1718924373.070717573 -0.377444 -7.621283 0.077637 0.020242 -0.000321 0.999107 0.037091
1718924373.075719118 -0.378553 -7.621138 0.077512 0.020237 -0.000368 0.999101 0.037258
1718924373.080715895 -0.379661 -7.620993 0.077385 0.020230 -0.000409 0.999094 0.037446
1718924373.085718632 -0.380771 -7.620847 0.077255 0.020219 -0.000453 0.999087 0.037628
1718924373.090713739 -0.381881 -7.620703 0.077123 0.020208 -0.000497 0.999081 0.037808
1718924373.095719099 -0.382995 -7.620559 0.076989 0.020207 -0.000534 0.999074 0.037992
1718924373.100015163 -0.383954 -7.620435 0.076874 0.020208 -0.000568 0.999067 0.038155
1718924373.100015163 -0.383954 -7.620435 0.076874 0.020208 -0.000568 0.999067 0.038155
1718924373.100714922 -0.384110 -7.620415 0.076856 0.020208 -0.000573 0.999066 0.038182
1718924373.105710983 -0.385227 -7.620271 0.076728 0.020204 -0.000616 0.999059 0.038373
1718924373.110715866 -0.386347 -7.620124 0.076602 0.020195 -0.000655 0.999052 0.038562
1718924373.115728378 -0.387470 -7.619974 0.076480 0.020179 -0.000697 0.999044 0.038763
1718924373.165780306 -0.398680 -7.618460 0.075469 0.019932 -0.000528 0.998965 0.040873
1718924373.180799007 -0.402034 -7.617995 0.075229 0.019928 -0.000546 0.998943 0.041409
1718924373.185786247 -0.403144 -7.617840 0.075160 0.019918 -0.000534 0.998937 0.041577
1718924373.190792322 -0.404253 -7.617684 0.075094 0.019900 -0.000523 0.998930 0.041742
1718924373.195788622 -0.405356 -7.617528 0.075032 0.019878 -0.000520 0.998924 0.041907
1718924373.200803757 -0.406464 -7.617372 0.074972 0.019862 -0.000515 0.998917 0.042065
1718924373.205777407 -0.407565 -7.617221 0.074911 0.019866 -0.000512 0.998911 0.042204
1718924373.210739136 -0.408664 -7.617073 0.074847 0.019885 -0.000500 0.998905 0.042336
1718924373.215791464 -0.409785 -7.616925 0.074775 0.019903 -0.000488 0.998899 0.042473
1718924373.220747709 -0.410884 -7.616781 0.074696 0.019909 -0.000483 0.998893 0.042606
1718924373.225722790 -0.411989 -7.616637 0.074610 0.019909 -0.000479 0.998888 0.042740
1718924373.230753183 -0.413107 -7.616492 0.074519 0.019910 -0.000492 0.998882 0.042869
1718924373.235724688 -0.414214 -7.616350 0.074429 0.019909 -0.000511 0.998876 0.043005
1718924373.240743160 -0.415332 -7.616207 0.074339 0.019902 -0.000521 0.998871 0.043141
1718924373.245720625 -0.416442 -7.616068 0.074253 0.019900 -0.000528 0.998865 0.043278
1718924373.250712633 -0.417560 -7.615931 0.074170 0.019913 -0.000545 0.998859 0.043414
1718924373.255716085 -0.418681 -7.615795 0.074089 0.019928 -0.000562 0.998852 0.043551
1718924373.260711670 -0.419802 -7.615660 0.074007 0.019935 -0.000562 0.998847 0.043677
1718924373.265709400 -0.420922 -7.615527 0.073925 0.019937 -0.000558 0.998841 0.043794
1718924373.270710707 -0.422044 -7.615394 0.073841 0.019921 -0.000566 0.998837 0.043903
1718924373.275707006 -0.423163 -7.615262 0.073756 0.019894 -0.000573 0.998833 0.044013
1718924373.280714035 -0.424287 -7.615131 0.073671 0.019878 -0.000585 0.998828 0.044116
1718924373.285709381 -0.425412 -7.615002 0.073588 0.019875 -0.000604 0.998825 0.044205
1718924373.290712357 -0.426539 -7.614873 0.073508 0.019869 -0.000626 0.998822 0.044273
1718924373.295712233 -0.427663 -7.614747 0.073429 0.019863 -0.000631 0.998819 0.044334
1718924373.299988031 -0.428623 -7.614643 0.073363 0.019865 -0.000626 0.998817 0.044381
1718924373.299988031 -0.428623 -7.614643 0.073363 0.019865 -0.000626 0.998817 0.044381
1718924373.300714493 -0.428785 -7.614625 0.073352 0.019865 -0.000626 0.998817 0.044389
1718924373.305709839 -0.429903 -7.614507 0.073282 0.019870 -0.000638 0.998814 0.044439
1718924373.310761690 -0.431028 -7.614391 0.073214 0.019883 -0.000664 0.998812 0.044488
1718924373.315777063 -0.432138 -7.614279 0.073149 0.019906 -0.000685 0.998810 0.044525
1718924373.395776033 -0.448883 -7.612677 0.073126 0.020910 -0.001365 0.998805 0.044159
1718924373.399981022 -0.449715 -7.612603 0.073185 0.020976 -0.001421 0.998804 0.044139
1718924373.399981022 -0.449715 -7.612603 0.073185 0.020976 -0.001421 0.998804 0.044139
1718924373.400823832 -0.449882 -7.612589 0.073198 0.020989 -0.001433 0.998804 0.044135
1718924373.405768156 -0.450851 -7.612502 0.073281 0.021064 -0.001509 0.998803 0.044111
1718924373.410754204 -0.451820 -7.612419 0.073371 0.021135 -0.001580 0.998803 0.044080
1718924373.415795088 -0.452787 -7.612339 0.073465 0.021196 -0.001637 0.998803 0.044049
1718924373.420716286 -0.453722 -7.612267 0.073558 0.021250 -0.001695 0.998803 0.044017
1718924373.425718546 -0.454664 -7.612197 0.073654 0.021308 -0.001773 0.998804 0.043971
1718924373.430745363 -0.455609 -7.612130 0.073748 0.021368 -0.001879 0.998806 0.043902
1718924373.435716629 -0.456542 -7.612068 0.073838 0.021425 -0.002009 0.998808 0.043816
1718924373.440712452 -0.457479 -7.612014 0.073925 0.021491 -0.002141 0.998811 0.043704
1718924373.445732832 -0.458421 -7.611970 0.074006 0.021567 -0.002253 0.998816 0.043559
1718924373.450712919 -0.459356 -7.611936 0.074084 0.021646 -0.002352 0.998821 0.043399
1718924373.455754519 -0.460305 -7.611907 0.074162 0.021727 -0.002463 0.998826 0.043219
1718924373.460772991 -0.461256 -7.611884 0.074241 0.021815 -0.002603 0.998833 0.043020
1718924373.465770483 -0.462209 -7.611868 0.074321 0.021900 -0.002756 0.998840 0.042794
1718924373.470753670 -0.463162 -7.611862 0.074398 0.021970 -0.002881 0.998849 0.042539
1718924373.475708246 -0.464112 -7.611867 0.074473 0.022027 -0.002965 0.998859 0.042263
1718924373.480704069 -0.465072 -7.611878 0.074549 0.022076 -0.003033 0.998870 0.041980
1718924373.485707998 -0.466036 -7.611891 0.074627 0.022114 -0.003110 0.998881 0.041681
1718924373.490704536 -0.467002 -7.611904 0.074708 0.022164 -0.003191 0.998893 0.041369
1718924373.495709658 -0.467972 -7.611919 0.074790 0.022219 -0.003281 0.998904 0.041070
1718924373.500013113 -0.468809 -7.611932 0.074864 0.022268 -0.003368 0.998913 0.040817
1718924373.500013113 -0.468809 -7.611932 0.074864 0.022268 -0.003368 0.998913 0.040817
1718924373.500706434 -0.468944 -7.611934 0.074876 0.022276 -0.003382 0.998914 0.040777
1718924373.505711317 -0.469918 -7.611951 0.074969 0.022348 -0.003506 0.998924 0.040490
1718924373.510707140 -0.470893 -7.611967 0.075062 0.022425 -0.003641 0.998932 0.040232
1718924373.515732288 -0.471873 -7.611983 0.075155 0.022499 -0.003755 0.998939 0.040003
1718924373.590819359 -0.486770 -7.611840 0.076549 0.022828 -0.003861 0.998886 0.041127
1718924373.595770836 -0.487773 -7.611804 0.076635 0.022852 -0.003863 0.998883 0.041186
1718924373.600715160 -0.488779 -7.611767 0.076720 0.022873 -0.003855 0.998881 0.041227
1718924373.605712414 -0.489799 -7.611731 0.076806 0.022900 -0.003844 0.998879 0.041253
1718924373.610705614 -0.490820 -7.611694 0.076893 0.022930 -0.003840 0.998878 0.041262
1718924373.615713120 -0.491847 -7.611658 0.076978 0.022952 -0.003816 0.998878 0.041252
1718924373.620718479 -0.492876 -7.611625 0.077062 0.022968 -0.003765 0.998879 0.041218
1718924373.625712872 -0.493907 -7.611597 0.077145 0.022972 -0.003703 0.998882 0.041162
1718924373.630715370 -0.494944 -7.611570 0.077230 0.022979 -0.003649 0.998885 0.041084
1718924373.635706186 -0.495984 -7.611545 0.077316 0.022997 -0.003611 0.998888 0.040989
1718924373.640733957 -0.497035 -7.611521 0.077402 0.023009 -0.003583 0.998893 0.040872
1718924373.645707846 -0.498077 -7.611500 0.077488 0.023027 -0.003559 0.998898 0.040735
1718924373.650702715 -0.499128 -7.611482 0.077576 0.023056 -0.003548 0.998904 0.040586
1718924373.655750751 -0.500196 -7.611468 0.077667 0.023097 -0.003550 0.998909 0.040434
1718924373.660700560 -0.501247 -7.611458 0.077758 0.023135 -0.003549 0.998915 0.040273
1718924373.665707827 -0.502315 -7.611453 0.077851 0.023163 -0.003541 0.998921 0.040101
1718924373.670701742 -0.503384 -7.611454 0.077941 0.023184 -0.003528 0.998927 0.039928
1718924373.675706863 -0.504457 -7.611458 0.078030 0.023203 -0.003515 0.998934 0.039760
1718924373.680705309 -0.505528 -7.611467 0.078117 0.023218 -0.003509 0.998939 0.039607
1718924373.685707092 -0.506600 -7.611481 0.078203 0.023231 -0.003508 0.998945 0.039452
1718924373.690742254 -0.507680 -7.611500 0.078289 0.023249 -0.003500 0.998950 0.039314
1718924373.695740938 -0.508755 -7.611524 0.078374 0.023284 -0.003489 0.998954 0.039195
1718924373.699906111 -0.509651 -7.611546 0.078446 0.023320 -0.003487 0.998957 0.039101
1718924373.699906111 -0.509651 -7.611546 0.078446 0.023320 -0.003487 0.998957 0.039101
1718924373.700743198 -0.509831 -7.611551 0.078461 0.023327 -0.003486 0.998958 0.039082
1718924373.705739975 -0.510904 -7.611582 0.078555 0.023364 -0.003491 0.998960 0.038995
1718924373.710744381 -0.511977 -7.611616 0.078651 0.023393 -0.003498 0.998962 0.038936
1718924373.715742826 -0.513048 -7.611652 0.078749 0.023418 -0.003508 0.998963 0.038892
1718924373.720782042 -0.514127 -7.611690 0.078850 0.023440 -0.003525 0.998963 0.038864
1718924373.799986839 -0.531084 -7.611406 0.080286 0.023362 -0.003179 0.998982 0.038471
1718924373.799986839 -0.531084 -7.611406 0.080286 0.023362 -0.003179 0.998982 0.038471
1718924373.820875883 -0.535557 -7.611044 0.080624 0.023342 -0.003109 0.998986 0.038370
1718924373.825719595 -0.536596 -7.610941 0.080699 0.023342 -0.003087 0.998987 0.038346
1718924373.830750227 -0.537676 -7.610827 0.080776 0.023343 -0.003064 0.998988 0.038322
1718924373.835704088 -0.538740 -7.610708 0.080851 0.023341 -0.003049 0.998989 0.038293
1718924373.840695858 -0.539811 -7.610583 0.080927 0.023334 -0.003041 0.998990 0.038272
1718924373.845713139 -0.540888 -7.610453 0.081003 0.023330 -0.003035 0.998991 0.038254
1718924373.850709200 -0.541959 -7.610319 0.081081 0.023334 -0.003029 0.998992 0.038235
1718924373.855715513 -0.543034 -7.610182 0.081159 0.023330 -0.003015 0.998993 0.038209
1718924373.860800505 -0.544125 -7.610040 0.081237 0.023319 -0.003001 0.998994 0.038197
1718924373.865717173 -0.545179 -7.609900 0.081311 0.023317 -0.002978 0.998993 0.038205
1718924373.870802164 -0.546269 -7.609754 0.081388 0.023322 -0.002949 0.998993 0.038202
1718924373.875705957 -0.547319 -7.609613 0.081462 0.023330 -0.002919 0.998993 0.038202
1718924373.880697489 -0.548389 -7.609468 0.081539 0.023339 -0.002890 0.998993 0.038218
1718924373.885739326 -0.549468 -7.609321 0.081619 0.023346 -0.002865 0.998992 0.038245
1718924373.890703678 -0.550532 -7.609176 0.081698 0.023347 -0.002843 0.998990 0.038275
1718924373.895698786 -0.551601 -7.609031 0.081779 0.023343 -0.002823 0.998989 0.038308
1718924373.900022984 -0.552526 -7.608906 0.081848 0.023340 -0.002808 0.998988 0.038341
1718924373.900022984 -0.552526 -7.608906 0.081848 0.023340 -0.002808 0.998988 0.038341
1718924373.900712967 -0.552673 -7.608886 0.081859 0.023339 -0.002806 0.998988 0.038346
1718924373.905745268 -0.553747 -7.608744 0.081942 0.023334 -0.002785 0.998987 0.038384
1718924373.910764933 -0.554817 -7.608604 0.082023 0.023335 -0.002768 0.998985 0.038428
1718924373.915731668 -0.555875 -7.608470 0.082101 0.023339 -0.002751 0.998983 0.038468
1718924373.990802288 -0.571915 -7.606846 0.083167 0.023400 -0.002955 0.998984 0.038392
1718924373.995714903 -0.572969 -7.606762 0.083220 0.023404 -0.002957 0.998985 0.038383
1718924374.000712395 -0.574041 -7.606680 0.083273 0.023410 -0.002961 0.998985 0.038367
1718924374.005708694 -0.575113 -7.606600 0.083325 0.023412 -0.002971 0.998986 0.038349
1718924374.010713339 -0.576186 -7.606521 0.083376 0.023409 -0.002979 0.998986 0.038334
1718924374.015726328 -0.577263 -7.606443 0.083428 0.023416 -0.002985 0.998987 0.038321
1718924374.020712852 -0.578335 -7.606365 0.083481 0.023415 -0.002997 0.998987 0.038313
1718924374.025712729 -0.579410 -7.606287 0.083536 0.023407 -0.003019 0.998987 0.038309
1718924374.030705929 -0.580483 -7.606210 0.083592 0.023402 -0.003042 0.998987 0.038306
1718924374.035703182 -0.581554 -7.606133 0.083650 0.023405 -0.003060 0.998987 0.038304
1718924374.040758133 -0.582637 -7.606056 0.083708 0.023411 -0.003075 0.998987 0.038303
1718924374.045709133 -0.583698 -7.605980 0.083767 0.023419 -0.003082 0.998987 0.038303
1718924374.050747395 -0.584777 -7.605902 0.083826 0.023432 -0.003078 0.998986 0.038314
1718924374.055702925 -0.585836 -7.605825 0.083885 0.023438 -0.003065 0.998986 0.038325
1718924374.060698748 -0.586902 -7.605745 0.083946 0.023438 -0.003063 0.998985 0.038333
1718924374.065695286 -0.587966 -7.605664 0.084008 0.023436 -0.003074 0.998985 0.038337
1718924374.070689678 -0.589027 -7.605580 0.084070 0.023435 -0.003075 0.998985 0.038338
1718924374.075695038 -0.590090 -7.605493 0.084134 0.023435 -0.003080 0.998985 0.038336
1718924374.080699444 -0.591151 -7.605404 0.084197 0.023428 -0.003089 0.998985 0.038338
1718924374.085734129 -0.592218 -7.605311 0.084259 0.023426 -0.003095 0.998985 0.038348
1718924374.090699673 -0.593269 -7.605217 0.084318 0.023430 -0.003105 0.998984 0.038367
1718924374.095695257 -0.594324 -7.605120 0.084375 0.023435 -0.003115 0.998984 0.038376
1718924374.099991322 -0.595229 -7.605034 0.084423 0.023442 -0.003129 0.998984 0.038374
1718924374.099991322 -0.595229 -7.605034 0.084423 0.023442 -0.003129 0.998984 0.038374
1718924374.100700617 -0.595379 -7.605020 0.084431 0.023443 -0.003131 0.998984 0.038374
1718924374.105698347 -0.596430 -7.604921 0.084492 0.023450 -0.003146 0.998983 0.038376
1718924374.110701084 -0.597480 -7.604820 0.084551 0.023453 -0.003145 0.998983 0.038379
1718924374.115701437 -0.598529 -7.604716 0.084609 0.023451 -0.003146 0.998983 0.038376
1718924374.199990273 -0.616366 -7.603079 0.085763 0.023408 -0.003285 0.998971 0.038712
1718924374.199990273 -0.616366 -7.603079 0.085763 0.023408 -0.003285 0.998971 0.038712
1718924374.220759869 -0.620805 -7.602715 0.086127 0.023400 -0.003348 0.998968 0.038795
1718924374.225734711 -0.621873 -7.602630 0.086215 0.023405 -0.003353 0.998966 0.038821
1718924374.230703115 -0.622940 -7.602544 0.086304 0.023414 -0.003351 0.998965 0.038846
1718924374.235764503 -0.624028 -7.602457 0.086395 0.023418 -0.003343 0.998964 0.038873
1718924374.240751266 -0.625101 -7.602372 0.086486 0.023415 -0.003327 0.998964 0.038885
1718924374.245757103 -0.626179 -7.602286 0.086576 0.023415 -0.003312 0.998963 0.038894
1718924374.250770092 -0.627259 -7.602200 0.086667 0.023410 -0.003299 0.998963 0.038900
1718924374.255758047 -0.628335 -7.602112 0.086757 0.023401 -0.003290 0.998964 0.038899
1718924374.260711670 -0.629405 -7.602023 0.086846 0.023387 -0.003288 0.998964 0.038903
1718924374.265744448 -0.630493 -7.601931 0.086934 0.023377 -0.003279 0.998964 0.038901
1718924374.270698309 -0.631566 -7.601839 0.087020 0.023372 -0.003262 0.998965 0.038889
1718924374.275720596 -0.632656 -7.601742 0.087106 0.023370 -0.003242 0.998965 0.038878
1718924374.280706882 -0.633739 -7.601644 0.087189 0.023367 -0.003220 0.998966 0.038872
1718924374.285695791 -0.634823 -7.601543 0.087272 0.023361 -0.003200 0.998966 0.038866
1718924374.290699482 -0.635911 -7.601440 0.087353 0.023348 -0.003184 0.998967 0.038853
1718924374.295737267 -0.637008 -7.601333 0.087433 0.023332 -0.003173 0.998968 0.038842
1718924374.299992323 -0.637935 -7.601241 0.087500 0.023318 -0.003161 0.998969 0.038832
1718924374.299992323 -0.637935 -7.601241 0.087500 0.023318 -0.003161 0.998969 0.038832
1718924374.300701141 -0.638090 -7.601226 0.087512 0.023316 -0.003159 0.998969 0.038831
1718924374.305697203 -0.639180 -7.601115 0.087596 0.023304 -0.003138 0.998969 0.038825
1718924374.310692549 -0.640270 -7.601002 0.087680 0.023297 -0.003109 0.998970 0.038825
1718924374.399989128 -0.659543 -7.599598 0.088963 0.022954 -0.002568 0.998965 0.039192
1718924374.399989128 -0.659543 -7.599598 0.088963 0.022954 -0.002568 0.998965 0.039192
1718924374.410689592 -0.661825 -7.599517 0.089097 0.022919 -0.002515 0.998964 0.039234
1718924374.415709496 -0.662895 -7.599483 0.089157 0.022907 -0.002478 0.998963 0.039258
1718924374.420770168 -0.663974 -7.599453 0.089218 0.022895 -0.002450 0.998962 0.039293
1718924374.425759554 -0.665039 -7.599425 0.089280 0.022883 -0.002436 0.998961 0.039327
1718924374.430704355 -0.666094 -7.599399 0.089343 0.022871 -0.002428 0.998961 0.039351
1718924374.435770035 -0.667173 -7.599376 0.089408 0.022859 -0.002424 0.998960 0.039369
1718924374.440745592 -0.668230 -7.599356 0.089473 0.022852 -0.002414 0.998959 0.039398
1718924374.445707798 -0.669283 -7.599338 0.089537 0.022853 -0.002405 0.998958 0.039426
1718924374.450697184 -0.670342 -7.599323 0.089601 0.022856 -0.002399 0.998957 0.039450
1718924374.455698013 -0.671404 -7.599311 0.089664 0.022859 -0.002381 0.998956 0.039471
1718924374.460702419 -0.672467 -7.599300 0.089726 0.022859 -0.002362 0.998956 0.039484
1718924374.465701580 -0.673529 -7.599292 0.089788 0.022857 -0.002357 0.998956 0.039495
1718924374.470706701 -0.674591 -7.599287 0.089848 0.022858 -0.002354 0.998955 0.039499
1718924374.475699663 -0.675649 -7.599284 0.089907 0.022857 -0.002349 0.998955 0.039503
1718924374.480705500 -0.676711 -7.599283 0.089965 0.022853 -0.002348 0.998956 0.039496
1718924374.485737085 -0.677781 -7.599284 0.090023 0.022850 -0.002350 0.998957 0.039474
1718924374.490711451 -0.678842 -7.599288 0.090079 0.022847 -0.002347 0.998957 0.039459
1718924374.495695591 -0.679905 -7.599293 0.090134 0.022840 -0.002336 0.998958 0.039443
1718924374.499992132 -0.680822 -7.599299 0.090180 0.022828 -0.002328 0.998959 0.039424
1718924374.499992132 -0.680822 -7.599299 0.090180 0.022828 -0.002328 0.998959 0.039424
1718924374.500698090 -0.680973 -7.599300 0.090189 0.022826 -0.002326 0.998959 0.039421
1718924374.505697012 -0.682040 -7.599311 0.090245 0.022809 -0.002310 0.998961 0.039395
1718924374.510690451 -0.683109 -7.599322 0.090299 0.022791 -0.002295 0.998962 0.039374
1718924374.599993229 -0.702059 -7.598874 0.090736 0.023210 -0.001761 0.998942 0.039656
1718924374.599993229 -0.702059 -7.598874 0.090736 0.023210 -0.001761 0.998942 0.039656
1718924374.610690117 -0.704309 -7.598733 0.090732 0.023265 -0.001697 0.998940 0.039688
1718924374.635782242 -0.709585 -7.598326 0.090700 0.023330 -0.001672 0.998935 0.039763
1718924374.640760183 -0.710633 -7.598230 0.090689 0.023346 -0.001648 0.998934 0.039782
1718924374.645740271 -0.711682 -7.598129 0.090679 0.023360 -0.001624 0.998933 0.039807
1718924374.650759935 -0.712739 -7.598024 0.090668 0.023371 -0.001606 0.998932 0.039835
1718924374.655692101 -0.713775 -7.597918 0.090656 0.023372 -0.001600 0.998931 0.039856
1718924374.660776138 -0.714840 -7.597806 0.090643 0.023370 -0.001605 0.998930 0.039887
1718924374.665733099 -0.715879 -7.597694 0.090629 0.023366 -0.001609 0.998928 0.039928
1718924374.670705795 -0.716922 -7.597581 0.090616 0.023366 -0.001609 0.998926 0.039976
1718924374.675700903 -0.717972 -7.597466 0.090602 0.023367 -0.001595 0.998924 0.040024
1718924374.680767298 -0.719036 -7.597349 0.090587 0.023367 -0.001562 0.998922 0.040070
1718924374.685704708 -0.720074 -7.597235 0.090572 0.023358 -0.001525 0.998921 0.040119
1718924374.690754414 -0.721136 -7.597118 0.090557 0.023345 -0.001491 0.998919 0.040169
1718924374.695740461 -0.722185 -7.597003 0.090541 0.023337 -0.001454 0.998917 0.040220
1718924374.699990034 -0.723081 -7.596903 0.090526 0.023340 -0.001426 0.998915 0.040267
1718924374.699990034 -0.723081 -7.596903 0.090526 0.023340 -0.001426 0.998915 0.040267
1718924374.700740337 -0.723239 -7.596886 0.090524 0.023340 -0.001421 0.998915 0.040275
1718924374.705736160 -0.724292 -7.596770 0.090509 0.023340 -0.001395 0.998913 0.040324
1718924374.710741997 -0.725348 -7.596654 0.090492 0.023333 -0.001371 0.998912 0.040363
1718924374.715693474 -0.726393 -7.596541 0.090475 0.023330 -0.001347 0.998910 0.040400
1718924374.795703173 -0.743297 -7.594910 0.090100 0.023233 -0.001193 0.998908 0.040526
1718924374.799992323 -0.744204 -7.594832 0.090074 0.023227 -0.001178 0.998907 0.040537
1718924374.799992323 -0.744204 -7.594832 0.090074 0.023227 -0.001178 0.998907 0.040537
1718924374.800688744 -0.744351 -7.594820 0.090070 0.023226 -0.001176 0.998907 0.040539
1718924374.805736780 -0.745416 -7.594733 0.090044 0.023226 -0.001166 0.998907 0.040553
1718924374.810737610 -0.746469 -7.594648 0.090017 0.023224 -0.001155 0.998906 0.040562
1718924374.815702200 -0.747515 -7.594563 0.089989 0.023230 -0.001143 0.998906 0.040578
1718924374.820735693 -0.748575 -7.594477 0.089960 0.023233 -0.001139 0.998905 0.040603
1718924374.825704336 -0.749623 -7.594393 0.089929 0.023230 -0.001139 0.998903 0.040638
1718924374.830793858 -0.750695 -7.594308 0.089896 0.023223 -0.001139 0.998902 0.040675
1718924374.835762501 -0.751742 -7.594226 0.089863 0.023215 -0.001132 0.998900 0.040713
1718924374.840703011 -0.752782 -7.594144 0.089829 0.023206 -0.001121 0.998899 0.040749
1718924374.845730543 -0.753840 -7.594061 0.089793 0.023190 -0.001105 0.998898 0.040792
1718924374.850818634 -0.754911 -7.593976 0.089756 0.023177 -0.001089 0.998896 0.040840
1718924374.855746746 -0.755950 -7.593892 0.089719 0.023169 -0.001080 0.998895 0.040881
1718924374.860767365 -0.757010 -7.593805 0.089681 0.023165 -0.001070 0.998893 0.040921
1718924374.865741253 -0.758061 -7.593719 0.089641 0.023163 -0.001054 0.998891 0.040970
1718924374.870780945 -0.759126 -7.593630 0.089601 0.023153 -0.001039 0.998890 0.041017
1718924374.875787973 -0.760186 -7.593540 0.089561 0.023148 -0.001021 0.998888 0.041056
1718924374.880807400 -0.761251 -7.593446 0.089522 0.023155 -0.000995 0.998887 0.041084
1718924374.885687351 -0.762288 -7.593353 0.089485 0.023159 -0.000961 0.998886 0.041110
1718924374.890738726 -0.763361 -7.593255 0.089447 0.023160 -0.000921 0.998884 0.041142
1718924374.895737171 -0.764424 -7.593156 0.089410 0.023165 -0.000888 0.998883 0.041166
1718924374.900012016 -0.765335 -7.593069 0.089377 0.023165 -0.000866 0.998883 0.041178
1718924374.900012016 -0.765335 -7.593069 0.089377 0.023165 -0.000866 0.998883 0.041178
1718924374.900742054 -0.765490 -7.593054 0.089370 0.023164 -0.000861 0.998883 0.041180
1718924374.905735970 -0.766555 -7.592954 0.089324 0.023167 -0.000829 0.998883 0.041182
1718924374.910747290 -0.767625 -7.592850 0.089276 0.023169 -0.000804 0.998883 0.041179
1718924374.965741396 -0.779269 -7.591853 0.088392 0.023124 -0.000530 0.998874 0.041411
1718924374.970706463 -0.780338 -7.591745 0.088372 0.023125 -0.000512 0.998873 0.041444
1718924374.975740194 -0.781420 -7.591635 0.088352 0.023122 -0.000500 0.998872 0.041475
1718924374.980704784 -0.782486 -7.591527 0.088332 0.023119 -0.000495 0.998871 0.041508
1718924374.985759974 -0.783570 -7.591418 0.088308 0.023113 -0.000489 0.998869 0.041548
1718924374.990703106 -0.784628 -7.591312 0.088281 0.023102 -0.000478 0.998868 0.041590
1718924374.995693922 -0.785696 -7.591206 0.088251 0.023086 -0.000462 0.998866 0.041639
1718924375.000688791 -0.786765 -7.591100 0.088219 0.023070 -0.000448 0.998864 0.041701
1718924375.005692482 -0.787837 -7.590994 0.088184 0.023050 -0.000430 0.998861 0.041775
1718924375.010687113 -0.788907 -7.590887 0.088149 0.023035 -0.000416 0.998858 0.041851
1718924375.015706301 -0.789981 -7.590779 0.088113 0.023014 -0.000408 0.998856 0.041927
1718924375.020704985 -0.791051 -7.590671 0.088077 0.022989 -0.000398 0.998853 0.042004
1718924375.025708437 -0.792123 -7.590562 0.088042 0.022969 -0.000389 0.998850 0.042083
1718924375.030705929 -0.793194 -7.590452 0.088008 0.022952 -0.000387 0.998847 0.042167
1718924375.035683155 -0.794262 -7.590341 0.087976 0.022939 -0.000393 0.998844 0.042247
1718924375.040697575 -0.795338 -7.590227 0.087945 0.022926 -0.000408 0.998841 0.042325
1718924375.045698404 -0.796409 -7.590110 0.087914 0.022911 -0.000434 0.998837 0.042411
1718924375.050738335 -0.797487 -7.589991 0.087883 0.022905 -0.000463 0.998833 0.042510
1718924375.055690050 -0.798547 -7.589873 0.087851 0.022904 -0.000484 0.998829 0.042611
1718924375.060738325 -0.799628 -7.589751 0.087818 0.022899 -0.000507 0.998825 0.042716
1718924375.065685749 -0.800688 -7.589631 0.087784 0.022893 -0.000517 0.998821 0.042805
1718924375.070700407 -0.801763 -7.589509 0.087747 0.022883 -0.000516 0.998818 0.042891
1718924375.075727701 -0.802840 -7.589387 0.087708 0.022869 -0.000501 0.998814 0.042991
1718924375.080741405 -0.803914 -7.589265 0.087667 0.022846 -0.000471 0.998809 0.043103
1718924375.085691690 -0.804975 -7.589145 0.087627 0.022818 -0.000436 0.998806 0.043203
1718924375.090695620 -0.806049 -7.589024 0.087590 0.022793 -0.000402 0.998802 0.043292
1718924375.095688820 -0.807123 -7.588902 0.087559 0.022778 -0.000374 0.998800 0.043366
1718924375.099990129 -0.808049 -7.588796 0.087539 0.022772 -0.000363 0.998797 0.043433
1718924375.099990129 -0.808049 -7.588796 0.087539 0.022772 -0.000363 0.998797 0.043433
1718924375.100694418 -0.808201 -7.588778 0.087539 0.022771 -0.000361 0.998796 0.043445
1718924375.105690241 -0.809276 -7.588651 0.087544 0.022771 -0.000359 0.998793 0.043526
1718924375.110734940 -0.810360 -7.588524 0.087555 0.022774 -0.000371 0.998789 0.043601
1718924375.115718365 -0.811428 -7.588399 0.087571 0.022782 -0.000386 0.998786 0.043666
1718924375.199991226 -0.829520 -7.586197 0.087572 0.022542 -0.000085 0.998745 0.044733
1718924375.199991226 -0.829520 -7.586197 0.087572 0.022542 -0.000085 0.998745 0.044733
1718924375.220750570 -0.833984 -7.585618 0.087503 0.022481 -0.000031 0.998734 0.044996
1718924375.225718975 -0.835054 -7.585476 0.087479 0.022470 -0.000018 0.998732 0.045059
1718924375.230710030 -0.836131 -7.585332 0.087454 0.022456 -0.000008 0.998729 0.045121
1718924375.235703707 -0.837209 -7.585187 0.087430 0.022441 -0.000000 0.998726 0.045190
1718924375.240689754 -0.838287 -7.585041 0.087406 0.022429 0.000011 0.998724 0.045257
1718924375.245734453 -0.839378 -7.584892 0.087385 0.022414 0.000025 0.998721 0.045321
1718924375.250762463 -0.840468 -7.584742 0.087366 0.022401 0.000032 0.998718 0.045391
1718924375.255763292 -0.841552 -7.584592 0.087350 0.022388 0.000031 0.998716 0.045453
1718924375.260753393 -0.842635 -7.584441 0.087336 0.022371 0.000040 0.998714 0.045502
1718924375.265759230 -0.843723 -7.584290 0.087324 0.022350 0.000053 0.998712 0.045547
1718924375.270783186 -0.844815 -7.584136 0.087314 0.022327 0.000065 0.998711 0.045594
1718924375.275818586 -0.845910 -7.583982 0.087303 0.022303 0.000075 0.998709 0.045641
1718924375.280740976 -0.846980 -7.583828 0.087293 0.022282 0.000088 0.998707 0.045686
1718924375.285737276 -0.848065 -7.583670 0.087282 0.022272 0.000105 0.998706 0.045722
1718924375.290733099 -0.849150 -7.583510 0.087272 0.022262 0.000119 0.998705 0.045748
1718924375.295729876 -0.850233 -7.583348 0.087262 0.022252 0.000131 0.998704 0.045776
1718924375.299995184 -0.851157 -7.583209 0.087255 0.022244 0.000143 0.998703 0.045797
1718924375.299995184 -0.851157 -7.583209 0.087255 0.022244 0.000143 0.998703 0.045797
1718924375.300745487 -0.851319 -7.583184 0.087254 0.022243 0.000145 0.998703 0.045800
1718924375.305729628 -0.852396 -7.583020 0.087251 0.022227 0.000160 0.998702 0.045824
1718924375.310734987 -0.853476 -7.582853 0.087249 0.022219 0.000171 0.998701 0.045857
1718924375.399988174 -0.872948 -7.580293 0.087047 0.022067 0.000190 0.998678 0.046428
1718924375.399988174 -0.872948 -7.580293 0.087047 0.022067 0.000190 0.998678 0.046428
1718924375.415699720 -0.876420 -7.579926 0.086999 0.022036 0.000174 0.998674 0.046533
1718924375.420717001 -0.877533 -7.579814 0.086979 0.022025 0.000175 0.998673 0.046561
1718924375.425704956 -0.878642 -7.579706 0.086959 0.022018 0.000175 0.998672 0.046574
1718924375.430762053 -0.879767 -7.579599 0.086939 0.022022 0.000175 0.998672 0.046580
1718924375.435697556 -0.880868 -7.579496 0.086920 0.022035 0.000171 0.998671 0.046584
1718924375.440688372 -0.881985 -7.579393 0.086901 0.022047 0.000163 0.998671 0.046582
1718924375.445695162 -0.883106 -7.579293 0.086881 0.022055 0.000157 0.998671 0.046572
1718924375.450698614 -0.884225 -7.579194 0.086860 0.022057 0.000145 0.998672 0.046558
1718924375.455710649 -0.885346 -7.579098 0.086837 0.022049 0.000131 0.998673 0.046549
1718924375.460689783 -0.886457 -7.579004 0.086816 0.022044 0.000124 0.998673 0.046537
1718924375.465753794 -0.887589 -7.578910 0.086798 0.022040 0.000117 0.998674 0.046529
1718924375.470762968 -0.888710 -7.578818 0.086783 0.022045 0.000106 0.998674 0.046529
1718924375.475792170 -0.889835 -7.578727 0.086773 0.022055 0.000099 0.998673 0.046533
1718924375.480696917 -0.890931 -7.578639 0.086766 0.022073 0.000097 0.998673 0.046538
1718924375.485694647 -0.892045 -7.578551 0.086761 0.022088 0.000096 0.998672 0.046542
1718924375.490734816 -0.893166 -7.578463 0.086757 0.022093 0.000096 0.998671 0.046560
1718924375.495736837 -0.894278 -7.578376 0.086752 0.022094 0.000093 0.998670 0.046581
1718924375.499983072 -0.895222 -7.578303 0.086746 0.022092 0.000091 0.998669 0.046599
1718924375.499983072 -0.895222 -7.578303 0.086746 0.022092 0.000091 0.998669 0.046599
1718924375.500692368 -0.895380 -7.578290 0.086745 0.022092 0.000091 0.998669 0.046601
1718924375.505748510 -0.896504 -7.578203 0.086739 0.022096 0.000089 0.998668 0.046623
1718924375.510696411 -0.897604 -7.578117 0.086730 0.022095 0.000088 0.998666 0.046662
1718924375.515704393 -0.898716 -7.578029 0.086719 0.022091 0.000086 0.998665 0.046701
1718924375.599990129 -0.916984 -7.576301 0.086563 0.021801 0.000356 0.998706 0.045942
1718924375.599990129 -0.916984 -7.576301 0.086563 0.021801 0.000356 0.998706 0.045942
1718924375.610738039 -0.919253 -7.576046 0.086563 0.021763 0.000380 0.998711 0.045845
1718924375.615758657 -0.920311 -7.575924 0.086563 0.021751 0.000394 0.998714 0.045789
1718924375.620758533 -0.921364 -7.575798 0.086565 0.021741 0.000400 0.998716 0.045750
1718924375.625747681 -0.922416 -7.575672 0.086567 0.021730 0.000407 0.998718 0.045725
1718924375.630712509 -0.923461 -7.575545 0.086570 0.021720 0.000412 0.998719 0.045706
1718924375.635766506 -0.924523 -7.575417 0.086572 0.021711 0.000416 0.998720 0.045685
1718924375.640773296 -0.925572 -7.575289 0.086574 0.021710 0.000414 0.998720 0.045672
1718924375.645705462 -0.926606 -7.575164 0.086576 0.021714 0.000402 0.998721 0.045661
1718924375.650697947 -0.927653 -7.575039 0.086577 0.021725 0.000394 0.998721 0.045664
1718924375.655713320 -0.928705 -7.574915 0.086577 0.021738 0.000383 0.998719 0.045683
1718924375.660690308 -0.929749 -7.574794 0.086576 0.021749 0.000372 0.998717 0.045719
1718924375.665755033 -0.930811 -7.574675 0.086572 0.021755 0.000360 0.998715 0.045770
1718924375.670758963 -0.931859 -7.574561 0.086567 0.021768 0.000339 0.998713 0.045819
1718924375.675743818 -0.932905 -7.574451 0.086562 0.021785 0.000312 0.998709 0.045877
1718924375.680710316 -0.933949 -7.574345 0.086556 0.021794 0.000290 0.998707 0.045936
1718924375.685772657 -0.935015 -7.574241 0.086549 0.021800 0.000265 0.998704 0.045997
1718924375.690692663 -0.936052 -7.574144 0.086540 0.021811 0.000250 0.998700 0.046068
1718924375.695733786 -0.937113 -7.574049 0.086528 0.021817 0.000238 0.998696 0.046144
1718924375.699895144 -0.937989 -7.573974 0.086516 0.021821 0.000225 0.998694 0.046196
1718924375.699895144 -0.937989 -7.573974 0.086516 0.021821 0.000225 0.998694 0.046196
1718924375.700690746 -0.938156 -7.573960 0.086515 0.021823 0.000223 0.998694 0.046206
1718924375.705695868 -0.939209 -7.573872 0.086504 0.021828 0.000208 0.998690 0.046274
1718924375.710695744 -0.940261 -7.573788 0.086494 0.021831 0.000186 0.998686 0.046360
1718924375.715728521 -0.941320 -7.573706 0.086485 0.021837 0.000165 0.998682 0.046442
1718924375.799987078 -0.959019 -7.571893 0.086286 0.021831 -0.000156 0.998703 0.045988
1718924375.799987078 -0.959019 -7.571893 0.086286 0.021831 -0.000156 0.998703 0.045988
1718924375.810689449 -0.961261 -7.571604 0.086253 0.021830 -0.000210 0.998706 0.045928
1718924375.815700769 -0.962311 -7.571463 0.086236 0.021826 -0.000230 0.998708 0.045899
1718924375.820716858 -0.963360 -7.571319 0.086217 0.021827 -0.000252 0.998709 0.045877
1718924375.825762510 -0.964414 -7.571171 0.086197 0.021829 -0.000262 0.998709 0.045865
1718924375.830806494 -0.965468 -7.571022 0.086176 0.021833 -0.000270 0.998709 0.045864
1718924375.835762501 -0.966505 -7.570873 0.086154 0.021836 -0.000276 0.998709 0.045869
1718924375.840750456 -0.967549 -7.570721 0.086130 0.021838 -0.000284 0.998708 0.045884
1718924375.845730305 -0.968593 -7.570569 0.086105 0.021843 -0.000288 0.998707 0.045909
1718924375.850795507 -0.969654 -7.570414 0.086077 0.021852 -0.000287 0.998705 0.045941
1718924375.855702400 -0.970683 -7.570263 0.086048 0.021856 -0.000297 0.998704 0.045973
1718924375.860706091 -0.971733 -7.570110 0.086015 0.021862 -0.000318 0.998701 0.046022
1718924375.865698814 -0.972783 -7.569958 0.085980 0.021866 -0.000334 0.998699 0.046077
1718924375.870693684 -0.973835 -7.569808 0.085940 0.021867 -0.000345 0.998696 0.046129
1718924375.875785828 -0.974908 -7.569656 0.085897 0.021865 -0.000354 0.998694 0.046178
1718924375.880706549 -0.975948 -7.569510 0.085853 0.021857 -0.000362 0.998692 0.046229
1718924375.885674953 -0.977000 -7.569364 0.085810 0.021848 -0.000367 0.998689 0.046282
1718924375.890687466 -0.978064 -7.569218 0.085769 0.021843 -0.000366 0.998687 0.046329
1718924375.895690680 -0.979130 -7.569073 0.085734 0.021842 -0.000374 0.998686 0.046368
1718924375.900007248 -0.980053 -7.568949 0.085708 0.021840 -0.000382 0.998684 0.046401
1718924375.900007248 -0.980053 -7.568949 0.085708 0.021840 -0.000382 0.998684 0.046401
1718924375.900688171 -0.980198 -7.568930 0.085705 0.021840 -0.000383 0.998684 0.046406
1718924375.905678749 -0.981268 -7.568790 0.085687 0.021841 -0.000385 0.998683 0.046432
1718924375.910761118 -0.982357 -7.568651 0.085671 0.021837 -0.000390 0.998682 0.046448
1718924375.965697289 -0.993996 -7.567195 0.085647 0.021606 -0.000511 0.998705 0.046046
1718924375.985695124 -0.998173 -7.566651 0.085629 0.021591 -0.000601 0.998703 0.046095
1718924375.990689754 -0.999213 -7.566515 0.085617 0.021592 -0.000616 0.998703 0.046113
1718924375.995692253 -1.000253 -7.566379 0.085601 0.021589 -0.000619 0.998701 0.046140
1718924376.000691891 -1.001292 -7.566243 0.085583 0.021588 -0.000610 0.998700 0.046175
1718924376.005683899 -1.002330 -7.566107 0.085563 0.021588 -0.000594 0.998698 0.046213
1718924376.010690212 -1.003372 -7.565969 0.085542 0.021588 -0.000576 0.998696 0.046257
1718924376.015693188 -1.004415 -7.565831 0.085520 0.021586 -0.000563 0.998694 0.046303
1718924376.020700932 -1.005461 -7.565692 0.085498 0.021586 -0.000560 0.998692 0.046351
1718924376.025693417 -1.006504 -7.565553 0.085475 0.021584 -0.000564 0.998689 0.046405
1718924376.030700684 -1.007551 -7.565411 0.085450 0.021583 -0.000568 0.998687 0.046450
1718924376.035693407 -1.008596 -7.565267 0.085423 0.021582 -0.000569 0.998685 0.046492
1718924376.040699959 -1.009644 -7.565120 0.085395 0.021582 -0.000560 0.998684 0.046526
1718924376.045717001 -1.010696 -7.564971 0.085365 0.021579 -0.000544 0.998682 0.046565
1718924376.050704956 -1.011741 -7.564820 0.085335 0.021564 -0.000526 0.998681 0.046599
1718924376.055692911 -1.012788 -7.564667 0.085305 0.021545 -0.000514 0.998680 0.046627
1718924376.060749054 -1.013850 -7.564509 0.085276 0.021523 -0.000502 0.998679 0.046653
1718924376.065702200 -1.014893 -7.564352 0.085249 0.021503 -0.000477 0.998678 0.046676
1718924376.070684671 -1.015942 -7.564192 0.085222 0.021482 -0.000452 0.998679 0.046681
1718924376.075745106 -1.017010 -7.564026 0.085197 0.021469 -0.000429 0.998679 0.046675
1718924376.080690145 -1.018054 -7.563861 0.085174 0.021460 -0.000393 0.998679 0.046675
1718924376.085691690 -1.019112 -7.563690 0.085151 0.021446 -0.000355 0.998681 0.046660
1718924376.090687752 -1.020170 -7.563516 0.085128 0.021435 -0.000331 0.998682 0.046632
1718924376.095673561 -1.021227 -7.563340 0.085104 0.021425 -0.000308 0.998683 0.046613
1718924376.099986076 -1.022142 -7.563186 0.085083 0.021420 -0.000288 0.998684 0.046604
1718924376.099986076 -1.022142 -7.563186 0.085083 0.021420 -0.000288 0.998684 0.046604
1718924376.100688219 -1.022291 -7.563161 0.085080 0.021419 -0.000285 0.998684 0.046603
1718924376.105684042 -1.023353 -7.562983 0.085062 0.021412 -0.000268 0.998684 0.046594
1718924376.110687017 -1.024419 -7.562802 0.085043 0.021396 -0.000258 0.998686 0.046576
1718924376.115809441 -1.025513 -7.562616 0.085026 0.021383 -0.000256 0.998686 0.046567
1718924376.199986935 -1.043635 -7.560021 0.084478 0.021323 -0.000785 0.998592 0.048561
1718924376.199986935 -1.043635 -7.560021 0.084478 0.021323 -0.000785 0.998592 0.048561
1718924376.200696230 -1.043789 -7.560004 0.084472 0.021323 -0.000789 0.998591 0.048578
1718924376.205708742 -1.044873 -7.559883 0.084425 0.021323 -0.000818 0.998586 0.048693
1718924376.210689306 -1.045951 -7.559765 0.084377 0.021320 -0.000840 0.998581 0.048791
1718924376.215704918 -1.047037 -7.559650 0.084325 0.021317 -0.000867 0.998578 0.048865
1718924376.220701933 -1.048120 -7.559538 0.084271 0.021302 -0.000895 0.998575 0.048926
1718924376.225694895 -1.049202 -7.559430 0.084218 0.021287 -0.000912 0.998573 0.048973
1718924376.230754852 -1.050300 -7.559320 0.084166 0.021279 -0.000926 0.998571 0.049005
1718924376.235694885 -1.051375 -7.559214 0.084116 0.021283 -0.000942 0.998570 0.049028
1718924376.240673065 -1.052461 -7.559107 0.084068 0.021286 -0.000950 0.998570 0.049040
1718924376.245691299 -1.053557 -7.559000 0.084020 0.021281 -0.000945 0.998570 0.049037
1718924376.250682354 -1.054647 -7.558894 0.083972 0.021279 -0.000948 0.998571 0.049022
1718924376.255684853 -1.055738 -7.558787 0.083925 0.021280 -0.000957 0.998571 0.049003
1718924376.260680437 -1.056827 -7.558680 0.083879 0.021273 -0.000973 0.998573 0.048975
1718924376.265686035 -1.057919 -7.558572 0.083832 0.021268 -0.000984 0.998575 0.048942
1718924376.270683289 -1.059012 -7.558465 0.083785 0.021271 -0.000996 0.998577 0.048902
1718924376.275677204 -1.060106 -7.558357 0.083736 0.021281 -0.001003 0.998578 0.048863
1718924376.280683517 -1.061203 -7.558248 0.083685 0.021288 -0.001005 0.998580 0.048829
1718924376.285671949 -1.062297 -7.558139 0.083631 0.021292 -0.001009 0.998582 0.048783
1718924376.290684462 -1.063397 -7.558029 0.083575 0.021292 -0.001017 0.998584 0.048739
1718924376.295682669 -1.064495 -7.557919 0.083518 0.021281 -0.001030 0.998586 0.048705
1718924376.299988031 -1.065443 -7.557822 0.083469 0.021272 -0.001040 0.998587 0.048687
1718924376.299988031 -1.065443 -7.557822 0.083469 0.021272 -0.001040 0.998587 0.048687
1718924376.300684690 -1.065597 -7.557806 0.083461 0.021270 -0.001040 0.998587 0.048684
1718924376.305679083 -1.066699 -7.557691 0.083407 0.021267 -0.001044 0.998588 0.048669
1718924376.310684443 -1.067803 -7.557576 0.083356 0.021262 -0.001048 0.998589 0.048659
1718924376.315696716 -1.068906 -7.557461 0.083307 0.021260 -0.001049 0.998588 0.048664
1718924376.395699263 -1.086482 -7.555703 0.082475 0.021154 -0.001194 0.998550 0.049490
1718924376.399986029 -1.087423 -7.555615 0.082428 0.021143 -0.001202 0.998548 0.049529
1718924376.399986029 -1.087423 -7.555615 0.082428 0.021143 -0.001202 0.998548 0.049529
1718924376.400691032 -1.087577 -7.555601 0.082421 0.021141 -0.001204 0.998548 0.049536
1718924376.405678988 -1.088669 -7.555503 0.082376 0.021126 -0.001222 0.998547 0.049566
1718924376.410686493 -1.089764 -7.555406 0.082332 0.021114 -0.001237 0.998546 0.049587
1718924376.415691614 -1.090861 -7.555309 0.082291 0.021101 -0.001251 0.998545 0.049609
1718924376.420689106 -1.091958 -7.555214 0.082253 0.021092 -0.001261 0.998544 0.049632
1718924376.425732851 -1.093068 -7.555118 0.082216 0.021082 -0.001269 0.998544 0.049640
1718924376.430682898 -1.094156 -7.555025 0.082181 0.021076 -0.001281 0.998545 0.049623
1718924376.435689449 -1.095256 -7.554931 0.082144 0.021067 -0.001291 0.998546 0.049599
1718924376.440686703 -1.096352 -7.554839 0.082105 0.021061 -0.001305 0.998547 0.049583
1718924376.445771217 -1.097467 -7.554746 0.082063 0.021049 -0.001323 0.998549 0.049552
1718924376.450683594 -1.098546 -7.554656 0.082021 0.021040 -0.001340 0.998551 0.049508
1718924376.455692291 -1.099648 -7.554565 0.081977 0.021036 -0.001355 0.998553 0.049467
1718924376.460681915 -1.100745 -7.554475 0.081933 0.021029 -0.001359 0.998555 0.049429
1718924376.465677500 -1.101842 -7.554384 0.081888 0.021014 -0.001365 0.998557 0.049400
1718924376.470681429 -1.102941 -7.554293 0.081842 0.021001 -0.001371 0.998558 0.049381
1718924376.475678682 -1.104036 -7.554201 0.081797 0.020995 -0.001380 0.998559 0.049370
1718924376.480682850 -1.105134 -7.554109 0.081754 0.020987 -0.001391 0.998559 0.049363
1718924376.485679865 -1.106232 -7.554016 0.081713 0.020976 -0.001406 0.998560 0.049362
1718924376.490683556 -1.107330 -7.553922 0.081674 0.020974 -0.001416 0.998559 0.049370
1718924376.495720863 -1.108433 -7.553827 0.081636 0.020974 -0.001425 0.998558 0.049388
1718924376.500011206 -1.109371 -7.553746 0.081603 0.020969 -0.001428 0.998558 0.049406
1718924376.500011206 -1.109371 -7.553746 0.081603 0.020969 -0.001428 0.998558 0.049406
1718924376.500681639 -1.109517 -7.553733 0.081598 0.020968 -0.001427 0.998557 0.049409
1718924376.505720139 -1.110618 -7.553636 0.081558 0.020960 -0.001416 0.998556 0.049437
1718924376.510717154 -1.111712 -7.553539 0.081516 0.020960 -0.001393 0.998555 0.049473
1718924376.515751600 -1.112814 -7.553442 0.081471 0.020966 -0.001379 0.998553 0.049511
1718924376.585680723 -1.127991 -7.552085 0.081194 0.020832 -0.001366 0.998564 0.049345
1718924376.590683460 -1.129071 -7.551981 0.081197 0.020817 -0.001348 0.998565 0.049328
1718924376.595721483 -1.130157 -7.551877 0.081203 0.020795 -0.001339 0.998566 0.049313
1718924376.600740910 -1.131240 -7.551775 0.081208 0.020779 -0.001333 0.998568 0.049288
1718924376.605720043 -1.132315 -7.551675 0.081211 0.020769 -0.001331 0.998569 0.049261
1718924376.610675097 -1.133383 -7.551578 0.081211 0.020765 -0.001336 0.998570 0.049243
1718924376.615736008 -1.134473 -7.551481 0.081206 0.020760 -0.001337 0.998571 0.049222
1718924376.620679855 -1.135537 -7.551390 0.081196 0.020751 -0.001335 0.998573 0.049191
1718924376.625708818 -1.136617 -7.551302 0.081184 0.020739 -0.001332 0.998575 0.049158
1718924376.630697012 -1.137690 -7.551218 0.081171 0.020728 -0.001327 0.998577 0.049124
1718924376.635702372 -1.138767 -7.551138 0.081159 0.020724 -0.001323 0.998578 0.049097
1718924376.640694618 -1.139842 -7.551063 0.081149 0.020725 -0.001321 0.998579 0.049072
1718924376.645745754 -1.140929 -7.550994 0.081140 0.020723 -0.001317 0.998581 0.049047
1718924376.650782108 -1.142012 -7.550929 0.081134 0.020719 -0.001322 0.998582 0.049021
1718924376.655684710 -1.143065 -7.550871 0.081131 0.020709 -0.001327 0.998583 0.048996
1718924376.660681248 -1.144139 -7.550817 0.081131 0.020710 -0.001327 0.998584 0.048983
1718924376.665726900 -1.145226 -7.550766 0.081135 0.020715 -0.001328 0.998584 0.048981
1718924376.670737505 -1.146305 -7.550721 0.081139 0.020716 -0.001329 0.998584 0.048973
1718924376.675745249 -1.147382 -7.550682 0.081140 0.020713 -0.001332 0.998585 0.048962
1718924376.680733204 -1.148453 -7.550646 0.081137 0.020712 -0.001335 0.998585 0.048954
1718924376.685745001 -1.149529 -7.550614 0.081130 0.020708 -0.001349 0.998586 0.048950
1718924376.690696716 -1.150593 -7.550585 0.081120 0.020707 -0.001368 0.998586 0.048947
1718924376.695690870 -1.151669 -7.550558 0.081109 0.020717 -0.001385 0.998586 0.048939
1718924376.699906111 -1.152580 -7.550537 0.081099 0.020726 -0.001399 0.998586 0.048936
1718924376.699906111 -1.152580 -7.550537 0.081099 0.020726 -0.001399 0.998586 0.048936
1718924376.700717211 -1.152755 -7.550534 0.081098 0.020727 -0.001402 0.998586 0.048935
1718924376.705684185 -1.153829 -7.550515 0.081092 0.020738 -0.001411 0.998586 0.048936
1718924376.710793257 -1.154934 -7.550496 0.081085 0.020745 -0.001419 0.998585 0.048948
1718924376.715789080 -1.156015 -7.550479 0.081077 0.020746 -0.001431 0.998585 0.048954
1718924376.720700741 -1.157078 -7.550462 0.081070 0.020745 -0.001441 0.998584 0.048965
1718924376.799993992 -1.173802 -7.550032 0.080999 0.020567 -0.001209 0.998597 0.048778
1718924376.799993992 -1.173802 -7.550032 0.080999 0.020567 -0.001209 0.998597 0.048778
1718924376.825708866 -1.179005 -7.549864 0.081003 0.020503 -0.001167 0.998602 0.048699
1718924376.830696106 -1.180008 -7.549823 0.081006 0.020488 -0.001145 0.998603 0.048686
1718924376.835702896 -1.181012 -7.549781 0.081009 0.020479 -0.001121 0.998603 0.048689
1718924376.840701818 -1.182013 -7.549739 0.081012 0.020467 -0.001098 0.998603 0.048705
1718924376.845717430 -1.183017 -7.549696 0.081016 0.020458 -0.001079 0.998602 0.048728
1718924376.850688934 -1.184012 -7.549654 0.081019 0.020451 -0.001063 0.998601 0.048749
1718924376.855684757 -1.185012 -7.549613 0.081020 0.020448 -0.001045 0.998600 0.048770
1718924376.860680103 -1.186009 -7.549572 0.081018 0.020445 -0.001040 0.998599 0.048791
1718924376.865675688 -1.187005 -7.549535 0.081012 0.020440 -0.001029 0.998598 0.048816
1718924376.870680809 -1.188003 -7.549499 0.081005 0.020432 -0.001006 0.998597 0.048846
1718924376.875687361 -1.189005 -7.549467 0.080995 0.020423 -0.000984 0.998595 0.048878
1718924376.880683899 -1.190007 -7.549436 0.080986 0.020422 -0.000974 0.998594 0.048910
1718924376.885675192 -1.191012 -7.549408 0.080976 0.020424 -0.000964 0.998592 0.048939
1718924376.890734673 -1.192032 -7.549382 0.080964 0.020423 -0.000950 0.998591 0.048963
1718924376.895717144 -1.193037 -7.549358 0.080951 0.020418 -0.000937 0.998590 0.048995
1718924376.900013208 -1.193905 -7.549338 0.080939 0.020409 -0.000923 0.998589 0.049024
1718924376.900013208 -1.193905 -7.549338 0.080939 0.020409 -0.000923 0.998589 0.049024
1718924376.900685787 -1.194042 -7.549335 0.080937 0.020407 -0.000920 0.998588 0.049029
1718924376.905720711 -1.195063 -7.549315 0.080925 0.020389 -0.000896 0.998587 0.049057
1718924376.910714149 -1.196080 -7.549296 0.080913 0.020371 -0.000865 0.998587 0.049076
1718924376.995676994 -1.213477 -7.549029 0.080959 0.020228 -0.000744 0.998606 0.048741
1718924377.000669479 -1.214498 -7.549010 0.080979 0.020229 -0.000734 0.998606 0.048748
1718924377.005675077 -1.215522 -7.548990 0.081002 0.020227 -0.000728 0.998605 0.048759
1718924377.010670900 -1.216543 -7.548969 0.081029 0.020230 -0.000726 0.998605 0.048773
1718924377.015686274 -1.217566 -7.548949 0.081058 0.020230 -0.000729 0.998604 0.048797
1718924377.020686388 -1.218582 -7.548930 0.081088 0.020229 -0.000738 0.998602 0.048834
1718924377.025698185 -1.219601 -7.548912 0.081119 0.020236 -0.000751 0.998600 0.048873
1718924377.030682087 -1.220615 -7.548895 0.081148 0.020252 -0.000762 0.998597 0.048914
1718924377.035672665 -1.221632 -7.548881 0.081174 0.020259 -0.000772 0.998595 0.048953
1718924377.040682316 -1.222653 -7.548869 0.081196 0.020259 -0.000786 0.998593 0.048996
1718924377.045676231 -1.223671 -7.548860 0.081212 0.020247 -0.000795 0.998591 0.049036
1718924377.050692797 -1.224693 -7.548854 0.081224 0.020236 -0.000799 0.998590 0.049080
1718924377.055676460 -1.225709 -7.548851 0.081234 0.020232 -0.000804 0.998587 0.049136
1718924377.060680866 -1.226731 -7.548850 0.081242 0.020229 -0.000820 0.998584 0.049188
1718924377.065674067 -1.227752 -7.548852 0.081249 0.020229 -0.000844 0.998582 0.049237
1718924377.070677519 -1.228777 -7.548857 0.081257 0.020228 -0.000868 0.998580 0.049275
1718924377.075676441 -1.229799 -7.548864 0.081264 0.020232 -0.000885 0.998578 0.049308
1718924377.080680132 -1.230822 -7.548874 0.081274 0.020230 -0.000894 0.998576 0.049346
1718924377.085675240 -1.231841 -7.548884 0.081289 0.020225 -0.000905 0.998574 0.049387
1718924377.090679407 -1.232862 -7.548894 0.081310 0.020213 -0.000944 0.998573 0.049422
1718924377.095676422 -1.233880 -7.548901 0.081337 0.020195 -0.001028 0.998571 0.049471
1718924377.099980831 -1.234757 -7.548904 0.081365 0.020175 -0.001135 0.998568 0.049528
1718924377.099980831 -1.234757 -7.548904 0.081365 0.020175 -0.001135 0.998568 0.049528
1718924377.100671291 -1.234897 -7.548904 0.081371 0.020172 -0.001152 0.998568 0.049537
1718924377.105674267 -1.235914 -7.548911 0.081414 0.020146 -0.001287 0.998564 0.049618
1718924377.110671043 -1.236929 -7.548919 0.081455 0.020131 -0.001394 0.998561 0.049693
1718924377.115685463 -1.237949 -7.548932 0.081489 0.020121 -0.001450 0.998557 0.049769
1718924377.150683880 -1.245089 -7.549091 0.081843 0.020122 -0.001588 0.998522 0.050468
1718924377.155687094 -1.246120 -7.549098 0.081902 0.020131 -0.001610 0.998517 0.050563
1718924377.160687208 -1.247152 -7.549105 0.081963 0.020128 -0.001627 0.998513 0.050645
1718924377.165675402 -1.248180 -7.549109 0.082027 0.020115 -0.001632 0.998509 0.050718
1718924377.170690775 -1.249214 -7.549110 0.082095 0.020094 -0.001628 0.998505 0.050799
1718924377.175675392 -1.250241 -7.549107 0.082166 0.020077 -0.001620 0.998501 0.050890
1718924377.180668116 -1.251271 -7.549100 0.082240 0.020066 -0.001618 0.998496 0.050997
1718924377.185673475 -1.252304 -7.549089 0.082316 0.020048 -0.001635 0.998490 0.051123
1718924377.190668344 -1.253335 -7.549076 0.082390 0.020024 -0.001646 0.998484 0.051249
1718924377.195671558 -1.254364 -7.549063 0.082458 0.020000 -0.001627 0.998478 0.051371
1718924377.200004101 -1.255253 -7.549052 0.082513 0.019988 -0.001598 0.998473 0.051481
1718924377.200004101 -1.255253 -7.549052 0.082513 0.019988 -0.001598 0.998473 0.051481
1718924377.200667143 -1.255390 -7.549050 0.082521 0.019986 -0.001593 0.998472 0.051497
1718924377.205713987 -1.256432 -7.549036 0.082579 0.019972 -0.001563 0.998465 0.051634
1718924377.210676908 -1.257459 -7.549018 0.082637 0.019963 -0.001547 0.998457 0.051795
1718924377.215724468 -1.258505 -7.548998 0.082697 0.019963 -0.001533 0.998448 0.051963
1718924377.255680799 -1.267056 -7.549056 0.082942 0.019559 -0.001614 0.998399 0.053058
1718924377.260672808 -1.268107 -7.549051 0.082969 0.019519 -0.001640 0.998391 0.053206
1718924377.265718937 -1.269174 -7.549046 0.082994 0.019489 -0.001657 0.998385 0.053344
1718924377.270811558 -1.270256 -7.549042 0.083015 0.019454 -0.001665 0.998378 0.053475
1718924377.275719166 -1.271304 -7.549039 0.083035 0.019417 -0.001667 0.998373 0.053595
1718924377.280669928 -1.272365 -7.549036 0.083053 0.019386 -0.001659 0.998368 0.053698
1718924377.285770416 -1.273463 -7.549034 0.083072 0.019364 -0.001641 0.998363 0.053788
1718924377.290668011 -1.274521 -7.549033 0.083091 0.019345 -0.001623 0.998360 0.053863
1718924377.295706272 -1.275614 -7.549033 0.083112 0.019331 -0.001616 0.998356 0.053929
1718924377.300709486 -1.276703 -7.549033 0.083134 0.019319 -0.001616 0.998353 0.053994
1718924377.305706263 -1.277793 -7.549035 0.083157 0.019307 -0.001609 0.998350 0.054049
1718924377.310710192 -1.278887 -7.549039 0.083180 0.019299 -0.001588 0.998348 0.054087
1718924377.315696478 -1.279977 -7.549043 0.083204 0.019292 -0.001569 0.998348 0.054104
1718924377.320683718 -1.281068 -7.549048 0.083227 0.019290 -0.001545 0.998347 0.054123
1718924377.325816393 -1.282193 -7.549054 0.083251 0.019292 -0.001514 0.998345 0.054147
1718924377.330677032 -1.283259 -7.549059 0.083275 0.019297 -0.001486 0.998344 0.054172
1718924377.335676432 -1.284357 -7.549064 0.083298 0.019295 -0.001457 0.998343 0.054201
1718924377.340755939 -1.285473 -7.549070 0.083318 0.019289 -0.001431 0.998341 0.054241
1718924377.345689297 -1.286559 -7.549075 0.083336 0.019283 -0.001405 0.998338 0.054294
1718924377.350669622 -1.287656 -7.549081 0.083350 0.019262 -0.001378 0.998334 0.054364
1718924377.355670691 -1.288759 -7.549085 0.083363 0.019236 -0.001368 0.998331 0.054433
1718924377.360667706 -1.289866 -7.549088 0.083376 0.019203 -0.001372 0.998327 0.054521
1718924377.365672112 -1.290977 -7.549090 0.083390 0.019160 -0.001373 0.998321 0.054638
1718924377.370670080 -1.292087 -7.549093 0.083406 0.019119 -0.001374 0.998315 0.054769
1718924377.375687599 -1.293200 -7.549096 0.083424 0.019079 -0.001406 0.998308 0.054903
1718924377.380677700 -1.294307 -7.549100 0.083444 0.019039 -0.001457 0.998301 0.055054
1718924377.385674238 -1.295415 -7.549106 0.083465 0.018995 -0.001504 0.998292 0.055234
1718924377.390697718 -1.296528 -7.549115 0.083484 0.018949 -0.001534 0.998281 0.055437
1718924377.395675421 -1.297631 -7.549126 0.083502 0.018903 -0.001566 0.998271 0.055644
1718924377.399986029 -1.298584 -7.549135 0.083514 0.018860 -0.001593 0.998261 0.055825
1718924377.399986029 -1.298584 -7.549135 0.083514 0.018860 -0.001593 0.998261 0.055825
1718924377.400753260 -1.298754 -7.549137 0.083518 0.018853 -0.001598 0.998259 0.055858
1718924377.405724049 -1.299853 -7.549150 0.083545 0.018801 -0.001637 0.998248 0.056082
1718924377.410761833 -1.300968 -7.549162 0.083566 0.018740 -0.001684 0.998235 0.056329
1718924377.415687084 -1.302058 -7.549172 0.083574 0.018670 -0.001715 0.998222 0.056584
1718924377.450671673 -1.309988 -7.549301 0.084053 0.018421 -0.002128 0.998085 0.059009
1718924377.455670118 -1.311091 -7.549252 0.084130 0.018413 -0.002232 0.998065 0.059355
1718924377.460668325 -1.312188 -7.549191 0.084216 0.018405 -0.002384 0.998044 0.059705
1718924377.465662718 -1.313279 -7.549117 0.084302 0.018396 -0.002609 0.998021 0.060071
1718924377.470665932 -1.314365 -7.549032 0.084379 0.018387 -0.002864 0.997997 0.060457
1718924377.475661516 -1.315444 -7.548940 0.084440 0.018399 -0.003112 0.997973 0.060846
1718924377.480708599 -1.316531 -7.548844 0.084484 0.018428 -0.003371 0.997946 0.061253
1718924377.485702038 -1.317601 -7.548746 0.084506 0.018462 -0.003630 0.997918 0.061685
1718924377.490712643 -1.318673 -7.548648 0.084509 0.018508 -0.003829 0.997888 0.062142
1718924377.495704412 -1.319738 -7.548553 0.084503 0.018571 -0.003967 0.997857 0.062616
1718924377.500020027 -1.320656 -7.548472 0.084499 0.018618 -0.004068 0.997829 0.063039
1718924377.500020027 -1.320656 -7.548472 0.084499 0.018618 -0.004068 0.997829 0.063039
1718924377.500699759 -1.320799 -7.548459 0.084498 0.018625 -0.004083 0.997825 0.063105
1718924377.505708218 -1.321858 -7.548358 0.084497 0.018665 -0.004201 0.997791 0.063611
1718924377.510707855 -1.322918 -7.548257 0.084511 0.018707 -0.004332 0.997757 0.064122
1718924377.515692711 -1.323974 -7.548157 0.084540 0.018749 -0.004473 0.997724 0.064624
1718924377.560665131 -1.333616 -7.547503 0.084720 0.018798 -0.005531 0.997437 0.068814
1718924377.565670967 -1.334668 -7.547435 0.084734 0.018826 -0.005677 0.997403 0.069287
1718924377.570669889 -1.335715 -7.547368 0.084749 0.018845 -0.005812 0.997370 0.069749
1718924377.575670481 -1.336757 -7.547307 0.084764 0.018866 -0.005920 0.997337 0.070203
1718924377.580672741 -1.337792 -7.547252 0.084783 0.018886 -0.005998 0.997304 0.070653
1718924377.585668802 -1.338821 -7.547204 0.084814 0.018915 -0.006054 0.997272 0.071090
1718924377.590658903 -1.339843 -7.547159 0.084860 0.018967 -0.006104 0.997241 0.071513
1718924377.595696211 -1.340870 -7.547118 0.084920 0.019044 -0.006146 0.997208 0.071939
1718924377.600679398 -1.341880 -7.547085 0.084990 0.019132 -0.006135 0.997177 0.072344
1718924377.605669498 -1.342887 -7.547063 0.085068 0.019252 -0.006062 0.997147 0.072733
1718924377.610662937 -1.343888 -7.547052 0.085151 0.019375 -0.005929 0.997118 0.073107
1718924377.615667582 -1.344881 -7.547050 0.085237 0.019502 -0.005764 0.997090 0.073477
1718924377.620673418 -1.345864 -7.547053 0.085323 0.019630 -0.005588 0.997061 0.073841
1718924377.625663519 -1.346836 -7.547063 0.085408 0.019770 -0.005407 0.997033 0.074196
1718924377.630664349 -1.347804 -7.547081 0.085494 0.019912 -0.005214 0.997005 0.074551
1718924377.635659695 -1.348762 -7.547107 0.085585 0.020039 -0.005031 0.996976 0.074915
1718924377.640672445 -1.349714 -7.547135 0.085681 0.020138 -0.004883 0.996947 0.075277
1718924377.645662785 -1.350655 -7.547162 0.085787 0.020210 -0.004779 0.996920 0.075629
1718924377.650806189 -1.351620 -7.547191 0.085908 0.020276 -0.004687 0.996892 0.075979
1718924377.655659914 -1.352525 -7.547221 0.086029 0.020339 -0.004602 0.996865 0.076317
1718924377.660653114 -1.353447 -7.547253 0.086161 0.020408 -0.004534 0.996836 0.076685
1718924377.665699720 -1.354371 -7.547282 0.086301 0.020481 -0.004515 0.996805 0.077067
1718924377.670653820 -1.355271 -7.547311 0.086440 0.020586 -0.004528 0.996774 0.077446
1718924377.675661564 -1.356174 -7.547345 0.086574 0.020709 -0.004538 0.996741 0.077828
1718924377.680660963 -1.357068 -7.547384 0.086697 0.020845 -0.004552 0.996708 0.078211
1718924377.685660124 -1.357955 -7.547426 0.086809 0.020988 -0.004561 0.996674 0.078606
1718924377.690659285 -1.358835 -7.547475 0.086911 0.021126 -0.004525 0.996639 0.079017
1718924377.695658445 -1.359708 -7.547531 0.087004 0.021237 -0.004432 0.996604 0.079430
1718924377.699890137 -1.360440 -7.547585 0.087079 0.021302 -0.004313 0.996574 0.079796
1718924377.699890137 -1.360440 -7.547585 0.087079 0.021302 -0.004313 0.996574 0.079796
1718924377.700657368 -1.360572 -7.547594 0.087094 0.021314 -0.004292 0.996569 0.079862
1718924377.705691338 -1.361436 -7.547655 0.087197 0.021361 -0.004163 0.996533 0.080301
1718924377.710698128 -1.362294 -7.547717 0.087305 0.021393 -0.004047 0.996498 0.080727
1718924377.715699196 -1.363153 -7.547783 0.087419 0.021412 -0.003900 0.996464 0.081156
1718924377.720754862 -1.364021 -7.547852 0.087537 0.021416 -0.003757 0.996427 0.081609
1718924377.799983025 -1.378152 -7.547817 0.089670 0.020568 -0.004333 0.995529 0.092089
1718924377.799983025 -1.378152 -7.547817 0.089670 0.020568 -0.004333 0.995529 0.092089
1718924377.825666189 -1.383027 -7.547283 0.090126 0.020276 -0.004487 0.995220 0.095427
1718924377.830658197 -1.383984 -7.547150 0.090197 0.020234 -0.004578 0.995155 0.096100
1718924377.835690498 -1.384959 -7.547014 0.090270 0.020198 -0.004675 0.995091 0.096771
1718924377.840708494 -1.385943 -7.546879 0.090344 0.020175 -0.004768 0.995027 0.097426
1718924377.845721245 -1.386939 -7.546744 0.090419 0.020161 -0.004861 0.994964 0.098062
1718924377.850654840 -1.387932 -7.546609 0.090492 0.020152 -0.004963 0.994905 0.098660
1718924377.855651140 -1.388951 -7.546471 0.090564 0.020143 -0.005058 0.994850 0.099210
1718924377.860654593 -1.389983 -7.546335 0.090635 0.020132 -0.005124 0.994799 0.099718
1718924377.865649939 -1.391024 -7.546200 0.090699 0.020115 -0.005182 0.994751 0.100196
1718924377.870646000 -1.392077 -7.546066 0.090757 0.020082 -0.005241 0.994709 0.100619
1718924377.875652075 -1.393144 -7.545930 0.090806 0.020032 -0.005306 0.994672 0.100987
1718924377.880657673 -1.394216 -7.545795 0.090841 0.019950 -0.005352 0.994640 0.101311
1718924377.885653734 -1.395283 -7.545662 0.090855 0.019838 -0.005379 0.994613 0.101600
1718924377.890647888 -1.396343 -7.545529 0.090844 0.019686 -0.005392 0.994590 0.101852
1718924377.895643950 -1.397398 -7.545396 0.090813 0.019521 -0.005377 0.994571 0.102075
1718924377.900004148 -1.398317 -7.545280 0.090772 0.019379 -0.005329 0.994557 0.102239
1718924377.900004148 -1.398317 -7.545280 0.090772 0.019379 -0.005329 0.994557 0.102239
1718924377.900656939 -1.398453 -7.545263 0.090765 0.019357 -0.005320 0.994555 0.102264
1718924377.905652285 -1.399498 -7.545126 0.090709 0.019214 -0.005227 0.994543 0.102412
1718924377.910689592 -1.400551 -7.544980 0.090656 0.019102 -0.005166 0.994532 0.102536
1718924377.935677052 -1.405763 -7.544060 0.090432 0.019320 -0.003601 0.994534 0.102546
1718924377.940668344 -1.406818 -7.543836 0.090390 0.019397 -0.003361 0.994532 0.102556
1718924377.945654869 -1.407870 -7.543589 0.090338 0.019496 -0.003146 0.994530 0.102566
1718924377.950664282 -1.408927 -7.543323 0.090273 0.019606 -0.002934 0.994527 0.102581
1718924377.955698490 -1.409993 -7.543043 0.090189 0.019723 -0.002691 0.994525 0.102588
1718924377.960681677 -1.411046 -7.542752 0.090090 0.019814 -0.002422 0.994521 0.102611
1718924377.965712786 -1.412105 -7.542440 0.089983 0.019851 -0.002165 0.994515 0.102667
1718924377.970650673 -1.413141 -7.542110 0.089878 0.019833 -0.001930 0.994509 0.102737
1718924377.975651979 -1.414192 -7.541752 0.089779 0.019777 -0.001705 0.994503 0.102813
1718924377.980669260 -1.415251 -7.541368 0.089689 0.019684 -0.001497 0.994496 0.102902
1718924377.985652447 -1.416305 -7.540964 0.089614 0.019571 -0.001325 0.994486 0.103018
1718924377.990641356 -1.417362 -7.540541 0.089553 0.019436 -0.001187 0.994474 0.103162
1718924377.995701551 -1.418435 -7.540097 0.089507 0.019284 -0.001079 0.994461 0.103318
1718924378.000776529 -1.419512 -7.539640 0.089474 0.019133 -0.000968 0.994448 0.103472
1718924378.005712509 -1.420558 -7.539188 0.089451 0.018985 -0.000858 0.994433 0.103638
1718924378.010655403 -1.421601 -7.538728 0.089431 0.018842 -0.000732 0.994416 0.103831
1718924378.015659332 -1.422654 -7.538256 0.089409 0.018719 -0.000595 0.994397 0.104036
1718924378.020649910 -1.423703 -7.537780 0.089381 0.018618 -0.000461 0.994377 0.104251
1718924378.025646687 -1.424753 -7.537302 0.089340 0.018540 -0.000319 0.994354 0.104482
1718924378.030659914 -1.425808 -7.536824 0.089286 0.018483 -0.000131 0.994330 0.104716
1718924378.035695791 -1.426870 -7.536345 0.089222 0.018437 0.000087 0.994306 0.104951
1718924378.040639877 -1.427915 -7.535877 0.089155 0.018394 0.000300 0.994282 0.105186
1718924378.045653105 -1.428980 -7.535403 0.089086 0.018335 0.000507 0.994257 0.105432
1718924378.050664186 -1.430050 -7.534930 0.089021 0.018260 0.000710 0.994234 0.105666
1718924378.055646658 -1.431122 -7.534461 0.088960 0.018159 0.000921 0.994212 0.105889
1718924378.060632944 -1.432202 -7.533995 0.088903 0.018047 0.001147 0.994190 0.106107
1718924378.065629244 -1.433290 -7.533533 0.088850 0.017935 0.001387 0.994169 0.106323
1718924378.070643187 -1.434387 -7.533075 0.088798 0.017824 0.001646 0.994147 0.106539
1718924378.075654268 -1.435489 -7.532619 0.088746 0.017726 0.001901 0.994124 0.106766
1718924378.080646276 -1.436593 -7.532168 0.088690 0.017645 0.002168 0.994101 0.106996
1718924378.085633516 -1.437703 -7.531719 0.088628 0.017577 0.002442 0.994077 0.107217
1718924378.090645552 -1.438818 -7.531268 0.088556 0.017529 0.002675 0.994055 0.107426
1718924378.095640898 -1.439929 -7.530822 0.088475 0.017462 0.002926 0.994033 0.107635
1718924378.100001335 -1.440896 -7.530439 0.088396 0.017408 0.003183 0.994012 0.107826
1718924378.100001335 -1.440896 -7.530439 0.088396 0.017408 0.003183 0.994012 0.107826
1718924378.100643635 -1.441039 -7.530382 0.088385 0.017401 0.003219 0.994009 0.107854
1718924378.105633259 -1.442150 -7.529943 0.088294 0.017340 0.003527 0.993984 0.108086
1718924378.110627651 -1.443262 -7.529503 0.088201 0.017267 0.003826 0.993956 0.108343
1718924378.115649223 -1.444379 -7.529059 0.088105 0.017186 0.004086 0.993928 0.108603
1718924378.199993134 -1.463059 -7.522098 0.086712 0.016283 0.006799 0.993815 0.109641
1718924378.199993134 -1.463059 -7.522098 0.086712 0.016283 0.006799 0.993815 0.109641
1718924378.240650415 -1.471956 -7.519148 0.086157 0.015789 0.008206 0.993764 0.110071
1718924378.245651960 -1.473049 -7.518798 0.086091 0.015734 0.008343 0.993756 0.110148
1718924378.250644684 -1.474142 -7.518450 0.086024 0.015676 0.008471 0.993748 0.110214
1718924378.255645752 -1.475241 -7.518102 0.085953 0.015627 0.008610 0.993742 0.110267
1718924378.260642290 -1.476340 -7.517758 0.085878 0.015593 0.008757 0.993736 0.110313
1718924378.265646219 -1.477440 -7.517416 0.085800 0.015554 0.008901 0.993729 0.110366
1718924378.270643473 -1.478538 -7.517077 0.085722 0.015518 0.009042 0.993724 0.110406
1718924378.275693417 -1.479654 -7.516737 0.085646 0.015488 0.009183 0.993721 0.110430
1718924378.280650377 -1.480758 -7.516406 0.085575 0.015466 0.009303 0.993719 0.110441
1718924378.285641193 -1.481873 -7.516075 0.085510 0.015436 0.009417 0.993719 0.110434
1718924378.290636778 -1.482994 -7.515746 0.085450 0.015407 0.009522 0.993720 0.110421
1718924378.295641661 -1.484122 -7.515423 0.085395 0.015386 0.009636 0.993721 0.110400
1718924378.299980164 -1.485103 -7.515147 0.085349 0.015376 0.009731 0.993724 0.110374
1718924378.299980164 -1.485103 -7.515147 0.085349 0.015376 0.009731 0.993724 0.110374
1718924378.300634861 -1.485252 -7.515105 0.085343 0.015375 0.009745 0.993724 0.110370
1718924378.305639744 -1.486386 -7.514788 0.085295 0.015367 0.009838 0.993725 0.110349
1718924378.310625553 -1.487515 -7.514475 0.085249 0.015346 0.009933 0.993727 0.110325
1718924378.315645933 -1.488655 -7.514167 0.085205 0.015322 0.010040 0.993731 0.110287
1718924378.399967194 -1.507350 -7.509138 0.084318 0.015112 0.009666 0.993490 0.112497
1718924378.399967194 -1.507350 -7.509138 0.084318 0.015112 0.009666 0.993490 0.112497
1718924378.405623436 -1.508571 -7.508806 0.084246 0.015101 0.009636 0.993474 0.112646
1718924378.410627604 -1.509647 -7.508513 0.084182 0.015084 0.009630 0.993457 0.112800
1718924378.415691853 -1.510735 -7.508216 0.084119 0.015078 0.009627 0.993438 0.112965
1718924378.420660496 -1.511805 -7.507922 0.084062 0.015082 0.009602 0.993418 0.113138
1718924378.425666332 -1.512887 -7.507623 0.084011 0.015092 0.009557 0.993398 0.113316
1718924378.430663824 -1.513970 -7.507327 0.083967 0.015106 0.009520 0.993378 0.113498
1718924378.435706615 -1.515064 -7.507032 0.083929 0.015128 0.009498 0.993357 0.113677
1718924378.440702915 -1.516148 -7.506745 0.083898 0.015153 0.009487 0.993337 0.113855
1718924378.445713520 -1.517240 -7.506461 0.083870 0.015176 0.009482 0.993318 0.114016
1718924378.450659037 -1.518320 -7.506185 0.083846 0.015206 0.009468 0.993302 0.114151
1718924378.455653667 -1.519411 -7.505910 0.083826 0.015234 0.009448 0.993288 0.114272
1718924378.460625410 -1.520497 -7.505641 0.083808 0.015264 0.009409 0.993277 0.114368
1718924378.465641022 -1.521595 -7.505374 0.083791 0.015291 0.009357 0.993269 0.114435
1718924378.470708609 -1.522706 -7.505110 0.083775 0.015321 0.009289 0.993263 0.114491
1718924378.475639582 -1.523789 -7.504858 0.083762 0.015360 0.009214 0.993259 0.114528
1718924378.480711699 -1.524907 -7.504607 0.083751 0.015407 0.009150 0.993258 0.114531
1718924378.485674143 -1.526004 -7.504372 0.083742 0.015460 0.009091 0.993261 0.114504
1718924378.490618944 -1.527098 -7.504149 0.083737 0.015504 0.009076 0.993266 0.114456
1718924378.495635986 -1.528209 -7.503932 0.083741 0.015550 0.009080 0.993272 0.114394
1718924378.499977350 -1.529172 -7.503745 0.083749 0.015599 0.009016 0.993280 0.114326
1718924378.499977350 -1.529172 -7.503745 0.083749 0.015599 0.009016 0.993280 0.114326
1718924378.500629187 -1.529317 -7.503716 0.083751 0.015607 0.009005 0.993281 0.114316
1718924378.505624294 -1.530423 -7.503502 0.083759 0.015649 0.008910 0.993291 0.114227
1718924378.510620832 -1.531529 -7.503296 0.083763 0.015678 0.008817 0.993304 0.114120
1718924378.599963188 -1.551171 -7.500379 0.083023 0.014524 0.004688 0.992983 0.117271
1718924378.599963188 -1.551171 -7.500379 0.083023 0.014524 0.004688 0.992983 0.117271
1718924378.610629559 -1.553503 -7.500119 0.082834 0.014384 0.004198 0.992943 0.117646
1718924378.615644932 -1.554599 -7.500007 0.082742 0.014326 0.003908 0.992922 0.117834
1718924378.620648146 -1.555691 -7.499901 0.082655 0.014279 0.003589 0.992902 0.118024
1718924378.625645638 -1.556785 -7.499804 0.082574 0.014242 0.003281 0.992880 0.118220
1718924378.630634546 -1.557881 -7.499720 0.082499 0.014222 0.003008 0.992857 0.118420
1718924378.635617495 -1.558980 -7.499647 0.082426 0.014208 0.002775 0.992835 0.118614
1718924378.640673399 -1.560098 -7.499579 0.082349 0.014182 0.002561 0.992812 0.118810
1718924378.645631313 -1.561194 -7.499515 0.082265 0.014120 0.002356 0.992790 0.119007
1718924378.650620937 -1.562296 -7.499452 0.082165 0.014033 0.002149 0.992768 0.119210
1718924378.655687094 -1.563414 -7.499388 0.082047 0.013922 0.001921 0.992746 0.119408
1718924378.660620928 -1.564504 -7.499323 0.081914 0.013790 0.001677 0.992724 0.119607
1718924378.665622473 -1.565609 -7.499255 0.081762 0.013636 0.001439 0.992703 0.119805
1718924378.670630217 -1.566714 -7.499189 0.081594 0.013477 0.001235 0.992680 0.120014
1718924378.675634623 -1.567815 -7.499127 0.081417 0.013336 0.001076 0.992658 0.120212
1718924378.680629015 -1.568914 -7.499067 0.081239 0.013216 0.000951 0.992637 0.120397
1718924378.685700893 -1.570029 -7.499009 0.081059 0.013111 0.000815 0.992618 0.120573
1718924378.690624475 -1.571114 -7.498953 0.080890 0.013029 0.000671 0.992600 0.120728
1718924378.695623875 -1.572215 -7.498895 0.080728 0.012967 0.000515 0.992584 0.120868
1718924378.699882984 -1.573154 -7.498846 0.080600 0.012946 0.000387 0.992572 0.120970
1718924378.699882984 -1.573154 -7.498846 0.080600 0.012946 0.000387 0.992572 0.120970
1718924378.700605392 -1.573313 -7.498837 0.080579 0.012943 0.000364 0.992570 0.120988
1718924378.705621958 -1.574420 -7.498778 0.080442 0.012943 0.000235 0.992555 0.121104
1718924378.710613966 -1.575522 -7.498717 0.080316 0.012965 0.000115 0.992543 0.121207
1718924378.715668917 -1.576637 -7.498652 0.080197 0.012995 -0.000005 0.992530 0.121303
1718924378.799988031 -1.595470 -7.495541 0.078367 0.014244 0.000512 0.992741 0.119420
1718924378.799988031 -1.595470 -7.495541 0.078367 0.014244 0.000512 0.992741 0.119420
1718924378.815618753 -1.599015 -7.494528 0.078059 0.014479 0.000608 0.992780 0.119072
1718924378.820649862 -1.600160 -7.494173 0.077961 0.014565 0.000654 0.992790 0.118978
1718924378.825632095 -1.601294 -7.493807 0.077862 0.014642 0.000715 0.992799 0.118894
1718924378.830767870 -1.602465 -7.493415 0.077756 0.014695 0.000773 0.992805 0.118835
1718924378.835609674 -1.603568 -7.493031 0.077652 0.014717 0.000816 0.992808 0.118807
1718924378.840691328 -1.604722 -7.492614 0.077535 0.014716 0.000836 0.992808 0.118809
1718924378.845673084 -1.605850 -7.492191 0.077415 0.014688 0.000818 0.992805 0.118836
1718924378.850692749 -1.606983 -7.491751 0.077289 0.014651 0.000780 0.992800 0.118882
1718924378.855654001 -1.608101 -7.491305 0.077158 0.014615 0.000739 0.992792 0.118953
1718924378.860627413 -1.609219 -7.490850 0.077023 0.014593 0.000714 0.992781 0.119051
1718924378.865684032 -1.610356 -7.490382 0.076880 0.014592 0.000718 0.992766 0.119176
1718924378.870688915 -1.611480 -7.489912 0.076736 0.014619 0.000732 0.992748 0.119321
1718924378.875633240 -1.612592 -7.489442 0.076593 0.014655 0.000765 0.992729 0.119476
1718924378.880717039 -1.613737 -7.488957 0.076447 0.014708 0.000821 0.992708 0.119638
1718924378.885619879 -1.614844 -7.488486 0.076307 0.014773 0.000882 0.992688 0.119799
1718924378.890608311 -1.615972 -7.488003 0.076169 0.014841 0.000924 0.992667 0.119964
1718924378.895618200 -1.617105 -7.487515 0.076032 0.014904 0.000958 0.992647 0.120122
1718924378.899991035 -1.618096 -7.487092 0.075910 0.014937 0.001016 0.992631 0.120250
1718924378.899991035 -1.618096 -7.487092 0.075910 0.014937 0.001016 0.992631 0.120250
1718924378.899999142 -1.630909 -7.483956 0.091572 0.016076 0.001614 0.992899 0.117855
1718924378.899999142 -1.630909 -7.483956 0.091572 0.016076 0.001614 0.992899 0.117855
1718924378.900603771 -1.631023 -7.483943 0.091565 0.016081 0.001621 0.992897 0.117873
1718924378.905623674 -1.631973 -7.483841 0.091512 0.016108 0.001690 0.992881 0.118003
1718924378.910617113 -1.632917 -7.483741 0.091460 0.016112 0.001781 0.992868 0.118112
1718924378.985672235 -1.647160 -7.481568 0.089905 0.016165 0.003176 0.993040 0.116617
1718924378.990609169 -1.648116 -7.481364 0.089767 0.016165 0.003252 0.993051 0.116523
1718924378.995633125 -1.649090 -7.481147 0.089628 0.016182 0.003309 0.993060 0.116440
1718924379.000604391 -1.650055 -7.480926 0.089496 0.016212 0.003359 0.993067 0.116374
1718924379.005658865 -1.651039 -7.480696 0.089370 0.016258 0.003431 0.993073 0.116320
1718924379.010615110 -1.652008 -7.480466 0.089256 0.016313 0.003521 0.993075 0.116291
1718924379.015681505 -1.653000 -7.480225 0.089152 0.016372 0.003612 0.993076 0.116268
1718924379.020639896 -1.653971 -7.479986 0.089061 0.016441 0.003700 0.993077 0.116253
1718924379.025678873 -1.654958 -7.479738 0.088977 0.016506 0.003790 0.993077 0.116241
1718924379.030689478 -1.655944 -7.479489 0.088898 0.016565 0.003876 0.993075 0.116240
1718924379.035682201 -1.656930 -7.479239 0.088820 0.016622 0.003957 0.993073 0.116250
1718924379.040626287 -1.657911 -7.478992 0.088736 0.016672 0.004032 0.993071 0.116255
1718924379.045606613 -1.658902 -7.478744 0.088641 0.016705 0.004103 0.993072 0.116245
1718924379.050651073 -1.659907 -7.478496 0.088534 0.016727 0.004173 0.993073 0.116226
1718924379.055673599 -1.660911 -7.478253 0.088416 0.016752 0.004258 0.993076 0.116191
1718924379.060660601 -1.661914 -7.478014 0.088288 0.016781 0.004363 0.993080 0.116156
1718924379.065634251 -1.662921 -7.477780 0.088155 0.016805 0.004477 0.993083 0.116115
1718924379.070705652 -1.663955 -7.477543 0.088018 0.016827 0.004601 0.993088 0.116067
1718924379.075609446 -1.664960 -7.477316 0.087889 0.016839 0.004712 0.993094 0.116015
1718924379.080612421 -1.665992 -7.477086 0.087767 0.016850 0.004800 0.993100 0.115956
1718924379.085651875 -1.667036 -7.476856 0.087656 0.016856 0.004855 0.993107 0.115896
1718924379.090613604 -1.668069 -7.476631 0.087559 0.016858 0.004885 0.993115 0.115822
1718924379.095616102 -1.669115 -7.476407 0.087471 0.016860 0.004905 0.993123 0.115747
1718924379.099984169 -1.670033 -7.476213 0.087398 0.016864 0.004925 0.993130 0.115686
1718924379.099984169 -1.670033 -7.476213 0.087398 0.016864 0.004925 0.993130 0.115686
1718924379.100655556 -1.670174 -7.476184 0.087387 0.016865 0.004929 0.993131 0.115677
1718924379.105601549 -1.671216 -7.475972 0.087307 0.016878 0.004967 0.993139 0.115612
1718924379.110615969 -1.672275 -7.475762 0.087223 0.016903 0.005020 0.993146 0.115539
1718924379.115605593 -1.673328 -7.475560 0.087135 0.016933 0.005086 0.993153 0.115474
1718924379.199983120 -1.690856 -7.472434 0.085833 0.017223 0.004833 0.993038 0.116429
1718924379.199983120 -1.690856 -7.472434 0.085833 0.017223 0.004833 0.993038 0.116429
1718924379.220632076 -1.695067 -7.471732 0.085595 0.017337 0.004745 0.993009 0.116659
1718924379.225718021 -1.696100 -7.471563 0.085546 0.017353 0.004731 0.993004 0.116706
1718924379.230777740 -1.697126 -7.471396 0.085499 0.017365 0.004739 0.993000 0.116734
1718924379.235631943 -1.698109 -7.471238 0.085455 0.017372 0.004752 0.992999 0.116742
1718924379.240631342 -1.699121 -7.471076 0.085413 0.017374 0.004761 0.992998 0.116746
1718924379.245634794 -1.700134 -7.470914 0.085373 0.017378 0.004761 0.993001 0.116726
1718924379.250655651 -1.701149 -7.470751 0.085335 0.017377 0.004759 0.993006 0.116681
1718924379.255620241 -1.702152 -7.470589 0.085298 0.017388 0.004748 0.993013 0.116622
1718924379.260650158 -1.703167 -7.470424 0.085261 0.017405 0.004729 0.993022 0.116544
1718924379.265620232 -1.704170 -7.470261 0.085224 0.017429 0.004712 0.993032 0.116454
1718924379.270626307 -1.705180 -7.470096 0.085186 0.017451 0.004702 0.993042 0.116365
1718924379.275624990 -1.706186 -7.469930 0.085146 0.017466 0.004687 0.993054 0.116260
1718924379.280626535 -1.707190 -7.469762 0.085106 0.017480 0.004684 0.993067 0.116144
1718924379.285625935 -1.708193 -7.469591 0.085065 0.017496 0.004680 0.993081 0.116027
1718924379.290641785 -1.709197 -7.469417 0.085026 0.017511 0.004667 0.993095 0.115907
1718924379.295623064 -1.710194 -7.469240 0.084988 0.017524 0.004641 0.993109 0.115782
1718924379.299991131 -1.711067 -7.469080 0.084956 0.017535 0.004611 0.993121 0.115677
1718924379.299991131 -1.711067 -7.469080 0.084956 0.017535 0.004611 0.993121 0.115677
1718924379.300619125 -1.711192 -7.469057 0.084952 0.017536 0.004607 0.993123 0.115662
1718924379.305605412 -1.712186 -7.468872 0.084918 0.017545 0.004578 0.993135 0.115557
1718924379.310616732 -1.713182 -7.468681 0.084886 0.017557 0.004558 0.993146 0.115461
1718924379.315626621 -1.714177 -7.468488 0.084854 0.017570 0.004542 0.993157 0.115368
1718924379.399994135 -1.731089 -7.465044 0.084400 0.017651 0.004471 0.992972 0.116939
1718924379.399994135 -1.731089 -7.465044 0.084400 0.017651 0.004471 0.992972 0.116939
1718924379.410655022 -1.733247 -7.464591 0.084357 0.017677 0.004453 0.992948 0.117138
1718924379.415620565 -1.734253 -7.464379 0.084341 0.017686 0.004444 0.992939 0.117215
1718924379.420650721 -1.735273 -7.464165 0.084325 0.017701 0.004441 0.992932 0.117273
1718924379.425627232 -1.736280 -7.463954 0.084308 0.017711 0.004447 0.992927 0.117313
1718924379.430675030 -1.737300 -7.463744 0.084290 0.017717 0.004467 0.992923 0.117345
1718924379.435619116 -1.738299 -7.463541 0.084271 0.017719 0.004492 0.992920 0.117371
1718924379.440606833 -1.739308 -7.463337 0.084254 0.017729 0.004503 0.992918 0.117388
1718924379.445616722 -1.740324 -7.463132 0.084239 0.017744 0.004499 0.992918 0.117386
1718924379.450619936 -1.741339 -7.462930 0.084224 0.017767 0.004487 0.992921 0.117353
1718924379.455627680 -1.742356 -7.462730 0.084211 0.017794 0.004481 0.992928 0.117295
1718924379.460603952 -1.743366 -7.462535 0.084197 0.017809 0.004482 0.992934 0.117238
1718924379.465626955 -1.744387 -7.462339 0.084184 0.017822 0.004480 0.992940 0.117183
1718924379.470609665 -1.745401 -7.462147 0.084172 0.017838 0.004483 0.992948 0.117116
1718924379.475622416 -1.746423 -7.461956 0.084160 0.017849 0.004485 0.992956 0.117043
1718924379.480608940 -1.747442 -7.461767 0.084151 0.017866 0.004482 0.992965 0.116971
1718924379.485637188 -1.748471 -7.461580 0.084142 0.017875 0.004480 0.992974 0.116888
1718924379.490618944 -1.749492 -7.461396 0.084136 0.017892 0.004475 0.992984 0.116806
1718924379.495598793 -1.750515 -7.461214 0.084131 0.017913 0.004461 0.992991 0.116737
1718924379.499997139 -1.751419 -7.461054 0.084127 0.017932 0.004448 0.992998 0.116680
1718924379.499997139 -1.751419 -7.461054 0.084127 0.017932 0.004448 0.992998 0.116680
1718924379.500611305 -1.751546 -7.461032 0.084127 0.017933 0.004447 0.992999 0.116672
1718924379.505598068 -1.752572 -7.460853 0.084121 0.017949 0.004443 0.993005 0.116615
1718924379.510610819 -1.753603 -7.460675 0.084111 0.017958 0.004442 0.993010 0.116568
1718924379.515606403 -1.754630 -7.460500 0.084096 0.017971 0.004447 0.993015 0.116529
1718924379.599999189 -1.771999 -7.457231 0.083331 0.018420 0.004314 0.992952 0.116999
1718924379.599999189 -1.771999 -7.457231 0.083331 0.018420 0.004314 0.992952 0.116999
1718924379.600612164 -1.772125 -7.457205 0.083324 0.018422 0.004314 0.992951 0.117003
1718924379.605605364 -1.773151 -7.456992 0.083256 0.018444 0.004308 0.992949 0.117017
1718924379.610611916 -1.774180 -7.456776 0.083188 0.018464 0.004303 0.992949 0.117018
1718924379.615613222 -1.775209 -7.456554 0.083120 0.018491 0.004291 0.992949 0.117009
1718924379.620632410 -1.776243 -7.456328 0.083052 0.018520 0.004274 0.992951 0.116992
1718924379.625672340 -1.777281 -7.456097 0.082985 0.018541 0.004250 0.992954 0.116968
1718924379.630735397 -1.778322 -7.455862 0.082918 0.018556 0.004226 0.992958 0.116932
1718924379.635649920 -1.779332 -7.455632 0.082855 0.018572 0.004207 0.992961 0.116899
1718924379.640629530 -1.780354 -7.455396 0.082794 0.018601 0.004208 0.992965 0.116865
1718924379.645619869 -1.781380 -7.455155 0.082738 0.018626 0.004222 0.992968 0.116836
1718924379.650600910 -1.782404 -7.454911 0.082687 0.018648 0.004239 0.992971 0.116799
1718924379.655615568 -1.783434 -7.454660 0.082639 0.018663 0.004252 0.992975 0.116768
1718924379.660602570 -1.784454 -7.454408 0.082594 0.018673 0.004250 0.992977 0.116746
1718924379.665621281 -1.785478 -7.454150 0.082549 0.018686 0.004239 0.992980 0.116720
1718924379.670608521 -1.786495 -7.453892 0.082503 0.018699 0.004231 0.992982 0.116703
1718924379.675675392 -1.787527 -7.453626 0.082454 0.018716 0.004220 0.992982 0.116701
1718924379.680692434 -1.788548 -7.453360 0.082402 0.018730 0.004206 0.992980 0.116717
1718924379.685641766 -1.789554 -7.453097 0.082347 0.018740 0.004196 0.992978 0.116731
1718924379.690610886 -1.790561 -7.452833 0.082289 0.018746 0.004192 0.992976 0.116749
1718924379.695604801 -1.791570 -7.452567 0.082227 0.018754 0.004192 0.992972 0.116781
1718924379.699959040 -1.792451 -7.452336 0.082173 0.018762 0.004195 0.992967 0.116821
1718924379.699959040 -1.792451 -7.452336 0.082173 0.018762 0.004195 0.992967 0.116821
1718924379.700611591 -1.792583 -7.452301 0.082165 0.018762 0.004196 0.992966 0.116827
1718924379.705646992 -1.793600 -7.452036 0.082103 0.018762 0.004208 0.992961 0.116871
1718924379.710610390 -1.794604 -7.451774 0.082043 0.018760 0.004218 0.992956 0.116912
1718924379.715647936 -1.795622 -7.451510 0.081984 0.018753 0.004231 0.992950 0.116965
1718924379.795608282 -1.812079 -7.447290 0.080976 0.018936 0.004198 0.993008 0.116439
1718924379.800003052 -1.813001 -7.447056 0.080932 0.018937 0.004206 0.993014 0.116390
1718924379.800003052 -1.813001 -7.447056 0.080932 0.018937 0.004206 0.993014 0.116390
1718924379.800609827 -1.813128 -7.447024 0.080925 0.018938 0.004207 0.993015 0.116383
1718924379.805608034 -1.814173 -7.446760 0.080860 0.018954 0.004216 0.993020 0.116334
1718924379.810618877 -1.815222 -7.446493 0.080797 0.018971 0.004222 0.993025 0.116292
1718924379.815612793 -1.816269 -7.446225 0.080736 0.018983 0.004225 0.993029 0.116251
1718924379.820645332 -1.817326 -7.445954 0.080677 0.018998 0.004226 0.993034 0.116209
1718924379.825623274 -1.818374 -7.445683 0.080621 0.019020 0.004220 0.993038 0.116171
1718924379.830636740 -1.819430 -7.445410 0.080563 0.019042 0.004203 0.993043 0.116129
1718924379.835679054 -1.820491 -7.445133 0.080503 0.019055 0.004186 0.993046 0.116096
1718924379.840640068 -1.821534 -7.444859 0.080443 0.019063 0.004173 0.993048 0.116078
1718924379.845657587 -1.822589 -7.444579 0.080380 0.019068 0.004159 0.993048 0.116081
1718924379.850625038 -1.823636 -7.444301 0.080316 0.019069 0.004143 0.993045 0.116103
1718924379.855621576 -1.824692 -7.444021 0.080250 0.019077 0.004122 0.993042 0.116134
1718924379.860624313 -1.825751 -7.443739 0.080181 0.019087 0.004093 0.993038 0.116168
1718924379.865626812 -1.826809 -7.443458 0.080110 0.019096 0.004068 0.993033 0.116212
1718924379.870632172 -1.827867 -7.443177 0.080038 0.019096 0.004044 0.993027 0.116259
1718924379.875628471 -1.828923 -7.442896 0.079964 0.019086 0.004030 0.993022 0.116308
1718924379.880635500 -1.829983 -7.442615 0.079890 0.019078 0.004022 0.993014 0.116371
1718924379.885627270 -1.831041 -7.442336 0.079816 0.019074 0.004017 0.993007 0.116438
1718924379.890608549 -1.832098 -7.442058 0.079742 0.019067 0.004017 0.993000 0.116499
1718924379.895614147 -1.833162 -7.441777 0.079670 0.019057 0.004011 0.992991 0.116572
1718924379.900007963 -1.834098 -7.441531 0.079608 0.019055 0.003995 0.992985 0.116629
1718924379.900007963 -1.834098 -7.441531 0.079608 0.019055 0.003995 0.992985 0.116629
1718924379.900616407 -1.834227 -7.441496 0.079601 0.019054 0.003994 0.992984 0.116637
1718924379.905617952 -1.835296 -7.441214 0.079541 0.019052 0.003968 0.992976 0.116702
1718924379.910619497 -1.836368 -7.440932 0.079482 0.019051 0.003946 0.992969 0.116761
1718924379.915640831 -1.837445 -7.440648 0.079421 0.019047 0.003922 0.992964 0.116810
1718924379.985678911 -1.852564 -7.436427 0.078505 0.019434 0.003737 0.993067 0.115873
1718924379.990647793 -1.853643 -7.436110 0.078457 0.019439 0.003729 0.993073 0.115818
1718924379.995609283 -1.854721 -7.435790 0.078411 0.019445 0.003718 0.993079 0.115769
1718924380.000625610 -1.855814 -7.435464 0.078364 0.019447 0.003708 0.993085 0.115720
1718924380.005619764 -1.856901 -7.435137 0.078317 0.019450 0.003702 0.993089 0.115683
1718924380.010619402 -1.857990 -7.434810 0.078270 0.019450 0.003704 0.993093 0.115651
1718924380.015633583 -1.859080 -7.434481 0.078222 0.019445 0.003704 0.993096 0.115619
1718924380.020636082 -1.860167 -7.434152 0.078175 0.019442 0.003697 0.993098 0.115603
1718924380.025685310 -1.861265 -7.433818 0.078129 0.019447 0.003683 0.993098 0.115608
1718924380.030627489 -1.862340 -7.433491 0.078084 0.019456 0.003671 0.993096 0.115626
1718924380.035621643 -1.863425 -7.433161 0.078038 0.019467 0.003666 0.993093 0.115644
1718924380.040615082 -1.864508 -7.432831 0.077992 0.019476 0.003674 0.993090 0.115667
1718924380.045666218 -1.865602 -7.432497 0.077947 0.019481 0.003686 0.993085 0.115710
1718924380.050640106 -1.866678 -7.432167 0.077903 0.019481 0.003692 0.993079 0.115762
1718924380.055673361 -1.867767 -7.431832 0.077860 0.019473 0.003692 0.993073 0.115815
1718924380.060613632 -1.868834 -7.431503 0.077819 0.019469 0.003694 0.993067 0.115871
1718924380.065648556 -1.869920 -7.431166 0.077778 0.019473 0.003694 0.993059 0.115936
1718924380.070660114 -1.871000 -7.430829 0.077737 0.019482 0.003687 0.993052 0.115995
1718924380.075609446 -1.872064 -7.430494 0.077697 0.019490 0.003682 0.993046 0.116042
1718924380.080664873 -1.873150 -7.430150 0.077654 0.019499 0.003680 0.993040 0.116092
1718924380.085658312 -1.874221 -7.429809 0.077611 0.019507 0.003681 0.993034 0.116141
1718924380.090656281 -1.875293 -7.429465 0.077566 0.019513 0.003684 0.993029 0.116188
1718924380.095611095 -1.876353 -7.429124 0.077520 0.019517 0.003695 0.993023 0.116238
1718924380.100002050 -1.877293 -7.428821 0.077478 0.019523 0.003700 0.993018 0.116276
1718924380.100002050 -1.877293 -7.428821 0.077478 0.019523 0.003700 0.993018 0.116276
1718924380.100625038 -1.877425 -7.428779 0.077471 0.019524 0.003701 0.993018 0.116281
1718924380.105619669 -1.878488 -7.428437 0.077417 0.019528 0.003710 0.993013 0.116318
1718924380.110624552 -1.879553 -7.428094 0.077363 0.019532 0.003712 0.993010 0.116342
1718924380.115631342 -1.880618 -7.427748 0.077309 0.019535 0.003716 0.993009 0.116351
1718924380.199994087 -1.898569 -7.422033 0.076457 0.019469 0.003736 0.993017 0.116294
1718924380.199994087 -1.898569 -7.422033 0.076457 0.019469 0.003736 0.993017 0.116294
1718924380.200628996 -1.898704 -7.421991 0.076453 0.019468 0.003736 0.993017 0.116293
1718924380.205614090 -1.899770 -7.421661 0.076415 0.019468 0.003746 0.993016 0.116302
1718924380.210614204 -1.900839 -7.421331 0.076379 0.019473 0.003761 0.993014 0.116315
1718924380.215623140 -1.901909 -7.421001 0.076342 0.019478 0.003783 0.993012 0.116332
1718924380.220643044 -1.902984 -7.420670 0.076306 0.019487 0.003804 0.993008 0.116363
1718924380.225685596 -1.904065 -7.420337 0.076270 0.019496 0.003818 0.993003 0.116405
1718924380.230615854 -1.905124 -7.420010 0.076235 0.019511 0.003828 0.992998 0.116443
1718924380.235703230 -1.906216 -7.419674 0.076198 0.019532 0.003843 0.992995 0.116466
1718924380.240638971 -1.907275 -7.419347 0.076160 0.019545 0.003854 0.992993 0.116484
1718924380.245670557 -1.908355 -7.419014 0.076120 0.019553 0.003864 0.992990 0.116507
1718924380.250613689 -1.909418 -7.418686 0.076080 0.019558 0.003867 0.992987 0.116533
1718924380.255638599 -1.910500 -7.418352 0.076036 0.019560 0.003867 0.992983 0.116562
1718924380.260630369 -1.911576 -7.418019 0.075991 0.019558 0.003874 0.992979 0.116596
1718924380.265648842 -1.912659 -7.417685 0.075944 0.019556 0.003887 0.992976 0.116622
1718924380.270627737 -1.913734 -7.417354 0.075895 0.019556 0.003899 0.992975 0.116635
1718924380.275639772 -1.914817 -7.417021 0.075846 0.019558 0.003918 0.992973 0.116647
1718924380.280636311 -1.915897 -7.416688 0.075797 0.019564 0.003946 0.992971 0.116667
1718924380.285649538 -1.916983 -7.416353 0.075749 0.019561 0.003971 0.992969 0.116683
1718924380.290653467 -1.918067 -7.416017 0.075702 0.019560 0.003996 0.992967 0.116693
1718924380.295632839 -1.919148 -7.415681 0.075657 0.019566 0.004018 0.992966 0.116703
1718924380.299987078 -1.920094 -7.415388 0.075620 0.019575 0.004037 0.992965 0.116707
1718924380.299987078 -1.920094 -7.415388 0.075620 0.019575 0.004037 0.992965 0.116707
1718924380.300626993 -1.920233 -7.415344 0.075616 0.019575 0.004040 0.992965 0.116708
1718924380.305631399 -1.921319 -7.415006 0.075578 0.019582 0.004057 0.992965 0.116705
1718924380.310634375 -1.922408 -7.414665 0.075544 0.019579 0.004060 0.992965 0.116705
1718924380.315680027 -1.923507 -7.414319 0.075511 0.019568 0.004051 0.992965 0.116707
1718924380.365633965 -1.934177 -7.411060 0.075172 0.019214 0.003826 0.992886 0.117450
1718924380.370627403 -1.935220 -7.410753 0.075158 0.019171 0.003813 0.992878 0.117522
1718924380.375629663 -1.936259 -7.410450 0.075147 0.019129 0.003804 0.992870 0.117598
1718924380.380648851 -1.937294 -7.410149 0.075141 0.019088 0.003791 0.992861 0.117677
1718924380.385648966 -1.938317 -7.409853 0.075138 0.019049 0.003770 0.992852 0.117758
1718924380.390619993 -1.939326 -7.409564 0.075140 0.019019 0.003748 0.992843 0.117847
1718924380.395618200 -1.940334 -7.409278 0.075144 0.018998 0.003726 0.992833 0.117932
1718924380.399986029 -1.941210 -7.409032 0.075149 0.018981 0.003708 0.992825 0.118004
1718924380.399986029 -1.941210 -7.409032 0.075149 0.018981 0.003708 0.992825 0.118004
1718924380.400672197 -1.941347 -7.408993 0.075150 0.018979 0.003705 0.992824 0.118015
1718924380.405669928 -1.942340 -7.408720 0.075151 0.018951 0.003675 0.992812 0.118114
1718924380.410663605 -1.943323 -7.408452 0.075153 0.018924 0.003642 0.992801 0.118214
1718924380.415629625 -1.944293 -7.408191 0.075156 0.018900 0.003615 0.992791 0.118303
1718924380.420655727 -1.945269 -7.407931 0.075159 0.018879 0.003597 0.992782 0.118386
1718924380.425656796 -1.946234 -7.407678 0.075160 0.018862 0.003573 0.992772 0.118470
1718924380.430669785 -1.947196 -7.407428 0.075162 0.018837 0.003539 0.992762 0.118555
1718924380.435631275 -1.948145 -7.407185 0.075164 0.018815 0.003498 0.992753 0.118638
1718924380.440623283 -1.949098 -7.406948 0.075163 0.018787 0.003474 0.992744 0.118717
1718924380.445674658 -1.950061 -7.406717 0.075158 0.018751 0.003472 0.992737 0.118781
1718924380.450670242 -1.951010 -7.406494 0.075156 0.018722 0.003436 0.992731 0.118841
1718924380.455630779 -1.951949 -7.406274 0.075159 0.018691 0.003378 0.992725 0.118900
1718924380.460614920 -1.952893 -7.406055 0.075165 0.018665 0.003319 0.992720 0.118945
1718924380.465684891 -1.953855 -7.405838 0.075174 0.018646 0.003262 0.992717 0.118969
1718924380.470618010 -1.954789 -7.405634 0.075182 0.018628 0.003221 0.992716 0.118985
1718924380.475620747 -1.955733 -7.405435 0.075192 0.018601 0.003168 0.992716 0.118991
1718924380.480628490 -1.956675 -7.405239 0.075202 0.018569 0.003104 0.992718 0.118981
1718924380.485691071 -1.957621 -7.405046 0.075212 0.018529 0.003050 0.992722 0.118952
1718924380.490618944 -1.958534 -7.404863 0.075225 0.018479 0.003016 0.992729 0.118909
1718924380.495627642 -1.959456 -7.404682 0.075242 0.018419 0.002988 0.992735 0.118868
1718924380.499985933 -1.960256 -7.404524 0.075262 0.018360 0.002962 0.992741 0.118828
1718924380.499985933 -1.960256 -7.404524 0.075262 0.018360 0.002962 0.992741 0.118828
1718924380.500624657 -1.960373 -7.404501 0.075265 0.018350 0.002958 0.992742 0.118822
1718924380.505649805 -1.961291 -7.404319 0.075293 0.018278 0.002923 0.992749 0.118773
1718924380.510623455 -1.962198 -7.404139 0.075324 0.018207 0.002892 0.992757 0.118721
1718924380.515632629 -1.963109 -7.403959 0.075357 0.018133 0.002861 0.992764 0.118666
1718924380.595673084 -1.977243 -7.400856 0.076157 0.016655 0.003699 0.992837 0.118255
1718924380.599996090 -1.977985 -7.400675 0.076230 0.016575 0.003755 0.992842 0.118223
1718924380.599996090 -1.977985 -7.400675 0.076230 0.016575 0.003755 0.992842 0.118223
1718924380.600667953 -1.978099 -7.400647 0.076241 0.016563 0.003764 0.992842 0.118218
1718924380.605650425 -1.978949 -7.400432 0.076326 0.016473 0.003822 0.992848 0.118180
1718924380.610623121 -1.979796 -7.400212 0.076413 0.016385 0.003872 0.992855 0.118134
1718924380.615629435 -1.980646 -7.399986 0.076503 0.016302 0.003924 0.992863 0.118072
1718924380.620642662 -1.981496 -7.399756 0.076594 0.016230 0.003971 0.992874 0.117991
1718924380.625642538 -1.982341 -7.399520 0.076686 0.016168 0.004002 0.992887 0.117892
1718924380.630642653 -1.983185 -7.399275 0.076777 0.016108 0.003992 0.992901 0.117777
1718924380.635619402 -1.984027 -7.399021 0.076867 0.016059 0.003965 0.992917 0.117655
1718924380.640637875 -1.984879 -7.398759 0.076954 0.016018 0.003962 0.992933 0.117523
1718924380.645626068 -1.985730 -7.398495 0.077035 0.015990 0.003998 0.992948 0.117398
1718924380.650625944 -1.986588 -7.398228 0.077112 0.015969 0.004060 0.992963 0.117271
1718924380.655627966 -1.987448 -7.397956 0.077183 0.015949 0.004129 0.992981 0.117124
1718924380.660628319 -1.988310 -7.397678 0.077252 0.015921 0.004201 0.993001 0.116955
1718924380.665632963 -1.989176 -7.397394 0.077319 0.015890 0.004265 0.993021 0.116783
1718924380.670619249 -1.990043 -7.397105 0.077384 0.015859 0.004311 0.993042 0.116612
1718924380.675626993 -1.990916 -7.396810 0.077451 0.015829 0.004348 0.993063 0.116430
1718924380.680635214 -1.991790 -7.396510 0.077519 0.015796 0.004386 0.993084 0.116257
1718924380.685631037 -1.992665 -7.396209 0.077588 0.015756 0.004437 0.993104 0.116091
1718924380.690620184 -1.993539 -7.395906 0.077660 0.015722 0.004491 0.993123 0.115926
1718924380.695640326 -1.994421 -7.395599 0.077734 0.015682 0.004549 0.993144 0.115755
1718924380.699895144 -1.995168 -7.395337 0.077799 0.015650 0.004609 0.993160 0.115616
1718924380.699895144 -1.995168 -7.395337 0.077799 0.015650 0.004609 0.993160 0.115616
1718924380.700619936 -1.995296 -7.395292 0.077810 0.015644 0.004620 0.993163 0.115593
1718924380.705665350 -1.996185 -7.394979 0.077889 0.015613 0.004703 0.993181 0.115440
1718924380.710661650 -1.997068 -7.394667 0.077976 0.015578 0.004763 0.993198 0.115289
1718924380.715658665 -1.997955 -7.394350 0.078071 0.015537 0.004788 0.993218 0.115123
1718924380.799986124 -2.013393 -7.389200 0.079802 0.014146 0.005959 0.993891 0.109296
1718924380.799986124 -2.013393 -7.389200 0.079802 0.014146 0.005959 0.993891 0.109296
1718924380.810621977 -2.015404 -7.388591 0.080027 0.013968 0.006105 0.993973 0.108560
1718924380.815624475 -2.016357 -7.388305 0.080139 0.013887 0.006201 0.994011 0.108218
1718924380.820645332 -2.017316 -7.388016 0.080254 0.013817 0.006307 0.994048 0.107875
1718924380.825627565 -2.018271 -7.387726 0.080369 0.013752 0.006443 0.994085 0.107542
1718924380.830637455 -2.019235 -7.387432 0.080485 0.013697 0.006588 0.994119 0.107225
1718924380.835624933 -2.020199 -7.387138 0.080598 0.013642 0.006744 0.994151 0.106924
1718924380.840620041 -2.021167 -7.386841 0.080707 0.013580 0.006920 0.994182 0.106634
1718924380.845618010 -2.022135 -7.386543 0.080811 0.013516 0.007087 0.994212 0.106349
1718924380.850618124 -2.023105 -7.386242 0.080912 0.013438 0.007245 0.994240 0.106080
1718924380.855613708 -2.024076 -7.385937 0.081010 0.013363 0.007389 0.994268 0.105819
1718924380.860613585 -2.025051 -7.385629 0.081105 0.013287 0.007515 0.994296 0.105557
1718924380.865610600 -2.026030 -7.385317 0.081201 0.013212 0.007626 0.994324 0.105297
1718924380.870620728 -2.027015 -7.385003 0.081297 0.013127 0.007741 0.994350 0.105052
1718924380.875632286 -2.028004 -7.384689 0.081393 0.013052 0.007874 0.994376 0.104807
1718924380.880634785 -2.028995 -7.384377 0.081488 0.012980 0.008019 0.994400 0.104573
1718924380.885636330 -2.029988 -7.384064 0.081583 0.012908 0.008149 0.994425 0.104340
1718924380.890619040 -2.030978 -7.383750 0.081676 0.012833 0.008255 0.994450 0.104102
1718924380.895613670 -2.031973 -7.383434 0.081771 0.012760 0.008348 0.994476 0.103854
1718924380.900014877 -2.032850 -7.383154 0.081857 0.012698 0.008406 0.994499 0.103631
1718924380.900014877 -2.032850 -7.383154 0.081857 0.012698 0.008406 0.994499 0.103631
1718924380.900611401 -2.032970 -7.383115 0.081870 0.012690 0.008414 0.994502 0.103601
1718924380.905611753 -2.033970 -7.382793 0.081974 0.012618 0.008444 0.994530 0.103346
1718924380.910658598 -2.034981 -7.382466 0.082081 0.012542 0.008447 0.994558 0.103082
1718924380.985611200 -2.050514 -7.377456 0.084280 0.011213 0.008591 0.994835 0.100515
1718924380.990618706 -2.051589 -7.377116 0.084476 0.011135 0.008611 0.994852 0.100356
1718924380.995653629 -2.052676 -7.376773 0.084677 0.011062 0.008651 0.994868 0.100202
1718924381.000659704 -2.053759 -7.376431 0.084881 0.010994 0.008709 0.994883 0.100055
1718924381.005654097 -2.054842 -7.376090 0.085086 0.010939 0.008764 0.994898 0.099911
1718924381.010657310 -2.055931 -7.375746 0.085291 0.010893 0.008809 0.994911 0.099775
1718924381.015625477 -2.057018 -7.375404 0.085491 0.010860 0.008846 0.994924 0.099645
1718924381.020633459 -2.058118 -7.375057 0.085685 0.010839 0.008878 0.994937 0.099516
1718924381.025635481 -2.059219 -7.374712 0.085869 0.010826 0.008905 0.994950 0.099389
1718924381.030615568 -2.060318 -7.374370 0.086042 0.010817 0.008941 0.994962 0.099267
1718924381.035628557 -2.061427 -7.374027 0.086206 0.010805 0.008983 0.994973 0.099148
1718924381.040618181 -2.062534 -7.373687 0.086363 0.010797 0.009017 0.994985 0.099028
1718924381.045618773 -2.063647 -7.373348 0.086517 0.010781 0.009045 0.994997 0.098908
1718924381.050640345 -2.064768 -7.373008 0.086671 0.010754 0.009056 0.995009 0.098786
1718924381.055621386 -2.065882 -7.372672 0.086828 0.010725 0.009055 0.995022 0.098665
1718924381.060656071 -2.067012 -7.372333 0.086993 0.010697 0.009051 0.995033 0.098552
1718924381.065620422 -2.068130 -7.372000 0.087162 0.010670 0.009046 0.995043 0.098457
1718924381.070619106 -2.069261 -7.371667 0.087340 0.010644 0.009035 0.995051 0.098375
1718924381.075659752 -2.070404 -7.371332 0.087525 0.010622 0.009021 0.995059 0.098299
1718924381.080616713 -2.071530 -7.371005 0.087709 0.010602 0.009006 0.995067 0.098230
1718924381.085619450 -2.072667 -7.370678 0.087897 0.010582 0.008994 0.995074 0.098160
1718924381.090615511 -2.073802 -7.370354 0.088085 0.010557 0.008979 0.995081 0.098089
1718924381.095610619 -2.074939 -7.370033 0.088271 0.010536 0.008969 0.995089 0.098017
1718924381.099989891 -2.075937 -7.369753 0.088433 0.010514 0.008966 0.995094 0.097965
1718924381.099989891 -2.075937 -7.369753 0.088433 0.010514 0.008966 0.995094 0.097965
1718924381.100656509 -2.076090 -7.369711 0.088457 0.010511 0.008965 0.995095 0.097957
1718924381.105611324 -2.077223 -7.369398 0.088633 0.010481 0.008963 0.995100 0.097905
1718924381.110648394 -2.078376 -7.369081 0.088809 0.010446 0.008957 0.995107 0.097840
1718924381.115664721 -2.079527 -7.368766 0.088980 0.010405 0.008956 0.995114 0.097775
1718924381.199982882 -2.098900 -7.362766 0.091734 0.010284 0.008428 0.995369 0.095199
1718924381.199982882 -2.098900 -7.362766 0.091734 0.010284 0.008428 0.995369 0.095199
1718924381.210616350 -2.101351 -7.361907 0.092059 0.010261 0.008366 0.995401 0.094873
1718924381.215673923 -2.102518 -7.361491 0.092217 0.010254 0.008314 0.995416 0.094726
1718924381.220628500 -2.103661 -7.361080 0.092374 0.010247 0.008250 0.995429 0.094597
1718924381.225629568 -2.104815 -7.360661 0.092540 0.010244 0.008180 0.995441 0.094471
1718924381.230627537 -2.105970 -7.360239 0.092717 0.010257 0.008092 0.995453 0.094353
1718924381.235725164 -2.107150 -7.359808 0.092911 0.010281 0.007985 0.995463 0.094250
1718924381.240615845 -2.108284 -7.359394 0.093111 0.010320 0.007877 0.995473 0.094152
1718924381.245620728 -2.109446 -7.358976 0.093329 0.010367 0.007769 0.995482 0.094063
1718924381.250618696 -2.110608 -7.358564 0.093556 0.010418 0.007674 0.995490 0.093980
1718924381.255647182 -2.111778 -7.358159 0.093793 0.010473 0.007579 0.995499 0.093885
1718924381.260612011 -2.112933 -7.357767 0.094030 0.010523 0.007505 0.995509 0.093783
1718924381.265613317 -2.114099 -7.357384 0.094266 0.010558 0.007451 0.995519 0.093673
1718924381.270615339 -2.115264 -7.357012 0.094495 0.010583 0.007394 0.995530 0.093557
1718924381.275614738 -2.116428 -7.356651 0.094716 0.010593 0.007344 0.995542 0.093440
1718924381.280607700 -2.117591 -7.356301 0.094926 0.010588 0.007290 0.995554 0.093314
1718924381.285616636 -2.118757 -7.355958 0.095128 0.010585 0.007202 0.995567 0.093178
1718924381.290746927 -2.119952 -7.355613 0.095330 0.010591 0.007079 0.995581 0.093034
1718924381.295614719 -2.121087 -7.355294 0.095521 0.010603 0.006941 0.995594 0.092910
1718924381.299976826 -2.122105 -7.355014 0.095691 0.010624 0.006807 0.995605 0.092795
1718924381.299976826 -2.122105 -7.355014 0.095691 0.010624 0.006807 0.995605 0.092795
1718924381.300640583 -2.122260 -7.354972 0.095718 0.010628 0.006787 0.995607 0.092777
1718924381.305602551 -2.123420 -7.354664 0.095915 0.010660 0.006635 0.995621 0.092636
1718924381.310645819 -2.124599 -7.354359 0.096119 0.010713 0.006484 0.995635 0.092489
1718924381.315644741 -2.125767 -7.354065 0.096327 0.010774 0.006335 0.995648 0.092350
1718924381.365660429 -2.137514 -7.351293 0.098372 0.010998 0.005373 0.995773 0.091030
1718924381.370624781 -2.138686 -7.351029 0.098568 0.011052 0.005282 0.995785 0.090898
1718924381.375653982 -2.139872 -7.350764 0.098770 0.011119 0.005197 0.995796 0.090769
1718924381.380627155 -2.141044 -7.350503 0.098973 0.011193 0.005130 0.995807 0.090642
1718924381.385620117 -2.142219 -7.350244 0.099177 0.011258 0.005083 0.995818 0.090520
1718924381.390639544 -2.143397 -7.349988 0.099380 0.011312 0.005059 0.995829 0.090398
1718924381.395613194 -2.144561 -7.349737 0.099576 0.011351 0.005063 0.995839 0.090275
1718924381.400012970 -2.145588 -7.349518 0.099745 0.011368 0.005081 0.995849 0.090167
1718924381.400012970 -2.145588 -7.349518 0.099745 0.011368 0.005081 0.995849 0.090167
1718924381.400612116 -2.145728 -7.349488 0.099768 0.011370 0.005084 0.995850 0.090152
1718924381.405605555 -2.146891 -7.349240 0.099954 0.011373 0.005106 0.995861 0.090035
1718924381.410599232 -2.148054 -7.348991 0.100136 0.011373 0.005120 0.995871 0.089921
1718924381.415639877 -2.149229 -7.348735 0.100319 0.011382 0.005113 0.995883 0.089789
1718924381.420652151 -2.150400 -7.348473 0.100500 0.011400 0.005079 0.995896 0.089644
1718924381.425630808 -2.151565 -7.348208 0.100683 0.011433 0.005012 0.995909 0.089494
1718924381.430644512 -2.152739 -7.347935 0.100872 0.011485 0.004928 0.995923 0.089339
1718924381.435640812 -2.153910 -7.347661 0.101067 0.011552 0.004848 0.995937 0.089182
1718924381.440631151 -2.155080 -7.347387 0.101268 0.011628 0.004778 0.995950 0.089026
1718924381.445620298 -2.156249 -7.347112 0.101475 0.011702 0.004718 0.995964 0.088865
1718924381.450608969 -2.157417 -7.346839 0.101684 0.011764 0.004693 0.995979 0.088691
1718924381.455629587 -2.158590 -7.346564 0.101892 0.011812 0.004709 0.995995 0.088499
1718924381.460609436 -2.159750 -7.346292 0.102091 0.011841 0.004739 0.996011 0.088310
1718924381.465614796 -2.160915 -7.346015 0.102283 0.011854 0.004769 0.996029 0.088111
1718924381.470613956 -2.162079 -7.345734 0.102466 0.011854 0.004798 0.996046 0.087912
1718924381.475631237 -2.163247 -7.345446 0.102640 0.011846 0.004814 0.996064 0.087707
1718924381.480629921 -2.164413 -7.345153 0.102807 0.011846 0.004819 0.996082 0.087503
1718924381.485614300 -2.165579 -7.344857 0.102967 0.011856 0.004822 0.996100 0.087296
1718924381.490636110 -2.166757 -7.344552 0.103126 0.011885 0.004839 0.996118 0.087087
1718924381.495598316 -2.167924 -7.344245 0.103282 0.011925 0.004859 0.996135 0.086889
1718924381.499987841 -2.168959 -7.343967 0.103421 0.011969 0.004885 0.996149 0.086717
1718924381.499987841 -2.168959 -7.343967 0.103421 0.011969 0.004885 0.996149 0.086717
1718924381.500647306 -2.169115 -7.343925 0.103442 0.011976 0.004888 0.996151 0.086691
1718924381.505634785 -2.170289 -7.343600 0.103603 0.012029 0.004906 0.996167 0.086507
1718924381.510651588 -2.171467 -7.343266 0.103771 0.012079 0.004905 0.996181 0.086331
1718924381.515631676 -2.172633 -7.342927 0.103948 0.012128 0.004881 0.996195 0.086162
1718924381.599990845 -2.192433 -7.336717 0.106915 0.012049 0.004986 0.996331 0.084584
1718924381.599990845 -2.192433 -7.336717 0.106915 0.012049 0.004986 0.996331 0.084584
1718924381.615623236 -2.196110 -7.335474 0.107428 0.012030 0.005004 0.996356 0.084294
1718924381.620777130 -2.197325 -7.335058 0.107598 0.012030 0.004995 0.996363 0.084206
1718924381.625682354 -2.198481 -7.334659 0.107757 0.012040 0.004984 0.996370 0.084123
1718924381.630799532 -2.199686 -7.334242 0.107921 0.012056 0.004976 0.996378 0.084032
1718924381.635724306 -2.200845 -7.333840 0.108077 0.012074 0.004969 0.996385 0.083947
1718924381.640600443 -2.201992 -7.333439 0.108233 0.012098 0.004954 0.996391 0.083865
1718924381.645682335 -2.203188 -7.333019 0.108397 0.012131 0.004918 0.996399 0.083771
1718924381.650643349 -2.204357 -7.332606 0.108558 0.012161 0.004880 0.996407 0.083675
1718924381.655593395 -2.205524 -7.332193 0.108721 0.012192 0.004834 0.996414 0.083584
1718924381.660593748 -2.206702 -7.331774 0.108887 0.012217 0.004786 0.996423 0.083483
1718924381.665605783 -2.207882 -7.331355 0.109055 0.012238 0.004751 0.996432 0.083375
1718924381.670594215 -2.209059 -7.330937 0.109223 0.012256 0.004724 0.996442 0.083257
1718924381.675613880 -2.210243 -7.330517 0.109390 0.012265 0.004704 0.996451 0.083142
1718924381.680616856 -2.211425 -7.330097 0.109555 0.012266 0.004699 0.996460 0.083039
1718924381.685609341 -2.212605 -7.329678 0.109718 0.012270 0.004710 0.996468 0.082934
1718924381.690605402 -2.213789 -7.329257 0.109878 0.012271 0.004723 0.996478 0.082817
1718924381.695630789 -2.214982 -7.328832 0.110038 0.012272 0.004742 0.996488 0.082701
1718924381.699904203 -2.215996 -7.328469 0.110171 0.012285 0.004758 0.996495 0.082603
1718924381.699904203 -2.215996 -7.328469 0.110171 0.012285 0.004758 0.996495 0.082603
1718924381.699992895 -2.219882 -7.327880 0.099330 0.010695 0.003373 0.996473 0.083156
1718924381.699992895 -2.219882 -7.327880 0.099330 0.010695 0.003373 0.996473 0.083156
1718924381.700643063 -2.219984 -7.327900 0.099316 0.010697 0.003375 0.996475 0.083141
1718924381.705638409 -2.220771 -7.328049 0.099214 0.010729 0.003389 0.996483 0.083032
1718924381.710592270 -2.221554 -7.328194 0.099111 0.010767 0.003406 0.996492 0.082924
1718924381.715592861 -2.222348 -7.328340 0.099006 0.010802 0.003415 0.996502 0.082802
1718924381.800587177 -2.236431 -7.330686 0.097958 0.011457 0.003594 0.996694 0.080352
1718924381.805582762 -2.237301 -7.330815 0.097890 0.011493 0.003626 0.996706 0.080201
1718924381.810585499 -2.238175 -7.330943 0.097823 0.011535 0.003656 0.996718 0.080046
1718924381.815595627 -2.239051 -7.331071 0.097761 0.011577 0.003667 0.996730 0.079892
1718924381.820602179 -2.239926 -7.331197 0.097704 0.011623 0.003664 0.996742 0.079733
1718924381.825635195 -2.240806 -7.331325 0.097652 0.011659 0.003635 0.996753 0.079588
1718924381.830658436 -2.241684 -7.331453 0.097603 0.011684 0.003601 0.996764 0.079448
1718924381.835587263 -2.242547 -7.331579 0.097554 0.011704 0.003583 0.996775 0.079303
1718924381.840601206 -2.243424 -7.331709 0.097500 0.011723 0.003573 0.996786 0.079161
1718924381.845588446 -2.244296 -7.331838 0.097438 0.011730 0.003574 0.996796 0.079037
1718924381.850596428 -2.245169 -7.331969 0.097368 0.011728 0.003586 0.996805 0.078924
1718924381.855596066 -2.246040 -7.332099 0.097288 0.011730 0.003605 0.996814 0.078816
1718924381.860581398 -2.246910 -7.332226 0.097202 0.011738 0.003622 0.996821 0.078716
1718924381.865585327 -2.247787 -7.332350 0.097111 0.011756 0.003629 0.996828 0.078627
1718924381.870588541 -2.248666 -7.332468 0.097018 0.011777 0.003626 0.996834 0.078556
1718924381.875598669 -2.249549 -7.332582 0.096922 0.011804 0.003616 0.996838 0.078492
1718924381.880595446 -2.250429 -7.332692 0.096825 0.011821 0.003601 0.996843 0.078432
1718924381.885596752 -2.251308 -7.332798 0.096730 0.011833 0.003577 0.996847 0.078373
1718924381.890583754 -2.252184 -7.332900 0.096640 0.011850 0.003551 0.996852 0.078317
1718924381.895580053 -2.253065 -7.332997 0.096558 0.011868 0.003517 0.996856 0.078262
1718924381.900023222 -2.253850 -7.333080 0.096492 0.011882 0.003492 0.996859 0.078224
1718924381.900023222 -2.253850 -7.333080 0.096492 0.011882 0.003492 0.996859 0.078224
1718924381.900624514 -2.253957 -7.333090 0.096481 0.011885 0.003489 0.996859 0.078218
1718924381.905582905 -2.254838 -7.333174 0.096389 0.011909 0.003459 0.996862 0.078181
1718924381.910596609 -2.255728 -7.333255 0.096305 0.011938 0.003417 0.996865 0.078140
1718924381.915596485 -2.256614 -7.333335 0.096230 0.011973 0.003372 0.996868 0.078093
1718924381.950680494 -2.262861 -7.333817 0.095474 0.012043 0.003617 0.996920 0.077410
1718924381.955652952 -2.263752 -7.333877 0.095328 0.012048 0.003654 0.996927 0.077313
1718924381.960624218 -2.264648 -7.333934 0.095176 0.012057 0.003676 0.996934 0.077225
1718924381.965602636 -2.265551 -7.333985 0.095020 0.012064 0.003695 0.996941 0.077132
1718924381.970595360 -2.266459 -7.334033 0.094862 0.012074 0.003705 0.996948 0.077044
1718924381.975595951 -2.267371 -7.334078 0.094703 0.012090 0.003715 0.996955 0.076951
1718924381.980584383 -2.268280 -7.334120 0.094546 0.012099 0.003729 0.996963 0.076846
1718924381.985581160 -2.269191 -7.334159 0.094391 0.012096 0.003752 0.996971 0.076742
1718924381.990652323 -2.270117 -7.334195 0.094239 0.012093 0.003785 0.996978 0.076647
1718924381.995589256 -2.271020 -7.334227 0.094095 0.012088 0.003821 0.996985 0.076557
1718924382.000605583 -2.271941 -7.334255 0.093952 0.012079 0.003856 0.996991 0.076472
1718924382.005639076 -2.272865 -7.334278 0.093812 0.012074 0.003887 0.996997 0.076393
1718924382.010632515 -2.273782 -7.334297 0.093676 0.012075 0.003912 0.997003 0.076317
1718924382.015660524 -2.274707 -7.334313 0.093540 0.012077 0.003931 0.997009 0.076241
1718924382.020596027 -2.275617 -7.334325 0.093408 0.012083 0.003940 0.997014 0.076170
1718924382.025600672 -2.276542 -7.334332 0.093275 0.012093 0.003954 0.997017 0.076120
1718924382.030606747 -2.277469 -7.334335 0.093143 0.012111 0.003968 0.997021 0.076074
1718924382.035588026 -2.278392 -7.334335 0.093012 0.012138 0.003973 0.997024 0.076023
1718924382.040578842 -2.279316 -7.334334 0.092882 0.012162 0.003981 0.997028 0.075969
1718924382.045641661 -2.280255 -7.334332 0.092752 0.012187 0.003981 0.997032 0.075914
1718924382.050627947 -2.281179 -7.334328 0.092629 0.012215 0.003968 0.997035 0.075871
1718924382.055586576 -2.282100 -7.334325 0.092511 0.012244 0.003947 0.997038 0.075827
1718924382.060579538 -2.283030 -7.334322 0.092395 0.012266 0.003918 0.997041 0.075784
1718924382.065625668 -2.283970 -7.334323 0.092277 0.012285 0.003891 0.997044 0.075748
1718924382.070588827 -2.284894 -7.334326 0.092160 0.012299 0.003858 0.997046 0.075721
1718924382.075636148 -2.285835 -7.334332 0.092041 0.012312 0.003822 0.997048 0.075696
1718924382.080620527 -2.286767 -7.334342 0.091920 0.012334 0.003806 0.997050 0.075656
1718924382.085616350 -2.287705 -7.334357 0.091794 0.012367 0.003809 0.997055 0.075593
1718924382.090582848 -2.288641 -7.334375 0.091663 0.012394 0.003821 0.997059 0.075535
1718924382.095578671 -2.289583 -7.334396 0.091525 0.012402 0.003833 0.997063 0.075482
1718924382.099977255 -2.290412 -7.334416 0.091399 0.012405 0.003844 0.997066 0.075434
1718924382.099977255 -2.290412 -7.334416 0.091399 0.012405 0.003844 0.997066 0.075434
1718924382.100588322 -2.290527 -7.334419 0.091381 0.012405 0.003846 0.997067 0.075427
1718924382.105579615 -2.291467 -7.334447 0.091232 0.012399 0.003859 0.997070 0.075379
1718924382.110589743 -2.292412 -7.334476 0.091079 0.012391 0.003855 0.997074 0.075336
1718924382.115600348 -2.293360 -7.334507 0.090926 0.012394 0.003842 0.997077 0.075290
1718924382.199978113 -2.309519 -7.334344 0.088536 0.012326 0.003977 0.997175 0.073993
1718924382.199978113 -2.309519 -7.334344 0.088536 0.012326 0.003977 0.997175 0.073993
1718924382.235663176 -2.316388 -7.333900 0.087833 0.012300 0.004038 0.997214 0.073459
1718924382.240591049 -2.317340 -7.333819 0.087753 0.012296 0.004043 0.997220 0.073383
1718924382.245588541 -2.318307 -7.333733 0.087674 0.012298 0.004047 0.997225 0.073307
1718924382.250660658 -2.319291 -7.333640 0.087596 0.012301 0.004051 0.997231 0.073230
1718924382.255635500 -2.320258 -7.333544 0.087521 0.012302 0.004050 0.997236 0.073160
1718924382.260604143 -2.321224 -7.333444 0.087444 0.012302 0.004047 0.997240 0.073101
1718924382.265634775 -2.322202 -7.333338 0.087364 0.012305 0.004039 0.997244 0.073055
1718924382.270638704 -2.323176 -7.333227 0.087280 0.012304 0.004038 0.997248 0.073005
1718924382.275633335 -2.324149 -7.333111 0.087193 0.012304 0.004039 0.997251 0.072953
1718924382.280585051 -2.325116 -7.332991 0.087104 0.012309 0.004046 0.997254 0.072920
1718924382.285582304 -2.326093 -7.332865 0.087010 0.012316 0.004059 0.997255 0.072900
1718924382.290660858 -2.327089 -7.332733 0.086913 0.012315 0.004076 0.997257 0.072878
1718924382.295582533 -2.328055 -7.332601 0.086817 0.012315 0.004090 0.997258 0.072857
1718924382.299990177 -2.328922 -7.332479 0.086731 0.012321 0.004112 0.997259 0.072838
1718924382.299990177 -2.328922 -7.332479 0.086731 0.012321 0.004112 0.997259 0.072838
1718924382.300623894 -2.329046 -7.332461 0.086719 0.012321 0.004116 0.997259 0.072835
1718924382.305584908 -2.330022 -7.332318 0.086621 0.012328 0.004145 0.997261 0.072816
1718924382.310574293 -2.331006 -7.332169 0.086524 0.012331 0.004169 0.997262 0.072796
1718924382.315584898 -2.331996 -7.332012 0.086429 0.012328 0.004188 0.997263 0.072785
1718924382.365627289 -2.342002 -7.330290 0.085264 0.012257 0.004343 0.997264 0.072774
1718924382.370588064 -2.343003 -7.330104 0.085142 0.012255 0.004356 0.997263 0.072777
1718924382.375624180 -2.344022 -7.329912 0.085018 0.012260 0.004365 0.997263 0.072785
1718924382.380581617 -2.345028 -7.329719 0.084896 0.012263 0.004369 0.997262 0.072795
1718924382.385646582 -2.346058 -7.329520 0.084771 0.012263 0.004372 0.997260 0.072818
1718924382.390621901 -2.347071 -7.329320 0.084650 0.012263 0.004359 0.997258 0.072850
1718924382.395587683 -2.348083 -7.329114 0.084531 0.012263 0.004327 0.997256 0.072880
1718924382.399983168 -2.348979 -7.328929 0.084427 0.012257 0.004291 0.997253 0.072918
1718924382.399983168 -2.348979 -7.328929 0.084427 0.012257 0.004291 0.997253 0.072918
1718924382.400585413 -2.349102 -7.328903 0.084412 0.012256 0.004286 0.997253 0.072924
1718924382.405584335 -2.350127 -7.328692 0.084289 0.012242 0.004253 0.997248 0.072992
1718924382.410590887 -2.351156 -7.328479 0.084167 0.012229 0.004231 0.997243 0.073071
1718924382.415639162 -2.352197 -7.328263 0.084045 0.012219 0.004221 0.997237 0.073147
1718924382.420612574 -2.353225 -7.328048 0.083922 0.012201 0.004227 0.997232 0.073220
1718924382.425634146 -2.354265 -7.327829 0.083795 0.012179 0.004236 0.997226 0.073314
1718924382.430601835 -2.355295 -7.327611 0.083667 0.012155 0.004248 0.997219 0.073408
1718924382.435594559 -2.356334 -7.327390 0.083534 0.012133 0.004263 0.997212 0.073509
1718924382.440634489 -2.357387 -7.327165 0.083398 0.012112 0.004270 0.997204 0.073609
1718924382.445599079 -2.358425 -7.326941 0.083261 0.012090 0.004258 0.997197 0.073713
1718924382.450670958 -2.359488 -7.326710 0.083120 0.012069 0.004237 0.997189 0.073827
1718924382.455602169 -2.360523 -7.326485 0.082980 0.012042 0.004220 0.997181 0.073937
1718924382.460580587 -2.361572 -7.326256 0.082836 0.012008 0.004207 0.997174 0.074036
1718924382.465617180 -2.362634 -7.326022 0.082688 0.011976 0.004200 0.997168 0.074132
1718924382.470636368 -2.363695 -7.325789 0.082538 0.011946 0.004207 0.997161 0.074231
1718924382.475577354 -2.364740 -7.325559 0.082389 0.011919 0.004221 0.997154 0.074322
1718924382.480648518 -2.365815 -7.325322 0.082236 0.011891 0.004243 0.997148 0.074401
1718924382.485656261 -2.366880 -7.325086 0.082084 0.011859 0.004262 0.997144 0.074469
1718924382.490669250 -2.367951 -7.324847 0.081932 0.011825 0.004273 0.997139 0.074536
1718924382.495627403 -2.369015 -7.324606 0.081783 0.011792 0.004271 0.997135 0.074593
1718924382.499986172 -2.369955 -7.324392 0.081651 0.011759 0.004266 0.997133 0.074630
1718924382.499986172 -2.369955 -7.324392 0.081651 0.011759 0.004266 0.997133 0.074630
1718924382.500570059 -2.370081 -7.324363 0.081634 0.011755 0.004264 0.997133 0.074635
1718924382.505619287 -2.371173 -7.324110 0.081484 0.011716 0.004253 0.997131 0.074663
1718924382.510611773 -2.372258 -7.323856 0.081333 0.011667 0.004240 0.997129 0.074698
1718924382.599994183 -2.393157 -7.317474 0.080946 0.010212 0.005592 0.996894 0.077890
1718924382.599994183 -2.393157 -7.317474 0.080946 0.010212 0.005592 0.996894 0.077890
1718924382.615643740 -2.397117 -7.315976 0.081339 0.009949 0.005840 0.996850 0.078461
1718924382.620594740 -2.398388 -7.315478 0.081500 0.009898 0.005884 0.996837 0.078633
1718924382.625596285 -2.399679 -7.314968 0.081681 0.009860 0.005905 0.996823 0.078809
1718924382.630577564 -2.400969 -7.314453 0.081877 0.009820 0.005912 0.996810 0.078989
1718924382.635603666 -2.402273 -7.313930 0.082086 0.009788 0.005913 0.996795 0.079174
1718924382.640590668 -2.403567 -7.313410 0.082299 0.009746 0.005922 0.996782 0.079349
1718924382.645596504 -2.404868 -7.312887 0.082516 0.009689 0.005948 0.996769 0.079513
1718924382.650574684 -2.406164 -7.312367 0.082732 0.009627 0.005978 0.996755 0.079688
1718924382.655573606 -2.407468 -7.311847 0.082950 0.009558 0.006003 0.996742 0.079856
1718924382.660580635 -2.408778 -7.311330 0.083168 0.009491 0.006014 0.996730 0.080013
1718924382.665577650 -2.410088 -7.310821 0.083385 0.009427 0.006010 0.996718 0.080173
1718924382.670592070 -2.411404 -7.310317 0.083604 0.009370 0.005989 0.996706 0.080329
1718924382.675580025 -2.412715 -7.309823 0.083821 0.009321 0.005956 0.996695 0.080478
1718924382.680593014 -2.414035 -7.309337 0.084039 0.009283 0.005930 0.996684 0.080622
1718924382.685613632 -2.415359 -7.308862 0.084255 0.009249 0.005908 0.996673 0.080760
1718924382.690569878 -2.416665 -7.308404 0.084464 0.009206 0.005871 0.996663 0.080891
1718924382.695574760 -2.417984 -7.307954 0.084671 0.009155 0.005818 0.996653 0.081024
1718924382.699902058 -2.419125 -7.307576 0.084849 0.009113 0.005766 0.996644 0.081139
1718924382.699902058 -2.419125 -7.307576 0.084849 0.009113 0.005766 0.996644 0.081139
1718924382.700571775 -2.419301 -7.307518 0.084877 0.009107 0.005758 0.996643 0.081156
1718924382.705614090 -2.420632 -7.307093 0.085087 0.009069 0.005693 0.996633 0.081288
1718924382.710571527 -2.421943 -7.306691 0.085295 0.009038 0.005619 0.996624 0.081414
1718924382.715578318 -2.423269 -7.306302 0.085506 0.009009 0.005537 0.996614 0.081541
1718924382.799997330 -2.446330 -7.301537 0.091104 0.007901 0.001639 0.996847 0.078931
1718924382.799997330 -2.446330 -7.301537 0.091104 0.007901 0.001639 0.996847 0.078931
1718924382.810569763 -2.449322 -7.301190 0.092094 0.007762 0.001148 0.996875 0.078606
1718924382.815594673 -2.450756 -7.301044 0.092595 0.007742 0.000960 0.996887 0.078455
1718924382.820609808 -2.452195 -7.300904 0.093122 0.007782 0.000841 0.996898 0.078310
1718924382.825652599 -2.453647 -7.300763 0.093679 0.007863 0.000780 0.996908 0.078177
1718924382.830617428 -2.455071 -7.300621 0.094245 0.007939 0.000736 0.996917 0.078063
1718924382.835576534 -2.456485 -7.300470 0.094816 0.007980 0.000660 0.996924 0.077969
1718924382.840574265 -2.457903 -7.300304 0.095386 0.007986 0.000536 0.996929 0.077900
1718924382.845568895 -2.459319 -7.300119 0.095945 0.007965 0.000377 0.996932 0.077863
1718924382.850623608 -2.460754 -7.299909 0.096498 0.007932 0.000191 0.996934 0.077846
1718924382.855573177 -2.462165 -7.299680 0.097026 0.007902 0.000019 0.996934 0.077841
1718924382.860582352 -2.463598 -7.299423 0.097551 0.007880 -0.000129 0.996934 0.077853
1718924382.865578651 -2.465032 -7.299140 0.098068 0.007871 -0.000246 0.996931 0.077884
1718924382.870570660 -2.466467 -7.298830 0.098579 0.007875 -0.000324 0.996928 0.077927
1718924382.875624418 -2.467919 -7.298485 0.099093 0.007895 -0.000372 0.996924 0.077979
1718924382.880589247 -2.469344 -7.298116 0.099595 0.007916 -0.000414 0.996918 0.078047
1718924382.885630131 -2.470786 -7.297709 0.100102 0.007923 -0.000473 0.996911 0.078135
1718924382.890564919 -2.472197 -7.297277 0.100596 0.007914 -0.000540 0.996904 0.078228
1718924382.895611286 -2.473637 -7.296803 0.101100 0.007903 -0.000618 0.996897 0.078317
1718924382.899985075 -2.474886 -7.296366 0.101537 0.007886 -0.000688 0.996891 0.078396
1718924382.899985075 -2.474886 -7.296366 0.101537 0.007886 -0.000688 0.996891 0.078396
1718924382.900017262 -2.477759 -7.297570 0.063351 0.008710 -0.001303 0.996654 0.081261
1718924382.900017262 -2.477759 -7.297570 0.063351 0.008710 -0.001303 0.996654 0.081261
1718924382.900619507 -2.477875 -7.297541 0.063375 0.008708 -0.001313 0.996653 0.081272
1718924382.905575514 -2.478832 -7.297285 0.063569 0.008689 -0.001382 0.996645 0.081368
1718924382.910571098 -2.479797 -7.297001 0.063765 0.008678 -0.001417 0.996638 0.081459
1718924382.980592966 -2.493282 -7.293439 0.066727 0.008901 -0.000234 0.996690 0.080806
1718924383.005579948 -2.498103 -7.292567 0.067886 0.009020 0.000095 0.996706 0.080595
1718924383.015599489 -2.500049 -7.292311 0.068356 0.009044 0.000194 0.996711 0.080526
1718924383.020672083 -2.501034 -7.292203 0.068595 0.009042 0.000243 0.996713 0.080501
1718924383.025607586 -2.501992 -7.292112 0.068828 0.009035 0.000274 0.996713 0.080505
1718924383.030591249 -2.502960 -7.292034 0.069063 0.009028 0.000291 0.996712 0.080515
1718924383.035593271 -2.503935 -7.291970 0.069298 0.009024 0.000303 0.996711 0.080536
1718924383.040571213 -2.504910 -7.291920 0.069533 0.009032 0.000320 0.996709 0.080563
1718924383.045583725 -2.505893 -7.291883 0.069767 0.009044 0.000336 0.996705 0.080605
1718924383.050585985 -2.506874 -7.291859 0.069999 0.009050 0.000345 0.996699 0.080673
1718924383.055566311 -2.507852 -7.291848 0.070228 0.009057 0.000346 0.996694 0.080739
1718924383.060612917 -2.508844 -7.291848 0.070459 0.009070 0.000333 0.996690 0.080794
1718924383.065577745 -2.509823 -7.291860 0.070687 0.009079 0.000303 0.996685 0.080854
1718924383.070572376 -2.510810 -7.291880 0.070918 0.009094 0.000258 0.996679 0.080923
1718924383.075571060 -2.511800 -7.291910 0.071151 0.009114 0.000204 0.996673 0.080996
1718924383.080572844 -2.512792 -7.291947 0.071385 0.009134 0.000157 0.996666 0.081075
1718924383.085576534 -2.513784 -7.291992 0.071620 0.009148 0.000113 0.996660 0.081151
1718924383.090583086 -2.514778 -7.292044 0.071857 0.009155 0.000070 0.996655 0.081210
1718924383.095569611 -2.515771 -7.292099 0.072094 0.009168 0.000041 0.996651 0.081259
1718924383.099986076 -2.516654 -7.292149 0.072304 0.009179 0.000020 0.996648 0.081298
1718924383.099986076 -2.516654 -7.292149 0.072304 0.009179 0.000020 0.996648 0.081298
1718924383.100567579 -2.516770 -7.292156 0.072332 0.009180 0.000017 0.996647 0.081303
1718924383.105569124 -2.517770 -7.292215 0.072570 0.009190 -0.000010 0.996644 0.081340
1718924383.110576868 -2.518772 -7.292272 0.072806 0.009198 -0.000058 0.996642 0.081368
1718924383.115580797 -2.519774 -7.292327 0.073039 0.009189 -0.000118 0.996640 0.081386
1718924383.195580244 -2.535892 -7.291845 0.076441 0.009183 0.000367 0.996691 0.080765
1718924383.199997187 -2.536788 -7.291741 0.076613 0.009175 0.000398 0.996693 0.080736
1718924383.199997187 -2.536788 -7.291741 0.076613 0.009175 0.000398 0.996693 0.080736
1718924383.200568438 -2.536904 -7.291727 0.076635 0.009175 0.000402 0.996694 0.080732
1718924383.205569267 -2.537918 -7.291598 0.076827 0.009173 0.000430 0.996696 0.080701
1718924383.210624933 -2.538944 -7.291459 0.077018 0.009168 0.000459 0.996698 0.080677
1718924383.215591669 -2.539954 -7.291315 0.077206 0.009168 0.000485 0.996699 0.080667
1718924383.220605373 -2.540974 -7.291161 0.077395 0.009173 0.000517 0.996699 0.080665
1718924383.225594521 -2.541990 -7.291001 0.077585 0.009184 0.000548 0.996699 0.080666
1718924383.230576277 -2.543004 -7.290836 0.077778 0.009197 0.000576 0.996698 0.080670
1718924383.235573769 -2.544020 -7.290668 0.077973 0.009201 0.000603 0.996698 0.080669
1718924383.240589619 -2.545040 -7.290497 0.078171 0.009200 0.000625 0.996697 0.080679
1718924383.245590210 -2.546057 -7.290326 0.078370 0.009208 0.000650 0.996696 0.080702
1718924383.250639439 -2.547086 -7.290153 0.078571 0.009217 0.000678 0.996693 0.080734
1718924383.255591154 -2.548096 -7.289986 0.078766 0.009223 0.000705 0.996691 0.080759
1718924383.260586500 -2.549116 -7.289820 0.078962 0.009229 0.000738 0.996689 0.080777
1718924383.265606165 -2.550141 -7.289657 0.079157 0.009227 0.000769 0.996687 0.080803
1718924383.270589352 -2.551160 -7.289500 0.079348 0.009227 0.000797 0.996685 0.080831
1718924383.275566578 -2.552180 -7.289348 0.079537 0.009233 0.000830 0.996682 0.080860
1718924383.280574560 -2.553210 -7.289201 0.079725 0.009237 0.000876 0.996680 0.080889
1718924383.285618067 -2.554250 -7.289057 0.079913 0.009244 0.000916 0.996678 0.080914
1718924383.290571690 -2.555272 -7.288921 0.080096 0.009245 0.000945 0.996677 0.080927
1718924383.295623779 -2.556315 -7.288787 0.080279 0.009241 0.000964 0.996675 0.080945
1718924383.299994230 -2.557219 -7.288676 0.080437 0.009236 0.000980 0.996674 0.080964
1718924383.299994230 -2.557219 -7.288676 0.080437 0.009236 0.000980 0.996674 0.080964
1718924383.300575495 -2.557339 -7.288662 0.080458 0.009235 0.000982 0.996674 0.080967
1718924383.305581570 -2.558376 -7.288542 0.080641 0.009230 0.001011 0.996673 0.080979
1718924383.310585737 -2.559418 -7.288427 0.080826 0.009231 0.001042 0.996672 0.080987
1718924383.375579119 -2.573255 -7.286761 0.083114 0.009316 0.000936 0.996689 0.080762
1718924383.399993181 -2.578524 -7.286014 0.083960 0.009374 0.000759 0.996686 0.080796
1718924383.399993181 -2.578524 -7.286014 0.083960 0.009374 0.000759 0.996686 0.080796
1718924383.405584335 -2.579722 -7.285835 0.084153 0.009393 0.000714 0.996685 0.080807
1718924383.410577059 -2.580788 -7.285673 0.084323 0.009399 0.000682 0.996684 0.080825
1718924383.415582418 -2.581854 -7.285509 0.084492 0.009394 0.000648 0.996683 0.080838
1718924383.420588255 -2.582918 -7.285342 0.084659 0.009388 0.000619 0.996682 0.080850
1718924383.425582170 -2.583980 -7.285173 0.084824 0.009389 0.000591 0.996680 0.080871
1718924383.430595875 -2.585049 -7.285002 0.084988 0.009393 0.000568 0.996678 0.080894
1718924383.435589552 -2.586115 -7.284829 0.085150 0.009406 0.000550 0.996676 0.080915
1718924383.440598965 -2.587184 -7.284653 0.085310 0.009421 0.000534 0.996674 0.080942
1718924383.445578337 -2.588245 -7.284476 0.085467 0.009436 0.000508 0.996672 0.080961
1718924383.450569630 -2.589307 -7.284296 0.085623 0.009446 0.000479 0.996672 0.080971
1718924383.455584049 -2.590374 -7.284114 0.085780 0.009461 0.000451 0.996670 0.080987
1718924383.460570335 -2.591433 -7.283930 0.085937 0.009483 0.000428 0.996668 0.081010
1718924383.465584278 -2.592499 -7.283744 0.086097 0.009505 0.000406 0.996666 0.081033
1718924383.470644951 -2.593572 -7.283556 0.086261 0.009523 0.000389 0.996664 0.081056
1718924383.475625277 -2.594627 -7.283369 0.086425 0.009539 0.000369 0.996662 0.081073
1718924383.480589867 -2.595678 -7.283182 0.086591 0.009558 0.000348 0.996661 0.081090
1718924383.485601425 -2.596740 -7.282994 0.086759 0.009583 0.000324 0.996660 0.081097
1718924383.490605116 -2.597800 -7.282805 0.086926 0.009603 0.000305 0.996660 0.081094
1718924383.495616913 -2.598864 -7.282616 0.087094 0.009621 0.000295 0.996660 0.081089
1718924383.500005245 -2.599795 -7.282450 0.087239 0.009637 0.000289 0.996661 0.081084
1718924383.500005245 -2.599795 -7.282450 0.087239 0.009637 0.000289 0.996661 0.081084
1718924383.500613689 -2.599924 -7.282427 0.087259 0.009639 0.000289 0.996661 0.081083
1718924383.505572081 -2.600974 -7.282240 0.087423 0.009650 0.000290 0.996661 0.081073
1718924383.510583639 -2.602035 -7.282050 0.087588 0.009665 0.000293 0.996663 0.081057
1718924383.515605211 -2.603101 -7.281858 0.087753 0.009682 0.000293 0.996664 0.081039
1718924383.595628500 -2.620194 -7.278650 0.090023 0.010075 0.000173 0.996616 0.081576
1718924383.600000143 -2.621133 -7.278463 0.090134 0.010091 0.000175 0.996614 0.081606
1718924383.600000143 -2.621133 -7.278463 0.090134 0.010091 0.000175 0.996614 0.081606
1718924383.600579977 -2.621258 -7.278439 0.090148 0.010094 0.000174 0.996613 0.081610
1718924383.605626106 -2.622344 -7.278225 0.090272 0.010118 0.000168 0.996609 0.081654
1718924383.610612869 -2.623418 -7.278013 0.090394 0.010133 0.000164 0.996606 0.081689
1718924383.615635872 -2.624500 -7.277799 0.090515 0.010148 0.000147 0.996604 0.081715
1718924383.620696068 -2.625590 -7.277583 0.090637 0.010161 0.000131 0.996602 0.081744
1718924383.625621319 -2.626653 -7.277373 0.090757 0.010175 0.000117 0.996599 0.081771
1718924383.630606651 -2.627731 -7.277160 0.090881 0.010195 0.000101 0.996597 0.081795
1718924383.635591507 -2.628812 -7.276947 0.091008 0.010217 0.000083 0.996595 0.081817
1718924383.640583515 -2.629897 -7.276737 0.091137 0.010235 0.000070 0.996594 0.081829
1718924383.645590067 -2.630986 -7.276527 0.091267 0.010259 0.000051 0.996593 0.081834
1718924383.650594234 -2.632076 -7.276320 0.091397 0.010281 0.000035 0.996593 0.081836
1718924383.655575514 -2.633162 -7.276116 0.091525 0.010296 0.000025 0.996592 0.081840
1718924383.660662174 -2.634274 -7.275909 0.091655 0.010308 0.000012 0.996592 0.081837
1718924383.665596962 -2.635357 -7.275710 0.091781 0.010329 0.000008 0.996593 0.081828
1718924383.670644999 -2.636469 -7.275507 0.091909 0.010354 0.000005 0.996594 0.081813
1718924383.675605774 -2.637566 -7.275308 0.092034 0.010377 0.000003 0.996596 0.081787
1718924383.680639505 -2.638681 -7.275106 0.092161 0.010402 0.000007 0.996598 0.081762
1718924383.685595036 -2.639780 -7.274906 0.092285 0.010419 0.000015 0.996598 0.081752
1718924383.690593243 -2.640890 -7.274703 0.092409 0.010435 0.000018 0.996599 0.081744
1718924383.695629120 -2.642010 -7.274496 0.092535 0.010445 0.000017 0.996601 0.081715
1718924383.699898005 -2.642960 -7.274319 0.092643 0.010450 0.000017 0.996603 0.081686
1718924383.699898005 -2.642960 -7.274319 0.092643 0.010450 0.000017 0.996603 0.081686
1718924383.700586796 -2.643114 -7.274290 0.092660 0.010450 0.000018 0.996604 0.081680
1718924383.705587626 -2.644227 -7.274080 0.092791 0.010445 0.000034 0.996606 0.081649
1718924383.710590839 -2.645342 -7.273868 0.092922 0.010437 0.000052 0.996609 0.081623
1718924383.715648890 -2.646470 -7.273649 0.093056 0.010437 0.000069 0.996610 0.081600
1718924383.799997091 -2.665186 -7.270472 0.095036 0.010836 -0.000028 0.996569 0.082052
1718924383.799997091 -2.665186 -7.270472 0.095036 0.010836 -0.000028 0.996569 0.082052
1718924383.820621729 -2.669717 -7.269874 0.095406 0.010980 -0.000089 0.996556 0.082191
1718924383.825599670 -2.670812 -7.269733 0.095503 0.010995 -0.000089 0.996555 0.082207
1718924383.830587626 -2.671910 -7.269594 0.095598 0.011016 -0.000090 0.996554 0.082215
1718924383.835645437 -2.673024 -7.269457 0.095694 0.011039 -0.000098 0.996553 0.082218
1718924383.840635538 -2.674125 -7.269326 0.095788 0.011059 -0.000107 0.996553 0.082221
1718924383.845594883 -2.675221 -7.269200 0.095881 0.011081 -0.000109 0.996552 0.082228
1718924383.850630522 -2.676334 -7.269077 0.095975 0.011104 -0.000110 0.996552 0.082219
1718924383.855632782 -2.677440 -7.268959 0.096068 0.011128 -0.000108 0.996553 0.082206
1718924383.860638142 -2.678549 -7.268845 0.096161 0.011155 -0.000112 0.996554 0.082193
1718924383.865597725 -2.679649 -7.268736 0.096255 0.011179 -0.000122 0.996555 0.082179
1718924383.870596886 -2.680759 -7.268628 0.096350 0.011209 -0.000130 0.996557 0.082154
1718924383.875641823 -2.681881 -7.268524 0.096450 0.011238 -0.000135 0.996559 0.082121
1718924383.880602121 -2.682986 -7.268425 0.096550 0.011265 -0.000145 0.996561 0.082092
1718924383.885601282 -2.684100 -7.268328 0.096654 0.011293 -0.000155 0.996563 0.082065
1718924383.890586138 -2.685213 -7.268233 0.096760 0.011322 -0.000173 0.996565 0.082036
1718924383.895582676 -2.686329 -7.268139 0.096867 0.011350 -0.000195 0.996568 0.082002
1718924383.900015116 -2.687320 -7.268058 0.096963 0.011376 -0.000215 0.996570 0.081963
1718924383.900015116 -2.687320 -7.268058 0.096963 0.011376 -0.000215 0.996570 0.081963
1718924383.900588036 -2.687448 -7.268048 0.096976 0.011379 -0.000217 0.996571 0.081958
1718924383.905624151 -2.688574 -7.267957 0.097092 0.011397 -0.000230 0.996574 0.081920
1718924383.910627365 -2.689693 -7.267867 0.097206 0.011409 -0.000239 0.996576 0.081892
1718924383.915616512 -2.690810 -7.267778 0.097318 0.011418 -0.000255 0.996577 0.081873
1718924383.985633135 -2.706400 -7.266142 0.098750 0.011873 -0.000356 0.996545 0.082199
1718924383.990589142 -2.707496 -7.265989 0.098839 0.011878 -0.000355 0.996544 0.082210
1718924383.995621681 -2.708609 -7.265829 0.098928 0.011883 -0.000353 0.996543 0.082221
1718924384.000587940 -2.709709 -7.265667 0.099014 0.011891 -0.000344 0.996543 0.082228
1718924384.005586863 -2.710818 -7.265501 0.099100 0.011902 -0.000331 0.996543 0.082223
1718924384.010587215 -2.711929 -7.265329 0.099186 0.011922 -0.000328 0.996543 0.082222
1718924384.015596390 -2.713044 -7.265154 0.099271 0.011944 -0.000314 0.996543 0.082218
1718924384.020678043 -2.714175 -7.264972 0.099356 0.011967 -0.000285 0.996543 0.082210
1718924384.025608063 -2.715272 -7.264793 0.099437 0.011987 -0.000251 0.996544 0.082197
1718924384.030601501 -2.716382 -7.264608 0.099518 0.012007 -0.000216 0.996544 0.082189
1718924384.035646200 -2.717503 -7.264417 0.099600 0.012030 -0.000186 0.996545 0.082175
1718924384.040640354 -2.718615 -7.264224 0.099683 0.012053 -0.000161 0.996546 0.082157
1718924384.045669794 -2.719738 -7.264026 0.099769 0.012067 -0.000143 0.996547 0.082154
1718924384.050601959 -2.720839 -7.263828 0.099856 0.012081 -0.000133 0.996546 0.082157
1718924384.055635929 -2.721964 -7.263625 0.099947 0.012092 -0.000126 0.996547 0.082151
1718924384.060583591 -2.723070 -7.263425 0.100038 0.012106 -0.000111 0.996547 0.082139
1718924384.065629721 -2.724198 -7.263219 0.100131 0.012119 -0.000090 0.996548 0.082130
1718924384.070588350 -2.725308 -7.263015 0.100221 0.012129 -0.000072 0.996547 0.082138
1718924384.075588942 -2.726428 -7.262809 0.100311 0.012134 -0.000057 0.996546 0.082157
1718924384.080585957 -2.727548 -7.262604 0.100399 0.012132 -0.000039 0.996543 0.082182
1718924384.085587978 -2.728671 -7.262400 0.100483 0.012134 -0.000023 0.996542 0.082204
1718924384.090626001 -2.729802 -7.262196 0.100566 0.012138 -0.000014 0.996539 0.082230
1718924384.095622540 -2.730924 -7.261996 0.100646 0.012146 -0.000001 0.996538 0.082248
1718924384.099997997 -2.731909 -7.261823 0.100715 0.012162 0.000015 0.996536 0.082268
1718924384.099997997 -2.731909 -7.261823 0.100715 0.012162 0.000015 0.996536 0.082268
1718924384.100627184 -2.732050 -7.261798 0.100726 0.012163 0.000017 0.996536 0.082271
1718924384.105623007 -2.733173 -7.261607 0.100811 0.012180 0.000036 0.996532 0.082311
1718924384.110588789 -2.734288 -7.261420 0.100896 0.012192 0.000062 0.996530 0.082339
1718924384.115644693 -2.735423 -7.261231 0.100982 0.012205 0.000089 0.996528 0.082361
1718924384.199993134 -2.753489 -7.258277 0.102608 0.012619 -0.000440 0.996502 0.082614
1718924384.199993134 -2.753489 -7.258277 0.102608 0.012619 -0.000440 0.996502 0.082614
1718924384.205638885 -2.754642 -7.258085 0.102726 0.012647 -0.000476 0.996500 0.082632
1718924384.210587740 -2.755647 -7.257917 0.102833 0.012666 -0.000509 0.996499 0.082638
1718924384.215600252 -2.756662 -7.257747 0.102943 0.012680 -0.000535 0.996498 0.082651
1718924384.220603704 -2.757669 -7.257577 0.103054 0.012705 -0.000562 0.996496 0.082668
1718924384.225607634 -2.758670 -7.257407 0.103165 0.012723 -0.000586 0.996493 0.082696
1718924384.230665207 -2.759672 -7.257236 0.103275 0.012744 -0.000602 0.996490 0.082730
1718924384.235605955 -2.760642 -7.257070 0.103382 0.012764 -0.000616 0.996488 0.082754
1718924384.240596294 -2.761615 -7.256904 0.103488 0.012790 -0.000641 0.996485 0.082782
1718924384.245634556 -2.762592 -7.256736 0.103594 0.012822 -0.000667 0.996481 0.082826
1718924384.250584602 -2.763550 -7.256571 0.103696 0.012858 -0.000693 0.996477 0.082867
1718924384.255629778 -2.764522 -7.256403 0.103798 0.012903 -0.000719 0.996474 0.082899
1718924384.260585546 -2.765473 -7.256238 0.103894 0.012945 -0.000747 0.996471 0.082930
1718924384.265648842 -2.766441 -7.256070 0.103990 0.012987 -0.000776 0.996467 0.082969
1718924384.270660639 -2.767392 -7.255903 0.104081 0.013022 -0.000794 0.996464 0.083002
1718924384.275669098 -2.768339 -7.255737 0.104170 0.013059 -0.000802 0.996461 0.083037
1718924384.280585766 -2.769265 -7.255573 0.104257 0.013095 -0.000809 0.996458 0.083059
1718924384.285640478 -2.770217 -7.255402 0.104349 0.013137 -0.000830 0.996456 0.083075
1718924384.290589333 -2.771145 -7.255234 0.104443 0.013176 -0.000853 0.996455 0.083082
1718924384.295621395 -2.772083 -7.255063 0.104541 0.013208 -0.000873 0.996454 0.083087
1718924384.299987078 -2.772892 -7.254914 0.104629 0.013223 -0.000885 0.996454 0.083092
1718924384.299987078 -2.772892 -7.254914 0.104629 0.013223 -0.000885 0.996454 0.083092
1718924384.300584793 -2.773002 -7.254894 0.104644 0.013224 -0.000886 0.996454 0.083092
1718924384.305579185 -2.773919 -7.254725 0.104772 0.013241 -0.000912 0.996454 0.083083
1718924384.310583591 -2.774831 -7.254558 0.104904 0.013255 -0.000940 0.996455 0.083074
1718924384.315660715 -2.775750 -7.254389 0.105039 0.013270 -0.000958 0.996454 0.083076
1718924384.399981022 -2.790710 -7.251571 0.107406 0.014477 -0.002955 0.996759 0.079080
1718924384.399981022 -2.790710 -7.251571 0.107406 0.014477 -0.002955 0.996759 0.079080
1718924384.405579805 -2.791694 -7.251376 0.107578 0.014557 -0.003089 0.996778 0.078815
1718924384.410616398 -2.792578 -7.251201 0.107733 0.014631 -0.003238 0.996796 0.078574
1718924384.415594578 -2.793450 -7.251031 0.107885 0.014703 -0.003391 0.996813 0.078331
1718924384.420612097 -2.794329 -7.250864 0.108035 0.014776 -0.003531 0.996830 0.078091
1718924384.425706863 -2.795220 -7.250699 0.108182 0.014850 -0.003661 0.996848 0.077844
1718924384.430738688 -2.796097 -7.250541 0.108323 0.014925 -0.003784 0.996865 0.077609
1718924384.435651302 -2.796954 -7.250389 0.108457 0.015002 -0.003903 0.996881 0.077388
1718924384.440592289 -2.797819 -7.250239 0.108590 0.015081 -0.004007 0.996896 0.077172
1718924384.445598125 -2.798700 -7.250088 0.108722 0.015163 -0.004087 0.996910 0.076960
1718924384.450580597 -2.799579 -7.249939 0.108852 0.015245 -0.004141 0.996924 0.076760
1718924384.455587864 -2.800466 -7.249789 0.108981 0.015320 -0.004178 0.996938 0.076568
1718924384.460581303 -2.801354 -7.249641 0.109108 0.015390 -0.004195 0.996950 0.076392
1718924384.465582371 -2.802246 -7.249494 0.109230 0.015452 -0.004183 0.996963 0.076218
1718924384.470597982 -2.803145 -7.249347 0.109349 0.015504 -0.004153 0.996975 0.076053
1718924384.475626230 -2.804052 -7.249200 0.109463 0.015558 -0.004105 0.996986 0.075895
1718924384.480663776 -2.804963 -7.249053 0.109573 0.015620 -0.004047 0.996997 0.075741
1718924384.485580444 -2.805855 -7.248907 0.109676 0.015676 -0.003989 0.997007 0.075600
1718924384.490585566 -2.806767 -7.248755 0.109778 0.015728 -0.003933 0.997017 0.075466
1718924384.495579481 -2.807682 -7.248599 0.109876 0.015775 -0.003892 0.997025 0.075342
1718924384.499998093 -2.808497 -7.248457 0.109962 0.015812 -0.003880 0.997033 0.075235
1718924384.499998093 -2.808497 -7.248457 0.109962 0.015812 -0.003880 0.997033 0.075235
1718924384.500574589 -2.808603 -7.248438 0.109974 0.015816 -0.003878 0.997034 0.075220
1718924384.505619764 -2.809534 -7.248272 0.110082 0.015848 -0.003893 0.997043 0.075097
1718924384.510580778 -2.810455 -7.248104 0.110188 0.015886 -0.003926 0.997051 0.074971
1718924384.515643358 -2.811400 -7.247928 0.110293 0.015920 -0.003962 0.997060 0.074851
1718924384.599997044 -2.828060 -7.244214 0.111442 0.016077 -0.002276 0.997169 0.073424
1718924384.599997044 -2.828060 -7.244214 0.111442 0.016077 -0.002276 0.997169 0.073424
1718924384.605618954 -2.829228 -7.243913 0.111499 0.016088 -0.002160 0.997176 0.073327
1718924384.610614538 -2.830270 -7.243640 0.111546 0.016093 -0.002061 0.997183 0.073234
1718924384.615636587 -2.831322 -7.243357 0.111588 0.016088 -0.001967 0.997191 0.073128
1718924384.620593548 -2.832363 -7.243071 0.111625 0.016082 -0.001876 0.997199 0.073024
1718924384.625613213 -2.833421 -7.242775 0.111657 0.016071 -0.001782 0.997206 0.072931
1718924384.630661726 -2.834489 -7.242469 0.111685 0.016053 -0.001691 0.997213 0.072844
1718924384.635630369 -2.835546 -7.242160 0.111710 0.016041 -0.001602 0.997218 0.072777
1718924384.640591621 -2.836608 -7.241843 0.111732 0.016036 -0.001512 0.997222 0.072719
1718924384.645592928 -2.837681 -7.241516 0.111752 0.016034 -0.001412 0.997226 0.072673
1718924384.650588989 -2.838756 -7.241180 0.111770 0.016024 -0.001317 0.997229 0.072636
1718924384.655636311 -2.839843 -7.240830 0.111789 0.016007 -0.001233 0.997231 0.072611
1718924384.660581589 -2.840912 -7.240478 0.111810 0.015996 -0.001157 0.997232 0.072607
1718924384.665639162 -2.842009 -7.240109 0.111838 0.015988 -0.001086 0.997231 0.072613
1718924384.670663595 -2.843105 -7.239735 0.111869 0.015981 -0.001016 0.997230 0.072630
1718924384.675619841 -2.844190 -7.239359 0.111902 0.015967 -0.000941 0.997228 0.072662
1718924384.680595636 -2.845284 -7.238976 0.111933 0.015945 -0.000854 0.997226 0.072707
1718924384.685631752 -2.846395 -7.238584 0.111960 0.015905 -0.000756 0.997222 0.072761
1718924384.690584660 -2.847493 -7.238196 0.111979 0.015837 -0.000618 0.997219 0.072824
1718924384.695592403 -2.848607 -7.237800 0.111990 0.015732 -0.000446 0.997216 0.072894
1718924384.699977875 -2.849584 -7.237450 0.111994 0.015622 -0.000261 0.997213 0.072950
1718924384.699977875 -2.849584 -7.237450 0.111994 0.015622 -0.000261 0.997213 0.072950
1718924384.700592041 -2.849720 -7.237400 0.111996 0.015606 -0.000236 0.997213 0.072957
1718924384.705608130 -2.850837 -7.236991 0.112013 0.015446 0.000008 0.997212 0.073005
1718924384.710588694 -2.851948 -7.236576 0.112028 0.015278 0.000261 0.997212 0.073041
1718924384.715637684 -2.853079 -7.236144 0.112045 0.015112 0.000520 0.997212 0.073071
1718924384.795639753 -2.871134 -7.230889 0.112106 0.014640 0.002025 0.997379 0.070831
1718924384.799983025 -2.872110 -7.230704 0.112108 0.014621 0.002094 0.997388 0.070709
1718924384.799983025 -2.872110 -7.230704 0.112108 0.014621 0.002094 0.997388 0.070709
1718924384.800577402 -2.872244 -7.230680 0.112109 0.014618 0.002104 0.997389 0.070693
1718924384.805575848 -2.873363 -7.230483 0.112112 0.014599 0.002193 0.997397 0.070575
1718924384.810602427 -2.874480 -7.230302 0.112105 0.014580 0.002302 0.997405 0.070469
1718924384.815589428 -2.875583 -7.230138 0.112093 0.014559 0.002409 0.997411 0.070385
1718924384.820687771 -2.876707 -7.229987 0.112080 0.014539 0.002503 0.997416 0.070308
1718924384.825607538 -2.877789 -7.229857 0.112070 0.014530 0.002579 0.997421 0.070233
1718924384.830583096 -2.878878 -7.229740 0.112064 0.014520 0.002654 0.997426 0.070166
1718924384.835590839 -2.879968 -7.229635 0.112063 0.014509 0.002701 0.997429 0.070123
1718924384.840636969 -2.881060 -7.229543 0.112067 0.014497 0.002732 0.997432 0.070090
1718924384.845582008 -2.882128 -7.229467 0.112073 0.014480 0.002769 0.997433 0.070069
1718924384.850622654 -2.883210 -7.229403 0.112080 0.014459 0.002803 0.997435 0.070041
1718924384.855617762 -2.884277 -7.229352 0.112084 0.014442 0.002830 0.997437 0.070014
1718924384.860585213 -2.885332 -7.229311 0.112086 0.014427 0.002834 0.997439 0.069994
1718924384.865634680 -2.886401 -7.229278 0.112082 0.014416 0.002818 0.997441 0.069974
1718924384.870584965 -2.887446 -7.229255 0.112073 0.014414 0.002800 0.997443 0.069944
1718924384.875585079 -2.888498 -7.229239 0.112056 0.014425 0.002785 0.997445 0.069908
1718924384.880585909 -2.889547 -7.229230 0.112031 0.014445 0.002763 0.997448 0.069869
1718924384.885619879 -2.890600 -7.229226 0.112000 0.014470 0.002744 0.997450 0.069834
1718924384.890619516 -2.891644 -7.229225 0.111966 0.014498 0.002735 0.997452 0.069797
1718924384.895614862 -2.892685 -7.229227 0.111930 0.014530 0.002730 0.997455 0.069755
1718924384.900028944 -2.893605 -7.229230 0.111902 0.014563 0.002722 0.997457 0.069719
1718924384.900028944 -2.893605 -7.229230 0.111902 0.014563 0.002722 0.997457 0.069719
1718924384.900618553 -2.893728 -7.229230 0.111901 0.014567 0.002721 0.997457 0.069714
1718924384.905583382 -2.894761 -7.229232 0.111896 0.014605 0.002703 0.997460 0.069669
1718924384.910580158 -2.895800 -7.229233 0.111899 0.014638 0.002674 0.997463 0.069616
1718924384.915585041 -2.896840 -7.229232 0.111910 0.014671 0.002638 0.997467 0.069557
1718924384.990628242 -2.912076 -7.228471 0.112937 0.015264 0.002805 0.997507 0.068842
1718924384.995576382 -2.913057 -7.228363 0.113023 0.015298 0.002803 0.997510 0.068783
1718924385.000583172 -2.914050 -7.228248 0.113111 0.015327 0.002805 0.997513 0.068732
1718924385.005574703 -2.915038 -7.228128 0.113201 0.015342 0.002812 0.997516 0.068686
1718924385.010580778 -2.916027 -7.228003 0.113291 0.015352 0.002834 0.997520 0.068629
1718924385.015663624 -2.917029 -7.227873 0.113381 0.015357 0.002862 0.997524 0.068576
1718924385.020597696 -2.918000 -7.227742 0.113469 0.015358 0.002895 0.997527 0.068528
1718924385.025592327 -2.918983 -7.227606 0.113557 0.015357 0.002921 0.997529 0.068490
1718924385.030651569 -2.919977 -7.227462 0.113645 0.015358 0.002941 0.997532 0.068451
1718924385.035592556 -2.920947 -7.227317 0.113730 0.015362 0.002953 0.997534 0.068415
1718924385.040629148 -2.921936 -7.227165 0.113814 0.015365 0.002968 0.997536 0.068383
1718924385.045649290 -2.922919 -7.227011 0.113896 0.015366 0.002981 0.997538 0.068361
1718924385.050597906 -2.923885 -7.226857 0.113973 0.015363 0.002995 0.997538 0.068355
1718924385.055612803 -2.924862 -7.226698 0.114050 0.015363 0.003015 0.997538 0.068351
1718924385.060614824 -2.925836 -7.226536 0.114126 0.015371 0.003036 0.997539 0.068344
1718924385.065594673 -2.926808 -7.226370 0.114201 0.015386 0.003053 0.997539 0.068341
1718924385.070585728 -2.927782 -7.226203 0.114277 0.015397 0.003059 0.997539 0.068341
1718924385.075576544 -2.928755 -7.226033 0.114353 0.015403 0.003059 0.997538 0.068343
1718924385.080580235 -2.929728 -7.225862 0.114432 0.015408 0.003051 0.997538 0.068342
1718924385.085574389 -2.930696 -7.225691 0.114516 0.015415 0.003042 0.997537 0.068356
1718924385.090576410 -2.931666 -7.225519 0.114605 0.015423 0.003029 0.997536 0.068373
1718924385.095574141 -2.932634 -7.225346 0.114700 0.015432 0.003015 0.997535 0.068385
1718924385.099982023 -2.933488 -7.225194 0.114786 0.015444 0.003008 0.997535 0.068385
1718924385.099982023 -2.933488 -7.225194 0.114786 0.015444 0.003008 0.997535 0.068385
1718924385.100579739 -2.933603 -7.225174 0.114801 0.015445 0.003007 0.997535 0.068385
1718924385.105574369 -2.934565 -7.225006 0.114921 0.015460 0.003004 0.997535 0.068380
1718924385.110569000 -2.935524 -7.224840 0.115043 0.015472 0.002994 0.997535 0.068377
1718924385.115587711 -2.936484 -7.224675 0.115165 0.015480 0.002970 0.997535 0.068379
1718924385.199991941 -2.952318 -7.222026 0.116577 0.015634 0.002372 0.997667 0.066411
1718924385.199991941 -2.952318 -7.222026 0.116577 0.015634 0.002372 0.997667 0.066411
1718924385.205576181 -2.953341 -7.221863 0.116642 0.015646 0.002330 0.997676 0.066281
1718924385.210615158 -2.954261 -7.221717 0.116696 0.015641 0.002295 0.997683 0.066169
1718924385.215638876 -2.955177 -7.221572 0.116744 0.015648 0.002264 0.997690 0.066059
1718924385.220583916 -2.956081 -7.221427 0.116789 0.015648 0.002234 0.997697 0.065964
1718924385.225587606 -2.956997 -7.221277 0.116833 0.015651 0.002202 0.997703 0.065875
1718924385.230576992 -2.957910 -7.221124 0.116875 0.015663 0.002175 0.997708 0.065797
1718924385.235582590 -2.958825 -7.220965 0.116915 0.015676 0.002155 0.997712 0.065727
1718924385.240579844 -2.959737 -7.220802 0.116954 0.015692 0.002140 0.997716 0.065672
1718924385.245582342 -2.960649 -7.220634 0.116990 0.015714 0.002131 0.997718 0.065633
1718924385.250572443 -2.961559 -7.220458 0.117025 0.015730 0.002116 0.997720 0.065601
1718924385.255616426 -2.962478 -7.220271 0.117061 0.015746 0.002097 0.997721 0.065583
1718924385.260582924 -2.963384 -7.220079 0.117097 0.015758 0.002079 0.997721 0.065573
1718924385.265621424 -2.964302 -7.219875 0.117135 0.015759 0.002059 0.997722 0.065559
1718924385.270632744 -2.965212 -7.219664 0.117174 0.015757 0.002034 0.997722 0.065563
1718924385.275580168 -2.966107 -7.219448 0.117217 0.015754 0.002013 0.997721 0.065579
1718924385.280584335 -2.967011 -7.219222 0.117264 0.015751 0.002004 0.997720 0.065602
1718924385.285572529 -2.967911 -7.218990 0.117314 0.015762 0.002007 0.997718 0.065627
1718924385.290686846 -2.968831 -7.218744 0.117366 0.015773 0.002015 0.997715 0.065664
1718924385.295585871 -2.969709 -7.218504 0.117416 0.015780 0.002022 0.997712 0.065707
1718924385.299992085 -2.970494 -7.218283 0.117458 0.015781 0.002026 0.997710 0.065742
1718924385.299992085 -2.970494 -7.218283 0.117458 0.015781 0.002026 0.997710 0.065742
1718924385.300571442 -2.970596 -7.218254 0.117465 0.015781 0.002026 0.997710 0.065745
1718924385.305575371 -2.971476 -7.218001 0.117521 0.015782 0.002031 0.997708 0.065775
1718924385.310567617 -2.972352 -7.217745 0.117575 0.015786 0.002029 0.997705 0.065812
1718924385.315644979 -2.973242 -7.217479 0.117629 0.015790 0.002022 0.997703 0.065836
1718924385.399989128 -2.988538 -7.213332 0.118463 0.015685 0.002313 0.997763 0.064945
1718924385.399989128 -2.988538 -7.213332 0.118463 0.015685 0.002313 0.997763 0.064945
1718924385.410609245 -2.990553 -7.212852 0.118582 0.015669 0.002348 0.997769 0.064859
1718924385.415596008 -2.991496 -7.212634 0.118630 0.015663 0.002366 0.997772 0.064807
1718924385.420607805 -2.992447 -7.212417 0.118676 0.015660 0.002398 0.997776 0.064749
1718924385.425626755 -2.993403 -7.212203 0.118719 0.015655 0.002438 0.997780 0.064686
1718924385.430619478 -2.994355 -7.211993 0.118761 0.015633 0.002483 0.997784 0.064622
1718924385.435623407 -2.995312 -7.211784 0.118803 0.015608 0.002524 0.997789 0.064558
1718924385.440582275 -2.996263 -7.211578 0.118846 0.015591 0.002562 0.997793 0.064489
1718924385.445578098 -2.997224 -7.211370 0.118893 0.015572 0.002595 0.997798 0.064425
1718924385.450579405 -2.998190 -7.211161 0.118943 0.015547 0.002628 0.997802 0.064369
1718924385.455576420 -2.999158 -7.210951 0.118997 0.015523 0.002666 0.997805 0.064315
1718924385.460581303 -3.000128 -7.210739 0.119056 0.015500 0.002708 0.997810 0.064252
1718924385.465582371 -3.001097 -7.210526 0.119118 0.015486 0.002752 0.997814 0.064183
1718924385.470581055 -3.002069 -7.210311 0.119184 0.015477 0.002787 0.997818 0.064123
1718924385.475577593 -3.003042 -7.210093 0.119250 0.015473 0.002823 0.997821 0.064081
1718924385.480632544 -3.004028 -7.209870 0.119314 0.015470 0.002858 0.997822 0.064055
1718924385.485597134 -3.004993 -7.209649 0.119371 0.015474 0.002885 0.997824 0.064034
1718924385.490572691 -3.005956 -7.209425 0.119422 0.015476 0.002899 0.997825 0.064014
1718924385.495576382 -3.006920 -7.209199 0.119469 0.015476 0.002909 0.997826 0.063996
1718924385.499983072 -3.007763 -7.208999 0.119506 0.015476 0.002922 0.997826 0.063994
1718924385.499983072 -3.007763 -7.208999 0.119506 0.015476 0.002922 0.997826 0.063994
1718924385.500567913 -3.007874 -7.208973 0.119513 0.015476 0.002924 0.997826 0.063992
1718924385.505573511 -3.008820 -7.208751 0.119571 0.015490 0.002938 0.997826 0.063992
1718924385.510571957 -3.009762 -7.208528 0.119630 0.015512 0.002943 0.997825 0.063993
1718924385.515625238 -3.010710 -7.208302 0.119693 0.015538 0.002947 0.997825 0.063993
1718924385.599997044 -3.026733 -7.204572 0.120425 0.016351 0.004453 0.997923 0.062142
1718924385.599997044 -3.026733 -7.204572 0.120425 0.016351 0.004453 0.997923 0.062142
1718924385.615593910 -3.029731 -7.203892 0.120705 0.016517 0.004743 0.997941 0.061790
1718924385.635585070 -3.033536 -7.203011 0.121064 0.016698 0.005122 0.997977 0.061127
1718924385.640582323 -3.034476 -7.202781 0.121145 0.016753 0.005209 0.997988 0.060935
1718924385.645574093 -3.035411 -7.202552 0.121226 0.016816 0.005315 0.997999 0.060719
1718924385.650571108 -3.036346 -7.202320 0.121307 0.016893 0.005454 0.998010 0.060502
1718924385.655571938 -3.037280 -7.202085 0.121388 0.016988 0.005600 0.998021 0.060278
1718924385.660570383 -3.038210 -7.201845 0.121469 0.017091 0.005735 0.998033 0.060041
1718924385.665575981 -3.039138 -7.201597 0.121546 0.017195 0.005864 0.998045 0.059807
1718924385.670573473 -3.040059 -7.201343 0.121621 0.017290 0.005980 0.998056 0.059571
1718924385.675575495 -3.040975 -7.201081 0.121695 0.017387 0.006064 0.998069 0.059322
1718924385.680573940 -3.041883 -7.200813 0.121769 0.017486 0.006136 0.998081 0.059080
1718924385.685573578 -3.042784 -7.200541 0.121841 0.017584 0.006230 0.998092 0.058855
1718924385.690562725 -3.043678 -7.200265 0.121911 0.017679 0.006353 0.998103 0.058636
1718924385.695605040 -3.044579 -7.199983 0.121984 0.017787 0.006490 0.998113 0.058404
1718924385.699965954 -3.045357 -7.199734 0.122050 0.017895 0.006623 0.998123 0.058196
1718924385.699965954 -3.045357 -7.199734 0.122050 0.017895 0.006623 0.998123 0.058196
1718924385.700570583 -3.045464 -7.199699 0.122061 0.017910 0.006641 0.998124 0.058166
1718924385.705565214 -3.046350 -7.199405 0.122148 0.018039 0.006804 0.998135 0.057917
1718924385.710567474 -3.047232 -7.199105 0.122234 0.018165 0.006944 0.998146 0.057671
1718924385.715608120 -3.048116 -7.198795 0.122319 0.018301 0.007046 0.998158 0.057414
1718924385.799967051 -3.063179 -7.195069 0.121824 0.019884 0.002736 0.998362 0.053577
1718924385.799967051 -3.063179 -7.195069 0.121824 0.019884 0.002736 0.998362 0.053577
1718924385.805553913 -3.064170 -7.194939 0.121681 0.019988 0.002444 0.998374 0.053321
1718924385.810590506 -3.065065 -7.194837 0.121546 0.020060 0.002180 0.998384 0.053125
1718924385.815624952 -3.065963 -7.194748 0.121407 0.020106 0.001952 0.998392 0.052961
1718924385.820568562 -3.066849 -7.194679 0.121270 0.020147 0.001800 0.998399 0.052816
1718924385.825612545 -3.067758 -7.194627 0.121131 0.020197 0.001711 0.998405 0.052686
1718924385.830568075 -3.068658 -7.194591 0.121000 0.020243 0.001644 0.998410 0.052582
1718924385.835624218 -3.069584 -7.194564 0.120871 0.020282 0.001539 0.998414 0.052491
1718924385.840571404 -3.070497 -7.194546 0.120750 0.020313 0.001395 0.998417 0.052425
1718924385.845603704 -3.071431 -7.194538 0.120625 0.020346 0.001212 0.998419 0.052382
1718924385.850576878 -3.072360 -7.194540 0.120498 0.020385 0.001006 0.998420 0.052359
1718924385.855603218 -3.073303 -7.194551 0.120362 0.020444 0.000785 0.998419 0.052356
1718924385.860609770 -3.074247 -7.194570 0.120218 0.020529 0.000576 0.998416 0.052373
1718924385.865620136 -3.075198 -7.194599 0.120066 0.020633 0.000392 0.998413 0.052402
1718924385.870613098 -3.076151 -7.194636 0.119907 0.020748 0.000231 0.998408 0.052441
1718924385.875571012 -3.077102 -7.194678 0.119747 0.020857 0.000075 0.998404 0.052491
1718924385.880563498 -3.078064 -7.194727 0.119584 0.020961 -0.000094 0.998398 0.052550
1718924385.885554790 -3.079029 -7.194781 0.119423 0.021043 -0.000263 0.998393 0.052618
1718924385.890555382 -3.080001 -7.194840 0.119266 0.021110 -0.000414 0.998387 0.052704
1718924385.895560026 -3.080977 -7.194902 0.119119 0.021166 -0.000529 0.998381 0.052799
1718924385.900003910 -3.081848 -7.194957 0.118998 0.021193 -0.000603 0.998376 0.052878
1718924385.900003910 -3.081848 -7.194957 0.118998 0.021193 -0.000603 0.998376 0.052878
1718924385.900557280 -3.081957 -7.194964 0.118989 0.021196 -0.000612 0.998375 0.052887
1718924385.905554056 -3.082942 -7.195027 0.118914 0.021203 -0.000670 0.998371 0.052960
1718924385.910557985 -3.083933 -7.195083 0.118847 0.021204 -0.000713 0.998367 0.053032
1718924385.915585995 -3.084934 -7.195130 0.118784 0.021206 -0.000753 0.998364 0.053095
1718924385.995563030 -3.100721 -7.193877 0.117557 0.021140 -0.000197 0.998436 0.051749
1718924386.000558376 -3.101696 -7.193674 0.117460 0.021137 -0.000168 0.998441 0.051654
1718924386.005591631 -3.102678 -7.193457 0.117362 0.021133 -0.000147 0.998446 0.051570
1718924386.010586739 -3.103653 -7.193232 0.117263 0.021123 -0.000129 0.998450 0.051488
1718924386.015549183 -3.104624 -7.193002 0.117164 0.021115 -0.000116 0.998454 0.051420
1718924386.020568848 -3.105606 -7.192762 0.117060 0.021112 -0.000103 0.998456 0.051373
1718924386.025560141 -3.106583 -7.192521 0.116953 0.021111 -0.000085 0.998458 0.051341
1718924386.030552387 -3.107562 -7.192278 0.116839 0.021097 -0.000056 0.998459 0.051322
1718924386.035621405 -3.108557 -7.192032 0.116715 0.021072 -0.000008 0.998460 0.051314
1718924386.040565014 -3.109528 -7.191794 0.116583 0.021041 0.000066 0.998460 0.051332
1718924386.045558691 -3.110511 -7.191554 0.116441 0.020999 0.000158 0.998458 0.051382
1718924386.050557375 -3.111497 -7.191315 0.116291 0.020949 0.000255 0.998456 0.051448
1718924386.055558920 -3.112487 -7.191076 0.116135 0.020898 0.000343 0.998453 0.051524
1718924386.060594559 -3.113486 -7.190837 0.115972 0.020841 0.000424 0.998449 0.051619
1718924386.065557003 -3.114471 -7.190601 0.115809 0.020782 0.000507 0.998445 0.051734
1718924386.070542812 -3.115463 -7.190364 0.115646 0.020726 0.000600 0.998438 0.051876
1718924386.075538874 -3.116461 -7.190125 0.115484 0.020675 0.000699 0.998431 0.052028
1718924386.080542326 -3.117465 -7.189883 0.115324 0.020624 0.000804 0.998424 0.052196
1718924386.085546732 -3.118473 -7.189639 0.115164 0.020580 0.000919 0.998415 0.052380
1718924386.090543985 -3.119481 -7.189391 0.115004 0.020534 0.001031 0.998406 0.052571
1718924386.095543861 -3.120492 -7.189139 0.114841 0.020471 0.001144 0.998397 0.052760
1718924386.099998951 -3.121395 -7.188911 0.114693 0.020408 0.001245 0.998389 0.052936
1718924386.099998951 -3.121395 -7.188911 0.114693 0.020408 0.001245 0.998389 0.052936
1718924386.100554943 -3.121508 -7.188882 0.114680 0.020400 0.001257 0.998388 0.052958
1718924386.105547905 -3.122524 -7.188620 0.114557 0.020331 0.001370 0.998378 0.053158
1718924386.110555172 -3.123546 -7.188350 0.114432 0.020270 0.001482 0.998370 0.053341
1718924386.115552187 -3.124569 -7.188073 0.114307 0.020201 0.001594 0.998361 0.053522
1718924386.199982882 -3.141946 -7.184974 0.111979 0.019946 0.002584 0.998541 0.050115
1718924386.199982882 -3.141946 -7.184974 0.111979 0.019946 0.002584 0.998541 0.050115
1718924386.210550308 -3.144136 -7.184832 0.111634 0.019909 0.002703 0.998563 0.049691
1718924386.215615273 -3.145185 -7.184778 0.111471 0.019874 0.002758 0.998572 0.049513
1718924386.220576525 -3.146215 -7.184733 0.111315 0.019832 0.002798 0.998580 0.049369
1718924386.225622654 -3.147261 -7.184693 0.111160 0.019792 0.002818 0.998586 0.049252
1718924386.230566025 -3.148287 -7.184660 0.111013 0.019752 0.002834 0.998591 0.049178
1718924386.235543013 -3.149321 -7.184634 0.110868 0.019728 0.002857 0.998593 0.049134
1718924386.240557671 -3.150362 -7.184612 0.110725 0.019710 0.002876 0.998594 0.049123
1718924386.245546341 -3.151398 -7.184593 0.110583 0.019701 0.002889 0.998593 0.049153
1718924386.250603914 -3.152447 -7.184577 0.110437 0.019699 0.002901 0.998590 0.049214
1718924386.255591393 -3.153482 -7.184563 0.110292 0.019694 0.002911 0.998586 0.049300
1718924386.260557890 -3.154510 -7.184551 0.110145 0.019681 0.002924 0.998580 0.049408
1718924386.265557766 -3.155544 -7.184538 0.109999 0.019661 0.002926 0.998575 0.049528
1718924386.270562410 -3.156577 -7.184524 0.109855 0.019645 0.002923 0.998569 0.049661
1718924386.275554180 -3.157609 -7.184509 0.109712 0.019633 0.002922 0.998562 0.049791
1718924386.280550480 -3.158642 -7.184494 0.109572 0.019625 0.002932 0.998556 0.049914
1718924386.285545111 -3.159677 -7.184477 0.109434 0.019613 0.002952 0.998551 0.050029
1718924386.290583611 -3.160718 -7.184457 0.109297 0.019598 0.002971 0.998546 0.050124
1718924386.295589685 -3.161752 -7.184431 0.109163 0.019583 0.002978 0.998543 0.050201
1718924386.299983978 -3.162659 -7.184405 0.109046 0.019581 0.002979 0.998540 0.050253
1718924386.299983978 -3.162659 -7.184405 0.109046 0.019581 0.002979 0.998540 0.050253
1718924386.300538063 -3.162773 -7.184401 0.109035 0.019581 0.002979 0.998540 0.050258
1718924386.305549622 -3.163807 -7.184364 0.108924 0.019602 0.002965 0.998538 0.050279
1718924386.310543537 -3.164840 -7.184324 0.108813 0.019623 0.002944 0.998539 0.050266
1718924386.315558195 -3.165877 -7.184279 0.108698 0.019636 0.002930 0.998540 0.050228
1718924386.399991989 -3.182873 -7.183541 0.105577 0.019339 0.003192 0.998508 0.050972
1718924386.399991989 -3.182873 -7.183541 0.105577 0.019339 0.003192 0.998508 0.050972
1718924386.410541773 -3.184912 -7.183449 0.105269 0.019299 0.003225 0.998503 0.051071
1718924386.415561914 -3.185888 -7.183403 0.105158 0.019283 0.003237 0.998500 0.051132
1718924386.420563698 -3.186857 -7.183360 0.105047 0.019266 0.003254 0.998496 0.051221
1718924386.425535917 -3.187818 -7.183319 0.104937 0.019251 0.003262 0.998492 0.051304
1718924386.430549383 -3.188784 -7.183279 0.104826 0.019242 0.003256 0.998488 0.051387
1718924386.435559750 -3.189747 -7.183243 0.104714 0.019236 0.003250 0.998484 0.051468
1718924386.440563917 -3.190707 -7.183211 0.104603 0.019230 0.003242 0.998480 0.051549
1718924386.445553303 -3.191661 -7.183183 0.104494 0.019223 0.003249 0.998476 0.051634
1718924386.450553656 -3.192615 -7.183160 0.104388 0.019215 0.003265 0.998472 0.051714
1718924386.455547094 -3.193564 -7.183140 0.104285 0.019209 0.003290 0.998468 0.051786
1718924386.460553885 -3.194514 -7.183124 0.104186 0.019204 0.003301 0.998465 0.051848
1718924386.465554476 -3.195459 -7.183112 0.104090 0.019193 0.003301 0.998462 0.051900
1718924386.470555782 -3.196401 -7.183104 0.103994 0.019184 0.003301 0.998460 0.051943
1718924386.475551844 -3.197339 -7.183099 0.103898 0.019168 0.003301 0.998459 0.051978
1718924386.480547667 -3.198275 -7.183097 0.103799 0.019157 0.003298 0.998458 0.052000
1718924386.485579014 -3.199214 -7.183098 0.103697 0.019143 0.003293 0.998458 0.052010
1718924386.490550280 -3.200140 -7.183100 0.103594 0.019138 0.003297 0.998457 0.052017
1718924386.495541573 -3.201068 -7.183104 0.103489 0.019135 0.003309 0.998457 0.052017
1718924386.499994993 -3.201895 -7.183109 0.103398 0.019133 0.003315 0.998458 0.052006
1718924386.499994993 -3.201895 -7.183109 0.103398 0.019133 0.003315 0.998458 0.052006
1718924386.500540495 -3.201998 -7.183109 0.103395 0.019134 0.003315 0.998458 0.052004
1718924386.505587339 -3.202945 -7.183112 0.103365 0.019138 0.003306 0.998459 0.051978
1718924386.510574579 -3.203879 -7.183115 0.103339 0.019137 0.003293 0.998461 0.051944
1718924386.515604973 -3.204818 -7.183119 0.103316 0.019138 0.003280 0.998464 0.051890
1718924386.599993944 -3.220869 -7.182660 0.103253 0.019084 0.003359 0.998446 0.052246
1718924386.599993944 -3.220869 -7.182660 0.103253 0.019084 0.003359 0.998446 0.052246
1718924386.605588675 -3.221960 -7.182588 0.103282 0.019082 0.003365 0.998445 0.052269
1718924386.610553503 -3.222931 -7.182521 0.103306 0.019079 0.003370 0.998443 0.052300
1718924386.615557909 -3.223912 -7.182451 0.103332 0.019079 0.003376 0.998442 0.052331
1718924386.620546341 -3.224894 -7.182377 0.103357 0.019075 0.003383 0.998440 0.052365
1718924386.625576973 -3.225888 -7.182300 0.103383 0.019076 0.003394 0.998438 0.052405
1718924386.630600929 -3.226883 -7.182220 0.103410 0.019077 0.003402 0.998436 0.052442
1718924386.635563850 -3.227870 -7.182140 0.103437 0.019074 0.003409 0.998434 0.052473
1718924386.640563726 -3.228866 -7.182057 0.103465 0.019070 0.003425 0.998433 0.052497
1718924386.645546913 -3.229861 -7.181974 0.103494 0.019071 0.003453 0.998432 0.052525
1718924386.650576115 -3.230867 -7.181889 0.103524 0.019076 0.003473 0.998430 0.052543
1718924386.655617952 -3.231877 -7.181801 0.103554 0.019074 0.003499 0.998429 0.052567
1718924386.660594463 -3.232874 -7.181711 0.103584 0.019070 0.003527 0.998428 0.052589
1718924386.665556908 -3.233868 -7.181620 0.103611 0.019061 0.003553 0.998427 0.052604
1718924386.670568228 -3.234873 -7.181527 0.103638 0.019049 0.003575 0.998426 0.052622
1718924386.675551653 -3.235873 -7.181433 0.103663 0.019036 0.003601 0.998427 0.052622
1718924386.680557013 -3.236878 -7.181337 0.103688 0.019024 0.003631 0.998427 0.052617
1718924386.685553551 -3.237882 -7.181239 0.103713 0.019013 0.003660 0.998427 0.052609
1718924386.690599442 -3.238897 -7.181138 0.103740 0.019004 0.003693 0.998427 0.052610
1718924386.695600271 -3.239904 -7.181035 0.103768 0.018994 0.003718 0.998427 0.052614
1718924386.699976921 -3.240785 -7.180943 0.103793 0.018984 0.003742 0.998428 0.052611
1718924386.699976921 -3.240785 -7.180943 0.103793 0.018984 0.003742 0.998428 0.052611
1718924386.700601339 -3.240911 -7.180930 0.103795 0.018984 0.003745 0.998428 0.052610
1718924386.705560684 -3.241907 -7.180828 0.103800 0.018978 0.003766 0.998428 0.052605
1718924386.710557222 -3.242911 -7.180722 0.103807 0.018972 0.003787 0.998428 0.052604
1718924386.715550423 -3.243914 -7.180616 0.103814 0.018963 0.003809 0.998428 0.052599
1718924386.799994946 -3.260643 -7.179393 0.096896 0.019032 0.004415 0.998413 0.052824
1718924386.799994946 -3.260643 -7.179393 0.096896 0.019032 0.004415 0.998413 0.052824
1718924386.825572968 -3.265805 -7.178800 0.097293 0.019046 0.004652 0.998409 0.052874
1718924386.830557823 -3.266813 -7.178680 0.097348 0.019057 0.004668 0.998409 0.052867
1718924386.835559845 -3.267825 -7.178558 0.097402 0.019067 0.004682 0.998409 0.052862
1718924386.840568066 -3.268838 -7.178436 0.097456 0.019077 0.004695 0.998409 0.052860
1718924386.845554829 -3.269848 -7.178313 0.097509 0.019086 0.004713 0.998408 0.052861
1718924386.850550175 -3.270861 -7.178188 0.097561 0.019086 0.004728 0.998409 0.052851
1718924386.855547905 -3.271877 -7.178061 0.097613 0.019080 0.004751 0.998410 0.052837
1718924386.860554218 -3.272895 -7.177932 0.097663 0.019081 0.004772 0.998410 0.052823
1718924386.865554333 -3.273913 -7.177801 0.097712 0.019081 0.004783 0.998411 0.052815
1718924386.870552063 -3.274932 -7.177668 0.097760 0.019077 0.004794 0.998411 0.052804
1718924386.875565052 -3.275956 -7.177532 0.097806 0.019061 0.004804 0.998412 0.052789
1718924386.880551577 -3.276976 -7.177396 0.097851 0.019042 0.004814 0.998413 0.052782
1718924386.885552168 -3.278000 -7.177257 0.097895 0.019030 0.004831 0.998413 0.052778
1718924386.890547991 -3.279022 -7.177118 0.097941 0.019024 0.004855 0.998413 0.052777
1718924386.895532370 -3.280042 -7.176978 0.097987 0.019016 0.004879 0.998414 0.052766
1718924386.900015831 -3.280960 -7.176850 0.098030 0.019014 0.004900 0.998415 0.052744
1718924386.900015831 -3.280960 -7.176850 0.098030 0.019014 0.004900 0.998415 0.052744
1718924386.900545359 -3.281068 -7.176835 0.098038 0.019013 0.004902 0.998415 0.052741
1718924386.905542135 -3.282091 -7.176689 0.098117 0.019014 0.004931 0.998416 0.052728
1718924386.910541058 -3.283113 -7.176540 0.098198 0.019015 0.004955 0.998416 0.052727
1718924386.915544271 -3.284135 -7.176389 0.098279 0.019018 0.004976 0.998416 0.052722
1718924386.965617657 -3.294210 -7.174925 0.099633 0.018971 0.005136 0.998395 0.053123
1718924386.985620975 -3.298138 -7.174402 0.100097 0.018991 0.005173 0.998388 0.053229
1718924386.990549326 -3.299096 -7.174282 0.100197 0.018998 0.005168 0.998387 0.053243
1718924386.995538473 -3.300062 -7.174163 0.100297 0.019004 0.005157 0.998387 0.053243
1718924387.000539780 -3.301026 -7.174047 0.100397 0.019021 0.005148 0.998387 0.053254
1718924387.005573988 -3.301994 -7.173932 0.100498 0.019044 0.005140 0.998386 0.053260
1718924387.010548115 -3.302947 -7.173820 0.100597 0.019063 0.005121 0.998386 0.053254
1718924387.015615702 -3.303916 -7.173707 0.100699 0.019079 0.005099 0.998387 0.053238
1718924387.020603418 -3.304865 -7.173597 0.100801 0.019091 0.005075 0.998387 0.053222
1718924387.025561333 -3.305805 -7.173489 0.100904 0.019102 0.005060 0.998388 0.053206
1718924387.030558825 -3.306750 -7.173383 0.101009 0.019109 0.005045 0.998389 0.053195
1718924387.035598040 -3.307699 -7.173277 0.101114 0.019117 0.005027 0.998389 0.053178
1718924387.040539026 -3.308626 -7.173174 0.101218 0.019125 0.005001 0.998391 0.053147
1718924387.045554876 -3.309561 -7.173071 0.101322 0.019131 0.004965 0.998392 0.053128
1718924387.050573826 -3.310490 -7.172968 0.101425 0.019130 0.004931 0.998393 0.053123
1718924387.055561781 -3.311407 -7.172867 0.101525 0.019127 0.004890 0.998394 0.053107
1718924387.060546160 -3.312318 -7.172766 0.101624 0.019133 0.004842 0.998395 0.053092
1718924387.065549374 -3.313227 -7.172667 0.101724 0.019150 0.004796 0.998395 0.053077
1718924387.070551872 -3.314132 -7.172569 0.101825 0.019169 0.004753 0.998396 0.053062
1718924387.075550318 -3.315033 -7.172473 0.101926 0.019183 0.004723 0.998397 0.053046
1718924387.080591917 -3.315939 -7.172377 0.102029 0.019204 0.004700 0.998397 0.053036
1718924387.085591316 -3.316833 -7.172281 0.102131 0.019213 0.004675 0.998398 0.053021
1718924387.090586424 -3.317721 -7.172186 0.102234 0.019209 0.004649 0.998399 0.052993
1718924387.095583916 -3.318605 -7.172091 0.102338 0.019204 0.004618 0.998402 0.052955
1718924387.099988222 -3.319381 -7.172006 0.102430 0.019207 0.004587 0.998404 0.052916
1718924387.099988222 -3.319381 -7.172006 0.102430 0.019207 0.004587 0.998404 0.052916
1718924387.100577354 -3.319485 -7.171994 0.102448 0.019208 0.004583 0.998404 0.052910
1718924387.105535507 -3.320355 -7.171895 0.102598 0.019224 0.004553 0.998407 0.052850
1718924387.110538960 -3.321229 -7.171791 0.102751 0.019244 0.004525 0.998411 0.052779
1718924387.115561485 -3.322103 -7.171684 0.102907 0.019265 0.004496 0.998414 0.052705
1718924387.199986219 -3.336811 -7.169781 0.105655 0.019663 0.003482 0.998503 0.050929
1718924387.199986219 -3.336811 -7.169781 0.105655 0.019663 0.003482 0.998503 0.050929
1718924387.210551739 -3.338666 -7.169531 0.106054 0.019716 0.003366 0.998513 0.050716
1718924387.215604544 -3.339554 -7.169411 0.106234 0.019742 0.003308 0.998518 0.050602
1718924387.220563412 -3.340428 -7.169293 0.106411 0.019775 0.003264 0.998523 0.050496
1718924387.225622892 -3.341324 -7.169171 0.106593 0.019815 0.003236 0.998528 0.050380
1718924387.230548382 -3.342200 -7.169052 0.106769 0.019856 0.003213 0.998534 0.050257
1718924387.235631943 -3.343108 -7.168928 0.106952 0.019893 0.003190 0.998540 0.050127
1718924387.240547180 -3.343990 -7.168807 0.107125 0.019918 0.003167 0.998546 0.049999
1718924387.245587349 -3.344896 -7.168683 0.107300 0.019946 0.003137 0.998552 0.049866
1718924387.250540018 -3.345790 -7.168561 0.107469 0.019971 0.003108 0.998558 0.049732
1718924387.255538225 -3.346696 -7.168438 0.107637 0.019993 0.003098 0.998564 0.049596
1718924387.260611057 -3.347622 -7.168314 0.107806 0.020016 0.003108 0.998571 0.049446
1718924387.265608072 -3.348541 -7.168193 0.107971 0.020051 0.003132 0.998578 0.049296
1718924387.270608187 -3.349467 -7.168073 0.108134 0.020092 0.003170 0.998584 0.049150
1718924387.275594473 -3.350397 -7.167953 0.108296 0.020121 0.003217 0.998591 0.049005
1718924387.280588388 -3.351332 -7.167833 0.108456 0.020141 0.003266 0.998598 0.048851
1718924387.285635710 -3.352280 -7.167712 0.108615 0.020161 0.003314 0.998605 0.048697
1718924387.290548563 -3.353206 -7.167594 0.108768 0.020179 0.003362 0.998611 0.048546
1718924387.295579195 -3.354159 -7.167473 0.108922 0.020196 0.003416 0.998619 0.048382
1718924387.299991846 -3.354999 -7.167366 0.109055 0.020209 0.003463 0.998626 0.048231
1718924387.299991846 -3.354999 -7.167366 0.109055 0.020209 0.003463 0.998626 0.048231
1718924387.300571680 -3.355109 -7.167352 0.109074 0.020211 0.003468 0.998627 0.048210
1718924387.305544138 -3.356060 -7.167229 0.109238 0.020223 0.003513 0.998635 0.048037
1718924387.310529947 -3.357018 -7.167105 0.109401 0.020232 0.003557 0.998642 0.047872
1718924387.315552473 -3.357988 -7.166978 0.109562 0.020236 0.003603 0.998650 0.047705
1718924387.399984121 -3.374517 -7.163773 0.112464 0.020243 0.003827 0.998689 0.046856
1718924387.399984121 -3.374517 -7.163773 0.112464 0.020243 0.003827 0.998689 0.046856
1718924387.405581951 -3.375628 -7.163481 0.112685 0.020246 0.003841 0.998692 0.046801
1718924387.410538673 -3.376614 -7.163214 0.112878 0.020248 0.003854 0.998693 0.046769
1718924387.415590763 -3.377620 -7.162934 0.113072 0.020245 0.003867 0.998693 0.046762
1718924387.420548439 -3.378609 -7.162651 0.113257 0.020244 0.003880 0.998694 0.046752
1718924387.425571203 -3.379612 -7.162356 0.113440 0.020236 0.003893 0.998694 0.046758
1718924387.430556059 -3.380608 -7.162054 0.113616 0.020221 0.003906 0.998694 0.046764
1718924387.435554981 -3.381607 -7.161743 0.113789 0.020212 0.003926 0.998694 0.046767
1718924387.440538883 -3.382604 -7.161423 0.113959 0.020204 0.003945 0.998693 0.046776
1718924387.445535660 -3.383607 -7.161092 0.114128 0.020200 0.003969 0.998692 0.046805
1718924387.450548410 -3.384613 -7.160748 0.114297 0.020189 0.003994 0.998690 0.046841
1718924387.455586672 -3.385626 -7.160391 0.114467 0.020171 0.004019 0.998689 0.046882
1718924387.460550070 -3.386625 -7.160027 0.114633 0.020152 0.004050 0.998687 0.046924
1718924387.465543747 -3.387633 -7.159650 0.114799 0.020136 0.004085 0.998686 0.046956
1718924387.470555305 -3.388645 -7.159259 0.114962 0.020114 0.004127 0.998684 0.046997
1718924387.475546360 -3.389654 -7.158858 0.115119 0.020088 0.004176 0.998682 0.047050
1718924387.480534077 -3.390664 -7.158444 0.115271 0.020059 0.004230 0.998680 0.047100
1718924387.485545874 -3.391679 -7.158017 0.115419 0.020022 0.004293 0.998678 0.047145
1718924387.490576982 -3.392699 -7.157575 0.115562 0.019969 0.004372 0.998677 0.047190
1718924387.495538235 -3.393707 -7.157128 0.115699 0.019914 0.004465 0.998675 0.047237
1718924387.499996185 -3.394613 -7.156716 0.115818 0.019858 0.004556 0.998673 0.047290
1718924387.499996185 -3.394613 -7.156716 0.115818 0.019858 0.004556 0.998673 0.047290
1718924387.500570536 -3.394730 -7.156663 0.115835 0.019851 0.004566 0.998673 0.047296
1718924387.505573273 -3.395747 -7.156188 0.115981 0.019779 0.004658 0.998671 0.047356
1718924387.510543346 -3.396759 -7.155703 0.116122 0.019705 0.004752 0.998670 0.047417
1718924387.515553474 -3.397780 -7.155198 0.116261 0.019630 0.004856 0.998667 0.047481
1718924387.599992275 -3.414677 -7.149106 0.117638 0.018518 0.007451 0.998699 0.046926
1718924387.599992275 -3.414677 -7.149106 0.117638 0.018518 0.007451 0.998699 0.046926
1718924387.615601301 -3.417711 -7.148547 0.117752 0.018327 0.007919 0.998702 0.046858
1718924387.620531559 -3.418671 -7.148404 0.117765 0.018271 0.008031 0.998705 0.046790
1718924387.625529528 -3.419638 -7.148275 0.117793 0.018223 0.008091 0.998710 0.046691
1718924387.630548477 -3.420605 -7.148159 0.117847 0.018200 0.008118 0.998716 0.046566
1718924387.635536194 -3.421566 -7.148059 0.117925 0.018211 0.008157 0.998722 0.046425
1718924387.640534639 -3.422527 -7.147977 0.118020 0.018238 0.008218 0.998729 0.046264
1718924387.645596981 -3.423498 -7.147910 0.118124 0.018259 0.008278 0.998736 0.046095
1718924387.650537491 -3.424442 -7.147862 0.118220 0.018264 0.008327 0.998743 0.045930
1718924387.655590534 -3.425404 -7.147829 0.118306 0.018246 0.008368 0.998751 0.045754
1718924387.660538197 -3.426340 -7.147813 0.118373 0.018204 0.008403 0.998759 0.045593
1718924387.665523291 -3.427278 -7.147809 0.118429 0.018146 0.008424 0.998766 0.045455
1718924387.670529604 -3.428214 -7.147817 0.118480 0.018076 0.008430 0.998773 0.045330
1718924387.675532341 -3.429143 -7.147838 0.118534 0.017998 0.008430 0.998779 0.045230
1718924387.680541515 -3.430071 -7.147870 0.118599 0.017929 0.008433 0.998784 0.045144
1718924387.685537815 -3.430994 -7.147912 0.118676 0.017890 0.008428 0.998788 0.045077
1718924387.690534830 -3.431911 -7.147961 0.118766 0.017860 0.008397 0.998790 0.045045
1718924387.695530176 -3.432820 -7.148018 0.118863 0.017827 0.008361 0.998791 0.045038
1718924387.699914217 -3.433614 -7.148075 0.118947 0.017798 0.008342 0.998792 0.045036
1718924387.699914217 -3.433614 -7.148075 0.118947 0.017798 0.008342 0.998792 0.045036
1718924387.700531244 -3.433726 -7.148084 0.118961 0.017793 0.008338 0.998792 0.045034
1718924387.705529928 -3.434626 -7.148155 0.119070 0.017745 0.008311 0.998793 0.045042
1718924387.710522413 -3.435518 -7.148230 0.119173 0.017678 0.008256 0.998793 0.045081
1718924387.715566635 -3.436412 -7.148306 0.119271 0.017593 0.008185 0.998792 0.045151
1718924387.799978256 -3.451863 -7.148579 0.120716 0.017578 0.006781 0.998864 0.043769
1718924387.799978256 -3.451863 -7.148579 0.120716 0.017578 0.006781 0.998864 0.043769
1718924387.810519695 -3.453875 -7.148474 0.120916 0.017582 0.006611 0.998872 0.043603
1718924387.815575838 -3.454847 -7.148414 0.120997 0.017578 0.006533 0.998877 0.043511
1718924387.820572138 -3.455812 -7.148350 0.121073 0.017572 0.006470 0.998881 0.043418
1718924387.825574398 -3.456783 -7.148280 0.121144 0.017562 0.006421 0.998886 0.043317
1718924387.830548048 -3.457754 -7.148205 0.121210 0.017554 0.006373 0.998892 0.043203
1718924387.835541010 -3.458733 -7.148124 0.121273 0.017550 0.006335 0.998897 0.043087
1718924387.840549469 -3.459721 -7.148038 0.121334 0.017538 0.006299 0.998902 0.042972
1718924387.845537901 -3.460708 -7.147947 0.121392 0.017522 0.006256 0.998908 0.042865
1718924387.850541353 -3.461701 -7.147853 0.121449 0.017508 0.006220 0.998913 0.042762
1718924387.855520487 -3.462693 -7.147754 0.121503 0.017489 0.006195 0.998917 0.042664
1718924387.860542059 -3.463697 -7.147648 0.121555 0.017459 0.006178 0.998922 0.042577
1718924387.865545511 -3.464700 -7.147537 0.121603 0.017433 0.006173 0.998925 0.042505
1718924387.870538473 -3.465704 -7.147419 0.121646 0.017415 0.006185 0.998928 0.042447
1718924387.875537634 -3.466711 -7.147294 0.121687 0.017404 0.006200 0.998930 0.042404
1718924387.880542755 -3.467723 -7.147161 0.121726 0.017394 0.006199 0.998931 0.042381
1718924387.885532856 -3.468734 -7.147019 0.121764 0.017386 0.006185 0.998931 0.042380
1718924387.890534401 -3.469748 -7.146870 0.121803 0.017380 0.006173 0.998931 0.042388
1718924387.895529747 -3.470763 -7.146714 0.121842 0.017385 0.006164 0.998930 0.042413
1718924387.900003195 -3.471674 -7.146566 0.121879 0.017394 0.006162 0.998928 0.042452
1718924387.900003195 -3.471674 -7.146566 0.121879 0.017394 0.006162 0.998928 0.042452
1718924387.900529861 -3.471781 -7.146549 0.121886 0.017395 0.006161 0.998928 0.042456
1718924387.905528545 -3.472802 -7.146378 0.121955 0.017397 0.006164 0.998926 0.042501
1718924387.910516262 -3.473825 -7.146199 0.122023 0.017394 0.006163 0.998924 0.042552
1718924387.915529251 -3.474855 -7.146013 0.122090 0.017384 0.006159 0.998922 0.042609
1718924387.965534210 -3.485279 -7.144128 0.123457 0.017340 0.006255 0.998911 0.042854
1718924387.985572815 -3.489561 -7.143283 0.123942 0.017380 0.006303 0.998915 0.042737
1718924387.990537643 -3.490625 -7.143066 0.124043 0.017389 0.006308 0.998917 0.042698
1718924387.995575905 -3.491707 -7.142846 0.124143 0.017397 0.006317 0.998918 0.042665
1718924388.000521660 -3.492769 -7.142629 0.124239 0.017406 0.006332 0.998919 0.042631
1718924388.005521536 -3.493843 -7.142410 0.124332 0.017418 0.006347 0.998921 0.042583
1718924388.010571241 -3.494927 -7.142188 0.124423 0.017434 0.006367 0.998923 0.042523
1718924388.015544415 -3.495994 -7.141969 0.124511 0.017448 0.006396 0.998925 0.042457
1718924388.020545721 -3.497067 -7.141746 0.124596 0.017464 0.006424 0.998928 0.042390
1718924388.025543213 -3.498139 -7.141521 0.124682 0.017476 0.006453 0.998930 0.042324
1718924388.030525208 -3.499209 -7.141294 0.124766 0.017483 0.006486 0.998933 0.042254
1718924388.035533667 -3.500285 -7.141063 0.124851 0.017490 0.006516 0.998936 0.042178
1718924388.040534496 -3.501360 -7.140830 0.124936 0.017490 0.006547 0.998938 0.042110
1718924388.045573235 -3.502443 -7.140592 0.125022 0.017500 0.006584 0.998941 0.042040
1718924388.050534487 -3.503513 -7.140355 0.125107 0.017517 0.006628 0.998944 0.041954
1718924388.055532217 -3.504592 -7.140112 0.125193 0.017535 0.006674 0.998947 0.041865
1718924388.060526371 -3.505672 -7.139865 0.125279 0.017559 0.006721 0.998950 0.041770
1718924388.065533876 -3.506757 -7.139613 0.125364 0.017590 0.006781 0.998953 0.041674
1718924388.070522785 -3.507839 -7.139357 0.125447 0.017626 0.006857 0.998956 0.041574
1718924388.075516939 -3.508924 -7.139096 0.125527 0.017662 0.006943 0.998959 0.041474
1718924388.080528975 -3.510014 -7.138828 0.125602 0.017702 0.007045 0.998962 0.041364
1718924388.085514069 -3.511102 -7.138556 0.125672 0.017741 0.007159 0.998966 0.041250
1718924388.090527534 -3.512198 -7.138275 0.125735 0.017782 0.007276 0.998969 0.041128
1718924388.095523834 -3.513292 -7.137986 0.125794 0.017830 0.007396 0.998973 0.041001
1718924388.099988222 -3.514271 -7.137721 0.125843 0.017877 0.007516 0.998976 0.040873
1718924388.099988222 -3.514271 -7.137721 0.125843 0.017877 0.007516 0.998976 0.040873
1718924388.100519419 -3.514387 -7.137688 0.125853 0.017883 0.007531 0.998977 0.040858
1718924388.105515957 -3.515485 -7.137379 0.125950 0.017939 0.007667 0.998981 0.040705
1718924388.110569954 -3.516597 -7.137057 0.126047 0.018006 0.007816 0.998985 0.040547
1718924388.115547419 -3.517694 -7.136730 0.126142 0.018076 0.007972 0.998989 0.040387
1718924388.199949026 -3.536084 -7.132613 0.125993 0.018450 0.006539 0.999070 0.038406
1718924388.199949026 -3.536084 -7.132613 0.125993 0.018450 0.006539 0.999070 0.038406
1718924388.210572481 -3.538304 -7.132324 0.125754 0.018513 0.006334 0.999080 0.038165
1718924388.215567827 -3.539350 -7.132208 0.125614 0.018528 0.006195 0.999084 0.038075
1718924388.220664501 -3.540418 -7.132102 0.125466 0.018526 0.006016 0.999088 0.038009
1718924388.225555897 -3.541447 -7.132010 0.125324 0.018511 0.005837 0.999091 0.037964
1718924388.230537653 -3.542500 -7.131930 0.125183 0.018489 0.005685 0.999093 0.037933
1718924388.235530138 -3.543560 -7.131865 0.125043 0.018475 0.005579 0.999094 0.037922
1718924388.240530014 -3.544623 -7.131818 0.124905 0.018473 0.005524 0.999095 0.037920
1718924388.245527744 -3.545688 -7.131784 0.124770 0.018468 0.005508 0.999095 0.037924
1718924388.250516653 -3.546754 -7.131761 0.124636 0.018456 0.005491 0.999095 0.037924
1718924388.255536318 -3.547828 -7.131749 0.124501 0.018434 0.005471 0.999096 0.037919
1718924388.260517359 -3.548895 -7.131746 0.124363 0.018412 0.005446 0.999097 0.037910
1718924388.265518188 -3.549967 -7.131753 0.124221 0.018392 0.005433 0.999098 0.037887
1718924388.270529509 -3.551041 -7.131766 0.124078 0.018376 0.005426 0.999099 0.037865
1718924388.275517702 -3.552112 -7.131783 0.123936 0.018356 0.005419 0.999101 0.037840
1718924388.280531168 -3.553191 -7.131804 0.123794 0.018342 0.005420 0.999102 0.037805
1718924388.285533905 -3.554269 -7.131831 0.123655 0.018329 0.005434 0.999104 0.037766
1718924388.290521145 -3.555345 -7.131860 0.123519 0.018317 0.005444 0.999105 0.037724
1718924388.295522213 -3.556422 -7.131890 0.123386 0.018306 0.005437 0.999107 0.037679
1718924388.299981117 -3.557383 -7.131915 0.123268 0.018301 0.005416 0.999109 0.037643
1718924388.299981117 -3.557383 -7.131915 0.123268 0.018301 0.005416 0.999109 0.037643
1718924388.300570965 -3.557511 -7.131919 0.123254 0.018300 0.005413 0.999109 0.037638
1718924388.305566788 -3.558591 -7.131947 0.123139 0.018293 0.005390 0.999112 0.037581
1718924388.310530663 -3.559665 -7.131973 0.123023 0.018292 0.005371 0.999114 0.037522
1718924388.315552473 -3.560752 -7.131997 0.122904 0.018287 0.005363 0.999116 0.037461
1718924388.399988174 -3.578888 -7.132280 0.120697 0.018169 0.005068 0.999105 0.037860
1718924388.399988174 -3.578888 -7.132280 0.120697 0.018169 0.005068 0.999105 0.037860
1718924388.415584564 -3.582239 -7.132319 0.120324 0.018152 0.004974 0.999102 0.037956
1718924388.420636177 -3.583328 -7.132326 0.120181 0.018142 0.004963 0.999101 0.037980
1718924388.425535440 -3.584386 -7.132333 0.120042 0.018128 0.004958 0.999101 0.037989
1718924388.430544615 -3.585470 -7.132339 0.119901 0.018117 0.004960 0.999102 0.037977
1718924388.435531378 -3.586552 -7.132346 0.119763 0.018112 0.004957 0.999103 0.037954
1718924388.440533400 -3.587639 -7.132355 0.119628 0.018111 0.004947 0.999104 0.037931
1718924388.445629358 -3.588749 -7.132366 0.119492 0.018116 0.004929 0.999105 0.037903
1718924388.450559378 -3.589823 -7.132377 0.119361 0.018124 0.004901 0.999106 0.037880
1718924388.455575228 -3.590917 -7.132390 0.119226 0.018126 0.004870 0.999107 0.037857
1718924388.460523367 -3.591997 -7.132405 0.119090 0.018126 0.004836 0.999108 0.037829
1718924388.465520144 -3.593088 -7.132423 0.118948 0.018122 0.004810 0.999110 0.037789
1718924388.470516205 -3.594181 -7.132445 0.118803 0.018120 0.004798 0.999111 0.037750
1718924388.475528955 -3.595279 -7.132471 0.118655 0.018111 0.004799 0.999113 0.037711
1718924388.480525494 -3.596375 -7.132499 0.118509 0.018095 0.004794 0.999115 0.037676
1718924388.485522032 -3.597473 -7.132529 0.118363 0.018078 0.004769 0.999116 0.037646
1718924388.490518332 -3.598574 -7.132561 0.118219 0.018067 0.004733 0.999118 0.037617
1718924388.495513201 -3.599675 -7.132597 0.118076 0.018050 0.004693 0.999119 0.037589
1718924388.499986172 -3.600662 -7.132632 0.117948 0.018032 0.004666 0.999121 0.037562
1718924388.499986172 -3.600662 -7.132632 0.117948 0.018032 0.004666 0.999121 0.037562
1718924388.500526190 -3.600781 -7.132637 0.117934 0.018029 0.004664 0.999121 0.037558
1718924388.505524158 -3.601885 -7.132679 0.117808 0.018008 0.004639 0.999122 0.037531
1718924388.510519505 -3.602990 -7.132724 0.117683 0.017988 0.004612 0.999124 0.037505
1718924388.570572376 -3.616100 -7.133150 0.116217 0.017925 0.004287 0.999130 0.037417
1718924388.590529203 -3.620426 -7.133163 0.115656 0.017891 0.004219 0.999135 0.037301
1718924388.595516443 -3.621509 -7.133153 0.115517 0.017891 0.004208 0.999136 0.037277
1718924388.599993229 -3.622480 -7.133139 0.115395 0.017884 0.004196 0.999137 0.037256
1718924388.599993229 -3.622480 -7.133139 0.115395 0.017884 0.004196 0.999137 0.037256
1718924388.600607634 -3.622613 -7.133138 0.115382 0.017883 0.004194 0.999137 0.037254
1718924388.605583429 -3.623685 -7.133125 0.115282 0.017879 0.004175 0.999137 0.037245
1718924388.610554457 -3.624755 -7.133108 0.115183 0.017887 0.004160 0.999138 0.037237
1718924388.615564108 -3.625832 -7.133086 0.115084 0.017900 0.004145 0.999138 0.037232
1718924388.620623589 -3.626917 -7.133060 0.114982 0.017911 0.004135 0.999137 0.037239
1718924388.625609875 -3.627984 -7.133029 0.114880 0.017922 0.004132 0.999137 0.037244
1718924388.630610943 -3.629050 -7.132995 0.114774 0.017929 0.004124 0.999137 0.037251
1718924388.635535002 -3.630098 -7.132956 0.114669 0.017925 0.004115 0.999136 0.037263
1718924388.640586615 -3.631171 -7.132913 0.114560 0.017924 0.004114 0.999135 0.037288
1718924388.645574570 -3.632230 -7.132867 0.114453 0.017928 0.004119 0.999134 0.037310
1718924388.650567055 -3.633288 -7.132818 0.114345 0.017935 0.004117 0.999134 0.037331
1718924388.655520439 -3.634338 -7.132766 0.114236 0.017942 0.004112 0.999132 0.037359
1718924388.660569429 -3.635408 -7.132710 0.114125 0.017947 0.004105 0.999131 0.037389
1718924388.665580988 -3.636468 -7.132652 0.114012 0.017952 0.004091 0.999130 0.037420
1718924388.670601606 -3.637530 -7.132593 0.113898 0.017957 0.004083 0.999129 0.037451
1718924388.675523520 -3.638572 -7.132534 0.113786 0.017957 0.004089 0.999128 0.037484
1718924388.680586100 -3.639645 -7.132474 0.113673 0.017960 0.004095 0.999126 0.037513
1718924388.685541630 -3.640696 -7.132416 0.113566 0.017967 0.004094 0.999125 0.037543
1718924388.690599203 -3.641771 -7.132356 0.113460 0.017971 0.004089 0.999124 0.037577
1718924388.695557117 -3.642825 -7.132298 0.113361 0.017976 0.004079 0.999123 0.037604
1718924388.699896097 -3.643748 -7.132247 0.113274 0.017978 0.004069 0.999122 0.037628
1718924388.699896097 -3.643748 -7.132247 0.113274 0.017978 0.004069 0.999122 0.037628
1718924388.700551033 -3.643888 -7.132238 0.113262 0.017978 0.004069 0.999122 0.037631
1718924388.705522299 -3.644949 -7.132178 0.113176 0.017975 0.004063 0.999121 0.037655
1718924388.710565567 -3.646025 -7.132119 0.113085 0.017971 0.004064 0.999120 0.037682
1718924388.715564251 -3.647090 -7.132063 0.112994 0.017966 0.004067 0.999119 0.037707
1718924388.799989223 -3.664794 -7.131747 0.111433 0.017812 0.003289 0.999120 0.037835
1718924388.799989223 -3.664794 -7.131747 0.111433 0.017812 0.003289 0.999120 0.037835
1718924388.805536747 -3.665936 -7.131769 0.111342 0.017804 0.003238 0.999120 0.037842
1718924388.810531616 -3.666963 -7.131794 0.111258 0.017798 0.003205 0.999120 0.037853
1718924388.815540552 -3.667991 -7.131821 0.111174 0.017795 0.003177 0.999119 0.037879
1718924388.820568085 -3.669022 -7.131850 0.111091 0.017798 0.003141 0.999117 0.037919
1718924388.825560570 -3.670043 -7.131880 0.111008 0.017803 0.003091 0.999116 0.037960
1718924388.830536604 -3.671058 -7.131911 0.110928 0.017805 0.003033 0.999115 0.037996
1718924388.835543871 -3.672077 -7.131945 0.110847 0.017808 0.002974 0.999114 0.038028
1718924388.840533018 -3.673089 -7.131981 0.110766 0.017807 0.002910 0.999113 0.038053
1718924388.845524788 -3.674099 -7.132019 0.110685 0.017807 0.002838 0.999112 0.038082
1718924388.850517035 -3.675108 -7.132058 0.110605 0.017807 0.002772 0.999110 0.038135
1718924388.855534077 -3.676119 -7.132099 0.110524 0.017805 0.002713 0.999108 0.038194
1718924388.860538721 -3.677125 -7.132141 0.110444 0.017806 0.002662 0.999106 0.038248
1718924388.865526915 -3.678125 -7.132182 0.110366 0.017814 0.002616 0.999104 0.038303
1718924388.870537281 -3.679127 -7.132221 0.110288 0.017826 0.002561 0.999101 0.038367
1718924388.875542402 -3.680125 -7.132254 0.110209 0.017833 0.002476 0.999098 0.038446
1718924388.880561352 -3.681121 -7.132281 0.110129 0.017825 0.002360 0.999095 0.038534
1718924388.885526419 -3.682100 -7.132301 0.110049 0.017799 0.002245 0.999093 0.038630
1718924388.890529633 -3.683081 -7.132317 0.109967 0.017769 0.002129 0.999089 0.038745
1718924388.895526648 -3.684053 -7.132328 0.109888 0.017743 0.002019 0.999085 0.038862
1718924388.900015116 -3.684920 -7.132332 0.109818 0.017724 0.001927 0.999081 0.038975
1718924388.900015116 -3.684920 -7.132332 0.109818 0.017724 0.001927 0.999081 0.038975
1718924388.900530577 -3.685019 -7.132332 0.109811 0.017722 0.001918 0.999081 0.038988
1718924388.905528069 -3.685980 -7.132327 0.109752 0.017697 0.001840 0.999076 0.039124
1718924388.910515070 -3.686934 -7.132317 0.109694 0.017666 0.001780 0.999071 0.039267
1718924388.915554285 -3.687891 -7.132302 0.109635 0.017633 0.001726 0.999065 0.039424
1718924388.995559692 -3.702393 -7.132074 0.109146 0.016755 -0.002111 0.998886 0.044065
1718924389.000518084 -3.703248 -7.132018 0.109076 0.016706 -0.002326 0.998874 0.044345
1718924389.005543947 -3.704111 -7.131966 0.109001 0.016650 -0.002513 0.998861 0.044641
1718924389.010547638 -3.704966 -7.131919 0.108921 0.016590 -0.002690 0.998848 0.044948
1718924389.015535355 -3.705818 -7.131874 0.108841 0.016536 -0.002864 0.998834 0.045260
1718924389.020595312 -3.706683 -7.131830 0.108762 0.016488 -0.003019 0.998820 0.045587
1718924389.025599480 -3.707538 -7.131790 0.108684 0.016446 -0.003145 0.998805 0.045920
1718924389.030533314 -3.708383 -7.131755 0.108609 0.016412 -0.003248 0.998790 0.046247
1718924389.035558224 -3.709243 -7.131723 0.108533 0.016388 -0.003364 0.998776 0.046554
1718924389.040528774 -3.710095 -7.131691 0.108457 0.016365 -0.003496 0.998762 0.046846
1718924389.045573473 -3.710960 -7.131659 0.108379 0.016339 -0.003643 0.998748 0.047133
1718924389.050534487 -3.711810 -7.131630 0.108299 0.016310 -0.003790 0.998735 0.047406
1718924389.055558920 -3.712671 -7.131606 0.108216 0.016286 -0.003918 0.998723 0.047659
1718924389.060515165 -3.713522 -7.131589 0.108136 0.016269 -0.004015 0.998712 0.047883
1718924389.065548420 -3.714387 -7.131577 0.108055 0.016260 -0.004085 0.998703 0.048085
1718924389.070514202 -3.715242 -7.131570 0.107976 0.016257 -0.004132 0.998694 0.048256
1718924389.075517893 -3.716105 -7.131566 0.107897 0.016254 -0.004160 0.998687 0.048410
1718924389.080515385 -3.716970 -7.131567 0.107820 0.016245 -0.004179 0.998680 0.048547
1718924389.085517168 -3.717839 -7.131571 0.107743 0.016226 -0.004190 0.998675 0.048662
1718924389.090516806 -3.718709 -7.131581 0.107664 0.016203 -0.004193 0.998671 0.048755
1718924389.095504284 -3.719579 -7.131596 0.107583 0.016179 -0.004190 0.998667 0.048835
1718924389.099988222 -3.720363 -7.131613 0.107507 0.016152 -0.004183 0.998665 0.048893
1718924389.099988222 -3.720363 -7.131613 0.107507 0.016152 -0.004183 0.998665 0.048893
1718924389.100505114 -3.720453 -7.131615 0.107502 0.016149 -0.004182 0.998664 0.048899
1718924389.105512142 -3.721328 -7.131639 0.107451 0.016124 -0.004173 0.998662 0.048951
1718924389.110517740 -3.722208 -7.131667 0.107397 0.016110 -0.004169 0.998660 0.048994
1718924389.115579844 -3.723103 -7.131698 0.107339 0.016107 -0.004169 0.998659 0.049031
1718924389.195502996 -3.737807 -7.131778 0.106632 0.015947 -0.004246 0.998641 0.049433
1718924389.199991941 -3.738666 -7.131763 0.106587 0.015944 -0.004248 0.998640 0.049447
1718924389.199991941 -3.738666 -7.131763 0.106587 0.015944 -0.004248 0.998640 0.049447
1718924389.200506449 -3.738764 -7.131762 0.106584 0.015943 -0.004248 0.998640 0.049449
1718924389.205518246 -3.739724 -7.131751 0.106563 0.015938 -0.004260 0.998639 0.049481
1718924389.210515976 -3.740683 -7.131737 0.106544 0.015926 -0.004277 0.998637 0.049515
1718924389.215581179 -3.741658 -7.131720 0.106527 0.015909 -0.004299 0.998636 0.049548
1718924389.220531702 -3.742614 -7.131701 0.106511 0.015894 -0.004315 0.998634 0.049587
1718924389.225514412 -3.743580 -7.131679 0.106495 0.015889 -0.004329 0.998632 0.049618
1718924389.230527401 -3.744553 -7.131655 0.106476 0.015888 -0.004337 0.998631 0.049649
1718924389.235598326 -3.745540 -7.131628 0.106455 0.015888 -0.004341 0.998629 0.049682
1718924389.240525246 -3.746500 -7.131600 0.106433 0.015884 -0.004348 0.998628 0.049714
1718924389.245570660 -3.747482 -7.131570 0.106409 0.015882 -0.004356 0.998626 0.049749
1718924389.250531673 -3.748448 -7.131539 0.106386 0.015884 -0.004357 0.998624 0.049778
1718924389.255565643 -3.749429 -7.131506 0.106366 0.015887 -0.004356 0.998623 0.049800
1718924389.260526896 -3.750398 -7.131472 0.106348 0.015894 -0.004350 0.998622 0.049819
1718924389.265559435 -3.751381 -7.131436 0.106332 0.015900 -0.004341 0.998621 0.049841
1718924389.270503998 -3.752346 -7.131400 0.106317 0.015907 -0.004335 0.998620 0.049868
1718924389.275521755 -3.753323 -7.131363 0.106302 0.015905 -0.004331 0.998619 0.049889
1718924389.280521154 -3.754294 -7.131325 0.106287 0.015901 -0.004320 0.998618 0.049903
1718924389.285518646 -3.755265 -7.131288 0.106274 0.015902 -0.004296 0.998618 0.049912
1718924389.290511370 -3.756235 -7.131249 0.106263 0.015909 -0.004269 0.998616 0.049938
1718924389.295611620 -3.757228 -7.131208 0.106253 0.015932 -0.004252 0.998614 0.049985
1718924389.299987078 -3.758082 -7.131170 0.106245 0.015956 -0.004269 0.998611 0.050031
1718924389.299987078 -3.758082 -7.131170 0.106245 0.015956 -0.004269 0.998611 0.050031
1718924389.300538301 -3.758189 -7.131164 0.106245 0.015959 -0.004270 0.998611 0.050036
1718924389.305571318 -3.759174 -7.131113 0.106247 0.015994 -0.004326 0.998607 0.050089
1718924389.310546637 -3.760149 -7.131059 0.106248 0.016035 -0.004393 0.998603 0.050150
1718924389.315569878 -3.761136 -7.131003 0.106245 0.016082 -0.004458 0.998598 0.050227
1718924389.380522251 -3.774164 -7.130082 0.106160 0.016257 -0.004598 0.998475 0.052554
1718924389.385535479 -3.775198 -7.129986 0.106139 0.016281 -0.004589 0.998467 0.052701
1718924389.390508890 -3.776227 -7.129888 0.106113 0.016308 -0.004578 0.998460 0.052822
1718924389.395520687 -3.777265 -7.129785 0.106078 0.016337 -0.004572 0.998455 0.052921
1718924389.400000095 -3.778192 -7.129689 0.106037 0.016361 -0.004576 0.998450 0.052993
1718924389.400000095 -3.778192 -7.129689 0.106037 0.016361 -0.004576 0.998450 0.052993
1718924389.400513649 -3.778298 -7.129679 0.106034 0.016364 -0.004577 0.998450 0.053002
1718924389.405560732 -3.779350 -7.129578 0.106001 0.016393 -0.004602 0.998445 0.053090
1718924389.410515785 -3.780381 -7.129475 0.105958 0.016442 -0.004623 0.998439 0.053182
1718924389.415577412 -3.781437 -7.129368 0.105907 0.016517 -0.004619 0.998433 0.053261
1718924389.420519829 -3.782471 -7.129260 0.105852 0.016597 -0.004578 0.998429 0.053328
1718924389.425605774 -3.783538 -7.129145 0.105792 0.016691 -0.004506 0.998424 0.053391
1718924389.430616379 -3.784590 -7.129025 0.105732 0.016794 -0.004416 0.998420 0.053444
1718924389.435523510 -3.785621 -7.128902 0.105672 0.016907 -0.004321 0.998416 0.053484
1718924389.440529346 -3.786677 -7.128770 0.105606 0.017039 -0.004211 0.998412 0.053522
1718924389.445519924 -3.787736 -7.128635 0.105535 0.017186 -0.004064 0.998409 0.053545
1718924389.450526237 -3.788803 -7.128495 0.105456 0.017345 -0.003875 0.998407 0.053557
1718924389.455512762 -3.789867 -7.128347 0.105372 0.017506 -0.003670 0.998405 0.053551
1718924389.460505009 -3.790933 -7.128190 0.105288 0.017673 -0.003469 0.998405 0.053515
1718924389.465527296 -3.792008 -7.128022 0.105207 0.017845 -0.003278 0.998405 0.053457
1718924389.470519781 -3.793080 -7.127846 0.105132 0.018021 -0.003106 0.998406 0.053402
1718924389.475529432 -3.794161 -7.127660 0.105069 0.018182 -0.002978 0.998406 0.053347
1718924389.480513334 -3.795243 -7.127466 0.105025 0.018303 -0.002924 0.998407 0.053292
1718924389.485588551 -3.796348 -7.127263 0.105003 0.018359 -0.002947 0.998408 0.053252
1718924389.490518570 -3.797424 -7.127064 0.105004 0.018357 -0.003018 0.998409 0.053232
1718924389.495558023 -3.798525 -7.126862 0.105020 0.018318 -0.003082 0.998409 0.053240
1718924389.499993086 -3.799494 -7.126688 0.105040 0.018272 -0.003096 0.998408 0.053276
1718924389.499993086 -3.799494 -7.126688 0.105040 0.018272 -0.003096 0.998408 0.053276
1718924389.500545740 -3.799614 -7.126666 0.105043 0.018266 -0.003098 0.998408 0.053280
1718924389.505540371 -3.800698 -7.126471 0.105069 0.018229 -0.003038 0.998405 0.053353
1718924389.510552645 -3.801785 -7.126286 0.105084 0.018228 -0.002919 0.998399 0.053467
1718924389.515518665 -3.802861 -7.126113 0.105086 0.018249 -0.002781 0.998391 0.053609
1718924389.599993944 -3.821023 -7.123594 0.104402 0.018388 -0.002186 0.998547 0.050609
1718924389.599993944 -3.821023 -7.123594 0.104402 0.018388 -0.002186 0.998547 0.050609
1718924389.635535955 -3.828741 -7.122788 0.103865 0.018474 -0.001968 0.998607 0.049385
1718924389.655516624 -3.833069 -7.122318 0.103505 0.018481 -0.001916 0.998631 0.048902
1718924389.660519123 -3.834148 -7.122189 0.103419 0.018476 -0.001898 0.998636 0.048803
1718924389.665555477 -3.835233 -7.122056 0.103334 0.018470 -0.001874 0.998640 0.048719
1718924389.670525789 -3.836304 -7.121923 0.103252 0.018468 -0.001841 0.998643 0.048658
1718924389.675525427 -3.837381 -7.121788 0.103167 0.018472 -0.001803 0.998645 0.048619
1718924389.680523872 -3.838460 -7.121651 0.103081 0.018478 -0.001766 0.998647 0.048585
1718924389.685511351 -3.839535 -7.121512 0.102991 0.018476 -0.001730 0.998648 0.048561
1718924389.690503120 -3.840610 -7.121370 0.102897 0.018478 -0.001698 0.998648 0.048560
1718924389.695512056 -3.841690 -7.121225 0.102801 0.018480 -0.001675 0.998648 0.048562
1718924389.699906111 -3.842639 -7.121096 0.102715 0.018478 -0.001659 0.998648 0.048563
1718924389.699906111 -3.842639 -7.121096 0.102715 0.018478 -0.001659 0.998648 0.048563
1718924389.700512409 -3.842770 -7.121078 0.102704 0.018477 -0.001657 0.998648 0.048562
1718924389.705508709 -3.843851 -7.120928 0.102620 0.018478 -0.001644 0.998648 0.048558
1718924389.710502863 -3.844935 -7.120776 0.102538 0.018476 -0.001636 0.998648 0.048564
1718924389.715497732 -3.846021 -7.120622 0.102458 0.018471 -0.001625 0.998647 0.048576
1718924389.799993992 -3.864617 -7.118136 0.101115 0.018729 -0.001977 0.998650 0.048413
1718924389.799993992 -3.864617 -7.118136 0.101115 0.018729 -0.001977 0.998650 0.048413
1718924389.815521002 -3.868055 -7.117722 0.100884 0.018782 -0.002051 0.998650 0.048394
1718924389.835515022 -3.872502 -7.117219 0.100587 0.018848 -0.002026 0.998645 0.048473
1718924389.840521336 -3.873625 -7.117091 0.100506 0.018850 -0.002007 0.998644 0.048480
1718924389.845522404 -3.874749 -7.116965 0.100423 0.018848 -0.001985 0.998644 0.048492
1718924389.850519419 -3.875872 -7.116842 0.100339 0.018846 -0.001953 0.998643 0.048516
1718924389.855505943 -3.876996 -7.116720 0.100254 0.018847 -0.001920 0.998643 0.048517
1718924389.860523939 -3.878131 -7.116598 0.100167 0.018852 -0.001889 0.998643 0.048509
1718924389.865516424 -3.879264 -7.116476 0.100079 0.018860 -0.001860 0.998643 0.048507
1718924389.870519400 -3.880401 -7.116354 0.099989 0.018864 -0.001841 0.998643 0.048501
1718924389.875524521 -3.881539 -7.116231 0.099900 0.018869 -0.001827 0.998644 0.048494
1718924389.880540848 -3.882682 -7.116107 0.099812 0.018870 -0.001819 0.998644 0.048486
1718924389.885515451 -3.883817 -7.115982 0.099728 0.018872 -0.001813 0.998645 0.048474
1718924389.890520811 -3.884962 -7.115855 0.099648 0.018880 -0.001810 0.998645 0.048458
1718924389.895512819 -3.886106 -7.115726 0.099570 0.018888 -0.001803 0.998646 0.048434
1718924389.900010109 -3.887135 -7.115610 0.099499 0.018887 -0.001784 0.998647 0.048407
1718924389.900010109 -3.887135 -7.115610 0.099499 0.018887 -0.001784 0.998647 0.048407
1718924389.900517464 -3.887251 -7.115597 0.099492 0.018887 -0.001782 0.998648 0.048404
1718924389.905516148 -3.888395 -7.115465 0.099423 0.018882 -0.001752 0.998650 0.048365
1718924389.910521507 -3.889540 -7.115331 0.099352 0.018889 -0.001718 0.998651 0.048332
1718924389.915520191 -3.890686 -7.115194 0.099281 0.018899 -0.001677 0.998653 0.048302
1718924389.990549326 -3.907979 -7.113435 0.098141 0.018734 -0.001150 0.998610 0.049256
1718924389.995555878 -3.909138 -7.113325 0.098025 0.018722 -0.001120 0.998608 0.049302
1718924390.000504971 -3.910287 -7.113217 0.097908 0.018717 -0.001092 0.998605 0.049352
1718924390.005508423 -3.911453 -7.113109 0.097790 0.018721 -0.001069 0.998604 0.049387
1718924390.010523796 -3.912624 -7.113002 0.097671 0.018727 -0.001042 0.998602 0.049425
1718924390.015524626 -3.913795 -7.112897 0.097550 0.018731 -0.001001 0.998600 0.049460
1718924390.020527363 -3.914968 -7.112794 0.097428 0.018732 -0.000951 0.998599 0.049484
1718924390.025525093 -3.916142 -7.112692 0.097305 0.018728 -0.000905 0.998598 0.049500
1718924390.030529499 -3.917321 -7.112589 0.097182 0.018719 -0.000873 0.998598 0.049505
1718924390.035526752 -3.918504 -7.112488 0.097061 0.018709 -0.000856 0.998598 0.049506
1718924390.040521622 -3.919690 -7.112388 0.096944 0.018704 -0.000853 0.998598 0.049516
1718924390.045561790 -3.920889 -7.112291 0.096828 0.018699 -0.000849 0.998598 0.049522
1718924390.050542116 -3.922076 -7.112198 0.096716 0.018701 -0.000839 0.998597 0.049531
1718924390.055578947 -3.923279 -7.112107 0.096603 0.018702 -0.000820 0.998597 0.049527
1718924390.060516834 -3.924459 -7.112020 0.096492 0.018707 -0.000794 0.998598 0.049512
1718924390.065510273 -3.925653 -7.111935 0.096380 0.018708 -0.000762 0.998599 0.049486
1718924390.070521593 -3.926852 -7.111853 0.096267 0.018704 -0.000727 0.998601 0.049463
1718924390.075512648 -3.928045 -7.111776 0.096156 0.018705 -0.000697 0.998601 0.049446
1718924390.080517054 -3.929241 -7.111702 0.096047 0.018712 -0.000671 0.998602 0.049423
1718924390.085512638 -3.930436 -7.111631 0.095942 0.018715 -0.000646 0.998603 0.049408
1718924390.090501070 -3.931630 -7.111563 0.095841 0.018722 -0.000638 0.998603 0.049407
1718924390.095525265 -3.932833 -7.111498 0.095744 0.018734 -0.000641 0.998603 0.049404
1718924390.099985838 -3.933898 -7.111443 0.095659 0.018745 -0.000647 0.998603 0.049402
1718924390.099985838 -3.933898 -7.111443 0.095659 0.018745 -0.000647 0.998603 0.049402
1718924390.100519896 -3.934025 -7.111437 0.095651 0.018746 -0.000647 0.998603 0.049402
1718924390.105512381 -3.935212 -7.111382 0.095576 0.018751 -0.000657 0.998602 0.049408
1718924390.110509872 -3.936400 -7.111332 0.095501 0.018761 -0.000677 0.998602 0.049415
1718924390.115524530 -3.937590 -7.111286 0.095425 0.018775 -0.000702 0.998600 0.049442
1718924390.199982882 -3.956578 -7.110632 0.094330 0.018662 -0.001609 0.998621 0.049048
1718924390.199982882 -3.956578 -7.110632 0.094330 0.018662 -0.001609 0.998621 0.049048
1718924390.215537071 -3.959824 -7.110545 0.094163 0.018650 -0.001773 0.998623 0.049004
1718924390.220536947 -3.960855 -7.110516 0.094109 0.018647 -0.001825 0.998624 0.048976
1718924390.225524187 -3.961875 -7.110488 0.094056 0.018652 -0.001874 0.998625 0.048951
1718924390.230622768 -3.962909 -7.110460 0.094002 0.018654 -0.001929 0.998626 0.048935
1718924390.235517025 -3.963891 -7.110433 0.093952 0.018660 -0.001977 0.998626 0.048925
1718924390.240591526 -3.964900 -7.110406 0.093904 0.018672 -0.002016 0.998626 0.048928
1718924390.245524645 -3.965869 -7.110380 0.093862 0.018685 -0.002057 0.998625 0.048940
1718924390.250511646 -3.966836 -7.110355 0.093825 0.018701 -0.002101 0.998623 0.048969
1718924390.255527258 -3.967796 -7.110330 0.093792 0.018712 -0.002162 0.998620 0.049015
1718924390.260514259 -3.968738 -7.110306 0.093764 0.018726 -0.002233 0.998618 0.049060
1718924390.265523434 -3.969675 -7.110284 0.093739 0.018750 -0.002309 0.998615 0.049112
1718924390.270521641 -3.970599 -7.110266 0.093718 0.018775 -0.002394 0.998611 0.049167
1718924390.275525570 -3.971512 -7.110252 0.093698 0.018788 -0.002474 0.998608 0.049225
1718924390.280523062 -3.972409 -7.110243 0.093680 0.018798 -0.002554 0.998604 0.049298
1718924390.285530329 -3.973295 -7.110240 0.093663 0.018800 -0.002644 0.998600 0.049377
1718924390.290573835 -3.974175 -7.110243 0.093650 0.018801 -0.002752 0.998595 0.049462
1718924390.295514345 -3.975023 -7.110254 0.093641 0.018798 -0.002864 0.998591 0.049541
1718924390.299978971 -3.975778 -7.110270 0.093637 0.018789 -0.002960 0.998588 0.049609
1718924390.299978971 -3.975778 -7.110270 0.093637 0.018789 -0.002960 0.998588 0.049609
1718924390.300515890 -3.975868 -7.110273 0.093637 0.018788 -0.002972 0.998587 0.049616
1718924390.305512428 -3.976701 -7.110301 0.093645 0.018768 -0.003090 0.998584 0.049687
1718924390.310556889 -3.977528 -7.110340 0.093657 0.018747 -0.003220 0.998580 0.049758
1718924390.315538168 -3.978331 -7.110390 0.093675 0.018724 -0.003358 0.998577 0.049817
1718924390.399988890 -3.991908 -7.111117 0.093840 0.018725 -0.005744 0.998647 0.048178
1718924390.399988890 -3.991908 -7.111117 0.093840 0.018725 -0.005744 0.998647 0.048178
1718924390.405512094 -3.992805 -7.111146 0.093835 0.018726 -0.005901 0.998651 0.048069
1718924390.410507917 -3.993617 -7.111171 0.093829 0.018727 -0.006049 0.998655 0.047959
1718924390.415524006 -3.994434 -7.111193 0.093819 0.018723 -0.006188 0.998659 0.047860
1718924390.420545578 -3.995253 -7.111211 0.093806 0.018715 -0.006316 0.998662 0.047783
1718924390.425513029 -3.996068 -7.111222 0.093791 0.018712 -0.006431 0.998665 0.047711
1718924390.430527925 -3.996895 -7.111224 0.093773 0.018719 -0.006539 0.998668 0.047633
1718924390.435518742 -3.997722 -7.111217 0.093751 0.018729 -0.006646 0.998670 0.047568
1718924390.440517426 -3.998554 -7.111199 0.093726 0.018733 -0.006759 0.998672 0.047515
1718924390.445516348 -3.999388 -7.111169 0.093696 0.018738 -0.006869 0.998673 0.047470
1718924390.450509071 -4.000224 -7.111126 0.093661 0.018745 -0.006959 0.998674 0.047441
1718924390.455522537 -4.001065 -7.111070 0.093621 0.018748 -0.007037 0.998674 0.047429
1718924390.460517883 -4.001907 -7.111001 0.093576 0.018744 -0.007105 0.998674 0.047425
1718924390.465517998 -4.002753 -7.110917 0.093526 0.018741 -0.007161 0.998673 0.047424
1718924390.470524549 -4.003603 -7.110818 0.093472 0.018744 -0.007208 0.998673 0.047420
1718924390.475549698 -4.004460 -7.110705 0.093414 0.018748 -0.007249 0.998673 0.047424
1718924390.480524302 -4.005310 -7.110577 0.093352 0.018753 -0.007287 0.998672 0.047432
1718924390.485584736 -4.006177 -7.110432 0.093286 0.018756 -0.007316 0.998671 0.047442
1718924390.490501881 -4.007023 -7.110277 0.093220 0.018762 -0.007340 0.998670 0.047455
1718924390.495502949 -4.007887 -7.110104 0.093150 0.018772 -0.007365 0.998669 0.047462
1718924390.499992132 -4.008666 -7.109937 0.093085 0.018774 -0.007378 0.998669 0.047471
1718924390.499992132 -4.008666 -7.109937 0.093085 0.018774 -0.007378 0.998669 0.047471
1718924390.500507355 -4.008756 -7.109917 0.093078 0.018774 -0.007380 0.998669 0.047471
1718924390.505499363 -4.009625 -7.109718 0.093004 0.018767 -0.007386 0.998669 0.047480
1718924390.510549307 -4.010507 -7.109503 0.092926 0.018752 -0.007390 0.998669 0.047478
1718924390.515587091 -4.011390 -7.109279 0.092846 0.018739 -0.007384 0.998669 0.047475
1718924390.599997997 -4.025741 -7.106061 0.091732 0.018937 -0.006345 0.998618 0.048608
1718924390.599997997 -4.025741 -7.106061 0.091732 0.018937 -0.006345 0.998618 0.048608
1718924390.605512142 -4.026650 -7.105888 0.091687 0.018952 -0.006280 0.998615 0.048681
1718924390.610505581 -4.027471 -7.105736 0.091648 0.018965 -0.006227 0.998612 0.048750
1718924390.615553856 -4.028299 -7.105587 0.091611 0.018978 -0.006172 0.998608 0.048821
1718924390.620526314 -4.029113 -7.105446 0.091578 0.018997 -0.006119 0.998605 0.048884
1718924390.625575066 -4.029938 -7.105307 0.091548 0.019020 -0.006069 0.998602 0.048945
1718924390.630513430 -4.030745 -7.105176 0.091522 0.019048 -0.006022 0.998599 0.049007
1718924390.635570049 -4.031569 -7.105046 0.091499 0.019084 -0.005971 0.998595 0.049074
1718924390.640516281 -4.032373 -7.104924 0.091478 0.019117 -0.005918 0.998591 0.049144
1718924390.645522594 -4.033186 -7.104804 0.091460 0.019156 -0.005859 0.998587 0.049213
1718924390.650527954 -4.033998 -7.104689 0.091443 0.019195 -0.005792 0.998584 0.049283
1718924390.655519009 -4.034807 -7.104577 0.091427 0.019227 -0.005728 0.998580 0.049352
1718924390.660515308 -4.035616 -7.104468 0.091410 0.019238 -0.005665 0.998577 0.049409
1718924390.665514946 -4.036425 -7.104361 0.091393 0.019237 -0.005592 0.998575 0.049454
1718924390.670504570 -4.037232 -7.104257 0.091378 0.019230 -0.005510 0.998574 0.049492
1718924390.675502777 -4.038040 -7.104152 0.091365 0.019216 -0.005431 0.998573 0.049522
1718924390.680560112 -4.038857 -7.104046 0.091353 0.019196 -0.005348 0.998574 0.049535
1718924390.685580254 -4.039666 -7.103939 0.091340 0.019186 -0.005257 0.998574 0.049532
1718924390.690520763 -4.040464 -7.103832 0.091326 0.019192 -0.005172 0.998576 0.049509
1718924390.695522308 -4.041273 -7.103722 0.091311 0.019219 -0.005088 0.998578 0.049465
1718924390.699985027 -4.041999 -7.103619 0.091296 0.019253 -0.005020 0.998580 0.049420
1718924390.699985027 -4.041999 -7.103619 0.091296 0.019253 -0.005020 0.998580 0.049420
1718924390.700524807 -4.042086 -7.103606 0.091295 0.019257 -0.005013 0.998580 0.049413
1718924390.705528259 -4.042901 -7.103487 0.091277 0.019302 -0.004935 0.998582 0.049357
1718924390.710518122 -4.043715 -7.103363 0.091256 0.019350 -0.004848 0.998585 0.049294
1718924390.715493202 -4.044527 -7.103233 0.091232 0.019398 -0.004748 0.998588 0.049221
1718924390.799993038 -4.059371 -7.100964 0.090747 0.020400 -0.001916 0.998588 0.049016
1718924390.799993038 -4.059371 -7.100964 0.090747 0.020400 -0.001916 0.998588 0.049016
1718924390.810548067 -4.061366 -7.100678 0.090678 0.020523 -0.001557 0.998587 0.049000
1718924390.815584183 -4.062331 -7.100537 0.090645 0.020593 -0.001387 0.998586 0.048987
1718924390.820518732 -4.063283 -7.100398 0.090610 0.020672 -0.001213 0.998586 0.048966
1718924390.825567722 -4.064264 -7.100254 0.090574 0.020759 -0.001024 0.998585 0.048942
1718924390.830531836 -4.065235 -7.100110 0.090535 0.020851 -0.000834 0.998585 0.048919
1718924390.835518837 -4.066216 -7.099963 0.090491 0.020944 -0.000643 0.998585 0.048885
1718924390.840506077 -4.067204 -7.099813 0.090443 0.021040 -0.000442 0.998586 0.048820
1718924390.845548868 -4.068207 -7.099660 0.090389 0.021141 -0.000230 0.998588 0.048732
1718924390.850498199 -4.069197 -7.099508 0.090334 0.021233 -0.000026 0.998591 0.048641
1718924390.855550766 -4.070212 -7.099348 0.090277 0.021322 0.000168 0.998593 0.048545
1718924390.860507965 -4.071212 -7.099188 0.090226 0.021394 0.000330 0.998597 0.048448
1718924390.865539789 -4.072231 -7.099022 0.090184 0.021439 0.000460 0.998600 0.048348
1718924390.870515585 -4.073243 -7.098856 0.090152 0.021451 0.000557 0.998605 0.048250
1718924390.875518322 -4.074265 -7.098691 0.090131 0.021446 0.000627 0.998609 0.048159
1718924390.880518198 -4.075292 -7.098532 0.090119 0.021438 0.000685 0.998613 0.048074
1718924390.885495424 -4.076321 -7.098379 0.090114 0.021442 0.000741 0.998617 0.048001
1718924390.890496254 -4.077361 -7.098232 0.090114 0.021460 0.000788 0.998619 0.047943
1718924390.895500660 -4.078407 -7.098095 0.090116 0.021480 0.000834 0.998621 0.047898
1718924390.900022030 -4.079355 -7.097982 0.090115 0.021502 0.000874 0.998622 0.047868
1718924390.900022030 -4.079355 -7.097982 0.090115 0.021502 0.000874 0.998622 0.047868
1718924390.900504112 -4.079456 -7.097971 0.090116 0.021504 0.000878 0.998622 0.047865
1718924390.905491352 -4.080508 -7.097860 0.090118 0.021534 0.000909 0.998622 0.047841
1718924390.910504103 -4.081567 -7.097767 0.090114 0.021561 0.000953 0.998622 0.047838
1718924390.915576220 -4.082640 -7.097690 0.090102 0.021578 0.000994 0.998620 0.047869
1718924390.995524883 -4.099584 -7.097007 0.090070 0.021773 0.000491 0.998520 0.049831
1718924391.000505447 -4.100641 -7.096986 0.090045 0.021793 0.000426 0.998515 0.049930
1718924391.005500793 -4.101700 -7.096963 0.090017 0.021807 0.000350 0.998511 0.050009
1718924391.010488272 -4.102757 -7.096939 0.089988 0.021813 0.000252 0.998507 0.050076
1718924391.015517473 -4.103824 -7.096909 0.089954 0.021812 0.000121 0.998503 0.050156
1718924391.020516872 -4.104886 -7.096868 0.089917 0.021806 -0.000039 0.998498 0.050267
1718924391.025517225 -4.105950 -7.096815 0.089878 0.021798 -0.000200 0.998491 0.050401
1718924391.030498266 -4.107012 -7.096753 0.089835 0.021797 -0.000323 0.998484 0.050536
1718924391.035515070 -4.108085 -7.096684 0.089787 0.021808 -0.000424 0.998477 0.050673
1718924391.040507555 -4.109155 -7.096605 0.089732 0.021827 -0.000520 0.998469 0.050831
1718924391.045512676 -4.110229 -7.096512 0.089670 0.021857 -0.000620 0.998458 0.051023
1718924391.050528288 -4.111304 -7.096405 0.089604 0.021898 -0.000728 0.998446 0.051245
1718924391.055490494 -4.112368 -7.096286 0.089535 0.021936 -0.000844 0.998433 0.051479
1718924391.060500145 -4.113442 -7.096151 0.089465 0.021968 -0.000962 0.998419 0.051734
1718924391.065500021 -4.114515 -7.096002 0.089396 0.021986 -0.001086 0.998404 0.052006
1718924391.070503950 -4.115589 -7.095839 0.089330 0.021991 -0.001214 0.998389 0.052298
1718924391.075489759 -4.116660 -7.095662 0.089269 0.021986 -0.001355 0.998373 0.052603
1718924391.080492020 -4.117737 -7.095470 0.089205 0.021969 -0.001484 0.998355 0.052938
1718924391.085494995 -4.118816 -7.095269 0.089135 0.021944 -0.001574 0.998337 0.053291
1718924391.090502739 -4.119899 -7.095061 0.089059 0.021934 -0.001611 0.998317 0.053653
1718924391.095488787 -4.120980 -7.094846 0.088980 0.021933 -0.001611 0.998297 0.054032
1718924391.099982977 -4.121956 -7.094643 0.088907 0.021933 -0.001606 0.998278 0.054386
1718924391.099982977 -4.121956 -7.094643 0.088907 0.021933 -0.001606 0.998278 0.054386
1718924391.100502014 -4.122069 -7.094618 0.088899 0.021933 -0.001605 0.998276 0.054426
1718924391.105496407 -4.123155 -7.094380 0.088821 0.021930 -0.001608 0.998253 0.054845
1718924391.110491753 -4.124244 -7.094133 0.088744 0.021929 -0.001624 0.998229 0.055277
1718924391.115499258 -4.125339 -7.093874 0.088667 0.021928 -0.001687 0.998204 0.055728
1718924391.195496798 -4.143180 -7.089534 0.086901 0.020656 -0.002413 0.997799 0.062970
1718924391.199981928 -4.144201 -7.089268 0.086777 0.020604 -0.002480 0.997775 0.063359
1718924391.199981928 -4.144201 -7.089268 0.086777 0.020604 -0.002480 0.997775 0.063359
1718924391.200536728 -4.144328 -7.089235 0.086762 0.020597 -0.002488 0.997772 0.063408
1718924391.205515385 -4.145465 -7.088931 0.086629 0.020554 -0.002585 0.997745 0.063837
1718924391.210502863 -4.146607 -7.088619 0.086497 0.020531 -0.002714 0.997718 0.064265
1718924391.215506792 -4.147753 -7.088299 0.086368 0.020536 -0.002884 0.997689 0.064697
1718924391.220500231 -4.148900 -7.087975 0.086241 0.020554 -0.003057 0.997661 0.065121
1718924391.225505352 -4.150052 -7.087649 0.086112 0.020564 -0.003203 0.997632 0.065547
1718924391.230501890 -4.151207 -7.087326 0.085984 0.020560 -0.003302 0.997605 0.065964
1718924391.235496521 -4.152365 -7.087005 0.085862 0.020527 -0.003350 0.997578 0.066370
1718924391.240487814 -4.153523 -7.086684 0.085749 0.020465 -0.003350 0.997554 0.066760
1718924391.245482683 -4.154683 -7.086365 0.085646 0.020391 -0.003315 0.997530 0.067131
1718924391.250505209 -4.155850 -7.086045 0.085550 0.020313 -0.003266 0.997508 0.067480
1718924391.255542755 -4.157021 -7.085726 0.085463 0.020240 -0.003225 0.997489 0.067795
1718924391.260500908 -4.158172 -7.085412 0.085385 0.020190 -0.003216 0.997470 0.068082
1718924391.265489578 -4.159329 -7.085095 0.085315 0.020159 -0.003257 0.997453 0.068338
1718924391.270488501 -4.160487 -7.084774 0.085252 0.020149 -0.003353 0.997437 0.068567
1718924391.275507450 -4.161650 -7.084449 0.085196 0.020160 -0.003465 0.997423 0.068774
1718924391.280492067 -4.162802 -7.084128 0.085143 0.020172 -0.003547 0.997410 0.068952
1718924391.285502911 -4.163957 -7.083811 0.085089 0.020179 -0.003589 0.997399 0.069098
1718924391.290495396 -4.165104 -7.083499 0.085034 0.020178 -0.003617 0.997390 0.069234
1718924391.295480490 -4.166248 -7.083187 0.084976 0.020165 -0.003633 0.997381 0.069367
1718924391.299983025 -4.167282 -7.082906 0.084920 0.020151 -0.003635 0.997373 0.069487
1718924391.299983025 -4.167282 -7.082906 0.084920 0.020151 -0.003635 0.997373 0.069487
1718924391.300485849 -4.167397 -7.082875 0.084913 0.020150 -0.003637 0.997372 0.069500
1718924391.305488586 -4.168547 -7.082567 0.084840 0.020143 -0.003607 0.997363 0.069633
1718924391.310483694 -4.169696 -7.082266 0.084757 0.020143 -0.003531 0.997354 0.069762
1718924391.315494776 -4.170849 -7.081970 0.084666 0.020145 -0.003444 0.997346 0.069888
1718924391.399991989 -4.190941 -7.078202 0.083839 0.020067 -0.002190 0.997550 0.066987
1718924391.399991989 -4.190941 -7.078202 0.083839 0.020067 -0.002190 0.997550 0.066987
1718924391.400491714 -4.191064 -7.078187 0.083839 0.020067 -0.002183 0.997551 0.066969
1718924391.405486107 -4.192295 -7.078040 0.083838 0.020068 -0.002123 0.997563 0.066791
1718924391.410499573 -4.193535 -7.077898 0.083846 0.020062 -0.002063 0.997575 0.066614
1718924391.415500164 -4.194773 -7.077761 0.083860 0.020060 -0.002007 0.997587 0.066430
1718924391.420498848 -4.196012 -7.077628 0.083881 0.020066 -0.001956 0.997600 0.066246
1718924391.425491095 -4.197252 -7.077500 0.083907 0.020074 -0.001894 0.997612 0.066063
1718924391.430494785 -4.198497 -7.077375 0.083936 0.020087 -0.001823 0.997624 0.065881
1718924391.435482502 -4.199740 -7.077252 0.083966 0.020110 -0.001735 0.997635 0.065700
1718924391.440504551 -4.200993 -7.077131 0.083996 0.020132 -0.001633 0.997646 0.065536
1718924391.445497990 -4.202241 -7.077012 0.084023 0.020149 -0.001528 0.997656 0.065379
1718924391.450491190 -4.203488 -7.076892 0.084046 0.020155 -0.001430 0.997665 0.065238
1718924391.455497265 -4.204741 -7.076769 0.084067 0.020145 -0.001347 0.997674 0.065104
1718924391.460489273 -4.205992 -7.076644 0.084086 0.020122 -0.001268 0.997684 0.064961
1718924391.465499640 -4.207248 -7.076517 0.084105 0.020102 -0.001191 0.997693 0.064826
1718924391.470485926 -4.208499 -7.076391 0.084123 0.020099 -0.001110 0.997701 0.064704
1718924391.475498676 -4.209760 -7.076262 0.084141 0.020113 -0.001029 0.997709 0.064587
1718924391.480495930 -4.211019 -7.076132 0.084160 0.020144 -0.000972 0.997715 0.064481
1718924391.485549927 -4.212294 -7.075996 0.084177 0.020177 -0.000934 0.997721 0.064382
1718924391.490530491 -4.213550 -7.075859 0.084192 0.020211 -0.000913 0.997725 0.064306
1718924391.495498657 -4.214802 -7.075720 0.084205 0.020238 -0.000913 0.997729 0.064242
1718924391.499980927 -4.215934 -7.075593 0.084216 0.020248 -0.000923 0.997732 0.064185
1718924391.499980927 -4.215934 -7.075593 0.084216 0.020248 -0.000923 0.997732 0.064185
1718924391.500495195 -4.216064 -7.075578 0.084218 0.020249 -0.000924 0.997733 0.064177
1718924391.505486727 -4.217326 -7.075434 0.084231 0.020260 -0.000935 0.997736 0.064115
1718924391.510491371 -4.218595 -7.075289 0.084244 0.020262 -0.000945 0.997740 0.064063
1718924391.515490532 -4.219867 -7.075141 0.084257 0.020269 -0.000958 0.997741 0.064035
1718924391.595495462 -4.240759 -7.072173 0.084915 0.020297 -0.001173 0.997720 0.064357
1718924391.599987984 -4.241961 -7.071970 0.084978 0.020302 -0.001192 0.997720 0.064360
1718924391.599987984 -4.241961 -7.071970 0.084978 0.020302 -0.001192 0.997720 0.064360
1718924391.600481987 -4.242094 -7.071948 0.084985 0.020302 -0.001194 0.997719 0.064360
1718924391.605474710 -4.243430 -7.071720 0.085057 0.020300 -0.001208 0.997720 0.064357
1718924391.610480070 -4.244769 -7.071488 0.085129 0.020299 -0.001205 0.997721 0.064343
1718924391.615506649 -4.246114 -7.071252 0.085202 0.020294 -0.001193 0.997722 0.064329
1718924391.620505810 -4.247452 -7.071014 0.085272 0.020293 -0.001186 0.997722 0.064318
1718924391.625490904 -4.248788 -7.070774 0.085340 0.020299 -0.001173 0.997723 0.064299
1718924391.630513906 -4.250134 -7.070528 0.085406 0.020305 -0.001150 0.997725 0.064275
1718924391.635495186 -4.251468 -7.070281 0.085469 0.020308 -0.001130 0.997727 0.064245
1718924391.640499115 -4.252808 -7.070029 0.085532 0.020306 -0.001112 0.997729 0.064211
1718924391.645482779 -4.254144 -7.069773 0.085596 0.020311 -0.001104 0.997732 0.064167
1718924391.650496006 -4.255491 -7.069511 0.085661 0.020320 -0.001096 0.997735 0.064123
1718924391.655488968 -4.256835 -7.069247 0.085727 0.020328 -0.001084 0.997737 0.064088
1718924391.660478592 -4.258178 -7.068979 0.085794 0.020335 -0.001080 0.997739 0.064055
1718924391.665585518 -4.259554 -7.068701 0.085864 0.020348 -0.001073 0.997741 0.064021
1718924391.670562267 -4.260897 -7.068428 0.085933 0.020368 -0.001060 0.997742 0.063990
1718924391.675553560 -4.262247 -7.068151 0.086003 0.020385 -0.001041 0.997743 0.063969
1718924391.680556059 -4.263601 -7.067870 0.086072 0.020396 -0.001024 0.997744 0.063952
1718924391.685569763 -4.264959 -7.067585 0.086139 0.020406 -0.001008 0.997744 0.063948
1718924391.690494061 -4.266294 -7.067303 0.086203 0.020415 -0.000991 0.997744 0.063951
1718924391.695491552 -4.267648 -7.067016 0.086264 0.020418 -0.000971 0.997743 0.063959
1718924391.699894190 -4.268843 -7.066762 0.086317 0.020416 -0.000948 0.997743 0.063966
1718924391.699894190 -4.268843 -7.066762 0.086317 0.020416 -0.000948 0.997743 0.063966
1718924391.699993849 -4.268250 -7.064642 0.106261 0.020459 -0.001957 0.997583 0.066369
1718924391.699993849 -4.268250 -7.064642 0.106261 0.020459 -0.001957 0.997583 0.066369
1718924391.700484991 -4.268357 -7.064633 0.106258 0.020459 -0.001954 0.997583 0.066370
1718924391.705480576 -4.269441 -7.064535 0.106227 0.020458 -0.001914 0.997583 0.066385
1718924391.710478544 -4.270528 -7.064435 0.106193 0.020458 -0.001871 0.997581 0.066407
1718924391.715492010 -4.271619 -7.064333 0.106160 0.020456 -0.001831 0.997580 0.066430
1718924391.795526266 -4.289262 -7.062952 0.105544 0.020673 -0.001621 0.997578 0.066397
1718924391.800489426 -4.290379 -7.062872 0.105514 0.020687 -0.001601 0.997579 0.066378
1718924391.805474997 -4.291504 -7.062792 0.105484 0.020694 -0.001580 0.997580 0.066359
1718924391.810487509 -4.292637 -7.062712 0.105454 0.020698 -0.001566 0.997580 0.066350
1718924391.815553665 -4.293786 -7.062633 0.105425 0.020705 -0.001566 0.997581 0.066347
1718924391.820578337 -4.294928 -7.062557 0.105395 0.020713 -0.001568 0.997581 0.066339
1718924391.825534821 -4.296056 -7.062485 0.105365 0.020721 -0.001555 0.997581 0.066337
1718924391.830536842 -4.297198 -7.062414 0.105333 0.020733 -0.001534 0.997580 0.066342
1718924391.835482121 -4.298329 -7.062346 0.105299 0.020749 -0.001513 0.997580 0.066337
1718924391.840490341 -4.299477 -7.062278 0.105263 0.020762 -0.001498 0.997580 0.066333
1718924391.845507622 -4.300628 -7.062212 0.105225 0.020769 -0.001483 0.997580 0.066334
1718924391.850485325 -4.301773 -7.062148 0.105185 0.020773 -0.001470 0.997580 0.066335
1718924391.855478287 -4.302923 -7.062086 0.105144 0.020777 -0.001455 0.997580 0.066338
1718924391.860533237 -4.304090 -7.062024 0.105105 0.020777 -0.001441 0.997580 0.066339
1718924391.865530968 -4.305247 -7.061964 0.105070 0.020781 -0.001441 0.997580 0.066329
1718924391.870523214 -4.306406 -7.061905 0.105037 0.020783 -0.001442 0.997581 0.066313
1718924391.875520468 -4.307567 -7.061847 0.105009 0.020777 -0.001441 0.997582 0.066300
1718924391.880476952 -4.308720 -7.061792 0.104983 0.020774 -0.001446 0.997583 0.066285
1718924391.885531425 -4.309896 -7.061736 0.104960 0.020773 -0.001443 0.997584 0.066271
1718924391.890484571 -4.311048 -7.061684 0.104939 0.020777 -0.001443 0.997585 0.066262
1718924391.895519972 -4.312220 -7.061632 0.104917 0.020782 -0.001461 0.997586 0.066249
1718924391.900011301 -4.313264 -7.061586 0.104898 0.020778 -0.001484 0.997586 0.066242
1718924391.900011301 -4.313264 -7.061586 0.104898 0.020778 -0.001484 0.997586 0.066242
1718924391.900479555 -4.313373 -7.061582 0.104897 0.020778 -0.001487 0.997586 0.066241
1718924391.905497789 -4.314537 -7.061534 0.104883 0.020781 -0.001513 0.997587 0.066228
1718924391.910484314 -4.315694 -7.061489 0.104869 0.020788 -0.001540 0.997588 0.066212
1718924391.915513515 -4.316861 -7.061446 0.104856 0.020793 -0.001569 0.997587 0.066217
1718924391.945597649 -4.323859 -7.061220 0.104888 0.020914 -0.001665 0.997576 0.066346
1718924391.950500727 -4.325006 -7.061184 0.104879 0.020922 -0.001685 0.997575 0.066366
1718924391.955534458 -4.326185 -7.061149 0.104871 0.020935 -0.001714 0.997573 0.066381
1718924391.960518837 -4.327354 -7.061115 0.104861 0.020947 -0.001752 0.997572 0.066394
1718924391.965553999 -4.328537 -7.061082 0.104850 0.020960 -0.001791 0.997571 0.066407
1718924391.970487356 -4.329698 -7.061050 0.104837 0.020972 -0.001815 0.997570 0.066413
1718924391.975499868 -4.330878 -7.061017 0.104821 0.020985 -0.001828 0.997570 0.066406
1718924391.980484962 -4.332050 -7.060984 0.104803 0.020991 -0.001830 0.997572 0.066386
1718924391.985490799 -4.333228 -7.060950 0.104783 0.020994 -0.001817 0.997573 0.066366
1718924391.990497112 -4.334405 -7.060915 0.104761 0.020993 -0.001800 0.997575 0.066338
1718924391.995478153 -4.335580 -7.060877 0.104740 0.020991 -0.001790 0.997577 0.066309
1718924392.000555038 -4.336779 -7.060835 0.104719 0.020987 -0.001779 0.997579 0.066275
1718924392.005517244 -4.337952 -7.060791 0.104700 0.020986 -0.001771 0.997582 0.066233
1718924392.010493279 -4.339129 -7.060743 0.104683 0.020986 -0.001757 0.997586 0.066177
1718924392.015492201 -4.340312 -7.060691 0.104668 0.020986 -0.001741 0.997590 0.066112
1718924392.020498753 -4.341499 -7.060635 0.104654 0.020994 -0.001723 0.997594 0.066046
1718924392.025496483 -4.342686 -7.060573 0.104642 0.021008 -0.001699 0.997599 0.065972
1718924392.030498028 -4.343875 -7.060507 0.104629 0.021023 -0.001686 0.997604 0.065888
1718924392.035495281 -4.345063 -7.060435 0.104617 0.021040 -0.001686 0.997610 0.065793
1718924392.040486574 -4.346250 -7.060359 0.104605 0.021053 -0.001696 0.997616 0.065696
1718924392.045486689 -4.347440 -7.060279 0.104592 0.021065 -0.001703 0.997622 0.065608
1718924392.050522089 -4.348640 -7.060194 0.104579 0.021078 -0.001708 0.997626 0.065537
1718924392.055491924 -4.349825 -7.060107 0.104566 0.021084 -0.001716 0.997629 0.065484
1718924392.060514688 -4.351021 -7.060016 0.104551 0.021090 -0.001723 0.997633 0.065429
1718924392.065529108 -4.352215 -7.059923 0.104533 0.021096 -0.001725 0.997636 0.065386
1718924392.070484400 -4.353395 -7.059830 0.104512 0.021092 -0.001725 0.997637 0.065358
1718924392.075487137 -4.354587 -7.059733 0.104489 0.021096 -0.001719 0.997639 0.065334
1718924392.080485582 -4.355781 -7.059634 0.104465 0.021105 -0.001714 0.997640 0.065323
1718924392.085489035 -4.356977 -7.059533 0.104440 0.021109 -0.001718 0.997639 0.065323
1718924392.090485096 -4.358172 -7.059432 0.104416 0.021108 -0.001729 0.997639 0.065330
1718924392.095488310 -4.359370 -7.059330 0.104393 0.021110 -0.001738 0.997638 0.065349
1718924392.099985123 -4.360448 -7.059239 0.104373 0.021113 -0.001748 0.997635 0.065382
1718924392.099985123 -4.360448 -7.059239 0.104373 0.021113 -0.001748 0.997635 0.065382
1718924392.100486279 -4.360568 -7.059229 0.104371 0.021113 -0.001749 0.997635 0.065385
1718924392.105473042 -4.361764 -7.059130 0.104342 0.021109 -0.001760 0.997633 0.065427
1718924392.110486507 -4.362970 -7.059030 0.104313 0.021113 -0.001772 0.997630 0.065470
1718924392.115491629 -4.364175 -7.058931 0.104285 0.021118 -0.001779 0.997626 0.065523
1718924392.199988127 -4.384421 -7.057133 0.103590 0.021280 -0.001700 0.997635 0.065337
1718924392.199988127 -4.384421 -7.057133 0.103590 0.021280 -0.001700 0.997635 0.065337
1718924392.250473738 -4.396436 -7.055910 0.103278 0.021437 -0.001701 0.997639 0.065228
1718924392.255488396 -4.397626 -7.055782 0.103254 0.021442 -0.001699 0.997639 0.065218
1718924392.260525703 -4.398821 -7.055654 0.103230 0.021453 -0.001702 0.997639 0.065218
1718924392.265494823 -4.400001 -7.055527 0.103206 0.021462 -0.001710 0.997638 0.065232
1718924392.270478725 -4.401185 -7.055400 0.103182 0.021471 -0.001725 0.997636 0.065254
1718924392.275529385 -4.402385 -7.055273 0.103156 0.021477 -0.001743 0.997634 0.065288
1718924392.280533314 -4.403573 -7.055149 0.103128 0.021479 -0.001758 0.997631 0.065335
1718924392.285497189 -4.404751 -7.055029 0.103099 0.021479 -0.001766 0.997626 0.065400
1718924392.290488243 -4.405936 -7.054912 0.103067 0.021476 -0.001765 0.997622 0.065474
1718924392.295527935 -4.407135 -7.054795 0.103033 0.021478 -0.001769 0.997616 0.065557
1718924392.299984217 -4.408198 -7.054695 0.103001 0.021484 -0.001784 0.997611 0.065628
1718924392.299984217 -4.408198 -7.054695 0.103001 0.021484 -0.001784 0.997611 0.065628
1718924392.300525904 -4.408327 -7.054683 0.102997 0.021485 -0.001785 0.997611 0.065636
1718924392.305542946 -4.409525 -7.054575 0.102960 0.021492 -0.001806 0.997606 0.065711
1718924392.310525894 -4.410717 -7.054472 0.102923 0.021497 -0.001820 0.997601 0.065786
1718924392.315524101 -4.411916 -7.054372 0.102888 0.021497 -0.001823 0.997595 0.065862
1718924392.399985313 -4.432310 -7.052180 0.102100 0.021754 -0.001783 0.997672 0.064600
1718924392.399985313 -4.432310 -7.052180 0.102100 0.021754 -0.001783 0.997672 0.064600
1718924392.410481453 -4.434853 -7.051837 0.101972 0.021792 -0.001784 0.997682 0.064442
1718924392.425500870 -4.438500 -7.051317 0.101765 0.021864 -0.001842 0.997691 0.064272
1718924392.430508375 -4.439718 -7.051137 0.101701 0.021871 -0.001859 0.997694 0.064227
1718924392.435492039 -4.440929 -7.050955 0.101635 0.021868 -0.001873 0.997695 0.064203
1718924392.440485477 -4.442142 -7.050768 0.101567 0.021864 -0.001879 0.997696 0.064194
1718924392.445487976 -4.443357 -7.050578 0.101495 0.021860 -0.001874 0.997697 0.064189
1718924392.450484037 -4.444571 -7.050384 0.101422 0.021857 -0.001854 0.997696 0.064192
1718924392.455528498 -4.445798 -7.050185 0.101348 0.021856 -0.001828 0.997696 0.064202
1718924392.460487127 -4.447006 -7.049986 0.101277 0.021858 -0.001811 0.997695 0.064218
1718924392.465493917 -4.448228 -7.049781 0.101208 0.021865 -0.001808 0.997693 0.064240
1718924392.470497847 -4.449453 -7.049573 0.101144 0.021881 -0.001797 0.997692 0.064261
1718924392.475541115 -4.450692 -7.049360 0.101083 0.021895 -0.001789 0.997690 0.064282
1718924392.480490208 -4.451912 -7.049147 0.101027 0.021909 -0.001789 0.997688 0.064314
1718924392.485483646 -4.453148 -7.048931 0.100974 0.021917 -0.001792 0.997685 0.064347
1718924392.490499973 -4.454392 -7.048710 0.100922 0.021913 -0.001788 0.997683 0.064378
1718924392.495491028 -4.455632 -7.048489 0.100868 0.021914 -0.001786 0.997682 0.064402
1718924392.499986172 -4.456751 -7.048287 0.100818 0.021917 -0.001780 0.997681 0.064420
1718924392.499986172 -4.456751 -7.048287 0.100818 0.021917 -0.001780 0.997681 0.064420
1718924392.500482798 -4.456875 -7.048265 0.100813 0.021917 -0.001779 0.997680 0.064422
1718924392.505479336 -4.458122 -7.048041 0.100761 0.021913 -0.001769 0.997679 0.064444
1718924392.510484219 -4.459374 -7.047816 0.100704 0.021903 -0.001757 0.997678 0.064468
1718924392.515501022 -4.460632 -7.047590 0.100644 0.021897 -0.001747 0.997677 0.064488
1718924392.595485687 -4.480860 -7.044288 0.100443 0.022042 -0.001842 0.997690 0.064231
1718924392.599985123 -4.482009 -7.044114 0.100395 0.022037 -0.001837 0.997690 0.064225
1718924392.599985123 -4.482009 -7.044114 0.100395 0.022037 -0.001837 0.997690 0.064225
1718924392.600489616 -4.482138 -7.044094 0.100388 0.022037 -0.001837 0.997690 0.064224
1718924392.605487823 -4.483415 -7.043904 0.100324 0.022037 -0.001831 0.997691 0.064221
1718924392.615495920 -4.485977 -7.043526 0.100194 0.022060 -0.001837 0.997690 0.064216
1718924392.630493879 -4.489827 -7.042963 0.100005 0.022105 -0.001925 0.997689 0.064216
1718924392.635499001 -4.491117 -7.042775 0.099956 0.022109 -0.001958 0.997689 0.064214
1718924392.640490770 -4.492404 -7.042589 0.099907 0.022113 -0.001995 0.997689 0.064211
1718924392.645489454 -4.493691 -7.042404 0.099857 0.022113 -0.002030 0.997689 0.064212
1718924392.650486469 -4.494978 -7.042219 0.099805 0.022118 -0.002054 0.997689 0.064213
1718924392.655487537 -4.496267 -7.042037 0.099750 0.022129 -0.002079 0.997688 0.064218
1718924392.660492182 -4.497557 -7.041856 0.099694 0.022135 -0.002113 0.997687 0.064230
1718924392.665492296 -4.498846 -7.041678 0.099634 0.022141 -0.002157 0.997687 0.064231
1718924392.670476437 -4.500129 -7.041503 0.099572 0.022138 -0.002197 0.997687 0.064227
1718924392.675484180 -4.501417 -7.041330 0.099506 0.022128 -0.002234 0.997688 0.064224
1718924392.680478573 -4.502702 -7.041162 0.099439 0.022114 -0.002271 0.997688 0.064222
1718924392.685502052 -4.503996 -7.040996 0.099372 0.022104 -0.002301 0.997688 0.064217
1718924392.690491199 -4.505281 -7.040835 0.099307 0.022102 -0.002330 0.997690 0.064195
1718924392.695484877 -4.506569 -7.040677 0.099244 0.022112 -0.002360 0.997691 0.064165
1718924392.699893236 -4.507706 -7.040540 0.099190 0.022122 -0.002382 0.997693 0.064134
1718924392.699893236 -4.507706 -7.040540 0.099190 0.022122 -0.002382 0.997693 0.064134
1718924392.700482368 -4.507858 -7.040522 0.099184 0.022123 -0.002385 0.997693 0.064130
1718924392.705490828 -4.509149 -7.040371 0.099128 0.022129 -0.002405 0.997696 0.064086
1718924392.710481167 -4.510438 -7.040223 0.099074 0.022132 -0.002425 0.997699 0.064039
1718924392.715473652 -4.511727 -7.040077 0.099021 0.022125 -0.002445 0.997701 0.064004
1718924392.799987316 -4.533554 -7.037663 0.098183 0.022094 -0.002914 0.997783 0.062714
1718924392.799987316 -4.533554 -7.037663 0.098183 0.022094 -0.002914 0.997783 0.062714
1718924392.810477495 -4.536257 -7.037380 0.098069 0.022098 -0.002980 0.997793 0.062552
1718924392.815491676 -4.537550 -7.037245 0.098025 0.022101 -0.003000 0.997797 0.062473
1718924392.820506811 -4.538843 -7.037110 0.097983 0.022114 -0.003014 0.997801 0.062406
1718924392.825488329 -4.540127 -7.036976 0.097945 0.022124 -0.003016 0.997805 0.062345
1718924392.830494165 -4.541418 -7.036841 0.097909 0.022133 -0.003007 0.997807 0.062301
1718924392.835502863 -4.542711 -7.036705 0.097875 0.022148 -0.003009 0.997809 0.062269
1718924392.840491295 -4.544001 -7.036568 0.097841 0.022166 -0.003018 0.997810 0.062247
1718924392.845481396 -4.545289 -7.036428 0.097806 0.022186 -0.003038 0.997811 0.062228
1718924392.850483894 -4.546580 -7.036285 0.097769 0.022213 -0.003069 0.997811 0.062216
1718924392.855489254 -4.547871 -7.036139 0.097729 0.022231 -0.003096 0.997811 0.062205
1718924392.860538006 -4.549176 -7.035989 0.097685 0.022248 -0.003118 0.997811 0.062203
1718924392.865526199 -4.550467 -7.035838 0.097639 0.022260 -0.003140 0.997810 0.062202
1718924392.870500088 -4.551755 -7.035685 0.097590 0.022274 -0.003161 0.997809 0.062219
1718924392.875529766 -4.553059 -7.035527 0.097538 0.022286 -0.003173 0.997807 0.062242
1718924392.880514145 -4.554353 -7.035369 0.097485 0.022295 -0.003175 0.997806 0.062264
1718924392.885489702 -4.555647 -7.035207 0.097433 0.022302 -0.003170 0.997804 0.062282
1718924392.890489817 -4.556950 -7.035041 0.097385 0.022306 -0.003168 0.997803 0.062295
1718924392.895483732 -4.558252 -7.034870 0.097341 0.022314 -0.003165 0.997803 0.062304
1718924392.899999142 -4.559430 -7.034711 0.097306 0.022320 -0.003160 0.997802 0.062313
1718924392.899999142 -4.559430 -7.034711 0.097306 0.022320 -0.003160 0.997802 0.062313
1718924392.900481462 -4.559556 -7.034694 0.097303 0.022320 -0.003159 0.997802 0.062314
1718924392.905476809 -4.560860 -7.034515 0.097272 0.022324 -0.003152 0.997802 0.062320
1718924392.910479784 -4.562168 -7.034330 0.097245 0.022326 -0.003136 0.997802 0.062315
1718924392.915506124 -4.563481 -7.034139 0.097219 0.022335 -0.003121 0.997803 0.062301
1718924392.965537071 -4.576552 -7.032057 0.096946 0.022509 -0.002988 0.997821 0.061948
1718924392.970544338 -4.577863 -7.031829 0.096948 0.022518 -0.002979 0.997822 0.061928
1718924392.975540400 -4.579170 -7.031600 0.096950 0.022533 -0.002969 0.997823 0.061914
1718924392.980500460 -4.580467 -7.031372 0.096951 0.022547 -0.002959 0.997822 0.061918
1718924392.985494614 -4.581774 -7.031142 0.096949 0.022568 -0.002949 0.997821 0.061924
1718924392.990504980 -4.583085 -7.030910 0.096944 0.022589 -0.002944 0.997820 0.061938
1718924392.995526314 -4.584397 -7.030679 0.096935 0.022600 -0.002940 0.997818 0.061970
1718924393.000490665 -4.585695 -7.030451 0.096924 0.022605 -0.002925 0.997816 0.062000
1718924393.005483627 -4.587000 -7.030223 0.096911 0.022602 -0.002907 0.997814 0.062031
1718924393.010488033 -4.588312 -7.029995 0.096898 0.022601 -0.002902 0.997812 0.062071
1718924393.015496731 -4.589626 -7.029768 0.096885 0.022599 -0.002912 0.997809 0.062119
1718924393.020496607 -4.590937 -7.029545 0.096875 0.022598 -0.002928 0.997804 0.062185
1718924393.025516033 -4.592252 -7.029326 0.096868 0.022592 -0.002930 0.997800 0.062259
1718924393.030494213 -4.593554 -7.029112 0.096863 0.022584 -0.002923 0.997796 0.062333
1718924393.035499096 -4.594861 -7.028901 0.096861 0.022571 -0.002915 0.997791 0.062405
1718924393.040489435 -4.596160 -7.028695 0.096862 0.022551 -0.002912 0.997788 0.062473
1718924393.045529604 -4.597467 -7.028490 0.096864 0.022525 -0.002909 0.997783 0.062548
1718924393.050515652 -4.598753 -7.028292 0.096868 0.022499 -0.002909 0.997779 0.062633
1718924393.055532217 -4.600043 -7.028096 0.096872 0.022492 -0.002922 0.997773 0.062721
1718924393.060485125 -4.601314 -7.027905 0.096876 0.022482 -0.002948 0.997768 0.062811
1718924393.065489531 -4.602594 -7.027713 0.096880 0.022476 -0.002987 0.997762 0.062904
1718924393.070491791 -4.603869 -7.027526 0.096884 0.022467 -0.003027 0.997756 0.062996
1718924393.075481653 -4.605135 -7.027344 0.096889 0.022463 -0.003062 0.997751 0.063081
1718924393.080487728 -4.606403 -7.027167 0.096897 0.022455 -0.003100 0.997746 0.063164
1718924393.085483313 -4.607669 -7.026995 0.096907 0.022441 -0.003133 0.997741 0.063245
1718924393.090486526 -4.608938 -7.026829 0.096920 0.022424 -0.003155 0.997737 0.063307
1718924393.095483303 -4.610206 -7.026669 0.096932 0.022399 -0.003164 0.997735 0.063356
1718924393.099990129 -4.611348 -7.026529 0.096942 0.022368 -0.003165 0.997733 0.063397
1718924393.099990129 -4.611348 -7.026529 0.096942 0.022368 -0.003165 0.997733 0.063397
1718924393.100486755 -4.611474 -7.026514 0.096943 0.022365 -0.003165 0.997732 0.063402
1718924393.105483532 -4.612733 -7.026366 0.096948 0.022330 -0.003162 0.997731 0.063433
1718924393.110486746 -4.613993 -7.026222 0.096954 0.022297 -0.003153 0.997731 0.063448
1718924393.115489244 -4.615255 -7.026081 0.096960 0.022266 -0.003134 0.997732 0.063439
1718924393.199992180 -4.636137 -7.023231 0.097040 0.020924 -0.003079 0.997754 0.063565
1718924393.199992180 -4.636137 -7.023231 0.097040 0.020924 -0.003079 0.997754 0.063565
1718924393.205550194 -4.637480 -7.023008 0.097056 0.020837 -0.003076 0.997755 0.063573
1718924393.210512400 -4.638677 -7.022806 0.097073 0.020750 -0.003074 0.997756 0.063591
1718924393.215500116 -4.639879 -7.022600 0.097093 0.020659 -0.003066 0.997756 0.063620
1718924393.220512390 -4.641086 -7.022389 0.097116 0.020578 -0.003063 0.997754 0.063670
1718924393.225498438 -4.642286 -7.022176 0.097142 0.020505 -0.003064 0.997753 0.063719
1718924393.230527639 -4.643496 -7.021955 0.097173 0.020437 -0.003076 0.997750 0.063776
1718924393.235531092 -4.644697 -7.021732 0.097205 0.020371 -0.003095 0.997748 0.063832
1718924393.240494728 -4.645888 -7.021508 0.097237 0.020312 -0.003113 0.997745 0.063897
1718924393.245494366 -4.647089 -7.021279 0.097266 0.020265 -0.003128 0.997742 0.063962
1718924393.250494957 -4.648290 -7.021048 0.097292 0.020226 -0.003134 0.997739 0.064016
1718924393.255533695 -4.649501 -7.020813 0.097315 0.020189 -0.003122 0.997737 0.064056
1718924393.260487795 -4.650691 -7.020580 0.097332 0.020148 -0.003106 0.997736 0.064085
1718924393.265539169 -4.651906 -7.020341 0.097346 0.020102 -0.003084 0.997736 0.064107
1718924393.270495176 -4.653099 -7.020104 0.097355 0.020054 -0.003051 0.997736 0.064112
1718924393.275495052 -4.654305 -7.019863 0.097361 0.020004 -0.003015 0.997738 0.064112
1718924393.280493498 -4.655512 -7.019618 0.097365 0.019958 -0.002987 0.997740 0.064097
1718924393.285567284 -4.656740 -7.019366 0.097368 0.019905 -0.002954 0.997743 0.064067
1718924393.290501595 -4.657936 -7.019117 0.097370 0.019856 -0.002907 0.997747 0.064025
1718924393.295521975 -4.659155 -7.018860 0.097370 0.019812 -0.002855 0.997751 0.063974
1718924393.299995184 -4.660245 -7.018628 0.097370 0.019772 -0.002809 0.997755 0.063917
1718924393.299995184 -4.660245 -7.018628 0.097370 0.019772 -0.002809 0.997755 0.063917
1718924393.300488472 -4.660365 -7.018602 0.097369 0.019767 -0.002803 0.997756 0.063911
1718924393.305480242 -4.661583 -7.018338 0.097368 0.019725 -0.002749 0.997761 0.063841
1718924393.310486078 -4.662807 -7.018068 0.097367 0.019688 -0.002690 0.997767 0.063760
1718924393.315538883 -4.664042 -7.017793 0.097367 0.019655 -0.002631 0.997774 0.063675
1718924393.399991035 -4.684727 -7.013847 0.097457 0.019585 -0.001541 0.997769 0.063810
1718924393.399991035 -4.684727 -7.013847 0.097457 0.019585 -0.001541 0.997769 0.063810
1718924393.405479431 -4.686071 -7.013638 0.097471 0.019582 -0.001471 0.997768 0.063820
1718924393.410482883 -4.687296 -7.013451 0.097486 0.019578 -0.001417 0.997768 0.063830
1718924393.415496588 -4.688526 -7.013268 0.097503 0.019572 -0.001376 0.997767 0.063843
1718924393.420496464 -4.689754 -7.013089 0.097523 0.019567 -0.001340 0.997766 0.063860
1718924393.425488949 -4.690981 -7.012914 0.097544 0.019560 -0.001315 0.997765 0.063880
1718924393.430495977 -4.692212 -7.012745 0.097566 0.019555 -0.001284 0.997764 0.063892
1718924393.435495377 -4.693442 -7.012581 0.097588 0.019551 -0.001239 0.997764 0.063896
1718924393.440496445 -4.694674 -7.012423 0.097610 0.019549 -0.001195 0.997764 0.063896
1718924393.445485115 -4.695905 -7.012270 0.097630 0.019546 -0.001147 0.997764 0.063898
1718924393.450486898 -4.697142 -7.012122 0.097649 0.019543 -0.001101 0.997764 0.063904
1718924393.455497742 -4.698382 -7.011978 0.097668 0.019542 -0.001066 0.997764 0.063905
1718924393.460483789 -4.699616 -7.011840 0.097688 0.019540 -0.001036 0.997765 0.063898
1718924393.465543032 -4.700871 -7.011704 0.097707 0.019547 -0.001013 0.997765 0.063885
1718924393.470489502 -4.702101 -7.011576 0.097727 0.019551 -0.000997 0.997766 0.063875
1718924393.475497723 -4.703349 -7.011451 0.097746 0.019561 -0.000984 0.997767 0.063861
1718924393.480493307 -4.704596 -7.011331 0.097765 0.019577 -0.000973 0.997768 0.063834
1718924393.485501289 -4.705847 -7.011216 0.097784 0.019595 -0.000959 0.997770 0.063803
1718924393.490487337 -4.707093 -7.011105 0.097804 0.019605 -0.000944 0.997772 0.063768
1718924393.495491266 -4.708346 -7.010998 0.097824 0.019612 -0.000940 0.997773 0.063739
1718924393.499984026 -4.709474 -7.010904 0.097844 0.019621 -0.000937 0.997775 0.063707
1718924393.499984026 -4.709474 -7.010904 0.097844 0.019621 -0.000937 0.997775 0.063707
1718924393.500475168 -4.709597 -7.010894 0.097846 0.019621 -0.000936 0.997776 0.063703
1718924393.505521297 -4.710866 -7.010793 0.097873 0.019625 -0.000939 0.997778 0.063662
1718924393.510489225 -4.712115 -7.010696 0.097900 0.019625 -0.000940 0.997781 0.063617
1718924393.515492439 -4.713373 -7.010600 0.097928 0.019627 -0.000933 0.997784 0.063571
1718924393.599989176 -4.734512 -7.008794 0.098943 0.019518 -0.000675 0.997858 0.062439
1718924393.599989176 -4.734512 -7.008794 0.098943 0.019518 -0.000675 0.997858 0.062439
1718924393.620501518 -4.739609 -7.008294 0.098828 0.019507 -0.000607 0.997875 0.062170
1718924393.625487804 -4.740847 -7.008169 0.098805 0.019505 -0.000586 0.997879 0.062101
1718924393.630505800 -4.742093 -7.008042 0.098779 0.019498 -0.000561 0.997883 0.062042
1718924393.635503054 -4.743333 -7.007912 0.098754 0.019496 -0.000545 0.997886 0.061996
1718924393.640493870 -4.744572 -7.007781 0.098730 0.019495 -0.000541 0.997889 0.061948
1718924393.645486832 -4.745810 -7.007647 0.098707 0.019490 -0.000539 0.997892 0.061901
1718924393.650494814 -4.747052 -7.007511 0.098687 0.019494 -0.000526 0.997894 0.061859
1718924393.655539274 -4.748304 -7.007372 0.098668 0.019495 -0.000510 0.997897 0.061823
1718924393.660483837 -4.749531 -7.007233 0.098652 0.019491 -0.000494 0.997898 0.061804
1718924393.665493727 -4.750775 -7.007092 0.098636 0.019493 -0.000476 0.997899 0.061781
1718924393.670490742 -4.752013 -7.006951 0.098621 0.019494 -0.000452 0.997901 0.061748
1718924393.675487995 -4.753249 -7.006808 0.098605 0.019490 -0.000429 0.997903 0.061725
1718924393.680503368 -4.754487 -7.006665 0.098587 0.019484 -0.000405 0.997904 0.061709
1718924393.685536861 -4.755730 -7.006520 0.098568 0.019479 -0.000376 0.997904 0.061703
1718924393.690475702 -4.756949 -7.006377 0.098548 0.019474 -0.000334 0.997904 0.061708
1718924393.695484877 -4.758184 -7.006231 0.098525 0.019462 -0.000298 0.997904 0.061710
1718924393.699895144 -4.759271 -7.006102 0.098504 0.019456 -0.000274 0.997905 0.061708
1718924393.699895144 -4.759271 -7.006102 0.098504 0.019456 -0.000274 0.997905 0.061708
1718924393.700525761 -4.759426 -7.006084 0.098501 0.019455 -0.000271 0.997905 0.061708
1718924393.705518246 -4.760656 -7.005939 0.098474 0.019448 -0.000257 0.997905 0.061702
1718924393.710491896 -4.761881 -7.005794 0.098447 0.019439 -0.000249 0.997906 0.061691
1718924393.715525627 -4.763122 -7.005647 0.098422 0.019441 -0.000247 0.997906 0.061682
1718924393.799984217 -4.783606 -7.003353 0.098151 0.019530 -0.000389 0.997929 0.061280
1718924393.799984217 -4.783606 -7.003353 0.098151 0.019530 -0.000389 0.997929 0.061280
1718924393.805480242 -4.784912 -7.003217 0.098140 0.019537 -0.000400 0.997931 0.061255
1718924393.810484171 -4.786099 -7.003094 0.098133 0.019538 -0.000403 0.997932 0.061237
1718924393.815497875 -4.787286 -7.002973 0.098127 0.019538 -0.000397 0.997933 0.061216
1718924393.820504904 -4.788471 -7.002853 0.098124 0.019533 -0.000389 0.997935 0.061191
1718924393.825496197 -4.789652 -7.002732 0.098122 0.019532 -0.000372 0.997936 0.061174
1718924393.830499887 -4.790834 -7.002612 0.098121 0.019531 -0.000354 0.997937 0.061164
1718924393.835485220 -4.792010 -7.002492 0.098119 0.019530 -0.000338 0.997938 0.061147
1718924393.840489626 -4.793189 -7.002372 0.098114 0.019527 -0.000325 0.997939 0.061119
1718924393.845488071 -4.794366 -7.002250 0.098107 0.019525 -0.000309 0.997942 0.061081
1718924393.850495100 -4.795545 -7.002127 0.098098 0.019525 -0.000304 0.997944 0.061050
1718924393.855488539 -4.796721 -7.002002 0.098087 0.019532 -0.000291 0.997945 0.061034
1718924393.860488176 -4.797899 -7.001876 0.098076 0.019543 -0.000283 0.997945 0.061023
1718924393.865495920 -4.799077 -7.001749 0.098064 0.019554 -0.000280 0.997946 0.061001
1718924393.870479822 -4.800249 -7.001623 0.098054 0.019563 -0.000277 0.997947 0.060978
1718924393.875510693 -4.801432 -7.001494 0.098044 0.019573 -0.000271 0.997949 0.060948
1718924393.880495071 -4.802605 -7.001365 0.098035 0.019579 -0.000263 0.997950 0.060924
1718924393.885528326 -4.803788 -7.001235 0.098027 0.019583 -0.000252 0.997951 0.060906
1718924393.890521049 -4.804960 -7.001105 0.098019 0.019587 -0.000237 0.997953 0.060882
1718924393.895476818 -4.806121 -7.000977 0.098010 0.019592 -0.000211 0.997954 0.060852
1718924393.900012016 -4.807183 -7.000858 0.098003 0.019591 -0.000178 0.997956 0.060823
1718924393.900012016 -4.807183 -7.000858 0.098003 0.019591 -0.000178 0.997956 0.060823
1718924393.900482178 -4.807293 -7.000846 0.098002 0.019591 -0.000175 0.997956 0.060820
1718924393.905475855 -4.808463 -7.000715 0.097990 0.019585 -0.000140 0.997958 0.060790
1718924393.910485268 -4.809636 -7.000581 0.097978 0.019584 -0.000112 0.997960 0.060763
1718924393.915490150 -4.810807 -7.000446 0.097965 0.019582 -0.000083 0.997962 0.060726
1718924393.965540886 -4.822557 -6.999002 0.097731 0.019605 0.000235 0.997979 0.060451
1718924393.970545292 -4.823738 -6.998847 0.097730 0.019600 0.000261 0.997979 0.060440
1718924393.975498199 -4.824907 -6.998693 0.097728 0.019596 0.000280 0.997980 0.060432
1718924393.980503321 -4.826088 -6.998538 0.097728 0.019594 0.000299 0.997980 0.060428
1718924393.985481262 -4.827263 -6.998382 0.097727 0.019595 0.000318 0.997980 0.060436
1718924393.990478992 -4.828443 -6.998225 0.097725 0.019592 0.000338 0.997979 0.060448
1718924393.995519400 -4.829635 -6.998064 0.097720 0.019592 0.000353 0.997978 0.060466
1718924394.000480652 -4.830809 -6.997906 0.097713 0.019594 0.000368 0.997976 0.060490
1718924394.005515814 -4.832001 -6.997744 0.097702 0.019595 0.000390 0.997975 0.060510
1718924394.010480881 -4.833177 -6.997586 0.097689 0.019591 0.000414 0.997974 0.060535
1718924394.015506029 -4.834368 -6.997425 0.097675 0.019596 0.000434 0.997972 0.060555
1718924394.020500660 -4.835554 -6.997265 0.097662 0.019603 0.000448 0.997971 0.060578
1718924394.025498152 -4.836742 -6.997104 0.097651 0.019610 0.000455 0.997969 0.060601
1718924394.030555487 -4.837945 -6.996943 0.097642 0.019614 0.000466 0.997968 0.060622
1718924394.035546064 -4.839133 -6.996784 0.097635 0.019614 0.000473 0.997967 0.060641
1718924394.040483475 -4.840307 -6.996629 0.097631 0.019612 0.000481 0.997966 0.060652
1718924394.045542002 -4.841511 -6.996471 0.097628 0.019607 0.000494 0.997966 0.060661
1718924394.050488234 -4.842690 -6.996318 0.097627 0.019602 0.000506 0.997965 0.060675
1718924394.055526495 -4.843890 -6.996164 0.097627 0.019597 0.000527 0.997964 0.060688
1718924394.060479164 -4.845069 -6.996015 0.097625 0.019595 0.000548 0.997964 0.060692
1718924394.065487385 -4.846262 -6.995866 0.097620 0.019589 0.000567 0.997964 0.060690
1718924394.070478916 -4.847452 -6.995720 0.097613 0.019591 0.000588 0.997964 0.060686
1718924394.075483561 -4.848646 -6.995574 0.097604 0.019597 0.000609 0.997964 0.060684
1718924394.080478668 -4.849838 -6.995428 0.097594 0.019600 0.000626 0.997964 0.060682
1718924394.085474253 -4.851030 -6.995284 0.097582 0.019608 0.000641 0.997965 0.060678
1718924394.090520144 -4.852235 -6.995139 0.097569 0.019616 0.000651 0.997965 0.060670
1718924394.095479488 -4.853419 -6.994999 0.097558 0.019621 0.000659 0.997966 0.060658
1718924394.099987030 -4.854495 -6.994873 0.097548 0.019628 0.000666 0.997966 0.060649
1718924394.099987030 -4.854495 -6.994873 0.097548 0.019628 0.000666 0.997966 0.060649
1718924394.100481510 -4.854613 -6.994859 0.097546 0.019629 0.000667 0.997966 0.060648
1718924394.105515242 -4.855815 -6.994719 0.097524 0.019638 0.000667 0.997966 0.060640
1718924394.110481262 -4.857000 -6.994581 0.097505 0.019638 0.000661 0.997967 0.060635
1718924394.115490675 -4.858196 -6.994445 0.097487 0.019635 0.000659 0.997967 0.060624
1718924394.199991941 -4.878372 -6.992127 0.097123 0.019520 0.000759 0.997967 0.060657
1718924394.199991941 -4.878372 -6.992127 0.097123 0.019520 0.000759 0.997967 0.060657
1718924394.210497618 -4.880885 -6.991832 0.097062 0.019513 0.000778 0.997967 0.060662
1718924394.215485811 -4.882078 -6.991691 0.097036 0.019504 0.000773 0.997967 0.060666
1718924394.220509529 -4.883280 -6.991549 0.097009 0.019493 0.000773 0.997968 0.060665
1718924394.225492001 -4.884472 -6.991407 0.096981 0.019481 0.000783 0.997968 0.060654
1718924394.230491400 -4.885669 -6.991265 0.096951 0.019481 0.000798 0.997969 0.060642
1718924394.235497952 -4.886867 -6.991121 0.096919 0.019486 0.000810 0.997970 0.060622
1718924394.240487576 -4.888063 -6.990978 0.096885 0.019478 0.000822 0.997971 0.060606
1718924394.245491505 -4.889263 -6.990833 0.096850 0.019469 0.000838 0.997973 0.060589
1718924394.250491142 -4.890463 -6.990687 0.096815 0.019469 0.000852 0.997974 0.060570
1718924394.255489111 -4.891663 -6.990540 0.096781 0.019468 0.000862 0.997975 0.060542
1718924394.260493994 -4.892864 -6.990391 0.096749 0.019465 0.000872 0.997977 0.060520
1718924394.265493155 -4.894065 -6.990241 0.096719 0.019453 0.000877 0.997978 0.060504
1718924394.270523787 -4.895274 -6.990088 0.096690 0.019443 0.000885 0.997979 0.060486
1718924394.275487423 -4.896468 -6.989937 0.096664 0.019433 0.000900 0.997981 0.060458
1718924394.280493975 -4.897672 -6.989783 0.096639 0.019428 0.000922 0.997983 0.060424
1718924394.285484791 -4.898871 -6.989630 0.096614 0.019422 0.000944 0.997985 0.060393
1718924394.290512800 -4.900079 -6.989473 0.096589 0.019416 0.000962 0.997987 0.060373
1718924394.295488119 -4.901274 -6.989315 0.096565 0.019412 0.000980 0.997987 0.060369
1718924394.299988985 -4.902356 -6.989171 0.096543 0.019404 0.000992 0.997987 0.060366
1718924394.299988985 -4.902356 -6.989171 0.096543 0.019404 0.000992 0.997987 0.060366
1718924394.300485134 -4.902475 -6.989155 0.096540 0.019403 0.000993 0.997987 0.060366
1718924394.305478573 -4.903673 -6.988993 0.096510 0.019393 0.000993 0.997988 0.060360
1718924394.310479879 -4.904870 -6.988829 0.096479 0.019383 0.000997 0.997989 0.060349
1718924394.315492868 -4.906067 -6.988663 0.096444 0.019379 0.001013 0.997988 0.060354
1718924394.399987936 -4.927381 -6.985671 0.096291 0.019596 0.001116 0.997986 0.060325
1718924394.399987936 -4.927381 -6.985671 0.096291 0.019596 0.001116 0.997986 0.060325
1718924394.410479307 -4.930185 -6.985274 0.096323 0.019633 0.001134 0.997985 0.060322
1718924394.415479660 -4.931533 -6.985082 0.096348 0.019646 0.001142 0.997985 0.060325
1718924394.420494556 -4.932894 -6.984889 0.096376 0.019665 0.001149 0.997984 0.060331
1718924394.425483465 -4.934259 -6.984698 0.096406 0.019683 0.001161 0.997984 0.060328
1718924394.430480957 -4.935634 -6.984506 0.096436 0.019699 0.001189 0.997984 0.060323
1718924394.435485363 -4.937020 -6.984314 0.096465 0.019706 0.001221 0.997983 0.060327
1718924394.440473080 -4.938408 -6.984122 0.096493 0.019708 0.001250 0.997983 0.060327
1718924394.445480108 -4.939812 -6.983928 0.096518 0.019715 0.001271 0.997983 0.060331
1718924394.450471163 -4.941219 -6.983733 0.096541 0.019720 0.001287 0.997982 0.060344
1718924394.455500841 -4.942647 -6.983534 0.096563 0.019731 0.001300 0.997981 0.060365
1718924394.460479498 -4.944068 -6.983337 0.096584 0.019748 0.001300 0.997980 0.060375
1718924394.465527773 -4.945518 -6.983136 0.096605 0.019767 0.001297 0.997978 0.060388
1718924394.470477581 -4.946947 -6.982939 0.096624 0.019787 0.001297 0.997977 0.060409
1718924394.475485086 -4.948399 -6.982739 0.096640 0.019801 0.001305 0.997975 0.060432
1718924394.480481148 -4.949854 -6.982539 0.096656 0.019814 0.001320 0.997974 0.060449
1718924394.485479593 -4.951316 -6.982338 0.096672 0.019820 0.001333 0.997973 0.060463
1718924394.490478754 -4.952784 -6.982136 0.096687 0.019816 0.001342 0.997971 0.060485
1718924394.495473623 -4.954258 -6.981935 0.096700 0.019811 0.001361 0.997970 0.060506
1718924394.499985933 -4.955596 -6.981752 0.096712 0.019809 0.001370 0.997969 0.060527
1718924394.499985933 -4.955596 -6.981752 0.096712 0.019809 0.001370 0.997969 0.060527
1718924394.500476360 -4.955741 -6.981732 0.096714 0.019808 0.001371 0.997969 0.060530
1718924394.505473375 -4.957227 -6.981528 0.096730 0.019798 0.001371 0.997968 0.060552
1718924394.510479927 -4.958722 -6.981321 0.096749 0.019799 0.001362 0.997967 0.060571
1718924394.515485764 -4.960223 -6.981112 0.096770 0.019802 0.001352 0.997965 0.060595
1718924394.590525150 -4.982875 -6.977889 0.097345 0.019787 0.001534 0.997968 0.060545
1718924394.595511913 -4.984395 -6.977666 0.097335 0.019775 0.001538 0.997969 0.060536
1718924394.599988937 -4.985763 -6.977465 0.097324 0.019761 0.001541 0.997969 0.060534
1718924394.599988937 -4.985763 -6.977465 0.097324 0.019761 0.001541 0.997969 0.060534
1718924394.600516319 -4.985924 -6.977442 0.097321 0.019760 0.001542 0.997969 0.060534
1718924394.605469465 -4.987438 -6.977220 0.097294 0.019756 0.001558 0.997969 0.060534
1718924394.610465288 -4.988968 -6.976996 0.097266 0.019746 0.001573 0.997970 0.060534
1718924394.615493059 -4.990511 -6.976770 0.097238 0.019737 0.001588 0.997970 0.060529
1718924394.620498419 -4.992050 -6.976542 0.097212 0.019730 0.001599 0.997971 0.060521
1718924394.625484705 -4.993586 -6.976314 0.097186 0.019733 0.001609 0.997971 0.060512
1718924394.630485535 -4.995129 -6.976084 0.097161 0.019743 0.001620 0.997971 0.060510
1718924394.635479927 -4.996671 -6.975854 0.097137 0.019753 0.001635 0.997971 0.060512
1718924394.640482903 -4.998218 -6.975620 0.097114 0.019760 0.001647 0.997970 0.060517
1718924394.645521879 -4.999778 -6.975383 0.097091 0.019766 0.001655 0.997970 0.060526
1718924394.650517225 -5.001326 -6.975146 0.097067 0.019762 0.001660 0.997969 0.060539
1718924394.655471802 -5.002863 -6.974910 0.097044 0.019756 0.001665 0.997968 0.060554
1718924394.660475731 -5.004417 -6.974669 0.097019 0.019749 0.001663 0.997967 0.060569
1718924394.665536880 -5.005992 -6.974423 0.096995 0.019745 0.001659 0.997967 0.060579
1718924394.670536518 -5.007551 -6.974179 0.096970 0.019744 0.001660 0.997966 0.060593
1718924394.675528288 -5.009109 -6.973934 0.096946 0.019745 0.001669 0.997964 0.060620
1718924394.680563450 -5.010684 -6.973686 0.096920 0.019752 0.001680 0.997962 0.060660
1718924394.685485840 -5.012225 -6.973442 0.096894 0.019760 0.001693 0.997959 0.060702
1718924394.690474987 -5.013789 -6.973194 0.096865 0.019765 0.001714 0.997956 0.060740
1718924394.695469379 -5.015355 -6.972944 0.096831 0.019766 0.001749 0.997954 0.060778
1718924394.699980974 -5.016771 -6.972715 0.096796 0.019765 0.001785 0.997952 0.060810
1718924394.699980974 -5.016771 -6.972715 0.096796 0.019765 0.001785 0.997952 0.060810
1718924394.700471878 -5.016925 -6.972690 0.096792 0.019764 0.001788 0.997952 0.060813
1718924394.705471754 -5.018496 -6.972435 0.096741 0.019755 0.001824 0.997950 0.060845
1718924394.710464954 -5.020067 -6.972176 0.096685 0.019730 0.001857 0.997948 0.060879
1718924394.715511322 -5.021658 -6.971912 0.096623 0.019690 0.001892 0.997947 0.060919
1718924394.780524254 -5.042798 -6.966968 0.095147 0.018276 0.004205 0.997925 0.061597
1718924394.799992085 -5.049381 -6.964834 0.094631 0.017811 0.005070 0.997903 0.062021
1718924394.799992085 -5.049381 -6.964834 0.094631 0.017811 0.005070 0.997903 0.062021
1718924394.810463667 -5.052983 -6.963524 0.094371 0.017578 0.005547 0.997890 0.062249
1718924394.815492630 -5.054724 -6.962856 0.094274 0.017485 0.005713 0.997884 0.062356
1718924394.820615768 -5.056506 -6.962154 0.094208 0.017433 0.005795 0.997879 0.062451
1718924394.825468540 -5.058200 -6.961475 0.094191 0.017439 0.005789 0.997874 0.062530
1718924394.830484390 -5.059956 -6.960767 0.094219 0.017504 0.005744 0.997869 0.062602
1718924394.835482121 -5.061710 -6.960064 0.094285 0.017597 0.005724 0.997863 0.062667
1718924394.840469837 -5.063462 -6.959368 0.094368 0.017689 0.005762 0.997858 0.062723
1718924394.845512629 -5.065230 -6.958678 0.094451 0.017754 0.005900 0.997853 0.062762
1718924394.850460768 -5.066962 -6.958013 0.094516 0.017776 0.006111 0.997849 0.062794
1718924394.855509996 -5.068725 -6.957349 0.094562 0.017753 0.006370 0.997846 0.062825
1718924394.860515833 -5.070469 -6.956704 0.094591 0.017704 0.006609 0.997844 0.062845
1718924394.865471125 -5.072193 -6.956078 0.094609 0.017641 0.006780 0.997844 0.062849
1718924394.870520830 -5.073945 -6.955454 0.094629 0.017566 0.006872 0.997845 0.062852
1718924394.875473976 -5.075658 -6.954858 0.094657 0.017502 0.006897 0.997845 0.062860
1718924394.880472183 -5.077379 -6.954276 0.094694 0.017452 0.006897 0.997847 0.062849
1718924394.885513783 -5.079104 -6.953713 0.094740 0.017414 0.006919 0.997849 0.062821
1718924394.890465260 -5.080786 -6.953186 0.094790 0.017399 0.006981 0.997852 0.062775
1718924394.895460844 -5.082471 -6.952680 0.094845 0.017394 0.007091 0.997854 0.062719
1718924394.900019884 -5.083999 -6.952240 0.094896 0.017397 0.007222 0.997858 0.062651
1718924394.900019884 -5.083999 -6.952240 0.094896 0.017397 0.007222 0.997858 0.062651
1718924394.900463820 -5.084147 -6.952198 0.094901 0.017396 0.007235 0.997858 0.062644
1718924394.905462980 -5.085808 -6.951741 0.094954 0.017392 0.007383 0.997863 0.062551
1718924394.910464287 -5.087464 -6.951304 0.095007 0.017380 0.007506 0.997868 0.062460
1718924394.915478230 -5.089119 -6.950883 0.095060 0.017380 0.007570 0.997873 0.062376
1718924394.985549688 -5.112343 -6.947246 0.095197 0.016377 0.003680 0.997982 0.061236
1718924394.990513563 -5.114004 -6.947156 0.095195 0.016288 0.003397 0.997991 0.061136
1718924394.995501757 -5.115675 -6.947090 0.095183 0.016174 0.003113 0.998001 0.061018
1718924395.000505209 -5.117354 -6.947048 0.095161 0.016046 0.002800 0.998012 0.060887
1718924395.005502701 -5.119039 -6.947028 0.095129 0.015908 0.002447 0.998024 0.060734
1718924395.010495424 -5.120729 -6.947031 0.095091 0.015764 0.002057 0.998038 0.060562
1718924395.015515804 -5.122437 -6.947058 0.095053 0.015625 0.001621 0.998052 0.060377
1718924395.020540714 -5.124152 -6.947107 0.095028 0.015509 0.001180 0.998066 0.060187
1718924395.025578022 -5.125879 -6.947177 0.095031 0.015457 0.000815 0.998080 0.059980
1718924395.030461550 -5.127557 -6.947261 0.095069 0.015495 0.000618 0.998091 0.059780
1718924395.035465240 -5.129279 -6.947360 0.095145 0.015593 0.000585 0.998103 0.059563
1718924395.040512800 -5.131012 -6.947464 0.095251 0.015715 0.000651 0.998114 0.059344
1718924395.045505285 -5.132722 -6.947561 0.095370 0.015814 0.000714 0.998124 0.059139
1718924395.050479174 -5.134417 -6.947641 0.095487 0.015852 0.000716 0.998135 0.058946
1718924395.055460930 -5.136105 -6.947700 0.095591 0.015830 0.000644 0.998146 0.058764
1718924395.060460091 -5.137794 -6.947736 0.095679 0.015753 0.000522 0.998157 0.058600
1718924395.065454245 -5.139481 -6.947743 0.095752 0.015665 0.000388 0.998167 0.058456
1718924395.070458889 -5.141173 -6.947717 0.095815 0.015597 0.000282 0.998176 0.058329
1718924395.075459719 -5.142865 -6.947655 0.095877 0.015556 0.000206 0.998183 0.058214
1718924395.080455065 -5.144555 -6.947554 0.095943 0.015552 0.000148 0.998188 0.058131
1718924395.085458517 -5.146245 -6.947417 0.096013 0.015590 0.000106 0.998190 0.058076
1718924395.090494394 -5.147944 -6.947243 0.096084 0.015646 0.000080 0.998192 0.058031
1718924395.095460653 -5.149614 -6.947036 0.096149 0.015697 0.000046 0.998193 0.058002
1718924395.099985838 -5.151131 -6.946815 0.096202 0.015732 -0.000011 0.998193 0.057990
1718924395.099985838 -5.151131 -6.946815 0.096202 0.015732 -0.000011 0.998193 0.057990
1718924395.100456238 -5.151288 -6.946790 0.096206 0.015735 -0.000017 0.998193 0.057989
1718924395.105460882 -5.152957 -6.946505 0.096244 0.015754 -0.000084 0.998193 0.057988
1718924395.110457182 -5.154620 -6.946187 0.096274 0.015760 -0.000118 0.998193 0.057987
1718924395.115522623 -5.156303 -6.945835 0.096301 0.015749 -0.000108 0.998193 0.057994
1718924395.199997902 -5.184385 -6.941257 0.097389 0.015358 0.000689 0.998236 0.057340
1718924395.199997902 -5.184385 -6.941257 0.097389 0.015358 0.000689 0.998236 0.057340
1718924395.200524092 -5.184560 -6.941238 0.097399 0.015355 0.000694 0.998237 0.057336
1718924395.205505848 -5.186217 -6.941061 0.097502 0.015339 0.000742 0.998239 0.057297
1718924395.210458755 -5.187864 -6.940897 0.097606 0.015326 0.000802 0.998241 0.057265
1718924395.215472937 -5.189531 -6.940745 0.097712 0.015314 0.000883 0.998242 0.057247
1718924395.220484972 -5.191196 -6.940610 0.097818 0.015308 0.000973 0.998243 0.057240
1718924395.225473642 -5.192852 -6.940490 0.097923 0.015299 0.001048 0.998243 0.057235
1718924395.230493069 -5.194517 -6.940384 0.098030 0.015287 0.001097 0.998243 0.057237
1718924395.235488176 -5.196172 -6.940295 0.098138 0.015278 0.001107 0.998243 0.057246
1718924395.240465641 -5.197819 -6.940224 0.098249 0.015276 0.001082 0.998242 0.057257
1718924395.245471954 -5.199475 -6.940172 0.098363 0.015275 0.001028 0.998241 0.057271
1718924395.250504732 -5.201140 -6.940139 0.098481 0.015279 0.000960 0.998240 0.057289
1718924395.255465746 -5.202781 -6.940126 0.098599 0.015290 0.000909 0.998239 0.057309
1718924395.260473013 -5.204438 -6.940133 0.098718 0.015300 0.000881 0.998238 0.057324
1718924395.265508890 -5.206103 -6.940161 0.098836 0.015310 0.000885 0.998238 0.057329
1718924395.270535231 -5.207765 -6.940208 0.098955 0.015323 0.000908 0.998236 0.057345
1718924395.275474310 -5.209399 -6.940268 0.099072 0.015332 0.000931 0.998235 0.057363
1718924395.280479670 -5.211053 -6.940341 0.099191 0.015323 0.000928 0.998235 0.057374
1718924395.285469055 -5.212702 -6.940426 0.099311 0.015314 0.000888 0.998235 0.057374
1718924395.290501118 -5.214365 -6.940521 0.099435 0.015307 0.000816 0.998236 0.057365
1718924395.295481682 -5.216011 -6.940623 0.099559 0.015299 0.000725 0.998236 0.057353
1718924395.299986124 -5.217500 -6.940723 0.099673 0.015286 0.000639 0.998237 0.057346
1718924395.299986124 -5.217500 -6.940723 0.099673 0.015286 0.000639 0.998237 0.057346
1718924395.300454855 -5.217655 -6.940733 0.099685 0.015285 0.000629 0.998237 0.057345
1718924395.305463552 -5.219308 -6.940850 0.099810 0.015279 0.000537 0.998238 0.057337
1718924395.310457706 -5.220958 -6.940972 0.099933 0.015279 0.000473 0.998238 0.057332
1718924395.375472546 -5.242367 -6.941492 0.101757 0.015303 0.000292 0.998235 0.057388
1718924395.399999142 -5.250418 -6.941146 0.102588 0.015251 0.000309 0.998236 0.057371
1718924395.399999142 -5.250418 -6.941146 0.102588 0.015251 0.000309 0.998236 0.057371
1718924395.405457497 -5.252209 -6.941033 0.102766 0.015235 0.000316 0.998237 0.057368
1718924395.410453320 -5.253848 -6.940918 0.102929 0.015227 0.000316 0.998237 0.057362
1718924395.415475845 -5.255494 -6.940794 0.103092 0.015226 0.000323 0.998238 0.057354
1718924395.420482159 -5.257132 -6.940664 0.103251 0.015229 0.000337 0.998238 0.057346
1718924395.425467253 -5.258760 -6.940528 0.103405 0.015227 0.000366 0.998238 0.057341
1718924395.430464506 -5.260390 -6.940386 0.103553 0.015220 0.000416 0.998239 0.057331
1718924395.435458422 -5.262017 -6.940241 0.103696 0.015210 0.000488 0.998240 0.057309
1718924395.440457582 -5.263643 -6.940093 0.103834 0.015188 0.000564 0.998242 0.057290
1718924395.445456028 -5.265266 -6.939940 0.103968 0.015164 0.000637 0.998242 0.057287
1718924395.450455666 -5.266889 -6.939784 0.104100 0.015137 0.000698 0.998243 0.057286
1718924395.455460072 -5.268514 -6.939626 0.104233 0.015113 0.000756 0.998243 0.057283
1718924395.460500717 -5.270151 -6.939465 0.104366 0.015095 0.000805 0.998245 0.057265
1718924395.465506792 -5.271777 -6.939305 0.104500 0.015083 0.000839 0.998245 0.057254
1718924395.470465660 -5.273390 -6.939149 0.104635 0.015077 0.000877 0.998246 0.057246
1718924395.475467920 -5.275017 -6.938995 0.104772 0.015067 0.000921 0.998247 0.057236
1718924395.480466604 -5.276645 -6.938846 0.104910 0.015059 0.000973 0.998247 0.057228
1718924395.485471725 -5.278275 -6.938701 0.105050 0.015056 0.001031 0.998248 0.057217
1718924395.490455866 -5.279899 -6.938559 0.105193 0.015055 0.001099 0.998248 0.057206
1718924395.495497227 -5.281543 -6.938421 0.105340 0.015049 0.001163 0.998248 0.057204
1718924395.499985218 -5.283006 -6.938301 0.105472 0.015038 0.001208 0.998248 0.057208
1718924395.499985218 -5.283006 -6.938301 0.105472 0.015038 0.001208 0.998248 0.057208
1718924395.500453711 -5.283159 -6.938289 0.105486 0.015038 0.001213 0.998248 0.057208
1718924395.505503178 -5.284804 -6.938158 0.105635 0.015023 0.001235 0.998248 0.057212
1718924395.510494709 -5.286429 -6.938034 0.105786 0.015020 0.001232 0.998248 0.057223
1718924395.515532970 -5.288070 -6.937915 0.105941 0.015030 0.001215 0.998247 0.057238
1718924395.599987030 -5.315701 -6.935546 0.108274 0.015079 0.001180 0.998258 0.057033
1718924395.599987030 -5.315701 -6.935546 0.108274 0.015079 0.001180 0.998258 0.057033
1718924395.605497837 -5.317510 -6.935364 0.108427 0.015082 0.001176 0.998258 0.057019
1718924395.610492945 -5.319151 -6.935196 0.108565 0.015078 0.001159 0.998259 0.057008
1718924395.615587711 -5.320824 -6.935020 0.108705 0.015063 0.001129 0.998260 0.056993
1718924395.620479345 -5.322429 -6.934847 0.108838 0.015050 0.001084 0.998262 0.056971
1718924395.625513554 -5.324082 -6.934664 0.108975 0.015035 0.001036 0.998263 0.056957
1718924395.630585670 -5.325747 -6.934476 0.109115 0.015021 0.000991 0.998264 0.056938
1718924395.635476589 -5.327352 -6.934290 0.109250 0.015010 0.000945 0.998265 0.056921
1718924395.640455484 -5.328985 -6.934097 0.109390 0.014995 0.000889 0.998267 0.056906
1718924395.645526409 -5.330648 -6.933897 0.109534 0.014972 0.000833 0.998268 0.056886
1718924395.650466442 -5.332266 -6.933700 0.109675 0.014951 0.000792 0.998270 0.056863
1718924395.655535460 -5.333924 -6.933496 0.109820 0.014927 0.000763 0.998270 0.056862
1718924395.660464525 -5.335536 -6.933295 0.109961 0.014907 0.000745 0.998270 0.056877
1718924395.665505171 -5.337183 -6.933086 0.110105 0.014894 0.000727 0.998269 0.056891
1718924395.670457602 -5.338801 -6.932879 0.110245 0.014883 0.000717 0.998269 0.056899
1718924395.675462484 -5.340436 -6.932668 0.110385 0.014868 0.000714 0.998269 0.056904
1718924395.680465460 -5.342069 -6.932454 0.110524 0.014851 0.000701 0.998269 0.056909
1718924395.685505867 -5.343716 -6.932236 0.110662 0.014836 0.000680 0.998269 0.056908
1718924395.690451622 -5.345332 -6.932021 0.110797 0.014829 0.000664 0.998269 0.056909
1718924395.695500851 -5.346982 -6.931800 0.110935 0.014822 0.000662 0.998269 0.056912
1718924395.699893236 -5.348418 -6.931605 0.111057 0.014820 0.000668 0.998269 0.056908
1718924395.699893236 -5.348418 -6.931605 0.111057 0.014820 0.000668 0.998269 0.056908
1718924395.700448990 -5.348600 -6.931580 0.111072 0.014821 0.000669 0.998269 0.056908
1718924395.705505848 -5.350254 -6.931352 0.111212 0.014825 0.000693 0.998270 0.056901
1718924395.710491657 -5.351885 -6.931123 0.111349 0.014821 0.000745 0.998270 0.056895
1718924395.715492487 -5.353519 -6.930887 0.111485 0.014812 0.000811 0.998271 0.056883
1718924395.795506477 -5.379491 -6.927220 0.113119 0.014978 0.000803 0.998261 0.057012
1718924395.799997330 -5.380940 -6.927025 0.113209 0.014994 0.000814 0.998261 0.057013
1718924395.799997330 -5.380940 -6.927025 0.113209 0.014994 0.000814 0.998261 0.057013
1718924395.800453186 -5.381086 -6.927005 0.113217 0.014995 0.000815 0.998260 0.057013
1718924395.805494785 -5.382710 -6.926788 0.113303 0.015003 0.000857 0.998260 0.057017
1718924395.810451746 -5.384306 -6.926579 0.113384 0.015009 0.000921 0.998260 0.057015
1718924395.815460205 -5.385920 -6.926371 0.113463 0.015013 0.000992 0.998260 0.057015
1718924395.820479631 -5.387538 -6.926166 0.113543 0.015020 0.001058 0.998260 0.057013
1718924395.825454712 -5.389145 -6.925965 0.113623 0.015032 0.001113 0.998259 0.057017
1718924395.830461502 -5.390763 -6.925763 0.113706 0.015046 0.001165 0.998258 0.057031
1718924395.835454226 -5.392376 -6.925564 0.113790 0.015062 0.001201 0.998257 0.057049
1718924395.840462923 -5.393996 -6.925365 0.113878 0.015082 0.001223 0.998257 0.057048
1718924395.845450163 -5.395608 -6.925168 0.113966 0.015099 0.001237 0.998257 0.057046
1718924395.850455761 -5.397224 -6.924974 0.114055 0.015104 0.001249 0.998256 0.057050
1718924395.855452776 -5.398837 -6.924783 0.114144 0.015100 0.001258 0.998257 0.057046
1718924395.860443592 -5.400447 -6.924595 0.114232 0.015096 0.001271 0.998257 0.057043
1718924395.865449905 -5.402061 -6.924410 0.114321 0.015092 0.001293 0.998256 0.057049
1718924395.870444536 -5.403672 -6.924228 0.114410 0.015091 0.001316 0.998257 0.057043
1718924395.875491381 -5.405298 -6.924047 0.114498 0.015087 0.001329 0.998257 0.057032
1718924395.880445957 -5.406895 -6.923871 0.114583 0.015084 0.001343 0.998257 0.057033
1718924395.885493279 -5.408521 -6.923695 0.114667 0.015084 0.001351 0.998257 0.057036
1718924395.890446186 -5.410116 -6.923524 0.114746 0.015081 0.001357 0.998257 0.057035
1718924395.895492077 -5.411742 -6.923351 0.114823 0.015079 0.001357 0.998258 0.057029
1718924395.900003195 -5.413195 -6.923199 0.114890 0.015072 0.001348 0.998258 0.057029
1718924395.900003195 -5.413195 -6.923199 0.114890 0.015072 0.001348 0.998258 0.057029
1718924395.900487900 -5.413352 -6.923183 0.114897 0.015072 0.001347 0.998258 0.057030
1718924395.905493736 -5.414967 -6.923019 0.114969 0.015072 0.001335 0.998257 0.057040
1718924395.910488367 -5.416581 -6.922857 0.115037 0.015073 0.001324 0.998256 0.057055
1718924395.915465832 -5.418193 -6.922698 0.115104 0.015069 0.001318 0.998256 0.057066
1718924396.005512476 -5.447280 -6.919153 0.115315 0.014638 0.001822 0.998259 0.057100
1718924396.010456085 -5.448869 -6.918920 0.115294 0.014629 0.001835 0.998260 0.057097
1718924396.015450001 -5.450475 -6.918682 0.115268 0.014620 0.001846 0.998260 0.057093
1718924396.020465374 -5.452088 -6.918439 0.115239 0.014622 0.001864 0.998260 0.057100
1718924396.025454044 -5.453695 -6.918196 0.115209 0.014624 0.001903 0.998259 0.057105
1718924396.030461550 -5.455308 -6.917948 0.115179 0.014629 0.001958 0.998260 0.057097
1718924396.035451651 -5.456917 -6.917700 0.115150 0.014630 0.002015 0.998260 0.057092
1718924396.040515900 -5.458550 -6.917446 0.115120 0.014626 0.002074 0.998260 0.057088
1718924396.045513391 -5.460161 -6.917194 0.115092 0.014622 0.002135 0.998260 0.057080
1718924396.050465584 -5.461759 -6.916940 0.115064 0.014617 0.002190 0.998261 0.057074
1718924396.055448771 -5.463369 -6.916682 0.115037 0.014605 0.002231 0.998261 0.057069
1718924396.060441971 -5.464983 -6.916422 0.115013 0.014599 0.002260 0.998261 0.057076
1718924396.065447092 -5.466602 -6.916159 0.114991 0.014599 0.002283 0.998260 0.057084
1718924396.070451021 -5.468222 -6.915896 0.114974 0.014596 0.002303 0.998260 0.057083
1718924396.075451136 -5.469840 -6.915635 0.114959 0.014598 0.002316 0.998260 0.057083
1718924396.080446720 -5.471456 -6.915375 0.114946 0.014590 0.002334 0.998260 0.057092
1718924396.085449457 -5.473073 -6.915118 0.114933 0.014581 0.002357 0.998259 0.057108
1718924396.090446472 -5.474687 -6.914864 0.114919 0.014572 0.002391 0.998258 0.057123
1718924396.095451832 -5.476304 -6.914614 0.114902 0.014561 0.002429 0.998257 0.057132
1718924396.099987984 -5.477769 -6.914389 0.114884 0.014548 0.002468 0.998257 0.057140
1718924396.099987984 -5.477769 -6.914389 0.114884 0.014548 0.002468 0.998257 0.057140
1718924396.100447416 -5.477917 -6.914367 0.114881 0.014547 0.002472 0.998257 0.057141
1718924396.105443478 -5.479531 -6.914121 0.114850 0.014534 0.002517 0.998256 0.057157
1718924396.110446453 -5.481146 -6.913878 0.114818 0.014524 0.002553 0.998255 0.057181
1718924396.115466356 -5.482767 -6.913636 0.114786 0.014519 0.002576 0.998254 0.057202
1718924396.185499191 -5.505473 -6.910354 0.114200 0.014255 0.002198 0.998256 0.057242
1718924396.190450430 -5.507087 -6.910128 0.114155 0.014242 0.002171 0.998257 0.057239
1718924396.195467234 -5.508722 -6.909901 0.114107 0.014228 0.002160 0.998257 0.057237
1718924396.199975967 -5.510192 -6.909698 0.114063 0.014220 0.002156 0.998257 0.057237
1718924396.199975967 -5.510192 -6.909698 0.114063 0.014220 0.002156 0.998257 0.057237
1718924396.200469255 -5.510353 -6.909676 0.114057 0.014218 0.002155 0.998257 0.057237
1718924396.205485106 -5.511989 -6.909451 0.113999 0.014203 0.002158 0.998257 0.057233
1718924396.210448742 -5.513610 -6.909230 0.113944 0.014188 0.002157 0.998258 0.057231
1718924396.215454578 -5.515245 -6.909008 0.113891 0.014183 0.002148 0.998258 0.057231
1718924396.220460176 -5.516880 -6.908788 0.113841 0.014178 0.002129 0.998258 0.057233
1718924396.225458622 -5.518515 -6.908570 0.113792 0.014177 0.002110 0.998257 0.057243
1718924396.230455637 -5.520149 -6.908354 0.113743 0.014177 0.002088 0.998257 0.057248
1718924396.235461712 -5.521786 -6.908140 0.113694 0.014170 0.002066 0.998257 0.057247
1718924396.240449190 -5.523417 -6.907927 0.113644 0.014165 0.002061 0.998258 0.057244
1718924396.245449543 -5.525054 -6.907716 0.113592 0.014160 0.002075 0.998258 0.057239
1718924396.250442982 -5.526689 -6.907506 0.113541 0.014159 0.002097 0.998258 0.057229
1718924396.255450726 -5.528328 -6.907294 0.113489 0.014159 0.002126 0.998259 0.057216
1718924396.260442495 -5.529962 -6.907082 0.113437 0.014161 0.002159 0.998260 0.057207
1718924396.265488386 -5.531614 -6.906864 0.113381 0.014164 0.002193 0.998260 0.057197
1718924396.270441294 -5.533236 -6.906644 0.113321 0.014164 0.002222 0.998261 0.057182
1718924396.275448084 -5.534875 -6.906417 0.113256 0.014153 0.002247 0.998262 0.057169
1718924396.280484200 -5.536524 -6.906183 0.113184 0.014141 0.002270 0.998262 0.057159
1718924396.285448790 -5.538155 -6.905944 0.113107 0.014131 0.002283 0.998264 0.057136
1718924396.290485382 -5.539813 -6.905693 0.113027 0.014120 0.002289 0.998265 0.057112
1718924396.295481205 -5.541462 -6.905437 0.112947 0.014115 0.002296 0.998266 0.057095
1718924396.299987078 -5.542953 -6.905199 0.112875 0.014111 0.002306 0.998267 0.057085
1718924396.299987078 -5.542953 -6.905199 0.112875 0.014111 0.002306 0.998267 0.057085
1718924396.300450087 -5.543107 -6.905175 0.112867 0.014111 0.002306 0.998267 0.057084
1718924396.305483818 -5.544777 -6.904903 0.112788 0.014110 0.002316 0.998268 0.057071
1718924396.310486555 -5.546438 -6.904626 0.112711 0.014112 0.002328 0.998268 0.057059
1718924396.315462112 -5.548089 -6.904344 0.112639 0.014118 0.002345 0.998269 0.057054
1718924396.399981976 -5.576064 -6.899966 0.111024 0.014440 0.002093 0.998285 0.056691
1718924396.399981976 -5.576064 -6.899966 0.111024 0.014440 0.002093 0.998285 0.056691
1718924396.400453806 -5.576220 -6.899945 0.111013 0.014442 0.002091 0.998285 0.056689
1718924396.405445814 -5.577867 -6.899722 0.110896 0.014453 0.002078 0.998287 0.056655
1718924396.410444498 -5.579517 -6.899503 0.110773 0.014452 0.002072 0.998289 0.056629
1718924396.415449619 -5.581170 -6.899289 0.110646 0.014453 0.002070 0.998290 0.056607
1718924396.420457840 -5.582827 -6.899078 0.110516 0.014451 0.002072 0.998291 0.056591
1718924396.425482750 -5.584492 -6.898869 0.110388 0.014451 0.002073 0.998291 0.056591
1718924396.430449963 -5.586139 -6.898666 0.110264 0.014462 0.002060 0.998291 0.056587
1718924396.435447693 -5.587798 -6.898464 0.110142 0.014479 0.002042 0.998291 0.056578
1718924396.440445900 -5.589456 -6.898267 0.110021 0.014491 0.002010 0.998291 0.056570
1718924396.445454121 -5.591117 -6.898073 0.109901 0.014502 0.001963 0.998293 0.056549
1718924396.450446606 -5.592771 -6.897885 0.109780 0.014506 0.001904 0.998293 0.056535
1718924396.455448389 -5.594429 -6.897700 0.109656 0.014501 0.001850 0.998294 0.056526
1718924396.460442781 -5.596087 -6.897519 0.109532 0.014488 0.001813 0.998295 0.056510
1718924396.465486288 -5.597762 -6.897340 0.109406 0.014476 0.001790 0.998296 0.056500
1718924396.470481396 -5.599422 -6.897166 0.109283 0.014467 0.001776 0.998296 0.056503
1718924396.475449800 -5.601077 -6.896994 0.109162 0.014468 0.001782 0.998296 0.056495
1718924396.480444908 -5.602742 -6.896821 0.109044 0.014477 0.001800 0.998296 0.056492
1718924396.485441685 -5.604408 -6.896647 0.108928 0.014486 0.001807 0.998296 0.056501
1718924396.490445137 -5.606075 -6.896471 0.108812 0.014494 0.001803 0.998295 0.056511
1718924396.495450258 -5.607743 -6.896292 0.108696 0.014481 0.001790 0.998295 0.056520
1718924396.499979973 -5.609252 -6.896128 0.108588 0.014465 0.001763 0.998295 0.056527
1718924396.499979973 -5.609252 -6.896128 0.108588 0.014465 0.001763 0.998295 0.056527
1718924396.500445843 -5.609407 -6.896111 0.108577 0.014463 0.001761 0.998295 0.056528
1718924396.505481243 -5.611084 -6.895924 0.108454 0.014446 0.001724 0.998295 0.056524
1718924396.510488749 -5.612754 -6.895734 0.108331 0.014430 0.001685 0.998296 0.056519
1718924396.560446262 -5.629388 -6.893518 0.107181 0.014401 0.001586 0.998310 0.056283
1718924396.565450430 -5.631051 -6.893263 0.107082 0.014403 0.001572 0.998311 0.056265
1718924396.570451021 -5.632713 -6.893005 0.106984 0.014407 0.001569 0.998311 0.056251
1718924396.575441360 -5.634371 -6.892742 0.106887 0.014414 0.001581 0.998312 0.056234
1718924396.580438852 -5.636030 -6.892475 0.106789 0.014415 0.001622 0.998313 0.056219
1718924396.585494757 -5.637706 -6.892201 0.106690 0.014407 0.001683 0.998314 0.056203
1718924396.590449810 -5.639347 -6.891928 0.106592 0.014404 0.001753 0.998315 0.056184
1718924396.595459700 -5.641005 -6.891647 0.106494 0.014397 0.001803 0.998316 0.056167
1718924396.599982023 -5.642501 -6.891390 0.106407 0.014392 0.001817 0.998317 0.056155
1718924396.599982023 -5.642501 -6.891390 0.106407 0.014392 0.001817 0.998317 0.056155
1718924396.600467443 -5.642661 -6.891362 0.106397 0.014391 0.001818 0.998317 0.056154
1718924396.605457067 -5.644309 -6.891075 0.106297 0.014387 0.001814 0.998318 0.056141
1718924396.610446930 -5.645957 -6.890787 0.106197 0.014390 0.001802 0.998318 0.056134
1718924396.615458727 -5.647613 -6.890497 0.106097 0.014393 0.001785 0.998318 0.056131
1718924396.660440207 -5.662526 -6.888102 0.105144 0.014369 0.001661 0.998313 0.056240
1718924396.665446043 -5.664188 -6.887862 0.105054 0.014372 0.001638 0.998312 0.056244
1718924396.670442104 -5.665851 -6.887629 0.104965 0.014371 0.001620 0.998312 0.056256
1718924396.675436735 -5.667515 -6.887401 0.104878 0.014370 0.001612 0.998311 0.056269
1718924396.680443048 -5.669184 -6.887178 0.104793 0.014363 0.001607 0.998310 0.056280
1718924396.685478687 -5.670865 -6.886960 0.104710 0.014362 0.001603 0.998310 0.056289
1718924396.690439701 -5.672522 -6.886750 0.104630 0.014363 0.001607 0.998309 0.056298
1718924396.695478678 -5.674207 -6.886540 0.104551 0.014362 0.001608 0.998309 0.056311
1718924396.699895144 -5.675683 -6.886360 0.104484 0.014361 0.001599 0.998308 0.056322
1718924396.699895144 -5.675683 -6.886360 0.104484 0.014361 0.001599 0.998308 0.056322
1718924396.700446129 -5.675867 -6.886338 0.104476 0.014361 0.001598 0.998308 0.056324
1718924396.705440044 -5.677536 -6.886138 0.104398 0.014357 0.001583 0.998308 0.056327
1718924396.710450172 -5.679211 -6.885942 0.104323 0.014358 0.001550 0.998308 0.056330
1718924396.715486765 -5.680894 -6.885749 0.104251 0.014365 0.001496 0.998308 0.056328
1718924396.720447779 -5.682550 -6.885563 0.104182 0.014367 0.001431 0.998309 0.056316
1718924396.725501537 -5.684236 -6.885378 0.104112 0.014361 0.001362 0.998309 0.056316
1718924396.730475903 -5.685894 -6.885202 0.104042 0.014351 0.001295 0.998309 0.056314
1718924396.735452652 -5.687552 -6.885029 0.103968 0.014339 0.001237 0.998310 0.056295
1718924396.740447283 -5.689215 -6.884861 0.103893 0.014322 0.001196 0.998312 0.056274
1718924396.745450258 -5.690881 -6.884696 0.103815 0.014307 0.001166 0.998313 0.056253
1718924396.750454664 -5.692548 -6.884533 0.103737 0.014301 0.001136 0.998315 0.056230
1718924396.755501747 -5.694229 -6.884369 0.103658 0.014297 0.001105 0.998316 0.056208
1718924396.760448694 -5.695876 -6.884210 0.103583 0.014301 0.001079 0.998317 0.056186
1718924396.765452385 -5.697541 -6.884050 0.103507 0.014312 0.001053 0.998319 0.056158
1718924396.770456314 -5.699206 -6.883890 0.103432 0.014323 0.001024 0.998320 0.056128
1718924396.775445223 -5.700866 -6.883729 0.103355 0.014332 0.000998 0.998322 0.056093
1718924396.780454397 -5.702530 -6.883565 0.103277 0.014340 0.000978 0.998324 0.056063
1718924396.785451651 -5.704190 -6.883396 0.103197 0.014348 0.000967 0.998325 0.056035
1718924396.790454865 -5.705851 -6.883222 0.103112 0.014354 0.000964 0.998327 0.056003
1718924396.795447350 -5.707510 -6.883041 0.103026 0.014362 0.000974 0.998328 0.055977
1718924396.799994946 -5.709021 -6.882870 0.102946 0.014365 0.001002 0.998329 0.055960
1718924396.799994946 -5.709021 -6.882870 0.102946 0.014365 0.001002 0.998329 0.055960
1718924396.800462484 -5.709176 -6.882852 0.102937 0.014366 0.001005 0.998329 0.055958
1718924396.805454493 -5.710835 -6.882653 0.102845 0.014387 0.001037 0.998330 0.055941
1718924396.810506821 -5.712516 -6.882439 0.102751 0.014413 0.001064 0.998330 0.055924
1718924396.865495682 -5.730858 -6.879637 0.101147 0.016264 0.001671 0.998298 0.055988
1718924396.870447874 -5.732509 -6.879345 0.100958 0.016450 0.001722 0.998294 0.055993
1718924396.895489216 -5.740927 -6.877876 0.099779 0.017985 0.002006 0.998278 0.055791
1718924396.900013208 -5.742461 -6.877614 0.099527 0.018288 0.002075 0.998276 0.055734
1718924396.900013208 -5.742461 -6.877614 0.099527 0.018288 0.002075 0.998276 0.055734
1718924396.900444984 -5.742608 -6.877589 0.099501 0.018317 0.002082 0.998276 0.055728
1718924396.905448675 -5.744309 -6.877301 0.099200 0.018675 0.002176 0.998273 0.055659
1718924396.910422802 -5.746006 -6.877014 0.098895 0.019033 0.002237 0.998270 0.055587
1718924396.915431023 -5.747722 -6.876726 0.098599 0.019344 0.002205 0.998268 0.055511
1718924396.920437574 -5.749448 -6.876442 0.098337 0.019553 0.002085 0.998269 0.055436
1718924396.925487757 -5.751200 -6.876166 0.098127 0.019622 0.001933 0.998271 0.055382
1718924396.930413723 -5.752924 -6.875907 0.097984 0.019566 0.001825 0.998273 0.055355
1718924396.935419083 -5.754691 -6.875657 0.097893 0.019447 0.001800 0.998276 0.055355
1718924396.940427780 -5.756473 -6.875419 0.097837 0.019353 0.001878 0.998276 0.055376
1718924396.945431232 -5.758262 -6.875193 0.097788 0.019339 0.002009 0.998274 0.055417
1718924396.950421095 -5.760048 -6.874979 0.097722 0.019397 0.002122 0.998270 0.055471
1718924396.955419540 -5.761836 -6.874774 0.097624 0.019492 0.002166 0.998264 0.055533
1718924396.960427046 -5.763619 -6.874579 0.097488 0.019582 0.002126 0.998259 0.055605
1718924396.965427637 -5.765391 -6.874395 0.097319 0.019635 0.002006 0.998254 0.055677
1718924396.970432281 -5.767157 -6.874220 0.097131 0.019636 0.001853 0.998251 0.055738
1718924396.975422621 -5.768915 -6.874057 0.096945 0.019598 0.001726 0.998248 0.055810
1718924396.980414152 -5.770674 -6.873905 0.096776 0.019556 0.001641 0.998244 0.055891
1718924396.985428333 -5.772443 -6.873762 0.096639 0.019539 0.001598 0.998240 0.055967
1718924396.990478516 -5.774226 -6.873629 0.096537 0.019553 0.001577 0.998237 0.056027
1718924396.995427370 -5.775972 -6.873509 0.096464 0.019600 0.001555 0.998232 0.056083
1718924397.000417233 -5.777730 -6.873397 0.096400 0.019653 0.001520 0.998229 0.056128
1718924397.005460024 -5.779500 -6.873291 0.096329 0.019695 0.001466 0.998226 0.056163
1718924397.010413408 -5.781231 -6.873194 0.096240 0.019720 0.001391 0.998225 0.056180
1718924397.045429230 -5.793451 -6.872270 0.095841 0.019818 0.001207 0.998255 0.055605
1718924397.050456762 -5.795211 -6.872095 0.095855 0.019828 0.001176 0.998260 0.055521
1718924397.055420399 -5.796947 -6.871908 0.095875 0.019831 0.001156 0.998265 0.055433
1718924397.060421228 -5.798693 -6.871703 0.095892 0.019834 0.001154 0.998270 0.055344
1718924397.065410376 -5.800432 -6.871482 0.095903 0.019841 0.001169 0.998274 0.055269
1718924397.070410490 -5.802171 -6.871244 0.095904 0.019844 0.001189 0.998278 0.055194
1718924397.075407743 -5.803908 -6.870990 0.095893 0.019859 0.001201 0.998281 0.055127
1718924397.080405235 -5.805644 -6.870717 0.095872 0.019870 0.001200 0.998284 0.055080
1718924397.085409880 -5.807382 -6.870428 0.095842 0.019867 0.001190 0.998285 0.055046
1718924397.090401888 -5.809115 -6.870125 0.095808 0.019855 0.001180 0.998287 0.055022
1718924397.095408678 -5.810853 -6.869806 0.095771 0.019831 0.001171 0.998288 0.055016
1718924397.099994183 -5.812445 -6.869501 0.095740 0.019810 0.001185 0.998287 0.055035
1718924397.099994183 -5.812445 -6.869501 0.095740 0.019810 0.001185 0.998287 0.055035
1718924397.100406885 -5.812588 -6.869473 0.095737 0.019808 0.001187 0.998287 0.055036
1718924397.105408192 -5.814324 -6.869127 0.095701 0.019789 0.001240 0.998286 0.055065
1718924397.110450268 -5.816071 -6.868767 0.095672 0.019776 0.001319 0.998284 0.055104
1718924397.115414381 -5.817786 -6.868400 0.095652 0.019775 0.001383 0.998280 0.055170
1718924397.160423040 -5.833417 -6.865292 0.095634 0.019850 0.001830 0.998237 0.055904
1718924397.165421724 -5.835164 -6.864979 0.095665 0.019861 0.001878 0.998233 0.055979
1718924397.170400858 -5.836904 -6.864675 0.095697 0.019866 0.001910 0.998229 0.056037
1718924397.175431252 -5.838661 -6.864375 0.095727 0.019878 0.001930 0.998227 0.056070
1718924397.180418015 -5.840403 -6.864089 0.095750 0.019891 0.001943 0.998226 0.056089
1718924397.185431957 -5.842154 -6.863810 0.095766 0.019905 0.001955 0.998225 0.056093
1718924397.190431595 -5.843900 -6.863542 0.095775 0.019912 0.001965 0.998226 0.056077
1718924397.195421934 -5.845646 -6.863283 0.095780 0.019914 0.001979 0.998227 0.056051
1718924397.199985027 -5.847244 -6.863055 0.095783 0.019908 0.001991 0.998229 0.056019
1718924397.199985027 -5.847244 -6.863055 0.095783 0.019908 0.001991 0.998229 0.056019
1718924397.200464010 -5.847412 -6.863031 0.095783 0.019908 0.001992 0.998229 0.056015
1718924397.205465555 -5.849166 -6.862790 0.095786 0.019893 0.001990 0.998232 0.055970
1718924397.210410595 -5.850904 -6.862562 0.095793 0.019872 0.001976 0.998235 0.055925
1718924397.215435505 -5.852674 -6.862339 0.095805 0.019849 0.001963 0.998238 0.055877
1718924397.220414877 -5.854431 -6.862128 0.095820 0.019833 0.001959 0.998241 0.055832
1718924397.225434065 -5.856204 -6.861924 0.095835 0.019823 0.001967 0.998244 0.055784
1718924397.230428934 -5.857969 -6.861728 0.095848 0.019810 0.001983 0.998247 0.055737
1718924397.235404968 -5.859728 -6.861539 0.095855 0.019793 0.001996 0.998250 0.055696
1718924397.240458727 -5.861516 -6.861352 0.095856 0.019774 0.001986 0.998252 0.055659
1718924397.245414257 -5.863271 -6.861171 0.095854 0.019750 0.001956 0.998254 0.055637
1718924397.250408649 -5.865041 -6.860991 0.095852 0.019730 0.001911 0.998255 0.055622
1718924397.255411148 -5.866816 -6.860813 0.095853 0.019711 0.001860 0.998256 0.055614
1718924397.260407925 -5.868592 -6.860637 0.095856 0.019684 0.001819 0.998257 0.055605
1718924397.265408039 -5.870370 -6.860461 0.095863 0.019648 0.001799 0.998257 0.055617
1718924397.270402670 -5.872147 -6.860283 0.095872 0.019608 0.001796 0.998256 0.055645
1718924397.275406837 -5.873927 -6.860104 0.095885 0.019575 0.001801 0.998255 0.055677
1718924397.280402660 -5.875704 -6.859922 0.095900 0.019550 0.001805 0.998254 0.055711
1718924397.285408497 -5.877484 -6.859735 0.095918 0.019528 0.001801 0.998253 0.055741
1718924397.290441275 -5.879272 -6.859543 0.095935 0.019506 0.001784 0.998252 0.055768
1718924397.295448780 -5.881051 -6.859346 0.095951 0.019486 0.001752 0.998251 0.055790
1718924397.299994946 -5.882664 -6.859162 0.095960 0.019464 0.001729 0.998250 0.055814
1718924397.299994946 -5.882664 -6.859162 0.095960 0.019464 0.001729 0.998250 0.055814
1718924397.300406694 -5.882810 -6.859145 0.095961 0.019462 0.001727 0.998250 0.055817
1718924397.305409670 -5.884584 -6.858937 0.095961 0.019438 0.001724 0.998249 0.055840
1718924397.310443878 -5.886371 -6.858718 0.095958 0.019414 0.001738 0.998248 0.055858
1718924397.315463781 -5.888157 -6.858491 0.095955 0.019389 0.001763 0.998248 0.055874
1718924397.399993896 -5.918374 -6.855107 0.096279 0.019252 0.001937 0.998246 0.055943
1718924397.399993896 -5.918374 -6.855107 0.096279 0.019252 0.001937 0.998246 0.055943
1718924397.410446405 -5.922127 -6.854776 0.096416 0.019245 0.001956 0.998246 0.055947
1718924397.415413618 -5.923913 -6.854627 0.096488 0.019244 0.001962 0.998246 0.055960
1718924397.420424700 -5.925715 -6.854483 0.096561 0.019238 0.001983 0.998244 0.055984
1718924397.425422430 -5.927513 -6.854348 0.096629 0.019230 0.002025 0.998243 0.056012
1718924397.430425406 -5.929312 -6.854222 0.096691 0.019232 0.002078 0.998241 0.056043
1718924397.435424089 -5.931109 -6.854106 0.096747 0.019243 0.002127 0.998239 0.056069
1718924397.440429688 -5.932911 -6.854000 0.096798 0.019257 0.002180 0.998238 0.056091
1718924397.445406199 -5.934704 -6.853905 0.096847 0.019276 0.002226 0.998236 0.056111
1718924397.450469971 -5.936530 -6.853818 0.096901 0.019294 0.002253 0.998234 0.056137
1718924397.455415487 -5.938316 -6.853744 0.096961 0.019308 0.002259 0.998232 0.056169
1718924397.460443258 -5.940134 -6.853680 0.097030 0.019314 0.002257 0.998231 0.056193
1718924397.465407372 -5.941932 -6.853627 0.097104 0.019313 0.002268 0.998229 0.056216
1718924397.470443249 -5.943755 -6.853584 0.097183 0.019309 0.002282 0.998228 0.056244
1718924397.475406885 -5.945554 -6.853549 0.097260 0.019299 0.002306 0.998227 0.056261
1718924397.480409145 -5.947367 -6.853522 0.097332 0.019284 0.002328 0.998227 0.056265
1718924397.485413790 -5.949180 -6.853501 0.097399 0.019266 0.002338 0.998228 0.056259
1718924397.490409851 -5.950990 -6.853485 0.097463 0.019254 0.002328 0.998228 0.056254
1718924397.495417356 -5.952803 -6.853475 0.097526 0.019248 0.002300 0.998229 0.056243
1718924397.499990940 -5.954460 -6.853469 0.097586 0.019245 0.002260 0.998229 0.056236
1718924397.499990940 -5.954460 -6.853469 0.097586 0.019245 0.002260 0.998229 0.056236
1718924397.500403404 -5.954609 -6.853469 0.097591 0.019245 0.002256 0.998229 0.056235
1718924397.505405188 -5.956420 -6.853470 0.097656 0.019232 0.002206 0.998231 0.056217
1718924397.510415554 -5.958234 -6.853476 0.097725 0.019214 0.002161 0.998233 0.056192
1718924397.515414000 -5.960044 -6.853486 0.097796 0.019196 0.002137 0.998234 0.056173
1718924397.599996805 -5.990612 -6.852246 0.098714 0.019198 0.002224 0.998233 0.056199
1718924397.599996805 -5.990612 -6.852246 0.098714 0.019198 0.002224 0.998233 0.056199
1718924397.610404491 -5.994345 -6.851913 0.098875 0.019211 0.002230 0.998232 0.056198
1718924397.615409136 -5.996140 -6.851737 0.098954 0.019212 0.002237 0.998232 0.056198
1718924397.620413780 -5.997934 -6.851555 0.099035 0.019210 0.002242 0.998232 0.056203
1718924397.625424385 -5.999730 -6.851367 0.099117 0.019205 0.002261 0.998232 0.056207
1718924397.630449295 -6.001529 -6.851174 0.099202 0.019200 0.002301 0.998231 0.056219
1718924397.635408878 -6.003303 -6.850978 0.099284 0.019195 0.002355 0.998230 0.056245
1718924397.640411615 -6.005091 -6.850778 0.099367 0.019198 0.002424 0.998228 0.056279
1718924397.645452738 -6.006891 -6.850574 0.099452 0.019208 0.002484 0.998226 0.056309
1718924397.650408983 -6.008659 -6.850371 0.099536 0.019226 0.002513 0.998224 0.056334
1718924397.655404568 -6.010438 -6.850166 0.099626 0.019250 0.002521 0.998221 0.056374
1718924397.660395145 -6.012214 -6.849961 0.099720 0.019266 0.002514 0.998218 0.056428
1718924397.665411949 -6.013999 -6.849758 0.099821 0.019278 0.002491 0.998215 0.056475
1718924397.670405388 -6.015774 -6.849561 0.099927 0.019288 0.002477 0.998212 0.056517
1718924397.675412893 -6.017552 -6.849368 0.100037 0.019292 0.002483 0.998210 0.056555
1718924397.680409670 -6.019325 -6.849182 0.100145 0.019289 0.002515 0.998208 0.056589
1718924397.685411215 -6.021098 -6.849004 0.100249 0.019283 0.002561 0.998206 0.056620
1718924397.690397501 -6.022862 -6.848834 0.100348 0.019284 0.002605 0.998204 0.056652
1718924397.695394993 -6.024628 -6.848670 0.100440 0.019295 0.002638 0.998203 0.056669
1718924397.699903965 -6.026221 -6.848528 0.100519 0.019312 0.002655 0.998203 0.056667
1718924397.699903965 -6.026221 -6.848528 0.100519 0.019312 0.002655 0.998203 0.056667
1718924397.700410128 -6.026400 -6.848513 0.100527 0.019314 0.002657 0.998203 0.056667
1718924397.705415964 -6.028168 -6.848362 0.100607 0.019326 0.002655 0.998203 0.056655
1718924397.710416317 -6.029932 -6.848220 0.100687 0.019334 0.002640 0.998204 0.056633
1718924397.715406656 -6.031691 -6.848087 0.100771 0.019337 0.002618 0.998206 0.056596
1718924397.720417261 -6.033458 -6.847963 0.100859 0.019328 0.002610 0.998210 0.056543
1718924397.799994946 -6.061585 -6.845492 0.101891 0.019336 0.001974 0.998186 0.056976
1718924397.799994946 -6.061585 -6.845492 0.101891 0.019336 0.001974 0.998186 0.056976
1718924397.810401678 -6.065259 -6.845086 0.102012 0.019349 0.001886 0.998183 0.057032
1718924397.815458775 -6.067045 -6.844884 0.102069 0.019344 0.001840 0.998182 0.057058
1718924397.820407152 -6.068793 -6.844683 0.102125 0.019336 0.001796 0.998180 0.057086
1718924397.825450182 -6.070576 -6.844475 0.102182 0.019324 0.001758 0.998179 0.057118
1718924397.830499411 -6.072364 -6.844266 0.102240 0.019308 0.001738 0.998177 0.057157
1718924397.835493803 -6.074134 -6.844058 0.102300 0.019298 0.001740 0.998176 0.057183
1718924397.840415478 -6.075878 -6.843850 0.102360 0.019293 0.001757 0.998175 0.057197
1718924397.845411539 -6.077648 -6.843637 0.102420 0.019292 0.001781 0.998174 0.057216
1718924397.850440979 -6.079431 -6.843419 0.102481 0.019290 0.001820 0.998173 0.057234
1718924397.855456829 -6.081209 -6.843196 0.102541 0.019294 0.001863 0.998172 0.057247
1718924397.860408783 -6.082963 -6.842971 0.102600 0.019298 0.001913 0.998171 0.057257
1718924397.865469456 -6.084755 -6.842733 0.102660 0.019306 0.001958 0.998170 0.057263
1718924397.870463610 -6.086524 -6.842491 0.102719 0.019311 0.001973 0.998171 0.057256
1718924397.875421047 -6.088278 -6.842244 0.102779 0.019309 0.001967 0.998172 0.057244
1718924397.880409241 -6.090042 -6.841990 0.102838 0.019296 0.001956 0.998172 0.057233
1718924397.885437250 -6.091818 -6.841729 0.102897 0.019281 0.001959 0.998174 0.057215
1718924397.890444994 -6.093588 -6.841464 0.102955 0.019267 0.001986 0.998175 0.057196
1718924397.895441294 -6.095352 -6.841196 0.103012 0.019257 0.002033 0.998176 0.057173
1718924397.900012970 -6.096965 -6.840946 0.103065 0.019263 0.002074 0.998178 0.057148
1718924397.900012970 -6.096965 -6.840946 0.103065 0.019263 0.002074 0.998178 0.057148
1718924397.900447845 -6.097118 -6.840922 0.103069 0.019263 0.002078 0.998178 0.057146
1718924397.905407429 -6.098864 -6.840649 0.103124 0.019281 0.002116 0.998178 0.057129
1718924397.910409927 -6.100625 -6.840370 0.103179 0.019312 0.002136 0.998179 0.057103
1718924397.915420532 -6.102385 -6.840089 0.103237 0.019334 0.002119 0.998180 0.057081
1718924397.985467672 -6.127128 -6.836403 0.103794 0.019547 0.001998 0.998191 0.056826
1718924397.990407705 -6.128892 -6.836159 0.103841 0.019553 0.001997 0.998191 0.056817
1718924397.995393276 -6.130674 -6.835913 0.103889 0.019558 0.002009 0.998192 0.056799
1718924398.000411987 -6.132470 -6.835666 0.103938 0.019567 0.002033 0.998193 0.056785
1718924398.005394459 -6.134254 -6.835420 0.103986 0.019571 0.002059 0.998193 0.056775
1718924398.010399342 -6.136044 -6.835174 0.104034 0.019572 0.002073 0.998193 0.056776
1718924398.015405893 -6.137832 -6.834926 0.104081 0.019560 0.002065 0.998193 0.056784
1718924398.020416498 -6.139620 -6.834678 0.104129 0.019535 0.002034 0.998192 0.056803
1718924398.025409460 -6.141401 -6.834432 0.104177 0.019503 0.001988 0.998192 0.056818
1718924398.030401468 -6.143180 -6.834187 0.104226 0.019478 0.001946 0.998193 0.056818
1718924398.035449505 -6.144979 -6.833940 0.104277 0.019459 0.001903 0.998192 0.056830
1718924398.040408373 -6.146748 -6.833701 0.104328 0.019446 0.001868 0.998192 0.056847
1718924398.045415401 -6.148532 -6.833463 0.104381 0.019443 0.001848 0.998191 0.056855
1718924398.050415516 -6.150313 -6.833229 0.104434 0.019441 0.001831 0.998191 0.056860
1718924398.055452108 -6.152104 -6.832996 0.104489 0.019445 0.001822 0.998190 0.056872
1718924398.060435057 -6.153875 -6.832769 0.104544 0.019457 0.001820 0.998189 0.056888
1718924398.065442085 -6.155651 -6.832542 0.104601 0.019468 0.001823 0.998188 0.056907
1718924398.070437908 -6.157422 -6.832317 0.104661 0.019482 0.001817 0.998187 0.056917
1718924398.075449467 -6.159199 -6.832090 0.104724 0.019505 0.001795 0.998186 0.056922
1718924398.080395937 -6.160953 -6.831867 0.104789 0.019538 0.001763 0.998186 0.056926
1718924398.085450411 -6.162745 -6.831641 0.104856 0.019566 0.001726 0.998185 0.056929
1718924398.090395212 -6.164498 -6.831420 0.104921 0.019585 0.001691 0.998185 0.056926
1718924398.095444918 -6.166289 -6.831195 0.104985 0.019602 0.001670 0.998185 0.056915
1718924398.099996328 -6.167902 -6.830992 0.105039 0.019612 0.001671 0.998186 0.056905
1718924398.099996328 -6.167902 -6.830992 0.105039 0.019612 0.001671 0.998186 0.056905
1718924398.100404739 -6.168047 -6.830974 0.105043 0.019612 0.001671 0.998186 0.056904
1718924398.105443716 -6.169827 -6.830750 0.105097 0.019612 0.001706 0.998186 0.056889
1718924398.110408545 -6.171581 -6.830525 0.105149 0.019612 0.001758 0.998187 0.056872
1718924398.115456104 -6.173365 -6.830292 0.105202 0.019616 0.001806 0.998188 0.056852
1718924398.195475817 -6.201752 -6.826400 0.106349 0.019538 0.001974 0.998165 0.057275
1718924398.199989319 -6.203361 -6.826170 0.106435 0.019531 0.001989 0.998164 0.057295
1718924398.199989319 -6.203361 -6.826170 0.106435 0.019531 0.001989 0.998164 0.057295
1718924398.200497866 -6.203543 -6.826144 0.106444 0.019530 0.001991 0.998164 0.057297
1718924398.205407619 -6.205294 -6.825894 0.106534 0.019534 0.002011 0.998162 0.057328
1718924398.210452318 -6.207093 -6.825639 0.106629 0.019535 0.002035 0.998160 0.057358
1718924398.215399265 -6.208854 -6.825391 0.106721 0.019541 0.002058 0.998159 0.057384
1718924398.220395327 -6.210629 -6.825146 0.106813 0.019547 0.002082 0.998157 0.057409
1718924398.225461960 -6.212426 -6.824901 0.106905 0.019557 0.002100 0.998156 0.057423
1718924398.230482578 -6.214205 -6.824665 0.106994 0.019569 0.002118 0.998155 0.057439
1718924398.235491037 -6.215976 -6.824435 0.107084 0.019579 0.002120 0.998155 0.057442
1718924398.240467072 -6.217734 -6.824213 0.107176 0.019589 0.002109 0.998155 0.057434
1718924398.245415211 -6.219483 -6.824001 0.107271 0.019594 0.002091 0.998155 0.057430
1718924398.250448942 -6.221261 -6.823794 0.107369 0.019587 0.002069 0.998156 0.057420
1718924398.255456924 -6.223030 -6.823597 0.107468 0.019577 0.002047 0.998156 0.057414
1718924398.260397673 -6.224774 -6.823414 0.107567 0.019568 0.002034 0.998157 0.057406
1718924398.265411854 -6.226545 -6.823237 0.107667 0.019561 0.002043 0.998159 0.057382
1718924398.270395994 -6.228306 -6.823071 0.107762 0.019561 0.002070 0.998159 0.057365
1718924398.275418997 -6.230079 -6.822912 0.107852 0.019567 0.002102 0.998160 0.057356
1718924398.280486822 -6.231869 -6.822758 0.107938 0.019577 0.002112 0.998160 0.057344
1718924398.285480261 -6.233633 -6.822611 0.108017 0.019580 0.002094 0.998161 0.057328
1718924398.290443897 -6.235389 -6.822471 0.108092 0.019581 0.002053 0.998163 0.057305
1718924398.295399427 -6.237143 -6.822334 0.108168 0.019585 0.001993 0.998163 0.057291
1718924398.299983263 -6.238770 -6.822212 0.108241 0.019584 0.001931 0.998163 0.057293
1718924398.299983263 -6.238770 -6.822212 0.108241 0.019584 0.001931 0.998163 0.057293
1718924398.300405741 -6.238920 -6.822201 0.108248 0.019584 0.001925 0.998163 0.057293
1718924398.305435896 -6.240702 -6.822077 0.108350 0.019579 0.001874 0.998163 0.057304
1718924398.310448170 -6.242480 -6.821958 0.108455 0.019571 0.001846 0.998163 0.057307
1718924398.315460920 -6.244259 -6.821841 0.108567 0.019568 0.001837 0.998162 0.057321
1718924398.365418673 -6.261515 -6.820848 0.110686 0.019504 0.002077 0.998145 0.057634
1718924398.370414257 -6.263259 -6.820699 0.110801 0.019507 0.002112 0.998144 0.057659
1718924398.375397205 -6.264996 -6.820544 0.110915 0.019518 0.002153 0.998142 0.057679
1718924398.380417824 -6.266743 -6.820379 0.111026 0.019527 0.002182 0.998141 0.057691
1718924398.385476351 -6.268501 -6.820203 0.111131 0.019522 0.002195 0.998141 0.057700
1718924398.390405655 -6.270213 -6.820023 0.111226 0.019509 0.002188 0.998140 0.057718
1718924398.395444155 -6.271963 -6.819828 0.111317 0.019500 0.002180 0.998139 0.057738
1718924398.399990320 -6.273545 -6.819643 0.111394 0.019485 0.002176 0.998138 0.057760
1718924398.399990320 -6.273545 -6.819643 0.111394 0.019485 0.002176 0.998138 0.057760
1718924398.400448322 -6.273705 -6.819623 0.111401 0.019483 0.002175 0.998138 0.057762
1718924398.405433893 -6.275449 -6.819403 0.111478 0.019459 0.002174 0.998137 0.057791
1718924398.410427332 -6.277197 -6.819174 0.111554 0.019432 0.002192 0.998136 0.057809
1718924398.415477753 -6.278967 -6.818934 0.111633 0.019415 0.002226 0.998135 0.057834
1718924398.420444727 -6.280710 -6.818690 0.111714 0.019403 0.002259 0.998134 0.057857
1718924398.425421238 -6.282453 -6.818438 0.111800 0.019392 0.002290 0.998133 0.057874
1718924398.440401077 -6.287672 -6.817655 0.112064 0.019394 0.002366 0.998130 0.057913
1718924398.445405722 -6.289408 -6.817387 0.112155 0.019396 0.002379 0.998130 0.057920
1718924398.450399399 -6.291138 -6.817117 0.112247 0.019400 0.002379 0.998130 0.057925
1718924398.455414772 -6.292877 -6.816846 0.112339 0.019406 0.002378 0.998129 0.057926
1718924398.460397243 -6.294605 -6.816578 0.112431 0.019411 0.002380 0.998130 0.057920
1718924398.465410948 -6.296345 -6.816310 0.112524 0.019409 0.002386 0.998130 0.057915
1718924398.470409393 -6.298081 -6.816047 0.112619 0.019414 0.002398 0.998131 0.057902
1718924398.475422382 -6.299821 -6.815787 0.112713 0.019428 0.002429 0.998131 0.057890
1718924398.480409861 -6.301551 -6.815536 0.112806 0.019445 0.002475 0.998132 0.057872
1718924398.485399485 -6.303277 -6.815290 0.112897 0.019465 0.002526 0.998132 0.057848
1718924398.490407228 -6.305007 -6.815050 0.112986 0.019486 0.002568 0.998133 0.057830
1718924398.495395660 -6.306728 -6.814816 0.113072 0.019500 0.002588 0.998134 0.057811
1718924398.499986172 -6.308308 -6.814607 0.113150 0.019513 0.002577 0.998135 0.057792
1718924398.499986172 -6.308308 -6.814607 0.113150 0.019513 0.002577 0.998135 0.057792
1718924398.500389814 -6.308447 -6.814589 0.113158 0.019515 0.002576 0.998135 0.057790
1718924398.505402088 -6.310172 -6.814366 0.113255 0.019532 0.002555 0.998135 0.057775
1718924398.510406256 -6.311895 -6.814150 0.113352 0.019550 0.002533 0.998136 0.057764
1718924398.565399170 -6.331101 -6.812134 0.115149 0.019545 0.001913 0.998114 0.058164
1718924398.570412636 -6.332873 -6.811979 0.115239 0.019536 0.001868 0.998112 0.058202
1718924398.575400114 -6.334637 -6.811829 0.115330 0.019513 0.001837 0.998110 0.058242
1718924398.580414057 -6.336412 -6.811681 0.115424 0.019487 0.001806 0.998108 0.058290
1718924398.585410118 -6.338184 -6.811535 0.115522 0.019462 0.001779 0.998106 0.058333
1718924398.590402842 -6.339957 -6.811392 0.115626 0.019441 0.001750 0.998104 0.058365
1718924398.595439196 -6.341745 -6.811246 0.115738 0.019432 0.001717 0.998103 0.058388
1718924398.599982262 -6.343357 -6.811114 0.115842 0.019435 0.001685 0.998102 0.058403
1718924398.599982262 -6.343357 -6.811114 0.115842 0.019435 0.001685 0.998102 0.058403
1718924398.600394726 -6.343503 -6.811102 0.115854 0.019435 0.001682 0.998102 0.058404
1718924398.605399132 -6.345277 -6.810955 0.116018 0.019443 0.001637 0.998102 0.058416
1718924398.610402107 -6.347048 -6.810806 0.116182 0.019445 0.001587 0.998102 0.058419
1718924398.615409851 -6.348818 -6.810655 0.116344 0.019448 0.001539 0.998102 0.058406
1718924398.620422363 -6.350590 -6.810501 0.116503 0.019447 0.001503 0.998104 0.058383
1718924398.625405550 -6.352350 -6.810345 0.116658 0.019439 0.001488 0.998106 0.058351
1718924398.630415440 -6.354118 -6.810183 0.116812 0.019433 0.001492 0.998108 0.058310
1718924398.635453939 -6.355893 -6.810013 0.116968 0.019430 0.001515 0.998111 0.058266
1718924398.640390396 -6.357632 -6.809839 0.117121 0.019425 0.001546 0.998113 0.058231
1718924398.645452976 -6.359412 -6.809653 0.117277 0.019415 0.001574 0.998115 0.058191
1718924398.650396347 -6.361146 -6.809463 0.117428 0.019399 0.001586 0.998118 0.058154
1718924398.655390739 -6.362895 -6.809260 0.117577 0.019378 0.001582 0.998121 0.058116
1718924398.660438299 -6.364661 -6.809044 0.117726 0.019358 0.001564 0.998124 0.058069
1718924398.665469408 -6.366423 -6.808818 0.117869 0.019335 0.001550 0.998127 0.058025
1718924398.670465231 -6.368172 -6.808584 0.118006 0.019309 0.001549 0.998129 0.057987
1718924398.675497293 -6.369934 -6.808341 0.118143 0.019292 0.001576 0.998131 0.057959
1718924398.680510283 -6.371691 -6.808089 0.118279 0.019281 0.001619 0.998132 0.057944
1718924398.685434341 -6.373416 -6.807833 0.118416 0.019272 0.001662 0.998132 0.057943
1718924398.690433502 -6.375165 -6.807565 0.118559 0.019268 0.001700 0.998132 0.057950
1718924398.695433855 -6.376911 -6.807290 0.118707 0.019268 0.001721 0.998131 0.057966
1718924398.699980021 -6.378497 -6.807034 0.118842 0.019275 0.001724 0.998130 0.057990
1718924398.699980021 -6.378497 -6.807034 0.118842 0.019275 0.001724 0.998130 0.057990
1718924398.700428247 -6.378653 -6.807009 0.118852 0.019276 0.001724 0.998129 0.057992
1718924398.705435991 -6.380396 -6.806723 0.118964 0.019284 0.001712 0.998127 0.058027
1718924398.710426092 -6.382129 -6.806435 0.119072 0.019289 0.001693 0.998125 0.058064
1718924398.715432882 -6.383867 -6.806145 0.119175 0.019293 0.001666 0.998122 0.058115
1718924398.795391083 -6.412239 -6.802021 0.121672 0.019166 0.002073 0.998212 0.056583
1718924398.799979210 -6.413905 -6.801811 0.121761 0.019149 0.002102 0.998217 0.056498
1718924398.799979210 -6.413905 -6.801811 0.121761 0.019149 0.002102 0.998217 0.056498
1718924398.800446272 -6.414074 -6.801791 0.121776 0.019148 0.002105 0.998217 0.056489
1718924398.805440426 -6.415891 -6.801568 0.121972 0.019143 0.002124 0.998223 0.056397
1718924398.810436010 -6.417713 -6.801348 0.122165 0.019148 0.002125 0.998228 0.056301
1718924398.815418959 -6.419536 -6.801130 0.122356 0.019152 0.002103 0.998233 0.056210
1718924398.820426226 -6.421371 -6.800912 0.122548 0.019150 0.002045 0.998238 0.056125
1718924398.825403214 -6.423198 -6.800699 0.122739 0.019138 0.001961 0.998243 0.056052
1718924398.830388546 -6.425033 -6.800489 0.122933 0.019113 0.001880 0.998247 0.055986
1718924398.835407257 -6.426883 -6.800283 0.123131 0.019081 0.001821 0.998251 0.055932
1718924398.840396166 -6.428726 -6.800083 0.123331 0.019041 0.001794 0.998253 0.055896
1718924398.845385075 -6.430571 -6.799887 0.123536 0.019010 0.001790 0.998255 0.055878
1718924398.850390196 -6.432425 -6.799695 0.123744 0.018997 0.001805 0.998256 0.055872
1718924398.855385065 -6.434275 -6.799507 0.123952 0.018993 0.001817 0.998255 0.055879
1718924398.860391378 -6.436128 -6.799319 0.124160 0.018990 0.001799 0.998255 0.055892
1718924398.865385771 -6.437977 -6.799134 0.124364 0.018984 0.001749 0.998254 0.055902
1718924398.870407581 -6.439835 -6.798949 0.124565 0.018969 0.001667 0.998254 0.055914
1718924398.875428677 -6.441694 -6.798765 0.124763 0.018944 0.001584 0.998254 0.055926
1718924398.880496025 -6.443572 -6.798580 0.124962 0.018919 0.001522 0.998253 0.055944
1718924398.885456800 -6.445414 -6.798399 0.125156 0.018896 0.001507 0.998253 0.055962
1718924398.890419006 -6.447259 -6.798216 0.125352 0.018880 0.001520 0.998252 0.055981
1718924398.895414591 -6.449120 -6.798029 0.125553 0.018866 0.001545 0.998252 0.055992
1718924398.900017977 -6.450836 -6.797851 0.125735 0.018860 0.001565 0.998251 0.055999
1718924398.900017977 -6.450836 -6.797851 0.125735 0.018860 0.001565 0.998251 0.055999
1718924398.900416851 -6.450985 -6.797835 0.125744 0.018859 0.001567 0.998251 0.055999
1718924398.905453205 -6.452863 -6.797633 0.125857 0.018849 0.001569 0.998251 0.056002
1718924398.910459518 -6.454729 -6.797425 0.125966 0.018831 0.001533 0.998252 0.056005
1718924398.915488243 -6.456605 -6.797207 0.126070 0.018805 0.001468 0.998252 0.056006
1718924398.965481281 -6.475123 -6.794847 0.126921 0.018458 0.001051 0.998260 0.056000
1718924398.970485687 -6.476970 -6.794590 0.126985 0.018447 0.001022 0.998261 0.055975
1718924398.975479603 -6.478814 -6.794333 0.127046 0.018448 0.001012 0.998263 0.055951
1718924398.980431557 -6.480643 -6.794077 0.127106 0.018445 0.001006 0.998264 0.055928
1718924398.985435963 -6.482491 -6.793820 0.127170 0.018432 0.000994 0.998266 0.055902
1718924398.990428925 -6.484336 -6.793565 0.127237 0.018418 0.000994 0.998268 0.055868
1718924398.995472193 -6.486199 -6.793309 0.127306 0.018405 0.001003 0.998270 0.055834
1718924399.000467777 -6.488045 -6.793058 0.127374 0.018392 0.001014 0.998272 0.055805
1718924399.005453825 -6.489886 -6.792809 0.127438 0.018383 0.001042 0.998273 0.055777
1718924399.010419846 -6.491721 -6.792562 0.127496 0.018385 0.001084 0.998275 0.055754
1718924399.015429020 -6.493574 -6.792314 0.127548 0.018396 0.001115 0.998276 0.055731
1718924399.020452738 -6.495433 -6.792066 0.127597 0.018408 0.001120 0.998276 0.055718
1718924399.025490284 -6.497300 -6.791818 0.127644 0.018415 0.001103 0.998276 0.055716
1718924399.030452013 -6.499142 -6.791576 0.127691 0.018411 0.001072 0.998276 0.055719
1718924399.035476685 -6.501007 -6.791334 0.127739 0.018403 0.001042 0.998277 0.055714
1718924399.040430069 -6.502848 -6.791099 0.127787 0.018392 0.001028 0.998278 0.055701
1718924399.045442820 -6.504713 -6.790864 0.127836 0.018375 0.001040 0.998278 0.055694
1718924399.050449133 -6.506577 -6.790631 0.127885 0.018350 0.001070 0.998279 0.055693
1718924399.055426836 -6.508430 -6.790402 0.127936 0.018333 0.001094 0.998279 0.055690
1718924399.060461760 -6.510304 -6.790172 0.127990 0.018328 0.001109 0.998280 0.055683
1718924399.065467834 -6.512169 -6.789945 0.128047 0.018333 0.001090 0.998280 0.055673
1718924399.070431471 -6.514017 -6.789721 0.128105 0.018343 0.001024 0.998281 0.055654
1718924399.075420141 -6.515873 -6.789500 0.128167 0.018349 0.000937 0.998282 0.055628
1718924399.080423832 -6.517736 -6.789282 0.128227 0.018344 0.000854 0.998283 0.055615
1718924399.085417747 -6.519594 -6.789070 0.128285 0.018322 0.000800 0.998285 0.055598
1718924399.090422392 -6.521455 -6.788864 0.128342 0.018297 0.000773 0.998286 0.055583
1718924399.095418692 -6.523314 -6.788663 0.128398 0.018273 0.000781 0.998287 0.055574
1718924399.099979162 -6.525012 -6.788483 0.128450 0.018258 0.000809 0.998287 0.055575
1718924399.099979162 -6.525012 -6.788483 0.128450 0.018258 0.000809 0.998287 0.055575
1718924399.100423813 -6.525178 -6.788466 0.128456 0.018257 0.000812 0.998287 0.055575
1718924399.105419636 -6.527038 -6.788273 0.128522 0.018258 0.000835 0.998287 0.055579
1718924399.110423326 -6.528901 -6.788081 0.128590 0.018269 0.000819 0.998286 0.055587
1718924399.115534306 -6.530803 -6.787887 0.128658 0.018290 0.000764 0.998285 0.055608
1718924399.170429945 -6.551084 -6.785387 0.129515 0.018308 0.000129 0.998288 0.055553
1718924399.175410986 -6.552906 -6.785119 0.129601 0.018325 0.000090 0.998288 0.055543
1718924399.180424213 -6.554736 -6.784843 0.129691 0.018344 0.000070 0.998288 0.055530
1718924399.185419321 -6.556557 -6.784565 0.129784 0.018361 0.000070 0.998289 0.055521
1718924399.190423489 -6.558377 -6.784281 0.129882 0.018372 0.000077 0.998289 0.055508
1718924399.195432663 -6.560195 -6.783993 0.129985 0.018388 0.000082 0.998290 0.055481
1718924399.199982166 -6.561842 -6.783727 0.130084 0.018409 0.000073 0.998291 0.055461
1718924399.199982166 -6.561842 -6.783727 0.130084 0.018409 0.000073 0.998291 0.055461
1718924399.200433731 -6.562005 -6.783701 0.130104 0.018411 0.000072 0.998291 0.055459
1718924399.205430031 -6.563796 -6.783412 0.130382 0.018453 0.000040 0.998291 0.055450
1718924399.210428715 -6.565582 -6.783120 0.130660 0.018505 -0.000017 0.998291 0.055438
1718924399.215430975 -6.567363 -6.782829 0.130938 0.018559 -0.000098 0.998290 0.055429
1718924399.220461845 -6.569150 -6.782538 0.131213 0.018617 -0.000185 0.998290 0.055419
1718924399.225439787 -6.570914 -6.782254 0.131481 0.018670 -0.000262 0.998289 0.055416
1718924399.230439663 -6.572683 -6.781975 0.131747 0.018713 -0.000323 0.998288 0.055413
1718924399.235444069 -6.574449 -6.781702 0.132017 0.018758 -0.000383 0.998288 0.055404
1718924399.240427017 -6.576203 -6.781437 0.132292 0.018794 -0.000437 0.998287 0.055399
1718924399.245473862 -6.577971 -6.781176 0.132581 0.018824 -0.000476 0.998287 0.055395
1718924399.250473022 -6.579714 -6.780925 0.132878 0.018871 -0.000520 0.998287 0.055380
1718924399.255433083 -6.581438 -6.780686 0.133185 0.018940 -0.000607 0.998287 0.055344
1718924399.260470867 -6.583181 -6.780454 0.133508 0.019028 -0.000725 0.998288 0.055296
1718924399.265487432 -6.584903 -6.780236 0.133832 0.019123 -0.000851 0.998290 0.055228
1718924399.270501137 -6.586611 -6.780032 0.134153 0.019200 -0.000985 0.998294 0.055133
1718924399.275477409 -6.588294 -6.779843 0.134468 0.019267 -0.001137 0.998299 0.055017
1718924399.280497313 -6.589982 -6.779666 0.134785 0.019333 -0.001295 0.998305 0.054882
1718924399.285515785 -6.591659 -6.779502 0.135100 0.019395 -0.001448 0.998312 0.054729
1718924399.290504217 -6.593318 -6.779350 0.135410 0.019460 -0.001603 0.998320 0.054556
1718924399.295425892 -6.594949 -6.779209 0.135715 0.019531 -0.001783 0.998328 0.054367
1718924399.299976110 -6.596453 -6.779086 0.135991 0.019596 -0.001975 0.998338 0.054162
1718924399.299976110 -6.596453 -6.779086 0.135991 0.019596 -0.001975 0.998338 0.054162
1718924399.300469160 -6.596617 -6.779072 0.136009 0.019604 -0.001995 0.998339 0.054139
1718924399.305425882 -6.598260 -6.778945 0.136191 0.019692 -0.002211 0.998351 0.053883
1718924399.310460806 -6.599926 -6.778829 0.136372 0.019787 -0.002409 0.998363 0.053607
1718924399.315446377 -6.601570 -6.778728 0.136546 0.019877 -0.002589 0.998376 0.053329
1718924399.365414143 -6.617902 -6.777839 0.138698 0.020680 -0.001697 0.998493 0.050812
1718924399.370427847 -6.619544 -6.777757 0.138748 0.020755 -0.001537 0.998504 0.050571
1718924399.375420570 -6.621180 -6.777679 0.138789 0.020817 -0.001325 0.998515 0.050322
1718924399.380433321 -6.622823 -6.777600 0.138826 0.020870 -0.001109 0.998528 0.050056
1718924399.385439396 -6.624466 -6.777517 0.138863 0.020915 -0.000930 0.998540 0.049793
1718924399.390415192 -6.626102 -6.777425 0.138905 0.020964 -0.000827 0.998552 0.049536
1718924399.395423889 -6.627750 -6.777322 0.138956 0.021021 -0.000775 0.998564 0.049274
1718924399.399994135 -6.629254 -6.777222 0.139006 0.021069 -0.000752 0.998575 0.049034
1718924399.399994135 -6.629254 -6.777222 0.139006 0.021069 -0.000752 0.998575 0.049034
1718924399.400418758 -6.629394 -6.777213 0.139011 0.021073 -0.000750 0.998576 0.049012
1718924399.405462980 -6.631055 -6.777098 0.139063 0.021125 -0.000746 0.998587 0.048752
1718924399.410456657 -6.632700 -6.776979 0.139114 0.021180 -0.000738 0.998598 0.048501
1718924399.415430784 -6.634338 -6.776850 0.139161 0.021238 -0.000717 0.998608 0.048268
1718924399.420433044 -6.635984 -6.776711 0.139205 0.021295 -0.000679 0.998617 0.048065
1718924399.425418615 -6.637623 -6.776560 0.139244 0.021359 -0.000618 0.998623 0.047905
1718924399.430533171 -6.639303 -6.776391 0.139281 0.021431 -0.000555 0.998628 0.047772
1718924399.435515642 -6.640939 -6.776209 0.139318 0.021500 -0.000510 0.998632 0.047666
1718924399.440428019 -6.642550 -6.776014 0.139355 0.021570 -0.000473 0.998634 0.047594
1718924399.445426941 -6.644187 -6.775799 0.139394 0.021638 -0.000429 0.998634 0.047554
1718924399.450424433 -6.645820 -6.775568 0.139431 0.021684 -0.000366 0.998634 0.047536
1718924399.455427408 -6.647451 -6.775320 0.139465 0.021718 -0.000285 0.998633 0.047543
1718924399.460410595 -6.649073 -6.775056 0.139498 0.021750 -0.000184 0.998630 0.047591
1718924399.465474844 -6.650721 -6.774766 0.139534 0.021783 -0.000070 0.998626 0.047663
1718924399.470423698 -6.652329 -6.774462 0.139571 0.021819 0.000041 0.998621 0.047740
1718924399.475425482 -6.653951 -6.774136 0.139611 0.021856 0.000147 0.998617 0.047821
1718924399.480453014 -6.655577 -6.773790 0.139650 0.021889 0.000246 0.998612 0.047913
1718924399.485424280 -6.657183 -6.773429 0.139687 0.021927 0.000330 0.998606 0.048013
1718924399.490420580 -6.658794 -6.773049 0.139720 0.021968 0.000419 0.998600 0.048116
1718924399.495421886 -6.660400 -6.772651 0.139747 0.022010 0.000520 0.998594 0.048220
1718924399.499994040 -6.661866 -6.772272 0.139766 0.022052 0.000642 0.998588 0.048315
1718924399.499994040 -6.661866 -6.772272 0.139766 0.022052 0.000642 0.998588 0.048315
1718924399.500419617 -6.662002 -6.772236 0.139768 0.022057 0.000654 0.998588 0.048324
1718924399.505413771 -6.663599 -6.771808 0.139785 0.022110 0.000829 0.998582 0.048416
1718924399.510444641 -6.665205 -6.771361 0.139803 0.022174 0.001006 0.998577 0.048494
1718924399.515437365 -6.666797 -6.770902 0.139822 0.022239 0.001168 0.998572 0.048567
1718924399.590421200 -6.691137 -6.765408 0.139889 0.022104 0.002293 0.998484 0.050349
1718924399.595412970 -6.692788 -6.765148 0.139872 0.022097 0.002391 0.998478 0.050476
1718924399.599981070 -6.694304 -6.764922 0.139855 0.022085 0.002484 0.998472 0.050593
1718924399.599981070 -6.694304 -6.764922 0.139855 0.022085 0.002484 0.998472 0.050593
1718924399.600417614 -6.694449 -6.764902 0.139854 0.022083 0.002492 0.998471 0.050604
1718924399.605412483 -6.696111 -6.764671 0.139835 0.022057 0.002598 0.998465 0.050731
1718924399.610416412 -6.697780 -6.764455 0.139814 0.022029 0.002705 0.998459 0.050857
1718924399.615442276 -6.699461 -6.764253 0.139791 0.022004 0.002799 0.998454 0.050976
1718924399.620450497 -6.701141 -6.764067 0.139768 0.021976 0.002867 0.998449 0.051081
1718924399.625442266 -6.702819 -6.763896 0.139744 0.021954 0.002912 0.998444 0.051171
1718924399.630461693 -6.704511 -6.763740 0.139721 0.021937 0.002938 0.998441 0.051235
1718924399.635429144 -6.706191 -6.763601 0.139697 0.021926 0.002961 0.998439 0.051283
1718924399.640425682 -6.707887 -6.763477 0.139673 0.021914 0.002990 0.998438 0.051315
1718924399.645420790 -6.709590 -6.763369 0.139650 0.021890 0.003034 0.998438 0.051323
1718924399.650457382 -6.711313 -6.763274 0.139629 0.021867 0.003085 0.998439 0.051309
1718924399.655466557 -6.713033 -6.763192 0.139611 0.021845 0.003131 0.998441 0.051274
1718924399.660457850 -6.714752 -6.763121 0.139594 0.021832 0.003164 0.998443 0.051229
1718924399.665485144 -6.716489 -6.763061 0.139577 0.021826 0.003191 0.998447 0.051166
1718924399.670470715 -6.718217 -6.763010 0.139558 0.021834 0.003210 0.998450 0.051088
1718924399.675410509 -6.719934 -6.762967 0.139537 0.021852 0.003206 0.998454 0.050999
1718924399.680427074 -6.721681 -6.762930 0.139513 0.021874 0.003179 0.998459 0.050896
1718924399.685417652 -6.723423 -6.762899 0.139487 0.021886 0.003142 0.998464 0.050796
1718924399.690455198 -6.725187 -6.762874 0.139459 0.021882 0.003105 0.998470 0.050693
1718924399.695446730 -6.726938 -6.762853 0.139432 0.021867 0.003068 0.998475 0.050601
1718924399.699911118 -6.728508 -6.762838 0.139408 0.021852 0.003036 0.998479 0.050529
1718924399.699911118 -6.728508 -6.762838 0.139408 0.021852 0.003036 0.998479 0.050529
1718924399.700444937 -6.728696 -6.762837 0.139406 0.021851 0.003032 0.998479 0.050520
1718924399.705407858 -6.730447 -6.762824 0.139384 0.021836 0.003009 0.998484 0.050437
1718924399.710419416 -6.732218 -6.762814 0.139362 0.021817 0.002986 0.998488 0.050370
1718924399.715408564 -6.733982 -6.762804 0.139340 0.021803 0.002956 0.998490 0.050325
1718924399.795409203 -6.762174 -6.761730 0.139019 0.021677 0.002419 0.998482 0.050583
1718924399.799992085 -6.763784 -6.761611 0.139003 0.021667 0.002398 0.998482 0.050578
1718924399.799992085 -6.763784 -6.761611 0.139003 0.021667 0.002398 0.998482 0.050578
1718924399.800404072 -6.763928 -6.761601 0.139004 0.021666 0.002396 0.998482 0.050577
1718924399.805408716 -6.765683 -6.761470 0.139039 0.021637 0.002374 0.998484 0.050561
1718924399.810404301 -6.767436 -6.761334 0.139078 0.021610 0.002365 0.998485 0.050542
1718924399.815417051 -6.769198 -6.761192 0.139121 0.021585 0.002370 0.998487 0.050518
1718924399.820437670 -6.770963 -6.761043 0.139166 0.021566 0.002368 0.998489 0.050484
1718924399.825438261 -6.772721 -6.760889 0.139210 0.021560 0.002353 0.998491 0.050454
1718924399.830432177 -6.774477 -6.760730 0.139251 0.021569 0.002332 0.998492 0.050422
1718924399.835423470 -6.776231 -6.760567 0.139289 0.021584 0.002310 0.998494 0.050388
1718924399.840413570 -6.777983 -6.760402 0.139322 0.021598 0.002281 0.998495 0.050360
1718924399.845403433 -6.779733 -6.760234 0.139353 0.021601 0.002243 0.998496 0.050339
1718924399.850409031 -6.781489 -6.760065 0.139382 0.021589 0.002198 0.998497 0.050326
1718924399.855414867 -6.783245 -6.759896 0.139410 0.021572 0.002167 0.998498 0.050320
1718924399.860483408 -6.785025 -6.759726 0.139440 0.021548 0.002169 0.998499 0.050315
1718924399.865420818 -6.786762 -6.759562 0.139469 0.021523 0.002184 0.998499 0.050324
1718924399.870426655 -6.788524 -6.759397 0.139499 0.021499 0.002208 0.998498 0.050337
1718924399.875420094 -6.790282 -6.759234 0.139531 0.021477 0.002226 0.998498 0.050353
1718924399.880425692 -6.792045 -6.759072 0.139561 0.021463 0.002238 0.998497 0.050380
1718924399.885488987 -6.793829 -6.758908 0.139591 0.021455 0.002235 0.998496 0.050409
1718924399.890446424 -6.795577 -6.758749 0.139617 0.021457 0.002222 0.998494 0.050437
1718924399.895412207 -6.797327 -6.758591 0.139642 0.021455 0.002202 0.998493 0.050464
1718924399.900004148 -6.798946 -6.758446 0.139661 0.021447 0.002181 0.998492 0.050494
1718924399.900004148 -6.798946 -6.758446 0.139661 0.021447 0.002181 0.998492 0.050494
1718924399.900402069 -6.799087 -6.758433 0.139660 0.021447 0.002179 0.998492 0.050497
1718924399.905408859 -6.800854 -6.758274 0.139637 0.021428 0.002163 0.998490 0.050533
1718924399.910405874 -6.802619 -6.758118 0.139618 0.021401 0.002151 0.998489 0.050567
1718924399.955412388 -6.818567 -6.756809 0.139457 0.021088 0.001958 0.998492 0.050651
1718924399.960455179 -6.820364 -6.756660 0.139451 0.021053 0.001961 0.998492 0.050654
1718924399.965412855 -6.822133 -6.756513 0.139447 0.021013 0.001980 0.998494 0.050642
1718924399.970481634 -6.823944 -6.756361 0.139443 0.020978 0.002003 0.998496 0.050611
1718924399.975465536 -6.825725 -6.756210 0.139436 0.020958 0.002021 0.998498 0.050574
1718924399.980498314 -6.827526 -6.756054 0.139423 0.020957 0.002038 0.998500 0.050539
1718924399.985424995 -6.829288 -6.755898 0.139407 0.020960 0.002054 0.998502 0.050502
1718924399.990448475 -6.831084 -6.755734 0.139386 0.020968 0.002057 0.998504 0.050466
1718924399.995447159 -6.832871 -6.755567 0.139364 0.020975 0.002053 0.998505 0.050429
1718924400.000444174 -6.834659 -6.755397 0.139342 0.020975 0.002046 0.998508 0.050383
1718924400.005410671 -6.836437 -6.755222 0.139323 0.020968 0.002029 0.998510 0.050343
1718924400.010401726 -6.838226 -6.755044 0.139308 0.020947 0.002013 0.998513 0.050294
1718924400.015419960 -6.840027 -6.754863 0.139298 0.020914 0.002016 0.998516 0.050247
1718924400.020412445 -6.841820 -6.754681 0.139291 0.020882 0.002028 0.998518 0.050214
1718924400.025439978 -6.843626 -6.754495 0.139285 0.020866 0.002032 0.998520 0.050187
1718924400.030413866 -6.845413 -6.754309 0.139278 0.020857 0.002036 0.998520 0.050180
1718924400.035408974 -6.847207 -6.754122 0.139268 0.020850 0.002043 0.998520 0.050191
1718924400.040416241 -6.849004 -6.753933 0.139255 0.020848 0.002036 0.998520 0.050199
1718924400.045456409 -6.850812 -6.753744 0.139238 0.020847 0.002012 0.998519 0.050213
1718924400.050418615 -6.852592 -6.753560 0.139219 0.020834 0.001984 0.998518 0.050246
1718924400.055418491 -6.854386 -6.753377 0.139198 0.020806 0.001966 0.998516 0.050296
1718924400.060407639 -6.856177 -6.753196 0.139178 0.020777 0.001963 0.998514 0.050345
1718924400.065421343 -6.857978 -6.753016 0.139159 0.020736 0.001977 0.998512 0.050395
1718924400.070407152 -6.859773 -6.752839 0.139142 0.020692 0.002003 0.998511 0.050440
1718924400.075407028 -6.861573 -6.752664 0.139124 0.020655 0.002040 0.998509 0.050487
1718924400.080408335 -6.863376 -6.752489 0.139104 0.020637 0.002067 0.998506 0.050551
1718924400.085407972 -6.865178 -6.752314 0.139082 0.020636 0.002083 0.998503 0.050611
1718924400.090399742 -6.866979 -6.752141 0.139056 0.020649 0.002088 0.998501 0.050653
1718924400.095444202 -6.868800 -6.751967 0.139029 0.020655 0.002073 0.998499 0.050686
1718924400.099992037 -6.870442 -6.751809 0.139006 0.020654 0.002046 0.998498 0.050712
1718924400.099992037 -6.870442 -6.751809 0.139006 0.020654 0.002046 0.998498 0.050712
1718924400.100400925 -6.870590 -6.751795 0.139004 0.020654 0.002044 0.998497 0.050715
1718924400.105404615 -6.872398 -6.751627 0.138988 0.020637 0.002016 0.998497 0.050733
1718924400.110400677 -6.874207 -6.751460 0.138976 0.020608 0.001999 0.998497 0.050742
1718924400.115421295 -6.876028 -6.751294 0.138968 0.020572 0.002003 0.998497 0.050753
1718924400.195422649 -6.904765 -6.748313 0.140424 0.020301 0.001821 0.998518 0.050462
1718924400.199990988 -6.906422 -6.748117 0.140412 0.020286 0.001811 0.998519 0.050449
1718924400.199990988 -6.906422 -6.748117 0.140412 0.020286 0.001811 0.998519 0.050449
1718924400.200408220 -6.906574 -6.748099 0.140410 0.020285 0.001810 0.998519 0.050448
1718924400.205413580 -6.908396 -6.747883 0.140386 0.020258 0.001787 0.998520 0.050439
1718924400.210404158 -6.910213 -6.747666 0.140363 0.020225 0.001775 0.998521 0.050437
1718924400.215420246 -6.912040 -6.747447 0.140340 0.020196 0.001777 0.998521 0.050452
1718924400.220416307 -6.913860 -6.747227 0.140317 0.020173 0.001794 0.998520 0.050467
1718924400.225423813 -6.915684 -6.747006 0.140291 0.020151 0.001808 0.998519 0.050498
1718924400.230411768 -6.917500 -6.746785 0.140262 0.020145 0.001818 0.998517 0.050539
1718924400.235412598 -6.919319 -6.746565 0.140227 0.020156 0.001821 0.998515 0.050584
1718924400.240415573 -6.921139 -6.746345 0.140187 0.020168 0.001807 0.998512 0.050625
1718924400.245446444 -6.922969 -6.746126 0.140146 0.020172 0.001781 0.998510 0.050670
1718924400.250406742 -6.924775 -6.745912 0.140105 0.020175 0.001760 0.998507 0.050727
1718924400.255404234 -6.926597 -6.745700 0.140067 0.020158 0.001739 0.998505 0.050786
1718924400.260405540 -6.928425 -6.745490 0.140033 0.020124 0.001721 0.998503 0.050839
1718924400.265401602 -6.930254 -6.745286 0.140001 0.020082 0.001728 0.998501 0.050894
1718924400.270396471 -6.932087 -6.745085 0.139972 0.020039 0.001761 0.998499 0.050942
1718924400.275400877 -6.933926 -6.744885 0.139942 0.020000 0.001796 0.998498 0.050983
1718924400.280398130 -6.935763 -6.744686 0.139912 0.019969 0.001829 0.998497 0.051014
1718924400.285401821 -6.937604 -6.744488 0.139878 0.019954 0.001851 0.998496 0.051039
1718924400.290397167 -6.939441 -6.744291 0.139842 0.019947 0.001862 0.998495 0.051043
1718924400.295403481 -6.941282 -6.744094 0.139803 0.019942 0.001863 0.998496 0.051038
1718924400.299988985 -6.942969 -6.743913 0.139767 0.019935 0.001848 0.998497 0.051025
1718924400.299988985 -6.942969 -6.743913 0.139767 0.019935 0.001848 0.998497 0.051025
1718924400.300401926 -6.943120 -6.743896 0.139764 0.019935 0.001847 0.998497 0.051024
1718924400.305403709 -6.944957 -6.743699 0.139724 0.019922 0.001831 0.998499 0.050994
1718924400.310399532 -6.946792 -6.743503 0.139687 0.019898 0.001822 0.998501 0.050949
1718924400.315418482 -6.948637 -6.743306 0.139654 0.019875 0.001825 0.998504 0.050904
1718924400.355405807 -6.963380 -6.741840 0.139305 0.019844 0.001162 0.998512 0.050781
1718924400.360451937 -6.965244 -6.741683 0.139259 0.019830 0.001104 0.998512 0.050780
1718924400.365466595 -6.967097 -6.741531 0.139215 0.019802 0.001061 0.998513 0.050788
1718924400.370398521 -6.968920 -6.741386 0.139173 0.019770 0.001034 0.998512 0.050818
1718924400.375462770 -6.970794 -6.741240 0.139131 0.019739 0.001027 0.998510 0.050868
1718924400.380410671 -6.972626 -6.741102 0.139091 0.019716 0.001035 0.998507 0.050930
1718924400.385408163 -6.974477 -6.740964 0.139051 0.019702 0.001034 0.998504 0.050996
1718924400.390407801 -6.976329 -6.740830 0.139010 0.019697 0.001024 0.998501 0.051056
1718924400.395406485 -6.978182 -6.740699 0.138970 0.019691 0.001011 0.998498 0.051113
1718924400.400000334 -6.979883 -6.740579 0.138934 0.019683 0.000986 0.998495 0.051171
1718924400.400000334 -6.979883 -6.740579 0.138934 0.019683 0.000986 0.998495 0.051171
1718924400.400499821 -6.980068 -6.740566 0.138928 0.019682 0.000983 0.998495 0.051177
1718924400.405478954 -6.981908 -6.740441 0.138875 0.019666 0.000948 0.998492 0.051241
1718924400.410448551 -6.983746 -6.740318 0.138825 0.019648 0.000922 0.998490 0.051296
1718924400.415484428 -6.985607 -6.740193 0.138776 0.019628 0.000915 0.998488 0.051336
1718924400.455421209 -7.000239 -6.739027 0.138157 0.019636 0.000767 0.998510 0.050899
1718924400.460405827 -7.002073 -6.738842 0.138118 0.019635 0.000766 0.998514 0.050837
1718924400.465402126 -7.003912 -6.738651 0.138080 0.019614 0.000794 0.998518 0.050762
1718924400.470396757 -7.005750 -6.738454 0.138045 0.019589 0.000823 0.998522 0.050690
1718924400.475442171 -7.007606 -6.738247 0.138011 0.019572 0.000859 0.998526 0.050624
1718924400.480438948 -7.009443 -6.738036 0.137978 0.019565 0.000911 0.998529 0.050555
1718924400.485444069 -7.011282 -6.737819 0.137943 0.019568 0.000975 0.998532 0.050496
1718924400.490398407 -7.013099 -6.737597 0.137906 0.019579 0.001023 0.998534 0.050449
1718924400.495403767 -7.014931 -6.737366 0.137867 0.019597 0.001051 0.998536 0.050405
1718924400.500398159 -7.016756 -6.737130 0.137827 0.019613 0.001069 0.998537 0.050383
1718924400.505404472 -7.018582 -6.736890 0.137789 0.019618 0.001072 0.998537 0.050370
1718924400.510399818 -7.020401 -6.736646 0.137755 0.019608 0.001067 0.998538 0.050368
1718924400.515411377 -7.022225 -6.736401 0.137724 0.019593 0.001077 0.998537 0.050389
1718924400.520438433 -7.024053 -6.736155 0.137695 0.019581 0.001109 0.998535 0.050423
1718924400.525406599 -7.025859 -6.735912 0.137666 0.019571 0.001153 0.998533 0.050472
1718924400.530547619 -7.027726 -6.735661 0.137632 0.019578 0.001205 0.998530 0.050535
1718924400.535403490 -7.029489 -6.735426 0.137595 0.019603 0.001265 0.998526 0.050591
1718924400.540462255 -7.031323 -6.735182 0.137551 0.019648 0.001320 0.998522 0.050660
1718924400.545400381 -7.033111 -6.734944 0.137503 0.019694 0.001346 0.998517 0.050738
1718924400.550489426 -7.034951 -6.734701 0.137452 0.019727 0.001350 0.998512 0.050829
1718924400.555418253 -7.036734 -6.734470 0.137402 0.019745 0.001344 0.998507 0.050911
1718924400.560466051 -7.038560 -6.734238 0.137353 0.019749 0.001333 0.998503 0.050998
1718924400.565409184 -7.040351 -6.734016 0.137309 0.019736 0.001337 0.998498 0.051088
1718924400.570424080 -7.042170 -6.733797 0.137267 0.019719 0.001363 0.998495 0.051164
1718924400.575433731 -7.043991 -6.733585 0.137225 0.019701 0.001407 0.998492 0.051228
1718924400.580408096 -7.045802 -6.733380 0.137182 0.019698 0.001459 0.998489 0.051286
1718924400.585402250 -7.047621 -6.733180 0.137136 0.019703 0.001511 0.998485 0.051351
1718924400.590398550 -7.049441 -6.732985 0.137088 0.019716 0.001554 0.998482 0.051397
1718924400.595447063 -7.051278 -6.732791 0.137039 0.019733 0.001572 0.998481 0.051420
1718924400.599987984 -7.052930 -6.732620 0.136994 0.019740 0.001561 0.998480 0.051437
1718924400.599987984 -7.052930 -6.732620 0.136994 0.019740 0.001561 0.998480 0.051437
1718924400.600400686 -7.053080 -6.732605 0.136989 0.019741 0.001561 0.998480 0.051439
1718924400.605393887 -7.054900 -6.732423 0.136928 0.019743 0.001529 0.998479 0.051457
1718924400.610399485 -7.056724 -6.732247 0.136868 0.019733 0.001497 0.998479 0.051465
1718924400.615409613 -7.058552 -6.732076 0.136810 0.019721 0.001479 0.998479 0.051458
1718924400.699895144 -7.089293 -6.728604 0.136172 0.019778 0.001017 0.998445 0.052103
1718924400.699895144 -7.089293 -6.728604 0.136172 0.019778 0.001017 0.998445 0.052103
1718924400.705417633 -7.091287 -6.728344 0.136223 0.019781 0.000987 0.998443 0.052149
1718924400.710405350 -7.093088 -6.728104 0.136267 0.019774 0.000961 0.998441 0.052181
1718924400.715413332 -7.094896 -6.727860 0.136316 0.019763 0.000944 0.998440 0.052213
1718924400.720415354 -7.096702 -6.727613 0.136368 0.019746 0.000935 0.998439 0.052242
1718924400.725410700 -7.098504 -6.727362 0.136421 0.019725 0.000951 0.998437 0.052277
1718924400.730508566 -7.100341 -6.727102 0.136478 0.019714 0.000981 0.998435 0.052324
1718924400.735467196 -7.102125 -6.726847 0.136530 0.019712 0.001017 0.998433 0.052365
1718924400.740415096 -7.103902 -6.726591 0.136580 0.019723 0.001054 0.998430 0.052411
1718924400.745443344 -7.105705 -6.726328 0.136628 0.019738 0.001068 0.998427 0.052469
1718924400.750440836 -7.107494 -6.726063 0.136672 0.019755 0.001067 0.998423 0.052531
1718924400.755450249 -7.109287 -6.725795 0.136714 0.019764 0.001062 0.998420 0.052594
1718924400.760400057 -7.111058 -6.725530 0.136753 0.019769 0.001055 0.998416 0.052659
1718924400.765451670 -7.112866 -6.725258 0.136794 0.019769 0.001062 0.998413 0.052729
1718924400.770408392 -7.114642 -6.724992 0.136835 0.019759 0.001077 0.998409 0.052801
1718924400.775412083 -7.116436 -6.724723 0.136879 0.019735 0.001106 0.998405 0.052876
1718924400.780482292 -7.118255 -6.724451 0.136925 0.019706 0.001141 0.998402 0.052959
1718924400.785402298 -7.120023 -6.724188 0.136969 0.019684 0.001175 0.998398 0.053025
1718924400.790397644 -7.121819 -6.723922 0.137014 0.019673 0.001214 0.998396 0.053069
1718924400.795391560 -7.123613 -6.723655 0.137057 0.019676 0.001249 0.998394 0.053112
1718924400.799998045 -7.125269 -6.723410 0.137092 0.019691 0.001272 0.998392 0.053147
1718924400.799998045 -7.125269 -6.723410 0.137092 0.019691 0.001272 0.998392 0.053147
1718924400.800400019 -7.125413 -6.723388 0.137089 0.019692 0.001274 0.998392 0.053149
1718924400.805392981 -7.127211 -6.723122 0.137050 0.019711 0.001296 0.998390 0.053177
1718924400.810396671 -7.129011 -6.722860 0.137010 0.019718 0.001347 0.998388 0.053210
1718924400.860394001 -7.146849 -6.720539 0.136533 0.019899 0.000391 0.998227 0.056089
1718924400.865398169 -7.148615 -6.720341 0.136506 0.019892 0.000302 0.998210 0.056399
1718924400.870433569 -7.150391 -6.720150 0.136480 0.019881 0.000230 0.998193 0.056713
1718924400.875398159 -7.152144 -6.719968 0.136456 0.019866 0.000170 0.998175 0.057029
1718924400.880394936 -7.153908 -6.719792 0.136433 0.019852 0.000113 0.998157 0.057343
1718924400.885390043 -7.155672 -6.719623 0.136410 0.019849 0.000062 0.998139 0.057651
1718924400.890395403 -7.157442 -6.719457 0.136388 0.019857 -0.000013 0.998121 0.057971
1718924400.895388842 -7.159208 -6.719293 0.136365 0.019873 -0.000163 0.998102 0.058289
1718924400.900030136 -7.160849 -6.719136 0.136344 0.019890 -0.000370 0.998084 0.058592
1718924400.900030136 -7.160849 -6.719136 0.136344 0.019890 -0.000370 0.998084 0.058592
1718924400.900396824 -7.160978 -6.719126 0.136339 0.019892 -0.000387 0.998082 0.058616
1718924400.905392408 -7.162742 -6.718969 0.136281 0.019916 -0.000639 0.998063 0.058936
1718924400.910394669 -7.164510 -6.718813 0.136217 0.019934 -0.000877 0.998043 0.059255
1718924400.915456533 -7.166300 -6.718655 0.136147 0.019944 -0.001122 0.998023 0.059598
1718924400.920403242 -7.168051 -6.718497 0.136070 0.019942 -0.001376 0.998001 0.059959
1718924400.925422668 -7.169830 -6.718331 0.135983 0.019933 -0.001608 0.997977 0.060342
1718924400.930406570 -7.171601 -6.718164 0.135888 0.019920 -0.001801 0.997954 0.060730
1718924400.935400486 -7.173381 -6.717999 0.135785 0.019911 -0.001954 0.997931 0.061109
1718924400.940481663 -7.175199 -6.717829 0.135673 0.019909 -0.002087 0.997907 0.061489
1718924400.945457935 -7.176985 -6.717659 0.135557 0.019927 -0.002222 0.997883 0.061870
1718924400.950409412 -7.178769 -6.717484 0.135440 0.019958 -0.002360 0.997859 0.062241
1718924400.955393791 -7.180571 -6.717305 0.135321 0.020001 -0.002490 0.997835 0.062600
1718924400.960398436 -7.182388 -6.717124 0.135203 0.020040 -0.002617 0.997812 0.062953
1718924400.965441704 -7.184224 -6.716941 0.135086 0.020067 -0.002740 0.997789 0.063293
1718924400.970435858 -7.186048 -6.716758 0.134977 0.020077 -0.002842 0.997769 0.063612
1718924400.975456953 -7.187889 -6.716574 0.134875 0.020073 -0.002929 0.997750 0.063907
1718924400.980408192 -7.189708 -6.716391 0.134784 0.020065 -0.003010 0.997733 0.064160
1718924400.985403776 -7.191549 -6.716205 0.134698 0.020062 -0.003087 0.997719 0.064381
1718924400.990403652 -7.193395 -6.716019 0.134618 0.020073 -0.003159 0.997706 0.064571
1718924400.995417118 -7.195248 -6.715832 0.134537 0.020109 -0.003234 0.997694 0.064743
1718924401.000408173 -7.197097 -6.715645 0.134452 0.020169 -0.003325 0.997682 0.064906
1718924401.005399466 -7.198948 -6.715454 0.134364 0.020251 -0.003428 0.997670 0.065058
1718924401.010388374 -7.200801 -6.715261 0.134274 0.020346 -0.003556 0.997659 0.065198
1718924401.050402880 -7.215705 -6.713946 0.132922 0.020955 -0.005334 0.997506 0.067181
1718924401.055433989 -7.217588 -6.713721 0.132783 0.021019 -0.005526 0.997486 0.067450
1718924401.060375929 -7.219440 -6.713496 0.132636 0.021088 -0.005704 0.997463 0.067748
1718924401.065430641 -7.221333 -6.713262 0.132481 0.021146 -0.005876 0.997438 0.068084
1718924401.070423841 -7.223204 -6.713028 0.132325 0.021187 -0.006041 0.997412 0.068439
1718924401.075429201 -7.225081 -6.712790 0.132169 0.021210 -0.006201 0.997385 0.068813
1718924401.080411434 -7.226951 -6.712553 0.132018 0.021208 -0.006336 0.997358 0.069192
1718924401.085433006 -7.228837 -6.712312 0.131870 0.021182 -0.006453 0.997331 0.069569
1718924401.090396166 -7.230700 -6.712072 0.131727 0.021134 -0.006572 0.997305 0.069942
1718924401.095393419 -7.232573 -6.711828 0.131586 0.021090 -0.006683 0.997280 0.070311
1718924401.099982023 -7.234293 -6.711604 0.131459 0.021068 -0.006751 0.997258 0.070624
1718924401.099982023 -7.234293 -6.711604 0.131459 0.021068 -0.006751 0.997258 0.070624
1718924401.100386858 -7.234444 -6.711583 0.131445 0.021067 -0.006757 0.997256 0.070651
1718924401.105375051 -7.236310 -6.711335 0.131264 0.021086 -0.006802 0.997232 0.070968
1718924401.110424757 -7.238198 -6.711090 0.131083 0.021124 -0.006817 0.997210 0.071269
1718924401.115436077 -7.240070 -6.710852 0.130905 0.021183 -0.006803 0.997189 0.071545
1718924401.120393753 -7.241921 -6.710621 0.130734 0.021238 -0.006791 0.997170 0.071795
1718924401.125401258 -7.243790 -6.710389 0.130566 0.021286 -0.006804 0.997152 0.072030
1718924401.130383015 -7.245651 -6.710161 0.130405 0.021317 -0.006874 0.997136 0.072238
1718924401.135431528 -7.247537 -6.709932 0.130246 0.021330 -0.006981 0.997121 0.072425
1718924401.140431643 -7.249401 -6.709710 0.130091 0.021326 -0.007101 0.997109 0.072580
1718924401.145404816 -7.251248 -6.709496 0.129933 0.021323 -0.007230 0.997098 0.072720
1718924401.150397778 -7.253093 -6.709287 0.129770 0.021319 -0.007376 0.997085 0.072882
1718924401.155389309 -7.254927 -6.709085 0.129600 0.021331 -0.007538 0.997072 0.073051
1718924401.160400867 -7.256756 -6.708890 0.129423 0.021356 -0.007710 0.997056 0.073236
1718924401.165386677 -7.258561 -6.708703 0.129245 0.021382 -0.007888 0.997039 0.073447
1718924401.170386553 -7.260355 -6.708525 0.129069 0.021388 -0.008074 0.997019 0.073693
1718924401.175394773 -7.262136 -6.708353 0.128907 0.021380 -0.008288 0.996997 0.073967
1718924401.180393934 -7.263895 -6.708184 0.128763 0.021343 -0.008551 0.996972 0.074283
1718924401.185379267 -7.265633 -6.708020 0.128636 0.021253 -0.008835 0.996945 0.074637
1718924401.190387249 -7.267367 -6.707864 0.128525 0.021140 -0.009124 0.996916 0.075020
1718924401.195463896 -7.269115 -6.707715 0.128424 0.021018 -0.009421 0.996886 0.075422
1718924401.199988842 -7.270665 -6.707590 0.128339 0.020919 -0.009673 0.996857 0.075793
1718924401.199988842 -7.270665 -6.707590 0.128339 0.020919 -0.009673 0.996857 0.075793
1718924401.200467348 -7.270828 -6.707578 0.128328 0.020906 -0.009699 0.996854 0.075832
1718924401.205379486 -7.272494 -6.707462 0.128209 0.020787 -0.009938 0.996823 0.076247
1718924401.210377216 -7.274174 -6.707357 0.128079 0.020668 -0.010118 0.996790 0.076677
1718924401.215392828 -7.275843 -6.707270 0.127937 0.020543 -0.010222 0.996760 0.077085
1718924401.260421991 -7.290059 -6.706726 0.125996 0.019863 -0.011441 0.996641 0.078619
1718924401.265426874 -7.291585 -6.706671 0.125792 0.019804 -0.011491 0.996631 0.078760
1718924401.270382643 -7.293083 -6.706620 0.125575 0.019761 -0.011454 0.996622 0.078884
1718924401.275379419 -7.294582 -6.706571 0.125335 0.019745 -0.011338 0.996614 0.079012
1718924401.280424118 -7.296084 -6.706520 0.125071 0.019755 -0.011196 0.996604 0.079146
1718924401.285436392 -7.297563 -6.706465 0.124789 0.019776 -0.011042 0.996596 0.079271
1718924401.290373564 -7.299003 -6.706408 0.124495 0.019793 -0.010860 0.996587 0.079400
1718924401.295369148 -7.300441 -6.706345 0.124187 0.019796 -0.010690 0.996578 0.079543
1718924401.299986124 -7.301753 -6.706280 0.123899 0.019779 -0.010571 0.996567 0.079698
1718924401.299986124 -7.301753 -6.706280 0.123899 0.019779 -0.010571 0.996567 0.079698
1718924401.300386190 -7.301866 -6.706274 0.123871 0.019778 -0.010561 0.996566 0.079712
1718924401.305382729 -7.303272 -6.706196 0.123522 0.019768 -0.010482 0.996550 0.079917
1718924401.310367107 -7.304657 -6.706113 0.123178 0.019747 -0.010427 0.996533 0.080143
1718924401.315406084 -7.306041 -6.706023 0.122838 0.019726 -0.010406 0.996513 0.080399
1718924401.320401192 -7.307395 -6.705926 0.122508 0.019707 -0.010419 0.996491 0.080674
1718924401.325388432 -7.308726 -6.705825 0.122184 0.019690 -0.010457 0.996468 0.080960
1718924401.330387115 -7.310039 -6.705724 0.121865 0.019686 -0.010489 0.996444 0.081256
1718924401.335392952 -7.311330 -6.705626 0.121548 0.019685 -0.010516 0.996418 0.081568
1718924401.340382099 -7.312589 -6.705532 0.121234 0.019671 -0.010531 0.996391 0.081892
1718924401.345392942 -7.313821 -6.705447 0.120921 0.019641 -0.010544 0.996365 0.082217
1718924401.350391626 -7.315016 -6.705372 0.120614 0.019618 -0.010555 0.996339 0.082532
1718924401.355372906 -7.316180 -6.705308 0.120315 0.019603 -0.010560 0.996316 0.082822
1718924401.360388994 -7.317328 -6.705253 0.120021 0.019595 -0.010555 0.996293 0.083091
1718924401.365394354 -7.318448 -6.705207 0.119731 0.019594 -0.010534 0.996271 0.083356
1718924401.370394707 -7.319539 -6.705169 0.119439 0.019591 -0.010491 0.996250 0.083618
1718924401.375383377 -7.320601 -6.705141 0.119143 0.019581 -0.010432 0.996230 0.083867
1718924401.380419493 -7.321644 -6.705120 0.118837 0.019560 -0.010368 0.996213 0.084087
1718924401.385421276 -7.322652 -6.705107 0.118526 0.019533 -0.010325 0.996196 0.084291
1718924401.390424728 -7.323625 -6.705099 0.118212 0.019494 -0.010314 0.996180 0.084496
1718924401.395410299 -7.324555 -6.705097 0.117899 0.019438 -0.010353 0.996163 0.084701
1718924401.400011063 -7.325380 -6.705104 0.117619 0.019397 -0.010427 0.996149 0.084871
1718924401.400011063 -7.325380 -6.705104 0.117619 0.019397 -0.010427 0.996149 0.084871
1718924401.400380850 -7.325445 -6.705105 0.117595 0.019393 -0.010432 0.996148 0.084884
1718924401.405421019 -7.326311 -6.705130 0.117276 0.019351 -0.010514 0.996134 0.085043
1718924401.410428047 -7.327138 -6.705170 0.116973 0.019339 -0.010586 0.996122 0.085180
1718924401.415406942 -7.327927 -6.705228 0.116687 0.019369 -0.010631 0.996110 0.085299
1718924401.510384560 -7.338732 -6.707805 0.110296 0.018994 -0.010951 0.995920 0.087537
1718924401.515388727 -7.339074 -6.707971 0.110038 0.019010 -0.010943 0.995912 0.087625
1718924401.520390749 -7.339393 -6.708139 0.109783 0.019017 -0.010934 0.995904 0.087711
1718924401.525386333 -7.339688 -6.708308 0.109532 0.019012 -0.010926 0.995897 0.087802
1718924401.530385971 -7.339959 -6.708477 0.109284 0.019000 -0.010923 0.995890 0.087884
1718924401.535392284 -7.340210 -6.708645 0.109039 0.018989 -0.010930 0.995882 0.087968
1718924401.540394068 -7.340441 -6.708810 0.108798 0.018972 -0.010941 0.995873 0.088070
1718924401.545388460 -7.340652 -6.708972 0.108560 0.018945 -0.010941 0.995865 0.088168
1718924401.550378323 -7.340843 -6.709132 0.108321 0.018911 -0.010926 0.995857 0.088267
1718924401.555429935 -7.341015 -6.709292 0.108077 0.018871 -0.010903 0.995849 0.088371
1718924401.560386658 -7.341167 -6.709444 0.107834 0.018838 -0.010879 0.995840 0.088486
1718924401.565436125 -7.341306 -6.709594 0.107583 0.018822 -0.010847 0.995829 0.088620
1718924401.570376635 -7.341426 -6.709735 0.107330 0.018820 -0.010811 0.995817 0.088755
1718924401.575383425 -7.341532 -6.709874 0.107065 0.018819 -0.010770 0.995806 0.088880
1718924401.580384254 -7.341621 -6.710006 0.106791 0.018806 -0.010735 0.995795 0.089013
1718924401.585379124 -7.341694 -6.710132 0.106511 0.018792 -0.010692 0.995784 0.089147
1718924401.590381622 -7.341754 -6.710252 0.106227 0.018789 -0.010629 0.995773 0.089271
1718924401.595399857 -7.341802 -6.710367 0.105938 0.018790 -0.010558 0.995763 0.089398
1718924401.599992990 -7.341835 -6.710468 0.105674 0.018789 -0.010496 0.995753 0.089515
1718924401.599992990 -7.341835 -6.710468 0.105674 0.018789 -0.010496 0.995753 0.089515
1718924401.600402117 -7.341837 -6.710477 0.105645 0.018789 -0.010491 0.995752 0.089525
1718924401.605428457 -7.341860 -6.710584 0.105288 0.018772 -0.010447 0.995741 0.089655
1718924401.610417128 -7.341868 -6.710687 0.104937 0.018750 -0.010396 0.995730 0.089787
1718924401.615452051 -7.341863 -6.710790 0.104589 0.018729 -0.010328 0.995720 0.089916
1718924401.650386810 -7.341723 -6.711574 0.101869 0.018647 -0.009656 0.995670 0.090555
1718924401.655417681 -7.341685 -6.711708 0.101486 0.018651 -0.009525 0.995665 0.090618
1718924401.660375834 -7.341643 -6.711844 0.101104 0.018648 -0.009406 0.995661 0.090678
1718924401.665380716 -7.341594 -6.711984 0.100716 0.018641 -0.009294 0.995658 0.090727
1718924401.670371771 -7.341542 -6.712127 0.100328 0.018628 -0.009180 0.995655 0.090779
1718924401.675366879 -7.341488 -6.712276 0.099938 0.018619 -0.009057 0.995651 0.090827
1718924401.680380821 -7.341429 -6.712430 0.099546 0.018598 -0.008922 0.995648 0.090883
1718924401.685377836 -7.341361 -6.712586 0.099157 0.018565 -0.008787 0.995644 0.090944
1718924401.690363407 -7.341286 -6.712744 0.098772 0.018519 -0.008660 0.995638 0.091028
1718924401.695387602 -7.341203 -6.712908 0.098387 0.018469 -0.008530 0.995630 0.091138
1718924401.699898005 -7.341123 -6.713059 0.098042 0.018434 -0.008424 0.995622 0.091243
1718924401.699898005 -7.341123 -6.713059 0.098042 0.018434 -0.008424 0.995622 0.091243
1718924401.700375795 -7.341114 -6.713076 0.098001 0.018430 -0.008413 0.995622 0.091254
1718924401.705383062 -7.341018 -6.713252 0.097578 0.018398 -0.008311 0.995611 0.091383
1718924401.710365057 -7.340915 -6.713429 0.097156 0.018361 -0.008233 0.995599 0.091525
1718924401.715374470 -7.340803 -6.713613 0.096729 0.018321 -0.008170 0.995587 0.091678
1718924401.720380783 -7.340684 -6.713803 0.096298 0.018282 -0.008090 0.995572 0.091848
1718924401.770423889 -7.339520 -6.716175 0.091633 0.017961 -0.007556 0.995492 0.092825
1718924401.775419712 -7.339393 -6.716454 0.091200 0.017928 -0.007470 0.995487 0.092887
1718924401.780383587 -7.339262 -6.716735 0.090769 0.017887 -0.007381 0.995485 0.092928
1718924401.785390139 -7.339130 -6.717022 0.090334 0.017846 -0.007293 0.995484 0.092956
1718924401.790379047 -7.339000 -6.717312 0.089899 0.017806 -0.007192 0.995483 0.092982
1718924401.795378447 -7.338869 -6.717607 0.089462 0.017768 -0.007084 0.995483 0.092996
1718924401.799980879 -7.338745 -6.717878 0.089060 0.017733 -0.007008 0.995483 0.093005
1718924401.799980879 -7.338745 -6.717878 0.089060 0.017733 -0.007008 0.995483 0.093005
1718924401.800366640 -7.338735 -6.717901 0.089022 0.017730 -0.007002 0.995483 0.093007
1718924401.805401802 -7.338601 -6.718196 0.088522 0.017685 -0.006948 0.995483 0.093024
1718924401.810395479 -7.338469 -6.718491 0.088026 0.017653 -0.006897 0.995482 0.093040
1718924401.815433502 -7.338339 -6.718791 0.087525 0.017630 -0.006833 0.995482 0.093052
1718924401.820388317 -7.338211 -6.719088 0.087031 0.017614 -0.006763 0.995482 0.093061
1718924401.825386763 -7.338083 -6.719385 0.086534 0.017605 -0.006713 0.995481 0.093075
1718924401.830390215 -7.337954 -6.719680 0.086038 0.017592 -0.006682 0.995480 0.093091
1718924401.835382938 -7.337826 -6.719976 0.085542 0.017573 -0.006645 0.995479 0.093108
1718924401.840387344 -7.337700 -6.720276 0.085044 0.017549 -0.006585 0.995478 0.093120
1718924401.845423460 -7.337574 -6.720578 0.084542 0.017517 -0.006531 0.995478 0.093136
1718924401.850425482 -7.337450 -6.720876 0.084044 0.017483 -0.006511 0.995476 0.093160
1718924401.855434179 -7.337326 -6.721175 0.083546 0.017449 -0.006508 0.995474 0.093196
1718924401.860427380 -7.337202 -6.721475 0.083051 0.017424 -0.006491 0.995470 0.093242
1718924401.865439892 -7.337081 -6.721781 0.082555 0.017410 -0.006455 0.995466 0.093284
1718924401.870390177 -7.336964 -6.722085 0.082068 0.017399 -0.006431 0.995463 0.093325
1718924401.875384569 -7.336849 -6.722394 0.081580 0.017388 -0.006421 0.995459 0.093369
1718924401.880372286 -7.336737 -6.722706 0.081095 0.017377 -0.006407 0.995454 0.093421
1718924401.885386229 -7.336626 -6.723026 0.080609 0.017368 -0.006382 0.995450 0.093476
1718924401.890371323 -7.336519 -6.723349 0.080126 0.017366 -0.006361 0.995445 0.093524
1718924401.895378590 -7.336415 -6.723677 0.079641 0.017370 -0.006352 0.995442 0.093559
1718924401.900012016 -7.336323 -6.723985 0.079193 0.017366 -0.006343 0.995439 0.093590
1718924401.900012016 -7.336323 -6.723985 0.079193 0.017366 -0.006343 0.995439 0.093590
1718924401.900363445 -7.336316 -6.724009 0.079154 0.017366 -0.006342 0.995439 0.093592
1718924401.905357838 -7.336221 -6.724357 0.078615 0.017367 -0.006319 0.995435 0.093631
1718924401.910362244 -7.336131 -6.724710 0.078072 0.017373 -0.006294 0.995431 0.093675
1718924401.915385246 -7.336046 -6.725070 0.077524 0.017377 -0.006279 0.995428 0.093713
1718924401.955420732 -7.335428 -6.728008 0.072400 0.017213 -0.006623 0.995358 0.094462
1718924401.960414171 -7.335345 -6.728361 0.071874 0.017198 -0.006699 0.995351 0.094533
1718924401.965430260 -7.335262 -6.728717 0.071347 0.017186 -0.006805 0.995342 0.094620
1718924401.970380306 -7.335177 -6.729071 0.070828 0.017169 -0.006912 0.995333 0.094710
1718924401.975374699 -7.335084 -6.729435 0.070296 0.017142 -0.006987 0.995322 0.094819
1718924401.980456352 -7.334980 -6.729813 0.069747 0.017109 -0.007019 0.995310 0.094948
1718924401.985484600 -7.334870 -6.730192 0.069199 0.017081 -0.007025 0.995297 0.095092
1718924401.990375996 -7.334755 -6.730565 0.068663 0.017064 -0.007023 0.995284 0.095238
1718924401.995376110 -7.334632 -6.730948 0.068115 0.017060 -0.007008 0.995268 0.095406
1718924402.000411987 -7.334501 -6.731338 0.067563 0.017062 -0.006991 0.995251 0.095579
1718924402.005359888 -7.334364 -6.731726 0.067022 0.017057 -0.006993 0.995235 0.095743
1718924402.010372162 -7.334214 -6.732124 0.066477 0.017043 -0.007029 0.995219 0.095909
1718924402.015422106 -7.334054 -6.732530 0.065930 0.017021 -0.007085 0.995203 0.096074
1718924402.020376921 -7.333892 -6.732933 0.065395 0.016997 -0.007139 0.995189 0.096224
1718924402.025373459 -7.333725 -6.733345 0.064857 0.016973 -0.007185 0.995176 0.096360
1718924402.030392885 -7.333552 -6.733763 0.064318 0.016950 -0.007224 0.995164 0.096483
1718924402.035378933 -7.333376 -6.734183 0.063783 0.016930 -0.007251 0.995154 0.096592
1718924402.040367365 -7.333196 -6.734607 0.063246 0.016909 -0.007272 0.995145 0.096686
1718924402.045372725 -7.333012 -6.735037 0.062702 0.016886 -0.007286 0.995137 0.096770
1718924402.050391197 -7.332826 -6.735471 0.062150 0.016859 -0.007297 0.995128 0.096860
1718924402.055375099 -7.332637 -6.735903 0.061592 0.016818 -0.007292 0.995121 0.096949
1718924402.060364962 -7.332442 -6.736336 0.061020 0.016766 -0.007262 0.995112 0.097044
1718924402.065356970 -7.332240 -6.736768 0.060438 0.016701 -0.007214 0.995104 0.097141
1718924402.070364237 -7.332029 -6.737199 0.059850 0.016641 -0.007154 0.995096 0.097243
1718924402.075366497 -7.331811 -6.737626 0.059261 0.016586 -0.007089 0.995086 0.097360
1718924402.080369949 -7.331585 -6.738048 0.058678 0.016543 -0.007034 0.995074 0.097488
1718924402.085362196 -7.331354 -6.738466 0.058107 0.016519 -0.006996 0.995062 0.097625
1718924402.090369225 -7.331119 -6.738881 0.057544 0.016511 -0.006961 0.995048 0.097772
1718924402.095363140 -7.330881 -6.739291 0.056990 0.016511 -0.006924 0.995033 0.097922
1718924402.099996328 -7.330658 -6.739669 0.056481 0.016515 -0.006889 0.995019 0.098062
1718924402.099996328 -7.330658 -6.739669 0.056481 0.016515 -0.006889 0.995019 0.098062
1718924402.100369453 -7.330640 -6.739699 0.056434 0.016516 -0.006886 0.995018 0.098072
1718924402.105363846 -7.330402 -6.740103 0.055805 0.016511 -0.006846 0.995005 0.098209
1718924402.110367537 -7.330161 -6.740507 0.055171 0.016487 -0.006800 0.994992 0.098346
1718924402.115449429 -7.329914 -6.740917 0.054520 0.016444 -0.006739 0.994980 0.098487
1718924402.195377827 -7.326069 -6.747551 0.042945 0.014727 -0.006362 0.994590 0.102634
1718924402.199993134 -7.325856 -6.747940 0.042249 0.014644 -0.006378 0.994566 0.102871
1718924402.199993134 -7.325856 -6.747940 0.042249 0.014644 -0.006378 0.994566 0.102871
1718924402.200375319 -7.325838 -6.747973 0.042186 0.014636 -0.006377 0.994564 0.102892
1718924402.205367088 -7.325604 -6.748396 0.041350 0.014538 -0.006371 0.994534 0.103197
1718924402.210394382 -7.325364 -6.748821 0.040511 0.014446 -0.006371 0.994502 0.103516
1718924402.215410233 -7.325125 -6.749251 0.039676 0.014375 -0.006331 0.994471 0.103832
1718924402.220378876 -7.324891 -6.749688 0.038849 0.014324 -0.006238 0.994440 0.104136
1718924402.225363255 -7.324656 -6.750135 0.038022 0.014278 -0.006139 0.994411 0.104431
1718924402.230365753 -7.324418 -6.750591 0.037194 0.014226 -0.006052 0.994381 0.104722
1718924402.235361576 -7.324178 -6.751055 0.036367 0.014167 -0.005965 0.994354 0.104999
1718924402.240366220 -7.323935 -6.751529 0.035532 0.014102 -0.005883 0.994328 0.105258
1718924402.245358706 -7.323687 -6.752012 0.034692 0.014030 -0.005818 0.994304 0.105498
1718924402.250356913 -7.323432 -6.752505 0.033847 0.013960 -0.005786 0.994281 0.105720
1718924402.255364656 -7.323173 -6.753006 0.032999 0.013909 -0.005790 0.994258 0.105943
1718924402.260361671 -7.322915 -6.753518 0.032149 0.013876 -0.005795 0.994236 0.106152
1718924402.265368700 -7.322656 -6.754047 0.031295 0.013869 -0.005774 0.994216 0.106347
1718924402.270375729 -7.322396 -6.754591 0.030441 0.013874 -0.005727 0.994193 0.106562
1718924402.275369167 -7.322132 -6.755143 0.029588 0.013884 -0.005671 0.994165 0.106822
1718924402.280377150 -7.321863 -6.755702 0.028729 0.013872 -0.005625 0.994130 0.107153
1718924402.285362005 -7.321592 -6.756260 0.027870 0.013857 -0.005618 0.994087 0.107550
1718924402.290363073 -7.321316 -6.756821 0.027007 0.013834 -0.005637 0.994038 0.108006
1718924402.295364618 -7.321032 -6.757387 0.026136 0.013789 -0.005661 0.993982 0.108527
1718924402.299982309 -7.320764 -6.757916 0.025322 0.013747 -0.005696 0.993923 0.109063
1718924402.299982309 -7.320764 -6.757916 0.025322 0.013747 -0.005696 0.993923 0.109063
1718924402.300354004 -7.320742 -6.757959 0.025254 0.013744 -0.005701 0.993919 0.109105
1718924402.305346727 -7.320448 -6.758531 0.024329 0.013715 -0.005761 0.993850 0.109729
1718924402.310352087 -7.320150 -6.759108 0.023394 0.013680 -0.005818 0.993775 0.110405
1718924402.315359354 -7.319850 -6.759687 0.022455 0.013637 -0.005849 0.993696 0.111124
1718924402.360348701 -7.316755 -6.764698 0.014180 0.012677 -0.004622 0.992887 0.118290
1718924402.365363121 -7.316399 -6.765216 0.013358 0.012621 -0.004644 0.992794 0.119074
1718924402.370404959 -7.316034 -6.765724 0.012536 0.012582 -0.004747 0.992694 0.119908
1718924402.375367641 -7.315671 -6.766223 0.011707 0.012548 -0.004804 0.992584 0.120817
1718924402.380380630 -7.315299 -6.766738 0.010838 0.012523 -0.004743 0.992460 0.121834
1718924402.385355473 -7.314927 -6.767266 0.009945 0.012507 -0.004547 0.992325 0.122936
1718924402.390398741 -7.314546 -6.767812 0.009010 0.012527 -0.004229 0.992175 0.124152
1718924402.395392418 -7.314168 -6.768348 0.008063 0.012581 -0.003912 0.992014 0.125435
1718924402.399981022 -7.313818 -6.768832 0.007185 0.012649 -0.003662 0.991857 0.126671
1718924402.399981022 -7.313818 -6.768832 0.007185 0.012649 -0.003662 0.991857 0.126671
1718924402.400358677 -7.313789 -6.768871 0.007108 0.012653 -0.003640 0.991844 0.126774
1718924402.405355930 -7.313401 -6.769391 0.006082 0.012724 -0.003346 0.991664 0.128179
1718924402.410349369 -7.313010 -6.769916 0.005075 0.012822 -0.003079 0.991477 0.129609
1718924402.415374756 -7.312617 -6.770452 0.004088 0.012941 -0.002838 0.991284 0.131077
1718924402.420360088 -7.312234 -6.770995 0.003134 0.013078 -0.002620 0.991085 0.132560
1718924402.425370932 -7.311854 -6.771549 0.002192 0.013223 -0.002384 0.990879 0.134084
1718924402.430363417 -7.311477 -6.772107 0.001265 0.013377 -0.002158 0.990670 0.135605
1718924402.435392380 -7.311096 -6.772668 0.000342 0.013504 -0.001986 0.990457 0.137143
1718924402.440407991 -7.310711 -6.773222 -0.000569 0.013592 -0.001894 0.990245 0.138657
1718924402.445394516 -7.310327 -6.773768 -0.001479 0.013642 -0.001885 0.990036 0.140142
1718924402.450388432 -7.309941 -6.774312 -0.002410 0.013671 -0.001927 0.989824 0.141627
1718924402.455345869 -7.309561 -6.774849 -0.003352 0.013676 -0.002046 0.989615 0.143080
1718924402.460360050 -7.309182 -6.775383 -0.004312 0.013638 -0.002299 0.989406 0.144515
1718924402.465355635 -7.308807 -6.775913 -0.005281 0.013573 -0.002593 0.989200 0.145919
1718924402.470404625 -7.308433 -6.776457 -0.006282 0.013511 -0.002875 0.988994 0.147312
1718924402.475348711 -7.308076 -6.776996 -0.007283 0.013458 -0.003093 0.988794 0.148644
1718924402.480402470 -7.307719 -6.777555 -0.008328 0.013422 -0.003228 0.988594 0.149971
1718924402.485344887 -7.307379 -6.778110 -0.009376 0.013383 -0.003290 0.988399 0.151255
1718924402.490379810 -7.307037 -6.778674 -0.010476 0.013333 -0.003425 0.988204 0.152526
1718924402.495392323 -7.306700 -6.779222 -0.011592 0.013239 -0.003717 0.988015 0.153742
1718924402.499965191 -7.306393 -6.779704 -0.012619 0.013101 -0.004164 0.987849 0.154809
1718924402.499965191 -7.306393 -6.779704 -0.012619 0.013101 -0.004164 0.987849 0.154809
1718924402.500389099 -7.306365 -6.779747 -0.012718 0.013090 -0.004209 0.987834 0.154906
1718924402.505333424 -7.306041 -6.780256 -0.013891 0.012902 -0.004800 0.987662 0.155993
1718924402.510355234 -7.305720 -6.780799 -0.015122 0.012676 -0.005187 0.987494 0.157060
1718924402.515413523 -7.305410 -6.781381 -0.016391 0.012461 -0.005279 0.987328 0.158115
1718924402.570337534 -7.301659 -6.787384 -0.029326 0.011166 -0.006989 0.985361 0.169972
1718924402.595337868 -7.299557 -6.789856 -0.034474 0.010361 -0.008385 0.984174 0.176704
1718924402.599970341 -7.299125 -6.790304 -0.035417 0.010181 -0.008688 0.983942 0.177988
1718924402.599970341 -7.299125 -6.790304 -0.035417 0.010181 -0.008688 0.983942 0.177988
1718924402.600340843 -7.299090 -6.790340 -0.035499 0.010165 -0.008711 0.983923 0.178092
1718924402.605376959 -7.298606 -6.790817 -0.036629 0.009926 -0.008996 0.983655 0.179562
1718924402.610341072 -7.298117 -6.791279 -0.037758 0.009713 -0.009266 0.983379 0.181070
1718924402.615340471 -7.297614 -6.791737 -0.038909 0.009518 -0.009477 0.983086 0.182650
1718924402.620363951 -7.297102 -6.792196 -0.040086 0.009329 -0.009609 0.982780 0.184293
1718924402.625364542 -7.296583 -6.792655 -0.041277 0.009147 -0.009684 0.982464 0.185973
1718924402.630440235 -7.296043 -6.793124 -0.042504 0.008964 -0.009725 0.982135 0.187712
1718924402.635411263 -7.295508 -6.793585 -0.043730 0.008775 -0.009723 0.981808 0.189425
1718924402.640381813 -7.294966 -6.794043 -0.044985 0.008575 -0.009720 0.981472 0.191166
1718924402.645386219 -7.294414 -6.794496 -0.046277 0.008396 -0.009702 0.981123 0.192961
1718924402.650337219 -7.293864 -6.794937 -0.047577 0.008276 -0.009687 0.980764 0.194781
1718924402.655379295 -7.293305 -6.795378 -0.048924 0.008186 -0.009646 0.980389 0.196667
1718924402.660340548 -7.292757 -6.795801 -0.050277 0.008118 -0.009622 0.980009 0.198556
1718924402.665403605 -7.292200 -6.796224 -0.051684 0.008060 -0.009595 0.979612 0.200506
1718924402.670339584 -7.291662 -6.796636 -0.053073 0.008029 -0.009507 0.979218 0.202427
1718924402.675418139 -7.291115 -6.797060 -0.054519 0.008008 -0.009389 0.978804 0.204428
1718924402.680340528 -7.290588 -6.797466 -0.055925 0.007979 -0.009303 0.978394 0.206388
1718924402.685376167 -7.290050 -6.797868 -0.057353 0.007951 -0.009280 0.977965 0.208409
1718924402.690327644 -7.289522 -6.798246 -0.058725 0.007946 -0.009435 0.977534 0.210416
1718924402.695335388 -7.288987 -6.798616 -0.060076 0.007921 -0.009651 0.977086 0.212477
1718924402.699966192 -7.288489 -6.798949 -0.061330 0.007853 -0.009899 0.976658 0.214427
1718924402.699966192 -7.288489 -6.798949 -0.061330 0.007853 -0.009899 0.976658 0.214427
1718924402.700331688 -7.288450 -6.798975 -0.061433 0.007850 -0.009922 0.976625 0.214579
1718924402.705376387 -7.287899 -6.799308 -0.062875 0.007756 -0.010370 0.976136 0.216776
1718924402.710339785 -7.287345 -6.799609 -0.064325 0.007662 -0.010952 0.975620 0.219058
1718924402.715327978 -7.286786 -6.799906 -0.065823 0.007638 -0.011464 0.975077 0.221440
1718924402.765330553 -7.284367 -6.802343 -0.071528 0.001672 -0.000447 0.971394 0.237467
1718924402.770339489 -7.284466 -6.802525 -0.070909 0.001215 -0.000167 0.971080 0.238751
1718924402.775332451 -7.284612 -6.802725 -0.070041 0.000917 -0.000440 0.970819 0.239810
1718924402.780332327 -7.284799 -6.802975 -0.068986 0.000862 -0.000692 0.970592 0.240729
1718924402.785331964 -7.285039 -6.803291 -0.067827 0.001085 -0.000514 0.970396 0.241515
1718924402.790323019 -7.285333 -6.803665 -0.066618 0.001552 0.000133 0.970219 0.242223
1718924402.795327425 -7.285655 -6.804067 -0.065401 0.002160 0.001076 0.970041 0.242928
1718924402.799990892 -7.285952 -6.804440 -0.064286 0.002754 0.001808 0.969857 0.243653
1718924402.799990892 -7.285952 -6.804440 -0.064286 0.002754 0.001808 0.969857 0.243653
1718924402.800322056 -7.285972 -6.804466 -0.064212 0.002796 0.001862 0.969844 0.243705
1718924402.805319548 -7.286264 -6.804842 -0.063115 0.003365 0.002283 0.969618 0.244590
1718924402.810335636 -7.286531 -6.805192 -0.062043 0.003834 0.002434 0.969362 0.245593
1718924402.815334558 -7.286775 -6.805525 -0.061043 0.004183 0.002504 0.969076 0.246712
1718924402.820348263 -7.287002 -6.805857 -0.060118 0.004394 0.002680 0.968747 0.247996
1718924402.825331688 -7.287211 -6.806185 -0.059258 0.004502 0.003036 0.968380 0.249420
1718924402.830339432 -7.287403 -6.806491 -0.058431 0.004539 0.003467 0.967975 0.250982
1718924402.835327864 -7.287579 -6.806757 -0.057626 0.004512 0.003813 0.967542 0.252641
1718924402.840325832 -7.287748 -6.806996 -0.056824 0.004482 0.004034 0.967086 0.254377
1718924402.845324516 -7.287921 -6.807227 -0.056015 0.004458 0.004171 0.966610 0.256179
1718924402.850327492 -7.288102 -6.807455 -0.055182 0.004442 0.004205 0.966121 0.258017
1718924402.855328560 -7.288290 -6.807681 -0.054307 0.004452 0.004180 0.965619 0.259889
1718924402.860323191 -7.288488 -6.807904 -0.053378 0.004502 0.004134 0.965108 0.261782
1718924402.865318537 -7.288694 -6.808123 -0.052405 0.004587 0.004122 0.964585 0.263700
1718924402.870321512 -7.288905 -6.808333 -0.051393 0.004689 0.004127 0.964054 0.265631
1718924402.875382185 -7.289127 -6.808539 -0.050336 0.004795 0.004161 0.963518 0.267569
1718924402.880407810 -7.289359 -6.808749 -0.049267 0.004902 0.004250 0.962987 0.269468
1718924402.885327816 -7.289597 -6.808971 -0.048221 0.005018 0.004385 0.962464 0.271329
1718924402.890312195 -7.289843 -6.809204 -0.047174 0.005131 0.004465 0.961928 0.273217
1718924402.895317078 -7.290091 -6.809433 -0.046135 0.005221 0.004421 0.961385 0.275120
1718924402.900053978 -7.290326 -6.809643 -0.045163 0.005304 0.004291 0.960870 0.276916
1718924402.900053978 -7.290326 -6.809643 -0.045163 0.005304 0.004291 0.960870 0.276916
1718924402.900310755 -7.290339 -6.809654 -0.045114 0.005308 0.004283 0.960842 0.277013
1718924402.905316591 -7.290591 -6.809870 -0.044159 0.005405 0.004141 0.960301 0.278884
1718924402.910311699 -7.290847 -6.810089 -0.043241 0.005479 0.004043 0.959761 0.280735
1718924402.915317774 -7.291106 -6.810307 -0.042342 0.005549 0.003945 0.959225 0.282560
1718924402.975347757 -7.294247 -6.813128 -0.034830 0.004262 0.003965 0.955528 0.294842
1718924402.985302448 -7.294790 -6.813668 -0.033639 0.004153 0.003666 0.954956 0.296696
1718924402.990334272 -7.295087 -6.813949 -0.033007 0.004140 0.003552 0.954666 0.297630
1718924402.995290756 -7.295384 -6.814232 -0.032368 0.004108 0.003405 0.954378 0.298554
1718924403.000285387 -7.295684 -6.814516 -0.031706 0.004059 0.003205 0.954082 0.299501
1718924403.005283117 -7.295986 -6.814796 -0.031028 0.004024 0.002996 0.953773 0.300485
1718924403.010325193 -7.296296 -6.815079 -0.030338 0.004004 0.002790 0.953453 0.301501
1718924403.015293837 -7.296603 -6.815357 -0.029664 0.003981 0.002557 0.953137 0.302503
1718924403.020313025 -7.296913 -6.815636 -0.028992 0.003948 0.002298 0.952811 0.303529
1718924403.025286198 -7.297224 -6.815913 -0.028337 0.003937 0.002084 0.952480 0.304569
1718924403.030287504 -7.297543 -6.816200 -0.027696 0.003953 0.001974 0.952139 0.305634
1718924403.035280943 -7.297867 -6.816497 -0.027082 0.003984 0.001966 0.951795 0.306703
1718924403.040276289 -7.298189 -6.816801 -0.026485 0.004008 0.002006 0.951448 0.307777
1718924403.045284986 -7.298509 -6.817107 -0.025898 0.004009 0.002061 0.951097 0.308861
1718924403.050285339 -7.298831 -6.817411 -0.025320 0.003998 0.002132 0.950747 0.309934
1718924403.055260658 -7.299158 -6.817713 -0.024751 0.003996 0.002254 0.950402 0.310990
1718924403.060257673 -7.299489 -6.818020 -0.024183 0.003989 0.002400 0.950052 0.312058
1718924403.065254450 -7.299819 -6.818325 -0.023612 0.003969 0.002531 0.949686 0.313167
1718924403.070259333 -7.300145 -6.818628 -0.023038 0.003948 0.002611 0.949307 0.314314
1718924403.075253010 -7.300461 -6.818926 -0.022468 0.003933 0.002637 0.948917 0.315491
1718924403.080249786 -7.300771 -6.819221 -0.021895 0.003943 0.002672 0.948506 0.316723
1718924403.085244656 -7.301073 -6.819507 -0.021319 0.003967 0.002736 0.948079 0.317998
1718924403.090278625 -7.301368 -6.819789 -0.020738 0.003996 0.002828 0.947634 0.319322
1718924403.095233679 -7.301649 -6.820063 -0.020171 0.004041 0.002948 0.947183 0.320655
1718924403.099977970 -7.301914 -6.820326 -0.019634 0.004089 0.003094 0.946737 0.321967
1718924403.099977970 -7.301914 -6.820326 -0.019634 0.004089 0.003094 0.946737 0.321967
1718924403.100271225 -7.301930 -6.820341 -0.019606 0.004093 0.003102 0.946710 0.322047
1718924403.105227947 -7.302199 -6.820596 -0.019142 0.004133 0.003249 0.946232 0.323447
1718924403.110224247 -7.302464 -6.820850 -0.018692 0.004154 0.003407 0.945733 0.324899
1718924403.115238667 -7.302731 -6.821105 -0.018259 0.004165 0.003564 0.945219 0.326390
1718924403.199952841 -7.308563 -6.829772 -0.006832 0.006069 0.002800 0.934854 0.354969
1718924403.199952841 -7.308563 -6.829772 -0.006832 0.006069 0.002800 0.934854 0.354969
1718924403.210184097 -7.309437 -6.831438 -0.004927 0.006241 0.002776 0.933541 0.358406
1718924403.215246439 -7.309886 -6.832307 -0.003918 0.006332 0.002585 0.932913 0.360037
1718924403.220210552 -7.310341 -6.833191 -0.002906 0.006422 0.002264 0.932306 0.361606
1718924403.225241899 -7.310829 -6.834129 -0.001865 0.006535 0.001862 0.931696 0.363176
1718924403.230253696 -7.311350 -6.835113 -0.000814 0.006687 0.001413 0.931096 0.364709
1718924403.235279083 -7.311908 -6.836149 0.000261 0.006864 0.000887 0.930509 0.366205
1718924403.240217686 -7.312488 -6.837212 0.001336 0.007031 0.000433 0.929952 0.367613
1718924403.245204210 -7.313102 -6.838331 0.002446 0.007163 0.000304 0.929418 0.368959
1718924403.250208139 -7.313743 -6.839498 0.003585 0.007292 0.000564 0.928933 0.370176
1718924403.255212784 -7.314409 -6.840702 0.004744 0.007402 0.001205 0.928485 0.371294
1718924403.260167599 -7.315085 -6.841902 0.005925 0.007507 0.001836 0.928076 0.372311
1718924403.265172243 -7.315762 -6.843097 0.007176 0.007558 0.002191 0.927702 0.373238
1718924403.270177364 -7.316424 -6.844274 0.008480 0.007534 0.002290 0.927358 0.374093
1718924403.275171280 -7.317080 -6.845448 0.009810 0.007477 0.002296 0.927035 0.374893
1718924403.280161858 -7.317743 -6.846632 0.011146 0.007394 0.002279 0.926726 0.375658
1718924403.285174608 -7.318416 -6.847824 0.012493 0.007275 0.002287 0.926430 0.376390
1718924403.290163040 -7.319090 -6.849001 0.013845 0.007158 0.002345 0.926133 0.377121
1718924403.295165300 -7.319767 -6.850168 0.015200 0.007070 0.002455 0.925823 0.377882
1718924403.299966812 -7.320412 -6.851274 0.016485 0.006978 0.002567 0.925506 0.378660
1718924403.299966812 -7.320412 -6.851274 0.016485 0.006978 0.002567 0.925506 0.378660
1718924403.300164700 -7.320438 -6.851319 0.016537 0.006975 0.002570 0.925493 0.378692
1718924403.305205822 -7.321099 -6.852455 0.017857 0.006860 0.002569 0.925147 0.379538
1718924403.310184717 -7.321733 -6.853555 0.019161 0.006666 0.002463 0.924785 0.380423
1718924403.315252781 -7.322363 -6.854657 0.020475 0.006424 0.002295 0.924397 0.381371
1718924403.399972916 -7.332712 -6.873046 0.042187 0.011052 0.010330 0.910874 0.412407
1718924403.399972916 -7.332712 -6.873046 0.042187 0.011052 0.010330 0.910874 0.412407
1718924403.400173426 -7.332736 -6.873089 0.042238 0.011063 0.010348 0.910841 0.412480
1718924403.405203819 -7.333330 -6.874183 0.043511 0.011346 0.010752 0.909993 0.414330
1718924403.410160542 -7.333902 -6.875248 0.044764 0.011587 0.011012 0.909151 0.416160
1718924403.415238142 -7.334470 -6.876329 0.046053 0.011743 0.011166 0.908281 0.418047
1718924403.420203447 -7.335015 -6.877382 0.047323 0.011802 0.011257 0.907427 0.419892
1718924403.425209522 -7.335560 -6.878442 0.048610 0.011768 0.011269 0.906572 0.421736
1718924403.430219650 -7.336098 -6.879489 0.049903 0.011567 0.011110 0.905741 0.423527
1718924403.435193539 -7.336622 -6.880506 0.051202 0.011224 0.010775 0.904943 0.425249
1718924403.440172434 -7.337137 -6.881500 0.052516 0.010782 0.010272 0.904177 0.426899
1718924403.445164204 -7.337647 -6.882473 0.053823 0.010324 0.009686 0.903444 0.428473
1718924403.450166702 -7.338155 -6.883424 0.055111 0.009858 0.009042 0.902753 0.429952
1718924403.455170631 -7.338655 -6.884349 0.056378 0.009373 0.008338 0.902104 0.431337
1718924403.460165739 -7.339159 -6.885256 0.057603 0.008924 0.007731 0.901501 0.432617
1718924403.465161324 -7.339699 -6.886171 0.058764 0.008618 0.007529 0.900944 0.433784
1718924403.470166206 -7.340290 -6.887104 0.059880 0.008454 0.007612 0.900439 0.434833
1718924403.475169659 -7.340910 -6.888042 0.060977 0.008313 0.007792 0.899977 0.435789
1718924403.480165720 -7.341530 -6.888966 0.062067 0.008125 0.007884 0.899549 0.436674
1718924403.485172749 -7.342155 -6.889875 0.063161 0.007957 0.007973 0.899130 0.437536
1718924403.490168333 -7.342796 -6.890773 0.064256 0.007850 0.008141 0.898732 0.438352
1718924403.495155334 -7.343440 -6.891655 0.065353 0.007755 0.008266 0.898332 0.439171
1718924403.499994993 -7.344050 -6.892492 0.066428 0.007631 0.008322 0.897942 0.439968
1718924403.499994993 -7.344050 -6.892492 0.066428 0.007631 0.008322 0.897942 0.439968
1718924403.500158310 -7.344071 -6.892519 0.066464 0.007628 0.008323 0.897929 0.439995
1718924403.505152464 -7.344692 -6.893360 0.067566 0.007580 0.008352 0.897529 0.440811
1718924403.510160446 -7.345324 -6.894200 0.068680 0.007639 0.008504 0.897132 0.441615
1718924403.515192986 -7.345965 -6.895035 0.069811 0.007740 0.008683 0.896721 0.442444
1718924403.560177565 -7.351123 -6.902008 0.079038 0.005022 0.004737 0.890635 0.454667
1718924403.565176249 -7.351626 -6.902722 0.080022 0.004769 0.004210 0.889923 0.456065
1718924403.570163488 -7.352116 -6.903423 0.080989 0.004525 0.003688 0.889190 0.457500
1718924403.575160027 -7.352604 -6.904121 0.081939 0.004307 0.003222 0.888435 0.458971
1718924403.580163002 -7.353088 -6.904816 0.082867 0.004102 0.002797 0.887647 0.460498
1718924403.585163832 -7.353559 -6.905507 0.083768 0.003891 0.002417 0.886833 0.462068
1718924403.590167522 -7.354014 -6.906193 0.084643 0.003685 0.002066 0.885995 0.463676
1718924403.595155239 -7.354456 -6.906869 0.085487 0.003507 0.001759 0.885147 0.465294
1718924403.599994898 -7.354879 -6.907514 0.086276 0.003352 0.001498 0.884311 0.466884
1718924403.599994898 -7.354879 -6.907514 0.086276 0.003352 0.001498 0.884311 0.466884
1718924403.600156546 -7.354893 -6.907535 0.086300 0.003345 0.001490 0.884283 0.466938
1718924403.605144739 -7.355314 -6.908187 0.087036 0.003150 0.001283 0.883397 0.468614
1718924403.610148430 -7.355728 -6.908837 0.087749 0.002960 0.001088 0.882494 0.470313
1718924403.615168571 -7.356140 -6.909485 0.088439 0.002776 0.000954 0.881586 0.472014
1718924403.620172262 -7.356546 -6.910120 0.089105 0.002595 0.000850 0.880683 0.473698
1718924403.625206470 -7.356943 -6.910738 0.089761 0.002392 0.000754 0.879765 0.475402
1718924403.630208254 -7.357316 -6.911330 0.090407 0.002148 0.000639 0.878837 0.477117
1718924403.635185480 -7.357668 -6.911903 0.091038 0.001865 0.000540 0.877906 0.478828
1718924403.640163660 -7.358008 -6.912461 0.091645 0.001534 0.000474 0.876977 0.480531
1718924403.645194054 -7.358342 -6.913007 0.092235 0.001161 0.000432 0.876045 0.482228
1718924403.650162220 -7.358666 -6.913532 0.092808 0.000794 0.000477 0.875134 0.483880
1718924403.655149937 -7.358993 -6.914046 0.093378 0.000457 0.000586 0.874233 0.485506
1718924403.660161972 -7.359314 -6.914542 0.093942 0.000118 0.000774 0.873360 0.487074
1718924403.665201664 -7.359602 -6.915004 0.094517 -0.000295 0.000880 0.872510 0.488595
1718924403.670177698 -7.359834 -6.915409 0.095102 -0.000762 0.000908 0.871684 0.490067
1718924403.675165653 -7.360024 -6.915767 0.095686 -0.001220 0.000982 0.870862 0.491526
1718924403.680164337 -7.360175 -6.916083 0.096253 -0.001623 0.001219 0.870039 0.492978
1718924403.685165167 -7.360280 -6.916355 0.096801 -0.001976 0.001559 0.869210 0.494437
1718924403.690189362 -7.360343 -6.916581 0.097340 -0.002241 0.002009 0.868372 0.495905
1718924403.695153475 -7.360382 -6.916766 0.097857 -0.002378 0.002661 0.867544 0.497347
1718924403.700001955 -7.360413 -6.916920 0.098340 -0.002407 0.003532 0.866738 0.498746
1718924403.700001955 -7.360413 -6.916920 0.098340 -0.002407 0.003532 0.866738 0.498746
1718924403.700148821 -7.360414 -6.916924 0.098353 -0.002407 0.003558 0.866714 0.498788
1718924403.705153227 -7.360439 -6.917053 0.098804 -0.002382 0.004626 0.865876 0.500232
1718924403.710148573 -7.360425 -6.917151 0.099218 -0.002478 0.005671 0.865030 0.501682
1718924403.715150833 -7.360358 -6.917213 0.099606 -0.002717 0.006566 0.864183 0.503128
1718924403.760157347 -7.359615 -6.917678 0.106129 0.003018 0.007775 0.860458 0.509452
1718924403.765145302 -7.359573 -6.917742 0.107258 0.003638 0.007687 0.860051 0.510138
1718924403.770156145 -7.359515 -6.917804 0.108429 0.004116 0.007435 0.859626 0.510853
1718924403.775153637 -7.359432 -6.917872 0.109601 0.004485 0.007133 0.859158 0.511640
1718924403.780157566 -7.359317 -6.917953 0.110743 0.004786 0.006905 0.858622 0.512540
1718924403.785227537 -7.359176 -6.918041 0.111852 0.005034 0.006730 0.858020 0.513547
1718924403.790152073 -7.359022 -6.918130 0.112891 0.005218 0.006557 0.857370 0.514633
1718924403.795159101 -7.358853 -6.918223 0.113897 0.005343 0.006395 0.856638 0.515851
1718924403.799957037 -7.358679 -6.918313 0.114811 0.005415 0.006228 0.855872 0.517122
1718924403.799957037 -7.358679 -6.918313 0.114811 0.005415 0.006228 0.855872 0.517122
1718924403.800142288 -7.358672 -6.918316 0.114844 0.005416 0.006221 0.855842 0.517171
1718924403.805147171 -7.358485 -6.918408 0.115729 0.005408 0.005984 0.854988 0.518585
1718924403.810137510 -7.358285 -6.918495 0.116598 0.005396 0.005738 0.854083 0.520077
1718924403.815158129 -7.358065 -6.918577 0.117470 0.005356 0.005450 0.853122 0.521656
1718924403.820277929 -7.357827 -6.918658 0.118357 0.005288 0.005165 0.852090 0.523343
1718924403.825141430 -7.357608 -6.918743 0.119190 0.005288 0.005039 0.851061 0.525016
1718924403.830210924 -7.357405 -6.918841 0.120061 0.005394 0.005063 0.849962 0.526792
1718924403.835149765 -7.357218 -6.918934 0.120935 0.005554 0.005056 0.848883 0.528528
1718924403.840140820 -7.357021 -6.919016 0.121861 0.005696 0.004903 0.847774 0.530304
1718924403.845187426 -7.356810 -6.919089 0.122835 0.005814 0.004650 0.846631 0.532128
1718924403.850178003 -7.356605 -6.919163 0.123817 0.005959 0.004465 0.845485 0.533947
1718924403.855144978 -7.356418 -6.919244 0.124797 0.006167 0.004370 0.844349 0.535740
1718924403.860146046 -7.356249 -6.919330 0.125791 0.006430 0.004326 0.843224 0.537506
1718924403.865154028 -7.356090 -6.919414 0.126790 0.006704 0.004264 0.842111 0.539246
1718924403.870203972 -7.355933 -6.919497 0.127794 0.006959 0.004143 0.840997 0.540979
1718924403.875151157 -7.355783 -6.919579 0.128768 0.007171 0.003996 0.839905 0.542671
1718924403.880163670 -7.355639 -6.919667 0.129740 0.007344 0.003826 0.838809 0.544362
1718924403.885137081 -7.355509 -6.919758 0.130676 0.007470 0.003657 0.837737 0.546011
1718924403.890137196 -7.355389 -6.919852 0.131587 0.007561 0.003487 0.836688 0.547617
1718924403.895134449 -7.355272 -6.919939 0.132488 0.007518 0.003199 0.835673 0.549166
1718924403.900058031 -7.355148 -6.920013 0.133376 0.007372 0.002783 0.834708 0.550636
1718924403.900058031 -7.355148 -6.920013 0.133376 0.007372 0.002783 0.834708 0.550636
1718924403.900139332 -7.355146 -6.920014 0.133390 0.007369 0.002776 0.834692 0.550660
1718924403.905138731 -7.355002 -6.920073 0.134270 0.007166 0.002281 0.833749 0.552092
1718924403.910134315 -7.354841 -6.920114 0.135142 0.006848 0.001695 0.832862 0.553436
1718924403.915161848 -7.354670 -6.920148 0.136001 0.006517 0.001180 0.832021 0.554705
1718924403.990125895 -7.355579 -6.922370 0.149070 0.005443 0.009637 0.824847 0.565247
1718924403.995213747 -7.355925 -6.922636 0.150102 0.005466 0.010305 0.824321 0.566003
1718924404.000126839 -7.356281 -6.922896 0.151107 0.005492 0.010990 0.823790 0.566761
1718924404.005172491 -7.356659 -6.923155 0.152141 0.005513 0.011706 0.823218 0.567578
1718924404.010129690 -7.357032 -6.923398 0.153153 0.005490 0.012368 0.822622 0.568427
1718924404.015192509 -7.357399 -6.923634 0.154185 0.005388 0.012933 0.821969 0.569360
1718924404.020168304 -7.357738 -6.923850 0.155200 0.005184 0.013371 0.821285 0.570339
1718924404.025224924 -7.358064 -6.924051 0.156227 0.004910 0.013717 0.820549 0.571390
1718924404.030142546 -7.358372 -6.924231 0.157219 0.004624 0.014009 0.819792 0.572471
1718924404.035136223 -7.358680 -6.924402 0.158207 0.004367 0.014286 0.818998 0.573602
1718924404.040141821 -7.358990 -6.924561 0.159170 0.004163 0.014615 0.818174 0.574769
1718924404.045145988 -7.359299 -6.924713 0.160103 0.004003 0.014993 0.817311 0.575987
1718924404.050148249 -7.359606 -6.924855 0.161006 0.003852 0.015376 0.816417 0.577245
1718924404.055135250 -7.359913 -6.924990 0.161873 0.003680 0.015775 0.815507 0.578521
1718924404.060166359 -7.360229 -6.925122 0.162714 0.003509 0.016222 0.814568 0.579830
1718924404.065162659 -7.360550 -6.925248 0.163523 0.003356 0.016694 0.813625 0.581140
1718924404.070127487 -7.360873 -6.925363 0.164303 0.003222 0.017151 0.812674 0.582457
1718924404.075160503 -7.361200 -6.925476 0.165071 0.003064 0.017585 0.811692 0.583813
1718924404.080128908 -7.361517 -6.925583 0.165811 0.002882 0.017953 0.810711 0.585165
1718924404.085123301 -7.361827 -6.925681 0.166548 0.002709 0.018233 0.809721 0.586525
1718924404.090167046 -7.362133 -6.925765 0.167293 0.002560 0.018429 0.808721 0.587899
1718924404.095163107 -7.362436 -6.925833 0.168030 0.002459 0.018557 0.807726 0.589261
1718924404.099993229 -7.362739 -6.925891 0.168741 0.002419 0.018655 0.806758 0.590583
1718924404.099993229 -7.362739 -6.925891 0.168741 0.002419 0.018655 0.806758 0.590583
1718924404.100169182 -7.362751 -6.925892 0.168766 0.002418 0.018659 0.806722 0.590631
1718924404.105178118 -7.363095 -6.925945 0.169476 0.002434 0.018749 0.805711 0.592008
1718924404.110169172 -7.363465 -6.926001 0.170186 0.002521 0.018849 0.804709 0.593365
1718924404.115181923 -7.363872 -6.926058 0.170901 0.002672 0.018952 0.803726 0.594692
1718924404.199867249 -7.375448 -6.929594 0.181689 -0.002865 -0.006383 0.790136 0.612891
1718924404.199867249 -7.375448 -6.929594 0.181689 -0.002865 -0.006383 0.790136 0.612891
1718924404.210132837 -7.377462 -6.930449 0.182770 -0.003614 -0.009487 0.788479 0.614978
1718924404.215185165 -7.378518 -6.930898 0.183262 -0.004004 -0.011141 0.787642 0.616020
1718924404.220137596 -7.379580 -6.931350 0.183715 -0.004366 -0.012519 0.786866 0.616982
1718924404.225129843 -7.380663 -6.931806 0.184194 -0.004543 -0.013101 0.786166 0.617860
1718924404.230134487 -7.381758 -6.932252 0.184736 -0.004460 -0.012787 0.785531 0.618675
1718924404.235149860 -7.382872 -6.932675 0.185348 -0.004141 -0.011875 0.784874 0.619528
1718924404.240132809 -7.383987 -6.933067 0.186020 -0.003869 -0.011000 0.784173 0.620433
1718924404.245123386 -7.385088 -6.933444 0.186759 -0.003909 -0.010618 0.783445 0.621358
1718924404.250109196 -7.386149 -6.933822 0.187571 -0.004310 -0.010758 0.782696 0.622296
1718924404.255121469 -7.387192 -6.934208 0.188435 -0.004892 -0.011190 0.781898 0.623286
1718924404.260117531 -7.388239 -6.934601 0.189286 -0.005404 -0.011629 0.781039 0.624351
1718924404.265114784 -7.389301 -6.934999 0.190091 -0.005750 -0.011852 0.780142 0.625464
1718924404.270157814 -7.390376 -6.935396 0.190856 -0.005946 -0.011864 0.779206 0.626628
1718924404.275128841 -7.391417 -6.935778 0.191575 -0.006028 -0.011781 0.778249 0.627817
1718924404.280133486 -7.392444 -6.936156 0.192280 -0.006125 -0.011726 0.777255 0.629047
1718924404.285168648 -7.393463 -6.936537 0.192973 -0.006253 -0.011718 0.776208 0.630337
1718924404.290190697 -7.394474 -6.936923 0.193647 -0.006430 -0.011731 0.775134 0.631655
1718924404.295171499 -7.395472 -6.937309 0.194304 -0.006651 -0.011739 0.774031 0.633004
1718924404.299942017 -7.396423 -6.937680 0.194927 -0.006807 -0.011652 0.772941 0.634335
1718924404.299942017 -7.396423 -6.937680 0.194927 -0.006807 -0.011652 0.772941 0.634335
1718924404.300128222 -7.396462 -6.937695 0.194952 -0.006812 -0.011650 0.772898 0.634387
1718924404.305118084 -7.397507 -6.938090 0.195600 -0.006855 -0.011474 0.771706 0.635839
1718924404.310111523 -7.398538 -6.938476 0.196258 -0.006837 -0.011286 0.770496 0.637309
1718924404.330122471 -7.402830 -6.940232 0.199052 -0.006532 -0.011287 0.765400 0.643423
1718924404.335129499 -7.403881 -6.940628 0.199780 -0.006446 -0.011316 0.764104 0.644962
1718924404.340114594 -7.404923 -6.941017 0.200522 -0.006431 -0.011455 0.762817 0.646481
1718924404.345143557 -7.405975 -6.941407 0.201279 -0.006437 -0.011607 0.761519 0.648007
1718924404.350122452 -7.407028 -6.941792 0.202025 -0.006440 -0.011691 0.760240 0.649506
1718924404.355108738 -7.408095 -6.942178 0.202758 -0.006473 -0.011729 0.758971 0.650987
1718924404.360114336 -7.409173 -6.942567 0.203481 -0.006554 -0.011784 0.757711 0.652451
1718924404.365108490 -7.410250 -6.942952 0.204185 -0.006701 -0.011910 0.756469 0.653887
1718924404.370115042 -7.411330 -6.943333 0.204868 -0.006963 -0.012127 0.755247 0.655292
1718924404.375111341 -7.412413 -6.943708 0.205537 -0.007297 -0.012401 0.754059 0.656650
1718924404.380130529 -7.413519 -6.944083 0.206205 -0.007544 -0.012637 0.752896 0.657975
1718924404.385114431 -7.414641 -6.944450 0.206853 -0.007719 -0.012831 0.751779 0.659245
1718924404.390115499 -7.415789 -6.944810 0.207495 -0.007865 -0.013001 0.750703 0.660465
1718924404.395114660 -7.416952 -6.945160 0.208135 -0.008007 -0.013196 0.749657 0.661646
1718924404.399964809 -7.418089 -6.945485 0.208744 -0.008192 -0.013465 0.748702 0.662719
1718924404.399964809 -7.418089 -6.945485 0.208744 -0.008192 -0.013465 0.748702 0.662719
1718924404.400117874 -7.418123 -6.945497 0.208762 -0.008198 -0.013474 0.748671 0.662754
1718924404.405113459 -7.419243 -6.945867 0.209361 -0.008430 -0.013896 0.747746 0.663786
1718924404.410118103 -7.420369 -6.946218 0.209969 -0.008680 -0.014376 0.746919 0.664703
1718924404.415113926 -7.421501 -6.946555 0.210600 -0.008983 -0.014934 0.746158 0.665541
1718924404.420124769 -7.422643 -6.946882 0.211255 -0.009246 -0.015462 0.745453 0.666315
1718924404.425130606 -7.423788 -6.947192 0.211940 -0.009425 -0.015959 0.744784 0.667048
1718924404.430114031 -7.424925 -6.947487 0.212659 -0.009540 -0.016464 0.744141 0.667752
1718924404.435179472 -7.426071 -6.947784 0.213427 -0.009627 -0.016984 0.743469 0.668485
1718924404.440122604 -7.427182 -6.948074 0.214210 -0.009660 -0.017481 0.742791 0.669225
1718924404.445125103 -7.428300 -6.948366 0.215039 -0.009694 -0.018062 0.742112 0.669963
1718924404.450122595 -7.429407 -6.948651 0.215898 -0.009742 -0.018706 0.741427 0.670702
1718924404.455118179 -7.430497 -6.948933 0.216758 -0.009824 -0.019382 0.740698 0.671486
1718924404.460120916 -7.431567 -6.949220 0.217610 -0.009964 -0.020060 0.739886 0.672360
1718924404.465111971 -7.432621 -6.949519 0.218447 -0.010086 -0.020682 0.739006 0.673306
1718924404.470112085 -7.433663 -6.949833 0.219277 -0.010238 -0.021326 0.738071 0.674309
1718924404.475124121 -7.434685 -6.950155 0.220110 -0.010459 -0.022058 0.737103 0.675340
1718924404.480120659 -7.435690 -6.950476 0.220941 -0.010686 -0.022804 0.736084 0.676422
1718924404.485130310 -7.436695 -6.950797 0.221770 -0.010872 -0.023522 0.735017 0.677553
1718924404.490133047 -7.437696 -6.951123 0.222578 -0.011032 -0.024220 0.733905 0.678731
1718924404.495134830 -7.438694 -6.951455 0.223355 -0.011176 -0.024905 0.732743 0.679957
1718924404.500033855 -7.439668 -6.951786 0.224083 -0.011311 -0.025581 0.731574 0.681188
