id: 3
T_world_origin: 
   0.999949 -0.00603489 -0.00806711    -8.51423
 0.00602206    0.999981 -0.00161431     5.31539
 0.00807669  0.00156564    0.999966  -0.0884167
          0           0           0           1
T_origin_endpoint_L: 
 -0.118735  -0.992123  0.0399233   -2.04839
  0.992511  -0.117427  0.0336666   -6.03623
-0.0287134  0.0436217   0.998635   0.186203
         0          0          0          1
T_origin_endpoint_R: 
   0.896793    0.442435 -0.00381189     6.47278
  -0.442304    0.896684   0.0180315   -0.361707
  0.0113958  -0.0144845     0.99983    -0.13911
          0           0           0           1
T_lidar_imu: 
       1        0        0 -0.25708
       0        1        0  -0.0268
       0        0        1  -0.0305
       0        0        0        1
imu_bias:   0.00281069 -0.000308481  -0.00362658  0.000950064 -0.000303181  0.000509331
frame_id: 2
num_frames: 424
frame_0
id: 1105
stamp: 1718924431.499996185
T_odom_lidar: 
 -0.122384  -0.992264  0.0208163   -10.6341
  0.992386  -0.122052  0.0165431  -0.485222
-0.0138744  0.0226824   0.999646   0.063233
         0          0          0          1
T_world_lidar: 
 -0.122384  -0.992264  0.0208163   -10.6341
  0.992386  -0.122052  0.0165431  -0.485222
-0.0138744  0.0226824   0.999646   0.063233
         0          0          0          1
v_world_imu: -0.139034  0.358837 -0.151682
frame_1
id: 1106
stamp: 1718924431.599933147
T_odom_lidar: 
 -0.0897553   -0.995668   0.0242858    -10.6403
   0.995939  -0.0895539  0.00925745   -0.447444
-0.00704245   0.0250181    0.999662   0.0540975
          0           0           0           1
T_world_lidar: 
 -0.0897553   -0.995668   0.0242858    -10.6403
   0.995939  -0.0895539  0.00925745   -0.447444
-0.00704245   0.0250181    0.999662   0.0540975
          0           0           0           1
v_world_imu:  -0.157194   0.348557 -0.0810747
frame_2
id: 1107
stamp: 1718924431.699865103
T_odom_lidar: 
 -0.0206213   -0.999662   0.0158223    -10.6353
   0.999785  -0.0205878  0.00228294   -0.411932
-0.00195643    0.015866    0.999872   0.0480725
          0           0           0           1
T_world_lidar: 
 -0.0206213   -0.999662   0.0158223    -10.6353
   0.999785  -0.0205878  0.00228294   -0.411932
-0.00195643    0.015866    0.999872   0.0480725
          0           0           0           1
v_world_imu: -0.0936696    0.32509  -0.060988
frame_3
id: 1108
stamp: 1718924431.800005198
T_odom_lidar: 
  0.0390755   -0.999148   0.0133171    -10.6312
    0.99922   0.0391467  0.00512682   -0.375412
-0.00564377   0.0131064    0.999898   0.0427515
          0           0           0           1
T_world_lidar: 
  0.0390755   -0.999148   0.0133171    -10.6312
    0.99922   0.0391467  0.00512682   -0.375412
-0.00564377   0.0131064    0.999898   0.0427515
          0           0           0           1
v_world_imu:  -0.112308   0.367645 -0.0298007
frame_4
id: 1109
stamp: 1718924431.899935246
T_odom_lidar: 
    0.11426   -0.993442  0.00411991    -10.6187
   0.993443    0.114274  0.00340272   -0.336653
-0.00385121  0.00370411    0.999986   0.0363856
          0           0           0           1
T_world_lidar: 
    0.11426   -0.993442  0.00411991    -10.6187
   0.993443    0.114274  0.00340272   -0.336653
-0.00385121  0.00370411    0.999986   0.0363856
          0           0           0           1
v_world_imu: -0.0291144   0.406372  -0.102154
frame_5
id: 1110
stamp: 1718924431.900068045
T_odom_lidar: 
  0.125259  -0.992107 0.00579326   -10.6261
   0.99205   0.125176 -0.0129603  -0.349116
 0.0121328  0.0073706   0.999899  0.0820117
         0          0          0          1
T_world_lidar: 
  0.125259  -0.992107 0.00579326   -10.6261
   0.99205   0.125176 -0.0129603  -0.349116
 0.0121328  0.0073706   0.999899  0.0820117
         0          0          0          1
v_world_imu:  0.151795  0.315934 -0.152041
frame_6
id: 1111
stamp: 1718924432.099965334
T_odom_lidar: 
  0.245357   -0.96937   0.011034   -10.5601
  0.969329   0.245148 -0.0174167  -0.288736
 0.0141783  0.0149689   0.999787  0.0607701
         0          0          0          1
T_world_lidar: 
  0.245357   -0.96937   0.011034   -10.5601
  0.969329   0.245148 -0.0174167  -0.288736
 0.0141783  0.0149689   0.999787  0.0607701
         0          0          0          1
v_world_imu:   0.148146   0.277634 -0.0715364
frame_7
id: 1112
stamp: 1718924432.199993134
T_odom_lidar: 
  0.261251   -0.96509  0.0187132   -10.5434
  0.965096   0.260785 -0.0241174  -0.260498
 0.0183954  0.0243607   0.999534  0.0599762
         0          0          0          1
T_world_lidar: 
  0.261251   -0.96509  0.0187132   -10.5434
  0.965096   0.260785 -0.0241174  -0.260498
 0.0183954  0.0243607   0.999534  0.0599762
         0          0          0          1
v_world_imu:    0.103092    0.303756 -0.00914066
frame_8
id: 1113
stamp: 1718924432.299979210
T_odom_lidar: 
  0.270447  -0.962528  0.0199548   -10.5311
  0.962488    0.26985 -0.0282304  -0.230115
 0.0217877  0.0268411   0.999402  0.0603292
         0          0          0          1
T_world_lidar: 
  0.270447  -0.962528  0.0199548   -10.5311
  0.962488    0.26985 -0.0282304  -0.230115
 0.0217877  0.0268411   0.999402  0.0603292
         0          0          0          1
v_world_imu:   0.072881    0.31428 -0.0136361
frame_9
id: 1114
stamp: 1718924432.399969339
T_odom_lidar: 
   0.25976  -0.965519  0.0172763   -10.5278
  0.965427   0.259248 -0.0272355  -0.198055
 0.0218175  0.0237537    0.99948  0.0592501
         0          0          0          1
T_world_lidar: 
   0.25976  -0.965519  0.0172763   -10.5278
  0.965427   0.259248 -0.0272355  -0.198055
 0.0218175  0.0237537    0.99948  0.0592501
         0          0          0          1
v_world_imu: 0.0462914  0.322303 -0.002586
frame_10
id: 1115
stamp: 1718924432.499992132
T_odom_lidar: 
  0.252034  -0.967653  0.0112178   -10.5252
  0.967485   0.251702 -0.0248819  -0.165261
 0.0212535  0.0171241   0.999627  0.0588544
         0          0          0          1
T_world_lidar: 
  0.252034  -0.967653  0.0112178   -10.5252
  0.967485   0.251702 -0.0248819  -0.165261
 0.0212535  0.0171241   0.999627  0.0588544
         0          0          0          1
v_world_imu:   0.0408807    0.325449 -0.00380986
frame_11
id: 1116
stamp: 1718924432.599994183
T_odom_lidar: 
  0.247699  -0.968786 0.00992466   -10.5218
  0.968584   0.247387 -0.0253849  -0.132101
 0.0221373  0.0159007   0.999628  0.0580162
         0          0          0          1
T_world_lidar: 
  0.247699  -0.968786 0.00992466   -10.5218
  0.968584   0.247387 -0.0253849  -0.132101
 0.0221373  0.0159007   0.999628  0.0580162
         0          0          0          1
v_world_imu:  0.0472456   0.333985 -0.0124068
frame_12
id: 1117
stamp: 1718924432.699896097
T_odom_lidar: 
  0.241229  -0.970422 0.00942711   -10.5183
   0.97019   0.240916  -0.026299 -0.0983073
   0.02325  0.0154902    0.99961  0.0574725
         0          0          0          1
T_world_lidar: 
  0.241229  -0.970422 0.00942711   -10.5183
   0.97019   0.240916  -0.026299 -0.0983073
   0.02325  0.0154902    0.99961  0.0574725
         0          0          0          1
v_world_imu:   0.0574359    0.336682 -0.00445905
frame_13
id: 1118
stamp: 1718924432.799984217
T_odom_lidar: 
  0.234319  -0.972129 0.00772071   -10.5146
  0.971872   0.234049 -0.0261768 -0.0638526
 0.0236402  0.0136373   0.999628  0.0553007
         0          0          0          1
T_world_lidar: 
  0.234319  -0.972129 0.00772071   -10.5146
  0.971872   0.234049 -0.0261768 -0.0638526
 0.0236402  0.0136373   0.999628  0.0553007
         0          0          0          1
v_world_imu:  0.0576981   0.343117 -0.0234728
frame_14
id: 1119
stamp: 1718924432.900011063
T_odom_lidar: 
  0.226581  -0.973966 0.00721502    -10.511
  0.973659   0.226303 -0.0278366  -0.029136
 0.0254791  0.0133322   0.999586  0.0528536
         0          0          0          1
T_world_lidar: 
  0.226581  -0.973966 0.00721502    -10.511
  0.973659   0.226303 -0.0278366  -0.029136
 0.0254791  0.0133322   0.999586  0.0528536
         0          0          0          1
v_world_imu:  0.0497832   0.343551 -0.0299482
frame_15
id: 1120
stamp: 1718924433.099980116
T_odom_lidar: 
  0.200898  -0.979609 0.00246823   -10.5061
  0.979176   0.200733 -0.0303256  0.0394974
 0.0292118 0.00850919   0.999537  0.0567299
         0          0          0          1
T_world_lidar: 
  0.200898  -0.979609 0.00246823   -10.5061
  0.979176   0.200733 -0.0303256  0.0394974
 0.0292118 0.00850919   0.999537  0.0567299
         0          0          0          1
v_world_imu: 0.0501045  0.341436 0.0242962
frame_16
id: 1121
stamp: 1718924433.199986219
T_odom_lidar: 
  0.191636  -0.981466 0.00020646   -10.5025
  0.980992   0.191536 -0.0311118  0.0736851
 0.0304957 0.00616467   0.999516  0.0596556
         0          0          0          1
T_world_lidar: 
  0.191636  -0.981466 0.00020646   -10.5025
  0.980992   0.191536 -0.0311118  0.0736851
 0.0304957 0.00616467   0.999516  0.0596556
         0          0          0          1
v_world_imu: 0.0731573  0.339139 0.0239054
frame_17
id: 1122
stamp: 1718924433.299991131
T_odom_lidar: 
  0.185898  -0.982569 7.0522e-05   -10.4959
  0.982083   0.185804 -0.0314755   0.107381
 0.0309137  0.0059205   0.999505  0.0614927
         0          0          0          1
T_world_lidar: 
  0.185898  -0.982569 7.0522e-05   -10.4959
  0.982083   0.185804 -0.0314755   0.107381
 0.0309137  0.0059205   0.999505  0.0614927
         0          0          0          1
v_world_imu: 0.0877962   0.33347 0.0146344
frame_18
id: 1123
stamp: 1718924433.399982214
T_odom_lidar: 
  0.184155  -0.982897  0.0009499   -10.4876
   0.98242   0.184035 -0.0313447   0.140194
 0.0306338 0.00670549   0.999508  0.0622957
         0          0          0          1
T_world_lidar: 
  0.184155  -0.982897  0.0009499   -10.4876
   0.98242   0.184035 -0.0313447   0.140194
 0.0306338 0.00670549   0.999508  0.0622957
         0          0          0          1
v_world_imu:  0.0900104   0.322856 0.00436551
frame_19
id: 1124
stamp: 1718924433.499993086
T_odom_lidar: 
   0.184243   -0.982881 0.000700159    -10.4788
   0.982405    0.184131  -0.0312275    0.172069
  0.0305639  0.00644127    0.999512    0.062758
          0           0           0           1
T_world_lidar: 
   0.184243   -0.982881 0.000700159    -10.4788
   0.982405    0.184131  -0.0312275    0.172069
  0.0305639  0.00644127    0.999512    0.062758
          0           0           0           1
v_world_imu:  0.0850538   0.317069 0.00431446
frame_20
id: 1125
stamp: 1718924433.599986076
T_odom_lidar: 
  0.183136  -0.983087 0.00105127   -10.4701
  0.982638    0.18302 -0.0304438   0.204041
 0.0297365 0.00660838   0.999536  0.0631721
         0          0          0          1
T_world_lidar: 
  0.183136  -0.983087 0.00105127   -10.4701
  0.982638    0.18302 -0.0304438   0.204041
 0.0297365 0.00660838   0.999536  0.0631721
         0          0          0          1
v_world_imu:  0.0920134   0.320046 0.00862668
frame_21
id: 1126
stamp: 1718924433.699970961
T_odom_lidar: 
  0.182116  -0.983272 0.00301393   -10.4612
  0.982875   0.181953 -0.0291606   0.236218
 0.0281244 0.00827293    0.99957  0.0637114
         0          0          0          1
T_world_lidar: 
  0.182116  -0.983272 0.00301393   -10.4612
  0.982875   0.181953 -0.0291606   0.236218
 0.0281244 0.00827293    0.99957  0.0637114
         0          0          0          1
v_world_imu: 0.0967845  0.320888  0.010697
frame_22
id: 1127
stamp: 1718924433.799990177
T_odom_lidar: 
  0.182884  -0.983128 0.00352188    -10.452
  0.982745    0.18271 -0.0287974   0.268389
 0.0276681  0.0087277   0.999579  0.0638803
         0          0          0          1
T_world_lidar: 
  0.182884  -0.983128 0.00352188    -10.452
  0.982745    0.18271 -0.0287974   0.268389
 0.0276681  0.0087277   0.999579  0.0638803
         0          0          0          1
v_world_imu:  0.0801937   0.324322 0.00369144
frame_23
id: 1128
stamp: 1718924433.900015831
T_odom_lidar: 
  0.180752  -0.983519 0.00429409   -10.4442
  0.983152   0.180561 -0.0284552    0.30154
 0.0272109 0.00936509   0.999586  0.0638633
         0          0          0          1
T_world_lidar: 
  0.180752  -0.983519 0.00429409   -10.4442
  0.983152   0.180561 -0.0284552    0.30154
 0.0272109 0.00936509   0.999586  0.0638633
         0          0          0          1
v_world_imu:   0.088155   0.340343 0.00155808
frame_24
id: 1129
stamp: 1718924434.099977016
T_odom_lidar: 
  0.178065  -0.984006  0.0049267   -10.4282
  0.983667   0.177865 -0.0276263   0.369999
 0.0263082  0.0097655   0.999606  0.0631627
         0          0          0          1
T_world_lidar: 
  0.178065  -0.984006  0.0049267   -10.4282
  0.983667   0.177865 -0.0276263   0.369999
 0.0263082  0.0097655   0.999606  0.0631627
         0          0          0          1
v_world_imu:    0.0806706     0.357925 -0.000702987
frame_25
id: 1130
stamp: 1718924434.199988127
T_odom_lidar: 
   0.164563   -0.986367 -2.6445e-05    -10.4251
   0.986001    0.164503  -0.0272218    0.406507
   0.026855  0.00445362    0.999629   0.0637907
          0           0           0           1
T_world_lidar: 
   0.164563   -0.986367 -2.6445e-05    -10.4251
   0.986001    0.164503  -0.0272218    0.406507
   0.026855  0.00445362    0.999629   0.0637907
          0           0           0           1
v_world_imu: 0.0513757  0.367629  0.005535
frame_26
id: 1131
stamp: 1718924434.299996853
T_odom_lidar: 
   0.160067   -0.987097 -0.00428459    -10.4212
   0.986724    0.160124  -0.0271437    0.443465
  0.0274795 0.000117095    0.999622   0.0643824
          0           0           0           1
T_world_lidar: 
   0.160067   -0.987097 -0.00428459    -10.4212
   0.986724    0.160124  -0.0271437    0.443465
  0.0274795 0.000117095    0.999622   0.0643824
          0           0           0           1
v_world_imu:   0.0534829    0.376261 -0.00576818
frame_27
id: 1132
stamp: 1718924434.399990082
T_odom_lidar: 
     0.1472   -0.989105 -0.00184046    -10.4191
   0.988736    0.147195  -0.0270962    0.481955
  0.0270719  0.00216883    0.999631   0.0643169
          0           0           0           1
T_world_lidar: 
     0.1472   -0.989105 -0.00184046    -10.4191
   0.988736    0.147195  -0.0270962    0.481955
  0.0270719  0.00216883    0.999631   0.0643169
          0           0           0           1
v_world_imu:   0.0503917    0.391559 -0.00732121
frame_28
id: 1133
stamp: 1718924434.499993086
T_odom_lidar: 
     0.14509    -0.989418 -0.000953864     -10.4142
    0.989069     0.145064   -0.0264472     0.521274
   0.0263057   0.00289378      0.99965    0.0643623
           0            0            0            1
T_world_lidar: 
     0.14509    -0.989418 -0.000953864     -10.4142
    0.989069     0.145064   -0.0264472     0.521274
   0.0263057   0.00289378      0.99965    0.0643623
           0            0            0            1
v_world_imu:  0.0638149   0.395725 0.00555186
frame_29
id: 1134
stamp: 1718924434.599992037
T_odom_lidar: 
   0.143214   -0.989691 -0.00125566    -10.4077
   0.989327    0.143196  -0.0269693    0.561155
  0.0268711  0.00262013    0.999635   0.0643921
          0           0           0           1
T_world_lidar: 
   0.143214   -0.989691 -0.00125566    -10.4077
   0.989327    0.143196  -0.0269693    0.561155
  0.0268711  0.00262013    0.999635   0.0643921
          0           0           0           1
v_world_imu:   0.0713363    0.401183 0.000460221
frame_30
id: 1135
stamp: 1718924434.699898243
T_odom_lidar: 
   0.141481   -0.989938 -0.00258844     -10.403
   0.989535    0.141497  -0.0282709    0.600826
  0.0283527  0.00143845    0.999597   0.0642765
          0           0           0           1
T_world_lidar: 
   0.141481   -0.989938 -0.00258844     -10.403
   0.989535    0.141497  -0.0282709    0.600826
  0.0283527  0.00143845    0.999597   0.0642765
          0           0           0           1
v_world_imu:   0.0481592    0.413809 -0.00320994
frame_31
id: 1136
stamp: 1718924434.699995995
T_odom_lidar: 
   0.142569   -0.989784 -0.00127238    -10.4019
   0.989393    0.142548  -0.0279514     0.58678
  0.0278472  0.00272611    0.999608   0.0768658
          0           0           0           1
T_world_lidar: 
   0.142569   -0.989784 -0.00127238    -10.4019
   0.989393    0.142548  -0.0279514     0.58678
  0.0278472  0.00272611    0.999608   0.0768658
          0           0           0           1
v_world_imu:   0.023906   0.318538 -0.0207738
frame_32
id: 1137
stamp: 1718924434.900007248
T_odom_lidar: 
    0.143505    -0.989649 -0.000758207     -10.3931
    0.989192     0.143462   -0.0302988     0.649657
    0.030094   0.00359802     0.999541    0.0736319
           0            0            0            1
T_world_lidar: 
    0.143505    -0.989649 -0.000758207     -10.3931
    0.989192     0.143462   -0.0302988     0.649657
    0.030094   0.00359802     0.999541    0.0736319
           0            0            0            1
v_world_imu:  0.0446015    0.31175 -0.0203072
frame_33
id: 1138
stamp: 1718924434.999960899
T_odom_lidar: 
    0.143557    -0.989642 -0.000233793     -10.3886
    0.989183     0.143497   -0.0304126     0.680066
   0.0301311   0.00413467     0.999537    0.0718111
           0            0            0            1
T_world_lidar: 
    0.143557    -0.989642 -0.000233793     -10.3886
    0.989183     0.143497   -0.0304126     0.680066
   0.0301311   0.00413467     0.999537    0.0718111
           0            0            0            1
v_world_imu:  0.0476286   0.305604 -0.0085771
frame_34
id: 1139
stamp: 1718924435.200008154
T_odom_lidar: 
    0.14193   -0.989877 0.000273793    -10.3789
   0.989388    0.141851  -0.0314564    0.741952
  0.0310991  0.00473549    0.999505   0.0699477
          0           0           0           1
T_world_lidar: 
    0.14193   -0.989877 0.000273793    -10.3789
   0.989388    0.141851  -0.0314564    0.741952
  0.0310991  0.00473549    0.999505   0.0699477
          0           0           0           1
v_world_imu:   0.0508449    0.315227 -0.00339108
frame_35
id: 1140
stamp: 1718924435.299985886
T_odom_lidar: 
    0.142407    -0.989808 -0.000135611     -10.3735
    0.989319     0.142341   -0.0314091     0.773851
   0.0311083    0.0043387     0.999507    0.0699624
           0            0            0            1
T_world_lidar: 
    0.142407    -0.989808 -0.000135611     -10.3735
    0.989319     0.142341   -0.0314091     0.773851
   0.0311083    0.0043387     0.999507    0.0699624
           0            0            0            1
v_world_imu:    0.048616    0.323492 -0.00408358
frame_36
id: 1141
stamp: 1718924435.399991989
T_odom_lidar: 
    0.142126    -0.989849 -0.000443982     -10.3686
    0.989343     0.142067   -0.0318874     0.806276
   0.0316268   0.00409277     0.999491    0.0691775
           0            0            0            1
T_world_lidar: 
    0.142126    -0.989849 -0.000443982     -10.3686
    0.989343     0.142067   -0.0318874     0.806276
   0.0316268   0.00409277     0.999491    0.0691775
           0            0            0            1
v_world_imu:   0.0530238    0.322172 -0.00819959
frame_37
id: 1142
stamp: 1718924435.599978924
T_odom_lidar: 
    0.141709    -0.989908 -0.000111833     -10.3575
    0.989393     0.141639   -0.0322395      0.86835
     0.03193   0.00445799      0.99948    0.0665378
           0            0            0            1
T_world_lidar: 
    0.141709    -0.989908 -0.000111833     -10.3575
    0.989393     0.141639   -0.0322395      0.86835
     0.03193   0.00445799      0.99948    0.0665378
           0            0            0            1
v_world_imu:  0.0530584   0.302358 -0.0191603
frame_38
id: 1143
stamp: 1718924435.699899197
T_odom_lidar: 
    0.141225    -0.989977 -0.000367132      -10.352
    0.989439     0.141161   -0.0329219      0.89858
   0.0326437   0.00428615     0.999458    0.0650914
           0            0            0            1
T_world_lidar: 
    0.141225    -0.989977 -0.000367132      -10.352
    0.989439     0.141161   -0.0329219      0.89858
   0.0326437   0.00428615     0.999458    0.0650914
           0            0            0            1
v_world_imu:   0.057988   0.302446 -0.0267691
frame_39
id: 1144
stamp: 1718924435.800018072
T_odom_lidar: 
   0.136404   -0.990653 -0.00119308     -10.348
   0.990069    0.136365  -0.0341898    0.929617
  0.0340329  0.00348239    0.999415   0.0630136
          0           0           0           1
T_world_lidar: 
   0.136404   -0.990653 -0.00119308     -10.348
   0.990069    0.136365  -0.0341898    0.929617
  0.0340329  0.00348239    0.999415   0.0630136
          0           0           0           1
v_world_imu:  0.0418249   0.316847 -0.0252559
frame_40
id: 1145
stamp: 1718924435.899986029
T_odom_lidar: 
   0.128659   -0.991682 -0.00359893    -10.3467
   0.991043    0.128705  -0.0356315    0.961034
  0.0357984  0.00101762    0.999359   0.0610646
          0           0           0           1
T_world_lidar: 
   0.128659   -0.991682 -0.00359893    -10.3467
   0.991043    0.128705  -0.0356315    0.961034
  0.0357984  0.00101762    0.999359   0.0610646
          0           0           0           1
v_world_imu:  0.0293425   0.329924 -0.0126987
frame_41
id: 1146
stamp: 1718924436.099983215
T_odom_lidar: 
   0.104204   -0.994547 -0.00412812    -10.3486
   0.993926    0.104285  -0.0351566     1.02738
  0.0353954 -0.00043959    0.999373   0.0568369
          0           0           0           1
T_world_lidar: 
   0.104204   -0.994547 -0.00412812    -10.3486
   0.993926    0.104285  -0.0351566     1.02738
  0.0353954 -0.00043959    0.999373   0.0568369
          0           0           0           1
v_world_imu:  0.0205457   0.321762 -0.0276206
frame_42
id: 1147
stamp: 1718924436.199992180
T_odom_lidar: 
  0.0970809   -0.995259 -0.00589438    -10.3472
   0.994673   0.0972265  -0.0342388     1.05984
  0.0346496 -0.00253905    0.999396   0.0550373
          0           0           0           1
T_world_lidar: 
  0.0970809   -0.995259 -0.00589438    -10.3472
   0.994673   0.0972265  -0.0342388     1.05984
  0.0346496 -0.00253905    0.999396   0.0550373
          0           0           0           1
v_world_imu:  0.0472145   0.329079 -0.0083655
frame_43
id: 1148
stamp: 1718924436.299990177
T_odom_lidar: 
  0.0935788   -0.995593 -0.00617977    -10.3423
   0.995005   0.0937366  -0.0343234     1.09269
  0.0347514 -0.00293696    0.999392   0.0542993
          0           0           0           1
T_world_lidar: 
  0.0935788   -0.995593 -0.00617977    -10.3423
   0.995005   0.0937366  -0.0343234     1.09269
  0.0347514 -0.00293696    0.999392   0.0542993
          0           0           0           1
v_world_imu:   0.0656251    0.328262 -0.00816929
frame_44
id: 1149
stamp: 1718924436.399998188
T_odom_lidar: 
  0.0948228   -0.995477 -0.00588661    -10.3364
   0.994883   0.0949701  -0.0344733     1.12554
  0.0348765 -0.00258763    0.999388   0.0533296
          0           0           0           1
T_world_lidar: 
  0.0948228   -0.995477 -0.00588661    -10.3364
   0.994883   0.0949701  -0.0344733     1.12554
  0.0348765 -0.00258763    0.999388   0.0533296
          0           0           0           1
v_world_imu:  0.0464418   0.329995 -0.0108017
frame_45
id: 1150
stamp: 1718924436.499989271
T_odom_lidar: 
  0.0961662   -0.995353 -0.00488099    -10.3304
   0.994734   0.0962787  -0.0351339      1.1577
  0.0354406 -0.00147659    0.999371   0.0525725
          0           0           0           1
T_world_lidar: 
  0.0961662   -0.995353 -0.00488099    -10.3304
   0.994734   0.0962787  -0.0351339      1.1577
  0.0354406 -0.00147659    0.999371   0.0525725
          0           0           0           1
v_world_imu:  0.0647337   0.314387 -0.0102671
frame_46
id: 1151
stamp: 1718924436.599989176
T_odom_lidar: 
  0.0952348   -0.995445 -0.00446953    -10.3251
   0.994816   0.0953336  -0.0353821     1.18929
  0.0356471 -0.00107675    0.999364   0.0513231
          0           0           0           1
T_world_lidar: 
  0.0952348   -0.995445 -0.00446953    -10.3251
   0.994816   0.0953336  -0.0353821     1.18929
  0.0356471 -0.00107675    0.999364   0.0513231
          0           0           0           1
v_world_imu:  0.0473585   0.314057 -0.0121321
frame_47
id: 1152
stamp: 1718924436.699901104
T_odom_lidar: 
  0.0949664   -0.995469  -0.0047313    -10.3203
   0.994859    0.095074   -0.034886     1.22058
  0.0351778 -0.00139397     0.99938   0.0497126
          0           0           0           1
T_world_lidar: 
  0.0949664   -0.995469  -0.0047313    -10.3203
   0.994859    0.095074   -0.034886     1.22058
  0.0351778 -0.00139397     0.99938   0.0497126
          0           0           0           1
v_world_imu:  0.0497432   0.314859 -0.0166734
frame_48
id: 1153
stamp: 1718924436.799994230
T_odom_lidar: 
   0.0944833    -0.995518  -0.00410883     -10.3153
    0.994897    0.0945695   -0.0351756      1.25137
   0.0354065 -0.000764361     0.999373    0.0484833
           0            0            0            1
T_world_lidar: 
   0.0944833    -0.995518  -0.00410883     -10.3153
    0.994897    0.0945695   -0.0351756      1.25137
   0.0354065 -0.000764361     0.999373    0.0484833
           0            0            0            1
v_world_imu:  0.0497518   0.302799 -0.0139572
frame_49
id: 1154
stamp: 1718924436.900018930
T_odom_lidar: 
   0.0941134    -0.995555  -0.00357671     -10.3108
    0.994932     0.094181   -0.0352036      1.28174
    0.035384 -0.000245448     0.999374    0.0472644
           0            0            0            1
T_world_lidar: 
   0.0941134    -0.995555  -0.00357671     -10.3108
    0.994932     0.094181   -0.0352036      1.28174
    0.035384 -0.000245448     0.999374    0.0472644
           0            0            0            1
v_world_imu:   0.0440814    0.300972 -0.00978689
frame_50
id: 1155
stamp: 1718924437.099993229
T_odom_lidar: 
  0.0786072   -0.996885 -0.00638173    -10.3076
   0.996314   0.0787795  -0.0339571     1.34223
  0.0343541 -0.00368893    0.999403   0.0438987
          0           0           0           1
T_world_lidar: 
  0.0786072   -0.996885 -0.00638173    -10.3076
   0.996314   0.0787795  -0.0339571     1.34223
  0.0343541 -0.00368893    0.999403   0.0438987
          0           0           0           1
v_world_imu:  0.0374101   0.311389 -0.0187485
frame_51
id: 1156
stamp: 1718924437.199993134
T_odom_lidar: 
  0.0645685   -0.997889 -0.00702577    -10.3071
    0.99736   0.0647655  -0.0328325     1.37288
  0.0332182 -0.00488727    0.999436   0.0424121
          0           0           0           1
T_world_lidar: 
  0.0645685   -0.997889 -0.00702577    -10.3071
    0.99736   0.0647655  -0.0328325     1.37288
  0.0332182 -0.00488727    0.999436   0.0424121
          0           0           0           1
v_world_imu:   0.0430573     0.30735 -0.00917125
frame_52
id: 1157
stamp: 1718924437.299995184
T_odom_lidar: 
  0.0507455   -0.998703 -0.00414329    -10.3073
   0.998196   0.0508522    -0.03193     1.40329
  0.0320993 -0.00251551    0.999482    0.041125
          0           0           0           1
T_world_lidar: 
  0.0507455   -0.998703 -0.00414329    -10.3073
   0.998196   0.0508522    -0.03193     1.40329
  0.0320993 -0.00251551    0.999482    0.041125
          0           0           0           1
v_world_imu:   0.0239145    0.307142 -0.00834931
frame_53
id: 1158
stamp: 1718924437.399997234
T_odom_lidar: 
  0.0396723   -0.999187 -0.00712867    -10.3078
    0.99871   0.0398776  -0.0314196     1.43305
  0.0316783 -0.00587298    0.999481   0.0404255
          0           0           0           1
T_world_lidar: 
  0.0396723   -0.999187 -0.00712867    -10.3078
    0.99871   0.0398776  -0.0314196     1.43305
  0.0316783 -0.00587298    0.999481   0.0404255
          0           0           0           1
v_world_imu:   0.0309856    0.294205 -0.00495458
frame_54
id: 1159
stamp: 1718924437.499999046
T_odom_lidar: 
  0.0358578   -0.999323 -0.00817979    -10.3059
   0.998882   0.0360919  -0.0305297      1.4627
  0.0308042 -0.00707592      0.9995   0.0400543
          0           0           0           1
T_world_lidar: 
  0.0358578   -0.999323 -0.00817979    -10.3059
   0.998882   0.0360919  -0.0305297      1.4627
  0.0308042 -0.00707592      0.9995   0.0400543
          0           0           0           1
v_world_imu:  0.0266637   0.301642 0.00349018
frame_55
id: 1160
stamp: 1718924437.600003242
T_odom_lidar: 
  0.0340723   -0.999392 -0.00741723    -10.3034
   0.998963   0.0342801  -0.0299746     1.49326
  0.0302106 -0.00638823    0.999523   0.0399098
          0           0           0           1
T_world_lidar: 
  0.0340723   -0.999392 -0.00741723    -10.3034
   0.998963   0.0342801  -0.0299746     1.49326
  0.0302106 -0.00638823    0.999523   0.0399098
          0           0           0           1
v_world_imu:   0.0287594    0.310688 -0.00235051
frame_56
id: 1161
stamp: 1718924437.699981928
T_odom_lidar: 
  0.0347289   -0.999377 -0.00632239    -10.3009
   0.998933   0.0349048   -0.030234     1.52428
  0.0304358 -0.00526565    0.999523   0.0401422
          0           0           0           1
T_world_lidar: 
  0.0347289   -0.999377 -0.00632239    -10.3009
   0.998933   0.0349048   -0.030234     1.52428
  0.0304358 -0.00526565    0.999523   0.0401422
          0           0           0           1
v_world_imu:  0.0273849   0.308781 0.00430569
frame_57
id: 1162
stamp: 1718924437.799999237
T_odom_lidar: 
  0.0382733   -0.999259 -0.00400854    -10.2966
   0.998806   0.0383773  -0.0302402     1.55524
  0.0303716 -0.00284636    0.999535   0.0403155
          0           0           0           1
T_world_lidar: 
  0.0382733   -0.999259 -0.00400854    -10.2966
   0.998806   0.0383773  -0.0302402     1.55524
  0.0303716 -0.00284636    0.999535   0.0403155
          0           0           0           1
v_world_imu:  0.0293436   0.311954 0.00403655
frame_58
id: 1163
stamp: 1718924437.900007010
T_odom_lidar: 
   0.0415074    -0.999137  -0.00127926     -10.2922
    0.998673    0.0415271   -0.0304692      1.58635
    0.030496 -1.28684e-05     0.999535    0.0405616
           0            0            0            1
T_world_lidar: 
   0.0415074    -0.999137  -0.00127926     -10.2922
    0.998673    0.0415271   -0.0304692      1.58635
    0.030496 -1.28684e-05     0.999535    0.0405616
           0            0            0            1
v_world_imu:   0.0403315    0.311998 -0.00357939
frame_59
id: 1164
stamp: 1718924438.099997044
T_odom_lidar: 
 0.0424333  -0.999099 0.00112202   -10.2867
  0.998672  0.0423822 -0.0293069    1.64912
  0.029233 0.00236411    0.99957   0.038981
         0          0          0          1
T_world_lidar: 
 0.0424333  -0.999099 0.00112202   -10.2867
  0.998672  0.0423822 -0.0293069    1.64912
  0.029233 0.00236411    0.99957   0.038981
         0          0          0          1
v_world_imu:   0.0282744    0.316229 -0.00335786
frame_60
id: 1165
stamp: 1718924438.199990034
T_odom_lidar: 
 0.0415851  -0.999132  0.0023082   -10.2837
  0.998734  0.0415028 -0.0284371    1.68115
 0.0283166 0.00348784   0.999593  0.0393713
         0          0          0          1
T_world_lidar: 
 0.0415851  -0.999132  0.0023082   -10.2837
  0.998734  0.0415028 -0.0284371    1.68115
 0.0283166 0.00348784   0.999593  0.0393713
         0          0          0          1
v_world_imu:  0.0331991   0.330529 0.00964706
frame_61
id: 1166
stamp: 1718924438.299996138
T_odom_lidar: 
 0.0358356   -0.99935 0.00401848   -10.2828
  0.998967  0.0357088  -0.028112    1.71487
 0.0279502 0.00502174   0.999597  0.0406115
         0          0          0          1
T_world_lidar: 
 0.0358356   -0.99935 0.00401848   -10.2828
  0.998967  0.0357088  -0.028112    1.71487
 0.0279502 0.00502174   0.999597  0.0406115
         0          0          0          1
v_world_imu: 0.0187447  0.341668 0.0157629
frame_62
id: 1167
stamp: 1718924438.399995089
T_odom_lidar: 
 0.0342782  -0.999404 0.00400034   -10.2808
  0.999034  0.0341548 -0.0276658    1.74882
 0.0275126 0.00494481   0.999609  0.0410855
         0          0          0          1
T_world_lidar: 
 0.0342782  -0.999404 0.00400034   -10.2808
  0.999034  0.0341548 -0.0276658    1.74882
 0.0275126 0.00494481   0.999609  0.0410855
         0          0          0          1
v_world_imu:  0.0262378   0.342946 0.00299749
frame_63
id: 1168
stamp: 1718924438.499983072
T_odom_lidar: 
 0.0294072  -0.999552 0.00554633   -10.2789
  0.999204  0.0292464 -0.0271455    1.78356
 0.0269711 0.00634019   0.999616  0.0408868
         0          0          0          1
T_world_lidar: 
 0.0294072  -0.999552 0.00554633   -10.2789
  0.999204  0.0292464 -0.0271455    1.78356
 0.0269711 0.00634019   0.999616  0.0408868
         0          0          0          1
v_world_imu:   0.0352232    0.353337 -0.00159706
frame_64
id: 1169
stamp: 1718924438.599987030
T_odom_lidar: 
 0.0218568  -0.999741  0.0062966   -10.2774
  0.999386  0.0216758  -0.027517    1.81956
 0.0273734 0.00689417   0.999602  0.0411677
         0          0          0          1
T_world_lidar: 
 0.0218568  -0.999741  0.0062966   -10.2774
  0.999386  0.0216758  -0.027517    1.81956
 0.0273734 0.00689417   0.999602  0.0411677
         0          0          0          1
v_world_imu:     0.0325   0.366971 0.00449716
frame_65
id: 1170
stamp: 1718924438.699897289
T_odom_lidar: 
  0.018887  -0.999804 0.00588907   -10.2753
  0.999432  0.0187149 -0.0280336    1.85631
 0.0279179  0.0064152    0.99959  0.0416676
         0          0          0          1
T_world_lidar: 
  0.018887  -0.999804 0.00588907   -10.2753
  0.999432  0.0187149 -0.0280336    1.85631
 0.0279179  0.0064152    0.99959  0.0416676
         0          0          0          1
v_world_imu:   0.0216901    0.379419 0.000449797
frame_66
id: 1171
stamp: 1718924438.699989080
T_odom_lidar: 
 0.0154031  -0.999876 0.00328683   -10.2862
   0.99935  0.0152878 -0.0326332    1.83623
 0.0325789 0.00378735   0.999462  0.0526331
         0          0          0          1
T_world_lidar: 
 0.0154031  -0.999876 0.00328683   -10.2862
   0.99935  0.0152878 -0.0326332    1.83623
 0.0325789 0.00378735   0.999462  0.0526331
         0          0          0          1
v_world_imu: -0.00682988    0.269179  -0.0039624
frame_67
id: 1172
stamp: 1718924438.900011301
T_odom_lidar: 
 0.0118728  -0.999924 0.00325882   -10.2884
  0.999364  0.0117564   -0.03367    1.89218
 0.0336291 0.00365651   0.999428  0.0538067
         0          0          0          1
T_world_lidar: 
 0.0118728  -0.999924 0.00325882   -10.2884
  0.999364  0.0117564   -0.03367    1.89218
 0.0336291 0.00365651   0.999428  0.0538067
         0          0          0          1
v_world_imu: -0.0022142   0.284456  0.0113639
frame_68
id: 1173
stamp: 1718924438.999963999
T_odom_lidar: 
 0.0145978   -0.99986 0.00822525   -10.2861
  0.999399  0.0143315 -0.0315485    1.92036
 0.0314262 0.00868085   0.999468  0.0509353
         0          0          0          1
T_world_lidar: 
 0.0145978   -0.99986 0.00822525   -10.2861
  0.999399  0.0143315 -0.0315485    1.92036
 0.0314262 0.00868085   0.999468  0.0509353
         0          0          0          1
v_world_imu: 0.0305091  0.304224 -0.039284
frame_69
id: 1174
stamp: 1718924439.099978924
T_odom_lidar: 
 0.0174785  -0.999777  0.0118482   -10.2811
  0.999363  0.0171001 -0.0313135    1.95173
 0.0311039  0.0123879   0.999439  0.0488262
         0          0          0          1
T_world_lidar: 
 0.0174785  -0.999777  0.0118482   -10.2811
  0.999363  0.0171001 -0.0313135    1.95173
 0.0311039  0.0123879   0.999439  0.0488262
         0          0          0          1
v_world_imu:  0.0124288   0.310127 -0.0253148
frame_70
id: 1175
stamp: 1718924439.199976921
T_odom_lidar: 
 0.0136005  -0.999857  0.0100343   -10.2829
   0.99942  0.0132799 -0.0313511    1.98202
 0.0312133  0.0104548   0.999458  0.0455295
         0          0          0          1
T_world_lidar: 
 0.0136005  -0.999857  0.0100343   -10.2829
   0.99942  0.0132799 -0.0313511    1.98202
 0.0312133  0.0104548   0.999458  0.0455295
         0          0          0          1
v_world_imu: -0.000167233     0.299413   -0.0305394
frame_71
id: 1176
stamp: 1718924439.299997807
T_odom_lidar: 
0.0124986 -0.999874 0.0098172  -10.2812
 0.999418 0.0121801 -0.031863   2.01191
0.0317394 0.0102097  0.999444 0.0421475
        0         0         0         1
T_world_lidar: 
0.0124986 -0.999874 0.0098172  -10.2812
 0.999418 0.0121801 -0.031863   2.01191
0.0317394 0.0102097  0.999444 0.0421475
        0         0         0         1
v_world_imu:   0.027791   0.302093 -0.0314395
frame_72
id: 1177
stamp: 1718924439.399984837
T_odom_lidar: 
 0.0131188  -0.999871 0.00930609   -10.2797
  0.999393  0.0128111  -0.032381      2.042
 0.0322575 0.00972524   0.999432  0.0402848
         0          0          0          1
T_world_lidar: 
 0.0131188  -0.999871 0.00930609   -10.2797
  0.999393  0.0128111  -0.032381      2.042
 0.0322575 0.00972524   0.999432  0.0402848
         0          0          0          1
v_world_imu: -0.00300711    0.300069  -0.0200236
frame_73
id: 1178
stamp: 1718924439.499994993
T_odom_lidar: 
0.00948426  -0.999927 0.00743836   -10.2814
  0.999401 0.00923121 -0.0333452    2.07166
 0.0332741 0.00775016   0.999416  0.0392265
         0          0          0          1
T_world_lidar: 
0.00948426  -0.999927 0.00743836   -10.2814
  0.999401 0.00923121 -0.0333452    2.07166
 0.0332741 0.00775016   0.999416  0.0392265
         0          0          0          1
v_world_imu:  0.0019894   0.297633 -0.0123816
frame_74
id: 1179
stamp: 1718924439.699906111
T_odom_lidar: 
-0.00331881   -0.999962  0.00803926    -10.2843
   0.999474 -0.00357637  -0.0322388     2.13155
  0.0322663  0.00792803    0.999448   0.0315918
          0           0           0           1
T_world_lidar: 
-0.00331881   -0.999962  0.00803926    -10.2843
   0.999474 -0.00357637  -0.0322388     2.13155
  0.0322663  0.00792803    0.999448   0.0315918
          0           0           0           1
v_world_imu: 0.00462751   0.311818 -0.0415114
frame_75
id: 1180
stamp: 1718924439.800016165
T_odom_lidar: 
 -0.0061981   -0.999956  0.00704617    -10.2859
   0.999483 -0.00641707  -0.0314913     2.16277
  0.0315351  0.00684735    0.999479   0.0303388
          0           0           0           1
T_world_lidar: 
 -0.0061981   -0.999956  0.00704617    -10.2859
   0.999483 -0.00641707  -0.0314913     2.16277
  0.0315351  0.00684735    0.999479   0.0303388
          0           0           0           1
v_world_imu: -0.00369745      0.3082   0.0143351
frame_76
id: 1181
stamp: 1718924439.899996996
T_odom_lidar: 
-0.00730198   -0.999952  0.00655456    -10.2866
   0.999481 -0.00750384  -0.0313182     2.19254
  0.0313658  0.00632247    0.999488   0.0309191
          0           0           0           1
T_world_lidar: 
-0.00730198   -0.999952  0.00655456    -10.2866
   0.999481 -0.00750384  -0.0313182     2.19254
  0.0313658  0.00632247    0.999488   0.0309191
          0           0           0           1
v_world_imu: 0.000903969    0.312322   0.0217738
frame_77
id: 1182
stamp: 1718924440.099998236
T_odom_lidar: 
 -0.0025171   -0.999974  0.00680561    -10.2856
   0.999423 -0.00274614  -0.0338574     2.25452
  0.0338752  0.00671646    0.999404   0.0369388
          0           0           0           1
T_world_lidar: 
 -0.0025171   -0.999974  0.00680561    -10.2856
   0.999423 -0.00274614  -0.0338574     2.25452
  0.0338752  0.00671646    0.999404   0.0369388
          0           0           0           1
v_world_imu: -0.00148859    0.307186   0.0281965
frame_78
id: 1183
stamp: 1718924440.199993134
T_odom_lidar: 
-0.00296592   -0.999944   0.0101471    -10.2853
    0.99936 -0.00332558  -0.0356137     2.28521
  0.0356454    0.010035    0.999314    0.039852
          0           0           0           1
T_world_lidar: 
-0.00296592   -0.999944   0.0101471    -10.2853
    0.99936 -0.00332558  -0.0356137     2.28521
  0.0356454    0.010035    0.999314    0.039852
          0           0           0           1
v_world_imu: 0.00969843   0.310266  0.0163206
frame_79
id: 1184
stamp: 1718924440.299972296
T_odom_lidar: 
-0.00395838   -0.999932   0.0109937    -10.2844
   0.999302 -0.00436382  -0.0371037     2.31628
  0.0371492   0.0108392    0.999251   0.0412492
          0           0           0           1
T_world_lidar: 
-0.00395838   -0.999932   0.0109937    -10.2844
   0.999302 -0.00436382  -0.0371037     2.31628
  0.0371492   0.0108392    0.999251   0.0412492
          0           0           0           1
v_world_imu: 0.000585891    0.310442  0.00770605
frame_80
id: 1185
stamp: 1718924440.399990320
T_odom_lidar: 
-0.00448008   -0.999952     0.00871    -10.2872
   0.999339 -0.00479119  -0.0360328     2.34738
  0.0360728  0.00854281    0.999313   0.0417742
          0           0           0           1
T_world_lidar: 
-0.00448008   -0.999952     0.00871    -10.2872
   0.999339 -0.00479119  -0.0360328     2.34738
  0.0360728  0.00854281    0.999313   0.0417742
          0           0           0           1
v_world_imu: -0.0375011   0.304563  0.0173066
frame_81
id: 1186
stamp: 1718924440.500001192
T_odom_lidar: 
-0.00169672   -0.999976  0.00677152     -10.288
   0.999327 -0.00194371  -0.0366363      2.3773
  0.0366486   0.0067048    0.999306   0.0428414
          0           0           0           1
T_world_lidar: 
-0.00169672   -0.999976  0.00677152     -10.288
   0.999327 -0.00194371  -0.0366363      2.3773
  0.0366486   0.0067048    0.999306   0.0428414
          0           0           0           1
v_world_imu: -0.00360859      0.2945  0.00561883
frame_82
id: 1187
stamp: 1718924440.599993229
T_odom_lidar: 
-0.00371561   -0.999975  0.00598921     -10.289
   0.999279 -0.00393921  -0.0377655     2.40655
  0.0377882  0.00584457    0.999269   0.0438987
          0           0           0           1
T_world_lidar: 
-0.00371561   -0.999975  0.00598921     -10.289
   0.999279 -0.00393921  -0.0377655     2.40655
  0.0377882  0.00584457    0.999269   0.0438987
          0           0           0           1
v_world_imu: -0.00915436    0.288426    0.012324
frame_83
id: 1188
stamp: 1718924440.699903011
T_odom_lidar: 
 -0.0038182   -0.999981  0.00492548    -10.2905
   0.999213 -0.00400966  -0.0394663      2.4351
  0.0394853  0.00477091    0.999209   0.0453764
          0           0           0           1
T_world_lidar: 
 -0.0038182   -0.999981  0.00492548    -10.2905
   0.999213 -0.00400966  -0.0394663      2.4351
  0.0394853  0.00477091    0.999209   0.0453764
          0           0           0           1
v_world_imu: -0.0108578   0.284567  0.0151365
frame_84
id: 1189
stamp: 1718924440.799980164
T_odom_lidar: 
-0.00250595   -0.999988  0.00416379    -10.2908
   0.999161 -0.00267405  -0.0408685     2.46339
  0.0408791  0.00405788    0.999156   0.0465685
          0           0           0           1
T_world_lidar: 
-0.00250595   -0.999988  0.00416379    -10.2908
   0.999161 -0.00267405  -0.0408685     2.46339
  0.0408791  0.00405788    0.999156   0.0465685
          0           0           0           1
v_world_imu: -0.00832636    0.282746  0.00389932
frame_85
id: 1190
stamp: 1718924440.900017023
T_odom_lidar: 
-0.00387647   -0.999985  0.00387363    -10.2923
    0.99911 -0.00403571  -0.0419818     2.49199
  0.0419968  0.00370744    0.999111   0.0474095
          0           0           0           1
T_world_lidar: 
-0.00387647   -0.999985  0.00387363    -10.2923
    0.99911 -0.00403571  -0.0419818     2.49199
  0.0419968  0.00370744    0.999111   0.0474095
          0           0           0           1
v_world_imu:  -0.011511   0.285228 0.00763588
frame_86
id: 1191
stamp: 1718924441.099986076
T_odom_lidar: 
-0.00391717   -0.999988   0.0030387    -10.2946
   0.999054 -0.00404505  -0.0432885     2.54636
  0.0433003  0.00286626    0.999058   0.0441379
          0           0           0           1
T_world_lidar: 
-0.00391717   -0.999988   0.0030387    -10.2946
   0.999054 -0.00404505  -0.0432885     2.54636
  0.0433003  0.00286626    0.999058   0.0441379
          0           0           0           1
v_world_imu: -0.0176032   0.273896 -0.0177713
frame_87
id: 1192
stamp: 1718924441.199989080
T_odom_lidar: 
 -0.0045993   -0.999986  0.00243592    -10.2964
   0.999033 -0.00470139  -0.0437103     2.57365
  0.0437212  0.00223253    0.999041   0.0426226
          0           0           0           1
T_world_lidar: 
 -0.0045993   -0.999986  0.00243592    -10.2964
   0.999033 -0.00470139  -0.0437103     2.57365
  0.0437212  0.00223253    0.999041   0.0426226
          0           0           0           1
v_world_imu: -0.0112137      0.274 -0.0193717
frame_88
id: 1193
stamp: 1718924441.299991131
T_odom_lidar: 
 -0.0052405   -0.999986 0.000815144    -10.2976
   0.999026 -0.00527118  -0.0438139     2.60095
  0.0438176 0.000584743    0.999039   0.0408287
          0           0           0           1
T_world_lidar: 
 -0.0052405   -0.999986 0.000815144    -10.2976
   0.999026 -0.00527118  -0.0438139     2.60095
  0.0438176 0.000584743    0.999039   0.0408287
          0           0           0           1
v_world_imu: -0.0130601   0.273228 -0.0186647
frame_89
id: 1194
stamp: 1718924441.399996042
T_odom_lidar: 
 -0.0041403   -0.999991 0.000472193    -10.2991
   0.999055 -0.00415686  -0.0432726      2.6285
  0.0432742 0.000292585    0.999063   0.0385958
          0           0           0           1
T_world_lidar: 
 -0.0041403   -0.999991 0.000472193    -10.2991
   0.999055 -0.00415686  -0.0432726      2.6285
  0.0432742 0.000292585    0.999063   0.0385958
          0           0           0           1
v_world_imu: -0.0107276   0.276103 -0.0289478
frame_90
id: 1195
stamp: 1718924441.499997139
T_odom_lidar: 
-0.00348562   -0.999992  0.00211714    -10.2982
   0.998996 -0.00357671  -0.0446641     2.65568
  0.0446713  0.00195933       0.999   0.0366543
          0           0           0           1
T_world_lidar: 
-0.00348562   -0.999992  0.00211714    -10.2982
   0.998996 -0.00357671  -0.0446641     2.65568
  0.0446713  0.00195933       0.999   0.0366543
          0           0           0           1
v_world_imu: 0.00956041    0.26352 -0.0262248
frame_91
id: 1196
stamp: 1718924441.599983215
T_odom_lidar: 
-0.00564048   -0.999971  0.00512004    -10.2973
   0.998875 -0.00587527  -0.0470635     2.68138
  0.0470922  0.00484882    0.998879   0.0345361
          0           0           0           1
T_world_lidar: 
-0.00564048   -0.999971  0.00512004    -10.2973
   0.998875 -0.00587527  -0.0470635     2.68138
  0.0470922  0.00484882    0.998879   0.0345361
          0           0           0           1
v_world_imu:   0.017014   0.251806 -0.0270279
frame_92
id: 1197
stamp: 1718924441.699983835
T_odom_lidar: 
 -0.0038521   -0.999971  0.00652338    -10.2966
   0.998832 -0.00416181  -0.0481483     2.70614
  0.0481741  0.00633029    0.998819   0.0321991
          0           0           0           1
T_world_lidar: 
 -0.0038521   -0.999971  0.00652338    -10.2966
   0.998832 -0.00416181  -0.0481483     2.70614
  0.0481741  0.00633029    0.998819   0.0321991
          0           0           0           1
v_world_imu: -0.00971721     0.24678  -0.0302603
frame_93
id: 1198
stamp: 1718924441.799982071
T_odom_lidar: 
 -0.0032465   -0.999979  0.00560576    -10.2976
   0.998848 -0.00351107  -0.0478497     2.73134
  0.0478684  0.00544396    0.998839   0.0297756
          0           0           0           1
T_world_lidar: 
 -0.0032465   -0.999979  0.00560576    -10.2976
   0.998848 -0.00351107  -0.0478497     2.73134
  0.0478684  0.00544396    0.998839   0.0297756
          0           0           0           1
v_world_imu:  -0.010918   0.258331 -0.0126868
frame_94
id: 1199
stamp: 1718924441.900000811
T_odom_lidar: 
-0.00385169   -0.999978  0.00541043    -10.2984
   0.998865 -0.00410413  -0.0474502     2.75776
  0.0474714  0.00522153    0.998859     0.02809
          0           0           0           1
T_world_lidar: 
-0.00385169   -0.999978  0.00541043    -10.2984
   0.998865 -0.00410413  -0.0474502     2.75776
  0.0474714  0.00522153    0.998859     0.02809
          0           0           0           1
v_world_imu: -0.00657933    0.268107  -0.0174429
frame_95
id: 1200
stamp: 1718924442.099987984
T_odom_lidar: 
-0.00322916    -0.99998  0.00543586    -10.3009
   0.998871 -0.00348309  -0.0473709     2.81002
  0.0473889  0.00527676    0.998863   0.0259221
          0           0           0           1
T_world_lidar: 
-0.00322916    -0.99998  0.00543586    -10.3009
   0.998871 -0.00348309  -0.0473709     2.81002
  0.0473889  0.00527676    0.998863   0.0259221
          0           0           0           1
v_world_imu: -0.00423137    0.253981 -0.00624807
frame_96
id: 1201
stamp: 1718924442.199991941
T_odom_lidar: 
-0.00159361   -0.999979  0.00621401    -10.3016
   0.998876 -0.00188621  -0.0473702     2.83486
   0.047381  0.00613154    0.998858   0.0256529
          0           0           0           1
T_world_lidar: 
-0.00159361   -0.999979  0.00621401    -10.3016
   0.998876 -0.00188621  -0.0473702     2.83486
   0.047381  0.00613154    0.998858   0.0256529
          0           0           0           1
v_world_imu:   -0.0214638     0.247641 -0.000984406
frame_97
id: 1202
stamp: 1718924442.299984932
T_odom_lidar: 
0.00246872  -0.999958 0.00887116   -10.3025
  0.998876 0.00204589 -0.0473597    2.86052
 0.0473396 0.00897811   0.998839  0.0252159
         0          0          0          1
T_world_lidar: 
0.00246872  -0.999958 0.00887116   -10.3025
  0.998876 0.00204589 -0.0473597    2.86052
 0.0473396 0.00897811   0.998839  0.0252159
         0          0          0          1
v_world_imu:  -0.0123624    0.263222 -0.00382503
frame_98
id: 1203
stamp: 1718924442.399991035
T_odom_lidar: 
0.00670505  -0.999927  0.0100483   -10.3023
  0.998841 0.00621822 -0.0477213    2.88788
 0.0476553  0.0103566    0.99881  0.0264758
         0          0          0          1
T_world_lidar: 
0.00670505  -0.999927  0.0100483   -10.3023
  0.998841 0.00621822 -0.0477213    2.88788
 0.0476553  0.0103566    0.99881  0.0264758
         0          0          0          1
v_world_imu: -0.0150228   0.285406  0.0160547
frame_99
id: 1204
stamp: 1718924442.499993086
T_odom_lidar: 
0.00858713   -0.99991  0.0103262   -10.3033
   0.99882 0.00808322 -0.0478882    2.91718
 0.0478004  0.0107252   0.998799   0.028234
         0          0          0          1
T_world_lidar: 
0.00858713   -0.99991  0.0103262   -10.3033
   0.99882 0.00808322 -0.0478882    2.91718
 0.0478004  0.0107252   0.998799   0.028234
         0          0          0          1
v_world_imu: -0.0149707   0.298034  0.0177819
frame_100
id: 1205
stamp: 1718924442.599990129
T_odom_lidar: 
0.00785319  -0.999919  0.0100233    -10.305
  0.998838 0.00736724  -0.047631     2.9477
 0.0475533  0.0103857   0.998815  0.0304527
         0          0          0          1
T_world_lidar: 
0.00785319  -0.999919  0.0100233    -10.305
  0.998838 0.00736724  -0.047631     2.9477
 0.0475533  0.0103857   0.998815  0.0304527
         0          0          0          1
v_world_imu: -0.0197949   0.311353  0.0226834
frame_101
id: 1206
stamp: 1718924442.699899197
T_odom_lidar: 
0.00759308  -0.999931 0.00897726   -10.3081
   0.99886 0.00716126 -0.0471926    2.97953
  0.047125 0.00932536   0.998845  0.0327765
         0          0          0          1
T_world_lidar: 
0.00759308  -0.999931 0.00897726   -10.3081
   0.99886 0.00716126 -0.0471926    2.97953
  0.047125 0.00932536   0.998845  0.0327765
         0          0          0          1
v_world_imu: -0.0371719   0.325144  0.0222152
frame_102
id: 1207
stamp: 1718924442.699989080
T_odom_lidar: 
0.00286962  -0.999928  0.0116611   -10.2884
  0.998832 0.00230357 -0.0482678     2.9666
 0.0482374   0.011786   0.998766  0.0440499
         0          0          0          1
T_world_lidar: 
0.00286962  -0.999928  0.0116611   -10.2884
  0.998832 0.00230357 -0.0482678     2.9666
 0.0482374   0.011786   0.998766  0.0440499
         0          0          0          1
v_world_imu: -0.0110608   0.237405 0.00277334
frame_103
id: 1208
stamp: 1718924442.900007248
T_odom_lidar: 
0.00651434  -0.999956 0.00672216   -10.2884
  0.998803 0.00618068 -0.0485161    3.01502
 0.0484724 0.00703017     0.9988  0.0459476
         0          0          0          1
T_world_lidar: 
0.00651434  -0.999956 0.00672216   -10.2884
  0.998803 0.00618068 -0.0485161    3.01502
 0.0484724 0.00703017     0.9988  0.0459476
         0          0          0          1
v_world_imu: -0.00476346    0.249149  0.00116108
frame_104
id: 1209
stamp: 1718924443.099997044
T_odom_lidar: 
 0.0291758  -0.999568 0.00341952   -10.2845
  0.998314  0.0289672 -0.0502942    3.06642
 0.0501735 0.00488113   0.998729  0.0448962
         0          0          0          1
T_world_lidar: 
 0.0291758  -0.999568 0.00341952   -10.2845
  0.998314  0.0289672 -0.0502942    3.06642
 0.0501735 0.00488113   0.998729  0.0448962
         0          0          0          1
v_world_imu: 0.00950122   0.259949 -0.0144095
frame_105
id: 1210
stamp: 1718924443.199990034
T_odom_lidar: 
  0.0614454    -0.99811 -0.00120668    -10.2749
    0.99691   0.0614308  -0.0489525     3.09223
  0.0489341  0.00180496      0.9988   0.0436542
          0           0           0           1
T_world_lidar: 
  0.0614454    -0.99811 -0.00120668    -10.2749
    0.99691   0.0614308  -0.0489525     3.09223
  0.0489341  0.00180496      0.9988   0.0436542
          0           0           0           1
v_world_imu:   0.0250784    0.261754 -0.00585498
frame_106
id: 1211
stamp: 1718924443.300001144
T_odom_lidar: 
     0.07655    -0.997056  -0.00433883     -10.2688
    0.995851    0.0766708   -0.0490151       3.1184
   0.0492035 -0.000568724     0.998789    0.0427007
           0            0            0            1
T_world_lidar: 
     0.07655    -0.997056  -0.00433883     -10.2688
    0.995851    0.0766708   -0.0490151       3.1184
   0.0492035 -0.000568724     0.998789    0.0427007
           0            0            0            1
v_world_imu:   0.0108129    0.262146 -0.00841159
frame_107
id: 1212
stamp: 1718924443.499997139
T_odom_lidar: 
  0.0791154   -0.996848 -0.00592934     -10.267
   0.995592   0.0793135  -0.0500651     3.17115
  0.0503775 -0.00194228    0.998728   0.0357833
          0           0           0           1
T_world_lidar: 
  0.0791154   -0.996848 -0.00592934     -10.267
   0.995592   0.0793135  -0.0500651     3.17115
  0.0503775 -0.00194228    0.998728   0.0357833
          0           0           0           1
v_world_imu: 0.0332892  0.271385 -0.046016
frame_108
id: 1213
stamp: 1718924443.599987030
T_odom_lidar: 
  0.0820213   -0.996618 -0.00507426    -10.2641
   0.995418   0.0821716   -0.048904     3.19797
  0.0491556 -0.00103984    0.998791   0.0305851
          0           0           0           1
T_world_lidar: 
  0.0820213   -0.996618 -0.00507426    -10.2641
   0.995418   0.0821716   -0.048904     3.19797
  0.0491556 -0.00103984    0.998791   0.0305851
          0           0           0           1
v_world_imu: 0.00141908    0.26977 -0.0456984
frame_109
id: 1214
stamp: 1718924443.699914217
T_odom_lidar: 
  0.0807092   -0.996721 -0.00581724    -10.2652
   0.995572   0.0808956  -0.0478729     3.22541
  0.0481865  -0.0019277    0.998836   0.0262144
          0           0           0           1
T_world_lidar: 
  0.0807092   -0.996721 -0.00581724    -10.2652
   0.995572   0.0808956  -0.0478729     3.22541
  0.0481865  -0.0019277    0.998836   0.0262144
          0           0           0           1
v_world_imu: -0.00720365    0.273429  -0.0414017
frame_110
id: 1215
stamp: 1718924443.799991131
T_odom_lidar: 
   0.0793027    -0.996839  -0.00480976     -10.2651
     0.99567    0.0794426   -0.0482622      3.25297
   0.0484918 -0.000961614     0.998823    0.0228035
           0            0            0            1
T_world_lidar: 
   0.0793027    -0.996839  -0.00480976     -10.2651
     0.99567    0.0794426   -0.0482622      3.25297
   0.0484918 -0.000961614     0.998823    0.0228035
           0            0            0            1
v_world_imu:   0.019969    0.28587 -0.0116754
frame_111
id: 1216
stamp: 1718924443.900019169
T_odom_lidar: 
   0.0793358    -0.996836  -0.00487776     -10.2629
    0.995633    0.0794796   -0.0489664      3.28177
   0.0491992 -0.000971667     0.998789    0.0218632
           0            0            0            1
T_world_lidar: 
   0.0793358    -0.996836  -0.00487776     -10.2629
    0.995633    0.0794796   -0.0489664      3.28177
   0.0491992 -0.000971667     0.998789    0.0218632
           0            0            0            1
v_world_imu: 0.011469 0.283119 -0.01007
frame_112
id: 1217
stamp: 1718924444.100020170
T_odom_lidar: 
   0.0788204    -0.996877  -0.00495111      -10.261
    0.995612    0.0789697   -0.0502059      3.33915
   0.0504401 -0.000972142     0.998727    0.0217472
           0            0            0            1
T_world_lidar: 
   0.0788204    -0.996877  -0.00495111      -10.261
    0.995612    0.0789697   -0.0502059      3.33915
   0.0504401 -0.000972142     0.998727    0.0217472
           0            0            0            1
v_world_imu:   0.0137587    0.286337 0.000137807
frame_113
id: 1218
stamp: 1718924444.299983978
T_odom_lidar: 
  0.0917528   -0.995775 -0.00357065    -10.2561
   0.994473   0.0918154  -0.0509174     3.39428
  0.0510301   0.0011209    0.998696   0.0237339
          0           0           0           1
T_world_lidar: 
  0.0917528   -0.995775 -0.00357065    -10.2561
   0.994473   0.0918154  -0.0509174     3.39428
  0.0510301   0.0011209    0.998696   0.0237339
          0           0           0           1
v_world_imu: 0.0108945  0.265205 0.0126155
frame_114
id: 1219
stamp: 1718924444.400007010
T_odom_lidar: 
   0.0956309      -0.9954  -0.00573231     -10.2536
    0.994166    0.0957978   -0.0495621      3.42079
   0.0498833 -0.000959195     0.998755    0.0250669
           0            0            0            1
T_world_lidar: 
   0.0956309      -0.9954  -0.00573231     -10.2536
    0.994166    0.0957978   -0.0495621      3.42079
   0.0498833 -0.000959195     0.998755    0.0250669
           0            0            0            1
v_world_imu: 0.0233473  0.259702 0.0210324
frame_115
id: 1220
stamp: 1718924444.600000858
T_odom_lidar: 
   0.105928   -0.994357 -0.00581419    -10.2468
   0.993208    0.106085  -0.0477824     3.47196
  0.0481295 -0.00071319    0.998841    0.027928
          0           0           0           1
T_world_lidar: 
   0.105928   -0.994357 -0.00581419    -10.2468
   0.993208    0.106085  -0.0477824     3.47196
  0.0481295 -0.00071319    0.998841    0.027928
          0           0           0           1
v_world_imu: 0.0170484  0.256454 0.0226785
frame_116
id: 1221
stamp: 1718924444.699892998
T_odom_lidar: 
    0.112048    -0.993687  -0.00559824     -10.2431
    0.992566     0.112188   -0.0471836      3.49792
   0.0475138 -0.000269771     0.998871    0.0305326
           0            0            0            1
T_world_lidar: 
    0.112048    -0.993687  -0.00559824     -10.2431
    0.992566     0.112188   -0.0471836      3.49792
   0.0475138 -0.000269771     0.998871    0.0305326
           0            0            0            1
v_world_imu: 0.0303575  0.256941 0.0256143
frame_117
id: 1222
stamp: 1718924444.799998999
T_odom_lidar: 
   0.120772   -0.992678 -0.00219805    -10.2379
   0.991539    0.120739  -0.0476744     3.52382
  0.0475908  0.00357827    0.998861   0.0323503
          0           0           0           1
T_world_lidar: 
   0.120772   -0.992678 -0.00219805    -10.2379
   0.991539    0.120739  -0.0476744     3.52382
  0.0475908  0.00357827    0.998861   0.0323503
          0           0           0           1
v_world_imu: 0.0302395  0.259363 0.0151083
frame_118
id: 1223
stamp: 1718924444.900023937
T_odom_lidar: 
   0.125598   -0.992079 -0.00184211    -10.2337
   0.990915    0.125541  -0.0482317     3.54971
  0.0480809  0.00423244    0.998834   0.0343058
          0           0           0           1
T_world_lidar: 
   0.125598   -0.992079 -0.00184211    -10.2337
   0.990915    0.125541  -0.0482317     3.54971
  0.0480809  0.00423244    0.998834   0.0343058
          0           0           0           1
v_world_imu: 0.0259625  0.259715  0.020937
frame_119
id: 1224
stamp: 1718924445.100000143
T_odom_lidar: 
   0.126705    -0.99194 -0.00128095    -10.2294
   0.990774    0.126619  -0.0483161     3.60191
  0.0480889  0.00485276    0.998831   0.0381093
          0           0           0           1
T_world_lidar: 
   0.126705    -0.99194 -0.00128095    -10.2294
   0.990774    0.126619  -0.0483161     3.60191
  0.0480889  0.00485276    0.998831   0.0381093
          0           0           0           1
v_world_imu: 0.0207767  0.263018 0.0220563
frame_120
id: 1225
stamp: 1718924445.199989319
T_odom_lidar: 
   0.123358   -0.992362 -0.00117532    -10.2284
   0.991173    0.123268  -0.0487963     3.62809
  0.0485684  0.00485445    0.998808   0.0392403
          0           0           0           1
T_world_lidar: 
   0.123358   -0.992362 -0.00117532    -10.2284
   0.991173    0.123268  -0.0487963     3.62809
  0.0485684  0.00485445    0.998808   0.0392403
          0           0           0           1
v_world_imu:   0.0179906    0.259065 -0.00815713
frame_121
id: 1226
stamp: 1718924445.300000191
T_odom_lidar: 
   0.125013   -0.992154 -0.00155293    -10.2263
   0.990977    0.124941  -0.0485292     3.65382
  0.0483424  0.00452787    0.998821   0.0379155
          0           0           0           1
T_world_lidar: 
   0.125013   -0.992154 -0.00155293    -10.2263
   0.990977    0.124941  -0.0485292     3.65382
  0.0483424  0.00452787    0.998821   0.0379155
          0           0           0           1
v_world_imu:  0.0158509   0.256638 -0.0105676
frame_122
id: 1227
stamp: 1718924445.400004148
T_odom_lidar: 
    0.122366    -0.992485 -0.000822604      -10.225
    0.991337     0.122265   -0.0479757      3.67922
   0.0477157   0.00505513     0.998848    0.0366269
           0            0            0            1
T_world_lidar: 
    0.122366    -0.992485 -0.000822604      -10.225
    0.991337     0.122265   -0.0479757      3.67922
   0.0477157   0.00505513     0.998848    0.0366269
           0            0            0            1
v_world_imu:  0.0259217   0.250238 -0.0116099
frame_123
id: 1228
stamp: 1718924445.499999285
T_odom_lidar: 
    0.124054    -0.992275 -0.000849481      -10.222
    0.991128     0.123952   -0.0479679      3.70403
   0.0477026   0.00510865     0.998849    0.0354548
           0            0            0            1
T_world_lidar: 
    0.124054    -0.992275 -0.000849481      -10.222
    0.991128     0.123952   -0.0479679      3.70403
   0.0477026   0.00510865     0.998849    0.0354548
           0            0            0            1
v_world_imu:  0.0175156   0.247992 -0.0135304
frame_124
id: 1229
stamp: 1718924445.599992275
T_odom_lidar: 
   0.122548   -0.992462 -0.00104172    -10.2202
   0.991308    0.122456  -0.0480876     3.72883
  0.0478527  0.00486038    0.998843   0.0341756
          0           0           0           1
T_world_lidar: 
   0.122548   -0.992462 -0.00104172    -10.2202
   0.991308    0.122456  -0.0480876     3.72883
  0.0478527  0.00486038    0.998843   0.0341756
          0           0           0           1
v_world_imu:  0.0315897   0.246099 -0.0107905
frame_125
id: 1230
stamp: 1718924445.699970961
T_odom_lidar: 
   0.123891   -0.992294 -0.00187277    -10.2172
   0.991139    0.123837  -0.0480415     3.75337
  0.0479032  0.00409573    0.998844    0.032753
          0           0           0           1
T_world_lidar: 
   0.123891   -0.992294 -0.00187277    -10.2172
   0.991139    0.123837  -0.0480415     3.75337
  0.0479032  0.00409573    0.998844    0.032753
          0           0           0           1
v_world_imu:  0.0228863   0.246664 -0.0120486
frame_126
id: 1231
stamp: 1718924445.799998283
T_odom_lidar: 
  0.124042  -0.992276 -0.0013125   -10.2143
  0.991168   0.123966  -0.047109    3.77821
 0.0469078 0.00454259   0.998889  0.0307584
         0          0          0          1
T_world_lidar: 
  0.124042  -0.992276 -0.0013125   -10.2143
  0.991168   0.123966  -0.047109    3.77821
 0.0469078 0.00454259   0.998889  0.0307584
         0          0          0          1
v_world_imu:  0.0347036   0.251442 -0.0178642
frame_127
id: 1232
stamp: 1718924445.900008917
T_odom_lidar: 
    0.124353    -0.992238 -0.000525314      -10.211
    0.991151     0.124242   -0.0467387       3.8039
   0.0464411   0.00529145     0.998907      0.02919
           0            0            0            1
T_world_lidar: 
    0.124353    -0.992238 -0.000525314      -10.211
    0.991151     0.124242   -0.0467387       3.8039
   0.0464411   0.00529145     0.998907      0.02919
           0            0            0            1
v_world_imu:  0.0259299   0.262506 -0.0166643
frame_128
id: 1233
stamp: 1718924446.099989176
T_odom_lidar: 
  0.124909  -0.992168 0.00095755   -10.2046
  0.991185   0.124742 -0.0446391    3.85704
 0.0441701 0.00652492   0.999003  0.0262904
         0          0          0          1
T_world_lidar: 
  0.124909  -0.992168 0.00095755   -10.2046
  0.991185   0.124742 -0.0446391    3.85704
 0.0441701 0.00652492   0.999003  0.0262904
         0          0          0          1
v_world_imu:   0.0384013    0.274773 -0.00907866
frame_129
id: 1234
stamp: 1718924446.199994087
T_odom_lidar: 
   0.126965   -0.991907 0.000788326    -10.2004
   0.990945    0.126807  -0.0441252     3.88461
  0.0436681  0.00638355    0.999026   0.0263465
          0           0           0           1
T_world_lidar: 
   0.126965   -0.991907 0.000788326    -10.2004
   0.990945    0.126807  -0.0441252     3.88461
  0.0436681  0.00638355    0.999026   0.0263465
          0           0           0           1
v_world_imu:  0.0355407   0.278051 0.00374063
frame_130
id: 1235
stamp: 1718924446.299994230
T_odom_lidar: 
  0.129575  -0.991567 0.00226744   -10.1958
  0.990628   0.129352 -0.0438721    3.91219
 0.0432088 0.00793092   0.999035  0.0267103
         0          0          0          1
T_world_lidar: 
  0.129575  -0.991567 0.00226744   -10.1958
  0.990628   0.129352 -0.0438721    3.91219
 0.0432088 0.00793092   0.999035  0.0267103
         0          0          0          1
v_world_imu: 0.0424986  0.274055 0.0045954
frame_131
id: 1236
stamp: 1718924446.399992228
T_odom_lidar: 
  0.130233   -0.99148 0.00251575   -10.1913
   0.99057   0.130003 -0.0432525    3.93957
  0.042557 0.00812492   0.999061  0.0271032
         0          0          0          1
T_world_lidar: 
  0.130233   -0.99148 0.00251575   -10.1913
   0.99057   0.130003 -0.0432525    3.93957
  0.042557 0.00812492   0.999061  0.0271032
         0          0          0          1
v_world_imu:  0.0447516   0.274325 0.00444121
frame_132
id: 1237
stamp: 1718924446.499992132
T_odom_lidar: 
  0.129966  -0.991514 0.00307115   -10.1867
  0.990644    0.12972 -0.0423855     3.9672
 0.0416274 0.00855108   0.999097  0.0272396
         0          0          0          1
T_world_lidar: 
  0.129966  -0.991514 0.00307115   -10.1867
  0.990644    0.12972 -0.0423855     3.9672
 0.0416274 0.00855108   0.999097  0.0272396
         0          0          0          1
v_world_imu:  0.0459107   0.279082 0.00130777
frame_133
id: 1238
stamp: 1718924446.599991083
T_odom_lidar: 
  0.129981  -0.991509 0.00395426   -10.1822
  0.990668   0.129704 -0.0418755    3.99584
  0.041007 0.00936036   0.999115  0.0270795
         0          0          0          1
T_world_lidar: 
  0.129981  -0.991509 0.00395426   -10.1822
  0.990668   0.129704 -0.0418755    3.99584
  0.041007 0.00936036   0.999115  0.0270795
         0          0          0          1
v_world_imu:    0.047717    0.291089 2.77055e-05
frame_134
id: 1239
stamp: 1718924446.699899197
T_odom_lidar: 
  0.130836  -0.991394 0.00444806   -10.1765
  0.990575   0.130542 -0.0414617    4.02619
 0.0405242 0.00983082    0.99913  0.0258789
         0          0          0          1
T_world_lidar: 
  0.130836  -0.991394 0.00444806   -10.1765
  0.990575   0.130542 -0.0414617    4.02619
 0.0405242 0.00983082    0.99913  0.0258789
         0          0          0          1
v_world_imu:   0.0552726    0.297491 -0.00484145
frame_135
id: 1240
stamp: 1718924446.799983025
T_odom_lidar: 
  0.141198  -0.989972 0.00436999   -10.1676
  0.989181   0.140905 -0.0408157    4.05654
 0.0397906  0.0100858   0.999157  0.0256576
         0          0          0          1
T_world_lidar: 
  0.141198  -0.989972 0.00436999   -10.1676
  0.989181   0.140905 -0.0408157    4.05654
 0.0397906  0.0100858   0.999157  0.0256576
         0          0          0          1
v_world_imu: 0.0703173  0.311238 0.0211966
frame_136
id: 1241
stamp: 1718924446.899998188
T_odom_lidar: 
  0.156082  -0.987743 0.00167021   -10.1561
  0.986939   0.155886 -0.0406422    4.08817
 0.0398836 0.00799191   0.999172  0.0271799
         0          0          0          1
T_world_lidar: 
  0.156082  -0.987743 0.00167021   -10.1561
  0.986939   0.155886 -0.0406422    4.08817
 0.0398836 0.00799191   0.999172  0.0271799
         0          0          0          1
v_world_imu: 0.0911485  0.326118 0.0131466
frame_137
id: 1242
stamp: 1718924446.899999142
T_odom_lidar: 
  0.152249   -0.98834 -0.0022197   -10.1717
   0.98742   0.152204 -0.0428515    4.07556
 0.0426897 0.00433233   0.999079  0.0177901
         0          0          0          1
T_world_lidar: 
  0.152249   -0.98834 -0.0022197   -10.1717
   0.98742   0.152204 -0.0428515    4.07556
 0.0426897 0.00433233   0.999079  0.0177901
         0          0          0          1
v_world_imu: 0.0869619  0.222533 0.0228968
frame_138
id: 1243
stamp: 1718924447.099982023
T_odom_lidar: 
   0.170498   -0.985357 -0.00132406    -10.1513
   0.984461      0.1704  -0.0424414     4.12139
  0.0420456   0.0059327    0.999098   0.0209446
          0           0           0           1
T_world_lidar: 
   0.170498   -0.985357 -0.00132406    -10.1513
   0.984461      0.1704  -0.0424414     4.12139
  0.0420456   0.0059327    0.999098   0.0209446
          0           0           0           1
v_world_imu: 0.0792044  0.230746 0.0170948
frame_139
id: 1244
stamp: 1718924447.199994087
T_odom_lidar: 
   0.177362    -0.98414 -0.00344677    -10.1428
   0.983274    0.177352  -0.0414507     4.14446
  0.0414045  0.00396267    0.999135   0.0230822
          0           0           0           1
T_world_lidar: 
   0.177362    -0.98414 -0.00344677    -10.1428
   0.983274    0.177352  -0.0414507     4.14446
  0.0414045  0.00396267    0.999135   0.0230822
          0           0           0           1
v_world_imu: 0.0582129  0.235658 0.0135842
frame_140
id: 1245
stamp: 1718924447.300006151
T_odom_lidar: 
  0.178201  -0.983991  -0.002524   -10.1371
  0.983097   0.178148 -0.0422335    4.16822
 0.0420071 0.00504472   0.999105  0.0249766
         0          0          0          1
T_world_lidar: 
  0.178201  -0.983991  -0.002524   -10.1371
  0.983097   0.178148 -0.0422335    4.16822
 0.0420071 0.00504472   0.999105  0.0249766
         0          0          0          1
v_world_imu: 0.0456301  0.231431 0.0155071
frame_141
id: 1246
stamp: 1718924447.500004292
T_odom_lidar: 
  0.178406  -0.983957 -0.0004843   -10.1289
  0.983055   0.178264 -0.0427219    4.21546
 0.0421228 0.00714575   0.999087  0.0270671
         0          0          0          1
T_world_lidar: 
  0.178406  -0.983957 -0.0004843   -10.1289
  0.983055   0.178264 -0.0427219    4.21546
 0.0421228 0.00714575   0.999087  0.0270671
         0          0          0          1
v_world_imu: 0.0452285   0.24046 0.0136115
frame_142
id: 1247
stamp: 1718924447.699893236
T_odom_lidar: 
   0.178161   -0.984001 0.000237138    -10.1205
   0.983066    0.177981  -0.0436386     4.26363
  0.0428983   0.0080078    0.999047   0.0287018
          0           0           0           1
T_world_lidar: 
   0.178161   -0.984001 0.000237138    -10.1205
   0.983066    0.177981  -0.0436386     4.26363
  0.0428983   0.0080078    0.999047   0.0287018
          0           0           0           1
v_world_imu:  0.0411445   0.244676 0.00681965
frame_143
id: 1248
stamp: 1718924447.799992085
T_odom_lidar: 
   0.178215   -0.983991 0.000562015    -10.1165
    0.98304    0.178017  -0.0440616     4.28836
  0.0432562  0.00840491    0.999029   0.0295814
          0           0           0           1
T_world_lidar: 
   0.178215   -0.983991 0.000562015    -10.1165
    0.98304    0.178017  -0.0440616     4.28836
  0.0432562  0.00840491    0.999029   0.0295814
          0           0           0           1
v_world_imu:   0.041503   0.247948 0.00945638
frame_144
id: 1249
stamp: 1718924447.900007010
T_odom_lidar: 
   0.177313   -0.984154 0.000609687    -10.1121
   0.983205    0.177115  -0.0440253     4.31341
  0.0432197  0.00840572     0.99903   0.0308365
          0           0           0           1
T_world_lidar: 
   0.177313   -0.984154 0.000609687    -10.1121
   0.983205    0.177115  -0.0440253     4.31341
  0.0432197  0.00840572     0.99903   0.0308365
          0           0           0           1
v_world_imu: 0.0459649  0.247913 0.0117928
frame_145
id: 1250
stamp: 1718924448.099992990
T_odom_lidar: 
  0.178039  -0.984022 0.00164891   -10.1021
    0.9831   0.177799 -0.0436228    4.36289
 0.0426326 0.00938758   0.999047  0.0320931
         0          0          0          1
T_world_lidar: 
  0.178039  -0.984022 0.00164891   -10.1021
    0.9831   0.177799 -0.0436228    4.36289
 0.0426326 0.00938758   0.999047  0.0320931
         0          0          0          1
v_world_imu:  0.034502  0.248636 0.0149868
frame_146
id: 1251
stamp: 1718924448.199988842
T_odom_lidar: 
  0.183377  -0.983041 0.00179606   -10.0986
  0.982201   0.183144 -0.0417146    4.38695
 0.0406782  0.0094136   0.999128  0.0315036
         0          0          0          1
T_world_lidar: 
  0.183377  -0.983041 0.00179606   -10.0986
  0.982201   0.183144 -0.0417146    4.38695
 0.0406782  0.0094136   0.999128  0.0315036
         0          0          0          1
v_world_imu:  0.0183887   0.239565 -0.0108172
frame_147
id: 1252
stamp: 1718924448.300016165
T_odom_lidar: 
   0.189583   -0.981865 0.000103934    -10.0964
   0.981017    0.189415  -0.0415688      4.4116
  0.0407953  0.00798269    0.999136   0.0302766
          0           0           0           1
T_world_lidar: 
   0.189583   -0.981865 0.000103934    -10.0964
   0.981017    0.189415  -0.0415688      4.4116
  0.0407953  0.00798269    0.999136   0.0302766
          0           0           0           1
v_world_imu:  0.0154586   0.249912 -0.0102478
frame_148
id: 1253
stamp: 1718924448.500000954
T_odom_lidar: 
  0.211089  -0.977466 0.00108893   -10.0853
  0.976726   0.210886 -0.0391705    4.46308
 0.0380582 0.00933207   0.999232  0.0225778
         0          0          0          1
T_world_lidar: 
  0.211089  -0.977466 0.00108893   -10.0853
  0.976726   0.210886 -0.0391705    4.46308
 0.0380582 0.00933207   0.999232  0.0225778
         0          0          0          1
v_world_imu:  0.0459925   0.269496 -0.0345951
frame_149
id: 1254
stamp: 1718924448.599987030
T_odom_lidar: 
  0.222326  -0.974971 0.00148619   -10.0782
  0.974322   0.222122 -0.0368455    4.49007
 0.0355932 0.00963974    0.99932  0.0176782
         0          0          0          1
T_world_lidar: 
  0.222326  -0.974971 0.00148619   -10.0782
  0.974322   0.222122 -0.0368455    4.49007
 0.0355932 0.00963974    0.99932  0.0176782
         0          0          0          1
v_world_imu:  0.0514017   0.266418 -0.0415564
frame_150
id: 1255
stamp: 1718924448.699898958
T_odom_lidar: 
  0.238088  -0.971229 0.00538163   -10.0686
  0.970709    0.23777 -0.0344877    4.51647
 0.0322158  0.0134351   0.999391  0.0116987
         0          0          0          1
T_world_lidar: 
  0.238088  -0.971229 0.00538163   -10.0686
  0.970709    0.23777 -0.0344877    4.51647
 0.0322158  0.0134351   0.999391  0.0116987
         0          0          0          1
v_world_imu:  0.0629995   0.270595 -0.0542344
frame_151
id: 1256
stamp: 1718924448.799975872
T_odom_lidar: 
  0.247557  -0.968843 0.00762934   -10.0596
  0.968407   0.247186 -0.0329766    4.54361
 0.0300633  0.0155519   0.999427 0.00634775
         0          0          0          1
T_world_lidar: 
  0.247557  -0.968843 0.00762934   -10.0596
  0.968407   0.247186 -0.0329766    4.54361
 0.0300633  0.0155519   0.999427 0.00634775
         0          0          0          1
v_world_imu:  0.0663982   0.278528 -0.0492897
frame_152
id: 1257
stamp: 1718924448.899996042
T_odom_lidar: 
   0.264391   -0.964388  0.00727797    -10.0494
    0.96403    0.264064  -0.0302767     4.57034
  0.0272766   0.0150211    0.999515 -0.00185439
          0           0           0           1
T_world_lidar: 
   0.264391   -0.964388  0.00727797    -10.0494
    0.96403    0.264064  -0.0302767     4.57034
  0.0272766   0.0150211    0.999515 -0.00185439
          0           0           0           1
v_world_imu:  0.0686137   0.278777 -0.0823697
frame_153
id: 1258
stamp: 1718924448.900007010
T_odom_lidar: 
  0.275926  -0.961136 0.00905534   -10.0216
  0.961054   0.275726 -0.0187083    4.59552
 0.0154844  0.0138648   0.999784  0.0205819
         0          0          0          1
T_world_lidar: 
  0.275926  -0.961136 0.00905534   -10.0216
  0.961054   0.275726 -0.0187083    4.59552
 0.0154844  0.0138648   0.999784  0.0205819
         0          0          0          1
v_world_imu: -0.0395018   0.174562  -0.059869
frame_154
id: 1259
stamp: 1718924449.099978209
T_odom_lidar: 
  0.298775  -0.954116  0.0198989   -10.0233
   0.95426   0.298451 -0.0177323    4.63107
 0.0109798  0.0242867   0.999645 0.00989384
         0          0          0          1
T_world_lidar: 
  0.298775  -0.954116  0.0198989   -10.0233
   0.95426   0.298451 -0.0177323    4.63107
 0.0109798  0.0242867   0.999645 0.00989384
         0          0          0          1
v_world_imu: -0.0329975    0.19387  -0.035865
frame_155
id: 1260
stamp: 1718924449.199976206
T_odom_lidar: 
  0.308074  -0.951151  0.0200599   -10.0242
  0.951312   0.307773 -0.0167518    4.65109
0.00975958   0.024244   0.999658 0.00615044
         0          0          0          1
T_world_lidar: 
  0.308074  -0.951151  0.0200599   -10.0242
  0.951312   0.307773 -0.0167518    4.65109
0.00975958   0.024244   0.999658 0.00615044
         0          0          0          1
v_world_imu: -0.0265127   0.218165 -0.0293553
frame_156
id: 1261
stamp: 1718924449.300002098
T_odom_lidar: 
  0.316719  -0.948356  0.0175824    -10.024
  0.948465   0.316449 -0.0165437    4.67322
 0.0101254   0.021916   0.999709 0.00384561
         0          0          0          1
T_world_lidar: 
  0.316719  -0.948356  0.0175824    -10.024
  0.948465   0.316449 -0.0165437    4.67322
 0.0101254   0.021916   0.999709 0.00384561
         0          0          0          1
v_world_imu: -0.0275928   0.240639 -0.0217094
frame_157
id: 1262
stamp: 1718924449.399997234
T_odom_lidar: 
   0.322044   -0.946565   0.0173713     -10.026
   0.946675    0.321784  -0.0161963     4.69875
 0.00974102   0.0216609    0.999718 0.000505828
          0           0           0           1
T_world_lidar: 
   0.322044   -0.946565   0.0173713     -10.026
   0.946675    0.321784  -0.0161963     4.69875
 0.00974102   0.0216609    0.999718 0.000505828
          0           0           0           1
v_world_imu: -0.0346458   0.273782 -0.0455884
frame_158
id: 1263
stamp: 1718924449.499977350
T_odom_lidar: 
   0.338813   -0.940791   0.0108756    -10.0238
     0.9408    0.338648   -0.014612      4.7269
  0.0100638   0.0151825    0.999834 -0.00339744
          0           0           0           1
T_world_lidar: 
   0.338813   -0.940791   0.0108756    -10.0238
     0.9408    0.338648   -0.014612      4.7269
  0.0100638   0.0151825    0.999834 -0.00339744
          0           0           0           1
v_world_imu: -0.00923828     0.29782  -0.0238944
frame_159
id: 1264
stamp: 1718924449.599975109
T_odom_lidar: 
   0.364027   -0.931376   0.0047591     -10.017
   0.931331    0.363943  -0.0129856      4.7558
  0.0103624  0.00915939    0.999904 -0.00623115
          0           0           0           1
T_world_lidar: 
   0.364027   -0.931376   0.0047591     -10.017
   0.931331    0.363943  -0.0129856      4.7558
  0.0103624  0.00915939    0.999904 -0.00623115
          0           0           0           1
v_world_imu: 0.00254432   0.316127  -0.044486
frame_160
id: 1265
stamp: 1718924449.699971199
T_odom_lidar: 
  0.396174  -0.918159 0.00540597   -10.0068
  0.918131   0.396091 -0.0121198    4.78501
0.00898665 0.00976494   0.999912 -0.0112244
         0          0          0          1
T_world_lidar: 
  0.396174  -0.918159 0.00540597   -10.0068
  0.918131   0.396091 -0.0121198    4.78501
0.00898665 0.00976494   0.999912 -0.0112244
         0          0          0          1
v_world_imu:  0.0503815   0.308441 -0.0750456
frame_161
id: 1266
stamp: 1718924449.799957991
T_odom_lidar: 
   0.452827    -0.89155  0.00925521    -9.97829
   0.891597    0.452818 -0.00318076     4.81215
-0.00135511  0.00969226    0.999952   -0.021497
          0           0           0           1
T_world_lidar: 
   0.452827    -0.89155  0.00925521    -9.97829
   0.891597    0.452818 -0.00318076     4.81215
-0.00135511  0.00969226    0.999952   -0.021497
          0           0           0           1
v_world_imu:   0.246293   0.309442 -0.0873492
frame_162
id: 1267
stamp: 1718924449.900031805
T_odom_lidar: 
  0.488395  -0.872537  0.0122504   -9.94345
   0.87261   0.488265 -0.0122086    4.84015
0.00467102  0.0166525    0.99985 -0.0180517
         0          0          0          1
T_world_lidar: 
  0.488395  -0.872537  0.0122504   -9.94345
   0.87261   0.488265 -0.0122086    4.84015
0.00467102  0.0166525    0.99985 -0.0180517
         0          0          0          1
v_world_imu:  0.235005  0.289339 0.0389024
frame_163
id: 1268
stamp: 1718924450.099999905
T_odom_lidar: 
    0.589545    -0.807327    0.0257038      -9.8744
    0.807736      0.58927   -0.0180027      4.88742
-0.000612418    0.0313752     0.999507  -0.00916116
           0            0            0            1
T_world_lidar: 
    0.589545    -0.807327    0.0257038      -9.8744
    0.807736      0.58927   -0.0180027      4.88742
-0.000612418    0.0313752     0.999507  -0.00916116
           0            0            0            1
v_world_imu:  0.192699  0.328332 0.0265566
frame_164
id: 1269
stamp: 1718924450.199902058
T_odom_lidar: 
   0.634069   -0.773192   0.0114379    -9.84744
   0.773243    0.633834  -0.0187173     4.91492
 0.00722238   0.0207123    0.999759 -0.00622618
          0           0           0           1
T_world_lidar: 
   0.634069   -0.773192   0.0114379    -9.84744
   0.773243    0.633834  -0.0187173     4.91492
 0.00722238   0.0207123    0.999759 -0.00622618
          0           0           0           1
v_world_imu:  0.0787096   0.369663 0.00656053
frame_165
id: 1270
stamp: 1718924450.300001144
T_odom_lidar: 
    0.675267    -0.737574  9.13602e-05     -9.83188
    0.737494     0.675191   -0.0148166      4.94511
   0.0108666    0.0100725      0.99989 -0.000759289
           0            0            0            1
T_world_lidar: 
    0.675267    -0.737574  9.13602e-05     -9.83188
    0.737494     0.675191   -0.0148166      4.94511
   0.0108666    0.0100725      0.99989 -0.000759289
           0            0            0            1
v_world_imu: 0.043987 0.350994 0.087322
frame_166
id: 1271
stamp: 1718924450.399982214
T_odom_lidar: 
   0.727978   -0.685582 -0.00509464    -9.81138
   0.685551    0.727995 -0.00661882     4.96914
 0.00824661  0.00132572    0.999965  0.00375235
          0           0           0           1
T_world_lidar: 
   0.727978   -0.685582 -0.00509464    -9.81138
   0.685551    0.727995 -0.00661882     4.96914
 0.00824661  0.00132572    0.999965  0.00375235
          0           0           0           1
v_world_imu:   0.0738766    0.377539 -0.00242785
frame_167
id: 1272
stamp: 1718924450.499990225
T_odom_lidar: 
  0.760377  -0.649331 -0.0139788    -9.7921
  0.649414   0.760432 0.00201034    4.99839
0.00932454 -0.0106066     0.9999  0.0046278
         0          0          0          1
T_world_lidar: 
  0.760377  -0.649331 -0.0139788    -9.7921
  0.649414   0.760432 0.00201034    4.99839
0.00932454 -0.0106066     0.9999  0.0046278
         0          0          0          1
v_world_imu:    0.136296    0.347963 -0.00851506
frame_168
id: 1273
stamp: 1718924450.599970818
T_odom_lidar: 
    0.79118    -0.61158  0.00224412    -9.76124
    0.61158    0.791182 0.000676175     5.01865
-0.00218905 0.000837486    0.999997 -0.00113394
          0           0           0           1
T_world_lidar: 
    0.79118    -0.61158  0.00224412    -9.76124
    0.61158    0.791182 0.000676175     5.01865
-0.00218905 0.000837486    0.999997 -0.00113394
          0           0           0           1
v_world_imu:    0.30839   0.220074 -0.0616249
frame_169
id: 1274
stamp: 1718924450.699942350
T_odom_lidar: 
   0.812264   -0.583289  0.00115357     -9.7281
   0.583287    0.812253 -0.00461375     5.03957
 0.00175415  0.00442044    0.999989  0.00340448
          0           0           0           1
T_world_lidar: 
   0.812264   -0.583289  0.00115357     -9.7281
   0.583287    0.812253 -0.00461375     5.03957
 0.00175415  0.00442044    0.999989  0.00340448
          0           0           0           1
v_world_imu:  0.212526  0.328994 0.0582585
frame_170
id: 1275
stamp: 1718924450.799998999
T_odom_lidar: 
   0.834654   -0.550726 -0.00729495     -9.7019
   0.550757     0.83466  0.00308215     5.06401
 0.00439138 -0.00659027    0.999969  0.00901623
          0           0           0           1
T_world_lidar: 
   0.834654   -0.550726 -0.00729495     -9.7019
   0.550757     0.83466  0.00308215     5.06401
 0.00439138 -0.00659027    0.999969  0.00901623
          0           0           0           1
v_world_imu:  0.185422  0.318605 0.0442648
frame_171
id: 1276
stamp: 1718924450.899971008
T_odom_lidar: 
   0.854335   -0.519654 -0.00848764    -9.67864
   0.519692    0.854349  0.00296876     5.09018
 0.00570868 -0.00694728     0.99996   0.0141853
          0           0           0           1
T_world_lidar: 
   0.854335   -0.519654 -0.00848764    -9.67864
   0.519692    0.854349  0.00296876     5.09018
 0.00570868 -0.00694728     0.99996   0.0141853
          0           0           0           1
v_world_imu:  0.165582   0.36053 0.0434657
frame_172
id: 1277
stamp: 1718924450.900032043
T_odom_lidar: 
   0.855004   -0.518579 -0.00659181    -9.64566
   0.518517    0.855018 -0.00914522     5.05831
  0.0103786  0.00440123    0.999936 -0.00316853
          0           0           0           1
T_world_lidar: 
   0.855004   -0.518579 -0.00659181    -9.64566
   0.518517    0.855018 -0.00914522     5.05831
  0.0103786  0.00440123    0.999936 -0.00316853
          0           0           0           1
v_world_imu:  0.173667  0.164329 0.0574825
frame_173
id: 1278
stamp: 1718924451.099961042
T_odom_lidar: 
    0.86636   -0.499393 -0.00515099    -9.60349
   0.499147    0.866183  -0.0240826     5.08738
  0.0164884   0.0182931    0.999697  0.00415983
          0           0           0           1
T_world_lidar: 
    0.86636   -0.499393 -0.00515099    -9.60349
   0.499147    0.866183  -0.0240826     5.08738
  0.0164884   0.0182931    0.999697  0.00415983
          0           0           0           1
v_world_imu:  0.218841  0.169746 0.0208772
frame_174
id: 1279
stamp: 1718924451.199990034
T_odom_lidar: 
   0.873797   -0.486262 -0.00540981    -9.58013
   0.486009    0.873614  -0.0243496     5.10268
  0.0165663   0.0186473    0.999689  0.00674349
          0           0           0           1
T_world_lidar: 
   0.873797   -0.486262 -0.00540981    -9.58013
   0.486009    0.873614  -0.0243496     5.10268
  0.0165663   0.0186473    0.999689  0.00674349
          0           0           0           1
v_world_imu:  0.199516  0.210051 0.0416999
frame_175
id: 1280
stamp: 1718924451.299983978
T_odom_lidar: 
   0.875111   -0.483887 -0.00579775    -9.56003
   0.483612    0.874918  -0.0252666     5.12383
  0.0172987   0.0193072    0.999664    0.010858
          0           0           0           1
T_world_lidar: 
   0.875111   -0.483887 -0.00579775    -9.56003
   0.483612    0.874918  -0.0252666     5.12383
  0.0172987   0.0193072    0.999664    0.010858
          0           0           0           1
v_world_imu:   0.20838  0.211245 0.0327447
frame_176
id: 1281
stamp: 1718924451.399985075
T_odom_lidar: 
   0.880213   -0.474535 -0.00644588    -9.53677
    0.47431    0.880091  -0.0216623     5.14271
  0.0159525   0.0160101    0.999745   0.0136939
          0           0           0           1
T_world_lidar: 
   0.880213   -0.474535 -0.00644588    -9.53677
    0.47431    0.880091  -0.0216623     5.14271
  0.0159525   0.0160101    0.999745   0.0136939
          0           0           0           1
v_world_imu:   0.22166  0.216212 0.0327682
frame_177
id: 1282
stamp: 1718924451.499987125
T_odom_lidar: 
   0.883943   -0.467532 -0.00767619    -9.51317
   0.467373     0.88391  -0.0162964     5.16271
  0.0144041   0.0108174    0.999838   0.0164839
          0           0           0           1
T_world_lidar: 
   0.883943   -0.467532 -0.00767619    -9.51317
   0.467373     0.88391  -0.0162964     5.16271
  0.0144041   0.0108174    0.999838   0.0164839
          0           0           0           1
v_world_imu:  0.231056  0.212482 0.0341097
frame_178
id: 1283
stamp: 1718924451.599984884
T_odom_lidar: 
   0.892492   -0.450959 -0.00972594    -9.48743
   0.450857    0.892528  -0.0110398     5.17968
  0.0136592  0.00546794    0.999892   0.0195791
          0           0           0           1
T_world_lidar: 
   0.892492   -0.450959 -0.00972594    -9.48743
   0.450857    0.892528  -0.0110398     5.17968
  0.0136592  0.00546794    0.999892   0.0195791
          0           0           0           1
v_world_imu:  0.236078  0.211677 0.0420981
frame_179
id: 1284
stamp: 1718924451.700011015
T_odom_lidar: 
  0.896691   -0.44259 -0.0077075   -9.46068
  0.442427   0.896651 -0.0165925    5.19825
 0.0142546  0.0114683   0.999833  0.0238998
         0          0          0          1
T_world_lidar: 
  0.896691   -0.44259 -0.0077075   -9.46068
  0.442427   0.896651 -0.0165925    5.19825
 0.0142546  0.0114683   0.999833  0.0238998
         0          0          0          1
v_world_imu:  0.275583  0.189192 0.0256157
frame_180
id: 1285
stamp: 1718924451.799972057
T_odom_lidar: 
   0.912741   -0.408524 -0.00355158    -9.42544
   0.408375    0.912585  -0.0204779     5.20629
  0.0116068   0.0172406    0.999784   0.0216861
          0           0           0           1
T_world_lidar: 
   0.912741   -0.408524 -0.00355158    -9.42544
   0.408375    0.912585  -0.0204779     5.20629
  0.0116068   0.0172406    0.999784   0.0216861
          0           0           0           1
v_world_imu:   0.324143   0.144862 -0.0703443
frame_181
id: 1286
stamp: 1718924451.900024891
T_odom_lidar: 
    0.93461    -0.35567 -0.00193408    -9.38277
   0.355584    0.934479  -0.0175548     5.20503
 0.00805106   0.0157191    0.999844   0.0107363
          0           0           0           1
T_world_lidar: 
    0.93461    -0.35567 -0.00193408    -9.38277
   0.355584    0.934479  -0.0175548     5.20503
 0.00805106   0.0157191    0.999844   0.0107363
          0           0           0           1
v_world_imu:   0.395206   0.114431 -0.0154573
frame_182
id: 1287
stamp: 1718924452.099965811
T_odom_lidar: 
  0.963896  -0.265815 -0.0156838    -9.3093
  0.265637   0.963991 -0.0125983    5.21231
 0.0184678 0.00797727   0.999798  0.0120161
         0          0          0          1
T_world_lidar: 
  0.963896  -0.265815 -0.0156838    -9.3093
  0.265637   0.963991 -0.0125983    5.21231
 0.0184678 0.00797727   0.999798  0.0120161
         0          0          0          1
v_world_imu:   0.289855   0.164523 -0.0234872
frame_183
id: 1288
stamp: 1718924452.199995995
T_odom_lidar: 
  0.967267  -0.253178 -0.0171872   -9.27839
  0.252902   0.967347  -0.016735    5.22601
  0.020863  0.0118405   0.999712  0.0110022
         0          0          0          1
T_world_lidar: 
  0.967267  -0.253178 -0.0171872   -9.27839
  0.252902   0.967347  -0.016735    5.22601
  0.020863  0.0118405   0.999712  0.0110022
         0          0          0          1
v_world_imu:    0.30306   0.171036 -0.0126308
frame_184
id: 1289
stamp: 1718924452.299989939
T_odom_lidar: 
  0.970947  -0.238669 -0.0173158   -9.24678
   0.23829   0.970958 -0.0214159    5.24009
 0.0219242  0.0166675   0.999621 0.00959644
         0          0          0          1
T_world_lidar: 
  0.970947  -0.238669 -0.0173158   -9.24678
   0.23829   0.970958 -0.0214159    5.24009
 0.0219242  0.0166675   0.999621 0.00959644
         0          0          0          1
v_world_imu:   0.302422   0.184162 -0.0116394
frame_185
id: 1290
stamp: 1718924452.399984837
T_odom_lidar: 
  0.973291   -0.22894 -0.0170533   -9.21561
  0.228555   0.973285 -0.0218821    5.25577
 0.0216074  0.0174001   0.999615  0.0077811
         0          0          0          1
T_world_lidar: 
  0.973291   -0.22894 -0.0170533   -9.21561
  0.228555   0.973285 -0.0218821    5.25577
 0.0216074  0.0174001   0.999615  0.0077811
         0          0          0          1
v_world_imu:  0.302736   0.18669 -0.020723
frame_186
id: 1291
stamp: 1718924452.499960899
T_odom_lidar: 
  0.975199  -0.220592 -0.0180757   -9.18494
  0.220313   0.975294 -0.0162119    5.27328
 0.0212054  0.0118275   0.999705 0.00601308
         0          0          0          1
T_world_lidar: 
  0.975199  -0.220592 -0.0180757   -9.18494
  0.220313   0.975294 -0.0162119    5.27328
 0.0212054  0.0118275   0.999705 0.00601308
         0          0          0          1
v_world_imu:   0.295366   0.199139 -0.0175281
frame_187
id: 1292
stamp: 1718924452.599988937
T_odom_lidar: 
    0.978543    -0.205265   -0.0178982     -9.15462
    0.205117     0.978689  -0.00978129      5.28909
   0.0195245   0.00590018     0.999792 -0.000174127
           0            0            0            1
T_world_lidar: 
    0.978543    -0.205265   -0.0178982     -9.15462
    0.205117     0.978689  -0.00978129      5.28909
   0.0195245   0.00590018     0.999792 -0.000174127
           0            0            0            1
v_world_imu:   0.293827   0.191244 -0.0523642
frame_188
id: 1293
stamp: 1718924452.699891329
T_odom_lidar: 
   0.979146   -0.202293   -0.018738    -9.12442
   0.202141    0.979308 -0.00971221     5.30765
   0.020315  0.00572195    0.999777  -0.0108672
          0           0           0           1
T_world_lidar: 
   0.979146   -0.202293   -0.018738    -9.12442
   0.202141    0.979308 -0.00971221     5.30765
   0.020315  0.00572195    0.999777  -0.0108672
          0           0           0           1
v_world_imu:   0.321944   0.188642 -0.0557196
frame_189
id: 1294
stamp: 1718924452.700006962
T_odom_lidar: 
   0.978161   -0.206528  -0.0233924    -9.11205
   0.206369    0.978432 -0.00906282     5.29343
  0.0247596  0.00403744    0.999685   -0.099546
          0           0           0           1
T_world_lidar: 
   0.978161   -0.206528  -0.0233924    -9.11205
   0.206369    0.978432 -0.00906282     5.29343
  0.0247596  0.00403744    0.999685   -0.099546
          0           0           0           1
v_world_imu:  0.252953 0.0451451  0.136457
frame_190
id: 1295
stamp: 1718924452.900017262
T_odom_lidar: 
   0.97988  -0.198061 -0.0246548   -9.05701
   0.19779   0.980158 -0.0129866    5.30115
 0.0267378 0.00784881   0.999612 -0.0753727
         0          0          0          1
T_world_lidar: 
   0.97988  -0.198061 -0.0246548   -9.05701
   0.19779   0.980158 -0.0129866    5.30115
 0.0267378 0.00784881   0.999612 -0.0753727
         0          0          0          1
v_world_imu:  0.282919 0.0471769  0.112203
frame_191
id: 1296
stamp: 1718924453.099988222
T_odom_lidar: 
  0.981217  -0.191086 -0.0264328   -8.99937
  0.190771   0.981535 -0.0140027    5.30984
 0.0286204 0.00869704   0.999553 -0.0514661
         0          0          0          1
T_world_lidar: 
  0.981217  -0.191086 -0.0264328   -8.99937
  0.190771   0.981535 -0.0140027    5.30984
 0.0286204 0.00869704   0.999553 -0.0514661
         0          0          0          1
v_world_imu:  0.290955 0.0546648  0.118182
frame_192
id: 1297
stamp: 1718924453.199993134
T_odom_lidar: 
    0.9816  -0.189029 -0.0269947   -8.96936
  0.188677   0.981924 -0.0150592    5.31497
 0.0293533 0.00968881   0.999522 -0.0381699
         0          0          0          1
T_world_lidar: 
    0.9816  -0.189029 -0.0269947   -8.96936
  0.188677   0.981924 -0.0150592    5.31497
 0.0293533 0.00968881   0.999522 -0.0381699
         0          0          0          1
v_world_imu:  0.304563 0.0556461  0.153825
frame_193
id: 1298
stamp: 1718924453.299993277
T_odom_lidar: 
  0.982009  -0.186812 -0.0275474   -8.93815
  0.186438   0.982343 -0.0155864    5.31957
 0.0299727  0.0101701   0.999499 -0.0217299
         0          0          0          1
T_world_lidar: 
  0.982009  -0.186812 -0.0275474   -8.93815
  0.186438   0.982343 -0.0155864    5.31957
 0.0299727  0.0101701   0.999499 -0.0217299
         0          0          0          1
v_world_imu:  0.312961 0.0469529  0.166639
frame_194
id: 1299
stamp: 1718924453.399990320
T_odom_lidar: 
   0.982342   -0.185033  -0.0276875    -8.90657
   0.184685    0.982688  -0.0146593     5.32451
  0.0299207  0.00928697    0.999509 -0.00711685
          0           0           0           1
T_world_lidar: 
   0.982342   -0.185033  -0.0276875    -8.90657
   0.184685    0.982688  -0.0146593     5.32451
  0.0299207  0.00928697    0.999509 -0.00711685
          0           0           0           1
v_world_imu: 0.312734  0.06012 0.143435
frame_195
id: 1300
stamp: 1718924453.499997139
T_odom_lidar: 
  0.982581  -0.183537 -0.0291313    -8.8752
  0.183193   0.982976 -0.0141018    5.33053
 0.0312236 0.00851947   0.999476 0.00722947
         0          0          0          1
T_world_lidar: 
  0.982581  -0.183537 -0.0291313    -8.8752
  0.183193   0.982976 -0.0141018    5.33053
 0.0312236 0.00851947   0.999476 0.00722947
         0          0          0          1
v_world_imu:  0.315054 0.0621691  0.135921
frame_196
id: 1301
stamp: 1718924453.599992275
T_odom_lidar: 
  0.982891  -0.181781 -0.0296866   -8.84328
  0.181433   0.983303 -0.0140168     5.3361
 0.0317389 0.00839084   0.999461   0.021195
         0          0          0          1
T_world_lidar: 
  0.982891  -0.181781 -0.0296866   -8.84328
  0.181433   0.983303 -0.0140168     5.3361
 0.0317389 0.00839084   0.999461   0.021195
         0          0          0          1
v_world_imu:  0.319674 0.0597514  0.139828
frame_197
id: 1302
stamp: 1718924453.699912071
T_odom_lidar: 
  0.983566  -0.178007 -0.0301969   -8.81059
  0.177645   0.983991 -0.0143072    5.34142
 0.0322602 0.00870771   0.999442  0.0352214
         0          0          0          1
T_world_lidar: 
  0.983566  -0.178007 -0.0301969   -8.81059
  0.177645   0.983991 -0.0143072    5.34142
 0.0322602 0.00870771   0.999442  0.0352214
         0          0          0          1
v_world_imu:  0.325213 0.0625844  0.142998
frame_198
id: 1303
stamp: 1718924453.799981117
T_odom_lidar: 
  0.984583  -0.172006 -0.0317719   -8.77778
  0.171693   0.985073 -0.0123641    5.34654
 0.0334244 0.00671851   0.999419  0.0499277
         0          0          0          1
T_world_lidar: 
  0.984583  -0.172006 -0.0317719   -8.77778
  0.171693   0.985073 -0.0123641    5.34654
 0.0334244 0.00671851   0.999419  0.0499277
         0          0          0          1
v_world_imu:  0.322304 0.0682784  0.142354
frame_199
id: 1304
stamp: 1718924453.900033236
T_odom_lidar: 
   0.986948   -0.157807  -0.0320998    -8.74512
   0.157729     0.98747  -0.0049553     5.34924
  0.0324795 -0.00017245    0.999472   0.0637322
          0           0           0           1
T_world_lidar: 
   0.986948   -0.157807  -0.0320998    -8.74512
   0.157729     0.98747  -0.0049553     5.34924
  0.0324795 -0.00017245    0.999472   0.0637322
          0           0           0           1
v_world_imu:   0.30731 0.0426616  0.155124
frame_200
id: 1305
stamp: 1718924454.099956036
T_odom_lidar: 
   0.995022  -0.0951677  -0.0295615    -8.68196
  0.0952441    0.995453  0.00118524     5.34304
  0.0293142 -0.00399489    0.999562    0.096122
          0           0           0           1
T_world_lidar: 
   0.995022  -0.0951677  -0.0295615    -8.68196
  0.0952441    0.995453  0.00118524     5.34304
  0.0293142 -0.00399489    0.999562    0.096122
          0           0           0           1
v_world_imu:   0.292026 0.00594242   0.162404
frame_201
id: 1306
stamp: 1718924454.199983120
T_odom_lidar: 
   0.999221   -0.039057 -0.00561905    -8.64734
  0.0388701    0.998787  -0.0302213     5.32756
 0.00679259   0.0299793    0.999527   0.0930201
          0           0           0           1
T_world_lidar: 
   0.999221   -0.039057 -0.00561905    -8.64734
  0.0388701    0.998787  -0.0302213     5.32756
 0.00679259   0.0299793    0.999527   0.0930201
          0           0           0           1
v_world_imu:    0.333569 -0.00130794   -0.158712
frame_202
id: 1307
stamp: 1718924454.299981117
T_odom_lidar: 
  0.999775 -0.0140212 -0.0159274   -8.61282
 0.0134586     0.9993  -0.034898    5.32336
 0.0164056  0.0346758   0.999264  0.0887916
         0          0          0          1
T_world_lidar: 
  0.999775 -0.0140212 -0.0159274   -8.61282
 0.0134586     0.9993  -0.034898    5.32336
 0.0164056  0.0346758   0.999264  0.0887916
         0          0          0          1
v_world_imu:   0.297283   0.032002 -0.0368172
frame_203
id: 1308
stamp: 1718924454.399997234
T_odom_lidar: 
   0.999772 0.000543741  -0.0213259    -8.58424
-0.00127034    0.999419  -0.0340723     5.32257
   0.021295   0.0340916    0.999192    0.083486
          0           0           0           1
T_world_lidar: 
   0.999772 0.000543741  -0.0213259    -8.58424
-0.00127034    0.999419  -0.0340723     5.32257
   0.021295   0.0340916    0.999192    0.083486
          0           0           0           1
v_world_imu:   0.273313  0.0469981 -0.0908823
frame_204
id: 1309
stamp: 1718924454.499997139
T_odom_lidar: 
   0.999729  0.00264709  -0.0231221    -8.55719
-0.00335218    0.999529  -0.0305091     5.32856
  0.0230305   0.0305784    0.999267   0.0752437
          0           0           0           1
T_world_lidar: 
   0.999729  0.00264709  -0.0231221    -8.55719
-0.00335218    0.999529  -0.0305091     5.32856
  0.0230305   0.0305784    0.999267   0.0752437
          0           0           0           1
v_world_imu:   0.271075  0.0666605 -0.0863901
frame_205
id: 1310
stamp: 1718924454.599998236
T_odom_lidar: 
    0.99967  0.00244394   -0.025557    -8.53022
-0.00309445    0.999671  -0.0254452     5.33494
  0.0254864   0.0255159    0.999349    0.067323
          0           0           0           1
T_world_lidar: 
    0.99967  0.00244394   -0.025557    -8.53022
-0.00309445    0.999671  -0.0254452     5.33494
  0.0254864   0.0255159    0.999349    0.067323
          0           0           0           1
v_world_imu:    0.26887  0.0542117 -0.0909893
frame_206
id: 1311
stamp: 1718924454.699896097
T_odom_lidar: 
   0.999631  0.00557542  -0.0265722    -8.50297
-0.00615905     0.99974  -0.0219331     5.33853
   0.026443   0.0220886    0.999406   0.0590992
          0           0           0           1
T_world_lidar: 
   0.999631  0.00557542  -0.0265722    -8.50297
-0.00615905     0.99974  -0.0219331     5.33853
   0.026443   0.0220886    0.999406   0.0590992
          0           0           0           1
v_world_imu:   0.274754  0.0357568 -0.0790587
frame_207
id: 1312
stamp: 1718924454.800000191
T_odom_lidar: 
   0.999646  0.00417264  -0.0262777    -8.47487
-0.00469844    0.999789  -0.0199798     5.34163
  0.0261888   0.0200961    0.999455   0.0520245
          0           0           0           1
T_world_lidar: 
   0.999646  0.00417264  -0.0262777    -8.47487
-0.00469844    0.999789  -0.0199798     5.34163
  0.0261888   0.0200961    0.999455   0.0520245
          0           0           0           1
v_world_imu:   0.288133  0.0152677 -0.0509909
frame_208
id: 1313
stamp: 1718924454.900016069
T_odom_lidar: 
    0.99967  0.00164052  -0.0256318    -8.44518
-0.00215189    0.999799  -0.0199359     5.34236
  0.0255939   0.0199844    0.999473     0.04772
          0           0           0           1
T_world_lidar: 
    0.99967  0.00164052  -0.0256318    -8.44518
-0.00215189    0.999799  -0.0199359     5.34236
  0.0255939   0.0199844    0.999473     0.04772
          0           0           0           1
v_world_imu:    0.291953 -0.00412618  -0.0386411
frame_209
id: 1314
stamp: 1718924455.099997044
T_odom_lidar: 
   0.999782 -0.00369514  -0.0205611    -8.38536
 0.00331348    0.999822  -0.0185654      5.3411
  0.0206261   0.0184933    0.999616   0.0405759
          0           0           0           1
T_world_lidar: 
   0.999782 -0.00369514  -0.0205611    -8.38536
 0.00331348    0.999822  -0.0185654      5.3411
  0.0206261   0.0184933    0.999616   0.0405759
          0           0           0           1
v_world_imu:   0.300468 -0.0174743 -0.0291452
frame_210
id: 1315
stamp: 1718924455.199997187
T_odom_lidar: 
   0.999803 -0.00430815  -0.0193972    -8.35528
 0.00395002    0.999822  -0.0184636     5.33955
  0.0194733   0.0183833    0.999641   0.0369098
          0           0           0           1
T_world_lidar: 
   0.999803 -0.00430815  -0.0193972    -8.35528
 0.00395002    0.999822  -0.0184636     5.33955
  0.0194733   0.0183833    0.999641   0.0369098
          0           0           0           1
v_world_imu:   0.299499  -0.016797 -0.0528614
frame_211
id: 1316
stamp: 1718924455.299993038
T_odom_lidar: 
   0.999807 -0.00409362  -0.0192256    -8.32481
 0.00374509    0.999829  -0.0181295     5.33715
  0.0192965    0.018054    0.999651   0.0319582
          0           0           0           1
T_world_lidar: 
   0.999807 -0.00409362  -0.0192256    -8.32481
 0.00374509    0.999829  -0.0181295     5.33715
  0.0192965    0.018054    0.999651   0.0319582
          0           0           0           1
v_world_imu:   0.301607 -0.0103711 -0.0469734
frame_212
id: 1317
stamp: 1718924455.399982214
T_odom_lidar: 
   0.999811 -0.00424861  -0.0189824    -8.29448
 0.00392032    0.999843  -0.0172984     5.33623
  0.0190529   0.0172207     0.99967    0.028387
          0           0           0           1
T_world_lidar: 
   0.999811 -0.00424861  -0.0189824    -8.29448
 0.00392032    0.999843  -0.0172984     5.33623
  0.0190529   0.0172207     0.99967    0.028387
          0           0           0           1
v_world_imu:   0.303952 -0.0114757 -0.0273944
frame_213
id: 1318
stamp: 1718924455.499989033
T_odom_lidar: 
   0.999809 -0.00429521  -0.0190479    -8.26454
 0.00398946    0.999863  -0.0160608     5.33534
  0.0191143   0.0159818     0.99969   0.0259927
          0           0           0           1
T_world_lidar: 
   0.999809 -0.00429521  -0.0190479    -8.26454
 0.00398946    0.999863  -0.0160608     5.33534
  0.0191143   0.0159818     0.99969   0.0259927
          0           0           0           1
v_world_imu:    0.299649 -0.00333965  -0.0223213
frame_214
id: 1319
stamp: 1718924455.599989176
T_odom_lidar: 
   0.999801 -0.00401281   -0.019549     -8.2348
 0.00371998    0.999881  -0.0149924     5.33461
  0.0196068   0.0149167    0.999696   0.0232408
          0           0           0           1
T_world_lidar: 
   0.999801 -0.00401281   -0.019549     -8.2348
 0.00371998    0.999881  -0.0149924     5.33461
  0.0196068   0.0149167    0.999696   0.0232408
          0           0           0           1
v_world_imu:   0.294333 -0.0122443 -0.0294815
frame_215
id: 1320
stamp: 1718924455.699976921
T_odom_lidar: 
   0.999802 -0.00376472  -0.0195499    -8.20539
 0.00347974    0.999887  -0.0145907     5.33346
  0.0196026   0.0145198    0.999702   0.0203311
          0           0           0           1
T_world_lidar: 
   0.999802 -0.00376472  -0.0195499    -8.20539
 0.00347974    0.999887  -0.0145907     5.33346
  0.0196026   0.0145198    0.999702   0.0203311
          0           0           0           1
v_world_imu:    0.295931 -0.00777785  -0.0263116
frame_216
id: 1321
stamp: 1718924455.799990177
T_odom_lidar: 
   0.999793 -0.00425091  -0.0198827    -8.17666
  0.0039576    0.999883  -0.0147683     5.33289
  0.0199432   0.0146865    0.999693   0.0180746
          0           0           0           1
T_world_lidar: 
   0.999793 -0.00425091  -0.0198827    -8.17666
  0.0039576    0.999883  -0.0147683     5.33289
  0.0199432   0.0146865    0.999693   0.0180746
          0           0           0           1
v_world_imu:    0.284593 -0.00251483  -0.0229761
frame_217
id: 1322
stamp: 1718924455.900020838
T_odom_lidar: 
   0.999782 -0.00514198  -0.0202277    -8.14855
 0.00484434     0.99988   -0.014736     5.33257
  0.0203011   0.0146348    0.999687   0.0161701
          0           0           0           1
T_world_lidar: 
   0.999782 -0.00514198  -0.0202277    -8.14855
 0.00484434     0.99988   -0.014736     5.33257
  0.0203011   0.0146348    0.999687   0.0161701
          0           0           0           1
v_world_imu:    0.282086 -0.00761179  -0.0157746
frame_218
id: 1323
stamp: 1718924456.099982977
T_odom_lidar: 
   0.999786 -0.00572805  -0.0198551    -8.09164
 0.00544497    0.999883   -0.014282     5.33208
  0.0199346   0.0141708    0.999701   0.0163144
          0           0           0           1
T_world_lidar: 
   0.999786 -0.00572805  -0.0198551    -8.09164
 0.00544497    0.999883   -0.014282     5.33208
  0.0199346   0.0141708    0.999701   0.0163144
          0           0           0           1
v_world_imu:   0.281602 0.00194115 0.00771719
frame_219
id: 1324
stamp: 1718924456.199995995
T_odom_lidar: 
    0.99978 -0.00585894   -0.020148    -8.06398
 0.00556633    0.999879  -0.0145485     5.33196
  0.0202308   0.0144331    0.999691   0.0166534
          0           0           0           1
T_world_lidar: 
    0.99978 -0.00585894   -0.020148    -8.06398
 0.00556633    0.999879  -0.0145485     5.33196
  0.0202308   0.0144331    0.999691   0.0166534
          0           0           0           1
v_world_imu:    0.274903 -0.00657348  0.00145544
frame_220
id: 1325
stamp: 1718924456.299983978
T_odom_lidar: 
   0.999791 -0.00457176   -0.019917    -8.03655
   0.004278    0.999882  -0.0147672     5.33116
  0.0199822   0.0146789    0.999693    0.016763
          0           0           0           1
T_world_lidar: 
   0.999791 -0.00457176   -0.019917    -8.03655
   0.004278    0.999882  -0.0147672     5.33116
  0.0199822   0.0146789    0.999693    0.016763
          0           0           0           1
v_world_imu:    0.275341 0.000995138  0.00280813
frame_221
id: 1326
stamp: 1718924456.399994135
T_odom_lidar: 
   0.999798 -0.00447788   -0.019569    -8.00884
  0.0041837    0.999878  -0.0150481     5.33091
   0.019634   0.0149632    0.999695   0.0174921
          0           0           0           1
T_world_lidar: 
   0.999798 -0.00447788   -0.019569    -8.00884
  0.0041837    0.999878  -0.0150481     5.33091
   0.019634   0.0149632    0.999695   0.0174921
          0           0           0           1
v_world_imu:    0.278017 -0.00283436   0.0125006
frame_222
id: 1327
stamp: 1718924456.499983072
T_odom_lidar: 
   0.999797 -0.00424605  -0.0196824    -7.98099
 0.00393532    0.999867  -0.0157995     5.33032
  0.0197469   0.0157188    0.999681   0.0188995
          0           0           0           1
T_world_lidar: 
   0.999797 -0.00424605  -0.0196824    -7.98099
 0.00393532    0.999867  -0.0157995     5.33032
  0.0197469   0.0157188    0.999681   0.0188995
          0           0           0           1
v_world_imu:    0.279007 -0.00510737   0.0160969
frame_223
id: 1328
stamp: 1718924456.599987030
T_odom_lidar: 
    0.99981 -0.00526091  -0.0187839    -7.95269
 0.00493422    0.999837  -0.0173961     5.32948
  0.0188723   0.0173002    0.999672   0.0209957
          0           0           0           1
T_world_lidar: 
    0.99981 -0.00526091  -0.0187839    -7.95269
 0.00493422    0.999837  -0.0173961     5.32948
  0.0188723   0.0173002    0.999672   0.0209957
          0           0           0           1
v_world_imu:   0.286362 -0.0167777  0.0292084
frame_224
id: 1329
stamp: 1718924456.699911118
T_odom_lidar: 
   0.999813 -0.00393791  -0.0189196    -7.92463
 0.00359014    0.999825  -0.0183807     5.32724
  0.0189887   0.0183094    0.999652   0.0241736
          0           0           0           1
T_world_lidar: 
   0.999813 -0.00393791  -0.0189196    -7.92463
 0.00359014    0.999825  -0.0183807     5.32724
  0.0189887   0.0183094    0.999652   0.0241736
          0           0           0           1
v_world_imu:   0.279404 -0.0101272  0.0328764
frame_225
id: 1330
stamp: 1718924456.799981117
T_odom_lidar: 
   0.999762 -0.00728635  -0.0205602      -7.897
 0.00689908    0.999799  -0.0188441     5.32762
  0.0206933   0.0186978    0.999611    0.024803
          0           0           0           1
T_world_lidar: 
   0.999762 -0.00728635  -0.0205602      -7.897
 0.00689908    0.999799  -0.0188441     5.32762
  0.0206933   0.0186978    0.999611    0.024803
          0           0           0           1
v_world_imu:    0.277304 -0.00417214  -0.0327737
frame_226
id: 1331
stamp: 1718924456.900010347
T_odom_lidar: 
   0.999706 -0.00707311  -0.0231896    -7.86907
 0.00669803    0.999846  -0.0162121     5.32708
  0.0233007    0.016052      0.9996    0.022637
          0           0           0           1
T_world_lidar: 
   0.999706 -0.00707311  -0.0231896    -7.86907
 0.00669803    0.999846  -0.0162121     5.32708
  0.0233007    0.016052      0.9996    0.022637
          0           0           0           1
v_world_imu:   0.283606 -0.0100791 -0.0277188
frame_227
id: 1332
stamp: 1718924457.100010157
T_odom_lidar: 
   0.999574 -0.00642524  -0.0284574    -7.81272
 0.00599418    0.999866  -0.0152071      5.3274
  0.0285514   0.0150301    0.999479   0.0172826
          0           0           0           1
T_world_lidar: 
   0.999574 -0.00642524  -0.0284574    -7.81272
 0.00599418    0.999866  -0.0152071      5.3274
  0.0285514   0.0150301    0.999479   0.0172826
          0           0           0           1
v_world_imu:    0.284694 -0.00169283  -0.0345295
frame_228
id: 1333
stamp: 1718924457.299983978
T_odom_lidar: 
   0.999504 -0.00572774  -0.0309748    -7.75448
 0.00521408    0.999848  -0.0166386     5.32852
  0.0310654   0.0164688    0.999382    0.010217
          0           0           0           1
T_world_lidar: 
   0.999504 -0.00572774  -0.0309748    -7.75448
 0.00521408    0.999848  -0.0166386     5.32852
  0.0310654   0.0164688    0.999382    0.010217
          0           0           0           1
v_world_imu:   0.294015 0.00915236 -0.0370183
frame_229
id: 1334
stamp: 1718924457.399986029
T_odom_lidar: 
   0.999456 -0.00531054  -0.0325365    -7.72539
 0.00478861    0.999859  -0.0160984     5.32979
  0.0326174   0.0159338    0.999341  0.00640325
          0           0           0           1
T_world_lidar: 
   0.999456 -0.00531054  -0.0325365    -7.72539
 0.00478861    0.999859  -0.0160984     5.32979
  0.0326174   0.0159338    0.999341  0.00640325
          0           0           0           1
v_world_imu:   0.289836  0.0128883 -0.0399875
frame_230
id: 1335
stamp: 1718924457.499987841
T_odom_lidar: 
   0.999447 0.000916461  -0.0332449    -7.69689
-0.00138912    0.999898  -0.0141973     5.32874
  0.0332285   0.0142357    0.999346  0.00258725
          0           0           0           1
T_world_lidar: 
   0.999447 0.000916461  -0.0332449    -7.69689
-0.00138912    0.999898  -0.0141973     5.32874
  0.0332285   0.0142357    0.999346  0.00258725
          0           0           0           1
v_world_imu:   0.283297  0.0073657 -0.0414258
frame_231
id: 1336
stamp: 1718924457.599992990
T_odom_lidar: 
   0.999418  0.00590281  -0.0335928    -7.66856
-0.00642082    0.999862  -0.0153333     5.32821
  0.0334976   0.0155401    0.999318 -0.00130168
          0           0           0           1
T_world_lidar: 
   0.999418  0.00590281  -0.0335928    -7.66856
-0.00642082    0.999862  -0.0153333     5.32821
  0.0334976   0.0155401    0.999318 -0.00130168
          0           0           0           1
v_world_imu:   0.279576 0.00515244 -0.0334895
frame_232
id: 1337
stamp: 1718924457.699915171
T_odom_lidar: 
  0.999348 0.00951695 -0.0348223   -7.64094
-0.0100344   0.999841 -0.0147155    5.32789
 0.0346767  0.0150553   0.999285 -0.0037133
         0          0          0          1
T_world_lidar: 
  0.999348 0.00951695 -0.0348223   -7.64094
-0.0100344   0.999841 -0.0147155    5.32789
 0.0346767  0.0150553   0.999285 -0.0037133
         0          0          0          1
v_world_imu:  0.272204  0.008483 -0.024998
frame_233
id: 1338
stamp: 1718924457.799989939
T_odom_lidar: 
   0.999301      0.0125  -0.0352396    -7.61278
 -0.0130648    0.999789  -0.0158413      5.3268
  0.0350342   0.0162906    0.999253 -0.00510152
          0           0           0           1
T_world_lidar: 
   0.999301      0.0125  -0.0352396    -7.61278
 -0.0130648    0.999789  -0.0158413      5.3268
  0.0350342   0.0162906    0.999253 -0.00510152
          0           0           0           1
v_world_imu:   0.296173 -0.0175572 0.00225121
frame_234
id: 1339
stamp: 1718924457.900025129
T_odom_lidar: 
   0.999275   0.0098395  -0.0367702    -7.58306
 -0.0104671    0.999802   -0.016914     5.32638
  0.0365965   0.0172866    0.999181 -0.00336572
          0           0           0           1
T_world_lidar: 
   0.999275   0.0098395  -0.0367702    -7.58306
 -0.0104671    0.999802   -0.016914     5.32638
  0.0365965   0.0172866    0.999181 -0.00336572
          0           0           0           1
v_world_imu:    0.302157 -0.00154832   0.0149747
frame_235
id: 1340
stamp: 1718924458.099996328
T_odom_lidar: 
   0.999136   0.0064998  -0.0410583     -7.5228
-0.00708076    0.999877  -0.0140201     5.32707
  0.0409621   0.0142987    0.999058  0.00146883
          0           0           0           1
T_world_lidar: 
   0.999136   0.0064998  -0.0410583     -7.5228
-0.00708076    0.999877  -0.0140201     5.32707
  0.0409621   0.0142987    0.999058  0.00146883
          0           0           0           1
v_world_imu:   0.307894 0.00893431  0.0165682
frame_236
id: 1341
stamp: 1718924458.199995279
T_odom_lidar: 
    0.999096  0.000172195   -0.0425162     -7.49231
-0.000688796     0.999926   -0.0121363      5.32978
    0.042511    0.0121547     0.999022   0.00402976
           0            0            0            1
T_world_lidar: 
    0.999096  0.000172195   -0.0425162     -7.49231
-0.000688796     0.999926   -0.0121363      5.32978
    0.042511    0.0121547     0.999022   0.00402976
           0            0            0            1
v_world_imu:  0.308208 0.0176004 0.0406565
frame_237
id: 1342
stamp: 1718924458.299995184
T_odom_lidar: 
   0.999002 -0.00402279  -0.0444834    -7.46189
 0.00356015    0.999939  -0.0104745     5.33313
  0.0445229   0.0103057    0.998955  0.00881925
          0           0           0           1
T_world_lidar: 
   0.999002 -0.00402279  -0.0444834    -7.46189
 0.00356015    0.999939  -0.0104745     5.33313
  0.0445229   0.0103057    0.998955  0.00881925
          0           0           0           1
v_world_imu:  0.304551 0.0207364 0.0462031
frame_238
id: 1343
stamp: 1718924458.399989128
T_odom_lidar: 
   0.998922 -0.00761703  -0.0457986    -7.43173
 0.00715921    0.999923   -0.010152     5.33567
  0.0458724  0.00981319    0.998899   0.0123783
          0           0           0           1
T_world_lidar: 
   0.998922 -0.00761703  -0.0457986    -7.43173
 0.00715921    0.999923   -0.010152     5.33567
  0.0458724  0.00981319    0.998899   0.0123783
          0           0           0           1
v_world_imu:   0.302124 0.00975835  0.0234167
frame_239
id: 1344
stamp: 1718924458.499993324
T_odom_lidar: 
   0.998924 -0.00603705  -0.0459718    -7.40152
 0.00563456    0.999945 -0.00887992     5.33598
  0.0460229  0.00861134    0.998903     0.01438
          0           0           0           1
T_world_lidar: 
   0.998924 -0.00603705  -0.0459718    -7.40152
 0.00563456    0.999945 -0.00887992     5.33598
  0.0460229  0.00861134    0.998903     0.01438
          0           0           0           1
v_world_imu:   0.303843 0.00171914   0.021594
frame_240
id: 1345
stamp: 1718924458.599995136
T_odom_lidar: 
    0.99894 -0.00482245  -0.0457675    -7.37138
 0.00450481    0.999965 -0.00704089     5.33548
  0.0457999  0.00682726    0.998927   0.0153121
          0           0           0           1
T_world_lidar: 
    0.99894 -0.00482245  -0.0457675    -7.37138
 0.00450481    0.999965 -0.00704089     5.33548
  0.0457999  0.00682726    0.998927   0.0153121
          0           0           0           1
v_world_imu:   0.299503 0.00601638 0.00499127
frame_241
id: 1346
stamp: 1718924458.699898005
T_odom_lidar: 
   0.998948 -0.00438941  -0.0456426    -7.34144
  0.0041185    0.999973 -0.00602796     5.33583
  0.0456678  0.00583364     0.99894   0.0155929
          0           0           0           1
T_world_lidar: 
   0.998948 -0.00438941  -0.0456426    -7.34144
  0.0041185    0.999973 -0.00602796     5.33583
  0.0456678  0.00583364     0.99894   0.0155929
          0           0           0           1
v_world_imu:    0.300875 -0.00127509   0.0044967
frame_242
id: 1347
stamp: 1718924458.799986124
T_odom_lidar: 
    0.99895 -0.00317969  -0.0456933    -7.31171
 0.00295041    0.999983 -0.00508424     5.33548
  0.0457086  0.00494409    0.998943   0.0162141
          0           0           0           1
T_world_lidar: 
    0.99895 -0.00317969  -0.0456933    -7.31171
 0.00295041    0.999983 -0.00508424     5.33548
  0.0457086  0.00494409    0.998943   0.0162141
          0           0           0           1
v_world_imu:   0.293134 0.00427485 0.00466026
frame_243
id: 1348
stamp: 1718924458.900016069
T_odom_lidar: 
   0.998975 -0.00249135  -0.0451982     -7.2824
 0.00227745    0.999986 -0.00478356     5.33574
  0.0452095  0.00467572    0.998967    0.016275
          0           0           0           1
T_world_lidar: 
   0.998975 -0.00249135  -0.0451982     -7.2824
 0.00227745    0.999986 -0.00478356     5.33574
  0.0452095  0.00467572    0.998967    0.016275
          0           0           0           1
v_world_imu:     0.290639 -0.000331277   0.00478751
frame_244
id: 1349
stamp: 1718924459.099991083
T_odom_lidar: 
     0.99905  0.000534537   -0.0435649     -7.22568
-0.000628419     0.999998  -0.00214132      5.33623
   0.0435636   0.00216666     0.999048    0.0163215
           0            0            0            1
T_world_lidar: 
     0.99905  0.000534537   -0.0435649     -7.22568
-0.000628419     0.999998  -0.00214132      5.33623
   0.0435636   0.00216666     0.999048    0.0163215
           0            0            0            1
v_world_imu:    0.287763 -0.00260749  0.00804162
frame_245
id: 1350
stamp: 1718924459.199978113
T_odom_lidar: 
    0.999097   0.00299224   -0.0423758     -7.19618
 -0.00303156     0.999995 -0.000863758      5.33511
    0.042373  0.000991443     0.999101    0.0168169
           0            0            0            1
T_world_lidar: 
    0.999097   0.00299224   -0.0423758     -7.19618
 -0.00303156     0.999995 -0.000863758      5.33511
    0.042373  0.000991443     0.999101    0.0168169
           0            0            0            1
v_world_imu:    0.301341 -0.00957541  0.00748294
frame_246
id: 1351
stamp: 1718924459.299993038
T_odom_lidar: 
    0.999156   0.00685426   -0.0404917     -7.16546
 -0.00684118     0.999976   0.00046157      5.33375
   0.0404939 -0.000184169      0.99918     0.016888
           0            0            0            1
T_world_lidar: 
    0.999156   0.00685426   -0.0404917     -7.16546
 -0.00684118     0.999976   0.00046157      5.33375
   0.0404939 -0.000184169      0.99918     0.016888
           0            0            0            1
v_world_imu:   0.307103 0.00461743 0.00827304
frame_247
id: 1352
stamp: 1718924459.399991035
T_odom_lidar: 
   0.999256   0.0020263  -0.0385088    -7.13524
-0.00216569    0.999991 -0.00357847     5.33652
  0.0385012  0.00365921    0.999252   0.0170178
          0           0           0           1
T_world_lidar: 
   0.999256   0.0020263  -0.0385088    -7.13524
-0.00216569    0.999991 -0.00357847     5.33652
  0.0385012  0.00365921    0.999252   0.0170178
          0           0           0           1
v_world_imu:  0.300804 0.0238657 0.0124224
frame_248
id: 1353
stamp: 1718924459.499984026
T_odom_lidar: 
     0.99929 -0.000383446   -0.0376835     -7.10542
 0.000253535     0.999994  -0.00345215      5.33848
   0.0376846   0.00344015     0.999284    0.0172336
           0            0            0            1
T_world_lidar: 
     0.99929 -0.000383446   -0.0376835     -7.10542
 0.000253535     0.999994  -0.00345215      5.33848
   0.0376846   0.00344015     0.999284    0.0172336
           0            0            0            1
v_world_imu:   0.299374 0.00789368 0.00429022
frame_249
id: 1354
stamp: 1718924459.599983215
T_odom_lidar: 
   0.999323 -0.00558434  -0.0363632    -7.07579
 0.00554148    0.999984  -0.0012792      5.3402
  0.0363697  0.00107683    0.999338   0.0176344
          0           0           0           1
T_world_lidar: 
   0.999323 -0.00558434  -0.0363632    -7.07579
 0.00554148    0.999984  -0.0012792      5.3402
  0.0363697  0.00107683    0.999338   0.0176344
          0           0           0           1
v_world_imu:   0.294529 0.00171826 0.00954547
frame_250
id: 1355
stamp: 1718924459.699978828
T_odom_lidar: 
    0.999332  -0.00742101   -0.0357954     -7.04673
  0.00740779     0.999972 -0.000502034      5.34211
   0.0357982  0.000236534     0.999359     0.018271
           0            0            0            1
T_world_lidar: 
    0.999332  -0.00742101   -0.0357954     -7.04673
  0.00740779     0.999972 -0.000502034      5.34211
   0.0357982  0.000236534     0.999359     0.018271
           0            0            0            1
v_world_imu:     0.2867  0.0177988 0.00943353
frame_251
id: 1356
stamp: 1718924459.799993038
T_odom_lidar: 
    0.999365  -0.00707346   -0.0349242     -7.01827
  0.00708426     0.999975  0.000185693      5.34295
   0.0349221 -0.000432987      0.99939    0.0175986
           0            0            0            1
T_world_lidar: 
    0.999365  -0.00707346   -0.0349242     -7.01827
  0.00708426     0.999975  0.000185693      5.34295
   0.0349221 -0.000432987      0.99939    0.0175986
           0            0            0            1
v_world_imu:     0.280059 -0.000719106   0.00468857
frame_252
id: 1357
stamp: 1718924459.900017023
T_odom_lidar: 
   0.999414 -0.00642697  -0.0336191    -6.99046
 0.00638742    0.999979 -0.00128367     5.34275
  0.0336266  0.00106817    0.999434   0.0179925
          0           0           0           1
T_world_lidar: 
   0.999414 -0.00642697  -0.0336191    -6.99046
 0.00638742    0.999979 -0.00128367     5.34275
  0.0336266  0.00106817    0.999434   0.0179925
          0           0           0           1
v_world_imu:   0.273338 0.00561928 0.00978032
frame_253
id: 1358
stamp: 1718924460.099987030
T_odom_lidar: 
   0.999454 -0.00993525  -0.0315225    -6.93556
 0.00977947    0.999939 -0.00509228     5.34507
  0.0315712  0.00478122     0.99949   0.0194353
          0           0           0           1
T_world_lidar: 
   0.999454 -0.00993525  -0.0315225    -6.93556
 0.00977947    0.999939 -0.00509228     5.34507
  0.0315712  0.00478122     0.99949   0.0194353
          0           0           0           1
v_world_imu:    0.27891 0.00537735  0.0146247
frame_254
id: 1359
stamp: 1718924460.199981928
T_odom_lidar: 
   0.999387  -0.0177963  -0.0301326    -6.90804
  0.0175707    0.999816 -0.00773347     5.34735
  0.0302647  0.00719928    0.999516   0.0199547
          0           0           0           1
T_world_lidar: 
   0.999387  -0.0177963  -0.0301326    -6.90804
  0.0175707    0.999816 -0.00773347     5.34735
  0.0302647  0.00719928    0.999516   0.0199547
          0           0           0           1
v_world_imu:    0.27708 0.00193871 0.00121589
frame_255
id: 1360
stamp: 1718924460.299989939
T_odom_lidar: 
   0.999374  -0.0201908  -0.0290576    -6.88047
  0.0199484    0.999764 -0.00860777     5.34799
  0.0292245  0.00802273    0.999541   0.0193395
          0           0           0           1
T_world_lidar: 
   0.999374  -0.0201908  -0.0290576    -6.88047
  0.0199484    0.999764 -0.00860777     5.34799
  0.0292245  0.00802273    0.999541   0.0193395
          0           0           0           1
v_world_imu:    0.276514  0.00437368 -0.00234482
frame_256
id: 1361
stamp: 1718924460.400000095
T_odom_lidar: 
  0.999319 -0.0221137  -0.029535   -6.85314
  0.021894    0.99973 -0.0077427    5.34873
 0.0296983 0.00709079   0.999534  0.0183796
         0          0          0          1
T_world_lidar: 
  0.999319 -0.0221137  -0.029535   -6.85314
  0.021894    0.99973 -0.0077427    5.34873
 0.0296983 0.00709079   0.999534  0.0183796
         0          0          0          1
v_world_imu:     0.27383 -0.00180475  -0.0143178
frame_257
id: 1362
stamp: 1718924460.499999046
T_odom_lidar: 
   0.999342  -0.0223961  -0.0285297    -6.82601
  0.0221486    0.999715 -0.00896349     5.34809
  0.0287223   0.0083257    0.999553   0.0166633
          0           0           0           1
T_world_lidar: 
   0.999342  -0.0223961  -0.0285297    -6.82601
  0.0221486    0.999715 -0.00896349     5.34809
  0.0287223   0.0083257    0.999553   0.0166633
          0           0           0           1
v_world_imu:   0.269775  -0.012702 -0.0115372
frame_258
id: 1363
stamp: 1718924460.599997997
T_odom_lidar: 
   0.999366  -0.0222766  -0.0277727    -6.79902
  0.0220521    0.999722 -0.00836491     5.34766
  0.0279513  0.00774716    0.999579   0.0157181
          0           0           0           1
T_world_lidar: 
   0.999366  -0.0222766  -0.0277727    -6.79902
  0.0220521    0.999722 -0.00836491     5.34766
  0.0279513  0.00774716    0.999579   0.0157181
          0           0           0           1
v_world_imu:    0.271201  0.00377155 -0.00573744
frame_259
id: 1364
stamp: 1718924460.699905157
T_odom_lidar: 
   0.999352  -0.0235569  -0.0272045    -6.77181
    0.02332    0.999688 -0.00899456     5.34804
  0.0274079  0.00835433    0.999589   0.0150066
          0           0           0           1
T_world_lidar: 
   0.999352  -0.0235569  -0.0272045    -6.77181
    0.02332    0.999688 -0.00899456     5.34804
  0.0274079  0.00835433    0.999589   0.0150066
          0           0           0           1
v_world_imu:    0.272681 -0.00427732 -0.00193049
frame_260
id: 1365
stamp: 1718924460.799999952
T_odom_lidar: 
   0.999401  -0.0222987  -0.0264489    -6.74431
  0.0220674    0.999716 -0.00900464     5.34763
  0.0266422   0.0084156     0.99961   0.0147135
          0           0           0           1
T_world_lidar: 
   0.999401  -0.0222987  -0.0264489    -6.74431
  0.0220674    0.999716 -0.00900464     5.34763
  0.0266422   0.0084156     0.99961   0.0147135
          0           0           0           1
v_world_imu:   0.278079 0.00630535 0.00255754
frame_261
id: 1366
stamp: 1718924460.900021315
T_odom_lidar: 
    0.99939  -0.0228753   -0.026376    -6.71658
  0.0226413    0.999702 -0.00913636     5.34845
  0.0265771   0.0085336     0.99961   0.0151626
          0           0           0           1
T_world_lidar: 
    0.99939  -0.0228753   -0.026376    -6.71658
  0.0226413    0.999702 -0.00913636     5.34845
  0.0265771   0.0085336     0.99961   0.0151626
          0           0           0           1
v_world_imu:   0.276569 0.00139587  0.0058472
frame_262
id: 1367
stamp: 1718924461.100013256
T_odom_lidar: 
    0.99938  -0.0223504  -0.0272194    -6.66095
  0.0221392    0.999723 -0.00803542     5.35013
  0.0273914  0.00742782    0.999597    0.017602
          0           0           0           1
T_world_lidar: 
    0.99938  -0.0223504  -0.0272194    -6.66095
  0.0221392    0.999723 -0.00803542     5.35013
  0.0273914  0.00742782    0.999597    0.017602
          0           0           0           1
v_world_imu:   0.281385 -0.0032281  0.0122235
frame_263
id: 1368
stamp: 1718924461.300018311
T_odom_lidar: 
   0.999383   -0.022484  -0.0269702    -6.60494
  0.0222645    0.999717 -0.00840926     5.35191
  0.0271516   0.0078036    0.999601   0.0195906
          0           0           0           1
T_world_lidar: 
   0.999383   -0.022484  -0.0269702    -6.60494
  0.0222645    0.999717 -0.00840926     5.35191
  0.0271516   0.0078036    0.999601   0.0195906
          0           0           0           1
v_world_imu:  0.281962 0.0130073  0.009421
frame_264
id: 1369
stamp: 1718924461.500000000
T_odom_lidar: 
   0.99943 -0.0208654 -0.0265423   -6.54826
 0.0206462   0.999751  -0.008506    5.35435
 0.0267131 0.00795315   0.999612  0.0202511
         0          0          0          1
T_world_lidar: 
   0.99943 -0.0208654 -0.0265423   -6.54826
 0.0206462   0.999751  -0.008506    5.35435
 0.0267131 0.00795315   0.999612  0.0202511
         0          0          0          1
v_world_imu:   0.286073  0.0180381 0.00406301
frame_265
id: 1370
stamp: 1718924461.599993944
T_odom_lidar: 
  0.999444 -0.0202507  -0.026495   -6.51945
 0.0200429   0.999766 -0.0080857    5.35641
 0.0266525 0.00755017   0.999616  0.0195704
         0          0          0          1
T_world_lidar: 
  0.999444 -0.0202507  -0.026495   -6.51945
 0.0200429   0.999766 -0.0080857    5.35641
 0.0266525 0.00755017   0.999616  0.0195704
         0          0          0          1
v_world_imu:  0.291495 0.0269042  -0.01949
frame_266
id: 1371
stamp: 1718924461.699904203
T_odom_lidar: 
   0.999418  -0.0201913  -0.0274901    -6.49025
  0.0199973    0.999773 -0.00731535     5.35901
  0.0276316  0.00676136    0.999595    0.018205
          0           0           0           1
T_world_lidar: 
   0.999418  -0.0201913  -0.0274901    -6.49025
  0.0199973    0.999773 -0.00731535     5.35901
  0.0276316  0.00676136    0.999595    0.018205
          0           0           0           1
v_world_imu:   0.292402  0.0216451 -0.0127223
frame_267
id: 1372
stamp: 1718924461.800021172
T_odom_lidar: 
   0.999366  -0.0213233  -0.0285204    -6.46101
  0.0211366    0.999753 -0.00682916     5.36119
  0.0286589  0.00622201     0.99957   0.0170069
          0           0           0           1
T_world_lidar: 
   0.999366  -0.0213233  -0.0285204    -6.46101
  0.0211366    0.999753 -0.00682916     5.36119
  0.0286589  0.00622201     0.99957   0.0170069
          0           0           0           1
v_world_imu:   0.293688  0.0180652 -0.0107024
frame_268
id: 1373
stamp: 1718924461.899997950
T_odom_lidar: 
   0.999339  -0.0215024  -0.0293125    -6.43198
  0.0213423    0.999756 -0.00576425     5.36215
  0.0294293  0.00513484    0.999554   0.0165942
          0           0           0           1
T_world_lidar: 
   0.999339  -0.0215024  -0.0293125    -6.43198
  0.0213423    0.999756 -0.00576425     5.36215
  0.0294293  0.00513484    0.999554   0.0165942
          0           0           0           1
v_world_imu:     0.292125 -0.000589607  -0.00379424
frame_269
id: 1374
stamp: 1718924462.100000143
T_odom_lidar: 
   0.999307  -0.0212968  -0.0305252    -6.37341
  0.0211514    0.999763 -0.00507816     5.36308
  0.0306262  0.00442899    0.999521    0.017773
          0           0           0           1
T_world_lidar: 
   0.999307  -0.0212968  -0.0305252    -6.37341
  0.0211514    0.999763 -0.00507816     5.36308
  0.0306262  0.00442899    0.999521    0.017773
          0           0           0           1
v_world_imu:    0.293104 0.000569762  0.00956074
frame_270
id: 1375
stamp: 1718924462.199996233
T_odom_lidar: 
   0.999292  -0.0214576  -0.0309084    -6.34438
  0.0213274    0.999762 -0.00453507     5.36305
  0.0309984  0.00387266    0.999512   0.0187706
          0           0           0           1
T_world_lidar: 
   0.999292  -0.0214576  -0.0309084    -6.34438
  0.0213274    0.999762 -0.00453507     5.36305
  0.0309984  0.00387266    0.999512   0.0187706
          0           0           0           1
v_world_imu:   0.286174 -0.0021507  0.0086934
frame_271
id: 1376
stamp: 1718924462.299992323
T_odom_lidar: 
   0.999279  -0.0215795   -0.031234    -6.31586
  0.0214465    0.999759 -0.00458752     5.36288
  0.0313255  0.00391435    0.999502   0.0194461
          0           0           0           1
T_world_lidar: 
   0.999279  -0.0215795   -0.031234    -6.31586
  0.0214465    0.999759 -0.00458752     5.36288
  0.0313255  0.00391435    0.999502   0.0194461
          0           0           0           1
v_world_imu:   0.287266 -0.0020713 0.00843574
frame_272
id: 1377
stamp: 1718924462.399986267
T_odom_lidar: 
    0.99927  -0.0216235  -0.0314936    -6.28726
  0.0214828    0.999758 -0.00479972     5.36264
  0.0315898  0.00411965    0.999492   0.0199663
          0           0           0           1
T_world_lidar: 
    0.99927  -0.0216235  -0.0314936    -6.28726
  0.0214828    0.999758 -0.00479972     5.36264
  0.0315898  0.00411965    0.999492   0.0199663
          0           0           0           1
v_world_imu:    0.286319 -0.00110193  0.00153341
frame_273
id: 1378
stamp: 1718924462.499991179
T_odom_lidar: 
   0.999267  -0.0212086  -0.0318779    -6.25931
  0.0210668    0.999767 -0.00477728      5.3627
  0.0319718  0.00410221     0.99948   0.0206143
          0           0           0           1
T_world_lidar: 
   0.999267  -0.0212086  -0.0318779    -6.25931
  0.0210668    0.999767 -0.00477728      5.3627
  0.0319718  0.00410221     0.99948   0.0206143
          0           0           0           1
v_world_imu:   0.269639 0.00487507 0.00726251
frame_274
id: 1379
stamp: 1718924462.599984169
T_odom_lidar: 
   0.999262  -0.0210479  -0.0321364    -6.23389
  0.0209034     0.99977 -0.00482521     5.36316
  0.0322306  0.00414989    0.999472   0.0205176
          0           0           0           1
T_world_lidar: 
   0.999262  -0.0210479  -0.0321364    -6.23389
  0.0209034     0.99977 -0.00482521     5.36316
  0.0322306  0.00414989    0.999472   0.0205176
          0           0           0           1
v_world_imu:    0.243965  0.00484257 -0.00537451
frame_275
id: 1380
stamp: 1718924462.699903011
T_odom_lidar: 
    0.99924  -0.0214815  -0.0325243    -6.21019
  0.0213355    0.999761 -0.00483179     5.36382
  0.0326203   0.0041342    0.999459   0.0204364
          0           0           0           1
T_world_lidar: 
    0.99924  -0.0214815  -0.0325243    -6.21019
  0.0213355    0.999761 -0.00483179     5.36382
  0.0326203   0.0041342    0.999459   0.0204364
          0           0           0           1
v_world_imu:   0.231263  0.0042444 0.00151594
frame_276
id: 1381
stamp: 1718924462.799984217
T_odom_lidar: 
   0.999278  -0.0209295  -0.0316982    -6.18733
  0.0207816    0.999772 -0.00498572     5.36437
  0.0317954  0.00432338    0.999485   0.0195241
          0           0           0           1
T_world_lidar: 
   0.999278  -0.0209295  -0.0316982    -6.18733
  0.0207816    0.999772 -0.00498572     5.36437
  0.0317954  0.00432338    0.999485   0.0195241
          0           0           0           1
v_world_imu:   0.226544  0.0111495 -0.0135128
frame_277
id: 1382
stamp: 1718924462.900018930
T_odom_lidar: 
   0.999262  -0.0215861  -0.0317866     -6.1651
  0.0214496    0.999759 -0.00462764     5.36588
  0.0318788  0.00394241    0.999484   0.0184906
          0           0           0           1
T_world_lidar: 
   0.999262  -0.0215861  -0.0317866     -6.1651
  0.0214496    0.999759 -0.00462764     5.36588
  0.0318788  0.00394241    0.999484   0.0184906
          0           0           0           1
v_world_imu:    0.212498   0.0159714 -0.00516225
frame_278
id: 1383
stamp: 1718924463.099983215
T_odom_lidar: 
   0.999256  -0.0207403  -0.0325259    -6.12234
  0.0205902    0.999776 -0.00494282     5.36576
  0.0326211  0.00426943    0.999459   0.0182621
          0           0           0           1
T_world_lidar: 
   0.999256  -0.0207403  -0.0325259    -6.12234
  0.0205902    0.999776 -0.00494282     5.36576
  0.0326211  0.00426943    0.999459   0.0182621
          0           0           0           1
v_world_imu:   0.220924 -0.0138874 0.00189488
frame_279
id: 1384
stamp: 1718924463.199989080
T_odom_lidar: 
   0.999347     -0.0157  -0.0325477    -6.09962
  0.0156045    0.999873 -0.00318628     5.36416
  0.0325936  0.00267631    0.999465   0.0187277
          0           0           0           1
T_world_lidar: 
   0.999347     -0.0157  -0.0325477    -6.09962
  0.0156045    0.999873 -0.00318628     5.36416
  0.0325936  0.00267631    0.999465   0.0187277
          0           0           0           1
v_world_imu:   0.232029 0.00375763 0.00734475
frame_280
id: 1385
stamp: 1718924463.299989223
T_odom_lidar: 
   0.999411  -0.0126487  -0.0319065    -6.07591
  0.0125493    0.999916 -0.00331382     5.36259
  0.0319457  0.00291146    0.999485   0.0193476
          0           0           0           1
T_world_lidar: 
   0.999411  -0.0126487  -0.0319065    -6.07591
  0.0125493    0.999916 -0.00331382     5.36259
  0.0319457  0.00291146    0.999485   0.0193476
          0           0           0           1
v_world_imu:   0.241273 -0.0193078 0.00927054
frame_281
id: 1386
stamp: 1718924463.399980068
T_odom_lidar: 
   0.999468 -0.00694025  -0.0318818    -6.05092
 0.00684028    0.999971 -0.00324355     5.35993
  0.0319034  0.00302374    0.999486   0.0194792
          0           0           0           1
T_world_lidar: 
   0.999468 -0.00694025  -0.0318818    -6.05092
 0.00684028    0.999971 -0.00324355     5.35993
  0.0319034  0.00302374    0.999486   0.0194792
          0           0           0           1
v_world_imu:    0.257632 -0.00586684 -0.00535961
frame_282
id: 1387
stamp: 1718924463.500000238
T_odom_lidar: 
    0.999496 -0.000678685   -0.0317259     -6.02453
 0.000686699            1  0.000241732      5.35808
   0.0317257 -0.000263397     0.999497    0.0190233
           0            0            0            1
T_world_lidar: 
    0.999496 -0.000678685   -0.0317259     -6.02453
 0.000686699            1  0.000241732      5.35808
   0.0317257 -0.000263397     0.999497    0.0190233
           0            0            0            1
v_world_imu:     0.262656   0.00273675 -0.000468729
frame_283
id: 1388
stamp: 1718924463.599992037
T_odom_lidar: 
    0.999518  0.000604362   -0.0310465     -5.99853
-0.000566399     0.999999   0.00123154      5.35847
   0.0310473  -0.00121336     0.999517    0.0186153
           0            0            0            1
T_world_lidar: 
    0.999518  0.000604362   -0.0310465     -5.99853
-0.000566399     0.999999   0.00123154      5.35847
   0.0310473  -0.00121336     0.999517    0.0186153
           0            0            0            1
v_world_imu:   0.257936 0.00696032 0.00507708
frame_284
id: 1389
stamp: 1718924463.699982882
T_odom_lidar: 
  0.999537 0.00269367 -0.0303208   -5.97296
-0.0026393   0.999995 0.00183308    5.35829
 0.0303256 -0.0017522   0.999539  0.0185114
         0          0          0          1
T_world_lidar: 
  0.999537 0.00269367 -0.0303208   -5.97296
-0.0026393   0.999995 0.00183308    5.35829
 0.0303256 -0.0017522   0.999539  0.0185114
         0          0          0          1
v_world_imu:     0.256839 -0.000499755 -9.69894e-05
frame_285
id: 1390
stamp: 1718924463.799985170
T_odom_lidar: 
   0.999556  0.00268381  -0.0296713     -5.9478
-0.00261986    0.999994  0.00219397     5.35868
   0.029677 -0.00211526    0.999557   0.0175313
          0           0           0           1
T_world_lidar: 
   0.999556  0.00268381  -0.0296713     -5.9478
-0.00261986    0.999994  0.00219397     5.35868
   0.029677 -0.00211526    0.999557   0.0175313
          0           0           0           1
v_world_imu:   0.244258  0.0115894 -0.0166444
frame_286
id: 1391
stamp: 1718924463.900014877
T_odom_lidar: 
   0.999572  0.00387916  -0.0289944    -5.92335
-0.00377559    0.999986  0.00362593     5.35994
   0.029008 -0.00351491    0.999573   0.0158603
          0           0           0           1
T_world_lidar: 
   0.999572  0.00387916  -0.0289944    -5.92335
-0.00377559    0.999986  0.00362593     5.35994
   0.029008 -0.00351491    0.999573   0.0158603
          0           0           0           1
v_world_imu:   0.247947  0.0176804 -0.0113571
frame_287
id: 1392
stamp: 1718924464.099980116
T_odom_lidar: 
   0.999595  0.00405039  -0.0281791    -5.87169
-0.00390447    0.999979  0.00523147     5.36397
  0.0281997 -0.00511932    0.999589   0.0135243
          0           0           0           1
T_world_lidar: 
   0.999595  0.00405039  -0.0281791    -5.87169
-0.00390447    0.999979  0.00523147     5.36397
  0.0281997 -0.00511932    0.999589   0.0135243
          0           0           0           1
v_world_imu:   0.263165  0.0188457 -0.0112456
frame_288
id: 1393
stamp: 1718924464.199984074
T_odom_lidar: 
   0.999609  0.00309913  -0.0277726    -5.84572
 -0.0029509    0.999981  0.00537689     5.36605
  0.0277887 -0.00529283      0.9996   0.0114324
          0           0           0           1
T_world_lidar: 
   0.999609  0.00309913  -0.0277726    -5.84572
 -0.0029509    0.999981  0.00537689     5.36605
  0.0277887 -0.00529283      0.9996   0.0114324
          0           0           0           1
v_world_imu:   0.256158  0.0149388 -0.0341632
frame_289
id: 1394
stamp: 1718924464.299993038
T_odom_lidar: 
   0.999606  0.00574257  -0.0274671    -5.82012
-0.00559296    0.999969  0.00552054     5.36617
   0.027498 -0.00536474    0.999607  0.00780392
          0           0           0           1
T_world_lidar: 
   0.999606  0.00574257  -0.0274671    -5.82012
-0.00559296    0.999969  0.00552054     5.36617
   0.027498 -0.00536474    0.999607  0.00780392
          0           0           0           1
v_world_imu:   0.256831 0.00507441  -0.036884
frame_290
id: 1395
stamp: 1718924464.399992943
T_odom_lidar: 
   0.999636  0.00716408  -0.0260061     -5.7941
-0.00708078     0.99997  0.00329383     5.36627
  0.0260289 -0.00310849    0.999656  0.00373615
          0           0           0           1
T_world_lidar: 
   0.999636  0.00716408  -0.0260061     -5.7941
-0.00708078     0.99997  0.00329383     5.36627
  0.0260289 -0.00310849    0.999656  0.00373615
          0           0           0           1
v_world_imu:   0.261997 0.00371072 -0.0348683
frame_291
id: 1396
stamp: 1718924464.499983072
T_odom_lidar: 
   0.999614   0.0112973   -0.025391    -5.76748
 -0.0112172    0.999932  0.00329301     5.36545
  0.0254265 -0.00300692    0.999672 0.000205922
          0           0           0           1
T_world_lidar: 
   0.999614   0.0112973   -0.025391    -5.76748
 -0.0112172    0.999932  0.00329301     5.36545
  0.0254265 -0.00300692    0.999672 0.000205922
          0           0           0           1
v_world_imu:   0.266998 0.00495618 -0.0337148
frame_292
id: 1397
stamp: 1718924464.599978924
T_odom_lidar: 
   0.999573   0.0143197  -0.0254776    -5.74077
 -0.0142101    0.999889  0.00447575     5.36528
  0.0255389 -0.00411179    0.999665 -0.00306051
          0           0           0           1
T_world_lidar: 
   0.999573   0.0143197  -0.0254776    -5.74077
 -0.0142101    0.999889  0.00447575     5.36528
  0.0255389 -0.00411179    0.999665 -0.00306051
          0           0           0           1
v_world_imu:   0.265574 0.00287168 -0.0329888
frame_293
id: 1398
stamp: 1718924464.699911118
T_odom_lidar: 
   0.999471   0.0204495   -0.025293    -5.71399
 -0.0203097    0.999777  0.00577396     5.36381
  0.0254054 -0.00525721    0.999663 -0.00653661
          0           0           0           1
T_world_lidar: 
   0.999471   0.0204495   -0.025293    -5.71399
 -0.0203097    0.999777  0.00577396     5.36381
  0.0254054 -0.00525721    0.999663 -0.00653661
          0           0           0           1
v_world_imu:   0.270388 0.00376621 -0.0325449
frame_294
id: 1399
stamp: 1718924464.699990034
T_odom_lidar: 
    0.999592    0.0145314   -0.0245932     -5.70093
  -0.0145062     0.999894    0.0012041      5.35688
   0.0246081 -0.000846856     0.999697     0.040871
           0            0            0            1
T_world_lidar: 
    0.999592    0.0145314   -0.0245932     -5.70093
  -0.0145062     0.999894    0.0012041      5.35688
   0.0246081 -0.000846856     0.999697     0.040871
           0            0            0            1
v_world_imu:  0.178797 0.0110886 -0.059317
frame_295
id: 1400
stamp: 1718924464.900024176
T_odom_lidar: 
    0.999542    0.0174436    -0.024748     -5.66321
   -0.017416     0.999847   0.00132938      5.35775
   0.0247674 -0.000897757     0.999693     0.029493
           0            0            0            1
T_world_lidar: 
    0.999542    0.0174436    -0.024748     -5.66321
   -0.017416     0.999847   0.00132938      5.35775
   0.0247674 -0.000897757     0.999693     0.029493
           0            0            0            1
v_world_imu:   0.199775  0.0121547 -0.0554238
frame_296
id: 1401
stamp: 1718924464.999962807
T_odom_lidar: 
    0.999478    0.0204472   -0.0250064     -5.64218
  -0.0204285     0.999791   0.00100215      5.35799
   0.0250216 -0.000490784     0.999687    0.0235865
           0            0            0            1
T_world_lidar: 
    0.999478    0.0204472   -0.0250064     -5.64218
  -0.0204285     0.999791   0.00100215      5.35799
   0.0250216 -0.000490784     0.999687    0.0235865
           0            0            0            1
v_world_imu:   0.219258 0.00734613 -0.0598867
frame_297
id: 1402
stamp: 1718924465.099990845
T_odom_lidar: 
   0.999384   0.0246106  -0.0250173    -5.61998
 -0.0246081    0.999697 0.000406062      5.3583
  0.0250197 0.000209817    0.999687   0.0174145
          0           0           0           1
T_world_lidar: 
   0.999384   0.0246106  -0.0250173    -5.61998
 -0.0246081    0.999697 0.000406062      5.3583
  0.0250197 0.000209817    0.999687   0.0174145
          0           0           0           1
v_world_imu:   0.220052  0.0221346 -0.0583509
frame_298
id: 1403
stamp: 1718924465.199997902
T_odom_lidar: 
    0.999246    0.0300149    -0.024637     -5.59675
  -0.0299832     0.999549   0.00165418      5.35868
   0.0246755 -0.000914233     0.999695    0.0115791
           0            0            0            1
T_world_lidar: 
    0.999246    0.0300149    -0.024637     -5.59675
  -0.0299832     0.999549   0.00165418      5.35868
   0.0246755 -0.000914233     0.999695    0.0115791
           0            0            0            1
v_world_imu:   0.238401  0.0110804 -0.0555261
frame_299
id: 1404
stamp: 1718924465.300007820
T_odom_lidar: 
    0.999098    0.0346569   -0.0245194     -5.57299
  -0.0346711     0.999399 -0.000153025      5.35796
   0.0244994     0.001003     0.999699   0.00549798
           0            0            0            1
T_world_lidar: 
    0.999098    0.0346569   -0.0245194     -5.57299
  -0.0346711     0.999399 -0.000153025      5.35796
   0.0244994     0.001003     0.999699   0.00549798
           0            0            0            1
v_world_imu:    0.241658 -0.00188087  -0.0684799
frame_300
id: 1405
stamp: 1718924465.399993896
T_odom_lidar: 
    0.99874   0.0439642  -0.0241918    -5.54768
  -0.044038    0.999027  -0.0025276      5.3551
  0.0240572  0.00358977    0.999704 -0.00108704
          0           0           0           1
T_world_lidar: 
    0.99874   0.0439642  -0.0241918    -5.54768
  -0.044038    0.999027  -0.0025276      5.3551
  0.0240572  0.00358977    0.999704 -0.00108704
          0           0           0           1
v_world_imu:       0.2594 -0.000272802   -0.0536742
frame_301
id: 1406
stamp: 1718924465.499979019
T_odom_lidar: 
   0.998587   0.0466661  -0.0254051    -5.52092
  -0.046708    0.998908 -0.00105771     5.35519
   0.025328  0.00224284    0.999677 -0.00692924
          0           0           0           1
T_world_lidar: 
   0.998587   0.0466661  -0.0254051    -5.52092
  -0.046708    0.998908 -0.00105771     5.35519
   0.025328  0.00224284    0.999677 -0.00692924
          0           0           0           1
v_world_imu:   0.272194 0.00207578 -0.0726079
frame_302
id: 1407
stamp: 1718924465.699888229
T_odom_lidar: 
   0.996344   0.0807647  -0.0278556    -5.46231
 -0.0805971    0.996722  0.00708934     5.34821
  0.0283369 -0.00481834    0.999587  -0.0175734
          0           0           0           1
T_world_lidar: 
   0.996344   0.0807647  -0.0278556    -5.46231
 -0.0805971    0.996722  0.00708934     5.34821
  0.0283369 -0.00481834    0.999587  -0.0175734
          0           0           0           1
v_world_imu:    0.298611 0.000929202   -0.050749
frame_303
id: 1408
stamp: 1718924465.800000191
T_odom_lidar: 
   0.994662   0.0992031  -0.0283868    -5.43339
 -0.0990804    0.995063  0.00569892     5.34339
   0.028812 -0.00285592    0.999581  -0.0215048
          0           0           0           1
T_world_lidar: 
   0.994662   0.0992031  -0.0283868    -5.43339
 -0.0990804    0.995063  0.00569892     5.34339
   0.028812 -0.00285592    0.999581  -0.0215048
          0           0           0           1
v_world_imu:    0.293917  -0.0215732 -0.00367729
frame_304
id: 1409
stamp: 1718924465.900006056
T_odom_lidar: 
   0.992824    0.116572  -0.0266894    -5.40594
  -0.116552    0.993182  0.00232179     5.33495
  0.0267781 0.000805559    0.999641  -0.0219796
          0           0           0           1
T_world_lidar: 
   0.992824    0.116572  -0.0266894    -5.40594
  -0.116552    0.993182  0.00232179     5.33495
  0.0267781 0.000805559    0.999641  -0.0219796
          0           0           0           1
v_world_imu:      0.2874  -0.0387443 -0.00202812
frame_305
id: 1410
stamp: 1718924466.099998236
T_odom_lidar: 
   0.991758    0.124849  -0.0287791    -5.35044
  -0.125098     0.99212 -0.00700294     5.31942
   0.027678   0.0105454    0.999561  -0.0196741
          0           0           0           1
T_world_lidar: 
   0.991758    0.124849  -0.0287791    -5.35044
  -0.125098     0.99212 -0.00700294     5.31942
   0.027678   0.0105454    0.999561  -0.0196741
          0           0           0           1
v_world_imu:   0.284348 -0.0582982  0.0267007
frame_306
id: 1411
stamp: 1718924466.199982166
T_odom_lidar: 
   0.993261    0.112375  -0.0283581    -5.32249
  -0.112567     0.99363 -0.00526278     5.31723
  0.0275861  0.00841952    0.999584  -0.0173368
          0           0           0           1
T_world_lidar: 
   0.993261    0.112375  -0.0283581    -5.32249
  -0.112567     0.99363 -0.00526278     5.31723
  0.0275861  0.00841952    0.999584  -0.0173368
          0           0           0           1
v_world_imu:   0.276012 -0.0501051  0.0200791
frame_307
id: 1412
stamp: 1718924466.300004244
T_odom_lidar: 
   0.994713   0.0989543  -0.0274515    -5.29498
 -0.0991278    0.995062 -0.00502772      5.3163
  0.0268184  0.00772234     0.99961  -0.0160602
          0           0           0           1
T_world_lidar: 
   0.994713   0.0989543  -0.0274515    -5.29498
 -0.0991278    0.995062 -0.00502772      5.3163
  0.0268184  0.00772234     0.99961  -0.0160602
          0           0           0           1
v_world_imu:   0.271308 -0.0406186 0.00888035
frame_308
id: 1413
stamp: 1718924466.399983168
T_odom_lidar: 
   0.995562   0.0905846  -0.0255071    -5.26772
 -0.0908016    0.995841 -0.00747651     5.31404
  0.0247238  0.00975941    0.999647  -0.0142962
          0           0           0           1
T_world_lidar: 
   0.995562   0.0905846  -0.0255071    -5.26772
 -0.0908016    0.995841 -0.00747651     5.31404
  0.0247238  0.00975941    0.999647  -0.0142962
          0           0           0           1
v_world_imu:    0.27105 -0.0461866  0.0279894
frame_309
id: 1414
stamp: 1718924466.499978304
T_odom_lidar: 
   0.996301   0.0825309  -0.0239298    -5.24112
 -0.0827242    0.996546 -0.00720046     5.31224
  0.0232529   0.0091534    0.999688  -0.0119632
          0           0           0           1
T_world_lidar: 
   0.996301   0.0825309  -0.0239298    -5.24112
 -0.0827242    0.996546 -0.00720046     5.31224
  0.0232529   0.0091534    0.999688  -0.0119632
          0           0           0           1
v_world_imu:   0.261215 -0.0296534  0.0213862
frame_310
id: 1415
stamp: 1718924466.599985123
T_odom_lidar: 
   0.996819   0.0760536  -0.0238107    -5.21515
 -0.0761812    0.997084 -0.00449731     5.31211
  0.0233992  0.00629693    0.999706 -0.00835179
          0           0           0           1
T_world_lidar: 
   0.996819   0.0760536  -0.0238107    -5.21515
 -0.0761812    0.997084 -0.00449731     5.31211
  0.0233992  0.00629693    0.999706 -0.00835179
          0           0           0           1
v_world_imu:    0.260375 -0.00721252   0.0329693
frame_311
id: 1416
stamp: 1718924466.699892998
T_odom_lidar: 
    0.997304    0.0689229   -0.0251671     -5.18933
  -0.0689509      0.99762 -0.000242218      5.31291
   0.0250905   0.00197686     0.999683  -0.00417567
           0            0            0            1
T_world_lidar: 
    0.997304    0.0689229   -0.0251671     -5.18933
  -0.0689509      0.99762 -0.000242218      5.31291
   0.0250905   0.00197686     0.999683  -0.00417567
           0            0            0            1
v_world_imu:    0.256228 -0.00483622   0.0349669
frame_312
id: 1417
stamp: 1718924466.799995184
T_odom_lidar: 
    0.997789    0.0611533    -0.026034     -5.16406
  -0.0611133     0.998128   0.00232967       5.3152
   0.0261277 -0.000733494     0.999658  -0.00102412
           0            0            0            1
T_world_lidar: 
    0.997789    0.0611533    -0.026034     -5.16406
  -0.0611133     0.998128   0.00232967       5.3152
   0.0261277 -0.000733494     0.999658  -0.00102412
           0            0            0            1
v_world_imu:   0.250621 0.00635705  0.0200158
frame_313
id: 1418
stamp: 1718924466.900002003
T_odom_lidar: 
   0.998176   0.0536928  -0.0275825    -5.13943
 -0.0536249    0.998556  0.00319816     5.31797
  0.0277144 -0.00171322    0.999614 0.000931415
          0           0           0           1
T_world_lidar: 
   0.998176   0.0536928  -0.0275825    -5.13943
 -0.0536249    0.998556  0.00319816     5.31797
  0.0277144 -0.00171322    0.999614 0.000931415
          0           0           0           1
v_world_imu:  0.247285 0.0107783  0.017983
frame_314
id: 1419
stamp: 1718924467.099981070
T_odom_lidar: 
   0.998567   0.0448144  -0.0292476    -5.09209
 -0.0447337    0.998993  0.00340829     5.32023
  0.0293709 -0.00209505    0.999566  0.00253628
          0           0           0           1
T_world_lidar: 
   0.998567   0.0448144  -0.0292476    -5.09209
 -0.0447337    0.998993  0.00340829     5.32023
  0.0293709 -0.00209505    0.999566  0.00253628
          0           0           0           1
v_world_imu:   0.235417 -0.0147551 0.00758103
frame_315
id: 1420
stamp: 1718924467.199985027
T_odom_lidar: 
   0.998603   0.0435795  -0.0298937     -5.0687
 -0.0434791    0.999046  0.00400095     5.31902
  0.0300395 -0.00269561    0.999545  0.00324824
          0           0           0           1
T_world_lidar: 
   0.998603   0.0435795  -0.0298937     -5.0687
 -0.0434791    0.999046  0.00400095     5.31902
  0.0300395 -0.00269561    0.999545  0.00324824
          0           0           0           1
v_world_imu:   0.236569 -0.0144092 0.00528309
frame_316
id: 1421
stamp: 1718924467.299997091
T_odom_lidar: 
   0.998628   0.0426221  -0.0304089    -5.04487
 -0.0425223    0.999088  0.00392192     5.31777
  0.0305483 -0.00262349     0.99953  0.00369826
          0           0           0           1
T_world_lidar: 
   0.998628   0.0426221  -0.0304089    -5.04487
 -0.0425223    0.999088  0.00392192     5.31777
  0.0305483 -0.00262349     0.99953  0.00369826
          0           0           0           1
v_world_imu:   0.240921 -0.0173519 0.00324756
frame_317
id: 1422
stamp: 1718924467.399992228
T_odom_lidar: 
  0.998678  0.0412009 -0.0307467   -5.02066
-0.0411206   0.999149 0.00323951    5.31595
  0.030854 -0.0019709   0.999522 0.00467809
         0          0          0          1
T_world_lidar: 
  0.998678  0.0412009 -0.0307467   -5.02066
-0.0411206   0.999149 0.00323951    5.31595
  0.030854 -0.0019709   0.999522 0.00467809
         0          0          0          1
v_world_imu:   0.241336 -0.0216121 0.00949954
frame_318
id: 1423
stamp: 1718924467.499989033
T_odom_lidar: 
    0.998734    0.0394358   -0.0312213     -4.99621
  -0.0394066     0.999222   0.00155055      5.31402
   0.0312581 -0.000318266     0.999511   0.00572617
           0            0            0            1
T_world_lidar: 
    0.998734    0.0394358   -0.0312213     -4.99621
  -0.0394066     0.999222   0.00155055      5.31402
   0.0312581 -0.000318266     0.999511   0.00572617
           0            0            0            1
v_world_imu:  0.242545 -0.026487 0.0073758
frame_319
id: 1424
stamp: 1718924467.599983215
T_odom_lidar: 
   0.998833   0.0370225  -0.0310195    -4.97207
 -0.0370728    0.999312 -0.00104949     5.31227
  0.0309593  0.00219825    0.999518  0.00720015
          0           0           0           1
T_world_lidar: 
   0.998833   0.0370225  -0.0310195    -4.97207
 -0.0370728    0.999312 -0.00104949     5.31227
  0.0309593  0.00219825    0.999518  0.00720015
          0           0           0           1
v_world_imu:   0.242964 -0.0201933  0.0166597
frame_320
id: 1425
stamp: 1718924467.699970961
T_odom_lidar: 
    0.998898    0.0349492   -0.0313283     -4.94775
  -0.0349945     0.999387 -0.000899355      5.31096
   0.0312777   0.00199468     0.999509   0.00887319
           0            0            0            1
T_world_lidar: 
    0.998898    0.0349492   -0.0313283     -4.94775
  -0.0349945     0.999387 -0.000899355      5.31096
   0.0312777   0.00199468     0.999509   0.00887319
           0            0            0            1
v_world_imu:   0.242207 -0.0155041  0.0144846
frame_321
id: 1426
stamp: 1718924467.799992085
T_odom_lidar: 
  0.998889  0.0346765 -0.0319128   -4.92383
-0.0347378   0.999396 -0.0013669     5.3096
 0.0318461 0.00247396    0.99949  0.0098901
         0          0          0          1
T_world_lidar: 
  0.998889  0.0346765 -0.0319128   -4.92383
-0.0347378   0.999396 -0.0013669     5.3096
 0.0318461 0.00247396    0.99949  0.0098901
         0          0          0          1
v_world_imu:   0.235318 -0.0170709 0.00420753
frame_322
id: 1427
stamp: 1718924467.900019884
T_odom_lidar: 
   0.998854   0.0355463  -0.0320448    -4.90045
 -0.0356235    0.999364 -0.00183989     5.30753
   0.031959  0.00297933    0.999485   0.0103338
          0           0           0           1
T_world_lidar: 
   0.998854   0.0355463  -0.0320448    -4.90045
 -0.0356235    0.999364 -0.00183989     5.30753
   0.031959  0.00297933    0.999485   0.0103338
          0           0           0           1
v_world_imu:   0.232506  -0.013904 0.00559218
frame_323
id: 1428
stamp: 1718924468.099995136
T_odom_lidar: 
    0.998846    0.0355947   -0.0322455     -4.85519
  -0.0356414     0.999364 -0.000876107      5.30582
   0.0321938   0.00202437      0.99948    0.0108506
           0            0            0            1
T_world_lidar: 
    0.998846    0.0355947   -0.0322455     -4.85519
  -0.0356414     0.999364 -0.000876107      5.30582
   0.0321938   0.00202437      0.99948    0.0108506
           0            0            0            1
v_world_imu:    0.22343 -0.0159004 0.00164383
frame_324
id: 1429
stamp: 1718924468.199990034
T_odom_lidar: 
    0.998825     0.035696   -0.0327758     -4.83264
  -0.0357433     0.999361 -0.000857102      5.30456
   0.0327242   0.00202761     0.999462    0.0113525
           0            0            0            1
T_world_lidar: 
    0.998825     0.035696   -0.0327758     -4.83264
  -0.0357433     0.999361 -0.000857102      5.30456
   0.0327242   0.00202761     0.999462    0.0113525
           0            0            0            1
v_world_imu:    0.229369 -0.00633987  0.00302077
frame_325
id: 1430
stamp: 1718924468.299986124
T_odom_lidar: 
    0.998808    0.0362942   -0.0326378     -4.80955
  -0.0363329      0.99934 -0.000593604      5.30361
   0.0325947   0.00177872     0.999467    0.0115202
           0            0            0            1
T_world_lidar: 
    0.998808    0.0362942   -0.0326378     -4.80955
  -0.0363329      0.99934 -0.000593604      5.30361
   0.0325947   0.00177872     0.999467    0.0115202
           0            0            0            1
v_world_imu:   0.229486 -0.0096971 0.00580826
frame_326
id: 1431
stamp: 1718924468.399991035
T_odom_lidar: 
    0.998848    0.0354774    -0.032303     -4.78692
  -0.0354994      0.99937 -0.000108532      5.30324
   0.0322788   0.00125515     0.999478    0.0122593
           0            0            0            1
T_world_lidar: 
    0.998848    0.0354774    -0.032303     -4.78692
  -0.0354994      0.99937 -0.000108532      5.30324
   0.0322788   0.00125515     0.999478    0.0122593
           0            0            0            1
v_world_imu:     0.22839 -0.00481619  0.00322241
frame_327
id: 1432
stamp: 1718924468.499997139
T_odom_lidar: 
    0.998794    0.0370511   -0.0322046      -4.7639
  -0.0370785     0.999312 -0.000252463      5.30206
   0.0321731   0.00144626     0.999481    0.0124891
           0            0            0            1
T_world_lidar: 
    0.998794    0.0370511   -0.0322046      -4.7639
  -0.0370785     0.999312 -0.000252463      5.30206
   0.0321731   0.00144626     0.999481    0.0124891
           0            0            0            1
v_world_imu:    0.231755 -0.00597215  0.00274241
frame_328
id: 1433
stamp: 1718924468.599990129
T_odom_lidar: 
   0.998763   0.0376704   -0.032449    -4.74061
  -0.037738    0.999287 -0.00147328     5.30113
  0.0323704  0.00269602    0.999472   0.0131623
          0           0           0           1
T_world_lidar: 
   0.998763   0.0376704   -0.032449    -4.74061
  -0.037738    0.999287 -0.00147328     5.30113
  0.0323704  0.00269602    0.999472   0.0131623
          0           0           0           1
v_world_imu:   0.232486 -0.0117328 0.00784177
frame_329
id: 1434
stamp: 1718924468.699900150
T_odom_lidar: 
   0.998705   0.0394737  -0.0320915    -4.71695
 -0.0395576    0.999215 -0.00198331      5.2994
   0.031988  0.00325021    0.999483   0.0137592
          0           0           0           1
T_world_lidar: 
   0.998705   0.0394737  -0.0320915    -4.71695
 -0.0395576    0.999215 -0.00198331      5.2994
   0.031988  0.00325021    0.999483   0.0137592
          0           0           0           1
v_world_imu:    0.240784 -0.00868416  0.00610904
frame_330
id: 1435
stamp: 1718924468.799989939
T_odom_lidar: 
    0.99852   0.0436225  -0.0324939      -4.693
 -0.0436304    0.999048 0.000467514     5.29763
  0.0324834 0.000950901    0.999472   0.0134254
          0           0           0           1
T_world_lidar: 
    0.99852   0.0436225  -0.0324939      -4.693
 -0.0436304    0.999048 0.000467514     5.29763
  0.0324834 0.000950901    0.999472   0.0134254
          0           0           0           1
v_world_imu:    0.236868 -0.00941113   -0.014869
frame_331
id: 1436
stamp: 1718924468.900013924
T_odom_lidar: 
   0.998401   0.0458719  -0.0330381    -4.66907
 -0.0458537    0.998947  0.00131023     5.29564
  0.0330634 0.000206782    0.999453   0.0122945
          0           0           0           1
T_world_lidar: 
   0.998401   0.0458719  -0.0330381    -4.66907
 -0.0458537    0.998947  0.00131023     5.29564
  0.0330634 0.000206782    0.999453   0.0122945
          0           0           0           1
v_world_imu:   0.241995 -0.0194195 -0.0106211
frame_332
id: 1437
stamp: 1718924469.099992037
T_odom_lidar: 
    0.998309    0.0481083   -0.0326179     -4.62076
  -0.0480792     0.998842   0.00167572       5.2942
   0.0326608 -0.000104643     0.999466       0.0106
           0            0            0            1
T_world_lidar: 
    0.998309    0.0481083   -0.0326179     -4.62076
  -0.0480792     0.998842   0.00167572       5.2942
   0.0326608 -0.000104643     0.999466       0.0106
           0            0            0            1
v_world_imu:    0.247999 2.97121e-05 -0.00961057
frame_333
id: 1438
stamp: 1718924469.199978828
T_odom_lidar: 
  0.998303  0.0482605 -0.0325925   -4.59532
-0.0481954   0.998834 0.00278023    5.29412
 0.0326886 -0.0012047   0.999465  0.0100901
         0          0          0          1
T_world_lidar: 
  0.998303  0.0482605 -0.0325925   -4.59532
-0.0481954   0.998834 0.00278023    5.29412
 0.0326886 -0.0012047   0.999465  0.0100901
         0          0          0          1
v_world_imu:   0.262624 -0.0020486 0.00171905
frame_334
id: 1439
stamp: 1718924469.299993038
T_odom_lidar: 
   0.998194   0.0506374   -0.032331    -4.56847
 -0.0505458    0.998715   0.0036445     5.29362
   0.032474 -0.00200372    0.999471   0.0102423
          0           0           0           1
T_world_lidar: 
   0.998194   0.0506374   -0.032331    -4.56847
 -0.0505458    0.998715   0.0036445     5.29362
   0.032474 -0.00200372    0.999471   0.0102423
          0           0           0           1
v_world_imu:   0.273037 0.00412337 0.00561205
frame_335
id: 1440
stamp: 1718924469.399986982
T_odom_lidar: 
   0.998227   0.0502508  -0.0318987    -4.54022
 -0.0501611    0.998735  0.00360465     5.29392
  0.0320395 -0.00199819    0.999485   0.0112503
          0           0           0           1
T_world_lidar: 
   0.998227   0.0502508  -0.0318987    -4.54022
 -0.0501611    0.998735  0.00360465     5.29392
  0.0320395 -0.00199819    0.999485   0.0112503
          0           0           0           1
v_world_imu:   0.290168 0.00134842  0.0146791
frame_336
id: 1441
stamp: 1718924469.499986887
T_odom_lidar: 
   0.998144   0.0520155  -0.0316562    -4.51093
 -0.0519149    0.998644   0.0039913     5.29416
  0.0318209 -0.00234046    0.999491   0.0127165
          0           0           0           1
T_world_lidar: 
   0.998144   0.0520155  -0.0316562    -4.51093
 -0.0519149    0.998644   0.0039913     5.29416
  0.0318209 -0.00234046    0.999491   0.0127165
          0           0           0           1
v_world_imu:  0.296566 0.0133103  0.014988
frame_337
id: 1442
stamp: 1718924469.599992037
T_odom_lidar: 
   0.998091   0.0527828  -0.0320646    -4.48118
 -0.0526531    0.998601  0.00487822     5.29595
  0.0322772 -0.00318061    0.999474   0.0151687
          0           0           0           1
T_world_lidar: 
   0.998091   0.0527828  -0.0320646    -4.48118
 -0.0526531    0.998601  0.00487822     5.29595
  0.0322772 -0.00318061    0.999474   0.0151687
          0           0           0           1
v_world_imu:    0.3027  0.023358 0.0203831
frame_338
id: 1443
stamp: 1718924469.699899197
T_odom_lidar: 
   0.998021   0.0541014  -0.0320353    -4.45057
 -0.0539724    0.998531  0.00487705     5.29783
  0.0322521 -0.00313837    0.999475   0.0168705
          0           0           0           1
T_world_lidar: 
   0.998021   0.0541014  -0.0320353    -4.45057
 -0.0539724    0.998531  0.00487705     5.29783
  0.0322521 -0.00313837    0.999475   0.0168705
          0           0           0           1
v_world_imu:  0.310519 0.0214082 0.0165845
frame_339
id: 1444
stamp: 1718924469.699990988
T_odom_lidar: 
   0.998098   0.0512904  -0.0342135    -4.46151
 -0.0512683    0.998684  0.00152411     5.28121
  0.0342466 0.000232861    0.999413   0.0329342
          0           0           0           1
T_world_lidar: 
   0.998098   0.0512904  -0.0342135    -4.46151
 -0.0512683    0.998684  0.00152411     5.28121
  0.0342466 0.000232861    0.999413   0.0329342
          0           0           0           1
v_world_imu:   0.212764 -0.0161324 -0.0504801
frame_340
id: 1445
stamp: 1718924469.900010347
T_odom_lidar: 
   0.998029   0.0525563  -0.0343062    -4.41712
 -0.0525407    0.998618  0.00135649     5.27871
  0.0343301 0.000448651     0.99941    0.022824
          0           0           0           1
T_world_lidar: 
   0.998029   0.0525563  -0.0343062    -4.41712
 -0.0525407    0.998618  0.00135649     5.27871
  0.0343301 0.000448651     0.99941    0.022824
          0           0           0           1
v_world_imu:    0.227115 -0.00623521  -0.0493037
frame_341
id: 1446
stamp: 1718924470.099983215
T_odom_lidar: 
   0.998009    0.052298  -0.0352596    -4.37029
 -0.0522886    0.998631  0.00118724     5.27721
  0.0352735 0.000658803    0.999377   0.0168975
          0           0           0           1
T_world_lidar: 
   0.998009    0.052298  -0.0352596    -4.37029
 -0.0522886    0.998631  0.00118724     5.27721
  0.0352735 0.000658803    0.999377   0.0168975
          0           0           0           1
v_world_imu:   0.241712 -0.0133758 -0.0373013
frame_342
id: 1447
stamp: 1718924470.199987173
T_odom_lidar: 
    0.99809   0.0506535  -0.0353511     -4.3459
 -0.0506623    0.998716 0.000647357     5.27614
  0.0353385  0.00114485    0.999375   0.0132672
          0           0           0           1
T_world_lidar: 
    0.99809   0.0506535  -0.0353511     -4.3459
 -0.0506623    0.998716 0.000647357     5.27614
  0.0353385  0.00114485    0.999375   0.0132672
          0           0           0           1
v_world_imu:   0.246343 -0.0189939 -0.0276232
frame_343
id: 1448
stamp: 1718924470.299991131
T_odom_lidar: 
   0.998245   0.0471954  -0.0357717    -4.32125
 -0.0472238    0.998884 4.99514e-05     5.27506
  0.0357341  0.00163941     0.99936   0.0109411
          0           0           0           1
T_world_lidar: 
   0.998245   0.0471954  -0.0357717    -4.32125
 -0.0472238    0.998884 4.99514e-05     5.27506
  0.0357341  0.00163941     0.99936   0.0109411
          0           0           0           1
v_world_imu:   0.245127 -0.0191891 -0.0240986
frame_344
id: 1449
stamp: 1718924470.399994135
T_odom_lidar: 
     0.99815    0.0487347   -0.0363465     -4.29682
  -0.0487776      0.99881 -0.000293845      5.27257
    0.036289    0.0020662     0.999339   0.00908944
           0            0            0            1
T_world_lidar: 
     0.99815    0.0487347   -0.0363465     -4.29682
  -0.0487776      0.99881 -0.000293845      5.27257
    0.036289    0.0020662     0.999339   0.00908944
           0            0            0            1
v_world_imu:   0.244731  -0.019335 -0.0182151
frame_345
id: 1450
stamp: 1718924470.499985218
T_odom_lidar: 
   0.998311   0.0449328  -0.0368135    -4.27237
 -0.0450331    0.998984 -0.00189884     5.27187
  0.0366908  0.00355345     0.99932  0.00741183
          0           0           0           1
T_world_lidar: 
   0.998311   0.0449328  -0.0368135    -4.27237
 -0.0450331    0.998984 -0.00189884     5.27187
  0.0366908  0.00355345     0.99932  0.00741183
          0           0           0           1
v_world_imu:   0.246169  -0.016456 -0.0186233
frame_346
id: 1451
stamp: 1718924470.599987268
T_odom_lidar: 
   0.998413   0.0426622  -0.0367638    -4.24815
 -0.0427857    0.999081 -0.00257762     5.27079
    0.03662  0.00414649    0.999321   0.0059121
          0           0           0           1
T_world_lidar: 
   0.998413   0.0426622  -0.0367638    -4.24815
 -0.0427857    0.999081 -0.00257762     5.27079
    0.03662  0.00414649    0.999321   0.0059121
          0           0           0           1
v_world_imu:   0.239724 -0.0137323 -0.0144358
frame_347
id: 1452
stamp: 1718924470.699909210
T_odom_lidar: 
   0.998546   0.0391759  -0.0370349    -4.22418
 -0.0392802    0.999226 -0.00209073     5.27076
  0.0369244  0.00354243    0.999312  0.00442625
          0           0           0           1
T_world_lidar: 
   0.998546   0.0391759  -0.0370349    -4.22418
 -0.0392802    0.999226 -0.00209073     5.27076
  0.0369244  0.00354243    0.999312  0.00442625
          0           0           0           1
v_world_imu:      0.2401 -0.00547706  -0.0174922
frame_348
id: 1453
stamp: 1718924470.799992323
T_odom_lidar: 
   0.998538   0.0385567  -0.0378768    -4.20017
 -0.0386765    0.999249 -0.00243406      5.2704
  0.0377545  0.00389545    0.999279  0.00353143
          0           0           0           1
T_world_lidar: 
   0.998538   0.0385567  -0.0378768    -4.20017
 -0.0386765    0.999249 -0.00243406      5.2704
  0.0377545  0.00389545    0.999279  0.00353143
          0           0           0           1
v_world_imu:    0.239612 -0.00829637  -0.0065481
frame_349
id: 1454
stamp: 1718924470.900020123
T_odom_lidar: 
   0.998536   0.0384327   -0.038053    -4.17565
 -0.0385867     0.99925 -0.00332093     5.26905
  0.0378969  0.00478442     0.99927  0.00271478
          0           0           0           1
T_world_lidar: 
   0.998536   0.0384327   -0.038053    -4.17565
 -0.0385867     0.99925 -0.00332093     5.26905
  0.0378969  0.00478442     0.99927  0.00271478
          0           0           0           1
v_world_imu:   0.247427 -0.0118388 -0.0110255
frame_350
id: 1455
stamp: 1718924471.099993229
T_odom_lidar: 
   0.998486   0.0393333  -0.0384603    -4.12747
 -0.0394675    0.999217 -0.00273519     5.26802
  0.0383226  0.00424898    0.999256  0.00106024
          0           0           0           1
T_world_lidar: 
   0.998486   0.0393333  -0.0384603    -4.12747
 -0.0394675    0.999217 -0.00273519     5.26802
  0.0383226  0.00424898    0.999256  0.00106024
          0           0           0           1
v_world_imu:   0.242787 -0.0106423 -0.0101066
frame_351
id: 1456
stamp: 1718924471.199988127
T_odom_lidar: 
   0.998462   0.0397935   -0.038606    -4.10281
 -0.0399659    0.999194  -0.0037036     5.26676
  0.0384275  0.00524083    0.999248 0.000732755
          0           0           0           1
T_world_lidar: 
   0.998462   0.0397935   -0.038606    -4.10281
 -0.0399659    0.999194  -0.0037036     5.26676
  0.0384275  0.00524083    0.999248 0.000732755
          0           0           0           1
v_world_imu:    0.250883 -0.00998631  0.00402896
frame_352
id: 1457
stamp: 1718924471.299988031
T_odom_lidar: 
   0.998456   0.0397906  -0.0387712    -4.07742
 -0.0399793    0.999192  -0.0041054     5.26547
  0.0385765  0.00564911     0.99924 0.000778526
          0           0           0           1
T_world_lidar: 
   0.998456   0.0397906  -0.0387712    -4.07742
 -0.0399793    0.999192  -0.0041054     5.26547
  0.0385765  0.00564911     0.99924 0.000778526
          0           0           0           1
v_world_imu:   0.256063 -0.0132691 0.00421494
frame_353
id: 1458
stamp: 1718924471.399995089
T_odom_lidar: 
   0.998437   0.0397152  -0.0393103    -4.05169
 -0.0398856    0.999198 -0.00355999     5.26499
  0.0391374  0.00512235    0.999221  0.00117012
          0           0           0           1
T_world_lidar: 
   0.998437   0.0397152  -0.0393103    -4.05169
 -0.0398856    0.999198 -0.00355999     5.26499
  0.0391374  0.00512235    0.999221  0.00117012
          0           0           0           1
v_world_imu:    0.258269 -0.00220783   0.0016439
frame_354
id: 1459
stamp: 1718924471.500001192
T_odom_lidar: 
   0.998383   0.0409656  -0.0394043    -4.02579
 -0.0411216    0.999149 -0.00315432     5.26386
  0.0392416  0.00476959    0.999218  0.00130209
          0           0           0           1
T_world_lidar: 
   0.998383   0.0409656  -0.0394043    -4.02579
 -0.0411216    0.999149 -0.00315432     5.26386
  0.0392416  0.00476959    0.999218  0.00130209
          0           0           0           1
v_world_imu:    0.256271  -0.0106883 0.000247057
frame_355
id: 1460
stamp: 1718924471.599991083
T_odom_lidar: 
   0.998409   0.0411361  -0.0385733    -3.99988
 -0.0413083     0.99914 -0.00367847     5.26262
  0.0383888  0.00526601    0.999249   0.0011188
          0           0           0           1
T_world_lidar: 
   0.998409   0.0411361  -0.0385733    -3.99988
 -0.0413083     0.99914 -0.00367847     5.26262
  0.0383888  0.00526601    0.999249   0.0011188
          0           0           0           1
v_world_imu:   0.261806 -0.0132536 0.00395252
frame_356
id: 1461
stamp: 1718924471.699901104
T_odom_lidar: 
   0.998366   0.0420562  -0.0386857    -3.97348
 -0.0422333    0.999101 -0.00377192      5.2614
  0.0384923  0.00539958    0.999244  0.00153468
          0           0           0           1
T_world_lidar: 
   0.998366   0.0420562  -0.0386857    -3.97348
 -0.0422333    0.999101 -0.00377192      5.2614
  0.0384923  0.00539958    0.999244  0.00153468
          0           0           0           1
v_world_imu:    0.267608 -0.00486534  0.00340459
frame_357
id: 1462
stamp: 1718924471.799993038
T_odom_lidar: 
   0.998331   0.0427222  -0.0388558    -3.94577
 -0.0429195    0.999069 -0.00425794     5.26078
  0.0386377  0.00591851    0.999236  0.00179697
          0           0           0           1
T_world_lidar: 
   0.998331   0.0427222  -0.0388558    -3.94577
 -0.0429195    0.999069 -0.00425794     5.26078
  0.0386377  0.00591851    0.999236  0.00179697
          0           0           0           1
v_world_imu:   0.285562 -0.0096267 0.00510961
frame_358
id: 1463
stamp: 1718924471.900007010
T_odom_lidar: 
  0.998206  0.0453762 -0.0390568   -3.91698
 -0.045583   0.998951 -0.0044209    5.25853
 0.0388153  0.0061933   0.999227 0.00216496
         0          0          0          1
T_world_lidar: 
  0.998206  0.0453762 -0.0390568   -3.91698
 -0.045583   0.998951 -0.0044209    5.25853
 0.0388153  0.0061933   0.999227 0.00216496
         0          0          0          1
v_world_imu:     0.289755   -0.0160844 -0.000625234
frame_359
id: 1464
stamp: 1718924472.100003004
T_odom_lidar: 
    0.997776    0.0534137   -0.0398635     -3.85785
  -0.0535036     0.998567  -0.00119091      5.25424
   0.0397428    0.0033211     0.999204 -0.000128954
           0            0            0            1
T_world_lidar: 
    0.997776    0.0534137   -0.0398635     -3.85785
  -0.0535036     0.998567  -0.00119091      5.25424
   0.0397428    0.0033211     0.999204 -0.000128954
           0            0            0            1
v_world_imu:   0.297507 -0.0137338   -0.01149
frame_360
id: 1465
stamp: 1718924472.200001001
T_odom_lidar: 
   0.997513   0.0587182  -0.0389991    -3.82781
 -0.0588175    0.998268 -0.00140267     5.25128
  0.0388492  0.00369301    0.999238 -0.00132691
          0           0           0           1
T_world_lidar: 
   0.997513   0.0587182  -0.0389991    -3.82781
 -0.0588175    0.998268 -0.00140267     5.25128
  0.0388492  0.00369301    0.999238 -0.00132691
          0           0           0           1
v_world_imu:   0.302881   -0.01289 -0.0133242
frame_361
id: 1466
stamp: 1718924472.299989939
T_odom_lidar: 
   0.997565   0.0580747  -0.0386117    -3.79759
 -0.0581938    0.998303 -0.00196794     5.25018
  0.0384319  0.00421011    0.999252 -0.00253745
          0           0           0           1
T_world_lidar: 
   0.997565   0.0580747  -0.0386117    -3.79759
 -0.0581938    0.998303 -0.00196794     5.25018
  0.0384319  0.00421011    0.999252 -0.00253745
          0           0           0           1
v_world_imu:     0.3005 -0.0105923 -0.0104508
frame_362
id: 1467
stamp: 1718924472.399991989
T_odom_lidar: 
   0.997627   0.0573917  -0.0380389    -3.76684
 -0.0575165    0.998342 -0.00219258     5.24917
    0.03785  0.00437524    0.999274 -0.00268044
          0           0           0           1
T_world_lidar: 
   0.997627   0.0573917  -0.0380389    -3.76684
 -0.0575165    0.998342 -0.00219258     5.24917
    0.03785  0.00437524    0.999274 -0.00268044
          0           0           0           1
v_world_imu:   0.316913 -0.0145313  0.0183293
frame_363
id: 1468
stamp: 1718924472.499982119
T_odom_lidar: 
   0.997621   0.0577109   -0.037701     -3.7348
 -0.0578603    0.998321 -0.00288167     5.24698
  0.0374714   0.0050562    0.999285 -0.00141274
          0           0           0           1
T_world_lidar: 
   0.997621   0.0577109   -0.037701     -3.7348
 -0.0578603    0.998321 -0.00288167     5.24698
  0.0374714   0.0050562    0.999285 -0.00141274
          0           0           0           1
v_world_imu:   0.321038 -0.0271987  0.0115218
frame_364
id: 1469
stamp: 1718924472.599983931
T_odom_lidar: 
   0.997614    0.058396  -0.0368159    -3.70221
 -0.0585639    0.998278 -0.00349724     5.24421
  0.0365482  0.00564498    0.999316 0.000400276
          0           0           0           1
T_world_lidar: 
   0.997614    0.058396  -0.0368159    -3.70221
 -0.0585639    0.998278 -0.00349724     5.24421
  0.0365482  0.00564498    0.999316 0.000400276
          0           0           0           1
v_world_imu:   0.329405 -0.0223336  0.0224417
frame_365
id: 1470
stamp: 1718924472.699980021
T_odom_lidar: 
   0.997583   0.0591575  -0.0364551     -3.6692
 -0.0593202    0.998233 -0.00339624     5.24216
  0.0361897  0.00555056     0.99933  0.00282746
          0           0           0           1
T_world_lidar: 
   0.997583   0.0591575  -0.0364551     -3.6692
 -0.0593202    0.998233 -0.00339624     5.24216
  0.0361897  0.00555056     0.99933  0.00282746
          0           0           0           1
v_world_imu:   0.330378 -0.0173916  0.0261033
frame_366
id: 1471
stamp: 1718924472.799983978
T_odom_lidar: 
   0.997536   0.0604862  -0.0355382    -3.63606
 -0.0606758    0.998148 -0.00427939     5.23959
  0.0352135  0.00642515    0.999359  0.00388613
          0           0           0           1
T_world_lidar: 
   0.997536   0.0604862  -0.0355382    -3.63606
 -0.0606758    0.998148 -0.00427939     5.23959
  0.0352135  0.00642515    0.999359  0.00388613
          0           0           0           1
v_world_imu:   0.332525 -0.0239646 0.00978669
frame_367
id: 1472
stamp: 1718924472.900015831
T_odom_lidar: 
   0.997497   0.0617138  -0.0345223     -3.6024
 -0.0619053    0.998072 -0.00450465     5.23681
  0.0341777  0.00663049    0.999394  0.00420497
          0           0           0           1
T_world_lidar: 
   0.997497   0.0617138  -0.0345223     -3.6024
 -0.0619053    0.998072 -0.00450465     5.23681
  0.0341777  0.00663049    0.999394  0.00420497
          0           0           0           1
v_world_imu:   0.337634 -0.0224952 0.00921712
frame_368
id: 1473
stamp: 1718924473.099989891
T_odom_lidar: 
   0.997471   0.0633574  -0.0322209    -3.53684
 -0.0635084    0.997975 -0.00368389     5.23233
  0.0319222  0.00572087    0.999474  0.00427491
          0           0           0           1
T_world_lidar: 
   0.997471   0.0633574  -0.0322209    -3.53684
 -0.0635084    0.997975 -0.00368389     5.23233
  0.0319222  0.00572087    0.999474  0.00427491
          0           0           0           1
v_world_imu:     0.32429  -0.0290242 -0.00189999
frame_369
id: 1474
stamp: 1718924473.199975014
T_odom_lidar: 
    0.99756   0.0625628  -0.0309803    -3.50355
 -0.0626651    0.998032 -0.00234239     5.23024
  0.0307728  0.00427806    0.999517  0.00566877
          0           0           0           1
T_world_lidar: 
    0.99756   0.0625628  -0.0309803    -3.50355
 -0.0626651    0.998032 -0.00234239     5.23024
  0.0307728  0.00427806    0.999517  0.00566877
          0           0           0           1
v_world_imu:  0.343619 -0.016344  0.036168
frame_370
id: 1475
stamp: 1718924473.299993038
T_odom_lidar: 
    0.99761   0.0622453  -0.0299959    -3.46865
 -0.0623074    0.998056 -0.00113911     5.22899
  0.0298667  0.00300536    0.999549  0.00987572
          0           0           0           1
T_world_lidar: 
    0.99761   0.0622453  -0.0299959    -3.46865
 -0.0623074    0.998056 -0.00113911     5.22899
  0.0298667  0.00300536    0.999549  0.00987572
          0           0           0           1
v_world_imu:   0.352153 -0.0204902  0.0471386
frame_371
id: 1476
stamp: 1718924473.399984837
T_odom_lidar: 
    0.997596    0.0633951   -0.0279736     -3.43328
  -0.0634223     0.997987 -8.37468e-05      5.22686
    0.027912   0.00185769     0.999609    0.0123378
           0            0            0            1
T_world_lidar: 
    0.997596    0.0633951   -0.0279736     -3.43328
  -0.0634223     0.997987 -8.37468e-05      5.22686
    0.027912   0.00185769     0.999609    0.0123378
           0            0            0            1
v_world_imu:   0.357975 -0.0141121  0.0276357
frame_372
id: 1477
stamp: 1718924473.499989033
T_odom_lidar: 
    0.99754   0.0650331   -0.026168    -3.39668
 -0.0650242    0.997883  0.00119314     5.22535
  0.0261902 0.000511343    0.999657   0.0137701
          0           0           0           1
T_world_lidar: 
    0.99754   0.0650331   -0.026168    -3.39668
 -0.0650242    0.997883  0.00119314     5.22535
  0.0261902 0.000511343    0.999657   0.0137701
          0           0           0           1
v_world_imu:   0.371738 -0.0174634  0.0255625
frame_373
id: 1478
stamp: 1718924473.599989891
T_odom_lidar: 
    0.997593    0.0643979   -0.0256933     -3.35909
   -0.064376     0.997924   0.00167686        5.224
   0.0257479 -1.87887e-05     0.999668    0.0161556
           0            0            0            1
T_world_lidar: 
    0.997593    0.0643979   -0.0256933     -3.35909
   -0.064376     0.997924   0.00167686        5.224
   0.0257479 -1.87887e-05     0.999668    0.0161556
           0            0            0            1
v_world_imu:   0.373624 -0.0130294  0.0305406
frame_374
id: 1479
stamp: 1718924473.699909210
T_odom_lidar: 
   0.997482   0.0662583  -0.0252925    -3.32182
 -0.0662113    0.997802  0.00268898     5.22193
  0.0254151 -0.00100756    0.999676   0.0196401
          0           0           0           1
T_world_lidar: 
   0.997482   0.0662583  -0.0252925    -3.32182
 -0.0662113    0.997802  0.00268898     5.22193
  0.0254151 -0.00100756    0.999676   0.0196401
          0           0           0           1
v_world_imu:   0.381167 -0.0136478  0.0459366
frame_375
id: 1480
stamp: 1718924473.699981928
T_odom_lidar: 
   0.997382    0.066816  -0.0276619      -3.343
 -0.0666898    0.997759  0.00546315     5.24199
  0.0279649 -0.00360408    0.999602  0.00900087
          0           0           0           1
T_world_lidar: 
   0.997382    0.066816  -0.0276619      -3.343
 -0.0666898    0.997759  0.00546315     5.24199
  0.0279649 -0.00360408    0.999602  0.00900087
          0           0           0           1
v_world_imu:   0.310816 -0.0443112 0.00375324
frame_376
id: 1481
stamp: 1718924473.900013208
T_odom_lidar: 
   0.997181    0.069802  -0.0275291    -3.28441
 -0.0696151    0.997544  0.00769207     5.23403
  0.0279984 -0.00575394    0.999591  0.00991533
          0           0           0           1
T_world_lidar: 
   0.997181    0.069802  -0.0275291    -3.28441
 -0.0696151    0.997544  0.00769207     5.23403
  0.0279984 -0.00575394    0.999591  0.00991533
          0           0           0           1
v_world_imu:   0.278396 -0.0392301 0.00388503
frame_377
id: 1482
stamp: 1718924474.099991322
T_odom_lidar: 
   0.997095   0.0710969  -0.0273186    -3.22739
 -0.0708773    0.997445  0.00892552     5.22607
  0.0278834 -0.00696332    0.999587  0.00979274
          0           0           0           1
T_world_lidar: 
   0.997095   0.0710969  -0.0273186    -3.22739
 -0.0708773    0.997445  0.00892552     5.22607
  0.0278834 -0.00696332    0.999587  0.00979274
          0           0           0           1
v_world_imu:    0.293247  -0.0374472 -0.00234098
frame_378
id: 1483
stamp: 1718924474.199988127
T_odom_lidar: 
  0.996976  0.0727712  -0.027273   -3.19768
-0.0725543   0.997325 0.00885957    5.22145
 0.0278447  -0.006854   0.999589 0.00958534
         0          0          0          1
T_world_lidar: 
  0.996976  0.0727712  -0.027273   -3.19768
-0.0725543   0.997325 0.00885957    5.22145
 0.0278447  -0.006854   0.999589 0.00958534
         0          0          0          1
v_world_imu:     0.297131   -0.0434763 -0.000787714
frame_379
id: 1484
stamp: 1718924474.299995184
T_odom_lidar: 
   0.996701    0.076803  -0.0262192     -3.1682
  -0.076613    0.997027  0.00817412     5.21555
   0.026769 -0.00613843    0.999623  0.00940302
          0           0           0           1
T_world_lidar: 
   0.996701    0.076803  -0.0262192     -3.1682
  -0.076613    0.997027  0.00817412     5.21555
   0.026769 -0.00613843    0.999623  0.00940302
          0           0           0           1
v_world_imu:    0.294338  -0.0520963 -0.00322454
frame_380
id: 1485
stamp: 1718924474.399982214
T_odom_lidar: 
   0.996455   0.0798323   -0.026551    -3.13867
 -0.0796756    0.996797  0.00691036     5.21043
  0.0270176 -0.00477039    0.999624  0.00855289
          0           0           0           1
T_world_lidar: 
   0.996455   0.0798323   -0.026551    -3.13867
 -0.0796756    0.996797  0.00691036     5.21043
  0.0270176 -0.00477039    0.999624  0.00855289
          0           0           0           1
v_world_imu:    0.294955  -0.0283237 -0.00651236
frame_381
id: 1486
stamp: 1718924474.499987125
T_odom_lidar: 
   0.996353   0.0808977  -0.0271348    -3.10986
 -0.0807494    0.996713  0.00651728     5.20776
  0.0275729 -0.00430239    0.999611   0.0079608
          0           0           0           1
T_world_lidar: 
   0.996353   0.0808977  -0.0271348    -3.10986
 -0.0807494    0.996713  0.00651728     5.20776
  0.0275729 -0.00430239    0.999611   0.0079608
          0           0           0           1
v_world_imu:   0.283027 -0.0300766  -0.011875
frame_382
id: 1487
stamp: 1718924474.599984169
T_odom_lidar: 
   0.996818   0.0748096  -0.0275306     -3.0817
 -0.0747195    0.997195  0.00428869     5.20606
  0.0277742 -0.00221797    0.999612  0.00780508
          0           0           0           1
T_world_lidar: 
   0.996818   0.0748096  -0.0275306     -3.0817
 -0.0747195    0.997195  0.00428869     5.20606
  0.0277742 -0.00221797    0.999612  0.00780508
          0           0           0           1
v_world_imu:     0.2785  -0.029075 0.00787627
frame_383
id: 1488
stamp: 1718924474.699902058
T_odom_lidar: 
   0.997115   0.0704919  -0.0281485    -3.05382
 -0.0704286    0.997512  0.00323531      5.2055
  0.0283065 -0.00124351    0.999599  0.00862417
          0           0           0           1
T_world_lidar: 
   0.997115   0.0704919  -0.0281485    -3.05382
 -0.0704286    0.997512  0.00323531      5.2055
  0.0283065 -0.00124351    0.999599  0.00862417
          0           0           0           1
v_world_imu:     0.27809 -0.00394621  0.00837973
frame_384
id: 1489
stamp: 1718924474.799986124
T_odom_lidar: 
   0.997582   0.0634874   -0.028278    -3.02614
 -0.0634773    0.997982  0.00125635     5.20645
  0.0283007 0.000541695    0.999599   0.0085568
          0           0           0           1
T_world_lidar: 
   0.997582   0.0634874   -0.028278    -3.02614
 -0.0634773    0.997982  0.00125635     5.20645
  0.0283007 0.000541695    0.999599   0.0085568
          0           0           0           1
v_world_imu:    0.274693  -0.0159548 -0.00461139
frame_385
id: 1490
stamp: 1718924474.900022268
T_odom_lidar: 
   0.997604   0.0627441  -0.0291561    -2.99883
 -0.0627243     0.99803    0.001591     5.20471
  0.0291985 0.000241614    0.999574  0.00843734
          0           0           0           1
T_world_lidar: 
   0.997604   0.0627441  -0.0291561    -2.99883
 -0.0627243     0.99803    0.001591     5.20471
  0.0291985 0.000241614    0.999574  0.00843734
          0           0           0           1
v_world_imu:     0.271141   -0.0164345 -0.000512815
frame_386
id: 1491
stamp: 1718924475.099987030
T_odom_lidar: 
   0.997797   0.0596501  -0.0290431    -2.94822
 -0.0596399    0.998219  0.00121884     5.20352
  0.0290641 0.000515974    0.999577  0.00603181
          0           0           0           1
T_world_lidar: 
   0.997797   0.0596501  -0.0290431    -2.94822
 -0.0596399    0.998219  0.00121884     5.20352
  0.0290641 0.000515974    0.999577  0.00603181
          0           0           0           1
v_world_imu:    0.251367  -0.0174949 -0.00791758
frame_387
id: 1492
stamp: 1718924475.199988127
T_odom_lidar: 
    0.997792     0.059892   -0.0287192     -2.92278
   -0.059926     0.998203 -0.000324318      5.20121
   0.0286482   0.00204463     0.999587   0.00632992
           0            0            0            1
T_world_lidar: 
    0.997792     0.059892   -0.0287192     -2.92278
   -0.059926     0.998203 -0.000324318      5.20121
   0.0286482   0.00204463     0.999587   0.00632992
           0            0            0            1
v_world_imu:   0.257622 -0.0257301  0.0173912
frame_388
id: 1493
stamp: 1718924475.299985170
T_odom_lidar: 
   0.997693   0.0614916   -0.028779    -2.89674
 -0.0615072    0.998107 0.000342122     5.19818
  0.0287456  0.00142879    0.999586  0.00790486
          0           0           0           1
T_world_lidar: 
   0.997693   0.0614916   -0.028779    -2.89674
 -0.0615072    0.998107 0.000342122     5.19818
  0.0287456  0.00142879    0.999586  0.00790486
          0           0           0           1
v_world_imu:    0.25882 -0.0246698  0.0185633
frame_389
id: 1494
stamp: 1718924475.399977207
T_odom_lidar: 
   0.997096   0.0703411  -0.0291971    -2.86979
 -0.0702142    0.997518  0.00535145     5.19336
  0.0295011 -0.00328585    0.999559  0.00920903
          0           0           0           1
T_world_lidar: 
   0.997096   0.0703411  -0.0291971    -2.86979
 -0.0702142    0.997518  0.00535145     5.19336
  0.0295011 -0.00328585    0.999559  0.00920903
          0           0           0           1
v_world_imu:   0.280527 -0.0297354 0.00808957
frame_390
id: 1495
stamp: 1718924475.499996185
T_odom_lidar: 
   0.996469   0.0784975  -0.0298076    -2.84141
 -0.0782643    0.996893  0.00891513     5.18953
  0.0304148 -0.00655077    0.999516  0.00960163
          0           0           0           1
T_world_lidar: 
   0.996469   0.0784975  -0.0298076    -2.84141
 -0.0782643    0.996893  0.00891513     5.18953
  0.0304148 -0.00655077    0.999516  0.00960163
          0           0           0           1
v_world_imu:   0.290562 -0.0174654  0.0145027
frame_391
id: 1496
stamp: 1718924475.599993229
T_odom_lidar: 
   0.995988   0.0839722   -0.030929     -2.8124
 -0.0837251    0.996446  0.00920002     5.18729
  0.0315917 -0.00657357    0.999479    0.011102
          0           0           0           1
T_world_lidar: 
   0.995988   0.0839722   -0.030929     -2.8124
 -0.0837251    0.996446  0.00920002     5.18729
  0.0315917 -0.00657357    0.999479    0.011102
          0           0           0           1
v_world_imu:   0.293816 -0.0044836 0.00901123
frame_392
id: 1497
stamp: 1718924475.699901104
T_odom_lidar: 
   0.995429   0.0899529  -0.0320964    -2.78194
 -0.0896369    0.995912   0.0111543     5.18532
  0.0329686 -0.00822626    0.999423   0.0126948
          0           0           0           1
T_world_lidar: 
   0.995429   0.0899529  -0.0320964    -2.78194
 -0.0896369    0.995912   0.0111543     5.18532
  0.0329686 -0.00822626    0.999423   0.0126948
          0           0           0           1
v_world_imu:    0.313466 -0.00846208   0.0135421
frame_393
id: 1498
stamp: 1718924475.799994230
T_odom_lidar: 
   0.995173   0.0924643  -0.0328815    -2.75089
 -0.0921169    0.995677   0.0119306     5.18342
  0.0338425 -0.00884403    0.999388   0.0139214
          0           0           0           1
T_world_lidar: 
   0.995173   0.0924643  -0.0328815    -2.75089
 -0.0921169    0.995677   0.0119306     5.18342
  0.0338425 -0.00884403    0.999388   0.0139214
          0           0           0           1
v_world_imu:   0.305088 -0.0224516 0.00383773
frame_394
id: 1499
stamp: 1718924475.900008202
T_odom_lidar: 
   0.994968   0.0945782  -0.0330654     -2.7206
 -0.0942169    0.995475   0.0123236      5.1799
  0.0340813 -0.00914624    0.999377   0.0138239
          0           0           0           1
T_world_lidar: 
   0.994968   0.0945782  -0.0330654     -2.7206
 -0.0942169    0.995475   0.0123236      5.1799
  0.0340813 -0.00914624    0.999377   0.0138239
          0           0           0           1
v_world_imu:    0.303045  -0.0317544 -0.00294434
frame_395
id: 1500
stamp: 1718924476.099996090
T_odom_lidar: 
   0.994365    0.101034   -0.032085    -2.65974
  -0.100681    0.994841   0.0124365      5.1738
   0.033176 -0.00913607    0.999408     0.01109
          0           0           0           1
T_world_lidar: 
   0.994365    0.101034   -0.032085    -2.65974
  -0.100681    0.994841   0.0124365      5.1738
   0.033176 -0.00913607    0.999408     0.01109
          0           0           0           1
v_world_imu:    0.30698 -0.0162032 -0.0137998
frame_396
id: 1501
stamp: 1718924476.199990034
T_odom_lidar: 
   0.994312     0.10171  -0.0316074    -2.62893
  -0.101444    0.994792  0.00991288     5.17183
   0.032451 -0.00665013    0.999451  0.00926634
          0           0           0           1
T_world_lidar: 
   0.994312     0.10171  -0.0316074    -2.62893
  -0.101444    0.994792  0.00991288     5.17183
   0.032451 -0.00665013    0.999451  0.00926634
          0           0           0           1
v_world_imu:   0.309566 -0.0172154 -0.0238327
frame_397
id: 1502
stamp: 1718924476.299981117
T_odom_lidar: 
   0.994175      0.1034  -0.0304128    -2.59768
  -0.103145    0.994618  0.00983395     5.16969
   0.031266 -0.00663973    0.999489  0.00632291
          0           0           0           1
T_world_lidar: 
   0.994175      0.1034  -0.0304128    -2.59768
  -0.103145    0.994618  0.00983395     5.16969
   0.031266 -0.00663973    0.999489  0.00632291
          0           0           0           1
v_world_imu:    0.31981  -0.021846 -0.0236124
frame_398
id: 1503
stamp: 1718924476.399992943
T_odom_lidar: 
    0.99377    0.107365  -0.0298821    -2.56541
  -0.107028    0.994175   0.0126686     5.16735
  0.0310682 -0.00939145    0.999473  0.00348146
          0           0           0           1
T_world_lidar: 
    0.99377    0.107365  -0.0298821    -2.56541
  -0.107028    0.994175   0.0126686     5.16735
  0.0310682 -0.00939145    0.999473  0.00348146
          0           0           0           1
v_world_imu:   0.325424 -0.0116683 -0.0245227
frame_399
id: 1504
stamp: 1718924476.499995232
T_odom_lidar: 
   0.993381    0.111268  -0.0285157    -2.53241
    -0.1109     0.99373   0.0141811      5.1642
  0.0299149  -0.0109248    0.999493 0.000450922
          0           0           0           1
T_world_lidar: 
   0.993381    0.111268  -0.0285157    -2.53241
    -0.1109     0.99373   0.0141811      5.1642
  0.0299149  -0.0109248    0.999493 0.000450922
          0           0           0           1
v_world_imu:   0.331627 -0.0195829 -0.0236505
frame_400
id: 1505
stamp: 1718924476.600000143
T_odom_lidar: 
   0.992047    0.123108  -0.0262252    -2.49893
  -0.122971    0.992387  0.00678148     5.15943
  0.0268604  -0.0035026    0.999633 -0.00149919
          0           0           0           1
T_world_lidar: 
   0.992047    0.123108  -0.0262252    -2.49893
  -0.122971    0.992387  0.00678148     5.15943
  0.0268604  -0.0035026    0.999633 -0.00149919
          0           0           0           1
v_world_imu:    0.338037 -0.00995331  0.00324106
frame_401
id: 1506
stamp: 1718924476.699908972
T_odom_lidar: 
    0.990637     0.134431   -0.0237912      -2.4648
   -0.134468     0.990918  7.14513e-05      5.15516
   0.0235847   0.00312836     0.999717 -0.000866079
           0            0            0            1
T_world_lidar: 
    0.990637     0.134431   -0.0237912      -2.4648
   -0.134468     0.990918  7.14513e-05      5.15516
   0.0235847   0.00312836     0.999717 -0.000866079
           0            0            0            1
v_world_imu:   0.343542 -0.0138558  0.0145474
frame_402
id: 1507
stamp: 1718924476.799960136
T_odom_lidar: 
   0.988354    0.150597  -0.0218418    -2.43098
  -0.150597    0.988594  0.00165376     5.14996
  0.0218417   0.0016548     0.99976 -0.00318432
          0           0           0           1
T_world_lidar: 
   0.988354    0.150597  -0.0218418    -2.43098
  -0.150597    0.988594  0.00165376     5.14996
  0.0218417   0.0016548     0.99976 -0.00318432
          0           0           0           1
v_world_imu:    0.333342 -0.00465627  -0.0615436
frame_403
id: 1508
stamp: 1718924476.899997950
T_odom_lidar: 
   0.985893    0.166233  -0.0195338    -2.39816
  -0.166277    0.986079 -0.00065026     5.14376
  0.0191538  0.00388911    0.999809   -0.010128
          0           0           0           1
T_world_lidar: 
   0.985893    0.166233  -0.0195338    -2.39816
  -0.166277    0.986079 -0.00065026     5.14376
  0.0191538  0.00388911    0.999809   -0.010128
          0           0           0           1
v_world_imu:   0.321839 -0.0341452 -0.0605009
frame_404
id: 1509
stamp: 1718924476.900015116
T_odom_lidar: 
   0.988246     0.15117  -0.0227399    -2.40116
  -0.151238    0.988497 -0.00130266      5.1303
  0.0222813  0.00472648    0.999741  0.00289457
          0           0           0           1
T_world_lidar: 
   0.988246     0.15117  -0.0227399    -2.40116
  -0.151238    0.988497 -0.00130266      5.1303
  0.0222813  0.00472648    0.999741  0.00289457
          0           0           0           1
v_world_imu:    0.30779  0.0419262 -0.0201897
frame_405
id: 1510
stamp: 1718924477.099962950
T_odom_lidar: 
   0.976384    0.214914  -0.0220736    -2.34048
  -0.215208    0.976496  -0.0119015     5.12314
   0.018997   0.0163708    0.999686 -0.00061988
          0           0           0           1
T_world_lidar: 
   0.976384    0.214914  -0.0220736    -2.34048
  -0.215208    0.976496  -0.0119015     5.12314
   0.018997   0.0163708    0.999686 -0.00061988
          0           0           0           1
v_world_imu:   0.333002   0.107166 0.00695196
frame_406
id: 1511
stamp: 1718924477.199987888
T_odom_lidar: 
   0.970063    0.241966  -0.0207576    -2.31073
  -0.242196    0.970183 -0.00933348     5.12377
  0.0178803   0.0140815    0.999741  0.00195574
          0           0           0           1
T_world_lidar: 
   0.970063    0.241966  -0.0207576    -2.31073
  -0.242196    0.970183 -0.00933348     5.12377
  0.0178803   0.0140815    0.999741  0.00195574
          0           0           0           1
v_world_imu:  0.269189 0.0389216 0.0508039
frame_407
id: 1512
stamp: 1718924477.299960136
T_odom_lidar: 
    0.958459     0.284513   -0.0202181     -2.28804
   -0.284587      0.95865 -0.000828463      5.11247
   0.0191464   0.00654785     0.999795   0.00670168
           0            0            0            1
T_world_lidar: 
    0.958459     0.284513   -0.0202181     -2.28804
   -0.284587      0.95865 -0.000828463      5.11247
   0.0191464   0.00654785     0.999795   0.00670168
           0            0            0            1
v_world_imu:    0.266293 -0.00618813   0.0110683
frame_408
id: 1513
stamp: 1718924477.399979830
T_odom_lidar: 
  0.950616   0.309948 -0.0161998   -2.26519
 -0.309937   0.950752 0.00324452    5.10339
 0.0164076 0.00193663   0.999864  0.0061581
         0          0          0          1
T_world_lidar: 
  0.950616   0.309948 -0.0161998   -2.26519
 -0.309937   0.950752 0.00324452    5.10339
 0.0164076 0.00193663   0.999864  0.0061581
         0          0          0          1
v_world_imu:    0.270032   -0.046858 -0.00176892
frame_409
id: 1514
stamp: 1718924477.499967098
T_odom_lidar: 
    0.937674     0.347432  -0.00766875     -2.24458
   -0.347463     0.937688  -0.00312389      5.08141
  0.00610556    0.0055938     0.999966 -0.000318459
           0            0            0            1
T_world_lidar: 
    0.937674     0.347432  -0.00766875     -2.24458
   -0.347463     0.937688  -0.00312389      5.08141
  0.00610556    0.0055938     0.999966 -0.000318459
           0            0            0            1
v_world_imu:   0.237233  -0.226521 -0.0605292
frame_410
id: 1515
stamp: 1718924477.599988937
T_odom_lidar: 
     0.9274    0.373947 -0.00962881    -2.22112
  -0.374018    0.927395 -0.00695111     5.05702
 0.00633037   0.0100478    0.999929 -0.00100272
          0           0           0           1
T_world_lidar: 
     0.9274    0.373947 -0.00962881    -2.22112
  -0.374018    0.927395 -0.00695111     5.05702
 0.00633037   0.0100478    0.999929 -0.00100272
          0           0           0           1
v_world_imu:  0.277065 -0.108378  0.024491
frame_411
id: 1516
stamp: 1718924477.699973822
T_odom_lidar: 
   0.920167    0.391391  -0.0103104     -2.1942
  -0.391434    0.920203 -0.00237714     5.04551
 0.00855731  0.00622321    0.999944 0.000818919
          0           0           0           1
T_world_lidar: 
   0.920167    0.391391  -0.0103104     -2.1942
  -0.391434    0.920203 -0.00237714     5.04551
 0.00855731  0.00622321    0.999944 0.000818919
          0           0           0           1
v_world_imu:    0.28309 -0.0625841  0.0377477
frame_412
id: 1517
stamp: 1718924477.800001144
T_odom_lidar: 
   0.909972    0.414596 -0.00787434    -2.16868
  -0.414606    0.910001 0.000400245     5.03358
 0.00733159  0.00290053    0.999969  0.00498501
          0           0           0           1
T_world_lidar: 
   0.909972    0.414596 -0.00787434    -2.16868
  -0.414606    0.910001 0.000400245     5.03358
 0.00733159  0.00290053    0.999969  0.00498501
          0           0           0           1
v_world_imu:   0.277496 -0.0513147  0.0306371
frame_413
id: 1518
stamp: 1718924477.900015116
T_odom_lidar: 
   0.906819    0.421336  -0.0124255    -2.14219
    -0.4214     0.90687 -0.00289097     5.02466
  0.0100502  0.00785769    0.999919   0.0069544
          0           0           0           1
T_world_lidar: 
   0.906819    0.421336  -0.0124255    -2.14219
    -0.4214     0.90687 -0.00289097     5.02466
  0.0100502  0.00785769    0.999919   0.0069544
          0           0           0           1
v_world_imu:    0.26373  -0.104533 0.00161224
frame_414
id: 1519
stamp: 1718924478.099988222
T_odom_lidar: 
   0.903339      0.4286  -0.0167374    -2.08959
   -0.42875      0.9034 -0.00649792     4.99871
  0.0123355    0.013046    0.999839  0.00776391
          0           0           0           1
T_world_lidar: 
   0.903339      0.4286  -0.0167374    -2.08959
   -0.42875      0.9034 -0.00649792     4.99871
  0.0123355    0.013046    0.999839  0.00776391
          0           0           0           1
v_world_imu:  0.273884 -0.108221 0.0041017
frame_415
id: 1520
stamp: 1718924478.199979305
T_odom_lidar: 
   0.901876    0.431644  -0.0173888    -2.06286
  -0.431803    0.901944 -0.00659507     4.98674
   0.012837   0.0134565    0.999827  0.00759031
          0           0           0           1
T_world_lidar: 
   0.901876    0.431644  -0.0173888    -2.06286
  -0.431803    0.901944 -0.00659507     4.98674
   0.012837   0.0134565    0.999827  0.00759031
          0           0           0           1
v_world_imu:    0.270318   -0.107281 -0.00205382
frame_416
id: 1521
stamp: 1718924478.299994230
T_odom_lidar: 
   0.902143    0.431047  -0.0183215    -2.03561
   -0.43122    0.902222 -0.00664941     4.97652
  0.0136639   0.0138993     0.99981  0.00732082
          0           0           0           1
T_world_lidar: 
   0.902143    0.431047  -0.0183215    -2.03561
   -0.43122    0.902222 -0.00664941     4.97652
  0.0136639   0.0138993     0.99981  0.00732082
          0           0           0           1
v_world_imu:    0.269685   -0.111118 -0.00528205
frame_417
id: 1522
stamp: 1718924478.399999142
T_odom_lidar: 
   0.901199    0.432946  -0.0199833    -2.00934
  -0.433145    0.901298 -0.00683791     4.96454
  0.0150505    0.014818    0.999777  0.00751966
          0           0           0           1
T_world_lidar: 
   0.901199    0.432946  -0.0199833    -2.00934
  -0.433145    0.901298 -0.00683791     4.96454
  0.0150505    0.014818    0.999777  0.00751966
          0           0           0           1
v_world_imu:     0.265063    -0.113677 -0.000748848
frame_418
id: 1523
stamp: 1718924478.499994278
T_odom_lidar: 
   0.900729    0.433875  -0.0209675    -1.98267
  -0.434082    0.900851 -0.00639554     4.95323
  0.0161137   0.0148623     0.99976   0.0078478
          0           0           0           1
T_world_lidar: 
   0.900729    0.433875  -0.0209675    -1.98267
  -0.434082    0.900851 -0.00639554     4.95323
  0.0161137   0.0148623     0.99976   0.0078478
          0           0           0           1
v_world_imu:   0.268332  -0.106695 0.00335782
frame_419
id: 1524
stamp: 1718924478.599997282
T_odom_lidar: 
   0.900727    0.433837   -0.021843      -1.956
  -0.434044    0.900874 -0.00564506     4.94269
  0.0172287   0.0145655    0.999745  0.00804099
          0           0           0           1
T_world_lidar: 
   0.900727    0.433837   -0.021843      -1.956
  -0.434044    0.900874 -0.00564506     4.94269
  0.0172287   0.0145655    0.999745  0.00804099
          0           0           0           1
v_world_imu:    0.264294   -0.108899 -0.00188544
frame_420
id: 1525
stamp: 1718924478.699985981
T_odom_lidar: 
   0.899902    0.435501  -0.0226763    -1.93036
  -0.435712    0.900071 -0.00512411      4.9305
  0.0181787   0.0144915     0.99973  0.00797075
          0           0           0           1
T_world_lidar: 
   0.899902    0.435501  -0.0226763    -1.93036
  -0.435712    0.900071 -0.00512411      4.9305
  0.0181787   0.0144915     0.99973  0.00797075
          0           0           0           1
v_world_imu:    0.256658   -0.119636 -0.00493073
frame_421
id: 1526
stamp: 1718924478.799995184
T_odom_lidar: 
   0.899877    0.435522  -0.0233016     -1.9049
  -0.435727    0.900069 -0.00433858     4.91907
  0.0190835   0.0140573    0.999719  0.00773581
          0           0           0           1
T_world_lidar: 
   0.899877    0.435522  -0.0233016     -1.9049
  -0.435727    0.900069 -0.00433858     4.91907
  0.0190835   0.0140573    0.999719  0.00773581
          0           0           0           1
v_world_imu:    0.252334   -0.112428 -0.00430607
frame_422
id: 1527
stamp: 1718924478.900017023
T_odom_lidar: 
   0.899356    0.436592  -0.0233546    -1.87996
  -0.436757    0.899577 -0.00222805       4.908
  0.0200365   0.0122041    0.999725  0.00760869
          0           0           0           1
T_world_lidar: 
   0.899356    0.436592  -0.0233546    -1.87996
  -0.436757    0.899577 -0.00222805       4.908
  0.0200365   0.0122041    0.999725  0.00760869
          0           0           0           1
v_world_imu:     0.24873   -0.105564 -0.00139234
frame_423
id: 1528
stamp: 1718924479.100001097
T_odom_lidar: 
   0.898286    0.438816  -0.0228669     -1.8331
  -0.438916    0.898528 0.000718301     4.88636
  0.0208618  0.00939142    0.999738  0.00667626
          0           0           0           1
T_world_lidar: 
   0.898286    0.438816  -0.0228669     -1.8331
  -0.438916    0.898528 0.000718301     4.88636
  0.0208618  0.00939142    0.999738  0.00667626
          0           0           0           1
v_world_imu:    0.229153   -0.118437 -0.00492388
