1718924431.499996185 -10.576712 -0.737578 0.035703 0.002317 0.013092 0.749013 0.662422
1718924431.504978418 -10.577407 -0.735782 0.034959 0.002363 0.012900 0.747793 0.663802
1718924431.509972095 -10.578104 -0.733964 0.034241 0.002466 0.012807 0.746552 0.665199
1718924431.514946461 -10.578794 -0.732136 0.033571 0.002601 0.012791 0.745326 0.666572
1718924431.559908390 -10.585196 -0.715647 0.028351 0.004309 0.012731 0.741042 0.671324
1718924431.564910889 -10.585939 -0.713823 0.027831 0.004653 0.012838 0.740650 0.671752
1718924431.569944859 -10.586722 -0.712001 0.027315 0.005162 0.013102 0.740285 0.672146
1718924431.574900150 -10.587501 -0.710220 0.026837 0.005587 0.013195 0.739938 0.672522
1718924431.579894066 -10.588263 -0.708438 0.026390 0.005761 0.012981 0.739607 0.672889
1718924431.584877491 -10.589000 -0.706665 0.025965 0.005716 0.012533 0.739292 0.673244
1718924431.589870691 -10.589746 -0.704893 0.025561 0.005673 0.012079 0.738949 0.673629
1718924431.594867945 -10.590517 -0.703133 0.025160 0.005736 0.011798 0.738553 0.674068
1718924431.599872589 -10.591302 -0.701384 0.024753 0.005839 0.011612 0.738074 0.674595
1718924431.599933147 -10.591311 -0.701363 0.024748 0.005841 0.011610 0.738067 0.674602
1718924431.599933147 -10.591311 -0.701363 0.024748 0.005841 0.011610 0.738067 0.674602
1718924431.604863644 -10.592093 -0.699647 0.024360 0.005947 0.011426 0.737523 0.675200
1718924431.609856606 -10.592885 -0.697912 0.023983 0.006049 0.011213 0.736913 0.675867
1718924431.614872932 -10.593669 -0.696179 0.023584 0.006054 0.010917 0.736222 0.676625
1718924431.619892120 -10.594430 -0.694469 0.023144 0.005930 0.010536 0.735456 0.677464
1718924431.624871492 -10.595151 -0.692793 0.022688 0.005731 0.010085 0.734623 0.678376
1718924431.629876614 -10.595845 -0.691114 0.022241 0.005478 0.009540 0.733691 0.679394
1718924431.634846449 -10.596512 -0.689452 0.021816 0.005206 0.008977 0.732654 0.680522
1718924431.639844894 -10.597171 -0.687792 0.021415 0.004969 0.008507 0.731515 0.681754
1718924431.644843340 -10.597827 -0.686150 0.021046 0.004841 0.008199 0.730307 0.683052
1718924431.649853945 -10.598477 -0.684521 0.020689 0.004848 0.008025 0.729038 0.684409
1718924431.654846191 -10.599099 -0.682908 0.020339 0.004901 0.007932 0.727725 0.685806
1718924431.659868240 -10.599699 -0.681293 0.020001 0.004968 0.007886 0.726342 0.687270
1718924431.664851904 -10.600270 -0.679698 0.019674 0.005002 0.007818 0.724915 0.688776
1718924431.669856787 -10.600813 -0.678103 0.019356 0.004928 0.007601 0.723455 0.690312
1718924431.674858332 -10.601318 -0.676510 0.019070 0.004724 0.007176 0.721984 0.691856
1718924431.679841280 -10.601790 -0.674917 0.018812 0.004475 0.006641 0.720483 0.693427
1718924431.684841871 -10.602255 -0.673315 0.018551 0.004353 0.006266 0.718951 0.695019
1718924431.689873934 -10.602729 -0.671700 0.018266 0.004414 0.006129 0.717395 0.696625
1718924431.694871426 -10.603207 -0.670091 0.017962 0.004602 0.006204 0.715852 0.698209
1718924431.699835539 -10.603679 -0.668484 0.017656 0.004851 0.006351 0.714341 0.699752
1718924431.699865103 -10.603682 -0.668474 0.017654 0.004853 0.006352 0.714332 0.699761
1718924431.699865103 -10.603682 -0.668474 0.017654 0.004853 0.006352 0.714332 0.699761
1718924431.704883814 -10.604150 -0.666833 0.017353 0.005127 0.006428 0.712822 0.701297
1718924431.709874630 -10.604614 -0.665185 0.017060 0.005368 0.006402 0.711350 0.702788
1718924431.714833260 -10.605083 -0.663544 0.016766 0.005559 0.006355 0.709899 0.704253
1718924431.719837904 -10.605571 -0.661881 0.016464 0.005655 0.006300 0.708434 0.705727
1718924431.759837627 -10.610082 -0.648132 0.014359 0.003972 0.007535 0.700064 0.714029
1718924431.764888763 -10.610716 -0.646338 0.014141 0.003776 0.007661 0.699080 0.714992
1718924431.769841671 -10.611340 -0.644563 0.013960 0.003533 0.007686 0.698186 0.715867
1718924431.774853230 -10.611960 -0.642751 0.013823 0.003259 0.007568 0.697335 0.716698
1718924431.779842138 -10.612563 -0.640928 0.013729 0.003040 0.007381 0.696525 0.717488
1718924431.784834623 -10.613156 -0.639088 0.013658 0.002898 0.007130 0.695715 0.718276
1718924431.789834261 -10.613740 -0.637242 0.013587 0.002834 0.006866 0.694883 0.719085
1718924431.794871807 -10.614323 -0.635385 0.013489 0.002814 0.006686 0.694027 0.719913
1718924431.799842834 -10.614890 -0.633556 0.013359 0.002772 0.006580 0.693153 0.720756
1718924431.800005198 -10.614909 -0.633497 0.013354 0.002768 0.006576 0.693123 0.720784
1718924431.800005198 -10.614909 -0.633497 0.013354 0.002768 0.006576 0.693123 0.720784
1718924431.804859400 -10.615441 -0.631710 0.013194 0.002630 0.006459 0.692226 0.721647
1718924431.809843540 -10.615967 -0.629879 0.013021 0.002449 0.006369 0.691237 0.722596
1718924431.814902782 -10.616481 -0.628022 0.012847 0.002268 0.006253 0.690175 0.723611
1718924431.819871426 -10.616966 -0.626188 0.012677 0.002131 0.006133 0.689053 0.724682
1718924431.824853659 -10.617431 -0.624337 0.012509 0.002034 0.006030 0.687847 0.725828
1718924431.829829693 -10.617870 -0.622484 0.012341 0.001943 0.005916 0.686576 0.727031
1718924431.834839582 -10.618284 -0.620613 0.012152 0.001880 0.005771 0.685242 0.728290
1718924431.839837074 -10.618670 -0.618738 0.011926 0.001814 0.005613 0.683878 0.729573
1718924431.844839334 -10.619030 -0.616851 0.011661 0.001695 0.005430 0.682458 0.730903
1718924431.849837065 -10.619363 -0.614955 0.011372 0.001504 0.005186 0.681001 0.732263
1718924431.854834557 -10.619672 -0.613045 0.011058 0.001258 0.004865 0.679521 0.733639
1718924431.859832525 -10.619955 -0.611120 0.010703 0.001049 0.004536 0.678023 0.735026
1718924431.864836216 -10.620213 -0.609177 0.010307 0.000899 0.004178 0.676507 0.736424
1718924431.869838238 -10.620450 -0.607225 0.009875 0.000798 0.003820 0.674969 0.737836
1718924431.874876261 -10.620676 -0.605252 0.009405 0.000715 0.003466 0.673398 0.739272
1718924431.879826069 -10.620887 -0.603305 0.008909 0.000616 0.003117 0.671853 0.740677
1718924431.884868860 -10.621080 -0.601304 0.008379 0.000468 0.002729 0.670285 0.742099
1718924431.889863968 -10.621245 -0.599299 0.007843 0.000312 0.002427 0.668702 0.743527
1718924431.894863605 -10.621394 -0.597275 0.007309 0.000165 0.002380 0.667099 0.744965
1718924431.899864912 -10.621537 -0.595242 0.006784 0.000100 0.002662 0.665502 0.746392
1718924431.899935246 -10.621539 -0.595213 0.006777 0.000101 0.002670 0.665480 0.746411
1718924431.899935246 -10.621539 -0.595213 0.006777 0.000101 0.002670 0.665480 0.746411
1718924431.900068045 -10.631878 -0.607112 0.048198 0.006776 -0.002113 0.661336 0.750056
1718924431.900068045 -10.631878 -0.607112 0.048198 0.006776 -0.002113 0.661336 0.750056
1718924431.904860497 -10.631144 -0.605595 0.047478 0.006840 -0.001555 0.659837 0.751376
1718924431.909864902 -10.630342 -0.603996 0.046748 0.006945 -0.000868 0.658327 0.752700
1718924431.914885044 -10.629464 -0.602377 0.046049 0.006974 -0.000291 0.656854 0.753986
1718924431.954855442 -10.621663 -0.589405 0.039058 0.008347 0.005669 0.646537 0.762816
1718924431.959863901 -10.620621 -0.587757 0.037977 0.008522 0.006354 0.645296 0.763858
1718924431.964855909 -10.619550 -0.586080 0.037021 0.008537 0.006482 0.644190 0.764791
1718924431.969860077 -10.618470 -0.584357 0.036297 0.008513 0.006131 0.643210 0.765618
1718924431.974857330 -10.617446 -0.582615 0.035799 0.008701 0.005749 0.642330 0.766357
1718924431.979815483 -10.616522 -0.580888 0.035426 0.009117 0.005543 0.641546 0.767010
1718924431.984843731 -10.615659 -0.579153 0.035085 0.009625 0.005522 0.640833 0.767600
1718924431.989821672 -10.614845 -0.577441 0.034766 0.010117 0.005537 0.640182 0.768137
1718924431.994865417 -10.614039 -0.575708 0.034447 0.010479 0.005439 0.639534 0.768672
1718924431.999817610 -10.613251 -0.574023 0.034119 0.010615 0.005123 0.638874 0.769221
1718924432.004822969 -10.612447 -0.572348 0.033781 0.010498 0.004598 0.638155 0.769822
1718924432.009816170 -10.611621 -0.570709 0.033450 0.010215 0.003922 0.637350 0.770497
1718924432.014857292 -10.610760 -0.569081 0.033102 0.009855 0.003180 0.636426 0.771268
1718924432.019829988 -10.609916 -0.567496 0.032710 0.009630 0.002678 0.635441 0.772084
1718924432.024871588 -10.609107 -0.565902 0.032265 0.009606 0.002453 0.634422 0.772924
1718924432.029836178 -10.608347 -0.564343 0.031816 0.009630 0.002315 0.633373 0.773784
1718924432.034866333 -10.607575 -0.562778 0.031379 0.009462 0.001965 0.632254 0.774701
1718924432.039833069 -10.606798 -0.561247 0.030975 0.009177 0.001446 0.631079 0.775663
1718924432.044849873 -10.606011 -0.559718 0.030594 0.008894 0.000894 0.629833 0.776679
1718924432.049879074 -10.605224 -0.558212 0.030229 0.008645 0.000415 0.628517 0.777748
1718924432.054887533 -10.604421 -0.556746 0.029863 0.008432 -0.000009 0.627134 0.778865
1718924432.059822321 -10.603613 -0.555317 0.029485 0.008301 -0.000308 0.625724 0.780000
1718924432.064842463 -10.602807 -0.553863 0.029079 0.008350 -0.000440 0.624265 0.781168
1718924432.069825411 -10.602040 -0.552420 0.028660 0.008622 -0.000416 0.622814 0.782322
1718924432.074846745 -10.601286 -0.550981 0.028232 0.008972 -0.000371 0.621358 0.783475
1718924432.079813719 -10.600538 -0.549579 0.027814 0.009244 -0.000408 0.619925 0.784606
1718924432.084809542 -10.599778 -0.548183 0.027404 0.009462 -0.000532 0.618487 0.785738
1718924432.089853287 -10.599011 -0.546779 0.026994 0.009711 -0.000686 0.617057 0.786859
1718924432.094849348 -10.598260 -0.545391 0.026604 0.009982 -0.000834 0.615659 0.787949
1718924432.099853277 -10.597516 -0.544001 0.026238 0.010258 -0.000992 0.614293 0.789010
1718924432.099965334 -10.597499 -0.543970 0.026230 0.010261 -0.000996 0.614264 0.789033
1718924432.099965334 -10.597499 -0.543970 0.026230 0.010261 -0.000996 0.614264 0.789033
1718924432.104810715 -10.596783 -0.542621 0.025896 0.010396 -0.001184 0.613002 0.790012
1718924432.109816074 -10.596057 -0.541224 0.025575 0.010391 -0.001377 0.611756 0.790977
1718924432.114824533 -10.595357 -0.539823 0.025280 0.010256 -0.001568 0.610588 0.791880
1718924432.159862518 -10.589646 -0.526928 0.024004 0.012384 -0.000656 0.608178 0.793704
1718924432.164863825 -10.589068 -0.525461 0.024006 0.012594 -0.000598 0.607979 0.793853
1718924432.169870615 -10.588499 -0.523972 0.024035 0.012870 -0.000551 0.607850 0.793947
1718924432.174864531 -10.587943 -0.522470 0.024079 0.013241 -0.000495 0.607782 0.793994
1718924432.179812431 -10.587395 -0.520975 0.024123 0.013635 -0.000442 0.607751 0.794011
1718924432.184813499 -10.586839 -0.519462 0.024156 0.013998 -0.000402 0.607738 0.794014
1718924432.189880371 -10.586284 -0.517929 0.024164 0.014388 -0.000301 0.607743 0.794004
1718924432.194861650 -10.585759 -0.516418 0.024146 0.014826 -0.000121 0.607759 0.793983
1718924432.199847698 -10.585245 -0.514903 0.024110 0.015254 0.000095 0.607762 0.793972
1718924432.199993134 -10.585230 -0.514859 0.024108 0.015264 0.000100 0.607762 0.793973
1718924432.199993134 -10.585230 -0.514859 0.024108 0.015264 0.000100 0.607762 0.793973
1718924432.204840899 -10.584719 -0.513377 0.024069 0.015601 0.000243 0.607743 0.793981
1718924432.209844112 -10.584167 -0.511847 0.024037 0.015824 0.000281 0.607697 0.794011
1718924432.214812517 -10.583600 -0.510325 0.024028 0.015908 0.000185 0.607629 0.794062
1718924432.219872475 -10.583015 -0.508774 0.024038 0.015951 0.000050 0.607543 0.794126
1718924432.224811792 -10.582447 -0.507260 0.024055 0.015985 -0.000099 0.607429 0.794213
1718924432.229817629 -10.581882 -0.505728 0.024073 0.016027 -0.000219 0.607275 0.794330
1718924432.234811306 -10.581335 -0.504201 0.024080 0.016112 -0.000269 0.607100 0.794462
1718924432.239861965 -10.580794 -0.502659 0.024065 0.016213 -0.000295 0.606894 0.794618
1718924432.244850636 -10.580268 -0.501136 0.024039 0.016294 -0.000330 0.606663 0.794792
1718924432.249815941 -10.579755 -0.499612 0.024011 0.016403 -0.000353 0.606414 0.794980
1718924432.254816055 -10.579253 -0.498070 0.023980 0.016555 -0.000368 0.606150 0.795178
1718924432.259853840 -10.578764 -0.496509 0.023946 0.016707 -0.000390 0.605881 0.795380
1718924432.264814138 -10.578297 -0.494970 0.023913 0.016825 -0.000439 0.605611 0.795583
1718924432.269817829 -10.577838 -0.493412 0.023881 0.016909 -0.000514 0.605342 0.795786
1718924432.274808168 -10.577396 -0.491852 0.023846 0.016983 -0.000574 0.605080 0.795983
1718924432.279809713 -10.576974 -0.490284 0.023799 0.017043 -0.000604 0.604828 0.796173
1718924432.284824848 -10.576567 -0.488709 0.023739 0.017091 -0.000609 0.604581 0.796360
1718924432.289803982 -10.576172 -0.487141 0.023669 0.017132 -0.000611 0.604358 0.796529
1718924432.294808865 -10.575787 -0.485560 0.023596 0.017194 -0.000598 0.604153 0.796683
1718924432.299804926 -10.575415 -0.483978 0.023529 0.017276 -0.000576 0.603972 0.796818
1718924432.299979210 -10.575402 -0.483923 0.023527 0.017278 -0.000575 0.603967 0.796822
1718924432.299979210 -10.575402 -0.483923 0.023527 0.017278 -0.000575 0.603967 0.796822
1718924432.304804802 -10.575053 -0.482409 0.023461 0.017350 -0.000547 0.603827 0.796927
1718924432.309805870 -10.574697 -0.480839 0.023405 0.017416 -0.000526 0.603707 0.797016
1718924432.314806461 -10.574347 -0.479267 0.023361 0.017473 -0.000502 0.603610 0.797088
1718924432.359864950 -10.571389 -0.465181 0.022694 0.017010 -0.000626 0.605756 0.795468
1718924432.364809990 -10.571094 -0.463612 0.022671 0.016956 -0.000660 0.606026 0.795264
1718924432.369830370 -10.570800 -0.462017 0.022649 0.016874 -0.000797 0.606324 0.795038
1718924432.374811888 -10.570514 -0.460432 0.022630 0.016755 -0.000991 0.606640 0.794800
1718924432.379803658 -10.570235 -0.458841 0.022612 0.016620 -0.001194 0.606976 0.794545
1718924432.384800434 -10.569967 -0.457243 0.022592 0.016464 -0.001381 0.607334 0.794275
1718924432.389804602 -10.569709 -0.455636 0.022569 0.016325 -0.001485 0.607691 0.794004
1718924432.394840479 -10.569460 -0.454015 0.022543 0.016196 -0.001489 0.608042 0.793738
1718924432.399845839 -10.569223 -0.452403 0.022521 0.016069 -0.001431 0.608366 0.793493
1718924432.399969339 -10.569217 -0.452364 0.022521 0.016065 -0.001431 0.608373 0.793487
1718924432.399969339 -10.569217 -0.452364 0.022521 0.016065 -0.001431 0.608373 0.793487
1718924432.404799461 -10.568968 -0.450801 0.022545 0.015918 -0.001426 0.608677 0.793257
1718924432.409844160 -10.568707 -0.449168 0.022588 0.015756 -0.001484 0.608984 0.793024
1718924432.414826155 -10.568453 -0.447553 0.022639 0.015601 -0.001602 0.609275 0.792804
1718924432.419884682 -10.568201 -0.445910 0.022687 0.015486 -0.001751 0.609563 0.792585
1718924432.424942255 -10.567954 -0.444269 0.022721 0.015384 -0.001906 0.609828 0.792382
1718924432.429875135 -10.567715 -0.442670 0.022741 0.015262 -0.002039 0.610062 0.792204
1718924432.434813023 -10.567474 -0.441071 0.022750 0.015104 -0.002147 0.610267 0.792049
1718924432.439801455 -10.567231 -0.439458 0.022753 0.014917 -0.002214 0.610453 0.791909
1718924432.444848537 -10.566986 -0.437827 0.022754 0.014721 -0.002271 0.610609 0.791792
1718924432.449812412 -10.566749 -0.436223 0.022753 0.014548 -0.002341 0.610742 0.791692
1718924432.454857826 -10.566508 -0.434592 0.022747 0.014412 -0.002454 0.610869 0.791597
1718924432.459806204 -10.566272 -0.432994 0.022728 0.014319 -0.002592 0.610978 0.791514
1718924432.464850664 -10.566033 -0.431366 0.022689 0.014251 -0.002731 0.611077 0.791438
1718924432.469815016 -10.565800 -0.429765 0.022631 0.014186 -0.002847 0.611162 0.791373
1718924432.474817991 -10.565570 -0.428150 0.022560 0.014087 -0.002926 0.611240 0.791315
1718924432.479803801 -10.565342 -0.426537 0.022496 0.013925 -0.002987 0.611309 0.791264
1718924432.484797001 -10.565112 -0.424919 0.022452 0.013722 -0.003043 0.611367 0.791222
1718924432.489802122 -10.564879 -0.423292 0.022434 0.013528 -0.003083 0.611423 0.791182
1718924432.494797230 -10.564646 -0.421664 0.022433 0.013370 -0.003121 0.611478 0.791143
1718924432.499842644 -10.564411 -0.420017 0.022442 0.013275 -0.003169 0.611532 0.791102
1718924432.499992132 -10.564404 -0.419968 0.022443 0.013275 -0.003171 0.611533 0.791101
1718924432.499992132 -10.564404 -0.419968 0.022443 0.013275 -0.003171 0.611533 0.791101
1718924432.504839182 -10.564206 -0.418390 0.022416 0.013246 -0.003217 0.611580 0.791065
1718924432.509826183 -10.564003 -0.416768 0.022376 0.013248 -0.003278 0.611627 0.791028
1718924432.514823914 -10.563799 -0.415142 0.022322 0.013274 -0.003350 0.611678 0.790988
1718924432.564826965 -10.561505 -0.398676 0.021613 0.013320 -0.003812 0.612429 0.790404
1718924432.569806337 -10.561270 -0.397027 0.021587 0.013321 -0.003840 0.612518 0.790335
1718924432.574839354 -10.561030 -0.395355 0.021565 0.013310 -0.003884 0.612629 0.790249
1718924432.579802752 -10.560793 -0.393702 0.021547 0.013269 -0.003935 0.612754 0.790153
1718924432.584795237 -10.560556 -0.392038 0.021528 0.013208 -0.003969 0.612880 0.790055
1718924432.589850903 -10.560318 -0.390352 0.021502 0.013145 -0.003965 0.613012 0.789955
1718924432.594799280 -10.560086 -0.388698 0.021464 0.013101 -0.003926 0.613152 0.789847
1718924432.599786282 -10.559851 -0.387030 0.021413 0.013070 -0.003868 0.613294 0.789737
1718924432.599994183 -10.559841 -0.386961 0.021410 0.013069 -0.003866 0.613299 0.789733
1718924432.599994183 -10.559841 -0.386961 0.021410 0.013069 -0.003866 0.613299 0.789733
1718924432.604798317 -10.559612 -0.385356 0.021344 0.013049 -0.003833 0.613423 0.789637
1718924432.609794617 -10.559371 -0.383686 0.021276 0.013035 -0.003803 0.613547 0.789541
1718924432.614896297 -10.559121 -0.381979 0.021217 0.013035 -0.003799 0.613679 0.789439
1718924432.619852066 -10.558876 -0.380316 0.021179 0.013052 -0.003828 0.613811 0.789336
1718924432.624824524 -10.558627 -0.378644 0.021162 0.013083 -0.003893 0.613953 0.789224
1718924432.629804850 -10.558377 -0.376967 0.021155 0.013131 -0.003974 0.614098 0.789110
1718924432.634815454 -10.558128 -0.375280 0.021143 0.013206 -0.004036 0.614245 0.788994
1718924432.639857769 -10.557880 -0.373584 0.021113 0.013318 -0.004050 0.614392 0.788878
1718924432.644797802 -10.557639 -0.371922 0.021058 0.013425 -0.004012 0.614529 0.788770
1718924432.649805546 -10.557388 -0.370241 0.020980 0.013482 -0.003961 0.614663 0.788665
1718924432.654857397 -10.557127 -0.368546 0.020886 0.013493 -0.003919 0.614800 0.788558
1718924432.659806967 -10.556865 -0.366885 0.020789 0.013492 -0.003887 0.614931 0.788456
1718924432.664802790 -10.556597 -0.365209 0.020698 0.013486 -0.003867 0.615056 0.788359
1718924432.669807196 -10.556323 -0.363528 0.020627 0.013472 -0.003885 0.615185 0.788258
1718924432.674799919 -10.556043 -0.361848 0.020587 0.013438 -0.003956 0.615309 0.788162
1718924432.679794788 -10.555758 -0.360164 0.020577 0.013407 -0.004063 0.615436 0.788062
1718924432.684798479 -10.555471 -0.358475 0.020587 0.013404 -0.004169 0.615560 0.787965
1718924432.689834595 -10.555180 -0.356774 0.020601 0.013400 -0.004252 0.615682 0.787869
1718924432.694798231 -10.554893 -0.355098 0.020606 0.013354 -0.004323 0.615802 0.787776
1718924432.699793100 -10.554603 -0.353413 0.020593 0.013265 -0.004386 0.615925 0.787681
1718924432.699896097 -10.554597 -0.353378 0.020592 0.013263 -0.004387 0.615927 0.787679
1718924432.699896097 -10.554597 -0.353378 0.020592 0.013263 -0.004387 0.615927 0.787679
1718924432.704840183 -10.554317 -0.351715 0.020559 0.013163 -0.004423 0.616039 0.787593
1718924432.709798813 -10.554042 -0.350045 0.020501 0.013100 -0.004430 0.616147 0.787510
1718924432.714799166 -10.553767 -0.348358 0.020423 0.013088 -0.004426 0.616236 0.787441
1718924432.719801664 -10.553493 -0.346665 0.020334 0.013118 -0.004432 0.616320 0.787374
1718924432.754806280 -10.551604 -0.334758 0.019580 0.013268 -0.004691 0.617366 0.786550
1718924432.759835243 -10.551332 -0.333022 0.019431 0.013297 -0.004658 0.617534 0.786418
1718924432.764811277 -10.551060 -0.331304 0.019278 0.013322 -0.004618 0.617713 0.786277
1718924432.769884109 -10.550777 -0.329553 0.019121 0.013318 -0.004593 0.617892 0.786137
1718924432.774811029 -10.550494 -0.327853 0.018975 0.013277 -0.004598 0.618057 0.786008
1718924432.779802084 -10.550203 -0.326129 0.018838 0.013198 -0.004646 0.618226 0.785876
1718924432.784839153 -10.549908 -0.324389 0.018710 0.013086 -0.004732 0.618384 0.785753
1718924432.789800644 -10.549619 -0.322678 0.018594 0.012946 -0.004846 0.618518 0.785649
1718924432.794798851 -10.549328 -0.320958 0.018483 0.012798 -0.004962 0.618632 0.785561
1718924432.799802065 -10.549037 -0.319238 0.018373 0.012674 -0.005064 0.618718 0.785495
1718924432.799984217 -10.549027 -0.319176 0.018369 0.012672 -0.005067 0.618720 0.785493
1718924432.799984217 -10.549027 -0.319176 0.018369 0.012672 -0.005067 0.618720 0.785493
1718924432.804803848 -10.548741 -0.317511 0.018256 0.012606 -0.005148 0.618785 0.785442
1718924432.809841156 -10.548447 -0.315771 0.018131 0.012582 -0.005209 0.618833 0.785405
1718924432.814869642 -10.548156 -0.314034 0.017999 0.012590 -0.005259 0.618865 0.785379
1718924432.819833994 -10.547870 -0.312323 0.017862 0.012598 -0.005307 0.618890 0.785359
1718924432.824868917 -10.547583 -0.310588 0.017717 0.012609 -0.005334 0.618914 0.785340
1718924432.829883575 -10.547299 -0.308863 0.017568 0.012622 -0.005339 0.618935 0.785323
1718924432.834862947 -10.547017 -0.307151 0.017414 0.012623 -0.005352 0.618968 0.785297
1718924432.839847565 -10.546732 -0.305438 0.017256 0.012616 -0.005381 0.619020 0.785255
1718924432.844867229 -10.546445 -0.303712 0.017090 0.012626 -0.005414 0.619089 0.785201
1718924432.849815607 -10.546162 -0.302009 0.016923 0.012668 -0.005429 0.619166 0.785139
1718924432.854857445 -10.545875 -0.300274 0.016756 0.012739 -0.005436 0.619270 0.785056
1718924432.859813213 -10.545594 -0.298568 0.016599 0.012816 -0.005459 0.619417 0.784939
1718924432.864818096 -10.545309 -0.296842 0.016454 0.012888 -0.005507 0.619613 0.784783
1718924432.869820118 -10.545026 -0.295113 0.016322 0.012953 -0.005573 0.619838 0.784603
1718924432.874808311 -10.544748 -0.293387 0.016194 0.012999 -0.005646 0.620089 0.784403
1718924432.879806995 -10.544476 -0.291657 0.016062 0.013043 -0.005703 0.620383 0.784170
1718924432.884850264 -10.544207 -0.289912 0.015920 0.013091 -0.005740 0.620718 0.783904
1718924432.889839888 -10.543945 -0.288184 0.015770 0.013132 -0.005758 0.621069 0.783625
1718924432.894806385 -10.543686 -0.286463 0.015615 0.013154 -0.005776 0.621436 0.783333
1718924432.899800062 -10.543425 -0.284733 0.015465 0.013146 -0.005828 0.621816 0.783031
1718924432.900011063 -10.543414 -0.284660 0.015459 0.013144 -0.005831 0.621832 0.783018
1718924432.900011063 -10.543414 -0.284660 0.015459 0.013144 -0.005831 0.621832 0.783018
1718924432.904807806 -10.543175 -0.283020 0.015315 0.013111 -0.005895 0.622206 0.782722
1718924432.909799814 -10.542927 -0.281308 0.015188 0.013088 -0.005966 0.622609 0.782401
1718924432.914826155 -10.542682 -0.279580 0.015076 0.013083 -0.006017 0.623025 0.782070
1718924432.959811449 -10.540137 -0.264509 0.014920 0.012368 -0.007733 0.625747 0.779890
1718924432.964874268 -10.539806 -0.262781 0.015094 0.012299 -0.007916 0.626050 0.779646
1718924432.969917774 -10.539469 -0.261063 0.015285 0.012220 -0.008101 0.626339 0.779413
1718924432.974847317 -10.539135 -0.259388 0.015475 0.012139 -0.008259 0.626614 0.779192
1718924432.979849815 -10.538796 -0.257691 0.015656 0.012062 -0.008377 0.626893 0.778967
1718924432.984846354 -10.538459 -0.255998 0.015821 0.012003 -0.008460 0.627171 0.778743
1718924432.989839315 -10.538127 -0.254305 0.015972 0.011959 -0.008537 0.627443 0.778524
1718924432.994843245 -10.537797 -0.252606 0.016112 0.011915 -0.008619 0.627717 0.778303
1718924432.999866486 -10.537468 -0.250898 0.016248 0.011869 -0.008707 0.627993 0.778080
1718924433.004845619 -10.537145 -0.249202 0.016383 0.011833 -0.008773 0.628265 0.777860
1718924433.009797335 -10.536828 -0.247514 0.016519 0.011807 -0.008803 0.628530 0.777646
1718924433.014878273 -10.536506 -0.245782 0.016656 0.011797 -0.008807 0.628804 0.777424
1718924433.019822359 -10.536197 -0.244096 0.016790 0.011807 -0.008800 0.629066 0.777212
1718924433.024868727 -10.535884 -0.242373 0.016928 0.011834 -0.008785 0.629330 0.776999
1718924433.029814482 -10.535581 -0.240684 0.017067 0.011862 -0.008786 0.629580 0.776795
1718924433.034855843 -10.535274 -0.238960 0.017212 0.011893 -0.008804 0.629817 0.776602
1718924433.039824486 -10.534973 -0.237260 0.017356 0.011928 -0.008817 0.630045 0.776417
1718924433.044844151 -10.534673 -0.235545 0.017492 0.011975 -0.008818 0.630278 0.776227
1718924433.049804449 -10.534377 -0.233850 0.017609 0.012026 -0.008811 0.630494 0.776051
1718924433.054813385 -10.534079 -0.232140 0.017707 0.012066 -0.008809 0.630701 0.775882
1718924433.059847355 -10.533785 -0.230419 0.017789 0.012116 -0.008799 0.630899 0.775720
1718924433.064874172 -10.533499 -0.228698 0.017860 0.012187 -0.008761 0.631084 0.775569
1718924433.069812059 -10.533226 -0.227006 0.017927 0.012266 -0.008713 0.631245 0.775437
1718924433.074804306 -10.532953 -0.225295 0.018003 0.012325 -0.008672 0.631392 0.775317
1718924433.079807043 -10.532679 -0.223580 0.018088 0.012369 -0.008646 0.631534 0.775202
1718924433.084843874 -10.532405 -0.221854 0.018183 0.012412 -0.008626 0.631670 0.775090
1718924433.089845419 -10.532137 -0.220143 0.018285 0.012461 -0.008613 0.631796 0.774987
1718924433.094802856 -10.531877 -0.218450 0.018392 0.012507 -0.008611 0.631919 0.774886
1718924433.099806070 -10.531617 -0.216743 0.018503 0.012531 -0.008627 0.632038 0.774788
1718924433.099980116 -10.531608 -0.216684 0.018506 0.012531 -0.008629 0.632041 0.774785
1718924433.099980116 -10.531608 -0.216684 0.018506 0.012531 -0.008629 0.632041 0.774785
1718924433.104804277 -10.531365 -0.215038 0.018626 0.012528 -0.008670 0.632152 0.774695
1718924433.109807253 -10.531112 -0.213334 0.018755 0.012504 -0.008731 0.632260 0.774606
1718924433.114814281 -10.530858 -0.211632 0.018887 0.012470 -0.008796 0.632373 0.774514
1718924433.199855566 -10.525501 -0.182737 0.021162 0.012075 -0.009809 0.635673 0.771802
1718924433.199986219 -10.525492 -0.182693 0.021165 0.012075 -0.009811 0.635678 0.771798
1718924433.199986219 -10.525492 -0.182693 0.021165 0.012075 -0.009811 0.635678 0.771798
1718924433.204851627 -10.525132 -0.181043 0.021279 0.012054 -0.009897 0.635862 0.771646
1718924433.209846735 -10.524755 -0.179351 0.021396 0.012021 -0.010011 0.636043 0.771495
1718924433.214808941 -10.524376 -0.177672 0.021513 0.011975 -0.010126 0.636211 0.771356
1718924433.219823599 -10.523988 -0.175978 0.021631 0.011921 -0.010226 0.636369 0.771225
1718924433.224823475 -10.523597 -0.174293 0.021747 0.011861 -0.010310 0.636517 0.771102
1718924433.229840279 -10.523202 -0.172606 0.021861 0.011810 -0.010353 0.636670 0.770977
1718924433.234827042 -10.522809 -0.170931 0.021967 0.011788 -0.010354 0.636824 0.770850
1718924433.239840984 -10.522413 -0.169247 0.022066 0.011798 -0.010326 0.636968 0.770730
1718924433.244829178 -10.522018 -0.167571 0.022157 0.011837 -0.010295 0.637100 0.770622
1718924433.249871731 -10.521616 -0.165877 0.022243 0.011888 -0.010278 0.637218 0.770524
1718924433.254860878 -10.521212 -0.164203 0.022320 0.011935 -0.010274 0.637331 0.770429
1718924433.259822369 -10.520805 -0.162540 0.022387 0.011972 -0.010276 0.637438 0.770340
1718924433.264826536 -10.520391 -0.160866 0.022448 0.011998 -0.010276 0.637527 0.770266
1718924433.269829512 -10.519972 -0.159194 0.022504 0.012016 -0.010252 0.637599 0.770206
1718924433.274851561 -10.519546 -0.157516 0.022561 0.012031 -0.010208 0.637672 0.770147
1718924433.279813051 -10.519122 -0.155857 0.022621 0.012046 -0.010164 0.637739 0.770092
1718924433.284849167 -10.518685 -0.154172 0.022687 0.012063 -0.010116 0.637791 0.770048
1718924433.289813757 -10.518251 -0.152511 0.022755 0.012088 -0.010073 0.637837 0.770011
1718924433.294809580 -10.517811 -0.150842 0.022826 0.012112 -0.010039 0.637883 0.769972
1718924433.299815655 -10.517369 -0.149171 0.022899 0.012141 -0.010016 0.637926 0.769937
1718924433.299991131 -10.517354 -0.149113 0.022902 0.012143 -0.010015 0.637927 0.769936
1718924433.299991131 -10.517354 -0.149113 0.022902 0.012143 -0.010015 0.637927 0.769936
1718924433.304812193 -10.516932 -0.147507 0.022972 0.012189 -0.009988 0.637958 0.769910
1718924433.309815884 -10.516495 -0.145842 0.023044 0.012250 -0.009964 0.637990 0.769883
1718924433.314828634 -10.516059 -0.144178 0.023115 0.012316 -0.009934 0.638029 0.769850
1718924433.349816322 -10.513033 -0.132651 0.023451 0.012232 -0.009801 0.638321 0.769611
1718924433.354818106 -10.512597 -0.131010 0.023474 0.012238 -0.009774 0.638369 0.769571
1718924433.359817982 -10.512161 -0.129372 0.023494 0.012262 -0.009743 0.638412 0.769535
1718924433.364862680 -10.511722 -0.127723 0.023517 0.012309 -0.009715 0.638436 0.769515
1718924433.369884491 -10.511283 -0.126086 0.023543 0.012348 -0.009698 0.638457 0.769497
1718924433.374864578 -10.510843 -0.124468 0.023573 0.012363 -0.009694 0.638489 0.769471
1718924433.379853487 -10.510400 -0.122851 0.023610 0.012353 -0.009695 0.638521 0.769444
1718924433.384859085 -10.509953 -0.121231 0.023650 0.012341 -0.009696 0.638552 0.769419
1718924433.389814377 -10.509511 -0.119628 0.023690 0.012337 -0.009684 0.638577 0.769398
1718924433.394852638 -10.509059 -0.117999 0.023726 0.012346 -0.009668 0.638597 0.769382
1718924433.399813652 -10.508612 -0.116397 0.023755 0.012364 -0.009646 0.638615 0.769367
1718924433.399982214 -10.508597 -0.116342 0.023756 0.012364 -0.009646 0.638615 0.769366
1718924433.399982214 -10.508597 -0.116342 0.023756 0.012364 -0.009646 0.638615 0.769366
1718924433.404810429 -10.508164 -0.114785 0.023773 0.012373 -0.009625 0.638631 0.769354
1718924433.409854412 -10.507712 -0.113160 0.023789 0.012383 -0.009618 0.638642 0.769344
1718924433.414834023 -10.507265 -0.111558 0.023805 0.012398 -0.009620 0.638655 0.769333
1718924433.419845819 -10.506817 -0.109949 0.023822 0.012403 -0.009633 0.638663 0.769326
1718924433.424867392 -10.506367 -0.108342 0.023843 0.012400 -0.009663 0.638673 0.769318
1718924433.429836035 -10.505922 -0.106755 0.023869 0.012380 -0.009706 0.638681 0.769311
1718924433.434876680 -10.505472 -0.105147 0.023901 0.012357 -0.009735 0.638676 0.769315
1718924433.439824581 -10.505032 -0.103573 0.023936 0.012341 -0.009745 0.638670 0.769320
1718924433.444818974 -10.504591 -0.101985 0.023971 0.012327 -0.009754 0.638669 0.769321
1718924433.449865580 -10.504149 -0.100382 0.024004 0.012312 -0.009761 0.638657 0.769331
1718924433.454870224 -10.503712 -0.098794 0.024031 0.012293 -0.009759 0.638638 0.769347
1718924433.459819317 -10.503283 -0.097223 0.024052 0.012278 -0.009740 0.638617 0.769365
1718924433.464860916 -10.502849 -0.095624 0.024069 0.012266 -0.009718 0.638599 0.769380
1718924433.469881296 -10.502419 -0.094030 0.024088 0.012254 -0.009707 0.638587 0.769391
1718924433.474863291 -10.501993 -0.092446 0.024111 0.012248 -0.009702 0.638577 0.769399
1718924433.479839802 -10.501569 -0.090864 0.024137 0.012249 -0.009706 0.638571 0.769404
1718924433.484863758 -10.501142 -0.089268 0.024165 0.012259 -0.009705 0.638561 0.769412
1718924433.489811897 -10.500721 -0.087698 0.024192 0.012270 -0.009710 0.638562 0.769412
1718924433.494814157 -10.500296 -0.086112 0.024219 0.012262 -0.009710 0.638567 0.769407
1718924433.499851465 -10.499868 -0.084515 0.024242 0.012240 -0.009704 0.638579 0.769397
1718924433.499993086 -10.499856 -0.084470 0.024243 0.012240 -0.009704 0.638580 0.769397
1718924433.499993086 -10.499856 -0.084470 0.024243 0.012240 -0.009704 0.638580 0.769397
1718924433.504855156 -10.499443 -0.082928 0.024262 0.012232 -0.009685 0.638602 0.769379
1718924433.509812832 -10.499021 -0.081353 0.024278 0.012233 -0.009656 0.638630 0.769356
1718924433.514840364 -10.498590 -0.079753 0.024291 0.012233 -0.009619 0.638657 0.769334
1718924433.554824591 -10.495038 -0.067006 0.024538 0.012052 -0.009511 0.638929 0.769112
1718924433.559821844 -10.494579 -0.065411 0.024587 0.012038 -0.009492 0.638955 0.769092
1718924433.564827204 -10.494118 -0.063811 0.024636 0.012029 -0.009476 0.638978 0.769073
1718924433.569829226 -10.493658 -0.062210 0.024680 0.012028 -0.009459 0.638996 0.769058
1718924433.574815750 -10.493199 -0.060614 0.024716 0.012039 -0.009437 0.639009 0.769047
1718924433.579860926 -10.492733 -0.058999 0.024746 0.012045 -0.009406 0.639020 0.769038
1718924433.584854841 -10.492271 -0.057400 0.024772 0.012050 -0.009376 0.639026 0.769034
1718924433.589858055 -10.491809 -0.055797 0.024799 0.012055 -0.009349 0.639028 0.769032
1718924433.594814777 -10.491352 -0.054209 0.024828 0.012059 -0.009330 0.639029 0.769031
1718924433.599859476 -10.490886 -0.052592 0.024864 0.012046 -0.009325 0.639019 0.769040
1718924433.599986076 -10.490874 -0.052551 0.024865 0.012045 -0.009325 0.639019 0.769040
1718924433.599986076 -10.490874 -0.052551 0.024865 0.012045 -0.009325 0.639019 0.769040
1718924433.604857922 -10.490428 -0.050991 0.024903 0.012010 -0.009324 0.639001 0.769055
1718924433.609860897 -10.489971 -0.049388 0.024946 0.011966 -0.009315 0.638987 0.769068
1718924433.614831209 -10.489520 -0.047795 0.024990 0.011933 -0.009295 0.638970 0.769083
1718924433.619920254 -10.489061 -0.046163 0.025033 0.011921 -0.009261 0.638950 0.769101
1718924433.624837875 -10.488618 -0.044585 0.025070 0.011917 -0.009213 0.638921 0.769125
1718924433.629832506 -10.488170 -0.042981 0.025103 0.011919 -0.009147 0.638893 0.769149
1718924433.634831667 -10.487723 -0.041375 0.025130 0.011917 -0.009068 0.638872 0.769168
1718924433.639830351 -10.487276 -0.039769 0.025155 0.011910 -0.008993 0.638858 0.769180
1718924433.644823790 -10.486828 -0.038164 0.025185 0.011905 -0.008925 0.638853 0.769185
1718924433.649906397 -10.486374 -0.036529 0.025223 0.011909 -0.008865 0.638853 0.769186
1718924433.654875040 -10.485929 -0.034930 0.025269 0.011926 -0.008821 0.638861 0.769179
1718924433.659826994 -10.485484 -0.033335 0.025322 0.011953 -0.008778 0.638878 0.769165
1718924433.664874792 -10.485027 -0.031709 0.025380 0.011989 -0.008723 0.638905 0.769143
1718924433.669898510 -10.484570 -0.030093 0.025440 0.012023 -0.008638 0.638944 0.769111
1718924433.674868345 -10.484115 -0.028498 0.025500 0.012044 -0.008541 0.638995 0.769069
1718924433.679830790 -10.483659 -0.026906 0.025558 0.012067 -0.008439 0.639056 0.769020
1718924433.684824467 -10.483195 -0.025304 0.025615 0.012092 -0.008334 0.639129 0.768960
1718924433.689829111 -10.482727 -0.023699 0.025669 0.012125 -0.008240 0.639225 0.768880
1718924433.694875240 -10.482250 -0.022082 0.025722 0.012154 -0.008183 0.639329 0.768794
1718924433.699839592 -10.481773 -0.020488 0.025771 0.012174 -0.008166 0.639431 0.768709
1718924433.699970961 -10.481760 -0.020446 0.025773 0.012174 -0.008166 0.639434 0.768707
1718924433.699970961 -10.481760 -0.020446 0.025773 0.012174 -0.008166 0.639434 0.768707
1718924433.704882622 -10.481283 -0.018869 0.025821 0.012206 -0.008177 0.639528 0.768628
1718924433.709845543 -10.480797 -0.017273 0.025863 0.012242 -0.008191 0.639614 0.768555
1718924433.714899302 -10.480298 -0.015650 0.025897 0.012273 -0.008197 0.639698 0.768485
1718924433.759895802 -10.476098 -0.001219 0.025970 0.012180 -0.007900 0.639484 0.768667
1718924433.764946699 -10.475656 0.000407 0.025969 0.012184 -0.007894 0.639449 0.768697
1718924433.769901037 -10.475226 0.002003 0.025968 0.012183 -0.007907 0.639401 0.768736
1718924433.774978876 -10.474792 0.003639 0.025968 0.012176 -0.007923 0.639354 0.768775
1718924433.779913902 -10.474375 0.005230 0.025974 0.012173 -0.007932 0.639312 0.768810
1718924433.784951448 -10.473955 0.006857 0.025986 0.012178 -0.007930 0.639260 0.768853
1718924433.789914370 -10.473545 0.008462 0.026004 0.012182 -0.007916 0.639207 0.768897
1718924433.794919491 -10.473137 0.010083 0.026026 0.012190 -0.007887 0.639166 0.768932
1718924433.799924374 -10.472732 0.011706 0.026046 0.012200 -0.007851 0.639137 0.768956
1718924433.799990177 -10.472727 0.011727 0.026046 0.012200 -0.007850 0.639137 0.768956
1718924433.799990177 -10.472727 0.011727 0.026046 0.012200 -0.007850 0.639137 0.768956
1718924433.804929256 -10.472330 0.013328 0.026065 0.012203 -0.007812 0.639123 0.768968
1718924433.809932947 -10.471929 0.014953 0.026079 0.012205 -0.007784 0.639113 0.768977
1718924433.814964294 -10.471527 0.016587 0.026087 0.012203 -0.007765 0.639114 0.768976
1718924433.819990635 -10.471128 0.018223 0.026092 0.012206 -0.007758 0.639130 0.768963
1718924433.824972153 -10.470734 0.019847 0.026097 0.012218 -0.007757 0.639152 0.768944
1718924433.829963684 -10.470339 0.021477 0.026102 0.012232 -0.007751 0.639180 0.768921
1718924433.835004330 -10.469939 0.023123 0.026107 0.012254 -0.007739 0.639222 0.768886
1718924433.840010166 -10.469539 0.024758 0.026114 0.012281 -0.007726 0.639271 0.768844
1718924433.845011473 -10.469137 0.026396 0.026124 0.012298 -0.007704 0.639333 0.768793
1718924433.850025415 -10.468730 0.028046 0.026136 0.012307 -0.007685 0.639405 0.768733
1718924433.855022430 -10.468321 0.029697 0.026146 0.012306 -0.007665 0.639475 0.768675
1718924433.859970331 -10.467913 0.031339 0.026151 0.012300 -0.007637 0.639545 0.768617
1718924433.865020990 -10.467492 0.033021 0.026150 0.012299 -0.007600 0.639620 0.768555
1718924433.869990349 -10.467072 0.034682 0.026144 0.012306 -0.007555 0.639689 0.768498
1718924433.874971867 -10.466648 0.036353 0.026136 0.012309 -0.007525 0.639753 0.768445
1718924433.880019188 -10.466214 0.038051 0.026128 0.012307 -0.007515 0.639818 0.768391
1718924433.885010481 -10.465782 0.039735 0.026122 0.012311 -0.007506 0.639872 0.768346
1718924433.890005827 -10.465346 0.041424 0.026118 0.012323 -0.007495 0.639911 0.768313
1718924433.895010233 -10.464906 0.043120 0.026120 0.012321 -0.007482 0.639946 0.768285
1718924433.900004148 -10.464464 0.044816 0.026129 0.012307 -0.007458 0.639975 0.768261
1718924433.900015831 -10.464463 0.044820 0.026130 0.012307 -0.007457 0.639975 0.768261
1718924433.900015831 -10.464463 0.044820 0.026130 0.012307 -0.007457 0.639975 0.768261
1718924433.905014038 -10.464018 0.046517 0.026133 0.012295 -0.007419 0.639995 0.768245
1718924433.909967661 -10.463576 0.048203 0.026139 0.012293 -0.007378 0.640002 0.768239
1718924433.915036678 -10.463123 0.049931 0.026142 0.012299 -0.007329 0.639993 0.768248
1718924433.960028172 -10.459050 0.064937 0.025906 0.012086 -0.006901 0.639619 0.768566
1718924433.964984417 -10.458623 0.066601 0.025905 0.012089 -0.006871 0.639596 0.768585
1718924433.969989777 -10.458192 0.068283 0.025901 0.012099 -0.006838 0.639573 0.768605
1718924433.975022078 -10.457759 0.069977 0.025894 0.012119 -0.006818 0.639559 0.768616
1718924433.980013609 -10.457331 0.071656 0.025884 0.012138 -0.006819 0.639557 0.768617
1718924433.985022545 -10.456906 0.073342 0.025872 0.012161 -0.006837 0.639565 0.768611
1718924433.990012407 -10.456487 0.075021 0.025857 0.012182 -0.006860 0.639575 0.768601
1718924433.995017290 -10.456070 0.076702 0.025840 0.012192 -0.006891 0.639599 0.768581
1718924434.000012398 -10.455657 0.078380 0.025824 0.012191 -0.006939 0.639641 0.768546
1718924434.004995346 -10.455246 0.080057 0.025813 0.012174 -0.006991 0.639693 0.768502
1718924434.010012627 -10.454836 0.081752 0.025807 0.012150 -0.007033 0.639755 0.768451
1718924434.015046597 -10.454430 0.083462 0.025808 0.012126 -0.007059 0.639825 0.768393
1718924434.020051003 -10.454031 0.085170 0.025813 0.012115 -0.007059 0.639904 0.768327
1718924434.025019407 -10.453641 0.086877 0.025816 0.012118 -0.007052 0.639990 0.768255
1718924434.030031681 -10.453250 0.088606 0.025814 0.012123 -0.007035 0.640085 0.768176
1718924434.035032749 -10.452861 0.090337 0.025806 0.012119 -0.007021 0.640185 0.768093
1718924434.040046930 -10.452474 0.092078 0.025792 0.012110 -0.007015 0.640288 0.768008
1718924434.045029402 -10.452091 0.093815 0.025776 0.012115 -0.007011 0.640393 0.767920
1718924434.050019503 -10.451709 0.095558 0.025759 0.012129 -0.007013 0.640487 0.767841
1718924434.055032015 -10.451325 0.097313 0.025744 0.012140 -0.007014 0.640570 0.767772
1718924434.060019016 -10.450941 0.099062 0.025734 0.012146 -0.007019 0.640639 0.767714
1718924434.065015793 -10.450553 0.100819 0.025728 0.012146 -0.007023 0.640700 0.767664
1718924434.069979906 -10.450166 0.102568 0.025723 0.012144 -0.007016 0.640751 0.767621
1718924434.075015068 -10.449771 0.104343 0.025717 0.012147 -0.006979 0.640803 0.767578
1718924434.079979420 -10.449378 0.106096 0.025705 0.012160 -0.006931 0.640851 0.767538
1718924434.085008383 -10.448975 0.107876 0.025690 0.012170 -0.006896 0.640887 0.767508
1718924434.090021610 -10.448569 0.109654 0.025676 0.012177 -0.006899 0.640916 0.767483
1718924434.095031977 -10.448160 0.111435 0.025662 0.012179 -0.006922 0.640963 0.767444
1718924434.099977016 -10.447756 0.113194 0.025650 0.012182 -0.006966 0.641030 0.767388
1718924434.099977016 -10.447756 0.113194 0.025650 0.012182 -0.006966 0.641030 0.767388
1718924434.100021839 -10.447753 0.113210 0.025650 0.012181 -0.006966 0.641030 0.767387
1718924434.105016947 -10.447347 0.114996 0.025650 0.012182 -0.007034 0.641108 0.767321
1718924434.110022068 -10.446937 0.116784 0.025663 0.012161 -0.007128 0.641198 0.767246
1718924434.115039587 -10.446526 0.118575 0.025694 0.012108 -0.007251 0.641304 0.767157
1718924434.159996986 -10.443186 0.134720 0.026009 0.010930 -0.008024 0.644071 0.764846
1718924434.164993525 -10.442875 0.136553 0.026028 0.010834 -0.008154 0.644381 0.764585
1718924434.169995070 -10.442575 0.138394 0.026054 0.010759 -0.008270 0.644694 0.764320
1718924434.174999952 -10.442287 0.140240 0.026089 0.010706 -0.008375 0.644996 0.764065
1718924434.179998398 -10.442009 0.142086 0.026130 0.010661 -0.008473 0.645286 0.763820
1718924434.185061216 -10.441733 0.143955 0.026174 0.010611 -0.008560 0.645564 0.763584
1718924434.190000296 -10.441470 0.145776 0.026213 0.010552 -0.008637 0.645813 0.763373
1718924434.194993019 -10.441209 0.147613 0.026249 0.010472 -0.008715 0.646046 0.763177
1718924434.199988127 -10.440950 0.149447 0.026279 0.010379 -0.008808 0.646251 0.763003
1718924434.199988127 -10.440950 0.149447 0.026279 0.010379 -0.008808 0.646251 0.763003
1718924434.200032711 -10.440948 0.149464 0.026279 0.010377 -0.008808 0.646253 0.763002
1718924434.205025434 -10.440694 0.151299 0.026306 0.010276 -0.008905 0.646418 0.762862
1718924434.209982872 -10.440442 0.153122 0.026332 0.010182 -0.009006 0.646554 0.762747
1718924434.215050936 -10.440184 0.154985 0.026361 0.010093 -0.009115 0.646670 0.762649
1718924434.220067501 -10.439928 0.156829 0.026397 0.010016 -0.009234 0.646766 0.762567
1718924434.225031376 -10.439674 0.158654 0.026439 0.009958 -0.009345 0.646838 0.762505
1718924434.230021000 -10.439419 0.160488 0.026484 0.009916 -0.009445 0.646894 0.762457
1718924434.235038280 -10.439163 0.162326 0.026528 0.009871 -0.009533 0.646942 0.762416
1718924434.240032196 -10.438907 0.164152 0.026570 0.009822 -0.009611 0.646986 0.762378
1718924434.244990110 -10.438652 0.165964 0.026608 0.009768 -0.009678 0.647023 0.762346
1718924434.249992847 -10.438391 0.167793 0.026643 0.009705 -0.009751 0.647057 0.762318
1718924434.254994154 -10.438128 0.169622 0.026675 0.009641 -0.009829 0.647092 0.762288
1718924434.259981155 -10.437862 0.171453 0.026706 0.009576 -0.009909 0.647130 0.762255
1718924434.265044451 -10.437593 0.173318 0.026740 0.009513 -0.009997 0.647176 0.762216
1718924434.270054340 -10.437324 0.175170 0.026777 0.009435 -0.010105 0.647237 0.762164
1718924434.275047779 -10.437055 0.177021 0.026815 0.009345 -0.010227 0.647322 0.762091
1718924434.280020952 -10.436787 0.178870 0.026846 0.009252 -0.010318 0.647422 0.762006
1718924434.285031080 -10.436519 0.180736 0.026863 0.009167 -0.010380 0.647538 0.761907
1718924434.290027142 -10.436253 0.182599 0.026864 0.009088 -0.010414 0.647666 0.761799
1718924434.295023680 -10.435988 0.184468 0.026850 0.009014 -0.010430 0.647808 0.761679
1718924434.299981356 -10.435724 0.186329 0.026826 0.008950 -0.010428 0.647964 0.761547
1718924434.299996853 -10.435723 0.186335 0.026826 0.008949 -0.010427 0.647964 0.761547
1718924434.299996853 -10.435723 0.186335 0.026826 0.008949 -0.010427 0.647964 0.761547
1718924434.304973841 -10.435456 0.188209 0.026797 0.008910 -0.010416 0.648140 0.761398
1718924434.310030222 -10.435184 0.190118 0.026768 0.008888 -0.010392 0.648338 0.761230
1718924434.314999819 -10.434914 0.191998 0.026750 0.008862 -0.010367 0.648547 0.761053
1718924434.354998827 -10.432768 0.207231 0.026779 0.009486 -0.009692 0.650683 0.759228
1718924434.359993219 -10.432506 0.209145 0.026800 0.009575 -0.009661 0.650962 0.758989
1718924434.364995480 -10.432241 0.211064 0.026824 0.009638 -0.009648 0.651246 0.758744
1718924434.369991779 -10.431976 0.212986 0.026849 0.009677 -0.009642 0.651518 0.758510
1718924434.375003576 -10.431712 0.214921 0.026869 0.009705 -0.009634 0.651784 0.758281
1718924434.379986286 -10.431453 0.216852 0.026879 0.009720 -0.009624 0.652046 0.758056
1718924434.384979248 -10.431195 0.218792 0.026879 0.009716 -0.009610 0.652296 0.757841
1718924434.389989853 -10.430936 0.220745 0.026867 0.009698 -0.009593 0.652527 0.757642
1718924434.395023823 -10.430677 0.222710 0.026843 0.009678 -0.009570 0.652737 0.757463
1718924434.399980783 -10.430426 0.224648 0.026810 0.009661 -0.009545 0.652923 0.757302
1718924434.399990082 -10.430425 0.224652 0.026810 0.009661 -0.009545 0.652923 0.757302
1718924434.399990082 -10.430425 0.224652 0.026810 0.009661 -0.009545 0.652923 0.757302
1718924434.404978275 -10.430173 0.226606 0.026773 0.009628 -0.009514 0.653085 0.757164
1718924434.409989357 -10.429920 0.228572 0.026738 0.009578 -0.009482 0.653230 0.757039
1718924434.414999485 -10.429667 0.230540 0.026712 0.009530 -0.009449 0.653352 0.756936
1718924434.420008898 -10.429416 0.232511 0.026697 0.009491 -0.009418 0.653444 0.756856
1718924434.425000906 -10.429165 0.234476 0.026691 0.009468 -0.009391 0.653515 0.756796
1718924434.429988146 -10.428911 0.236439 0.026691 0.009457 -0.009370 0.653555 0.756762
1718924434.434992313 -10.428656 0.238408 0.026692 0.009470 -0.009344 0.653577 0.756743
1718924434.440043449 -10.428395 0.240392 0.026692 0.009495 -0.009300 0.653579 0.756742
1718924434.445024014 -10.428135 0.242345 0.026692 0.009513 -0.009254 0.653561 0.756758
1718924434.449988842 -10.427871 0.244289 0.026696 0.009523 -0.009208 0.653519 0.756794
1718924434.454998732 -10.427602 0.246247 0.026706 0.009534 -0.009158 0.653469 0.756838
1718924434.459992170 -10.427329 0.248197 0.026725 0.009552 -0.009095 0.653428 0.756874
1718924434.465076447 -10.427045 0.250185 0.026754 0.009564 -0.009031 0.653400 0.756899
1718924434.470044613 -10.426761 0.252130 0.026790 0.009586 -0.008960 0.653390 0.756908
1718924434.474995852 -10.426473 0.254068 0.026829 0.009617 -0.008886 0.653395 0.756904
1718924434.479988813 -10.426176 0.256027 0.026870 0.009649 -0.008833 0.653418 0.756884
1718924434.484994650 -10.425869 0.257998 0.026914 0.009670 -0.008837 0.653459 0.756848
1718924434.489996195 -10.425554 0.259973 0.026960 0.009673 -0.008888 0.653522 0.756794
1718924434.495033503 -10.425235 0.261963 0.027001 0.009682 -0.008954 0.653617 0.756711
1718924434.499982119 -10.424919 0.263919 0.027033 0.009695 -0.009007 0.653738 0.756605
1718924434.499993086 -10.424918 0.263923 0.027033 0.009695 -0.009007 0.653738 0.756605
1718924434.499993086 -10.424918 0.263923 0.027033 0.009695 -0.009007 0.653738 0.756605
1718924434.504975557 -10.424599 0.265897 0.027055 0.009706 -0.009050 0.653877 0.756484
1718924434.509991884 -10.424275 0.267889 0.027067 0.009723 -0.009073 0.654040 0.756343
1718924434.515005350 -10.423948 0.269887 0.027070 0.009751 -0.009074 0.654219 0.756188
1718924434.555002689 -10.421213 0.285843 0.027035 0.009815 -0.009176 0.654736 0.755739
1718924434.559992552 -10.420855 0.287831 0.027022 0.009838 -0.009209 0.654774 0.755705
1718924434.564993620 -10.420493 0.289821 0.027005 0.009850 -0.009236 0.654780 0.755699
1718924434.570011616 -10.420126 0.291817 0.026987 0.009832 -0.009255 0.654770 0.755708
1718924434.575052261 -10.419754 0.293824 0.026968 0.009801 -0.009265 0.654746 0.755729
1718924434.579983234 -10.419391 0.295791 0.026951 0.009776 -0.009257 0.654703 0.755767
1718924434.584975719 -10.419026 0.297787 0.026937 0.009759 -0.009239 0.654646 0.755816
1718924434.589987755 -10.418659 0.299792 0.026927 0.009750 -0.009243 0.654576 0.755877
1718924434.594990492 -10.418295 0.301798 0.026924 0.009759 -0.009270 0.654512 0.755931
1718924434.599986076 -10.417936 0.303801 0.026925 0.009785 -0.009301 0.654451 0.755984
1718924434.599992037 -10.417935 0.303804 0.026925 0.009785 -0.009301 0.654451 0.755984
1718924434.599992037 -10.417935 0.303804 0.026925 0.009785 -0.009301 0.654451 0.755984
1718924434.604991674 -10.417612 0.305750 0.026911 0.009837 -0.009348 0.654389 0.756036
1718924434.609986067 -10.417294 0.307694 0.026896 0.009882 -0.009400 0.654332 0.756084
1718924434.614984035 -10.416978 0.309640 0.026880 0.009911 -0.009455 0.654282 0.756126
1718924434.620012283 -10.416666 0.311599 0.026865 0.009921 -0.009513 0.654255 0.756149
1718924434.624988556 -10.416364 0.313542 0.026851 0.009919 -0.009578 0.654249 0.756153
1718924434.629989862 -10.416069 0.315501 0.026839 0.009905 -0.009648 0.654264 0.756140
1718924434.634985209 -10.415783 0.317466 0.026830 0.009889 -0.009714 0.654287 0.756119
1718924434.639998436 -10.415505 0.319446 0.026820 0.009874 -0.009781 0.654332 0.756079
1718924434.644981623 -10.415239 0.321422 0.026806 0.009875 -0.009847 0.654384 0.756034
1718924434.649996758 -10.414980 0.323417 0.026786 0.009898 -0.009899 0.654436 0.755988
1718924434.654986382 -10.414733 0.325407 0.026761 0.009930 -0.009941 0.654509 0.755924
1718924434.659983397 -10.414493 0.327404 0.026731 0.009956 -0.009989 0.654594 0.755849
1718924434.664995909 -10.414259 0.329411 0.026697 0.009971 -0.010033 0.654675 0.755778
1718924434.669988155 -10.414032 0.331415 0.026660 0.009966 -0.010064 0.654748 0.755714
1718924434.674988747 -10.413809 0.333426 0.026623 0.009936 -0.010084 0.654826 0.755647
1718924434.679992676 -10.413590 0.335443 0.026588 0.009897 -0.010101 0.654905 0.755579
1718924434.684980631 -10.413372 0.337458 0.026556 0.009865 -0.010115 0.654974 0.755520
1718924434.689976692 -10.413156 0.339481 0.026523 0.009846 -0.010145 0.655031 0.755470
1718924434.694989920 -10.412939 0.341514 0.026491 0.009836 -0.010186 0.655076 0.755431
1718924434.699898243 -10.412725 0.343506 0.026461 0.009832 -0.010240 0.655099 0.755410
1718924434.699898243 -10.412725 0.343506 0.026461 0.009832 -0.010240 0.655099 0.755410
1718924434.699977398 -10.412032 0.330244 0.038431 0.010130 -0.009667 0.654716 0.755745
1718924434.699995995 -10.411990 0.329459 0.039146 0.010148 -0.009632 0.654693 0.755765
1718924434.699995995 -10.411990 0.329459 0.039146 0.010148 -0.009632 0.654693 0.755765
1718924434.705001116 -10.411869 0.331055 0.039045 0.010145 -0.009681 0.654710 0.755750
1718924434.709989548 -10.411747 0.332646 0.038946 0.010148 -0.009716 0.654716 0.755745
1718924434.715044260 -10.411622 0.334252 0.038845 0.010142 -0.009748 0.654713 0.755747
1718924434.754998684 -10.410333 0.346921 0.038156 0.010428 -0.010147 0.654331 0.756069
1718924434.759992838 -10.410137 0.348488 0.038067 0.010463 -0.010197 0.654288 0.756104
1718924434.764987946 -10.409933 0.350053 0.037981 0.010494 -0.010243 0.654249 0.756137
1718924434.769995689 -10.409720 0.351618 0.037893 0.010524 -0.010281 0.654213 0.756167
1718924434.774991035 -10.409502 0.353176 0.037806 0.010545 -0.010296 0.654189 0.756187
1718924434.779985905 -10.409276 0.354734 0.037719 0.010550 -0.010294 0.654180 0.756195
1718924434.784990788 -10.409044 0.356298 0.037632 0.010547 -0.010286 0.654172 0.756203
1718924434.789996386 -10.408805 0.357864 0.037541 0.010543 -0.010283 0.654165 0.756208
1718924434.795031071 -10.408560 0.359442 0.037444 0.010554 -0.010292 0.654164 0.756209
1718924434.800005674 -10.408313 0.361006 0.037342 0.010579 -0.010306 0.654179 0.756196
1718924434.805003643 -10.408063 0.362580 0.037237 0.010619 -0.010320 0.654199 0.756177
1718924434.809988737 -10.407812 0.364152 0.037130 0.010665 -0.010333 0.654221 0.756158
1718924434.815004349 -10.407557 0.365732 0.037021 0.010707 -0.010346 0.654246 0.756136
1718924434.820015907 -10.407301 0.367309 0.036911 0.010741 -0.010340 0.654271 0.756114
1718924434.824995995 -10.407048 0.368875 0.036803 0.010767 -0.010319 0.654300 0.756088
1718924434.830005407 -10.406794 0.370449 0.036698 0.010782 -0.010300 0.654323 0.756068
1718924434.835003138 -10.406540 0.372023 0.036598 0.010796 -0.010284 0.654339 0.756054
1718924434.840023279 -10.406286 0.373605 0.036503 0.010811 -0.010270 0.654353 0.756042
1718924434.844984293 -10.406035 0.375170 0.036409 0.010830 -0.010263 0.654369 0.756028
1718924434.849994898 -10.405784 0.376751 0.036310 0.010859 -0.010254 0.654384 0.756015
1718924434.854999065 -10.405535 0.378330 0.036205 0.010904 -0.010250 0.654385 0.756014
1718924434.859985828 -10.405291 0.379902 0.036098 0.010950 -0.010249 0.654389 0.756009
1718924434.864991665 -10.405049 0.381477 0.035991 0.011006 -0.010250 0.654393 0.756005
1718924434.869996548 -10.404810 0.383049 0.035886 0.011055 -0.010250 0.654379 0.756017
1718924434.874981165 -10.404575 0.384611 0.035786 0.011099 -0.010243 0.654362 0.756030
1718924434.879987717 -10.404341 0.386177 0.035688 0.011138 -0.010230 0.654355 0.756036
1718924434.884991407 -10.404108 0.387741 0.035594 0.011163 -0.010221 0.654353 0.756038
1718924434.889987946 -10.403878 0.389302 0.035502 0.011180 -0.010208 0.654343 0.756046
1718924434.894992113 -10.403651 0.390866 0.035409 0.011192 -0.010202 0.654330 0.756058
1718924434.900007248 -10.403425 0.392434 0.035313 0.011208 -0.010202 0.654327 0.756060
1718924434.900007248 -10.403425 0.392434 0.035313 0.011208 -0.010202 0.654327 0.756060
1718924434.900017262 -10.403425 0.392438 0.035313 0.011208 -0.010202 0.654327 0.756060
1718924434.904985666 -10.403204 0.393983 0.035207 0.011226 -0.010205 0.654326 0.756061
1718924434.910001040 -10.402983 0.395544 0.035093 0.011242 -0.010213 0.654324 0.756061
1718924434.915021181 -10.402763 0.397107 0.034976 0.011269 -0.010226 0.654328 0.756058
1718924434.920013666 -10.402546 0.398660 0.034857 0.011306 -0.010235 0.654333 0.756053
1718924434.925000191 -10.402331 0.400209 0.034740 0.011327 -0.010234 0.654340 0.756046
1718924434.995032072 -10.399212 0.421343 0.033510 0.011421 -0.010070 0.654310 0.756073
1718924434.999960899 -10.398978 0.422848 0.033468 0.011423 -0.010040 0.654309 0.756074
1718924434.999960899 -10.398978 0.422848 0.033468 0.011423 -0.010040 0.654309 0.756074
1718924434.999994516 -10.398977 0.422859 0.033468 0.011424 -0.010041 0.654309 0.756074
1718924435.004978895 -10.398737 0.424385 0.033416 0.011426 -0.010020 0.654311 0.756073
1718924435.009995461 -10.398493 0.425920 0.033353 0.011435 -0.010015 0.654312 0.756072
1718924435.015004873 -10.398246 0.427453 0.033279 0.011448 -0.010030 0.654315 0.756069
1718924435.020019770 -10.397997 0.428988 0.033198 0.011469 -0.010059 0.654330 0.756056
1718924435.024999857 -10.397747 0.430514 0.033116 0.011500 -0.010093 0.654355 0.756033
1718924435.029998779 -10.397493 0.432047 0.033036 0.011549 -0.010115 0.654377 0.756013
1718924435.034987450 -10.397238 0.433575 0.032963 0.011604 -0.010120 0.654393 0.755998
1718924435.040091991 -10.396975 0.435135 0.032896 0.011644 -0.010105 0.654422 0.755972
1718924435.045039415 -10.396717 0.436647 0.032839 0.011657 -0.010080 0.654453 0.755945
1718924435.049990892 -10.396459 0.438160 0.032788 0.011654 -0.010060 0.654481 0.755922
1718924435.054994822 -10.396195 0.439690 0.032738 0.011635 -0.010057 0.654508 0.755899
1718924435.059996605 -10.395929 0.441222 0.032682 0.011611 -0.010072 0.654537 0.755874
1718924435.064994335 -10.395662 0.442755 0.032612 0.011605 -0.010090 0.654563 0.755851
1718924435.069983482 -10.395395 0.444287 0.032528 0.011614 -0.010102 0.654580 0.755836
1718924435.074996948 -10.395127 0.445829 0.032431 0.011637 -0.010113 0.654598 0.755820
1718924435.080002069 -10.394861 0.447370 0.032332 0.011676 -0.010128 0.654608 0.755810
1718924435.084996700 -10.394595 0.448907 0.032237 0.011724 -0.010136 0.654613 0.755806
1718924435.090031385 -10.394328 0.450456 0.032151 0.011767 -0.010142 0.654607 0.755810
1718924435.095036507 -10.394063 0.451994 0.032079 0.011785 -0.010149 0.654598 0.755817
1718924435.099994659 -10.393803 0.453519 0.032019 0.011770 -0.010148 0.654590 0.755824
1718924435.104999065 -10.393542 0.455058 0.031964 0.011743 -0.010141 0.654572 0.755840
1718924435.109993458 -10.393284 0.456597 0.031909 0.011728 -0.010122 0.654555 0.755856
1718924435.115005493 -10.393027 0.458144 0.031847 0.011732 -0.010101 0.654531 0.755877
1718924435.140041351 -10.391771 0.465944 0.031564 0.011856 -0.010257 0.654540 0.755865
1718924435.145000935 -10.391529 0.467487 0.031540 0.011872 -0.010257 0.654544 0.755861
1718924435.150006533 -10.391284 0.469045 0.031527 0.011882 -0.010234 0.654549 0.755857
1718924435.154992342 -10.391042 0.470600 0.031524 0.011884 -0.010207 0.654558 0.755850
1718924435.160002708 -10.390799 0.472164 0.031527 0.011893 -0.010189 0.654585 0.755826
1718924435.165013075 -10.390556 0.473733 0.031530 0.011900 -0.010176 0.654626 0.755791
1718924435.169991255 -10.390315 0.475293 0.031524 0.011894 -0.010177 0.654667 0.755755
1718924435.175039768 -10.390068 0.476877 0.031506 0.011892 -0.010187 0.654714 0.755714
1718924435.180032730 -10.389824 0.478446 0.031476 0.011897 -0.010200 0.654761 0.755674
1718924435.185035467 -10.389577 0.480022 0.031438 0.011902 -0.010208 0.654807 0.755634
1718924435.190000296 -10.389331 0.481590 0.031399 0.011925 -0.010206 0.654853 0.755593
1718924435.194995403 -10.389081 0.483170 0.031366 0.011952 -0.010203 0.654892 0.755559
1718924435.199984074 -10.388828 0.484750 0.031341 0.011975 -0.010199 0.654928 0.755527
1718924435.200008154 -10.388826 0.484758 0.031341 0.011976 -0.010200 0.654928 0.755527
1718924435.200008154 -10.388826 0.484758 0.031341 0.011976 -0.010200 0.654928 0.755527
1718924435.204998255 -10.388569 0.486328 0.031342 0.011980 -0.010193 0.654960 0.755500
1718924435.209993124 -10.388310 0.487900 0.031351 0.011958 -0.010179 0.654986 0.755477
1718924435.215029716 -10.388048 0.489487 0.031364 0.011919 -0.010162 0.655008 0.755460
1718924435.220005989 -10.387788 0.491056 0.031373 0.011886 -0.010145 0.655019 0.755451
1718924435.225018501 -10.387523 0.492639 0.031375 0.011877 -0.010127 0.655014 0.755455
1718924435.230007410 -10.387259 0.494217 0.031367 0.011889 -0.010108 0.654994 0.755473
1718924435.235004902 -10.386992 0.495803 0.031348 0.011908 -0.010102 0.654973 0.755491
1718924435.239996672 -10.386724 0.497390 0.031324 0.011921 -0.010112 0.654953 0.755508
1718924435.245059490 -10.386451 0.499005 0.031300 0.011928 -0.010137 0.654931 0.755527
1718924435.250084877 -10.386180 0.500610 0.031282 0.011923 -0.010168 0.654911 0.755544
1718924435.255025387 -10.385913 0.502190 0.031274 0.011912 -0.010196 0.654886 0.755565
1718924435.260009289 -10.385644 0.503786 0.031278 0.011892 -0.010206 0.654863 0.755585
1718924435.264998436 -10.385376 0.505386 0.031294 0.011873 -0.010198 0.654834 0.755610
1718924435.269998074 -10.385112 0.506992 0.031318 0.011860 -0.010181 0.654802 0.755639
1718924435.274996042 -10.384851 0.508600 0.031343 0.011862 -0.010167 0.654784 0.755655
1718924435.280029774 -10.384589 0.510221 0.031363 0.011865 -0.010172 0.654768 0.755668
1718924435.284994125 -10.384332 0.511821 0.031374 0.011861 -0.010194 0.654753 0.755681
1718924435.290000200 -10.384076 0.513436 0.031375 0.011850 -0.010237 0.654745 0.755688
1718924435.294995546 -10.383825 0.515049 0.031371 0.011835 -0.010286 0.654742 0.755690
1718924435.299985886 -10.383579 0.516660 0.031364 0.011826 -0.010336 0.654744 0.755687
1718924435.299985886 -10.383579 0.516660 0.031364 0.011826 -0.010336 0.654744 0.755687
1718924435.299998999 -10.383578 0.516664 0.031364 0.011826 -0.010336 0.654744 0.755687
1718924435.304996014 -10.383336 0.518281 0.031340 0.011832 -0.010366 0.654745 0.755686
1718924435.310041666 -10.383095 0.519914 0.031320 0.011852 -0.010373 0.654745 0.755686
1718924435.350064754 -10.381159 0.532882 0.030828 0.012013 -0.010676 0.654787 0.755642
1718924435.355022192 -10.380917 0.534494 0.030773 0.012029 -0.010687 0.654795 0.755636
1718924435.360004187 -10.380671 0.536115 0.030719 0.012039 -0.010686 0.654799 0.755631
1718924435.365003586 -10.380421 0.537740 0.030671 0.012040 -0.010687 0.654801 0.755630
1718924435.369998932 -10.380170 0.539364 0.030633 0.012019 -0.010690 0.654805 0.755627
1718924435.374993324 -10.379917 0.540988 0.030603 0.011974 -0.010691 0.654812 0.755621
1718924435.379998207 -10.379661 0.542615 0.030580 0.011919 -0.010688 0.654824 0.755612
1718924435.385036707 -10.379403 0.544254 0.030558 0.011882 -0.010673 0.654833 0.755605
1718924435.390030146 -10.379144 0.545877 0.030532 0.011878 -0.010645 0.654835 0.755604
1718924435.395035028 -10.378882 0.547499 0.030497 0.011892 -0.010624 0.654839 0.755600
1718924435.399991989 -10.378619 0.549101 0.030453 0.011905 -0.010611 0.654847 0.755593
1718924435.399991989 -10.378619 0.549101 0.030453 0.011905 -0.010611 0.654847 0.755593
1718924435.400039673 -10.378617 0.549116 0.030451 0.011905 -0.010612 0.654847 0.755593
1718924435.404995680 -10.378354 0.550708 0.030400 0.011911 -0.010614 0.654854 0.755587
1718924435.410001040 -10.378087 0.552311 0.030349 0.011920 -0.010631 0.654857 0.755584
1718924435.415072441 -10.377813 0.553931 0.030305 0.011929 -0.010645 0.654858 0.755583
1718924435.420062780 -10.377540 0.555520 0.030271 0.011947 -0.010643 0.654861 0.755580
1718924435.425027609 -10.377264 0.557096 0.030246 0.011965 -0.010622 0.654863 0.755578
1718924435.429996252 -10.376985 0.558668 0.030228 0.011980 -0.010589 0.654868 0.755574
1718924435.435008049 -10.376701 0.560249 0.030212 0.011991 -0.010549 0.654877 0.755567
1718924435.439999104 -10.376415 0.561819 0.030193 0.011997 -0.010515 0.654901 0.755546
1718924435.445009708 -10.376123 0.563392 0.030168 0.011999 -0.010498 0.654928 0.755523
1718924435.450001717 -10.375829 0.564956 0.030133 0.011998 -0.010499 0.654950 0.755504
1718924435.455062151 -10.375527 0.566539 0.030085 0.012001 -0.010501 0.654970 0.755487
1718924435.460063219 -10.375226 0.568103 0.030029 0.012015 -0.010501 0.654988 0.755471
1718924435.465044737 -10.374923 0.569659 0.029970 0.012038 -0.010491 0.655010 0.755452
1718924435.469999313 -10.374621 0.571207 0.029917 0.012062 -0.010478 0.655027 0.755437
1718924435.475034714 -10.374311 0.572778 0.029872 0.012078 -0.010463 0.655045 0.755421
1718924435.480038404 -10.374003 0.574337 0.029841 0.012076 -0.010443 0.655064 0.755405
1718924435.485032797 -10.373695 0.575890 0.029822 0.012053 -0.010419 0.655081 0.755391
1718924435.489998579 -10.373390 0.577433 0.029808 0.012016 -0.010402 0.655093 0.755381
1718924435.494995594 -10.373087 0.578984 0.029794 0.011979 -0.010385 0.655099 0.755376
1718924435.499999762 -10.372786 0.580537 0.029773 0.011958 -0.010372 0.655102 0.755374
1718924435.504999399 -10.372489 0.582088 0.029741 0.011956 -0.010373 0.655105 0.755372
1718924435.510000229 -10.372196 0.583639 0.029696 0.011964 -0.010375 0.655106 0.755371
1718924435.515019894 -10.371905 0.585197 0.029640 0.011973 -0.010372 0.655101 0.755375
1718924435.555053234 -10.369716 0.597464 0.028728 0.012058 -0.010488 0.654954 0.755500
1718924435.560036421 -10.369454 0.598989 0.028631 0.012057 -0.010473 0.654942 0.755511
1718924435.565002680 -10.369195 0.600507 0.028524 0.012067 -0.010465 0.654932 0.755519
1718924435.569998980 -10.368936 0.602035 0.028406 0.012091 -0.010467 0.654929 0.755521
1718924435.574994087 -10.368676 0.603563 0.028283 0.012111 -0.010482 0.654930 0.755520
1718924435.580030203 -10.368413 0.605103 0.028158 0.012124 -0.010516 0.654939 0.755511
1718924435.585055113 -10.368150 0.606638 0.028038 0.012134 -0.010551 0.654955 0.755497
1718924435.590003490 -10.367891 0.608148 0.027928 0.012148 -0.010579 0.654972 0.755482
1718924435.594999313 -10.367628 0.609670 0.027823 0.012154 -0.010596 0.654988 0.755467
1718924435.599978924 -10.367363 0.611184 0.027726 0.012144 -0.010604 0.655006 0.755452
1718924435.599978924 -10.367363 0.611184 0.027726 0.012144 -0.010604 0.655006 0.755452
1718924435.600043535 -10.367359 0.611204 0.027725 0.012144 -0.010604 0.655006 0.755451
1718924435.604999781 -10.367093 0.612705 0.027666 0.012128 -0.010619 0.655032 0.755430
1718924435.610000610 -10.366824 0.614218 0.027606 0.012110 -0.010639 0.655066 0.755400
1718924435.615062714 -10.366551 0.615751 0.027544 0.012101 -0.010666 0.655102 0.755368
1718924435.620008707 -10.366282 0.617249 0.027476 0.012100 -0.010703 0.655134 0.755340
1718924435.625020981 -10.366008 0.618767 0.027398 0.012101 -0.010748 0.655160 0.755317
1718924435.630010605 -10.365734 0.620277 0.027309 0.012108 -0.010785 0.655186 0.755294
1718924435.635050774 -10.365457 0.621802 0.027209 0.012119 -0.010810 0.655207 0.755275
1718924435.640053272 -10.365183 0.623316 0.027103 0.012132 -0.010812 0.655224 0.755260
1718924435.645045042 -10.364907 0.624828 0.027000 0.012145 -0.010813 0.655232 0.755252
1718924435.650012493 -10.364630 0.626333 0.026906 0.012156 -0.010828 0.655239 0.755247
1718924435.654998779 -10.364351 0.627845 0.026822 0.012167 -0.010863 0.655237 0.755248
1718924435.660000563 -10.364070 0.629362 0.026749 0.012176 -0.010903 0.655234 0.755249
1718924435.664998293 -10.363788 0.630877 0.026683 0.012177 -0.010942 0.655232 0.755250
1718924435.669998169 -10.363506 0.632390 0.026617 0.012173 -0.010962 0.655229 0.755253
1718924435.674992800 -10.363223 0.633899 0.026548 0.012168 -0.010961 0.655219 0.755262
1718924435.679996014 -10.362941 0.635410 0.026471 0.012172 -0.010947 0.655203 0.755275
1718924435.685032845 -10.362655 0.636932 0.026387 0.012194 -0.010926 0.655194 0.755283
1718924435.690036535 -10.362369 0.638446 0.026295 0.012235 -0.010913 0.655189 0.755287
1718924435.694993019 -10.362082 0.639948 0.026199 0.012279 -0.010915 0.655186 0.755289
1718924435.699899197 -10.361796 0.641436 0.026101 0.012316 -0.010927 0.655185 0.755289
1718924435.699899197 -10.361796 0.641436 0.026101 0.012316 -0.010927 0.655185 0.755289
1718924435.700038195 -10.361788 0.641478 0.026097 0.012317 -0.010926 0.655185 0.755289
1718924435.705065250 -10.361495 0.643000 0.025965 0.012341 -0.010930 0.655188 0.755286
1718924435.710045099 -10.361201 0.644508 0.025839 0.012351 -0.010935 0.655186 0.755288
1718924435.714999437 -10.360908 0.646008 0.025722 0.012361 -0.010940 0.655187 0.755286
1718924435.719997883 -10.360610 0.647520 0.025612 0.012368 -0.010937 0.655200 0.755275
1718924435.800018072 -10.356512 0.672479 0.023689 0.012496 -0.011685 0.657010 0.753688
1718924435.800018072 -10.356512 0.672479 0.023689 0.012496 -0.011685 0.657010 0.753688
1718924435.820107222 -10.355741 0.678419 0.022977 0.012535 -0.011925 0.657448 0.753301
1718924435.825044632 -10.355562 0.679967 0.022837 0.012553 -0.011961 0.657567 0.753197
1718924435.829993010 -10.355384 0.681526 0.022705 0.012559 -0.012005 0.657692 0.753087
1718924435.835054874 -10.355203 0.683125 0.022583 0.012534 -0.012062 0.657825 0.752970
1718924435.840002060 -10.355027 0.684692 0.022478 0.012491 -0.012127 0.657952 0.752858
1718924435.845007181 -10.354851 0.686281 0.022381 0.012443 -0.012188 0.658079 0.752747
1718924435.849993944 -10.354677 0.687867 0.022292 0.012389 -0.012256 0.658212 0.752631
1718924435.855037212 -10.354502 0.689473 0.022207 0.012320 -0.012355 0.658360 0.752501
1718924435.859992743 -10.354331 0.691052 0.022125 0.012237 -0.012487 0.658521 0.752360
1718924435.864987850 -10.354164 0.692646 0.022042 0.012174 -0.012630 0.658694 0.752206
1718924435.869985580 -10.354004 0.694245 0.021954 0.012158 -0.012747 0.658867 0.752053
1718924435.874988079 -10.353852 0.695848 0.021856 0.012180 -0.012825 0.659037 0.751902
1718924435.880015135 -10.353703 0.697459 0.021749 0.012218 -0.012880 0.659206 0.751753
1718924435.885031700 -10.353555 0.699070 0.021639 0.012248 -0.012931 0.659380 0.751599
1718924435.889996290 -10.353409 0.700669 0.021535 0.012248 -0.012984 0.659564 0.751436
1718924435.894991398 -10.353263 0.702281 0.021439 0.012227 -0.013043 0.659751 0.751271
1718924435.899986029 -10.353117 0.703895 0.021354 0.012198 -0.013113 0.659923 0.751120
1718924435.899986029 -10.353117 0.703895 0.021354 0.012198 -0.013113 0.659923 0.751120
1718924435.899988651 -10.353117 0.703896 0.021354 0.012198 -0.013114 0.659923 0.751120
1718924435.905030489 -10.352970 0.705561 0.021294 0.012165 -0.013203 0.660076 0.750984
1718924435.909987211 -10.352828 0.707199 0.021237 0.012146 -0.013295 0.660217 0.750859
1718924435.915042162 -10.352686 0.708869 0.021175 0.012142 -0.013391 0.660351 0.750740
1718924435.920001745 -10.352553 0.710505 0.021108 0.012156 -0.013479 0.660477 0.750626
1718924435.925053835 -10.352423 0.712170 0.021029 0.012185 -0.013552 0.660602 0.750515
1718924435.929996729 -10.352301 0.713802 0.020945 0.012193 -0.013632 0.660719 0.750410
1718924435.935051918 -10.352177 0.715473 0.020855 0.012177 -0.013739 0.660844 0.750299
1718924435.940074921 -10.352058 0.717136 0.020764 0.012141 -0.013854 0.660974 0.750183
1718924435.945046425 -10.351945 0.718786 0.020676 0.012094 -0.013958 0.661108 0.750063
1718924435.950064659 -10.351836 0.720456 0.020592 0.012055 -0.014047 0.661237 0.749949
1718924435.954997540 -10.351733 0.722103 0.020515 0.012024 -0.014118 0.661375 0.749826
1718924435.960008860 -10.351631 0.723780 0.020441 0.011990 -0.014181 0.661533 0.749686
1718924435.965042353 -10.351532 0.725465 0.020372 0.011967 -0.014214 0.661707 0.749532
1718924435.969995975 -10.351440 0.727123 0.020305 0.011965 -0.014222 0.661894 0.749367
1718924435.984989882 -10.351154 0.732147 0.020050 0.012096 -0.014107 0.662581 0.748760
1718924435.989983797 -10.351049 0.733817 0.019938 0.012143 -0.014053 0.662814 0.748554
1718924435.994982481 -10.350938 0.735491 0.019814 0.012200 -0.013992 0.663049 0.748345
1718924435.999985456 -10.350822 0.737167 0.019683 0.012286 -0.013903 0.663290 0.748132
1718924436.004991293 -10.350704 0.738844 0.019551 0.012378 -0.013792 0.663548 0.747904
1718924436.010025740 -10.350581 0.740529 0.019422 0.012440 -0.013673 0.663820 0.747664
1718924436.015007973 -10.350456 0.742192 0.019296 0.012460 -0.013555 0.664095 0.747421
1718924436.019995928 -10.350329 0.743849 0.019170 0.012461 -0.013424 0.664386 0.747165
1718924436.025004148 -10.350204 0.745506 0.019046 0.012471 -0.013316 0.664693 0.746894
1718924436.030072927 -10.350081 0.747181 0.018925 0.012501 -0.013241 0.665022 0.746602
1718924436.034986734 -10.349965 0.748805 0.018810 0.012534 -0.013224 0.665349 0.746310
1718924436.040029287 -10.349848 0.750469 0.018695 0.012546 -0.013259 0.665687 0.746007
1718924436.045032978 -10.349736 0.752118 0.018585 0.012537 -0.013305 0.666028 0.745703
1718924436.050049305 -10.349629 0.753770 0.018483 0.012501 -0.013348 0.666369 0.745398
1718924436.055052519 -10.349526 0.755416 0.018389 0.012437 -0.013395 0.666708 0.745094
1718924436.059995413 -10.349425 0.757044 0.018299 0.012353 -0.013446 0.667037 0.744801
1718924436.065030575 -10.349322 0.758704 0.018205 0.012245 -0.013481 0.667352 0.744520
1718924436.069987535 -10.349222 0.760338 0.018103 0.012135 -0.013483 0.667637 0.744266
1718924436.074989080 -10.349121 0.761983 0.017985 0.012030 -0.013452 0.667918 0.744016
1718924436.079984903 -10.349023 0.763620 0.017850 0.011946 -0.013398 0.668188 0.743776
1718924436.084988356 -10.348926 0.765256 0.017703 0.011890 -0.013338 0.668441 0.743551
1718924436.089983225 -10.348829 0.766887 0.017552 0.011846 -0.013298 0.668676 0.743341
1718924436.094988823 -10.348729 0.768517 0.017406 0.011774 -0.013288 0.668901 0.743140
1718924436.099983215 -10.348624 0.770138 0.017268 0.011682 -0.013300 0.669120 0.742944
1718924436.099983215 -10.348624 0.770138 0.017268 0.011682 -0.013300 0.669120 0.742944
1718924436.099987268 -10.348624 0.770140 0.017268 0.011682 -0.013300 0.669120 0.742944
1718924436.104971886 -10.348520 0.771743 0.017138 0.011592 -0.013301 0.669327 0.742758
1718924436.109984159 -10.348413 0.773353 0.017021 0.011525 -0.013288 0.669527 0.742580
1718924436.114996910 -10.348301 0.774964 0.016913 0.011495 -0.013277 0.669704 0.742420
1718924436.199992180 -10.345347 0.802568 0.015716 0.010701 -0.013687 0.671768 0.740558
1718924436.199992180 -10.345347 0.802568 0.015716 0.010701 -0.013687 0.671768 0.740558
1718924436.205012560 -10.345107 0.804222 0.015669 0.010655 -0.013710 0.671889 0.740448
1718924436.209977388 -10.344863 0.805860 0.015626 0.010609 -0.013723 0.672006 0.740343
1718924436.214990139 -10.344611 0.807513 0.015587 0.010566 -0.013733 0.672113 0.740246
1718924436.219996929 -10.344352 0.809161 0.015553 0.010528 -0.013746 0.672203 0.740165
1718924436.225042105 -10.344083 0.810821 0.015524 0.010507 -0.013778 0.672279 0.740095
1718924436.230009079 -10.343809 0.812453 0.015500 0.010504 -0.013826 0.672345 0.740034
1718924436.234992743 -10.343529 0.814089 0.015474 0.010521 -0.013876 0.672407 0.739977
1718924436.239993334 -10.343244 0.815727 0.015443 0.010538 -0.013921 0.672458 0.739930
1718924436.244985580 -10.342953 0.817360 0.015405 0.010540 -0.013957 0.672500 0.739891
1718924436.249990940 -10.342655 0.818996 0.015361 0.010530 -0.013974 0.672546 0.739848
1718924436.254991055 -10.342350 0.820630 0.015312 0.010514 -0.013977 0.672596 0.739803
1718924436.259987831 -10.342040 0.822264 0.015261 0.010492 -0.013966 0.672639 0.739765
1718924436.264985561 -10.341725 0.823902 0.015214 0.010481 -0.013940 0.672679 0.739729
1718924436.270004988 -10.341405 0.825552 0.015172 0.010482 -0.013912 0.672718 0.739694
1718924436.275002718 -10.341085 0.827201 0.015135 0.010491 -0.013886 0.672770 0.739647
1718924436.279982805 -10.340764 0.828844 0.015102 0.010504 -0.013865 0.672836 0.739587
1718924436.284985065 -10.340440 0.830492 0.015071 0.010523 -0.013847 0.672897 0.739531
1718924436.289981842 -10.340113 0.832137 0.015039 0.010558 -0.013833 0.672956 0.739478
1718924436.294981003 -10.339784 0.833781 0.015004 0.010591 -0.013835 0.673013 0.739426
1718924436.299980879 -10.339455 0.835426 0.014963 0.010612 -0.013839 0.673067 0.739376
1718924436.299990177 -10.339454 0.835429 0.014963 0.010612 -0.013840 0.673067 0.739376
1718924436.299990177 -10.339454 0.835429 0.014963 0.010612 -0.013840 0.673067 0.739376
1718924436.305029154 -10.339124 0.837082 0.014920 0.010616 -0.013838 0.673121 0.739327
1718924436.309988260 -10.338798 0.838707 0.014876 0.010592 -0.013848 0.673169 0.739283
1718924436.315053940 -10.338468 0.840369 0.014831 0.010553 -0.013861 0.673213 0.739244
1718924436.354984045 -10.336104 0.853452 0.014459 0.010738 -0.013954 0.673056 0.739382
1718924436.359998703 -10.335835 0.855100 0.014402 0.010742 -0.013956 0.673031 0.739405
1718924436.365040302 -10.335569 0.856755 0.014342 0.010738 -0.013952 0.673000 0.739433
1718924436.370053291 -10.335312 0.858402 0.014281 0.010731 -0.013926 0.672959 0.739471
1718924436.375007153 -10.335066 0.860032 0.014221 0.010733 -0.013880 0.672907 0.739519
1718924436.380029202 -10.334821 0.861687 0.014163 0.010749 -0.013834 0.672854 0.739568
1718924436.384993553 -10.334583 0.863326 0.014108 0.010762 -0.013789 0.672798 0.739619
1718924436.389985085 -10.334344 0.864975 0.014054 0.010766 -0.013767 0.672737 0.739675
1718924436.394983530 -10.334107 0.866627 0.014002 0.010764 -0.013767 0.672672 0.739735
1718924436.399976015 -10.333873 0.868277 0.013952 0.010775 -0.013775 0.672606 0.739794
1718924436.399998188 -10.333872 0.868284 0.013952 0.010775 -0.013775 0.672606 0.739794
1718924436.399998188 -10.333872 0.868284 0.013952 0.010775 -0.013775 0.672606 0.739794
1718924436.404989243 -10.333641 0.869928 0.013896 0.010799 -0.013783 0.672540 0.739854
1718924436.409985542 -10.333409 0.871570 0.013845 0.010824 -0.013793 0.672475 0.739912
1718924436.415014029 -10.333173 0.873219 0.013796 0.010857 -0.013801 0.672423 0.739959
1718924436.420012712 -10.332937 0.874852 0.013752 0.010892 -0.013794 0.672382 0.739996
1718924436.425044060 -10.332698 0.876491 0.013710 0.010936 -0.013759 0.672345 0.740030
1718924436.430001259 -10.332456 0.878101 0.013672 0.010978 -0.013719 0.672304 0.740067
1718924436.434986830 -10.332205 0.879717 0.013638 0.011013 -0.013694 0.672261 0.740106
1718924436.440024614 -10.331943 0.881349 0.013605 0.011048 -0.013690 0.672226 0.740137
1718924436.444988489 -10.331679 0.882954 0.013571 0.011077 -0.013689 0.672194 0.740166
1718924436.450006247 -10.331404 0.884574 0.013530 0.011109 -0.013693 0.672169 0.740188
1718924436.454991102 -10.331124 0.886179 0.013484 0.011137 -0.013688 0.672143 0.740211
1718924436.460044622 -10.330830 0.887801 0.013433 0.011161 -0.013682 0.672124 0.740228
1718924436.465052128 -10.330533 0.889402 0.013379 0.011197 -0.013675 0.672108 0.740242
1718924436.470072269 -10.330231 0.891002 0.013325 0.011235 -0.013662 0.672089 0.740259
1718924436.474987745 -10.329932 0.892566 0.013272 0.011269 -0.013648 0.672080 0.740267
1718924436.479986429 -10.329621 0.894151 0.013221 0.011298 -0.013646 0.672073 0.740273
1718924436.484976768 -10.329306 0.895729 0.013170 0.011322 -0.013644 0.672073 0.740273
1718924436.489984274 -10.328987 0.897309 0.013119 0.011346 -0.013636 0.672086 0.740261
1718924436.494987011 -10.328666 0.898885 0.013070 0.011362 -0.013627 0.672100 0.740248
1718924436.499979734 -10.328344 0.900457 0.013020 0.011367 -0.013618 0.672110 0.740239
1718924436.499989271 -10.328343 0.900460 0.013020 0.011367 -0.013618 0.672110 0.740239
1718924436.499989271 -10.328343 0.900460 0.013020 0.011367 -0.013618 0.672110 0.740239
1718924436.504985809 -10.328020 0.902030 0.012966 0.011367 -0.013607 0.672128 0.740223
1718924436.509983540 -10.327698 0.903598 0.012909 0.011370 -0.013599 0.672152 0.740201
1718924436.515007973 -10.327376 0.905176 0.012849 0.011395 -0.013590 0.672174 0.740181
1718924436.559992552 -10.324744 0.919381 0.012220 0.011449 -0.013606 0.672372 0.740000
1718924436.564990044 -10.324480 0.920973 0.012150 0.011459 -0.013605 0.672389 0.739984
1718924436.570001841 -10.324220 0.922570 0.012078 0.011463 -0.013609 0.672408 0.739967
1718924436.574992180 -10.323967 0.924159 0.012009 0.011471 -0.013616 0.672423 0.739953
1718924436.579988480 -10.323718 0.925748 0.011943 0.011490 -0.013618 0.672433 0.739943
1718924436.584988356 -10.323473 0.927335 0.011881 0.011528 -0.013606 0.672440 0.739937
1718924436.589980602 -10.323233 0.928914 0.011823 0.011560 -0.013589 0.672444 0.739933
1718924436.594987392 -10.322994 0.930493 0.011765 0.011578 -0.013569 0.672446 0.739931
1718924436.599981785 -10.322757 0.932065 0.011707 0.011591 -0.013554 0.672457 0.739921
1718924436.599989176 -10.322757 0.932067 0.011707 0.011591 -0.013554 0.672457 0.739921
1718924436.599989176 -10.322757 0.932067 0.011707 0.011591 -0.013554 0.672457 0.739921
1718924436.604987621 -10.322520 0.933636 0.011647 0.011582 -0.013545 0.672466 0.739913
1718924436.609983206 -10.322282 0.935203 0.011587 0.011551 -0.013545 0.672471 0.739909
1718924436.615007639 -10.322043 0.936780 0.011525 0.011518 -0.013547 0.672472 0.739909
1718924436.619992971 -10.321806 0.938346 0.011460 0.011486 -0.013555 0.672471 0.739910
1718924436.625013351 -10.321566 0.939922 0.011388 0.011453 -0.013565 0.672467 0.739914
1718924436.630108833 -10.321322 0.941521 0.011310 0.011434 -0.013570 0.672468 0.739914
1718924436.635033846 -10.321086 0.943064 0.011231 0.011435 -0.013572 0.672471 0.739910
1718924436.639995098 -10.320848 0.944615 0.011152 0.011446 -0.013570 0.672476 0.739906
1718924436.645031691 -10.320606 0.946188 0.011077 0.011453 -0.013566 0.672473 0.739909
1718924436.650064945 -10.320364 0.947756 0.011007 0.011451 -0.013558 0.672470 0.739912
1718924436.654991627 -10.320125 0.949288 0.010943 0.011437 -0.013548 0.672473 0.739910
1718924436.659993172 -10.319881 0.950843 0.010879 0.011420 -0.013544 0.672481 0.739903
1718924436.664991856 -10.319636 0.952397 0.010815 0.011394 -0.013538 0.672483 0.739901
1718924436.669989109 -10.319391 0.953954 0.010747 0.011365 -0.013538 0.672488 0.739897
1718924436.674983263 -10.319145 0.955513 0.010675 0.011337 -0.013543 0.672500 0.739887
1718924436.679992437 -10.318897 0.957081 0.010594 0.011318 -0.013540 0.672513 0.739875
1718924436.684983253 -10.318651 0.958645 0.010506 0.011302 -0.013525 0.672528 0.739861
1718924436.689987421 -10.318403 0.960218 0.010410 0.011294 -0.013508 0.672547 0.739845
1718924436.694983482 -10.318154 0.961792 0.010314 0.011299 -0.013496 0.672555 0.739838
1718924436.699901104 -10.317908 0.963342 0.010225 0.011317 -0.013486 0.672559 0.739835
1718924436.699901104 -10.317908 0.963342 0.010225 0.011317 -0.013486 0.672559 0.739835
1718924436.699979544 -10.317905 0.963367 0.010224 0.011318 -0.013486 0.672559 0.739834
1718924436.704983473 -10.317655 0.964941 0.010144 0.011346 -0.013470 0.672566 0.739827
1718924436.709982634 -10.317404 0.966513 0.010075 0.011381 -0.013451 0.672576 0.739818
1718924436.714986563 -10.317149 0.968082 0.010014 0.011412 -0.013428 0.672590 0.739805
1718924436.754983902 -10.315095 0.980458 0.009432 0.011507 -0.013460 0.672691 0.739712
1718924436.759989738 -10.314837 0.981994 0.009368 0.011521 -0.013449 0.672702 0.739701
1718924436.765044212 -10.314577 0.983539 0.009307 0.011536 -0.013436 0.672713 0.739691
1718924436.769988775 -10.314324 0.985045 0.009251 0.011560 -0.013417 0.672722 0.739684
1718924436.774986982 -10.314069 0.986564 0.009198 0.011591 -0.013397 0.672730 0.739676
1718924436.779987335 -10.313814 0.988080 0.009147 0.011619 -0.013378 0.672736 0.739670
1718924436.784984112 -10.313560 0.989593 0.009096 0.011629 -0.013368 0.672744 0.739663
1718924436.790028334 -10.313304 0.991121 0.009042 0.011631 -0.013362 0.672745 0.739662
1718924436.794983864 -10.313055 0.992622 0.008985 0.011628 -0.013360 0.672741 0.739666
1718924436.799994230 -10.312804 0.994140 0.008921 0.011631 -0.013356 0.672741 0.739666
1718924436.799994230 -10.312804 0.994140 0.008921 0.011631 -0.013356 0.672741 0.739666
1718924436.800019026 -10.312803 0.994148 0.008920 0.011631 -0.013356 0.672741 0.739666
1718924436.804983139 -10.312556 0.995652 0.008849 0.011626 -0.013353 0.672740 0.739667
1718924436.809978962 -10.312310 0.997168 0.008772 0.011623 -0.013349 0.672737 0.739670
1718924436.815001488 -10.312066 0.998693 0.008695 0.011633 -0.013353 0.672728 0.739678
1718924436.819988728 -10.311828 1.000208 0.008624 0.011652 -0.013360 0.672716 0.739689
1718924436.824990749 -10.311594 1.001726 0.008561 0.011675 -0.013366 0.672703 0.739700
1718924436.829987526 -10.311363 1.003240 0.008504 0.011703 -0.013364 0.672689 0.739712
1718924436.834990740 -10.311134 1.004753 0.008448 0.011724 -0.013353 0.672680 0.739720
1718924436.839984417 -10.310908 1.006262 0.008392 0.011743 -0.013341 0.672671 0.739729
1718924436.844986200 -10.310682 1.007774 0.008333 0.011753 -0.013324 0.672659 0.739739
1718924436.849987507 -10.310456 1.009288 0.008271 0.011753 -0.013300 0.672646 0.739751
1718924436.854987860 -10.310232 1.010807 0.008209 0.011753 -0.013289 0.672642 0.739755
1718924436.860007286 -10.310008 1.012336 0.008146 0.011750 -0.013283 0.672651 0.739747
1718924436.865113258 -10.309780 1.013895 0.008081 0.011741 -0.013285 0.672669 0.739731
1718924436.870017052 -10.309563 1.015394 0.008018 0.011735 -0.013284 0.672684 0.739717
1718924436.874985218 -10.309344 1.016913 0.007955 0.011739 -0.013278 0.672705 0.739699
1718924436.879988909 -10.309125 1.018440 0.007895 0.011746 -0.013267 0.672732 0.739674
1718924436.884986401 -10.308906 1.019961 0.007839 0.011768 -0.013240 0.672764 0.739645
1718924436.889989853 -10.308687 1.021480 0.007787 0.011791 -0.013210 0.672793 0.739619
1718924436.894984722 -10.308467 1.022991 0.007739 0.011807 -0.013187 0.672834 0.739581
1718924436.899979830 -10.308247 1.024499 0.007694 0.011818 -0.013171 0.672881 0.739539
1718924436.900018930 -10.308245 1.024511 0.007694 0.011818 -0.013171 0.672882 0.739538
1718924436.900018930 -10.308245 1.024511 0.007694 0.011818 -0.013171 0.672882 0.739538
1718924436.905042410 -10.308025 1.026014 0.007631 0.011802 -0.013165 0.672923 0.739501
1718924436.910026073 -10.307803 1.027504 0.007568 0.011764 -0.013175 0.672967 0.739462
1718924436.915035486 -10.307577 1.029000 0.007499 0.011734 -0.013183 0.673011 0.739422
1718924436.954995632 -10.305884 1.040692 0.006619 0.011564 -0.013068 0.673466 0.739013
1718924436.959991217 -10.305668 1.042182 0.006564 0.011568 -0.013038 0.673526 0.738958
1718924436.964989662 -10.305454 1.043674 0.006508 0.011570 -0.012989 0.673598 0.738894
1718924436.970002651 -10.305244 1.045174 0.006449 0.011571 -0.012931 0.673678 0.738821
1718924436.974981785 -10.305042 1.046669 0.006386 0.011575 -0.012862 0.673763 0.738745
1718924436.979976654 -10.304846 1.048175 0.006317 0.011566 -0.012794 0.673860 0.738658
1718924436.985025883 -10.304651 1.049702 0.006239 0.011543 -0.012744 0.673973 0.738556
1718924436.989979982 -10.304462 1.051205 0.006158 0.011511 -0.012723 0.674096 0.738445
1718924436.994988203 -10.304277 1.052729 0.006073 0.011490 -0.012720 0.674224 0.738328
1718924436.999979734 -10.304101 1.054254 0.005992 0.011489 -0.012719 0.674349 0.738214
1718924437.004985332 -10.303929 1.055788 0.005919 0.011502 -0.012729 0.674469 0.738103
1718924437.009981394 -10.303760 1.057321 0.005859 0.011506 -0.012755 0.674591 0.737992
1718924437.014982939 -10.303596 1.058856 0.005812 0.011497 -0.012775 0.674715 0.737879
1718924437.020009041 -10.303440 1.060400 0.005773 0.011473 -0.012779 0.674857 0.737749
1718924437.024988174 -10.303293 1.061930 0.005740 0.011459 -0.012771 0.675009 0.737610
1718924437.029992104 -10.303152 1.063468 0.005707 0.011446 -0.012766 0.675161 0.737471
1718924437.034991264 -10.303011 1.065006 0.005670 0.011399 -0.012797 0.675318 0.737328
1718924437.040018559 -10.302867 1.066553 0.005621 0.011334 -0.012863 0.675493 0.737167
1718924437.044991493 -10.302725 1.068085 0.005560 0.011282 -0.012938 0.675685 0.736990
1718924437.049985886 -10.302587 1.069622 0.005484 0.011266 -0.012999 0.675902 0.736791
1718924437.054990768 -10.302452 1.071160 0.005399 0.011292 -0.013058 0.676135 0.736576
1718924437.059977055 -10.302312 1.072692 0.005311 0.011325 -0.013130 0.676377 0.736351
1718924437.064980507 -10.302161 1.074229 0.005226 0.011334 -0.013228 0.676627 0.736120
1718924437.069969177 -10.302000 1.075762 0.005146 0.011293 -0.013344 0.676886 0.735880
1718924437.074980974 -10.301830 1.077305 0.005071 0.011188 -0.013462 0.677158 0.735630
1718924437.079976797 -10.301652 1.078844 0.005002 0.011017 -0.013576 0.677442 0.735369
1718924437.084981203 -10.301466 1.080386 0.004934 0.010794 -0.013679 0.677731 0.735103
1718924437.089977026 -10.301276 1.081925 0.004861 0.010580 -0.013761 0.678018 0.734840
1718924437.094973564 -10.301087 1.083466 0.004777 0.010414 -0.013821 0.678306 0.734576
1718924437.099979162 -10.300899 1.085014 0.004685 0.010306 -0.013869 0.678604 0.734301
1718924437.099993229 -10.300899 1.085018 0.004684 0.010305 -0.013869 0.678604 0.734301
1718924437.099993229 -10.300899 1.085018 0.004684 0.010305 -0.013869 0.678604 0.734301
1718924437.104972601 -10.300712 1.086565 0.004591 0.010226 -0.013922 0.678902 0.734026
1718924437.109970808 -10.300524 1.088114 0.004496 0.010128 -0.013983 0.679193 0.733757
1718924437.114981174 -10.300339 1.089659 0.004403 0.010018 -0.014043 0.679478 0.733493
1718924437.159979105 -10.298524 1.103413 0.003807 0.009909 -0.013880 0.681876 0.731269
1718924437.164995432 -10.298306 1.104955 0.003754 0.009908 -0.013896 0.682133 0.731028
1718924437.170008659 -10.298083 1.106500 0.003711 0.009874 -0.013926 0.682381 0.730797
1718924437.174975634 -10.297859 1.108031 0.003677 0.009822 -0.013945 0.682615 0.730579
1718924437.179985762 -10.297634 1.109577 0.003647 0.009770 -0.013930 0.682844 0.730366
1718924437.184986591 -10.297413 1.111122 0.003620 0.009725 -0.013890 0.683075 0.730151
1718924437.190020800 -10.297190 1.112676 0.003592 0.009681 -0.013839 0.683310 0.729933
1718924437.194976091 -10.296971 1.114203 0.003560 0.009631 -0.013808 0.683534 0.729725
1718924437.199975967 -10.296752 1.115740 0.003521 0.009577 -0.013791 0.683758 0.729516
1718924437.199993134 -10.296751 1.115745 0.003521 0.009577 -0.013791 0.683758 0.729515
1718924437.199993134 -10.296751 1.115745 0.003521 0.009577 -0.013791 0.683758 0.729515
1718924437.204973221 -10.296540 1.117276 0.003467 0.009521 -0.013783 0.683981 0.729307
1718924437.209978819 -10.296336 1.118815 0.003406 0.009459 -0.013807 0.684207 0.729096
1718924437.214980602 -10.296137 1.120351 0.003342 0.009360 -0.013867 0.684427 0.728889
1718924437.219977379 -10.295940 1.121884 0.003282 0.009221 -0.013956 0.684645 0.728685
1718924437.224983931 -10.295748 1.123415 0.003231 0.009075 -0.014026 0.684860 0.728483
1718924437.229975939 -10.295565 1.124938 0.003187 0.008967 -0.014047 0.685074 0.728283
1718924437.235036373 -10.295389 1.126481 0.003146 0.008919 -0.014021 0.685289 0.728082
1718924437.239979982 -10.295224 1.127991 0.003109 0.008927 -0.013965 0.685494 0.727889
1718924437.244976521 -10.295060 1.129515 0.003075 0.008957 -0.013908 0.685714 0.727683
1718924437.250036716 -10.294895 1.131055 0.003042 0.008987 -0.013867 0.685948 0.727463
1718924437.255025625 -10.294734 1.132570 0.003007 0.009036 -0.013833 0.686190 0.727235
1718924437.260022640 -10.294576 1.134086 0.002963 0.009139 -0.013769 0.686445 0.726994
1718924437.265019178 -10.294422 1.135603 0.002908 0.009290 -0.013670 0.686713 0.726741
1718924437.270051956 -10.294268 1.137131 0.002840 0.009448 -0.013548 0.686987 0.726482
1718924437.275019646 -10.294119 1.138642 0.002766 0.009609 -0.013383 0.687263 0.726222
1718924437.279959202 -10.293978 1.140149 0.002692 0.009784 -0.013164 0.687551 0.725951
1718924437.285001516 -10.293845 1.141691 0.002621 0.009938 -0.012925 0.687860 0.725660
1718924437.289975643 -10.293718 1.143214 0.002557 0.010045 -0.012709 0.688176 0.725363
1718924437.295009375 -10.293590 1.144756 0.002502 0.010105 -0.012563 0.688498 0.725059
1718924437.299955845 -10.293468 1.146273 0.002457 0.010146 -0.012502 0.688816 0.724757
1718924437.299995184 -10.293467 1.146285 0.002456 0.010146 -0.012502 0.688819 0.724755
1718924437.299995184 -10.293467 1.146285 0.002456 0.010146 -0.012502 0.688819 0.724755
1718924437.305018902 -10.293352 1.147829 0.002414 0.010210 -0.012492 0.689136 0.724453
1718924437.309968710 -10.293250 1.149349 0.002376 0.010279 -0.012495 0.689442 0.724160
1718924437.315026522 -10.293155 1.150894 0.002337 0.010323 -0.012508 0.689756 0.723860
1718924437.350083351 -10.292408 1.161446 0.002084 0.009872 -0.012732 0.691283 0.722404
1718924437.354983330 -10.292287 1.162904 0.002067 0.009800 -0.012816 0.691479 0.722216
1718924437.360027075 -10.292157 1.164402 0.002053 0.009708 -0.012920 0.691664 0.722038
1718924437.365033150 -10.292024 1.165887 0.002043 0.009622 -0.013005 0.691837 0.721873
1718924437.369982004 -10.291888 1.167353 0.002035 0.009554 -0.013070 0.691991 0.721725
1718924437.374979258 -10.291744 1.168829 0.002026 0.009476 -0.013119 0.692128 0.721593
1718924437.379966736 -10.291595 1.170299 0.002017 0.009374 -0.013164 0.692265 0.721462
1718924437.384965897 -10.291442 1.171770 0.002006 0.009250 -0.013225 0.692401 0.721332
1718924437.389960766 -10.291284 1.173238 0.001993 0.009103 -0.013308 0.692536 0.721203
1718924437.395013094 -10.291122 1.174724 0.001977 0.008963 -0.013393 0.692672 0.721073
1718924437.399971247 -10.290965 1.176183 0.001955 0.008859 -0.013457 0.692807 0.720943
1718924437.399997234 -10.290964 1.176190 0.001955 0.008859 -0.013457 0.692808 0.720942
1718924437.399997234 -10.290964 1.176190 0.001955 0.008859 -0.013457 0.692808 0.720942
1718924437.404996157 -10.290811 1.177660 0.001924 0.008780 -0.013482 0.692943 0.720813
1718924437.410006523 -10.290660 1.179131 0.001888 0.008728 -0.013469 0.693073 0.720689
1718924437.414987087 -10.290511 1.180591 0.001852 0.008694 -0.013432 0.693200 0.720568
1718924437.419997931 -10.290362 1.182061 0.001822 0.008665 -0.013390 0.693329 0.720444
1718924437.425015450 -10.290213 1.183537 0.001806 0.008636 -0.013370 0.693449 0.720330
1718924437.429968834 -10.290066 1.184998 0.001809 0.008596 -0.013389 0.693544 0.720239
1718924437.434970617 -10.289916 1.186479 0.001828 0.008552 -0.013453 0.693627 0.720158
1718924437.439970732 -10.289763 1.187962 0.001859 0.008499 -0.013537 0.693702 0.720085
1718924437.444979668 -10.289610 1.189448 0.001890 0.008437 -0.013613 0.693769 0.720020
1718924437.450013161 -10.289459 1.190941 0.001913 0.008371 -0.013668 0.693827 0.719964
1718924437.454982519 -10.289312 1.192415 0.001921 0.008310 -0.013692 0.693878 0.719914
1718924437.459977627 -10.289168 1.193897 0.001912 0.008279 -0.013682 0.693921 0.719874
1718924437.465058327 -10.289024 1.195408 0.001888 0.008279 -0.013650 0.693952 0.719844
1718924437.470015049 -10.288885 1.196884 0.001858 0.008277 -0.013622 0.693986 0.719812
1718924437.474998713 -10.288746 1.198371 0.001830 0.008250 -0.013612 0.694024 0.719776
1718924437.480009079 -10.288606 1.199868 0.001811 0.008201 -0.013613 0.694058 0.719744
1718924437.485011578 -10.288467 1.201366 0.001804 0.008145 -0.013619 0.694090 0.719714
1718924437.489964724 -10.288332 1.202852 0.001809 0.008117 -0.013607 0.694123 0.719682
1718924437.494964123 -10.288197 1.204356 0.001823 0.008122 -0.013576 0.694155 0.719652
1718924437.499969244 -10.288063 1.205864 0.001840 0.008148 -0.013544 0.694181 0.719627
1718924437.499999046 -10.288062 1.205873 0.001840 0.008148 -0.013543 0.694181 0.719627
1718924437.499999046 -10.288062 1.205873 0.001840 0.008148 -0.013543 0.694181 0.719627
1718924437.505004406 -10.287928 1.207384 0.001855 0.008192 -0.013521 0.694203 0.719606
1718924437.510000706 -10.287794 1.208892 0.001862 0.008228 -0.013489 0.694230 0.719580
1718924437.514974356 -10.287661 1.210395 0.001860 0.008252 -0.013449 0.694252 0.719559
1718924437.560017347 -10.286385 1.224102 0.001878 0.008191 -0.013083 0.694619 0.719213
1718924437.565051317 -10.286234 1.225648 0.001891 0.008197 -0.013074 0.694658 0.719175
1718924437.569975853 -10.286086 1.227162 0.001900 0.008201 -0.013067 0.694694 0.719140
1718924437.574994326 -10.285936 1.228706 0.001902 0.008205 -0.013062 0.694733 0.719102
1718924437.579975605 -10.285788 1.230242 0.001895 0.008211 -0.013067 0.694761 0.719075
1718924437.584961176 -10.285638 1.231780 0.001880 0.008214 -0.013077 0.694786 0.719051
1718924437.589957714 -10.285488 1.233325 0.001861 0.008210 -0.013083 0.694807 0.719030
1718924437.594968081 -10.285339 1.234877 0.001843 0.008212 -0.013086 0.694825 0.719012
1718924437.600003242 -10.285192 1.236440 0.001829 0.008201 -0.013083 0.694833 0.719005
1718924437.600003242 -10.285192 1.236440 0.001829 0.008201 -0.013083 0.694833 0.719005
1718924437.600010395 -10.285192 1.236442 0.001829 0.008201 -0.013083 0.694833 0.719005
1718924437.604965925 -10.285051 1.237984 0.001817 0.008160 -0.013068 0.694844 0.718995
1718924437.610008955 -10.284911 1.239557 0.001812 0.008127 -0.013055 0.694853 0.718988
1718924437.615010500 -10.284779 1.241119 0.001815 0.008111 -0.013046 0.694855 0.718986
1718924437.619982243 -10.284653 1.242674 0.001825 0.008109 -0.013038 0.694862 0.718980
1718924437.625030041 -10.284529 1.244253 0.001841 0.008124 -0.013030 0.694863 0.718979
1718924437.630038500 -10.284410 1.245816 0.001858 0.008148 -0.013023 0.694862 0.718979
1718924437.635005951 -10.284297 1.247363 0.001872 0.008175 -0.013009 0.694864 0.718977
1718924437.640000343 -10.284186 1.248913 0.001880 0.008192 -0.012999 0.694863 0.718978
1718924437.644980192 -10.284077 1.250455 0.001881 0.008189 -0.012993 0.694865 0.718976
1718924437.650181293 -10.283965 1.252063 0.001875 0.008179 -0.012988 0.694866 0.718975
1718924437.654975891 -10.283862 1.253545 0.001867 0.008182 -0.012985 0.694864 0.718978
1718924437.660024405 -10.283755 1.255107 0.001860 0.008193 -0.012977 0.694862 0.718979
1718924437.664959669 -10.283649 1.256635 0.001858 0.008224 -0.012965 0.694864 0.718978
1718924437.669973612 -10.283543 1.258187 0.001860 0.008285 -0.012943 0.694855 0.718986
1718924437.674956799 -10.283436 1.259729 0.001868 0.008366 -0.012908 0.694834 0.719006
1718924437.679964781 -10.283326 1.261279 0.001882 0.008442 -0.012871 0.694803 0.719036
1718924437.684999943 -10.283210 1.262834 0.001902 0.008509 -0.012845 0.694762 0.719075
1718924437.689956665 -10.283089 1.264365 0.001927 0.008568 -0.012828 0.694718 0.719117
1718924437.694953442 -10.282961 1.265908 0.001952 0.008622 -0.012807 0.694664 0.719169
1718924437.699969053 -10.282826 1.267458 0.001974 0.008679 -0.012777 0.694602 0.719228
1718924437.699981928 -10.282826 1.267462 0.001973 0.008679 -0.012777 0.694602 0.719228
1718924437.699981928 -10.282826 1.267462 0.001973 0.008679 -0.012777 0.694602 0.719228
1718924437.704966068 -10.282686 1.269000 0.001991 0.008757 -0.012758 0.694528 0.719299
1718924437.709966898 -10.282535 1.270543 0.002003 0.008827 -0.012737 0.694444 0.719380
1718924437.714964390 -10.282375 1.272084 0.002008 0.008872 -0.012715 0.694352 0.719469
1718924437.719955444 -10.282208 1.273624 0.002009 0.008891 -0.012683 0.694258 0.719559
1718924437.754959583 -10.281015 1.284407 0.002033 0.009051 -0.012297 0.693634 0.720166
1718924437.760040760 -10.280839 1.285972 0.002044 0.009079 -0.012280 0.693557 0.720240
1718924437.765007257 -10.280670 1.287503 0.002053 0.009105 -0.012260 0.693498 0.720297
1718924437.770047665 -10.280503 1.289058 0.002059 0.009133 -0.012237 0.693452 0.720341
1718924437.774963856 -10.280344 1.290577 0.002060 0.009166 -0.012215 0.693406 0.720385
1718924437.780001640 -10.280183 1.292136 0.002061 0.009212 -0.012189 0.693366 0.720424
1718924437.784991503 -10.280028 1.293685 0.002062 0.009272 -0.012148 0.693343 0.720446
1718924437.790004730 -10.279876 1.295244 0.002068 0.009345 -0.012082 0.693337 0.720452
1718924437.794965744 -10.279730 1.296789 0.002080 0.009426 -0.012007 0.693334 0.720455
1718924437.799968243 -10.279583 1.298348 0.002098 0.009506 -0.011931 0.693340 0.720449
1718924437.799999237 -10.279582 1.298358 0.002098 0.009506 -0.011930 0.693340 0.720449
1718924437.799999237 -10.279582 1.298358 0.002098 0.009506 -0.011930 0.693340 0.720449
1718924437.804953575 -10.279436 1.299895 0.002117 0.009571 -0.011870 0.693367 0.720423
1718924437.809959650 -10.279288 1.301451 0.002135 0.009619 -0.011823 0.693398 0.720394
1718924437.814990759 -10.279139 1.303016 0.002150 0.009651 -0.011778 0.693419 0.720374
1718924437.819975138 -10.278992 1.304566 0.002159 0.009700 -0.011728 0.693432 0.720361
1718924437.824973822 -10.278843 1.306121 0.002163 0.009771 -0.011671 0.693442 0.720352
1718924437.829972744 -10.278692 1.307676 0.002164 0.009870 -0.011609 0.693440 0.720353
1718924437.834962606 -10.278539 1.309230 0.002164 0.009989 -0.011546 0.693429 0.720363
1718924437.839967728 -10.278381 1.310787 0.002165 0.010107 -0.011493 0.693406 0.720384
1718924437.844978809 -10.278218 1.312345 0.002171 0.010206 -0.011451 0.693368 0.720420
1718924437.850002050 -10.278048 1.313906 0.002185 0.010290 -0.011413 0.693313 0.720473
1718924437.854973555 -10.277873 1.315450 0.002207 0.010347 -0.011372 0.693241 0.720542
1718924437.860014915 -10.277690 1.317015 0.002235 0.010377 -0.011318 0.693155 0.720625
1718924437.864961624 -10.277504 1.318550 0.002263 0.010411 -0.011261 0.693061 0.720716
1718924437.869978666 -10.277308 1.320105 0.002286 0.010453 -0.011202 0.692959 0.720814
1718924437.874960899 -10.277108 1.321652 0.002301 0.010503 -0.011144 0.692845 0.720924
1718924437.879955769 -10.276904 1.323204 0.002303 0.010553 -0.011092 0.692718 0.721046
1718924437.884951353 -10.276698 1.324755 0.002295 0.010584 -0.011053 0.692583 0.721176
1718924437.889963865 -10.276491 1.326310 0.002278 0.010586 -0.011030 0.692446 0.721308
1718924437.894957304 -10.276284 1.327860 0.002257 0.010569 -0.011018 0.692316 0.721433
1718924437.899998665 -10.276078 1.329425 0.002236 0.010553 -0.011010 0.692189 0.721555
1718924437.900007010 -10.276078 1.329427 0.002236 0.010552 -0.011009 0.692189 0.721555
1718924437.900007010 -10.276078 1.329427 0.002236 0.010552 -0.011009 0.692189 0.721555
1718924437.904960155 -10.275882 1.330970 0.002215 0.010551 -0.010981 0.692073 0.721667
1718924437.909947395 -10.275692 1.332526 0.002203 0.010578 -0.010933 0.691971 0.721765
1718924437.914978504 -10.275507 1.334097 0.002206 0.010630 -0.010876 0.691894 0.721839
1718924437.954959154 -10.274329 1.346576 0.001832 0.010803 -0.010204 0.692246 0.721508
1718924437.959985733 -10.274214 1.348169 0.001777 0.010861 -0.010166 0.692289 0.721467
1718924437.964969873 -10.274104 1.349751 0.001723 0.010901 -0.010129 0.692338 0.721420
1718924437.969957352 -10.273997 1.351335 0.001675 0.010934 -0.010096 0.692379 0.721380
1718924437.974951982 -10.273894 1.352919 0.001634 0.010972 -0.010060 0.692420 0.721341
1718924437.979962349 -10.273792 1.354507 0.001599 0.011012 -0.010033 0.692459 0.721303
1718924437.984964371 -10.273690 1.356091 0.001570 0.011037 -0.010019 0.692497 0.721267
1718924437.989969254 -10.273586 1.357672 0.001545 0.011043 -0.010024 0.692531 0.721234
1718924437.994999409 -10.273481 1.359257 0.001520 0.011042 -0.010030 0.692549 0.721216
1718924437.999947071 -10.273379 1.360813 0.001494 0.011038 -0.010039 0.692556 0.721210
1718924438.004953146 -10.273274 1.362386 0.001462 0.011028 -0.010043 0.692561 0.721205
1718924438.009964705 -10.273166 1.363959 0.001424 0.011011 -0.010043 0.692553 0.721213
1718924438.015015364 -10.273054 1.365543 0.001380 0.011000 -0.010040 0.692533 0.721233
1718924438.019976854 -10.272943 1.367099 0.001332 0.010999 -0.010024 0.692503 0.721262
1718924438.025000572 -10.272828 1.368674 0.001283 0.011016 -0.010000 0.692455 0.721308
1718924438.029954910 -10.272711 1.370229 0.001239 0.011037 -0.009975 0.692398 0.721363
1718924438.034979343 -10.272589 1.371804 0.001203 0.011060 -0.009957 0.692337 0.721421
1718924438.039967537 -10.272465 1.373366 0.001180 0.011077 -0.009947 0.692275 0.721480
1718924438.044982195 -10.272336 1.374935 0.001169 0.011075 -0.009942 0.692208 0.721545
1718924438.049960375 -10.272205 1.376492 0.001168 0.011047 -0.009945 0.692143 0.721608
1718924438.054961681 -10.272070 1.378053 0.001168 0.011001 -0.009950 0.692094 0.721655
1718924438.059962988 -10.271935 1.379612 0.001163 0.010957 -0.009943 0.692046 0.721702
1718924438.064997911 -10.271799 1.381181 0.001149 0.010946 -0.009923 0.691998 0.721748
1718924438.069954872 -10.271665 1.382729 0.001125 0.010954 -0.009900 0.691953 0.721792
1718924438.074950695 -10.271528 1.384291 0.001093 0.010948 -0.009888 0.691915 0.721828
1718924438.079962969 -10.271390 1.385859 0.001056 0.010931 -0.009877 0.691891 0.721852
1718924438.084958076 -10.271254 1.387422 0.001016 0.010921 -0.009852 0.691878 0.721865
1718924438.089963198 -10.271118 1.388991 0.000978 0.010929 -0.009818 0.691869 0.721874
1718924438.094957352 -10.270982 1.390559 0.000944 0.010948 -0.009776 0.691864 0.721879
1718924438.099956036 -10.270844 1.392129 0.000916 0.010969 -0.009737 0.691873 0.721870
1718924438.099997044 -10.270843 1.392141 0.000916 0.010968 -0.009735 0.691873 0.721870
1718924438.099997044 -10.270843 1.392141 0.000916 0.010968 -0.009735 0.691873 0.721870
1718924438.104952097 -10.270703 1.393705 0.000901 0.010997 -0.009707 0.691897 0.721847
1718924438.109963894 -10.270560 1.395289 0.000889 0.011029 -0.009677 0.691923 0.721822
1718924438.114968538 -10.270416 1.396872 0.000879 0.011045 -0.009660 0.691951 0.721795
1718924438.159998655 -10.269051 1.411125 0.001035 0.011151 -0.009086 0.692087 0.721671
1718924438.165023804 -10.268882 1.412751 0.001085 0.011177 -0.009060 0.692098 0.721660
1718924438.169979572 -10.268711 1.414356 0.001142 0.011172 -0.009044 0.692113 0.721646
1718924438.174967051 -10.268536 1.415973 0.001206 0.011136 -0.009035 0.692136 0.721624
1718924438.179965734 -10.268360 1.417598 0.001274 0.011093 -0.009039 0.692149 0.721613
1718924438.184965611 -10.268185 1.419228 0.001341 0.011067 -0.009041 0.692159 0.721604
1718924438.189960480 -10.268012 1.420861 0.001403 0.011062 -0.009035 0.692172 0.721591
1718924438.194956541 -10.267841 1.422498 0.001460 0.011061 -0.009025 0.692184 0.721580
1718924438.199951172 -10.267675 1.424141 0.001510 0.011061 -0.009011 0.692189 0.721575
1718924438.199990034 -10.267673 1.424154 0.001511 0.011061 -0.009011 0.692189 0.721575
1718924438.199990034 -10.267673 1.424154 0.001511 0.011061 -0.009011 0.692189 0.721575
1718924438.204947233 -10.267511 1.425794 0.001555 0.011056 -0.008979 0.692199 0.721566
1718924438.209960461 -10.267352 1.427458 0.001595 0.011045 -0.008939 0.692217 0.721550
1718924438.214967489 -10.267199 1.429125 0.001632 0.011034 -0.008902 0.692240 0.721528
1718924438.219973564 -10.267049 1.430798 0.001672 0.011043 -0.008862 0.692271 0.721498
1718924438.224971056 -10.266904 1.432473 0.001722 0.011049 -0.008833 0.692299 0.721472
1718924438.229979753 -10.266764 1.434157 0.001789 0.011044 -0.008828 0.692332 0.721441
1718924438.234968185 -10.266630 1.435837 0.001873 0.011036 -0.008832 0.692378 0.721397
1718924438.239965200 -10.266501 1.437523 0.001967 0.011022 -0.008852 0.692443 0.721334
1718924438.245033503 -10.266379 1.439237 0.002067 0.011016 -0.008873 0.692518 0.721262
1718924438.249975681 -10.266266 1.440909 0.002161 0.011032 -0.008866 0.692605 0.721178
1718924438.254982471 -10.266162 1.442604 0.002246 0.011069 -0.008829 0.692718 0.721070
1718924438.259965897 -10.266066 1.444294 0.002318 0.011113 -0.008777 0.692852 0.720941
1718924438.265012503 -10.265975 1.446008 0.002378 0.011157 -0.008715 0.693002 0.720797
1718924438.269978046 -10.265887 1.447697 0.002427 0.011201 -0.008654 0.693160 0.720645
1718924438.275012016 -10.265801 1.449412 0.002473 0.011262 -0.008589 0.693337 0.720474
1718924438.279964924 -10.265719 1.451104 0.002520 0.011334 -0.008521 0.693523 0.720295
1718924438.285003901 -10.265634 1.452827 0.002578 0.011402 -0.008461 0.693712 0.720113
1718924438.289959908 -10.265549 1.454524 0.002647 0.011455 -0.008411 0.693897 0.719934
1718924438.294967413 -10.265461 1.456238 0.002724 0.011495 -0.008358 0.694088 0.719750
1718924438.299959660 -10.265369 1.457944 0.002803 0.011512 -0.008315 0.694270 0.719574
1718924438.299996138 -10.265368 1.457956 0.002804 0.011512 -0.008315 0.694272 0.719573
1718924438.299996138 -10.265368 1.457956 0.002804 0.011512 -0.008315 0.694272 0.719573
1718924438.304996490 -10.265272 1.459664 0.002879 0.011513 -0.008300 0.694447 0.719404
1718924438.309955120 -10.265171 1.461355 0.002946 0.011502 -0.008296 0.694613 0.719243
1718924438.314963818 -10.265065 1.463063 0.003002 0.011501 -0.008293 0.694756 0.719106
1718924438.359971285 -10.264016 1.478339 0.003340 0.011454 -0.008225 0.694749 0.719114
1718924438.364985943 -10.263887 1.480031 0.003360 0.011458 -0.008243 0.694744 0.719119
1718924438.369974852 -10.263758 1.481714 0.003372 0.011442 -0.008267 0.694737 0.719126
1718924438.374946594 -10.263628 1.483392 0.003377 0.011407 -0.008291 0.694734 0.719128
1718924438.379993916 -10.263495 1.485100 0.003377 0.011360 -0.008313 0.694736 0.719127
1718924438.384960651 -10.263363 1.486786 0.003374 0.011320 -0.008321 0.694744 0.719120
1718924438.389952421 -10.263230 1.488485 0.003375 0.011293 -0.008302 0.694761 0.719104
1718924438.394986391 -10.263097 1.490202 0.003380 0.011297 -0.008248 0.694791 0.719076
1718924438.399957895 -10.262968 1.491903 0.003392 0.011338 -0.008175 0.694833 0.719035
1718924438.399995089 -10.262967 1.491916 0.003392 0.011338 -0.008175 0.694834 0.719034
1718924438.399995089 -10.262967 1.491916 0.003392 0.011338 -0.008175 0.694834 0.719034
1718924438.404996395 -10.262833 1.493634 0.003411 0.011387 -0.008109 0.694890 0.718981
1718924438.409960985 -10.262698 1.495344 0.003437 0.011425 -0.008068 0.694964 0.718908
1718924438.415019512 -10.262559 1.497090 0.003464 0.011451 -0.008050 0.695061 0.718815
1718924438.420009375 -10.262420 1.498814 0.003484 0.011472 -0.008047 0.695165 0.718713
1718924438.425020933 -10.262277 1.500544 0.003491 0.011490 -0.008039 0.695279 0.718603
1718924438.429969072 -10.262133 1.502252 0.003482 0.011492 -0.008021 0.695393 0.718493
1718924438.435001850 -10.261983 1.503990 0.003461 0.011484 -0.007982 0.695513 0.718377
1718924438.439955950 -10.261834 1.505703 0.003434 0.011490 -0.007926 0.695624 0.718271
1718924438.445003510 -10.261680 1.507454 0.003410 0.011492 -0.007863 0.695732 0.718166
1718924438.450028419 -10.261524 1.509203 0.003392 0.011494 -0.007806 0.695836 0.718067
1718924438.455002308 -10.261366 1.510940 0.003383 0.011500 -0.007755 0.695935 0.717971
1718924438.459957600 -10.261205 1.512676 0.003379 0.011515 -0.007706 0.696026 0.717883
1718924438.464970589 -10.261042 1.514433 0.003373 0.011544 -0.007645 0.696113 0.717799
1718924438.469961166 -10.260879 1.516185 0.003365 0.011591 -0.007582 0.696198 0.717716
1718924438.474955082 -10.260716 1.517937 0.003354 0.011646 -0.007525 0.696276 0.717640
1718924438.479959726 -10.260550 1.519693 0.003339 0.011696 -0.007474 0.696356 0.717563
1718924438.484953642 -10.260379 1.521444 0.003324 0.011719 -0.007451 0.696428 0.717492
1718924438.489957333 -10.260205 1.523201 0.003312 0.011711 -0.007452 0.696491 0.717431
1718924438.494995356 -10.260028 1.524974 0.003303 0.011687 -0.007460 0.696544 0.717380
1718924438.499942780 -10.259854 1.526719 0.003295 0.011670 -0.007467 0.696592 0.717334
1718924438.499983072 -10.259852 1.526733 0.003295 0.011670 -0.007467 0.696592 0.717334
1718924438.499983072 -10.259852 1.526733 0.003295 0.011670 -0.007467 0.696592 0.717334
1718924438.505000591 -10.259675 1.528508 0.003286 0.011682 -0.007472 0.696636 0.717290
1718924438.509965420 -10.259497 1.530267 0.003274 0.011716 -0.007469 0.696686 0.717242
1718924438.515022993 -10.259315 1.532062 0.003258 0.011759 -0.007463 0.696740 0.717188
1718924438.559965372 -10.257771 1.548226 0.003320 0.011742 -0.007351 0.698185 0.715783
1718924438.565029383 -10.257604 1.550072 0.003354 0.011743 -0.007346 0.698345 0.715627
1718924438.570020914 -10.257439 1.551898 0.003386 0.011759 -0.007336 0.698496 0.715479
1718924438.574996233 -10.257274 1.553723 0.003410 0.011789 -0.007333 0.698648 0.715330
1718924438.579942226 -10.257109 1.555540 0.003424 0.011834 -0.007332 0.698800 0.715182
1718924438.584993839 -10.256941 1.557395 0.003431 0.011894 -0.007332 0.698945 0.715039
1718924438.589956522 -10.256778 1.559216 0.003433 0.011951 -0.007337 0.699072 0.714913
1718924438.594987869 -10.256615 1.561063 0.003441 0.012000 -0.007353 0.699191 0.714797
1718924438.599981785 -10.256452 1.562895 0.003458 0.012037 -0.007373 0.699298 0.714691
1718924438.599987030 -10.256452 1.562897 0.003458 0.012037 -0.007373 0.699298 0.714691
1718924438.599987030 -10.256452 1.562897 0.003458 0.012037 -0.007373 0.699298 0.714691
1718924438.604994774 -10.256287 1.564721 0.003476 0.012070 -0.007390 0.699391 0.714599
1718924438.609993219 -10.256124 1.566542 0.003497 0.012122 -0.007394 0.699468 0.714523
1718924438.614984035 -10.255962 1.568360 0.003517 0.012189 -0.007388 0.699530 0.714461
1718924438.620037556 -10.255796 1.570202 0.003531 0.012252 -0.007386 0.699577 0.714414
1718924438.625018835 -10.255631 1.572019 0.003540 0.012285 -0.007392 0.699606 0.714385
1718924438.629963636 -10.255467 1.573824 0.003547 0.012288 -0.007411 0.699626 0.714365
1718924438.634970427 -10.255303 1.575653 0.003552 0.012277 -0.007449 0.699648 0.714344
1718924438.639950037 -10.255142 1.577477 0.003559 0.012256 -0.007509 0.699672 0.714319
1718924438.644949436 -10.254982 1.579313 0.003572 0.012213 -0.007580 0.699693 0.714299
1718924438.649976254 -10.254822 1.581161 0.003596 0.012155 -0.007659 0.699711 0.714281
1718924438.654964209 -10.254667 1.582997 0.003634 0.012093 -0.007734 0.699738 0.714255
1718924438.659965515 -10.254518 1.584842 0.003685 0.012044 -0.007796 0.699774 0.714220
1718924438.665014982 -10.254377 1.586709 0.003741 0.012022 -0.007826 0.699820 0.714175
1718924438.669945955 -10.254248 1.588535 0.003791 0.012016 -0.007825 0.699878 0.714118
1718924438.674994469 -10.254122 1.590409 0.003829 0.012022 -0.007819 0.699939 0.714059
1718924438.679989815 -10.254003 1.592267 0.003850 0.012028 -0.007812 0.700004 0.713995
1718924438.684984207 -10.253887 1.594131 0.003857 0.012032 -0.007798 0.700082 0.713918
1718924438.689940691 -10.253775 1.595985 0.003851 0.012041 -0.007767 0.700170 0.713833
1718924438.694992304 -10.253663 1.597881 0.003840 0.012059 -0.007733 0.700262 0.713742
1718924438.699897289 -10.253554 1.599727 0.003831 0.012068 -0.007717 0.700355 0.713651
1718924438.699897289 -10.253554 1.599727 0.003831 0.012068 -0.007717 0.700355 0.713651
1718924438.699989080 -10.263483 1.579907 0.013673 0.012781 -0.010279 0.701565 0.712417
1718924438.699989080 -10.263483 1.579907 0.013673 0.012781 -0.010279 0.701565 0.712417
1718924438.699990273 -10.263483 1.579907 0.013673 0.012781 -0.010280 0.701565 0.712417
1718924438.704987049 -10.263514 1.581256 0.013662 0.012775 -0.010285 0.701659 0.712325
1718924438.709957123 -10.263546 1.582603 0.013668 0.012770 -0.010294 0.701740 0.712244
1718924438.714992046 -10.263581 1.583970 0.013692 0.012769 -0.010303 0.701828 0.712157
1718924438.750034332 -10.263711 1.593620 0.013849 0.012893 -0.010508 0.702139 0.711845
1718924438.754996777 -10.263734 1.595000 0.013852 0.012894 -0.010543 0.702166 0.711819
1718924438.759963274 -10.263757 1.596383 0.013862 0.012880 -0.010578 0.702194 0.711790
1718924438.764940262 -10.263780 1.597768 0.013883 0.012854 -0.010608 0.702222 0.711763
1718924438.769958496 -10.263805 1.599165 0.013920 0.012825 -0.010627 0.702243 0.711743
1718924438.774956226 -10.263832 1.600557 0.013973 0.012802 -0.010638 0.702261 0.711725
1718924438.779952049 -10.263863 1.601948 0.014034 0.012789 -0.010649 0.702282 0.711704
1718924438.784974813 -10.263897 1.603346 0.014093 0.012795 -0.010667 0.702307 0.711679
1718924438.789940834 -10.263934 1.604728 0.014139 0.012811 -0.010684 0.702324 0.711662
1718924438.794983625 -10.263972 1.606132 0.014168 0.012827 -0.010700 0.702336 0.711649
1718924438.799940586 -10.264011 1.607514 0.014177 0.012831 -0.010720 0.702344 0.711642
1718924438.804944992 -10.264052 1.608911 0.014171 0.012832 -0.010748 0.702358 0.711627
1718924438.809949875 -10.264094 1.610313 0.014159 0.012840 -0.010772 0.702381 0.711604
1718924438.815018177 -10.264138 1.611739 0.014150 0.012853 -0.010787 0.702405 0.711579
1718924438.819965124 -10.264181 1.613135 0.014152 0.012844 -0.010809 0.702425 0.711559
1718924438.825021505 -10.264227 1.614567 0.014169 0.012817 -0.010821 0.702444 0.711541
1718924438.830005646 -10.264275 1.615981 0.014200 0.012800 -0.010811 0.702470 0.711516
1718924438.834952593 -10.264326 1.617388 0.014240 0.012804 -0.010785 0.702504 0.711483
1718924438.839961052 -10.264379 1.618815 0.014285 0.012831 -0.010765 0.702545 0.711443
1718924438.844947338 -10.264430 1.620236 0.014327 0.012869 -0.010749 0.702580 0.711407
1718924438.849943638 -10.264481 1.621661 0.014362 0.012914 -0.010735 0.702617 0.711370
1718924438.854948759 -10.264530 1.623088 0.014383 0.012952 -0.010727 0.702650 0.711337
1718924438.859935522 -10.264576 1.624510 0.014391 0.012974 -0.010724 0.702676 0.711311
1718924438.864939213 -10.264616 1.625937 0.014388 0.012978 -0.010734 0.702697 0.711290
1718924438.869947433 -10.264652 1.627366 0.014379 0.012989 -0.010740 0.702721 0.711266
1718924438.874976158 -10.264682 1.628805 0.014374 0.013004 -0.010746 0.702744 0.711243
1718924438.879946947 -10.264708 1.630229 0.014381 0.013020 -0.010749 0.702762 0.711225
1718924438.884984732 -10.264729 1.631675 0.014408 0.013042 -0.010738 0.702778 0.711208
1718924438.889944553 -10.264745 1.633097 0.014454 0.013063 -0.010718 0.702791 0.711196
1718924438.894984961 -10.264758 1.634542 0.014516 0.013094 -0.010692 0.702804 0.711182
1718924438.899946451 -10.264766 1.635961 0.014580 0.013121 -0.010676 0.702815 0.711171
1718924438.900011301 -10.264766 1.635979 0.014581 0.013121 -0.010676 0.702816 0.711171
1718924438.900011301 -10.264766 1.635979 0.014581 0.013121 -0.010676 0.702816 0.711171
1718924438.904983282 -10.264773 1.637384 0.014627 0.013123 -0.010683 0.702810 0.711176
1718924438.909987926 -10.264778 1.638793 0.014657 0.013120 -0.010700 0.702803 0.711183
1718924438.914960384 -10.264780 1.640190 0.014665 0.013121 -0.010711 0.702791 0.711195
1718924438.984947205 -10.263743 1.659493 0.012756 0.013897 -0.008742 0.702058 0.711931
1718924438.989941835 -10.263618 1.660990 0.012553 0.013958 -0.008574 0.702001 0.711987
1718924438.994946241 -10.263481 1.662498 0.012345 0.014032 -0.008377 0.701947 0.712041
1718924438.999955893 -10.263332 1.664013 0.012140 0.014123 -0.008146 0.701880 0.712109
1718924438.999963999 -10.263332 1.664015 0.012140 0.014123 -0.008145 0.701879 0.712109
1718924438.999963999 -10.263332 1.664015 0.012140 0.014123 -0.008145 0.701879 0.712109
1718924439.004942179 -10.263173 1.665554 0.011967 0.014222 -0.007910 0.701805 0.712183
1718924439.009947777 -10.262999 1.667106 0.011808 0.014328 -0.007679 0.701724 0.712263
1718924439.014960527 -10.262809 1.668663 0.011665 0.014441 -0.007465 0.701632 0.712354
1718924439.019964457 -10.262603 1.670219 0.011533 0.014564 -0.007248 0.701530 0.712454
1718924439.024939299 -10.262380 1.671767 0.011405 0.014694 -0.007046 0.701421 0.712561
1718924439.029951096 -10.262135 1.673330 0.011273 0.014791 -0.006888 0.701302 0.712678
1718924439.035017252 -10.261867 1.674912 0.011135 0.014847 -0.006769 0.701171 0.712807
1718924439.039950609 -10.261593 1.676457 0.011007 0.014893 -0.006699 0.701042 0.712933
1718924439.044957876 -10.261309 1.678030 0.010894 0.014941 -0.006694 0.700921 0.713051
1718924439.049944878 -10.261027 1.679600 0.010804 0.014991 -0.006745 0.700804 0.713164
1718924439.054961681 -10.260749 1.681180 0.010734 0.015035 -0.006818 0.700706 0.713259
1718924439.059948444 -10.260484 1.682749 0.010675 0.015067 -0.006872 0.700635 0.713328
1718924439.064934015 -10.260236 1.684313 0.010622 0.015100 -0.006877 0.700580 0.713381
1718924439.069941521 -10.260007 1.685880 0.010565 0.015141 -0.006839 0.700541 0.713419
1718924439.074954033 -10.259801 1.687448 0.010500 0.015192 -0.006776 0.700531 0.713428
1718924439.079950333 -10.259620 1.689014 0.010424 0.015250 -0.006718 0.700548 0.713411
1718924439.084937334 -10.259465 1.690580 0.010335 0.015298 -0.006681 0.700589 0.713370
1718924439.089947224 -10.259336 1.692156 0.010234 0.015329 -0.006668 0.700649 0.713310
1718924439.094942570 -10.259234 1.693726 0.010126 0.015339 -0.006693 0.700742 0.713218
1718924439.099949598 -10.259160 1.695301 0.010015 0.015321 -0.006750 0.700867 0.713096
1718924439.099978924 -10.259159 1.695311 0.010015 0.015321 -0.006751 0.700867 0.713095
1718924439.099978924 -10.259159 1.695311 0.010015 0.015321 -0.006751 0.700867 0.713095
1718924439.104968786 -10.259111 1.696855 0.009885 0.015294 -0.006803 0.701008 0.712957
1718924439.109949350 -10.259091 1.698398 0.009755 0.015282 -0.006828 0.701167 0.712800
1718924439.114966631 -10.259096 1.699953 0.009626 0.015304 -0.006817 0.701336 0.712634
1718924439.144963741 -10.259350 1.709082 0.008649 0.014971 -0.007292 0.702113 0.711871
1718924439.149954796 -10.259418 1.710602 0.008473 0.014915 -0.007339 0.702223 0.711763
1718924439.154944897 -10.259488 1.712119 0.008289 0.014884 -0.007359 0.702312 0.711675
1718924439.159971952 -10.259561 1.713644 0.008095 0.014881 -0.007354 0.702376 0.711613
1718924439.164957523 -10.259631 1.715155 0.007901 0.014890 -0.007351 0.702414 0.711575
1718924439.169937849 -10.259696 1.716662 0.007709 0.014878 -0.007370 0.702440 0.711549
1718924439.174939394 -10.259754 1.718172 0.007523 0.014824 -0.007407 0.702453 0.711537
1718924439.179935694 -10.259802 1.719677 0.007349 0.014738 -0.007451 0.702438 0.711553
1718924439.184942007 -10.259841 1.721181 0.007188 0.014659 -0.007490 0.702406 0.711586
1718924439.189944506 -10.259870 1.722682 0.007039 0.014628 -0.007500 0.702358 0.711634
1718924439.194978952 -10.259891 1.724191 0.006892 0.014648 -0.007474 0.702301 0.711691
1718924439.199945927 -10.259899 1.725677 0.006743 0.014684 -0.007439 0.702243 0.711747
1718924439.199976921 -10.259899 1.725686 0.006741 0.014684 -0.007439 0.702242 0.711748
1718924439.199976921 -10.259899 1.725686 0.006741 0.014684 -0.007439 0.702242 0.711748
1718924439.204940796 -10.259892 1.727168 0.006585 0.014706 -0.007426 0.702185 0.711804
1718924439.209946156 -10.259869 1.728661 0.006415 0.014707 -0.007431 0.702123 0.711865
1718924439.215014935 -10.259833 1.730173 0.006231 0.014684 -0.007456 0.702062 0.711926
1718924439.219964027 -10.259787 1.731651 0.006044 0.014645 -0.007501 0.702013 0.711974
1718924439.224998951 -10.259725 1.733156 0.005853 0.014590 -0.007561 0.701976 0.712011
1718924439.229948282 -10.259650 1.734638 0.005671 0.014543 -0.007624 0.701947 0.712040
1718924439.234954596 -10.259566 1.736140 0.005497 0.014528 -0.007664 0.701931 0.712056
1718924439.239950895 -10.259475 1.737639 0.005337 0.014562 -0.007673 0.701929 0.712057
1718924439.244954586 -10.259378 1.739139 0.005193 0.014606 -0.007662 0.701947 0.712039
1718924439.249950409 -10.259271 1.740633 0.005060 0.014630 -0.007666 0.701983 0.712003
1718924439.254948616 -10.259158 1.742125 0.004926 0.014629 -0.007678 0.702026 0.711960
1718924439.259943962 -10.259040 1.743614 0.004781 0.014619 -0.007686 0.702081 0.711906
1718924439.264945507 -10.258918 1.745105 0.004616 0.014620 -0.007689 0.702145 0.711842
1718924439.269979000 -10.258790 1.746607 0.004428 0.014632 -0.007699 0.702211 0.711777
1718924439.274948835 -10.258658 1.748093 0.004225 0.014655 -0.007705 0.702282 0.711707
1718924439.279977560 -10.258520 1.749600 0.004009 0.014697 -0.007698 0.702354 0.711635
1718924439.284941196 -10.258384 1.751090 0.003794 0.014746 -0.007686 0.702420 0.711568
1718924439.289985657 -10.258244 1.752607 0.003586 0.014773 -0.007686 0.702487 0.711501
1718924439.294932604 -10.258104 1.754097 0.003399 0.014779 -0.007699 0.702558 0.711432
1718924439.299946785 -10.257964 1.755610 0.003233 0.014786 -0.007704 0.702631 0.711359
1718924439.299997807 -10.257963 1.755625 0.003231 0.014786 -0.007704 0.702632 0.711358
1718924439.299997807 -10.257963 1.755625 0.003231 0.014786 -0.007704 0.702632 0.711358
1718924439.304945469 -10.257827 1.757120 0.003082 0.014798 -0.007683 0.702699 0.711292
1718924439.309939384 -10.257691 1.758629 0.002939 0.014823 -0.007649 0.702761 0.711230
1718924439.314944744 -10.257557 1.760140 0.002794 0.014862 -0.007610 0.702813 0.711178
1718924439.349950314 -10.256827 1.770696 0.001933 0.014963 -0.007802 0.702667 0.711319
1718924439.354974508 -10.256756 1.772206 0.001850 0.014964 -0.007777 0.702643 0.711343
1718924439.359947920 -10.256696 1.773702 0.001783 0.014965 -0.007753 0.702608 0.711377
1718924439.364995241 -10.256644 1.775219 0.001732 0.014965 -0.007743 0.702572 0.711413
1718924439.369944811 -10.256602 1.776707 0.001692 0.014944 -0.007759 0.702537 0.711448
1718924439.374948978 -10.256568 1.778210 0.001650 0.014907 -0.007805 0.702501 0.711484
1718924439.379977226 -10.256542 1.779719 0.001599 0.014869 -0.007864 0.702470 0.711514
1718924439.384933233 -10.256526 1.781204 0.001531 0.014837 -0.007927 0.702447 0.711537
1718924439.389932156 -10.256520 1.782702 0.001446 0.014811 -0.007979 0.702430 0.711554
1718924439.394944429 -10.256523 1.784205 0.001349 0.014798 -0.008023 0.702417 0.711567
1718924439.399940252 -10.256534 1.785705 0.001250 0.014793 -0.008063 0.702407 0.711576
1718924439.399984837 -10.256534 1.785719 0.001249 0.014793 -0.008064 0.702407 0.711576
1718924439.399984837 -10.256534 1.785719 0.001249 0.014793 -0.008064 0.702407 0.711576
1718924439.404933453 -10.256554 1.787190 0.001146 0.014782 -0.008107 0.702407 0.711575
1718924439.409986734 -10.256582 1.788696 0.001052 0.014764 -0.008157 0.702421 0.711562
1718924439.414966345 -10.256617 1.790182 0.000975 0.014713 -0.008224 0.702447 0.711536
1718924439.419953346 -10.256659 1.791672 0.000915 0.014646 -0.008305 0.702491 0.711493
1718924439.425019026 -10.256709 1.793186 0.000867 0.014591 -0.008379 0.702555 0.711430
1718924439.430019140 -10.256766 1.794682 0.000823 0.014568 -0.008435 0.702623 0.711363
1718924439.434990644 -10.256827 1.796168 0.000773 0.014570 -0.008467 0.702695 0.711291
1718924439.439937115 -10.256889 1.797645 0.000711 0.014585 -0.008488 0.702781 0.711206
1718924439.444955587 -10.256952 1.799141 0.000633 0.014601 -0.008518 0.702875 0.711112
1718924439.449956417 -10.257012 1.800633 0.000547 0.014596 -0.008571 0.702972 0.711016
1718924439.455004930 -10.257067 1.802140 0.000456 0.014567 -0.008651 0.703071 0.710918
1718924439.460028887 -10.257118 1.803640 0.000371 0.014534 -0.008748 0.703156 0.710833
1718924439.464988470 -10.257162 1.805121 0.000295 0.014503 -0.008845 0.703232 0.710758
1718924439.469936848 -10.257201 1.806598 0.000230 0.014477 -0.008917 0.703312 0.710678
1718924439.474946737 -10.257234 1.808092 0.000179 0.014465 -0.008957 0.703390 0.710601
1718924439.479944229 -10.257261 1.809580 0.000143 0.014464 -0.008979 0.703462 0.710529
1718924439.484930992 -10.257281 1.811061 0.000114 0.014461 -0.008993 0.703529 0.710463
1718924439.489986420 -10.257294 1.812556 0.000083 0.014463 -0.009016 0.703586 0.710406
1718924439.494979620 -10.257299 1.814030 0.000042 0.014464 -0.009050 0.703642 0.710349
1718924439.499975681 -10.257295 1.815502 -0.000017 0.014464 -0.009093 0.703687 0.710305
1718924439.499994993 -10.257295 1.815507 -0.000017 0.014464 -0.009093 0.703687 0.710305
1718924439.499994993 -10.257295 1.815507 -0.000017 0.014464 -0.009093 0.703687 0.710305
1718924439.504932404 -10.257283 1.816971 -0.000086 0.014469 -0.009141 0.703724 0.710268
1718924439.509984732 -10.257266 1.818469 -0.000164 0.014490 -0.009193 0.703759 0.710232
1718924439.515012741 -10.257245 1.819959 -0.000240 0.014504 -0.009256 0.703791 0.710199
1718924439.550008535 -10.257145 1.830267 -0.001047 0.014480 -0.009827 0.704612 0.709377
1718924439.554967403 -10.257140 1.831738 -0.001204 0.014477 -0.009877 0.704733 0.709257
1718924439.559962749 -10.257138 1.833223 -0.001372 0.014480 -0.009935 0.704877 0.709112
1718924439.564954996 -10.257139 1.834709 -0.001544 0.014476 -0.010006 0.705030 0.708959
1718924439.569974184 -10.257144 1.836205 -0.001720 0.014463 -0.010089 0.705183 0.708806
1718924439.574970245 -10.257150 1.837695 -0.001892 0.014447 -0.010176 0.705331 0.708658
1718924439.579974413 -10.257160 1.839189 -0.002061 0.014430 -0.010259 0.705484 0.708505
1718924439.584977150 -10.257174 1.840683 -0.002224 0.014408 -0.010335 0.705638 0.708351
1718924439.589936018 -10.257192 1.842165 -0.002378 0.014374 -0.010395 0.705798 0.708191
1718924439.594928503 -10.257214 1.843660 -0.002529 0.014324 -0.010451 0.705970 0.708020
1718924439.599984646 -10.257238 1.845176 -0.002681 0.014268 -0.010503 0.706147 0.707844
1718924439.604939699 -10.257262 1.846665 -0.002833 0.014236 -0.010540 0.706317 0.707674
1718924439.609985590 -10.257291 1.848183 -0.002994 0.014248 -0.010554 0.706490 0.707501
1718924439.614958286 -10.257322 1.849680 -0.003162 0.014279 -0.010554 0.706653 0.707337
1718924439.619941235 -10.257350 1.851180 -0.003344 0.014300 -0.010544 0.706812 0.707178
1718924439.624958277 -10.257374 1.852692 -0.003545 0.014307 -0.010521 0.706972 0.707019
1718924439.629939079 -10.257390 1.854194 -0.003762 0.014325 -0.010468 0.707118 0.706873
1718924439.634999514 -10.257397 1.855722 -0.003997 0.014368 -0.010367 0.707249 0.706742
1718924439.639947414 -10.257393 1.857220 -0.004233 0.014420 -0.010246 0.707350 0.706642
1718924439.644974947 -10.257378 1.858746 -0.004467 0.014464 -0.010118 0.707424 0.706569
1718924439.649927378 -10.257347 1.860255 -0.004691 0.014490 -0.010011 0.707471 0.706523
1718924439.654948473 -10.257299 1.861789 -0.004914 0.014476 -0.009913 0.707495 0.706500
1718924439.659950018 -10.257237 1.863320 -0.005143 0.014436 -0.009798 0.707505 0.706492
1718924439.664952040 -10.257170 1.864852 -0.005390 0.014408 -0.009639 0.707510 0.706491
1718924439.669945240 -10.257107 1.866383 -0.005659 0.014418 -0.009417 0.707527 0.706477
1718924439.674967051 -10.257055 1.867927 -0.005956 0.014468 -0.009134 0.707568 0.706438
1718924439.679964781 -10.257016 1.869469 -0.006271 0.014542 -0.008830 0.707638 0.706370
1718924439.684926987 -10.256991 1.871006 -0.006589 0.014607 -0.008563 0.707741 0.706269
1718924439.689972162 -10.256973 1.872576 -0.006899 0.014594 -0.008410 0.707874 0.706138
1718924439.694979429 -10.256951 1.874139 -0.007173 0.014452 -0.008429 0.708041 0.705973
1718924439.699906111 -10.256926 1.875681 -0.007399 0.014228 -0.008582 0.708227 0.705789
1718924439.699906111 -10.256926 1.875681 -0.007399 0.014228 -0.008582 0.708227 0.705789
1718924439.699964046 -10.256925 1.875699 -0.007401 0.014225 -0.008583 0.708229 0.705787
1718924439.704940081 -10.256912 1.877253 -0.007589 0.014006 -0.008758 0.708442 0.705576
1718924439.709935427 -10.256916 1.878812 -0.007759 0.013865 -0.008873 0.708676 0.705342
1718924439.714932442 -10.256937 1.880373 -0.007928 0.013817 -0.008905 0.708926 0.705092
1718924439.719934225 -10.256970 1.881936 -0.008109 0.013821 -0.008865 0.709190 0.704826
1718924439.800016165 -10.257715 1.906952 -0.008436 0.013599 -0.008687 0.709242 0.704781
1718924439.800016165 -10.257715 1.906952 -0.008436 0.013599 -0.008687 0.709242 0.704781
1718924439.809937000 -10.257754 1.909840 -0.008515 0.013572 -0.008698 0.709244 0.704779
1718924439.814941406 -10.257773 1.911328 -0.008479 0.013539 -0.008705 0.709253 0.704770
1718924439.819965363 -10.257791 1.912820 -0.008430 0.013461 -0.008722 0.709279 0.704746
1718924439.824933529 -10.257812 1.914295 -0.008375 0.013359 -0.008749 0.709298 0.704728
1718924439.829933643 -10.257836 1.915779 -0.008320 0.013278 -0.008771 0.709320 0.704707
1718924439.834944725 -10.257865 1.917267 -0.008272 0.013237 -0.008785 0.709345 0.704682
1718924439.839941740 -10.257895 1.918751 -0.008231 0.013226 -0.008791 0.709368 0.704660
1718924439.844948053 -10.257925 1.920239 -0.008199 0.013239 -0.008798 0.709396 0.704631
1718924439.849920750 -10.257955 1.921719 -0.008175 0.013280 -0.008797 0.709430 0.704596
1718924439.854934931 -10.257988 1.923212 -0.008156 0.013339 -0.008789 0.709461 0.704563
1718924439.859938145 -10.258019 1.924702 -0.008133 0.013385 -0.008781 0.709490 0.704534
1718924439.864925146 -10.258046 1.926189 -0.008103 0.013392 -0.008784 0.709521 0.704502
1718924439.869930983 -10.258067 1.927683 -0.008062 0.013359 -0.008798 0.709556 0.704468
1718924439.874933720 -10.258083 1.929181 -0.008013 0.013317 -0.008814 0.709585 0.704439
1718924439.879922628 -10.258095 1.930680 -0.007962 0.013286 -0.008824 0.709606 0.704418
1718924439.884968042 -10.258105 1.932201 -0.007912 0.013285 -0.008821 0.709613 0.704411
1718924439.889931202 -10.258112 1.933700 -0.007867 0.013305 -0.008810 0.709620 0.704404
1718924439.894928217 -10.258116 1.935212 -0.007829 0.013334 -0.008801 0.709628 0.704395
1718924439.899931192 -10.258114 1.936727 -0.007797 0.013359 -0.008806 0.709629 0.704394
1718924439.899996996 -10.258114 1.936746 -0.007798 0.013359 -0.008806 0.709629 0.704394
1718924439.899996996 -10.258114 1.936746 -0.007798 0.013359 -0.008806 0.709629 0.704394
1718924439.904942274 -10.258111 1.938289 -0.007690 0.013359 -0.008821 0.709619 0.704404
1718924439.909973383 -10.258102 1.939860 -0.007586 0.013338 -0.008841 0.709602 0.704421
1718924439.914990664 -10.258089 1.941425 -0.007483 0.013320 -0.008863 0.709578 0.704446
1718924439.919952154 -10.258070 1.942972 -0.007378 0.013312 -0.008872 0.709543 0.704481
1718924439.924956322 -10.258047 1.944532 -0.007261 0.013323 -0.008879 0.709492 0.704531
1718924439.929928303 -10.258019 1.946081 -0.007130 0.013346 -0.008890 0.709434 0.704589
1718924439.934943914 -10.257989 1.947644 -0.006985 0.013364 -0.008916 0.709364 0.704659
1718924439.939995050 -10.257956 1.949216 -0.006830 0.013368 -0.008953 0.709289 0.704734
1718924439.944933176 -10.257923 1.950750 -0.006682 0.013366 -0.008992 0.709208 0.704815
1718924439.949936628 -10.257890 1.952299 -0.006541 0.013361 -0.009016 0.709119 0.704905
1718924439.954939842 -10.257860 1.953845 -0.006416 0.013354 -0.009025 0.709031 0.704993
1718924439.960008383 -10.257833 1.955406 -0.006304 0.013365 -0.009016 0.708952 0.705072
1718924439.964981079 -10.257811 1.956935 -0.006207 0.013390 -0.008992 0.708875 0.705150
1718924439.969984770 -10.257794 1.958471 -0.006114 0.013421 -0.008969 0.708807 0.705217
1718924439.979942560 -10.257776 1.961527 -0.005892 0.013508 -0.009022 0.708712 0.705311
1718924439.984941959 -10.257772 1.963062 -0.005758 0.013540 -0.009076 0.708692 0.705330
1718924439.989939690 -10.257772 1.964596 -0.005612 0.013563 -0.009144 0.708686 0.705334
1718924439.994923830 -10.257778 1.966126 -0.005460 0.013570 -0.009204 0.708700 0.705319
1718924439.999936104 -10.257792 1.967665 -0.005308 0.013568 -0.009250 0.708734 0.705285
1718924440.004937887 -10.257813 1.969202 -0.005164 0.013568 -0.009272 0.708780 0.705238
1718924440.009921312 -10.257840 1.970734 -0.005032 0.013586 -0.009265 0.708840 0.705178
1718924440.014946222 -10.257871 1.972282 -0.004909 0.013605 -0.009260 0.708914 0.705103
1718924440.019964218 -10.257904 1.973833 -0.004789 0.013623 -0.009273 0.708989 0.705027
1718924440.024932384 -10.257937 1.975374 -0.004667 0.013626 -0.009323 0.709052 0.704963
1718924440.029932976 -10.257972 1.976931 -0.004532 0.013612 -0.009401 0.709112 0.704902
1718924440.034986496 -10.258010 1.978505 -0.004382 0.013602 -0.009485 0.709168 0.704845
1718924440.040001631 -10.258048 1.980068 -0.004221 0.013617 -0.009559 0.709210 0.704801
1718924440.044975996 -10.258085 1.981619 -0.004057 0.013664 -0.009605 0.709220 0.704789
1718924440.049939156 -10.258122 1.983167 -0.003895 0.013723 -0.009627 0.709216 0.704792
1718924440.054934502 -10.258158 1.984722 -0.003736 0.013769 -0.009637 0.709188 0.704819
1718924440.059930086 -10.258191 1.986276 -0.003582 0.013803 -0.009653 0.709135 0.704872
1718924440.064933300 -10.258222 1.987831 -0.003432 0.013843 -0.009673 0.709054 0.704952
1718924440.069922686 -10.258251 1.989381 -0.003286 0.013904 -0.009691 0.708943 0.705062
1718924440.074918032 -10.258278 1.990932 -0.003142 0.013983 -0.009696 0.708799 0.705205
1718924440.079921484 -10.258302 1.992483 -0.003001 0.014068 -0.009690 0.708642 0.705361
1718924440.084958553 -10.258321 1.994044 -0.002861 0.014152 -0.009669 0.708477 0.705526
1718924440.089921951 -10.258337 1.995580 -0.002722 0.014231 -0.009646 0.708302 0.705700
1718924440.094966412 -10.258350 1.997139 -0.002579 0.014305 -0.009618 0.708114 0.705887
1718924440.099965572 -10.258361 1.998683 -0.002433 0.014366 -0.009584 0.707933 0.706069
1718924440.099998236 -10.258361 1.998693 -0.002432 0.014366 -0.009585 0.707931 0.706070
1718924440.099998236 -10.258361 1.998693 -0.002432 0.014366 -0.009585 0.707931 0.706070
1718924440.104959249 -10.258367 2.000215 -0.002290 0.014416 -0.009545 0.707746 0.706255
1718924440.109924078 -10.258370 2.001738 -0.002145 0.014458 -0.009502 0.707560 0.706441
1718924440.114941359 -10.258373 2.003277 -0.001997 0.014502 -0.009464 0.707380 0.706622
1718924440.199993134 -10.258021 2.029466 -0.000060 0.016167 -0.009031 0.708097 0.705872
1718924440.199993134 -10.258021 2.029466 -0.000060 0.016167 -0.009031 0.708097 0.705872
1718924440.214932680 -10.257864 2.034105 0.000160 0.016458 -0.008991 0.708221 0.705742
1718924440.219925642 -10.257803 2.035658 0.000228 0.016565 -0.008950 0.708255 0.705706
1718924440.224944353 -10.257734 2.037220 0.000292 0.016656 -0.008930 0.708276 0.705682
1718924440.229929686 -10.257656 2.038774 0.000350 0.016710 -0.008947 0.708288 0.705669
1718924440.234940052 -10.257571 2.040338 0.000400 0.016732 -0.008998 0.708295 0.705661
1718924440.239926577 -10.257484 2.041896 0.000437 0.016718 -0.009064 0.708294 0.705661
1718924440.244999409 -10.257394 2.043481 0.000463 0.016693 -0.009122 0.708288 0.705667
1718924440.249996901 -10.257308 2.045043 0.000481 0.016680 -0.009148 0.708285 0.705671
1718924440.254929304 -10.257226 2.046585 0.000496 0.016675 -0.009147 0.708283 0.705673
1718924440.259927034 -10.257150 2.048145 0.000515 0.016669 -0.009138 0.708280 0.705675
1718924440.264938831 -10.257085 2.049708 0.000543 0.016678 -0.009127 0.708282 0.705674
1718924440.269938469 -10.257033 2.051267 0.000584 0.016703 -0.009134 0.708297 0.705657
1718924440.274915695 -10.256991 2.052821 0.000638 0.016738 -0.009165 0.708324 0.705629
1718924440.279919386 -10.256957 2.054383 0.000702 0.016784 -0.009215 0.708350 0.705602
1718924440.284924507 -10.256930 2.055944 0.000770 0.016831 -0.009264 0.708373 0.705577
1718924440.289932728 -10.256912 2.057504 0.000833 0.016887 -0.009296 0.708398 0.705550
1718924440.294916868 -10.256901 2.059055 0.000887 0.016943 -0.009290 0.708418 0.705528
1718924440.299920559 -10.256896 2.060611 0.000931 0.016989 -0.009268 0.708444 0.705502
1718924440.299972296 -10.256896 2.060627 0.000931 0.016989 -0.009268 0.708444 0.705501
1718924440.299972296 -10.256896 2.060627 0.000931 0.016989 -0.009268 0.708444 0.705501
1718924440.304924488 -10.256895 2.062163 0.000966 0.016990 -0.009258 0.708476 0.705470
1718924440.309920311 -10.256898 2.063710 0.000995 0.016963 -0.009276 0.708509 0.705437
1718924440.314939499 -10.256905 2.065264 0.001023 0.016906 -0.009328 0.708536 0.705411
1718924440.354924917 -10.257673 2.077706 0.001164 0.015722 -0.009415 0.708828 0.705143
1718924440.359927654 -10.257861 2.079273 0.001174 0.015594 -0.009398 0.708862 0.705112
1718924440.364971876 -10.258065 2.080851 0.001188 0.015463 -0.009387 0.708890 0.705087
1718924440.369942188 -10.258279 2.082403 0.001215 0.015416 -0.009379 0.708902 0.705076
1718924440.374927282 -10.258502 2.083959 0.001266 0.015478 -0.009376 0.708887 0.705090
1718924440.379972458 -10.258731 2.085532 0.001349 0.015615 -0.009386 0.708851 0.705123
1718924440.384967089 -10.258953 2.087084 0.001460 0.015743 -0.009445 0.708806 0.705164
1718924440.389972687 -10.259165 2.088631 0.001583 0.015814 -0.009540 0.708759 0.705209
1718924440.394921064 -10.259367 2.090150 0.001697 0.015829 -0.009627 0.708697 0.705270
1718924440.399953365 -10.259562 2.091688 0.001792 0.015800 -0.009698 0.708623 0.705344
1718924440.399990320 -10.259563 2.091699 0.001793 0.015799 -0.009698 0.708623 0.705344
1718924440.399990320 -10.259563 2.091699 0.001793 0.015799 -0.009698 0.708623 0.705344
1718924440.404955626 -10.259740 2.093208 0.001858 0.015728 -0.009757 0.708540 0.705428
1718924440.409912348 -10.259897 2.094709 0.001897 0.015648 -0.009786 0.708446 0.705523
1718924440.414942503 -10.260040 2.096229 0.001921 0.015590 -0.009785 0.708349 0.705622
1718924440.420006990 -10.260170 2.097759 0.001944 0.015555 -0.009780 0.708245 0.705728
1718924440.424932480 -10.260281 2.099247 0.001982 0.015531 -0.009811 0.708145 0.705828
1718924440.430011272 -10.260380 2.100781 0.002049 0.015504 -0.009889 0.708061 0.705912
1718924440.434919357 -10.260461 2.102263 0.002138 0.015468 -0.009994 0.707988 0.705984
1718924440.439921141 -10.260532 2.103769 0.002246 0.015422 -0.010104 0.707921 0.706051
1718924440.444917679 -10.260591 2.105268 0.002358 0.015362 -0.010208 0.707860 0.706112
1718924440.449952364 -10.260642 2.106774 0.002464 0.015304 -0.010297 0.707809 0.706163
1718924440.454932213 -10.260685 2.108259 0.002554 0.015258 -0.010363 0.707751 0.706221
1718924440.459924936 -10.260722 2.109745 0.002622 0.015227 -0.010400 0.707697 0.706276
1718924440.464998722 -10.260756 2.111249 0.002669 0.015201 -0.010419 0.707664 0.706308
1718924440.469961166 -10.260787 2.112715 0.002696 0.015178 -0.010436 0.707633 0.706340
1718924440.474957466 -10.260816 2.114188 0.002710 0.015167 -0.010454 0.707606 0.706367
1718924440.479950190 -10.260844 2.115659 0.002717 0.015178 -0.010476 0.707593 0.706380
1718924440.484913826 -10.260869 2.117121 0.002722 0.015209 -0.010502 0.707591 0.706381
1718924440.489926100 -10.260892 2.118597 0.002729 0.015259 -0.010528 0.707594 0.706376
1718924440.494924784 -10.260912 2.120070 0.002742 0.015309 -0.010552 0.707607 0.706361
1718924440.499961615 -10.260930 2.121554 0.002761 0.015340 -0.010574 0.707627 0.706340
1718924440.500001192 -10.260931 2.121566 0.002761 0.015340 -0.010575 0.707627 0.706340
1718924440.500001192 -10.260931 2.121566 0.002761 0.015340 -0.010575 0.707627 0.706340
1718924440.504922628 -10.260948 2.123016 0.002791 0.015340 -0.010589 0.707661 0.706307
1718924440.509909868 -10.260965 2.124487 0.002828 0.015326 -0.010609 0.707711 0.706256
1718924440.514924288 -10.260984 2.125969 0.002872 0.015321 -0.010635 0.707768 0.706198
1718924440.554982185 -10.261161 2.137787 0.003146 0.015360 -0.010930 0.708189 0.705771
1718924440.559936762 -10.261189 2.139243 0.003183 0.015376 -0.010937 0.708240 0.705719
1718924440.564995050 -10.261219 2.140727 0.003217 0.015398 -0.010939 0.708286 0.705673
1718924440.569947004 -10.261249 2.142177 0.003250 0.015424 -0.010943 0.708307 0.705652
1718924440.574926853 -10.261281 2.143633 0.003284 0.015448 -0.010959 0.708317 0.705640
1718924440.579929113 -10.261314 2.145093 0.003324 0.015461 -0.010995 0.708327 0.705629
1718924440.584924936 -10.261348 2.146548 0.003373 0.015462 -0.011054 0.708339 0.705617
1718924440.589916706 -10.261383 2.147999 0.003428 0.015459 -0.011128 0.708346 0.705608
1718924440.594923019 -10.261421 2.149450 0.003488 0.015451 -0.011200 0.708341 0.705613
1718924440.599911213 -10.261464 2.150893 0.003549 0.015451 -0.011265 0.708330 0.705623
1718924440.599993229 -10.261464 2.150917 0.003550 0.015451 -0.011266 0.708330 0.705623
1718924440.599993229 -10.261464 2.150917 0.003550 0.015451 -0.011266 0.708330 0.705623
1718924440.604924440 -10.261513 2.152337 0.003602 0.015460 -0.011326 0.708318 0.705633
1718924440.609909296 -10.261566 2.153772 0.003648 0.015477 -0.011370 0.708309 0.705641
1718924440.614922047 -10.261625 2.155213 0.003688 0.015494 -0.011402 0.708298 0.705651
1718924440.619928598 -10.261689 2.156653 0.003724 0.015520 -0.011429 0.708283 0.705666
1718924440.624918461 -10.261756 2.158087 0.003762 0.015547 -0.011459 0.708268 0.705680
1718924440.629926205 -10.261825 2.159526 0.003805 0.015563 -0.011507 0.708258 0.705689
1718924440.634911537 -10.261896 2.160957 0.003857 0.015568 -0.011578 0.708254 0.705691
1718924440.639929771 -10.261969 2.162396 0.003919 0.015580 -0.011650 0.708246 0.705697
1718924440.644913912 -10.262044 2.163825 0.003984 0.015602 -0.011707 0.708247 0.705695
1718924440.650182247 -10.262125 2.165332 0.004050 0.015612 -0.011771 0.708254 0.705687
1718924440.654913664 -10.262197 2.166684 0.004102 0.015602 -0.011816 0.708255 0.705685
1718924440.659923315 -10.262273 2.168113 0.004148 0.015585 -0.011854 0.708262 0.705678
1718924440.664925575 -10.262350 2.169541 0.004189 0.015577 -0.011887 0.708268 0.705672
1718924440.669925928 -10.262426 2.170971 0.004233 0.015577 -0.011922 0.708275 0.705664
1718924440.674924850 -10.262501 2.172401 0.004284 0.015586 -0.011968 0.708283 0.705655
1718924440.679927588 -10.262574 2.173832 0.004345 0.015610 -0.012030 0.708295 0.705641
1718924440.684913158 -10.262644 2.175258 0.004412 0.015639 -0.012100 0.708312 0.705623
1718924440.689910173 -10.262711 2.176687 0.004481 0.015664 -0.012161 0.708328 0.705605
1718924440.694913149 -10.262774 2.178115 0.004552 0.015676 -0.012211 0.708339 0.705592
1718924440.699903011 -10.262831 2.179537 0.004622 0.015674 -0.012245 0.708350 0.705581
1718924440.699903011 -10.262831 2.179537 0.004622 0.015674 -0.012245 0.708350 0.705581
1718924440.699910641 -10.262831 2.179539 0.004622 0.015674 -0.012245 0.708350 0.705581
1718924440.704916239 -10.262883 2.180963 0.004694 0.015676 -0.012261 0.708351 0.705580
1718924440.709920168 -10.262930 2.182387 0.004760 0.015689 -0.012262 0.708339 0.705592
1718924440.714964390 -10.262972 2.183824 0.004821 0.015717 -0.012275 0.708320 0.705610
1718924440.749932766 -10.263200 2.193722 0.005161 0.015736 -0.012683 0.708080 0.705843
1718924440.754922152 -10.263225 2.195130 0.005208 0.015754 -0.012711 0.708050 0.705872
1718924440.759932995 -10.263250 2.196544 0.005252 0.015776 -0.012732 0.708018 0.705904
1718924440.764969110 -10.263275 2.197966 0.005293 0.015797 -0.012753 0.707991 0.705929
1718924440.769934416 -10.263300 2.199368 0.005330 0.015816 -0.012786 0.707963 0.705957
1718924440.774935484 -10.263326 2.200778 0.005364 0.015835 -0.012822 0.707934 0.705985
1718924440.779927731 -10.263354 2.202184 0.005394 0.015854 -0.012860 0.707907 0.706011
1718924440.784951210 -10.263383 2.203599 0.005418 0.015868 -0.012913 0.707887 0.706029
1718924440.789907932 -10.263414 2.204997 0.005439 0.015874 -0.012961 0.707879 0.706037
1718924440.794955254 -10.263450 2.206421 0.005458 0.015888 -0.012988 0.707873 0.706041
1718924440.799952745 -10.263489 2.207834 0.005476 0.015908 -0.013000 0.707873 0.706041
1718924440.799980164 -10.263489 2.207842 0.005476 0.015908 -0.013000 0.707873 0.706041
1718924440.799980164 -10.263489 2.207842 0.005476 0.015908 -0.013000 0.707873 0.706041
1718924440.804912806 -10.263529 2.209240 0.005501 0.015928 -0.013029 0.707875 0.706038
1718924440.809918165 -10.263573 2.210662 0.005524 0.015948 -0.013070 0.707889 0.706022
1718924440.814931631 -10.263620 2.212090 0.005545 0.015967 -0.013109 0.707916 0.705994
1718924440.819916725 -10.263671 2.213515 0.005563 0.015981 -0.013144 0.707951 0.705959
1718924440.824983120 -10.263726 2.214966 0.005580 0.015994 -0.013175 0.707985 0.705924
1718924440.830014467 -10.263784 2.216412 0.005600 0.016016 -0.013203 0.708014 0.705894
1718924440.834966898 -10.263844 2.217838 0.005627 0.016039 -0.013224 0.708051 0.705855
1718924440.839925051 -10.263907 2.219267 0.005663 0.016059 -0.013242 0.708089 0.705816
1718924440.844975948 -10.263974 2.220722 0.005706 0.016080 -0.013257 0.708130 0.705774
1718924440.849928856 -10.264041 2.222150 0.005752 0.016107 -0.013282 0.708172 0.705731
1718924440.854932070 -10.264109 2.223592 0.005795 0.016125 -0.013317 0.708217 0.705685
1718924440.859927654 -10.264176 2.225029 0.005829 0.016131 -0.013350 0.708252 0.705649
1718924440.864937067 -10.264242 2.226469 0.005854 0.016132 -0.013377 0.708279 0.705622
1718924440.869981766 -10.264308 2.227918 0.005872 0.016140 -0.013394 0.708299 0.705601
1718924440.874954224 -10.264372 2.229346 0.005887 0.016159 -0.013413 0.708316 0.705583
1718924440.879948378 -10.264435 2.230781 0.005904 0.016181 -0.013428 0.708334 0.705564
1718924440.884910345 -10.264495 2.232205 0.005927 0.016196 -0.013446 0.708349 0.705549
1718924440.889909267 -10.264553 2.233637 0.005959 0.016193 -0.013468 0.708354 0.705543
1718924440.894912958 -10.264608 2.235070 0.005998 0.016189 -0.013487 0.708354 0.705543
1718924440.899917603 -10.264663 2.236501 0.006040 0.016189 -0.013508 0.708347 0.705549
1718924440.900017023 -10.264664 2.236530 0.006041 0.016189 -0.013508 0.708347 0.705549
1718924440.900017023 -10.264664 2.236530 0.006041 0.016189 -0.013508 0.708347 0.705549
1718924440.904961348 -10.264720 2.237929 0.006060 0.016191 -0.013525 0.708340 0.705556
1718924440.909914732 -10.264773 2.239327 0.006072 0.016194 -0.013542 0.708327 0.705569
1718924440.914941311 -10.264824 2.240742 0.006074 0.016206 -0.013547 0.708305 0.705590
1718924440.954927444 -10.265250 2.251546 0.005277 0.016301 -0.013608 0.708264 0.705629
1718924440.959919930 -10.265300 2.252909 0.005192 0.016339 -0.013591 0.708263 0.705629
1718924440.964929342 -10.265350 2.254274 0.005096 0.016364 -0.013583 0.708272 0.705619
1718924440.970067501 -10.265399 2.255674 0.004988 0.016361 -0.013601 0.708283 0.705607
1718924440.974971056 -10.265444 2.257010 0.004880 0.016339 -0.013634 0.708288 0.705603
1718924440.979910851 -10.265488 2.258356 0.004771 0.016328 -0.013669 0.708292 0.705598
1718924440.984950066 -10.265534 2.259729 0.004662 0.016343 -0.013689 0.708294 0.705596
1718924440.989915133 -10.265580 2.261082 0.004560 0.016383 -0.013699 0.708304 0.705584
1718924440.994910002 -10.265626 2.262442 0.004466 0.016428 -0.013709 0.708318 0.705569
1718924440.999918699 -10.265671 2.263803 0.004381 0.016465 -0.013722 0.708329 0.705557
1718924441.004910946 -10.265716 2.265156 0.004305 0.016480 -0.013740 0.708341 0.705545
1718924441.009907246 -10.265763 2.266508 0.004233 0.016471 -0.013774 0.708351 0.705534
1718924441.014923096 -10.265810 2.267864 0.004159 0.016437 -0.013817 0.708360 0.705525
1718924441.019958973 -10.265858 2.269225 0.004075 0.016400 -0.013848 0.708371 0.705513
1718924441.024923563 -10.265908 2.270567 0.003982 0.016383 -0.013848 0.708386 0.705499
1718924441.029926062 -10.265963 2.271921 0.003876 0.016406 -0.013826 0.708404 0.705481
1718924441.034924746 -10.266020 2.273277 0.003764 0.016453 -0.013799 0.708412 0.705472
1718924441.039946795 -10.266077 2.274643 0.003653 0.016493 -0.013799 0.708416 0.705467
1718924441.044978857 -10.266134 2.276013 0.003549 0.016505 -0.013834 0.708420 0.705463
1718924441.049963951 -10.266193 2.277369 0.003455 0.016496 -0.013889 0.708426 0.705456
1718924441.054937601 -10.266255 2.278722 0.003369 0.016478 -0.013948 0.708437 0.705444
1718924441.059925795 -10.266320 2.280077 0.003286 0.016451 -0.013992 0.708446 0.705434
1718924441.064957142 -10.266386 2.281442 0.003202 0.016434 -0.014028 0.708448 0.705432
1718924441.069915056 -10.266452 2.282785 0.003112 0.016434 -0.014040 0.708443 0.705437
1718924441.074922323 -10.266522 2.284140 0.003009 0.016450 -0.014037 0.708431 0.705449
1718924441.079955816 -10.266595 2.285503 0.002898 0.016467 -0.014037 0.708415 0.705465
1718924441.084918022 -10.266667 2.286850 0.002784 0.016454 -0.014072 0.708393 0.705486
1718924441.089954376 -10.266740 2.288218 0.002670 0.016420 -0.014140 0.708373 0.705506
1718924441.094918489 -10.266816 2.289569 0.002563 0.016386 -0.014210 0.708358 0.705520
1718924441.099924088 -10.266898 2.290931 0.002461 0.016355 -0.014266 0.708347 0.705531
1718924441.099986076 -10.266899 2.290947 0.002458 0.016355 -0.014266 0.708347 0.705531
1718924441.099986076 -10.266899 2.290947 0.002458 0.016355 -0.014266 0.708347 0.705531
1718924441.104910612 -10.266987 2.292297 0.002373 0.016342 -0.014304 0.708339 0.705538
1718924441.109924078 -10.267079 2.293672 0.002289 0.016340 -0.014323 0.708329 0.705548
1718924441.114940166 -10.267173 2.295049 0.002203 0.016349 -0.014331 0.708315 0.705561
1718924441.164918184 -10.268021 2.308707 0.001512 0.016395 -0.014443 0.708435 0.705437
1718924441.169998407 -10.268102 2.310093 0.001440 0.016399 -0.014470 0.708457 0.705415
1718924441.174929380 -10.268176 2.311438 0.001362 0.016370 -0.014516 0.708482 0.705389
1718924441.179928064 -10.268248 2.312799 0.001272 0.016322 -0.014565 0.708511 0.705361
1718924441.185034513 -10.268318 2.314189 0.001169 0.016272 -0.014596 0.708536 0.705336
1718924441.189939022 -10.268383 2.315526 0.001063 0.016251 -0.014608 0.708550 0.705322
1718924441.194962025 -10.268445 2.316899 0.000955 0.016264 -0.014616 0.708562 0.705310
1718924441.199927092 -10.268502 2.318259 0.000853 0.016285 -0.014634 0.708580 0.705291
1718924441.199989080 -10.268503 2.318276 0.000852 0.016285 -0.014634 0.708580 0.705291
1718924441.199989080 -10.268503 2.318276 0.000852 0.016285 -0.014634 0.708580 0.705291
1718924441.204960108 -10.268557 2.319636 0.000756 0.016300 -0.014653 0.708600 0.705270
1718924441.209906101 -10.268608 2.320989 0.000669 0.016296 -0.014677 0.708613 0.705256
1718924441.214934587 -10.268655 2.322364 0.000586 0.016264 -0.014706 0.708626 0.705243
1718924441.219943285 -10.268698 2.323733 0.000505 0.016207 -0.014741 0.708642 0.705228
1718924441.224929571 -10.268739 2.325096 0.000421 0.016143 -0.014780 0.708664 0.705207
1718924441.229953527 -10.268780 2.326470 0.000333 0.016093 -0.014816 0.708681 0.705190
1718924441.234930754 -10.268823 2.327832 0.000242 0.016067 -0.014838 0.708685 0.705186
1718924441.239921331 -10.268867 2.329201 0.000153 0.016065 -0.014866 0.708691 0.705180
1718924441.244925261 -10.268911 2.330575 0.000069 0.016068 -0.014915 0.708704 0.705166
1718924441.249918461 -10.268956 2.331943 -0.000011 0.016064 -0.014976 0.708719 0.705149
1718924441.254923105 -10.269004 2.333310 -0.000090 0.016051 -0.015024 0.708735 0.705132
1718924441.259929657 -10.269056 2.334676 -0.000172 0.016034 -0.015054 0.708747 0.705119
1718924441.264959574 -10.269110 2.336046 -0.000257 0.016023 -0.015065 0.708763 0.705104
1718924441.269936085 -10.269163 2.337402 -0.000345 0.016015 -0.015077 0.708779 0.705087
1718924441.274982214 -10.269218 2.338775 -0.000438 0.015997 -0.015080 0.708799 0.705068
1718924441.279924631 -10.269273 2.340119 -0.000532 0.015970 -0.015085 0.708805 0.705062
1718924441.284956455 -10.269330 2.341490 -0.000629 0.015929 -0.015105 0.708802 0.705066
1718924441.289922476 -10.269386 2.342844 -0.000726 0.015865 -0.015148 0.708795 0.705073
1718924441.294948339 -10.269445 2.344216 -0.000824 0.015795 -0.015206 0.708795 0.705074
1718924441.299963713 -10.269508 2.345586 -0.000922 0.015743 -0.015247 0.708793 0.705076
1718924441.299991131 -10.269509 2.345594 -0.000922 0.015743 -0.015247 0.708793 0.705076
1718924441.299991131 -10.269509 2.345594 -0.000922 0.015743 -0.015247 0.708793 0.705076
1718924441.304918289 -10.269575 2.346940 -0.001013 0.015716 -0.015269 0.708790 0.705079
1718924441.309956551 -10.269646 2.348319 -0.001103 0.015701 -0.015279 0.708789 0.705080
1718924441.314938068 -10.269719 2.349682 -0.001189 0.015676 -0.015293 0.708784 0.705085
1718924441.349918604 -10.270343 2.359304 -0.001797 0.015409 -0.015315 0.708732 0.705143
1718924441.354989052 -10.270446 2.360710 -0.001885 0.015412 -0.015315 0.708718 0.705157
1718924441.359923124 -10.270546 2.362076 -0.001972 0.015427 -0.015327 0.708706 0.705169
1718924441.364976406 -10.270650 2.363472 -0.002065 0.015451 -0.015339 0.708694 0.705180
1718924441.369924068 -10.270751 2.364835 -0.002165 0.015462 -0.015352 0.708667 0.705206
1718924441.374964237 -10.270851 2.366220 -0.002280 0.015460 -0.015359 0.708632 0.705241
1718924441.379913330 -10.270942 2.367579 -0.002407 0.015446 -0.015352 0.708596 0.705278
1718924441.384910583 -10.271027 2.368949 -0.002549 0.015422 -0.015331 0.708553 0.705323
1718924441.389920712 -10.271105 2.370322 -0.002701 0.015408 -0.015289 0.708508 0.705369
1718924441.394948006 -10.271175 2.371704 -0.002857 0.015417 -0.015224 0.708457 0.705421
1718924441.399961948 -10.271234 2.373087 -0.003007 0.015438 -0.015168 0.708407 0.705472
1718924441.399996042 -10.271234 2.373096 -0.003008 0.015438 -0.015168 0.708407 0.705473
1718924441.399996042 -10.271234 2.373096 -0.003008 0.015438 -0.015168 0.708407 0.705473
1718924441.404958725 -10.271282 2.374466 -0.003147 0.015455 -0.015147 0.708361 0.705518
1718924441.409952164 -10.271319 2.375842 -0.003273 0.015483 -0.015153 0.708317 0.705562
1718924441.414930105 -10.271346 2.377212 -0.003388 0.015513 -0.015171 0.708276 0.705602
1718924441.419959068 -10.271363 2.378594 -0.003498 0.015544 -0.015180 0.708243 0.705634
1718924441.424937963 -10.271367 2.379960 -0.003607 0.015570 -0.015164 0.708215 0.705662
1718924441.429932356 -10.271358 2.381327 -0.003724 0.015598 -0.015120 0.708192 0.705686
1718924441.434987307 -10.271337 2.382709 -0.003850 0.015628 -0.015054 0.708167 0.705711
1718924441.439908266 -10.271304 2.384056 -0.003979 0.015671 -0.015001 0.708146 0.705732
1718924441.444922447 -10.271262 2.385432 -0.004110 0.015723 -0.014985 0.708129 0.705749
1718924441.449918509 -10.271211 2.386805 -0.004236 0.015770 -0.015013 0.708115 0.705761
1718924441.454918623 -10.271153 2.388178 -0.004356 0.015815 -0.015067 0.708104 0.705770
1718924441.459929705 -10.271091 2.389549 -0.004469 0.015859 -0.015106 0.708090 0.705782
1718924441.464984655 -10.271026 2.390927 -0.004580 0.015908 -0.015115 0.708078 0.705793
1718924441.469980478 -10.270961 2.392285 -0.004686 0.015974 -0.015096 0.708072 0.705798
1718924441.474971056 -10.270898 2.393636 -0.004790 0.016059 -0.015061 0.708081 0.705788
1718924441.479961395 -10.270837 2.394981 -0.004893 0.016153 -0.015021 0.708100 0.705768
1718924441.484922886 -10.270778 2.396312 -0.004996 0.016244 -0.015002 0.708117 0.705749
1718924441.489920616 -10.270721 2.397647 -0.005105 0.016332 -0.015017 0.708132 0.705732
1718924441.494913578 -10.270666 2.398975 -0.005222 0.016423 -0.015050 0.708151 0.705709
1718924441.499909878 -10.270615 2.400295 -0.005349 0.016516 -0.015075 0.708177 0.705681
1718924441.499997139 -10.270614 2.400318 -0.005352 0.016517 -0.015076 0.708178 0.705680
1718924441.499997139 -10.270614 2.400318 -0.005352 0.016517 -0.015076 0.708178 0.705680
1718924441.504906893 -10.270569 2.401608 -0.005486 0.016619 -0.015084 0.708211 0.705644
1718924441.509930372 -10.270527 2.402920 -0.005628 0.016741 -0.015068 0.708254 0.705599
1718924441.514936686 -10.270488 2.404223 -0.005772 0.016895 -0.015035 0.708300 0.705549
1718924441.554922104 -10.270027 2.414605 -0.006975 0.017695 -0.014938 0.708782 0.705047
1718924441.559924603 -10.269946 2.415901 -0.007115 0.017794 -0.014920 0.708839 0.704988
1718924441.564936399 -10.269863 2.417199 -0.007251 0.017885 -0.014892 0.708886 0.704939
1718924441.569919586 -10.269776 2.418489 -0.007381 0.017979 -0.014858 0.708928 0.704895
1718924441.574918985 -10.269686 2.419782 -0.007509 0.018080 -0.014834 0.708962 0.704859
1718924441.579921007 -10.269591 2.421071 -0.007636 0.018177 -0.014834 0.708983 0.704835
1718924441.584946394 -10.269494 2.422360 -0.007765 0.018265 -0.014844 0.708992 0.704824
1718924441.589924574 -10.269399 2.423630 -0.007895 0.018334 -0.014864 0.708984 0.704829
1718924441.594959259 -10.269306 2.424908 -0.008030 0.018375 -0.014885 0.708972 0.704840
1718924441.599912643 -10.269218 2.426160 -0.008164 0.018411 -0.014887 0.708942 0.704869
1718924441.599983215 -10.269217 2.426177 -0.008166 0.018412 -0.014886 0.708942 0.704869
1718924441.599983215 -10.269217 2.426177 -0.008166 0.018412 -0.014886 0.708942 0.704869
1718924441.604908705 -10.269139 2.427415 -0.008301 0.018463 -0.014874 0.708903 0.704908
1718924441.609920502 -10.269067 2.428670 -0.008435 0.018538 -0.014849 0.708856 0.704953
1718924441.614940643 -10.269005 2.429924 -0.008562 0.018644 -0.014825 0.708795 0.705012
1718924441.619948626 -10.268950 2.431171 -0.008684 0.018754 -0.014815 0.708723 0.705082
1718924441.625010252 -10.268902 2.432428 -0.008808 0.018845 -0.014827 0.708649 0.705154
1718924441.629986763 -10.268861 2.433658 -0.008935 0.018923 -0.014842 0.708586 0.705215
1718924441.634967804 -10.268829 2.434885 -0.009069 0.018999 -0.014851 0.708520 0.705279
1718924441.639964104 -10.268805 2.436114 -0.009211 0.019069 -0.014848 0.708451 0.705346
1718924441.644954205 -10.268786 2.437341 -0.009359 0.019127 -0.014836 0.708386 0.705410
1718924441.649954557 -10.268773 2.438572 -0.009510 0.019173 -0.014814 0.708328 0.705468
1718924441.654994488 -10.268766 2.439815 -0.009656 0.019209 -0.014801 0.708281 0.705514
1718924441.659971714 -10.268764 2.441044 -0.009791 0.019231 -0.014801 0.708242 0.705553
1718924441.664934397 -10.268770 2.442272 -0.009915 0.019242 -0.014802 0.708211 0.705583
1718924441.669930458 -10.268783 2.443510 -0.010032 0.019243 -0.014805 0.708195 0.705599
1718924441.674925327 -10.268804 2.444748 -0.010145 0.019243 -0.014813 0.708188 0.705606
1718924441.679918528 -10.268830 2.445986 -0.010263 0.019245 -0.014815 0.708188 0.705606
1718924441.684922218 -10.268863 2.447224 -0.010388 0.019258 -0.014797 0.708200 0.705594
1718924441.689917803 -10.268902 2.448457 -0.010523 0.019283 -0.014771 0.708230 0.705564
1718924441.694904327 -10.268946 2.449687 -0.010666 0.019303 -0.014756 0.708270 0.705523
1718924441.699918509 -10.268993 2.450924 -0.010817 0.019306 -0.014760 0.708313 0.705480
1718924441.699983835 -10.268994 2.450940 -0.010819 0.019306 -0.014760 0.708314 0.705479
1718924441.699983835 -10.268994 2.450940 -0.010819 0.019306 -0.014760 0.708314 0.705479
1718924441.704962492 -10.269044 2.452169 -0.010972 0.019298 -0.014777 0.708356 0.705437
1718924441.709925175 -10.269097 2.453395 -0.011127 0.019280 -0.014795 0.708393 0.705400
1718924441.714912415 -10.269153 2.454626 -0.011283 0.019272 -0.014805 0.708428 0.705365
1718924441.719919920 -10.269212 2.455864 -0.011436 0.019285 -0.014799 0.708464 0.705328
1718924441.784918547 -10.270006 2.472230 -0.012924 0.018834 -0.014975 0.708183 0.705619
1718924441.789909840 -10.270066 2.473512 -0.013002 0.018833 -0.014976 0.708151 0.705650
1718924441.794953346 -10.270125 2.474810 -0.013074 0.018851 -0.014971 0.708120 0.705682
1718924441.799949646 -10.270181 2.476100 -0.013140 0.018879 -0.014972 0.708096 0.705705
1718924441.799982071 -10.270181 2.476108 -0.013141 0.018880 -0.014972 0.708095 0.705706
1718924441.799982071 -10.270181 2.476108 -0.013141 0.018880 -0.014972 0.708095 0.705706
1718924441.804962873 -10.270231 2.477395 -0.013200 0.018893 -0.014972 0.708069 0.705732
1718924441.809919834 -10.270277 2.478678 -0.013257 0.018890 -0.014974 0.708047 0.705753
1718924441.814983845 -10.270321 2.479993 -0.013317 0.018860 -0.014992 0.708029 0.705772
1718924441.819933891 -10.270361 2.481279 -0.013382 0.018813 -0.015008 0.708017 0.705785
1718924441.824928284 -10.270399 2.482580 -0.013457 0.018762 -0.015018 0.708009 0.705794
1718924441.830021858 -10.270436 2.483913 -0.013540 0.018728 -0.015016 0.708011 0.705793
1718924441.834931135 -10.270470 2.485204 -0.013625 0.018717 -0.015007 0.708020 0.705785
1718924441.839922667 -10.270505 2.486522 -0.013715 0.018726 -0.014988 0.708036 0.705769
1718924441.844963551 -10.270541 2.487856 -0.013806 0.018743 -0.014968 0.708060 0.705744
1718924441.849932432 -10.270575 2.489174 -0.013895 0.018760 -0.014945 0.708084 0.705721
1718924441.854935408 -10.270608 2.490504 -0.013981 0.018777 -0.014932 0.708105 0.705700
1718924441.859920502 -10.270637 2.491830 -0.014062 0.018793 -0.014922 0.708120 0.705684
1718924441.864979029 -10.270664 2.493178 -0.014139 0.018794 -0.014922 0.708138 0.705666
1718924441.869941950 -10.270688 2.494501 -0.014213 0.018792 -0.014926 0.708161 0.705643
1718924441.874968767 -10.270709 2.495842 -0.014289 0.018790 -0.014922 0.708187 0.705617
1718924441.879971266 -10.270729 2.497178 -0.014369 0.018785 -0.014914 0.708212 0.705592
1718924441.884965658 -10.270747 2.498513 -0.014453 0.018763 -0.014907 0.708238 0.705567
1718924441.889918089 -10.270766 2.499837 -0.014541 0.018724 -0.014910 0.708264 0.705542
1718924441.894923449 -10.270788 2.501175 -0.014630 0.018684 -0.014909 0.708287 0.705519
1718924441.899959326 -10.270814 2.502523 -0.014718 0.018665 -0.014905 0.708310 0.705497
1718924441.900000811 -10.270814 2.502534 -0.014719 0.018665 -0.014905 0.708310 0.705497
1718924441.900000811 -10.270814 2.502534 -0.014719 0.018665 -0.014905 0.708310 0.705497
1718924441.904957294 -10.270850 2.503859 -0.014812 0.018669 -0.014902 0.708335 0.705472
1718924441.909918547 -10.270890 2.505187 -0.014900 0.018692 -0.014907 0.708353 0.705453
1718924441.914945364 -10.270935 2.506530 -0.014985 0.018729 -0.014910 0.708364 0.705442
1718924441.954971075 -10.271470 2.517086 -0.015747 0.018252 -0.014684 0.708343 0.705480
1718924441.959982872 -10.271556 2.518428 -0.015784 0.018235 -0.014685 0.708334 0.705490
1718924441.964980364 -10.271646 2.519764 -0.015820 0.018222 -0.014695 0.708319 0.705504
1718924441.969933033 -10.271740 2.521084 -0.015857 0.018203 -0.014717 0.708306 0.705517
1718924441.974998713 -10.271841 2.522430 -0.015896 0.018197 -0.014734 0.708291 0.705532
1718924441.979966640 -10.271943 2.523745 -0.015938 0.018203 -0.014744 0.708278 0.705545
1718924441.984919071 -10.272046 2.525053 -0.015983 0.018229 -0.014748 0.708262 0.705560
1718924441.989913702 -10.272152 2.526368 -0.016031 0.018268 -0.014742 0.708243 0.705578
1718924441.994919300 -10.272258 2.527683 -0.016081 0.018309 -0.014738 0.708230 0.705590
1718924441.999917507 -10.272361 2.528992 -0.016131 0.018339 -0.014751 0.708219 0.705600
1718924442.004921675 -10.272461 2.530302 -0.016179 0.018351 -0.014772 0.708206 0.705612
1718924442.009915352 -10.272556 2.531606 -0.016222 0.018364 -0.014801 0.708201 0.705617
1718924442.014950991 -10.272648 2.532919 -0.016260 0.018373 -0.014828 0.708196 0.705621
1718924442.019990921 -10.272735 2.534232 -0.016292 0.018376 -0.014843 0.708196 0.705621
1718924442.024935246 -10.272815 2.535518 -0.016318 0.018378 -0.014841 0.708202 0.705615
1718924442.029922247 -10.272890 2.536816 -0.016341 0.018392 -0.014829 0.708204 0.705612
1718924442.034935474 -10.272962 2.538119 -0.016364 0.018407 -0.014818 0.708200 0.705617
1718924442.039918900 -10.273027 2.539412 -0.016392 0.018427 -0.014813 0.708200 0.705616
1718924442.044917345 -10.273085 2.540705 -0.016425 0.018455 -0.014821 0.708207 0.705608
1718924442.049913883 -10.273137 2.541995 -0.016465 0.018481 -0.014834 0.708213 0.705601
1718924442.054929733 -10.273183 2.543286 -0.016510 0.018504 -0.014840 0.708218 0.705596
1718924442.059969664 -10.273224 2.544581 -0.016560 0.018529 -0.014847 0.708219 0.705593
1718924442.064967155 -10.273259 2.545863 -0.016610 0.018546 -0.014852 0.708219 0.705592
1718924442.069916248 -10.273288 2.547128 -0.016659 0.018558 -0.014847 0.708213 0.705598
1718924442.074909449 -10.273313 2.548402 -0.016703 0.018568 -0.014841 0.708204 0.705608
1718924442.079923868 -10.273334 2.549680 -0.016739 0.018581 -0.014839 0.708196 0.705615
1718924442.084920406 -10.273354 2.550953 -0.016770 0.018594 -0.014844 0.708178 0.705633
1718924442.089924574 -10.273371 2.552225 -0.016797 0.018606 -0.014853 0.708156 0.705654
1718924442.094919443 -10.273388 2.553491 -0.016828 0.018625 -0.014863 0.708126 0.705684
1718924442.099924564 -10.273406 2.554754 -0.016866 0.018651 -0.014862 0.708092 0.705717
1718924442.099987984 -10.273406 2.554769 -0.016867 0.018650 -0.014862 0.708092 0.705718
1718924442.099987984 -10.273406 2.554769 -0.016867 0.018650 -0.014862 0.708092 0.705718
1718924442.104920149 -10.273428 2.556020 -0.016902 0.018682 -0.014861 0.708059 0.705750
1718924442.109915257 -10.273452 2.557288 -0.016943 0.018705 -0.014872 0.708022 0.705786
1718924442.114923716 -10.273480 2.558559 -0.016985 0.018729 -0.014894 0.707990 0.705817
1718924442.194922924 -10.274511 2.578304 -0.017154 0.018896 -0.014581 0.707552 0.706258
1718924442.199926138 -10.274616 2.579546 -0.017157 0.018937 -0.014572 0.707520 0.706289
1718924442.199991941 -10.274618 2.579562 -0.017157 0.018938 -0.014572 0.707520 0.706289
1718924442.199991941 -10.274618 2.579562 -0.017157 0.018938 -0.014572 0.707520 0.706289
1718924442.204960108 -10.274727 2.580794 -0.017166 0.018976 -0.014552 0.707489 0.706319
1718924442.209964752 -10.274837 2.582036 -0.017183 0.018997 -0.014535 0.707449 0.706359
1718924442.214940548 -10.274948 2.583274 -0.017210 0.019006 -0.014520 0.707398 0.706410
1718924442.219935417 -10.275058 2.584521 -0.017246 0.019005 -0.014487 0.707349 0.706460
1718924442.224943161 -10.275170 2.585777 -0.017287 0.018993 -0.014443 0.707299 0.706512
1718924442.229952574 -10.275283 2.587039 -0.017327 0.018989 -0.014390 0.707238 0.706574
1718924442.234930754 -10.275393 2.588301 -0.017357 0.019016 -0.014338 0.707179 0.706633
1718924442.239965916 -10.275503 2.589584 -0.017374 0.019071 -0.014294 0.707119 0.706693
1718924442.245003462 -10.275610 2.590874 -0.017381 0.019139 -0.014256 0.707051 0.706760
1718924442.249925852 -10.275713 2.592136 -0.017385 0.019196 -0.014207 0.706979 0.706831
1718924442.254974365 -10.275816 2.593429 -0.017391 0.019228 -0.014152 0.706903 0.706908
1718924442.259938478 -10.275913 2.594700 -0.017404 0.019246 -0.014106 0.706825 0.706986
1718924442.264932156 -10.276007 2.595982 -0.017423 0.019281 -0.014056 0.706751 0.707060
1718924442.269972563 -10.276099 2.597282 -0.017450 0.019354 -0.013990 0.706677 0.707133
1718924442.274962664 -10.276189 2.598576 -0.017483 0.019456 -0.013916 0.706599 0.707210
1718924442.279930115 -10.276273 2.599868 -0.017521 0.019562 -0.013839 0.706508 0.707300
1718924442.284918308 -10.276352 2.601168 -0.017561 0.019655 -0.013771 0.706410 0.707396
1718924442.289963007 -10.276426 2.602485 -0.017600 0.019742 -0.013712 0.706309 0.707495
1718924442.294959784 -10.276496 2.603796 -0.017634 0.019826 -0.013647 0.706212 0.707591
1718924442.299965143 -10.276562 2.605112 -0.017659 0.019902 -0.013590 0.706103 0.707699
1718924442.299984932 -10.276562 2.605117 -0.017659 0.019902 -0.013589 0.706103 0.707699
1718924442.299984932 -10.276562 2.605117 -0.017659 0.019902 -0.013589 0.706103 0.707699
1718924442.304923534 -10.276619 2.606417 -0.017673 0.019957 -0.013548 0.705987 0.707814
1718924442.309917927 -10.276668 2.607731 -0.017680 0.019975 -0.013528 0.705866 0.707934
1718924442.314946175 -10.276712 2.609054 -0.017683 0.019987 -0.013523 0.705736 0.708064
1718924442.354929686 -10.276999 2.619782 -0.017347 0.020165 -0.013352 0.704888 0.708907
1718924442.359937191 -10.277036 2.621154 -0.017256 0.020184 -0.013352 0.704799 0.708994
1718924442.364933729 -10.277077 2.622530 -0.017157 0.020189 -0.013366 0.704729 0.709064
1718924442.369997978 -10.277123 2.623933 -0.017051 0.020188 -0.013380 0.704673 0.709119
1718924442.374924183 -10.277172 2.625306 -0.016949 0.020193 -0.013385 0.704630 0.709161
1718924442.379964352 -10.277227 2.626718 -0.016851 0.020221 -0.013369 0.704598 0.709193
1718924442.384959936 -10.277287 2.628123 -0.016761 0.020271 -0.013337 0.704585 0.709205
1718924442.389922857 -10.277351 2.629525 -0.016677 0.020339 -0.013308 0.704582 0.709206
1718924442.394963503 -10.277422 2.630955 -0.016597 0.020411 -0.013278 0.704591 0.709196
1718924442.399962664 -10.277494 2.632379 -0.016517 0.020473 -0.013257 0.704607 0.709178
1718924442.399991035 -10.277495 2.632387 -0.016517 0.020474 -0.013257 0.704607 0.709178
1718924442.399991035 -10.277495 2.632387 -0.016517 0.020474 -0.013257 0.704607 0.709178
1718924442.404957533 -10.277573 2.633808 -0.016436 0.020525 -0.013242 0.704638 0.709146
1718924442.409963846 -10.277653 2.635244 -0.016347 0.020574 -0.013230 0.704677 0.709107
1718924442.414941549 -10.277734 2.636677 -0.016252 0.020622 -0.013219 0.704710 0.709073
1718924442.420035601 -10.277814 2.638147 -0.016150 0.020670 -0.013199 0.704734 0.709047
1718924442.424925327 -10.277890 2.639562 -0.016053 0.020707 -0.013169 0.704743 0.709038
1718924442.429959297 -10.277968 2.641022 -0.015959 0.020739 -0.013132 0.704740 0.709041
1718924442.434999943 -10.278045 2.642487 -0.015872 0.020763 -0.013095 0.704727 0.709053
1718924442.439969778 -10.278119 2.643935 -0.015792 0.020781 -0.013076 0.704713 0.709068
1718924442.444965839 -10.278193 2.645394 -0.015717 0.020797 -0.013071 0.704695 0.709085
1718924442.449933767 -10.278265 2.646848 -0.015645 0.020809 -0.013075 0.704666 0.709113
1718924442.454975128 -10.278336 2.648328 -0.015572 0.020820 -0.013081 0.704619 0.709160
1718924442.459928036 -10.278405 2.649784 -0.015498 0.020824 -0.013090 0.704566 0.709212
1718924442.464934826 -10.278476 2.651258 -0.015421 0.020814 -0.013084 0.704504 0.709274
1718924442.469923496 -10.278547 2.652728 -0.015340 0.020790 -0.013070 0.704432 0.709346
1718924442.474923611 -10.278619 2.654204 -0.015254 0.020754 -0.013061 0.704357 0.709422
1718924442.479920626 -10.278692 2.655682 -0.015166 0.020716 -0.013067 0.704277 0.709502
1718924442.484923363 -10.278767 2.657164 -0.015074 0.020685 -0.013090 0.704195 0.709584
1718924442.489919901 -10.278844 2.658647 -0.014982 0.020668 -0.013119 0.704110 0.709669
1718924442.494915962 -10.278922 2.660132 -0.014894 0.020658 -0.013153 0.704028 0.709750
1718924442.499922037 -10.278999 2.661623 -0.014807 0.020644 -0.013198 0.703942 0.709835
1718924442.499993086 -10.279000 2.661644 -0.014805 0.020643 -0.013198 0.703941 0.709836
1718924442.499993086 -10.279000 2.661644 -0.014805 0.020643 -0.013198 0.703941 0.709836
1718924442.504920006 -10.279072 2.663114 -0.014716 0.020631 -0.013248 0.703851 0.709924
1718924442.509921789 -10.279143 2.664608 -0.014623 0.020621 -0.013282 0.703765 0.710009
1718924442.514966726 -10.279217 2.666117 -0.014527 0.020629 -0.013284 0.703681 0.710092
1718924442.549982309 -10.279723 2.676705 -0.013755 0.020467 -0.013296 0.703764 0.710015
1718924442.554969072 -10.279794 2.678233 -0.013630 0.020441 -0.013314 0.703781 0.709998
1718924442.559999943 -10.279868 2.679778 -0.013501 0.020415 -0.013317 0.703810 0.709970
1718924442.564942122 -10.279945 2.681299 -0.013373 0.020395 -0.013303 0.703852 0.709929
1718924442.569947243 -10.280027 2.682844 -0.013244 0.020379 -0.013273 0.703906 0.709876
1718924442.575005770 -10.280111 2.684410 -0.013115 0.020368 -0.013248 0.703969 0.709815
1718924442.579962254 -10.280196 2.685947 -0.012990 0.020370 -0.013229 0.704022 0.709763
1718924442.584964752 -10.280286 2.687501 -0.012866 0.020387 -0.013219 0.704070 0.709715
1718924442.589959145 -10.280378 2.689054 -0.012746 0.020414 -0.013214 0.704112 0.709672
1718924442.594957113 -10.280472 2.690607 -0.012630 0.020436 -0.013220 0.704153 0.709631
1718924442.599962473 -10.280570 2.692164 -0.012515 0.020440 -0.013223 0.704200 0.709584
1718924442.599990129 -10.280570 2.692173 -0.012515 0.020440 -0.013223 0.704201 0.709584
1718924442.599990129 -10.280570 2.692173 -0.012515 0.020440 -0.013223 0.704201 0.709584
1718924442.604958534 -10.280671 2.693721 -0.012402 0.020431 -0.013217 0.704252 0.709533
1718924442.609923363 -10.280777 2.695270 -0.012288 0.020396 -0.013212 0.704298 0.709488
1718924442.614949226 -10.280888 2.696843 -0.012168 0.020346 -0.013208 0.704335 0.709453
1718924442.619950056 -10.281006 2.698414 -0.012043 0.020305 -0.013200 0.704363 0.709427
1718924442.624984980 -10.281132 2.700004 -0.011910 0.020281 -0.013190 0.704386 0.709405
1718924442.629952431 -10.281263 2.701578 -0.011776 0.020283 -0.013187 0.704407 0.709384
1718924442.634969950 -10.281402 2.703173 -0.011641 0.020304 -0.013194 0.704412 0.709378
1718924442.639965773 -10.281546 2.704761 -0.011511 0.020322 -0.013209 0.704414 0.709375
1718924442.644964218 -10.281695 2.706351 -0.011388 0.020322 -0.013233 0.704416 0.709373
1718924442.649962187 -10.281848 2.707941 -0.011270 0.020301 -0.013265 0.704409 0.709380
1718924442.654974699 -10.282005 2.709537 -0.011157 0.020269 -0.013287 0.704401 0.709389
1718924442.659928322 -10.282163 2.711116 -0.011045 0.020229 -0.013297 0.704389 0.709401
1718924442.664934635 -10.282327 2.712714 -0.010929 0.020183 -0.013304 0.704379 0.709412
1718924442.669990301 -10.282497 2.714332 -0.010806 0.020139 -0.013317 0.704362 0.709430
1718924442.674927235 -10.282666 2.715918 -0.010680 0.020104 -0.013346 0.704345 0.709448
1718924442.679962397 -10.282840 2.717540 -0.010548 0.020063 -0.013380 0.704332 0.709461
1718924442.684920073 -10.283014 2.719140 -0.010417 0.020022 -0.013403 0.704325 0.709469
1718924442.689959764 -10.283194 2.720769 -0.010288 0.019985 -0.013418 0.704312 0.709482
1718924442.694955587 -10.283377 2.722387 -0.010166 0.019945 -0.013430 0.704301 0.709495
1718924442.699899197 -10.283560 2.723992 -0.010053 0.019915 -0.013442 0.704289 0.709507
1718924442.699899197 -10.283560 2.723992 -0.010053 0.019915 -0.013442 0.704289 0.709507
1718924442.699963093 -10.265792 2.713101 -0.000731 0.021021 -0.012996 0.705726 0.708054
1718924442.699989080 -10.262729 2.711236 0.000871 0.021211 -0.012919 0.705973 0.707803
1718924442.699989080 -10.262729 2.711236 0.000871 0.021211 -0.012919 0.705973 0.707803
1718924442.704915285 -10.262785 2.712402 0.000896 0.021190 -0.012940 0.705969 0.707807
1718924442.709959269 -10.262841 2.713600 0.000924 0.021171 -0.012976 0.705970 0.707806
1718924442.714962006 -10.262896 2.714791 0.000957 0.021152 -0.013013 0.705971 0.707805
1718924442.764989614 -10.263396 2.726573 0.001900 0.020752 -0.013289 0.706098 0.707685
1718924442.769990683 -10.263417 2.727789 0.001937 0.020729 -0.013303 0.706096 0.707688
1718924442.774996281 -10.263432 2.729008 0.001976 0.020725 -0.013300 0.706084 0.707699
1718924442.779924154 -10.263444 2.730207 0.002015 0.020737 -0.013302 0.706062 0.707721
1718924442.784959793 -10.263452 2.731430 0.002057 0.020743 -0.013328 0.706033 0.707749
1718924442.789959431 -10.263456 2.732642 0.002100 0.020734 -0.013370 0.706003 0.707779
1718924442.794954777 -10.263456 2.733850 0.002142 0.020720 -0.013414 0.705966 0.707816
1718924442.799960136 -10.263453 2.735057 0.002181 0.020707 -0.013446 0.705920 0.707861
1718924442.804958344 -10.263445 2.736260 0.002217 0.020696 -0.013458 0.705870 0.707911
1718924442.809961081 -10.263432 2.737462 0.002250 0.020670 -0.013467 0.705816 0.707965
1718924442.814995050 -10.263418 2.738672 0.002285 0.020625 -0.013496 0.705755 0.708027
1718924442.819996834 -10.263402 2.739878 0.002322 0.020554 -0.013542 0.705685 0.708098
1718924442.824970961 -10.263386 2.741081 0.002360 0.020470 -0.013604 0.705627 0.708157
1718924442.829966784 -10.263370 2.742293 0.002396 0.020392 -0.013673 0.705574 0.708211
1718924442.834930420 -10.263358 2.743501 0.002428 0.020329 -0.013736 0.705512 0.708273
1718924442.839948416 -10.263349 2.744726 0.002458 0.020284 -0.013791 0.705446 0.708339
1718924442.844963312 -10.263343 2.745954 0.002488 0.020249 -0.013845 0.705380 0.708404
1718924442.849954128 -10.263340 2.747179 0.002522 0.020219 -0.013905 0.705315 0.708469
1718924442.854920387 -10.263342 2.748400 0.002559 0.020191 -0.013972 0.705251 0.708532
1718924442.859916449 -10.263346 2.749630 0.002598 0.020155 -0.014036 0.705189 0.708594
1718924442.864951849 -10.263353 2.750870 0.002636 0.020105 -0.014097 0.705123 0.708660
1718924442.869955778 -10.263363 2.752104 0.002669 0.020058 -0.014157 0.705057 0.708725
1718924442.874912739 -10.263373 2.753329 0.002698 0.020003 -0.014223 0.704994 0.708789
1718924442.879917860 -10.263385 2.754567 0.002725 0.019932 -0.014299 0.704933 0.708849
1718924442.884951353 -10.263399 2.755815 0.002753 0.019846 -0.014393 0.704867 0.708916
1718924442.889922619 -10.263415 2.757052 0.002781 0.019750 -0.014500 0.704799 0.708984
1718924442.894913197 -10.263435 2.758296 0.002808 0.019660 -0.014607 0.704722 0.709060
1718924442.899919748 -10.263457 2.759545 0.002833 0.019584 -0.014717 0.704647 0.709135
1718924442.900007248 -10.263458 2.759566 0.002834 0.019582 -0.014719 0.704646 0.709136
1718924442.900007248 -10.263458 2.759566 0.002834 0.019582 -0.014719 0.704646 0.709136
1718924442.904919147 -10.263480 2.760790 0.002844 0.019523 -0.014817 0.704565 0.709216
1718924442.909950972 -10.263505 2.762043 0.002856 0.019480 -0.014887 0.704472 0.709308
1718924442.939928532 -10.263572 2.769473 0.002822 0.019190 -0.015338 0.703761 0.710012
1718924442.944919348 -10.263580 2.770707 0.002775 0.019129 -0.015382 0.703634 0.710139
1718924442.949916124 -10.263588 2.771942 0.002719 0.019068 -0.015422 0.703507 0.710265
1718924442.954916000 -10.263598 2.773180 0.002658 0.019003 -0.015466 0.703379 0.710393
1718924442.959918976 -10.263610 2.774421 0.002592 0.018925 -0.015530 0.703256 0.710515
1718924442.964916229 -10.263623 2.775665 0.002522 0.018827 -0.015631 0.703132 0.710638
1718924442.969922304 -10.263639 2.776915 0.002450 0.018714 -0.015771 0.703015 0.710754
1718924442.974917412 -10.263658 2.778168 0.002379 0.018590 -0.015952 0.702896 0.710871
1718924442.979912281 -10.263683 2.779427 0.002315 0.018472 -0.016164 0.702775 0.710989
1718924442.984933853 -10.263715 2.780699 0.002261 0.018375 -0.016389 0.702653 0.711107
1718924442.989969969 -10.263757 2.781978 0.002214 0.018295 -0.016615 0.702533 0.711222
1718924442.995016098 -10.263810 2.783264 0.002169 0.018218 -0.016830 0.702409 0.711341
1718924442.999953270 -10.263874 2.784526 0.002122 0.018142 -0.017022 0.702284 0.711462
1718924443.004954815 -10.263949 2.785809 0.002069 0.018050 -0.017199 0.702155 0.711587
1718924443.009951830 -10.264035 2.787095 0.002012 0.017943 -0.017357 0.702012 0.711728
1718924443.014968157 -10.264132 2.788391 0.001953 0.017853 -0.017483 0.701844 0.711892
1718924443.019924641 -10.264238 2.789678 0.001896 0.017799 -0.017558 0.701658 0.712075
1718924443.024910450 -10.264355 2.790977 0.001847 0.017786 -0.017568 0.701466 0.712264
1718924443.029918909 -10.264480 2.792284 0.001816 0.017832 -0.017495 0.701265 0.712463
1718924443.034911871 -10.264612 2.793587 0.001803 0.017943 -0.017354 0.701042 0.712683
1718924443.039928436 -10.264749 2.794897 0.001805 0.018111 -0.017188 0.700791 0.712930
1718924443.044911385 -10.264881 2.796198 0.001814 0.018270 -0.017066 0.700519 0.713196
1718924443.049953222 -10.265001 2.797513 0.001820 0.018390 -0.017007 0.700241 0.713467
1718924443.054924250 -10.265105 2.798807 0.001815 0.018483 -0.016983 0.699957 0.713743
1718924443.059946537 -10.265199 2.800112 0.001793 0.018587 -0.016946 0.699653 0.714040
1718924443.064956665 -10.265276 2.801415 0.001758 0.018709 -0.016892 0.699319 0.714365
1718924443.069906712 -10.265330 2.802702 0.001718 0.018807 -0.016848 0.698968 0.714707
1718924443.074954748 -10.265360 2.804015 0.001678 0.018870 -0.016801 0.698596 0.715070
1718924443.079909086 -10.265369 2.805304 0.001637 0.018923 -0.016736 0.698221 0.715436
1718924443.084912300 -10.265364 2.806606 0.001590 0.018977 -0.016644 0.697826 0.715822
1718924443.089946747 -10.265348 2.807916 0.001535 0.019035 -0.016544 0.697412 0.716226
1718924443.094903708 -10.265319 2.809206 0.001474 0.019118 -0.016427 0.696983 0.716644
1718924443.099939108 -10.265276 2.810519 0.001406 0.019234 -0.016301 0.696530 0.717085
1718924443.099997044 -10.265275 2.810534 0.001406 0.019236 -0.016300 0.696525 0.717090
1718924443.099997044 -10.265275 2.810534 0.001406 0.019236 -0.016300 0.696525 0.717090
1718924443.104947329 -10.265238 2.811802 0.001342 0.019390 -0.016162 0.696059 0.717541
1718924443.109949350 -10.265183 2.813083 0.001284 0.019535 -0.016044 0.695579 0.718005
1718924443.114932537 -10.265108 2.814359 0.001234 0.019628 -0.015976 0.695081 0.718486
1718924443.149906635 -10.264980 2.822813 0.001075 0.018233 -0.016884 0.690492 0.722913
1718924443.154969692 -10.264890 2.824126 0.001035 0.018063 -0.016954 0.689827 0.723550
1718924443.159940481 -10.264799 2.825417 0.000993 0.017936 -0.017007 0.689185 0.724163
1718924443.164950848 -10.264702 2.826717 0.000942 0.017823 -0.017053 0.688550 0.724769
1718924443.169947386 -10.264597 2.828010 0.000881 0.017719 -0.017093 0.687923 0.725366
1718924443.174939871 -10.264488 2.829299 0.000814 0.017627 -0.017142 0.687316 0.725942
1718924443.179906368 -10.264377 2.830583 0.000748 0.017554 -0.017210 0.686743 0.726484
1718924443.184994936 -10.264264 2.831903 0.000688 0.017508 -0.017276 0.686203 0.726995
1718924443.189937353 -10.264155 2.833189 0.000637 0.017479 -0.017309 0.685713 0.727456
1718924443.194942236 -10.264046 2.834489 0.000594 0.017458 -0.017282 0.685251 0.727892
1718924443.199908018 -10.263937 2.835774 0.000563 0.017424 -0.017213 0.684828 0.728293
1718924443.199990034 -10.263936 2.835794 0.000562 0.017423 -0.017212 0.684822 0.728299
1718924443.199990034 -10.263936 2.835794 0.000562 0.017423 -0.017212 0.684822 0.728299
1718924443.204942942 -10.263821 2.837090 0.000528 0.017379 -0.017132 0.684441 0.728660
1718924443.209930897 -10.263710 2.838394 0.000501 0.017362 -0.017039 0.684083 0.728998
1718924443.214912653 -10.263602 2.839697 0.000478 0.017345 -0.016991 0.683739 0.729323
1718924443.219908476 -10.263487 2.841002 0.000453 0.017303 -0.017009 0.683409 0.729632
1718924443.224914074 -10.263365 2.842306 0.000419 0.017241 -0.017077 0.683104 0.729918
1718924443.229906082 -10.263239 2.843605 0.000373 0.017189 -0.017168 0.682801 0.730200
1718924443.234910488 -10.263111 2.844904 0.000312 0.017158 -0.017253 0.682489 0.730491
1718924443.239920616 -10.262981 2.846204 0.000241 0.017128 -0.017341 0.682166 0.730791
1718924443.244915485 -10.262846 2.847498 0.000171 0.017068 -0.017455 0.681832 0.731101
1718924443.249949455 -10.262704 2.848802 0.000106 0.016974 -0.017585 0.681486 0.731423
1718924443.254941225 -10.262563 2.850096 0.000050 0.016860 -0.017718 0.681156 0.731729
1718924443.259912252 -10.262427 2.851388 0.000000 0.016753 -0.017835 0.680842 0.732022
1718924443.264946461 -10.262295 2.852696 -0.000045 0.016670 -0.017921 0.680534 0.732308
1718924443.269954920 -10.262170 2.853998 -0.000091 0.016612 -0.017975 0.680242 0.732579
1718924443.274945498 -10.262053 2.855293 -0.000138 0.016568 -0.018005 0.679977 0.732825
1718924443.279899597 -10.261945 2.856580 -0.000186 0.016548 -0.018039 0.679752 0.733033
1718924443.284916639 -10.261848 2.857887 -0.000233 0.016541 -0.018083 0.679560 0.733210
1718924443.289910793 -10.261764 2.859190 -0.000283 0.016531 -0.018140 0.679419 0.733340
1718924443.294921160 -10.261695 2.860499 -0.000337 0.016524 -0.018201 0.679318 0.733432
1718924443.299903870 -10.261642 2.861804 -0.000395 0.016512 -0.018249 0.679259 0.733486
1718924443.300001144 -10.261641 2.861830 -0.000396 0.016512 -0.018249 0.679258 0.733486
1718924443.300001144 -10.261641 2.861830 -0.000396 0.016512 -0.018249 0.679258 0.733486
1718924443.304907560 -10.261594 2.863117 -0.000440 0.016509 -0.018254 0.679251 0.733493
1718924443.309904814 -10.261557 2.864435 -0.000481 0.016503 -0.018243 0.679279 0.733468
1718924443.314925432 -10.261529 2.865764 -0.000515 0.016487 -0.018234 0.679344 0.733408
1718924443.394892216 -10.261575 2.886519 -0.003001 0.016659 -0.019271 0.678752 0.733925
1718924443.399888039 -10.261590 2.887824 -0.003230 0.016630 -0.019315 0.678693 0.733980
1718924443.404901028 -10.261604 2.889134 -0.003466 0.016601 -0.019358 0.678609 0.734057
1718924443.409899950 -10.261616 2.890442 -0.003701 0.016573 -0.019389 0.678513 0.734145
1718924443.414903641 -10.261626 2.891754 -0.003930 0.016546 -0.019417 0.678416 0.734235
1718924443.419903278 -10.261632 2.893069 -0.004149 0.016512 -0.019438 0.678312 0.734331
1718924443.424903870 -10.261632 2.894389 -0.004357 0.016474 -0.019446 0.678204 0.734431
1718924443.429911613 -10.261627 2.895715 -0.004557 0.016434 -0.019444 0.678102 0.734526
1718924443.434897661 -10.261615 2.897040 -0.004751 0.016395 -0.019442 0.678014 0.734609
1718924443.439900160 -10.261595 2.898374 -0.004943 0.016366 -0.019448 0.677937 0.734680
1718924443.444902420 -10.261566 2.899711 -0.005137 0.016359 -0.019460 0.677871 0.734741
1718924443.449904203 -10.261528 2.901050 -0.005338 0.016365 -0.019467 0.677829 0.734779
1718924443.454903364 -10.261479 2.902390 -0.005548 0.016380 -0.019473 0.677809 0.734797
1718924443.459911108 -10.261418 2.903734 -0.005772 0.016398 -0.019460 0.677803 0.734803
1718924443.464922905 -10.261343 2.905081 -0.006005 0.016405 -0.019429 0.677815 0.734793
1718924443.469897032 -10.261255 2.906420 -0.006241 0.016407 -0.019388 0.677847 0.734764
1718924443.474939585 -10.261152 2.907782 -0.006477 0.016405 -0.019348 0.677899 0.734717
1718924443.479886532 -10.261036 2.909123 -0.006701 0.016404 -0.019317 0.677955 0.734666
1718924443.484923601 -10.260904 2.910492 -0.006923 0.016384 -0.019293 0.678025 0.734603
1718924443.489893913 -10.260762 2.911845 -0.007137 0.016365 -0.019262 0.678111 0.734525
1718924443.494904041 -10.260607 2.913211 -0.007353 0.016362 -0.019220 0.678198 0.734446
1718924443.499888182 -10.260445 2.914571 -0.007572 0.016381 -0.019169 0.678286 0.734365
1718924443.499997139 -10.260441 2.914600 -0.007577 0.016382 -0.019169 0.678288 0.734363
1718924443.499997139 -10.260441 2.914600 -0.007577 0.016382 -0.019169 0.678288 0.734363
1718924443.504884005 -10.260275 2.915925 -0.007806 0.016414 -0.019120 0.678369 0.734289
1718924443.509894133 -10.260098 2.917283 -0.008044 0.016449 -0.019081 0.678449 0.734215
1718924443.514900923 -10.259915 2.918638 -0.008282 0.016486 -0.019046 0.678526 0.734145
1718924443.590222597 -10.258336 2.938722 -0.012061 0.016343 -0.018459 0.677373 0.735227
1718924443.594956160 -10.258316 2.939997 -0.012265 0.016309 -0.018435 0.677305 0.735291
1718924443.599902630 -10.258305 2.941331 -0.012483 0.016273 -0.018437 0.677238 0.735353
1718924443.599987030 -10.258305 2.941353 -0.012487 0.016272 -0.018437 0.677237 0.735354
1718924443.599987030 -10.258305 2.941353 -0.012487 0.016272 -0.018437 0.677237 0.735354
1718924443.604887247 -10.258303 2.942680 -0.012691 0.016260 -0.018456 0.677179 0.735407
1718924443.609899044 -10.258310 2.944037 -0.012909 0.016264 -0.018455 0.677128 0.735454
1718924443.614901543 -10.258326 2.945394 -0.013135 0.016273 -0.018436 0.677087 0.735492
1718924443.619913101 -10.258350 2.946756 -0.013363 0.016266 -0.018408 0.677060 0.735518
1718924443.624905825 -10.258381 2.948119 -0.013583 0.016252 -0.018380 0.677048 0.735530
1718924443.629903316 -10.258417 2.949488 -0.013791 0.016228 -0.018358 0.677053 0.735526
1718924443.634907007 -10.258458 2.950861 -0.013988 0.016193 -0.018346 0.677079 0.735504
1718924443.639911413 -10.258503 2.952235 -0.014179 0.016156 -0.018345 0.677112 0.735474
1718924443.644908667 -10.258551 2.953608 -0.014371 0.016119 -0.018346 0.677155 0.735435
1718924443.649896383 -10.258602 2.954979 -0.014570 0.016097 -0.018342 0.677212 0.735384
1718924443.654907465 -10.258655 2.956356 -0.014781 0.016082 -0.018332 0.677277 0.735324
1718924443.659899950 -10.258709 2.957726 -0.015003 0.016067 -0.018316 0.677347 0.735260
1718924443.664949179 -10.258762 2.959111 -0.015235 0.016059 -0.018303 0.677424 0.735190
1718924443.669967890 -10.258813 2.960492 -0.015464 0.016031 -0.018297 0.677498 0.735122
1718924443.674974918 -10.258860 2.961874 -0.015680 0.015967 -0.018312 0.677566 0.735060
1718924443.679953575 -10.258903 2.963252 -0.015877 0.015873 -0.018347 0.677623 0.735009
1718924443.684916735 -10.258946 2.964626 -0.016058 0.015767 -0.018381 0.677671 0.734967
1718924443.689900637 -10.258988 2.966004 -0.016230 0.015680 -0.018393 0.677710 0.734932
1718924443.694887161 -10.259028 2.967381 -0.016404 0.015636 -0.018383 0.677732 0.734913
1718924443.699898243 -10.259066 2.968759 -0.016586 0.015629 -0.018370 0.677723 0.734922
1718924443.699914217 -10.259066 2.968764 -0.016586 0.015629 -0.018371 0.677723 0.734922
1718924443.699914217 -10.259066 2.968764 -0.016586 0.015629 -0.018371 0.677723 0.734922
1718924443.704936743 -10.259101 2.970133 -0.016802 0.015614 -0.018347 0.677697 0.734947
1718924443.709892035 -10.259133 2.971478 -0.017021 0.015591 -0.018339 0.677655 0.734986
1718924443.714936256 -10.259166 2.972841 -0.017248 0.015543 -0.018357 0.677601 0.735036
1718924443.719908476 -10.259196 2.974181 -0.017472 0.015472 -0.018392 0.677539 0.735094
1718924443.794920206 -10.258691 2.994900 -0.020047 0.016113 -0.018154 0.678196 0.734480
1718924443.799904585 -10.258595 2.996325 -0.020100 0.016101 -0.018144 0.678246 0.734434
1718924443.799991131 -10.258593 2.996350 -0.020101 0.016101 -0.018144 0.678247 0.734433
1718924443.799991131 -10.258593 2.996350 -0.020101 0.016101 -0.018144 0.678247 0.734433
1718924443.804931402 -10.258492 2.997773 -0.020152 0.016100 -0.018156 0.678303 0.734382
1718924443.809895754 -10.258386 2.999207 -0.020205 0.016121 -0.018175 0.678365 0.734323
1718924443.814905643 -10.258272 3.000660 -0.020263 0.016164 -0.018199 0.678432 0.734260
1718924443.819908381 -10.258151 3.002114 -0.020330 0.016215 -0.018227 0.678494 0.734201
1718924443.824928045 -10.258027 3.003574 -0.020405 0.016260 -0.018260 0.678548 0.734149
1718924443.829897642 -10.257902 3.005019 -0.020482 0.016295 -0.018284 0.678596 0.734103
1718924443.834942341 -10.257776 3.006486 -0.020558 0.016312 -0.018302 0.678643 0.734059
1718924443.839883327 -10.257651 3.007924 -0.020623 0.016311 -0.018324 0.678687 0.734018
1718924443.844957829 -10.257525 3.009401 -0.020677 0.016302 -0.018349 0.678715 0.733992
1718924443.849936008 -10.257402 3.010848 -0.020721 0.016296 -0.018365 0.678724 0.733983
1718924443.854941368 -10.257284 3.012299 -0.020760 0.016310 -0.018353 0.678722 0.733985
1718924443.859894276 -10.257171 3.013730 -0.020799 0.016343 -0.018330 0.678699 0.734006
1718924443.864942789 -10.257059 3.015182 -0.020845 0.016382 -0.018301 0.678663 0.734039
1718924443.869898081 -10.256953 3.016601 -0.020897 0.016401 -0.018278 0.678611 0.734087
1718924443.874933958 -10.256850 3.018036 -0.020957 0.016402 -0.018277 0.678536 0.734157
1718924443.879886866 -10.256756 3.019444 -0.021017 0.016383 -0.018295 0.678463 0.734224
1718924443.884928465 -10.256668 3.020876 -0.021076 0.016357 -0.018328 0.678403 0.734280
1718924443.889924288 -10.256588 3.022297 -0.021130 0.016340 -0.018367 0.678344 0.734333
1718924443.894879103 -10.256516 3.023709 -0.021177 0.016328 -0.018397 0.678287 0.734386
1718924443.899892569 -10.256453 3.025139 -0.021221 0.016336 -0.018408 0.678229 0.734438
1718924443.900019169 -10.256452 3.025176 -0.021222 0.016337 -0.018408 0.678228 0.734439
1718924443.900019169 -10.256452 3.025176 -0.021222 0.016337 -0.018408 0.678228 0.734439
1718924443.904921055 -10.256401 3.026558 -0.021278 0.016359 -0.018392 0.678182 0.734482
1718924443.909895897 -10.256356 3.027963 -0.021337 0.016379 -0.018369 0.678136 0.734524
1718924443.914957285 -10.256317 3.029394 -0.021403 0.016382 -0.018353 0.678098 0.734560
1718924443.949897289 -10.256094 3.039219 -0.021776 0.016439 -0.018559 0.678332 0.734337
1718924443.954952002 -10.256059 3.040680 -0.021762 0.016415 -0.018573 0.678373 0.734299
1718924443.959951401 -10.256024 3.042128 -0.021739 0.016379 -0.018582 0.678419 0.734258
1718924443.964938402 -10.255986 3.043574 -0.021713 0.016351 -0.018588 0.678468 0.734213
1718924443.969944954 -10.255948 3.045025 -0.021688 0.016349 -0.018589 0.678517 0.734167
1718924443.974938869 -10.255907 3.046471 -0.021669 0.016368 -0.018598 0.678564 0.734124
1718924443.979887724 -10.255865 3.047902 -0.021659 0.016383 -0.018627 0.678609 0.734081
1718924443.984884024 -10.255820 3.049347 -0.021656 0.016380 -0.018668 0.678652 0.734040
1718924443.989901781 -10.255773 3.050797 -0.021663 0.016375 -0.018713 0.678683 0.734011
1718924443.994917631 -10.255725 3.052244 -0.021677 0.016374 -0.018747 0.678702 0.733992
1718924443.999895096 -10.255676 3.053679 -0.021696 0.016385 -0.018756 0.678712 0.733982
1718924444.004881144 -10.255625 3.055118 -0.021713 0.016410 -0.018740 0.678712 0.733982
1718924444.009936571 -10.255569 3.056579 -0.021722 0.016432 -0.018722 0.678706 0.733987
1718924444.014958382 -10.255510 3.058032 -0.021718 0.016435 -0.018726 0.678690 0.734002
1718924444.019982100 -10.255449 3.059487 -0.021702 0.016428 -0.018746 0.678670 0.734020
1718924444.024939299 -10.255387 3.060922 -0.021680 0.016419 -0.018776 0.678649 0.734039
1718924444.029887676 -10.255323 3.062356 -0.021658 0.016394 -0.018819 0.678626 0.734060
1718924444.034948826 -10.255257 3.063822 -0.021641 0.016371 -0.018866 0.678603 0.734080
1718924444.039906979 -10.255193 3.065257 -0.021635 0.016359 -0.018898 0.678578 0.734103
1718924444.044940948 -10.255129 3.066713 -0.021639 0.016381 -0.018913 0.678551 0.734127
1718924444.049922943 -10.255066 3.068154 -0.021650 0.016431 -0.018918 0.678528 0.734147
1718924444.054889202 -10.255003 3.069592 -0.021663 0.016464 -0.018915 0.678497 0.734175
1718924444.059892654 -10.254938 3.071040 -0.021675 0.016474 -0.018915 0.678469 0.734200
1718924444.064921141 -10.254874 3.072494 -0.021681 0.016475 -0.018911 0.678455 0.734214
1718924444.069893599 -10.254811 3.073932 -0.021682 0.016488 -0.018897 0.678445 0.734223
1718924444.074891329 -10.254749 3.075378 -0.021677 0.016520 -0.018884 0.678441 0.734226
1718924444.079885483 -10.254685 3.076822 -0.021669 0.016560 -0.018881 0.678436 0.734230
1718924444.084920645 -10.254619 3.078274 -0.021660 0.016608 -0.018873 0.678433 0.734232
1718924444.089931965 -10.254553 3.079716 -0.021655 0.016665 -0.018864 0.678427 0.734236
1718924444.094886065 -10.254487 3.081138 -0.021653 0.016723 -0.018856 0.678419 0.734243
1718924444.099933386 -10.254418 3.082586 -0.021654 0.016762 -0.018859 0.678406 0.734254
1718924444.100020170 -10.254417 3.082610 -0.021655 0.016763 -0.018860 0.678406 0.734254
1718924444.100020170 -10.254417 3.082610 -0.021655 0.016763 -0.018860 0.678406 0.734254
1718924444.104929209 -10.254351 3.084013 -0.021660 0.016775 -0.018866 0.678389 0.734269
1718924444.109877348 -10.254284 3.085423 -0.021664 0.016778 -0.018875 0.678373 0.734284
1718924444.114949465 -10.254214 3.086866 -0.021664 0.016767 -0.018887 0.678348 0.734307
1718924444.164892197 -10.253745 3.100818 -0.021503 0.017300 -0.018678 0.677461 0.735118
1718924444.189909697 -10.253574 3.107691 -0.021233 0.017474 -0.018669 0.676788 0.735734
1718924444.194930077 -10.253545 3.109063 -0.021189 0.017503 -0.018679 0.676640 0.735869
1718924444.199878693 -10.253518 3.110414 -0.021151 0.017542 -0.018695 0.676499 0.735997
1718924444.204921007 -10.253494 3.111794 -0.021113 0.017602 -0.018685 0.676354 0.736129
1718924444.209885359 -10.253473 3.113154 -0.021074 0.017689 -0.018642 0.676201 0.736269
1718924444.214900970 -10.253453 3.114532 -0.021026 0.017779 -0.018592 0.676043 0.736413
1718924444.219938040 -10.253432 3.115920 -0.020969 0.017835 -0.018551 0.675885 0.736557
1718924444.224938393 -10.253409 3.117301 -0.020902 0.017857 -0.018531 0.675730 0.736699
1718924444.229936838 -10.253386 3.118682 -0.020831 0.017858 -0.018538 0.675582 0.736835
1718924444.234939814 -10.253364 3.120065 -0.020757 0.017860 -0.018557 0.675431 0.736974
1718924444.239902735 -10.253342 3.121436 -0.020687 0.017883 -0.018563 0.675282 0.737109
1718924444.244936228 -10.253320 3.122826 -0.020618 0.017935 -0.018543 0.675128 0.737249
1718924444.249929667 -10.253296 3.124200 -0.020553 0.017993 -0.018507 0.674982 0.737382
1718924444.254882574 -10.253270 3.125557 -0.020490 0.018031 -0.018461 0.674836 0.737517
1718924444.259880066 -10.253241 3.126920 -0.020425 0.018036 -0.018426 0.674682 0.737658
1718924444.264884472 -10.253210 3.128280 -0.020358 0.018014 -0.018410 0.674535 0.737793
1718924444.269870281 -10.253175 3.129631 -0.020289 0.017975 -0.018407 0.674393 0.737924
1718924444.274885178 -10.253137 3.130988 -0.020217 0.017932 -0.018420 0.674258 0.738048
1718924444.279873133 -10.253097 3.132334 -0.020145 0.017882 -0.018440 0.674128 0.738168
1718924444.284885406 -10.253054 3.133683 -0.020073 0.017824 -0.018456 0.673999 0.738287
1718924444.289882183 -10.253010 3.135022 -0.020004 0.017767 -0.018461 0.673874 0.738402
1718924444.294886351 -10.252962 3.136356 -0.019938 0.017699 -0.018465 0.673752 0.738515
1718924444.299874306 -10.252912 3.137682 -0.019876 0.017615 -0.018480 0.673636 0.738622
1718924444.299983978 -10.252911 3.137711 -0.019875 0.017613 -0.018481 0.673633 0.738625
1718924444.299983978 -10.252911 3.137711 -0.019875 0.017613 -0.018481 0.673633 0.738625
1718924444.304890633 -10.252860 3.139012 -0.019815 0.017521 -0.018507 0.673525 0.738725
1718924444.309883595 -10.252806 3.140334 -0.019753 0.017424 -0.018542 0.673419 0.738823
1718924444.314905882 -10.252749 3.141663 -0.019689 0.017336 -0.018586 0.673318 0.738916
1718924444.349896431 -10.252361 3.150948 -0.019205 0.016978 -0.018685 0.672823 0.739372
1718924444.354886770 -10.252274 3.152274 -0.019117 0.016938 -0.018687 0.672762 0.739429
1718924444.359886408 -10.252182 3.153602 -0.019026 0.016914 -0.018690 0.672706 0.739481
1718924444.364880800 -10.252087 3.154926 -0.018934 0.016883 -0.018698 0.672646 0.739535
1718924444.369907141 -10.251987 3.156255 -0.018841 0.016821 -0.018725 0.672589 0.739588
1718924444.374888659 -10.251884 3.157569 -0.018745 0.016731 -0.018767 0.672532 0.739641
1718924444.379952192 -10.251778 3.158901 -0.018640 0.016632 -0.018811 0.672469 0.739699
1718924444.384912968 -10.251673 3.160204 -0.018531 0.016543 -0.018846 0.672409 0.739755
1718924444.389922380 -10.251565 3.161518 -0.018417 0.016481 -0.018855 0.672342 0.739817
1718924444.394938707 -10.251455 3.162831 -0.018303 0.016441 -0.018837 0.672267 0.739886
1718924444.399889708 -10.251344 3.164121 -0.018196 0.016421 -0.018791 0.672186 0.739961
1718924444.400007010 -10.251341 3.164152 -0.018193 0.016421 -0.018790 0.672184 0.739963
1718924444.400007010 -10.251341 3.164152 -0.018193 0.016421 -0.018790 0.672184 0.739963
1718924444.404872179 -10.251234 3.165413 -0.018111 0.016396 -0.018729 0.672094 0.740047
1718924444.409878254 -10.251121 3.166705 -0.018036 0.016346 -0.018679 0.671985 0.740148
1718924444.414901733 -10.251003 3.167996 -0.017969 0.016280 -0.018657 0.671866 0.740259
1718924444.444880009 -10.250392 3.175674 -0.017714 0.016095 -0.018452 0.671014 0.741041
1718924444.449890375 -10.250269 3.176953 -0.017609 0.016065 -0.018423 0.670872 0.741171
1718924444.454884291 -10.250147 3.178228 -0.017501 0.016051 -0.018405 0.670743 0.741288
1718924444.459872246 -10.250027 3.179502 -0.017390 0.016055 -0.018396 0.670627 0.741393
1718924444.464874268 -10.249908 3.180778 -0.017283 0.016074 -0.018388 0.670521 0.741488
1718924444.469882727 -10.249791 3.182054 -0.017182 0.016104 -0.018362 0.670425 0.741575
1718924444.474877834 -10.249677 3.183323 -0.017090 0.016131 -0.018313 0.670341 0.741651
1718924444.479889631 -10.249565 3.184594 -0.017004 0.016143 -0.018257 0.670273 0.741714
1718924444.484888554 -10.249455 3.185862 -0.016921 0.016140 -0.018213 0.670221 0.741762
1718924444.489876986 -10.249349 3.187129 -0.016839 0.016131 -0.018177 0.670187 0.741794
1718924444.494888306 -10.249245 3.188404 -0.016755 0.016129 -0.018144 0.670153 0.741826
1718924444.499884605 -10.249143 3.189675 -0.016671 0.016135 -0.018112 0.670120 0.741857
1718924444.504915237 -10.249040 3.190956 -0.016586 0.016136 -0.018077 0.670098 0.741877
1718924444.509915352 -10.248939 3.192230 -0.016503 0.016137 -0.018035 0.670081 0.741893
1718924444.514950752 -10.248839 3.193514 -0.016423 0.016142 -0.017981 0.670068 0.741906
1718924444.519889593 -10.248742 3.194773 -0.016348 0.016155 -0.017920 0.670047 0.741926
1718924444.524896622 -10.248642 3.196050 -0.016271 0.016173 -0.017872 0.670011 0.741959
1718924444.529951572 -10.248539 3.197341 -0.016190 0.016195 -0.017854 0.669960 0.742006
1718924444.534908295 -10.248436 3.198610 -0.016103 0.016207 -0.017872 0.669896 0.742063
1718924444.539942741 -10.248331 3.199898 -0.016007 0.016200 -0.017921 0.669820 0.742130
1718924444.544885635 -10.248228 3.201161 -0.015909 0.016173 -0.017979 0.669739 0.742203
1718924444.549875259 -10.248123 3.202433 -0.015811 0.016131 -0.018024 0.669650 0.742283
1718924444.554874420 -10.248019 3.203705 -0.015715 0.016076 -0.018053 0.669543 0.742380
1718924444.559877157 -10.247917 3.204977 -0.015623 0.016026 -0.018069 0.669425 0.742487
1718924444.564887047 -10.247818 3.206252 -0.015534 0.015990 -0.018087 0.669301 0.742599
1718924444.569878817 -10.247722 3.207525 -0.015446 0.015967 -0.018108 0.669173 0.742714
1718924444.574885368 -10.247629 3.208803 -0.015358 0.015944 -0.018130 0.669034 0.742839
1718924444.579886913 -10.247539 3.210081 -0.015268 0.015914 -0.018162 0.668892 0.742967
1718924444.584945679 -10.247452 3.211376 -0.015175 0.015880 -0.018191 0.668752 0.743093
1718924444.589898109 -10.247371 3.212644 -0.015083 0.015851 -0.018193 0.668619 0.743213
1718924444.594885826 -10.247293 3.213923 -0.014989 0.015832 -0.018171 0.668485 0.743335
1718924444.599881887 -10.247215 3.215207 -0.014892 0.015828 -0.018140 0.668364 0.743445
1718924444.600000858 -10.247214 3.215238 -0.014891 0.015828 -0.018140 0.668361 0.743447
1718924444.600000858 -10.247214 3.215238 -0.014891 0.015828 -0.018140 0.668361 0.743447
1718924444.604868650 -10.247136 3.216492 -0.014778 0.015841 -0.018114 0.668249 0.743549
1718924444.609871626 -10.247056 3.217781 -0.014662 0.015847 -0.018102 0.668141 0.743646
1718924444.614893436 -10.246978 3.219073 -0.014550 0.015839 -0.018112 0.668044 0.743733
1718924444.644881248 -10.246515 3.226918 -0.013786 0.015849 -0.017879 0.667503 0.744224
1718924444.649867058 -10.246410 3.228209 -0.013656 0.015853 -0.017842 0.667412 0.744306
1718924444.654860735 -10.246300 3.229506 -0.013518 0.015862 -0.017809 0.667314 0.744395
1718924444.659873247 -10.246184 3.230809 -0.013371 0.015854 -0.017787 0.667206 0.744492
1718924444.664861202 -10.246060 3.232104 -0.013218 0.015833 -0.017769 0.667082 0.744604
1718924444.669876575 -10.245929 3.233405 -0.013058 0.015812 -0.017746 0.666945 0.744727
1718924444.674870253 -10.245791 3.234701 -0.012896 0.015785 -0.017736 0.666804 0.744855
1718924444.679869175 -10.245647 3.235999 -0.012735 0.015764 -0.017743 0.666657 0.744987
1718924444.684873343 -10.245499 3.237296 -0.012578 0.015751 -0.017761 0.666510 0.745118
1718924444.689880848 -10.245350 3.238592 -0.012425 0.015747 -0.017778 0.666367 0.745245
1718924444.694866657 -10.245203 3.239881 -0.012279 0.015739 -0.017794 0.666226 0.745372
1718924444.699892998 -10.245057 3.241179 -0.012141 0.015732 -0.017811 0.666077 0.745504
1718924444.699892998 -10.245057 3.241179 -0.012141 0.015732 -0.017811 0.666077 0.745504
1718924444.699903488 -10.245056 3.241182 -0.012140 0.015732 -0.017811 0.666077 0.745505
1718924444.704895496 -10.244909 3.242467 -0.012018 0.015731 -0.017813 0.665937 0.745629
1718924444.709923267 -10.244762 3.243763 -0.011899 0.015746 -0.017799 0.665808 0.745745
1718924444.714921951 -10.244618 3.245053 -0.011780 0.015778 -0.017769 0.665677 0.745862
1718924444.719878674 -10.244477 3.246334 -0.011659 0.015815 -0.017722 0.665546 0.745979
1718924444.754875660 -10.243579 3.255432 -0.011023 0.016469 -0.017273 0.664443 0.746957
1718924444.759873152 -10.243431 3.256726 -0.010946 0.016572 -0.017214 0.664279 0.747103
1718924444.764879942 -10.243284 3.258023 -0.010878 0.016675 -0.017159 0.664106 0.747255
1718924444.769868374 -10.243138 3.259313 -0.010817 0.016762 -0.017105 0.663929 0.747412
1718924444.774878740 -10.242994 3.260609 -0.010761 0.016848 -0.017035 0.663745 0.747575
1718924444.779882669 -10.242850 3.261904 -0.010707 0.016935 -0.016941 0.663562 0.747738
1718924444.784874678 -10.242706 3.263199 -0.010650 0.017006 -0.016844 0.663369 0.747909
1718924444.789915085 -10.242559 3.264508 -0.010587 0.017058 -0.016755 0.663177 0.748080
1718924444.794923782 -10.242411 3.265810 -0.010519 0.017090 -0.016684 0.662997 0.748241
1718924444.799910784 -10.242263 3.267106 -0.010447 0.017120 -0.016632 0.662828 0.748391
1718924444.799998999 -10.242261 3.267129 -0.010445 0.017121 -0.016632 0.662825 0.748393
1718924444.799998999 -10.242261 3.267129 -0.010445 0.017121 -0.016632 0.662825 0.748393
1718924444.804866552 -10.242115 3.268389 -0.010374 0.017159 -0.016603 0.662668 0.748532
1718924444.809910059 -10.241965 3.269695 -0.010298 0.017213 -0.016576 0.662504 0.748677
1718924444.814884186 -10.241816 3.270982 -0.010223 0.017271 -0.016549 0.662349 0.748814
1718924444.819945574 -10.241665 3.272290 -0.010144 0.017331 -0.016521 0.662207 0.748938
1718924444.824879885 -10.241519 3.273563 -0.010064 0.017385 -0.016481 0.662084 0.749047
1718924444.829913139 -10.241371 3.274862 -0.009977 0.017436 -0.016437 0.661973 0.749145
1718924444.834912062 -10.241222 3.276156 -0.009882 0.017474 -0.016424 0.661873 0.749233
1718924444.839882135 -10.241071 3.277445 -0.009779 0.017497 -0.016444 0.661785 0.749309
1718924444.844919920 -10.240918 3.278752 -0.009671 0.017507 -0.016485 0.661710 0.749374
1718924444.849924803 -10.240767 3.280050 -0.009564 0.017514 -0.016524 0.661635 0.749439
1718924444.854864836 -10.240621 3.281331 -0.009465 0.017512 -0.016553 0.661560 0.749505
1718924444.859867334 -10.240474 3.282629 -0.009373 0.017511 -0.016581 0.661491 0.749565
1718924444.864913225 -10.240327 3.283939 -0.009288 0.017513 -0.016602 0.661425 0.749623
1718924444.869859934 -10.240186 3.285225 -0.009209 0.017529 -0.016605 0.661359 0.749681
1718924444.874864578 -10.240048 3.286527 -0.009129 0.017560 -0.016598 0.661299 0.749734
1718924444.879877567 -10.239912 3.287831 -0.009044 0.017584 -0.016601 0.661247 0.749779
1718924444.884906769 -10.239777 3.289140 -0.008949 0.017584 -0.016615 0.661192 0.749827
1718924444.889900446 -10.239645 3.290442 -0.008847 0.017564 -0.016628 0.661132 0.749879
1718924444.894865274 -10.239515 3.291735 -0.008742 0.017530 -0.016638 0.661072 0.749933
1718924444.899860620 -10.239385 3.293034 -0.008636 0.017489 -0.016641 0.661004 0.749994
1718924444.900023937 -10.239381 3.293076 -0.008633 0.017488 -0.016641 0.661002 0.749996
1718924444.900023937 -10.239381 3.293076 -0.008633 0.017488 -0.016641 0.661002 0.749996
1718924444.904864550 -10.239257 3.294327 -0.008542 0.017450 -0.016643 0.660935 0.750056
1718924444.909909964 -10.239129 3.295630 -0.008453 0.017419 -0.016667 0.660868 0.750115
1718924444.914874792 -10.239006 3.296912 -0.008371 0.017398 -0.016710 0.660805 0.750170
1718924444.954914570 -10.238161 3.307126 -0.007808 0.017515 -0.016577 0.660345 0.750575
1718924444.959910631 -10.238070 3.308431 -0.007692 0.017537 -0.016573 0.660289 0.750624
1718924444.964943171 -10.237979 3.309748 -0.007576 0.017549 -0.016581 0.660236 0.750670
1718924444.969881535 -10.237891 3.311040 -0.007465 0.017549 -0.016591 0.660190 0.750710
1718924444.974914074 -10.237802 3.312358 -0.007361 0.017542 -0.016589 0.660160 0.750737
1718924444.979861975 -10.237716 3.313655 -0.007267 0.017534 -0.016576 0.660128 0.750766
1718924444.984865665 -10.237628 3.314971 -0.007176 0.017529 -0.016566 0.660103 0.750788
1718924444.989867926 -10.237539 3.316289 -0.007084 0.017527 -0.016574 0.660098 0.750792
1718924444.994883060 -10.237451 3.317613 -0.006986 0.017533 -0.016590 0.660103 0.750787
1718924444.999880791 -10.237365 3.318933 -0.006883 0.017548 -0.016602 0.660118 0.750774
1718924445.004872561 -10.237281 3.320251 -0.006774 0.017563 -0.016602 0.660144 0.750750
1718924445.009908915 -10.237196 3.321578 -0.006662 0.017568 -0.016591 0.660185 0.750714
1718924445.014941931 -10.237111 3.322904 -0.006550 0.017580 -0.016569 0.660228 0.750677
1718924445.019971132 -10.237026 3.324227 -0.006439 0.017605 -0.016541 0.660280 0.750631
1718924445.024917364 -10.236942 3.325527 -0.006332 0.017641 -0.016516 0.660343 0.750575
1718924445.029934168 -10.236854 3.326845 -0.006228 0.017682 -0.016495 0.660419 0.750508
1718924445.034918547 -10.236763 3.328156 -0.006128 0.017707 -0.016491 0.660495 0.750441
1718924445.039884567 -10.236669 3.329463 -0.006031 0.017701 -0.016493 0.660563 0.750381
1718924445.044873238 -10.236570 3.330777 -0.005938 0.017687 -0.016490 0.660626 0.750326
1718924445.049909115 -10.236467 3.332104 -0.005846 0.017674 -0.016479 0.660683 0.750276
1718924445.054921627 -10.236362 3.333426 -0.005754 0.017664 -0.016461 0.660731 0.750234
1718924445.059905529 -10.236253 3.334741 -0.005660 0.017652 -0.016447 0.660766 0.750204
1718924445.064870119 -10.236143 3.336052 -0.005560 0.017646 -0.016452 0.660788 0.750185
1718924445.069881439 -10.236033 3.337376 -0.005456 0.017650 -0.016458 0.660797 0.750177
1718924445.074863195 -10.235923 3.338689 -0.005353 0.017653 -0.016470 0.660794 0.750179
1718924445.079897881 -10.235811 3.340013 -0.005249 0.017643 -0.016486 0.660778 0.750193
1718924445.084901810 -10.235702 3.341327 -0.005149 0.017632 -0.016494 0.660749 0.750219
1718924445.089897394 -10.235595 3.342638 -0.005050 0.017647 -0.016484 0.660709 0.750254
1718924445.094862938 -10.235491 3.343940 -0.004951 0.017680 -0.016465 0.660655 0.750300
1718924445.099917173 -10.235385 3.345265 -0.004849 0.017714 -0.016449 0.660589 0.750358
1718924445.100000143 -10.235383 3.345287 -0.004848 0.017714 -0.016449 0.660588 0.750359
1718924445.100000143 -10.235383 3.345287 -0.004848 0.017714 -0.016449 0.660588 0.750359
1718924445.104872465 -10.235282 3.346569 -0.004739 0.017737 -0.016452 0.660529 0.750411
1718924445.109907389 -10.235179 3.347895 -0.004623 0.017743 -0.016474 0.660463 0.750468
1718924445.114943743 -10.235079 3.349226 -0.004504 0.017735 -0.016490 0.660397 0.750526
1718924445.199989319 -10.233506 3.371459 -0.003839 0.017902 -0.016598 0.661850 0.749239
1718924445.199989319 -10.233506 3.371459 -0.003839 0.017902 -0.016598 0.661850 0.749239
1718924445.209877729 -10.233333 3.374020 -0.003948 0.017917 -0.016612 0.662019 0.749089
1718924445.214945793 -10.233244 3.375330 -0.004015 0.017937 -0.016616 0.662084 0.749031
1718924445.219879150 -10.233156 3.376603 -0.004088 0.017951 -0.016610 0.662130 0.748989
1718924445.224883080 -10.233068 3.377894 -0.004163 0.017965 -0.016593 0.662155 0.748968
1718924445.229958534 -10.232980 3.379202 -0.004237 0.017978 -0.016576 0.662161 0.748963
1718924445.234943628 -10.232894 3.380485 -0.004304 0.017985 -0.016562 0.662161 0.748963
1718924445.239929676 -10.232808 3.381767 -0.004363 0.017971 -0.016554 0.662143 0.748979
1718924445.244920015 -10.232720 3.383051 -0.004418 0.017947 -0.016546 0.662105 0.749014
1718924445.249919653 -10.232632 3.384337 -0.004471 0.017923 -0.016536 0.662051 0.749062
1718924445.254935265 -10.232544 3.385626 -0.004528 0.017899 -0.016524 0.661981 0.749125
1718924445.259871244 -10.232457 3.386894 -0.004586 0.017876 -0.016525 0.661902 0.749195
1718924445.264866829 -10.232370 3.388177 -0.004647 0.017859 -0.016547 0.661818 0.749269
1718924445.269882917 -10.232283 3.389465 -0.004711 0.017843 -0.016580 0.661728 0.749348
1718924445.274973631 -10.232196 3.390772 -0.004778 0.017818 -0.016616 0.661626 0.749438
1718924445.279918671 -10.232112 3.392041 -0.004844 0.017784 -0.016646 0.661529 0.749524
1718924445.284871340 -10.232029 3.393312 -0.004911 0.017750 -0.016667 0.661442 0.749601
1718924445.289873838 -10.231948 3.394596 -0.004977 0.017723 -0.016666 0.661363 0.749671
1718924445.294911385 -10.231867 3.395888 -0.005039 0.017698 -0.016655 0.661288 0.749738
1718924445.299915791 -10.231788 3.397174 -0.005097 0.017690 -0.016637 0.661224 0.749795
1718924445.300000191 -10.231787 3.397196 -0.005098 0.017690 -0.016636 0.661224 0.749796
1718924445.300000191 -10.231787 3.397196 -0.005098 0.017690 -0.016636 0.661224 0.749796
1718924445.304910660 -10.231709 3.398455 -0.005149 0.017700 -0.016625 0.661186 0.749829
1718924445.309859514 -10.231631 3.399724 -0.005199 0.017704 -0.016625 0.661164 0.749848
1718924445.314880133 -10.231551 3.401011 -0.005251 0.017700 -0.016636 0.661154 0.749857
1718924445.354944944 -10.230839 3.411210 -0.005739 0.017650 -0.016495 0.661756 0.749330
1718924445.359884501 -10.230741 3.412461 -0.005791 0.017647 -0.016475 0.661832 0.749264
1718924445.364864349 -10.230639 3.413719 -0.005844 0.017640 -0.016446 0.661906 0.749199
1718924445.369868994 -10.230534 3.414982 -0.005897 0.017646 -0.016411 0.661978 0.749136
1718924445.374893427 -10.230425 3.416248 -0.005950 0.017665 -0.016371 0.662042 0.749080
1718924445.379877329 -10.230312 3.417504 -0.006004 0.017690 -0.016331 0.662098 0.749030
1718924445.384876490 -10.230195 3.418760 -0.006061 0.017713 -0.016293 0.662147 0.748988
1718924445.389877319 -10.230075 3.420015 -0.006119 0.017727 -0.016253 0.662187 0.748952
1718924445.394867659 -10.229951 3.421265 -0.006179 0.017722 -0.016222 0.662220 0.748924
1718924445.399876833 -10.229823 3.422519 -0.006239 0.017703 -0.016203 0.662234 0.748912
1718924445.400004148 -10.229820 3.422551 -0.006240 0.017703 -0.016203 0.662234 0.748912
1718924445.400004148 -10.229820 3.422551 -0.006240 0.017703 -0.016203 0.662234 0.748912
1718924445.404872656 -10.229693 3.423769 -0.006298 0.017690 -0.016184 0.662234 0.748914
1718924445.409865379 -10.229561 3.425017 -0.006357 0.017694 -0.016158 0.662229 0.748918
1718924445.414883375 -10.229426 3.426268 -0.006416 0.017704 -0.016126 0.662210 0.748936
1718924445.419920444 -10.229290 3.427521 -0.006475 0.017715 -0.016081 0.662179 0.748963
1718924445.424901485 -10.229153 3.428758 -0.006532 0.017722 -0.016039 0.662140 0.748999
1718924445.429901361 -10.229015 3.429999 -0.006590 0.017718 -0.015997 0.662094 0.749040
1718924445.434889793 -10.228877 3.431236 -0.006649 0.017709 -0.015959 0.662049 0.749081
1718924445.439879894 -10.228739 3.432471 -0.006710 0.017703 -0.015928 0.661999 0.749126
1718924445.444882631 -10.228600 3.433709 -0.006772 0.017713 -0.015912 0.661943 0.749176
1718924445.449889421 -10.228460 3.434948 -0.006832 0.017735 -0.015906 0.661890 0.749222
1718924445.454881430 -10.228321 3.436185 -0.006890 0.017759 -0.015908 0.661840 0.749266
1718924445.459883690 -10.228183 3.437424 -0.006947 0.017775 -0.015915 0.661798 0.749302
1718924445.464888096 -10.228048 3.438663 -0.007000 0.017772 -0.015940 0.661765 0.749331
1718924445.469894409 -10.227916 3.439901 -0.007049 0.017747 -0.015976 0.661735 0.749357
1718924445.474893332 -10.227789 3.441139 -0.007099 0.017712 -0.016021 0.661706 0.749383
1718924445.479873896 -10.227668 3.442374 -0.007150 0.017684 -0.016059 0.661678 0.749408
1718924445.484862804 -10.227553 3.443612 -0.007208 0.017672 -0.016092 0.661652 0.749430
1718924445.489876986 -10.227444 3.444858 -0.007271 0.017676 -0.016124 0.661632 0.749447
1718924445.494864464 -10.227343 3.446097 -0.007339 0.017688 -0.016159 0.661616 0.749460
1718924445.499877214 -10.227251 3.447342 -0.007409 0.017704 -0.016195 0.661598 0.749475
1718924445.499999285 -10.227249 3.447372 -0.007410 0.017705 -0.016195 0.661597 0.749475
1718924445.499999285 -10.227249 3.447372 -0.007410 0.017705 -0.016195 0.661597 0.749475
1718924445.504875660 -10.227167 3.448581 -0.007474 0.017721 -0.016227 0.661580 0.749490
1718924445.509868383 -10.227091 3.449820 -0.007531 0.017727 -0.016238 0.661564 0.749503
1718924445.514882803 -10.227021 3.451063 -0.007579 0.017731 -0.016210 0.661545 0.749520
1718924445.564892769 -10.226050 3.463475 -0.008237 0.017664 -0.016196 0.661893 0.749215
1718924445.569880009 -10.225922 3.464714 -0.008318 0.017670 -0.016205 0.661937 0.749176
1718924445.574941397 -10.225787 3.465970 -0.008399 0.017670 -0.016215 0.661987 0.749132
1718924445.579948187 -10.225648 3.467212 -0.008475 0.017668 -0.016224 0.662030 0.749094
1718924445.584871769 -10.225507 3.468432 -0.008543 0.017664 -0.016239 0.662071 0.749057
1718924445.589876413 -10.225358 3.469672 -0.008606 0.017671 -0.016257 0.662109 0.749023
1718924445.594867706 -10.225204 3.470906 -0.008665 0.017679 -0.016283 0.662139 0.748995
1718924445.599864483 -10.225047 3.472139 -0.008720 0.017674 -0.016319 0.662162 0.748974
1718924445.599992275 -10.225043 3.472171 -0.008721 0.017674 -0.016320 0.662163 0.748974
1718924445.599992275 -10.225043 3.472171 -0.008721 0.017674 -0.016320 0.662163 0.748974
1718924445.604898930 -10.224888 3.473376 -0.008777 0.017650 -0.016355 0.662184 0.748955
1718924445.609874010 -10.224732 3.474597 -0.008832 0.017626 -0.016392 0.662197 0.748943
1718924445.614931345 -10.224574 3.475839 -0.008887 0.017599 -0.016425 0.662205 0.748936
1718924445.619906902 -10.224421 3.477060 -0.008943 0.017580 -0.016450 0.662205 0.748936
1718924445.624951124 -10.224270 3.478297 -0.009004 0.017571 -0.016477 0.662187 0.748952
1718924445.629934549 -10.224124 3.479517 -0.009072 0.017564 -0.016500 0.662162 0.748973
1718924445.634924650 -10.223982 3.480738 -0.009147 0.017556 -0.016509 0.662140 0.748993
1718924445.639926434 -10.223845 3.481961 -0.009228 0.017547 -0.016498 0.662114 0.749016
1718924445.644907713 -10.223712 3.483180 -0.009311 0.017528 -0.016487 0.662073 0.749053
1718924445.649953127 -10.223581 3.484416 -0.009395 0.017505 -0.016484 0.662033 0.749089
1718924445.654907703 -10.223456 3.485631 -0.009478 0.017487 -0.016482 0.661986 0.749131
1718924445.659862995 -10.223337 3.486846 -0.009559 0.017482 -0.016472 0.661932 0.749179
1718924445.664881706 -10.223220 3.488079 -0.009641 0.017491 -0.016460 0.661876 0.749229
1718924445.669868469 -10.223104 3.489305 -0.009721 0.017505 -0.016448 0.661825 0.749274
1718924445.674870491 -10.222988 3.490534 -0.009799 0.017518 -0.016440 0.661778 0.749315
1718924445.679880619 -10.222872 3.491765 -0.009874 0.017513 -0.016446 0.661733 0.749354
1718924445.684869528 -10.222757 3.492991 -0.009944 0.017486 -0.016476 0.661699 0.749385
1718924445.689863443 -10.222642 3.494221 -0.010010 0.017446 -0.016521 0.661673 0.749408
1718924445.694907427 -10.222526 3.495464 -0.010073 0.017412 -0.016567 0.661656 0.749422
1718924445.699864149 -10.222413 3.496686 -0.010135 0.017393 -0.016604 0.661649 0.749428
1718924445.699970961 -10.222410 3.496713 -0.010136 0.017392 -0.016605 0.661649 0.749428
1718924445.699970961 -10.222410 3.496713 -0.010136 0.017392 -0.016605 0.661649 0.749428
1718924445.704899311 -10.222299 3.497928 -0.010198 0.017393 -0.016623 0.661650 0.749427
1718924445.709871769 -10.222188 3.499154 -0.010267 0.017414 -0.016610 0.661661 0.749417
1718924445.714913607 -10.222074 3.500397 -0.010344 0.017449 -0.016582 0.661677 0.749403
1718924445.719951868 -10.221958 3.501639 -0.010428 0.017468 -0.016552 0.661695 0.749387
1718924445.769924641 -10.220550 3.513997 -0.011341 0.017246 -0.016340 0.661809 0.749296
1718924445.794900179 -10.219704 3.520230 -0.011798 0.017233 -0.016125 0.661646 0.749445
1718924445.799915314 -10.219530 3.521491 -0.011887 0.017229 -0.016085 0.661605 0.749482
1718924445.799998283 -10.219527 3.521512 -0.011889 0.017229 -0.016085 0.661604 0.749483
1718924445.799998283 -10.219527 3.521512 -0.011889 0.017229 -0.016085 0.661604 0.749483
1718924445.804911613 -10.219357 3.522746 -0.011973 0.017208 -0.016036 0.661564 0.749520
1718924445.809912920 -10.219183 3.524004 -0.012059 0.017195 -0.015995 0.661521 0.749559
1718924445.814885139 -10.219010 3.525257 -0.012142 0.017206 -0.015951 0.661477 0.749599
1718924445.819902182 -10.218835 3.526526 -0.012220 0.017226 -0.015917 0.661431 0.749639
1718924445.824876785 -10.218661 3.527788 -0.012289 0.017233 -0.015914 0.661383 0.749682
1718924445.829896450 -10.218486 3.529065 -0.012353 0.017232 -0.015926 0.661339 0.749720
1718924445.834922552 -10.218315 3.530344 -0.012416 0.017229 -0.015935 0.661300 0.749754
1718924445.839893341 -10.218150 3.531611 -0.012481 0.017219 -0.015928 0.661266 0.749784
1718924445.844909191 -10.217986 3.532893 -0.012552 0.017216 -0.015903 0.661240 0.749808
1718924445.849890471 -10.217827 3.534170 -0.012627 0.017218 -0.015866 0.661223 0.749824
1718924445.854878664 -10.217671 3.535453 -0.012705 0.017226 -0.015819 0.661215 0.749832
1718924445.859887123 -10.217519 3.536744 -0.012784 0.017243 -0.015775 0.661221 0.749827
1718924445.864877939 -10.217371 3.538034 -0.012860 0.017260 -0.015741 0.661239 0.749811
1718924445.869885683 -10.217225 3.539333 -0.012933 0.017274 -0.015719 0.661261 0.749792
1718924445.874879360 -10.217082 3.540632 -0.013001 0.017278 -0.015712 0.661281 0.749775
1718924445.879868031 -10.216941 3.541932 -0.013067 0.017282 -0.015717 0.661308 0.749751
1718924445.884902239 -10.216801 3.543244 -0.013134 0.017295 -0.015714 0.661343 0.749719
1718924445.889901876 -10.216666 3.544547 -0.013204 0.017319 -0.015702 0.661389 0.749679
1718924445.894899607 -10.216533 3.545853 -0.013278 0.017343 -0.015687 0.661437 0.749636
1718924445.899911642 -10.216401 3.547165 -0.013356 0.017353 -0.015665 0.661496 0.749585
1718924445.900008917 -10.216399 3.547191 -0.013358 0.017353 -0.015664 0.661497 0.749584
1718924445.900008917 -10.216399 3.547191 -0.013358 0.017353 -0.015664 0.661497 0.749584
1718924445.904872417 -10.216275 3.548464 -0.013447 0.017353 -0.015645 0.661554 0.749533
1718924445.909912348 -10.216148 3.549788 -0.013542 0.017338 -0.015628 0.661615 0.749481
1718924445.914938927 -10.216024 3.551111 -0.013638 0.017318 -0.015617 0.661674 0.749429
1718924445.959911108 -10.214828 3.562811 -0.014516 0.016958 -0.015119 0.661449 0.749646
1718924445.964917183 -10.214677 3.564131 -0.014553 0.016949 -0.015114 0.661419 0.749673
1718924445.969987392 -10.214522 3.565469 -0.014582 0.016935 -0.015117 0.661378 0.749709
1718924445.974946260 -10.214368 3.566778 -0.014604 0.016910 -0.015125 0.661336 0.749747
1718924445.979865551 -10.214214 3.568075 -0.014626 0.016877 -0.015127 0.661289 0.749789
1718924445.984900951 -10.214055 3.569403 -0.014654 0.016853 -0.015116 0.661237 0.749836
1718924445.989872456 -10.213898 3.570713 -0.014686 0.016844 -0.015097 0.661181 0.749885
1718924445.994875431 -10.213737 3.572034 -0.014722 0.016840 -0.015077 0.661119 0.749941
1718924445.999871016 -10.213577 3.573353 -0.014760 0.016844 -0.015056 0.661055 0.749997
1718924446.004856586 -10.213416 3.574671 -0.014800 0.016848 -0.015043 0.661004 0.750042
1718924446.009864092 -10.213254 3.575995 -0.014839 0.016837 -0.015030 0.660957 0.750085
1718924446.014931679 -10.213090 3.577336 -0.014879 0.016826 -0.015018 0.660919 0.750118
1718924446.019892693 -10.212929 3.578652 -0.014919 0.016830 -0.014993 0.660889 0.750145
1718924446.024914742 -10.212766 3.579987 -0.014961 0.016855 -0.014952 0.660866 0.750166
1718924446.029883146 -10.212604 3.581311 -0.015001 0.016889 -0.014922 0.660854 0.750176
1718924446.034919500 -10.212438 3.582654 -0.015040 0.016913 -0.014903 0.660858 0.750172
1718924446.039926767 -10.212273 3.583993 -0.015076 0.016919 -0.014892 0.660867 0.750165
1718924446.044936419 -10.212107 3.585334 -0.015111 0.016913 -0.014882 0.660892 0.750143
1718924446.049917221 -10.211943 3.586672 -0.015149 0.016906 -0.014860 0.660932 0.750109
1718924446.054885864 -10.211778 3.588008 -0.015191 0.016907 -0.014818 0.660974 0.750072
1718924446.059866905 -10.211612 3.589351 -0.015239 0.016918 -0.014757 0.661022 0.750031
1718924446.064863205 -10.211444 3.590701 -0.015291 0.016949 -0.014695 0.661066 0.749992
1718924446.069856644 -10.211275 3.592053 -0.015347 0.016990 -0.014636 0.661111 0.749953
1718924446.074871302 -10.211102 3.593414 -0.015405 0.017014 -0.014586 0.661158 0.749912
1718924446.079881191 -10.210927 3.594773 -0.015465 0.017012 -0.014548 0.661204 0.749872
1718924446.084874153 -10.210750 3.596128 -0.015527 0.017009 -0.014509 0.661246 0.749836
1718924446.089869022 -10.210571 3.597485 -0.015590 0.017025 -0.014461 0.661280 0.749806
1718924446.094865084 -10.210387 3.598846 -0.015651 0.017041 -0.014426 0.661307 0.749783
1718924446.099870682 -10.210198 3.600212 -0.015708 0.017060 -0.014410 0.661316 0.749775
1718924446.099989176 -10.210194 3.600244 -0.015709 0.017060 -0.014408 0.661315 0.749775
1718924446.099989176 -10.210194 3.600244 -0.015709 0.017060 -0.014408 0.661315 0.749775
1718924446.104868412 -10.210006 3.601584 -0.015751 0.017079 -0.014398 0.661313 0.749778
1718924446.109911203 -10.209812 3.602970 -0.015789 0.017086 -0.014385 0.661304 0.749785
1718924446.114912510 -10.209619 3.604346 -0.015825 0.017070 -0.014372 0.661291 0.749797
1718924446.164914846 -10.207787 3.618084 -0.015777 0.016971 -0.014142 0.660866 0.750179
1718924446.169915438 -10.207607 3.619470 -0.015735 0.016980 -0.014161 0.660822 0.750217
1718924446.174918175 -10.207425 3.620856 -0.015690 0.016963 -0.014197 0.660778 0.750256
1718924446.179867268 -10.207243 3.622226 -0.015645 0.016919 -0.014241 0.660733 0.750295
1718924446.184881926 -10.207060 3.623614 -0.015604 0.016863 -0.014282 0.660683 0.750339
1718924446.189955235 -10.206878 3.625021 -0.015570 0.016827 -0.014305 0.660632 0.750385
1718924446.194923639 -10.206703 3.626400 -0.015543 0.016817 -0.014302 0.660585 0.750427
1718924446.199867725 -10.206529 3.627773 -0.015522 0.016825 -0.014285 0.660542 0.750465
1718924446.199994087 -10.206524 3.627808 -0.015521 0.016826 -0.014284 0.660540 0.750466
1718924446.199994087 -10.206524 3.627808 -0.015521 0.016826 -0.014284 0.660540 0.750466
1718924446.204907894 -10.206348 3.629174 -0.015503 0.016841 -0.014243 0.660488 0.750512
1718924446.209903240 -10.206167 3.630561 -0.015487 0.016868 -0.014199 0.660429 0.750565
1718924446.214876413 -10.205985 3.631941 -0.015469 0.016884 -0.014156 0.660371 0.750616
1718924446.219881296 -10.205800 3.633329 -0.015447 0.016892 -0.014126 0.660324 0.750658
1718924446.224955559 -10.205609 3.634736 -0.015419 0.016885 -0.014114 0.660292 0.750687
1718924446.229951620 -10.205419 3.636120 -0.015386 0.016876 -0.014113 0.660258 0.750717
1718924446.234928370 -10.205229 3.637497 -0.015349 0.016882 -0.014111 0.660223 0.750748
1718924446.239929914 -10.205037 3.638878 -0.015313 0.016912 -0.014098 0.660193 0.750773
1718924446.244946241 -10.204842 3.640260 -0.015280 0.016941 -0.014082 0.660173 0.750791
1718924446.249945641 -10.204647 3.641635 -0.015252 0.016965 -0.014057 0.660152 0.750809
1718924446.254877329 -10.204452 3.642991 -0.015231 0.016994 -0.014019 0.660125 0.750832
1718924446.259878635 -10.204254 3.644366 -0.015214 0.017035 -0.013970 0.660089 0.750864
1718924446.264930010 -10.204053 3.645756 -0.015200 0.017083 -0.013915 0.660045 0.750903
1718924446.269912958 -10.203851 3.647128 -0.015186 0.017128 -0.013860 0.660004 0.750939
1718924446.274867296 -10.203647 3.648492 -0.015170 0.017161 -0.013811 0.659957 0.750980
1718924446.279859781 -10.203438 3.649866 -0.015151 0.017181 -0.013766 0.659899 0.751032
1718924446.284902573 -10.203224 3.651252 -0.015134 0.017189 -0.013723 0.659826 0.751097
1718924446.289869070 -10.203013 3.652614 -0.015118 0.017199 -0.013678 0.659741 0.751172
1718924446.294872999 -10.202801 3.653985 -0.015102 0.017220 -0.013644 0.659656 0.751246
1718924446.299869776 -10.202588 3.655353 -0.015081 0.017237 -0.013623 0.659568 0.751324
1718924446.299994230 -10.202583 3.655387 -0.015081 0.017237 -0.013623 0.659566 0.751326
1718924446.299994230 -10.202583 3.655387 -0.015081 0.017237 -0.013623 0.659566 0.751326
1718924446.304866552 -10.202376 3.656722 -0.015056 0.017253 -0.013634 0.659476 0.751404
1718924446.309870005 -10.202166 3.658091 -0.015025 0.017246 -0.013651 0.659390 0.751479
1718924446.314939737 -10.201956 3.659477 -0.014992 0.017227 -0.013663 0.659302 0.751557
1718924446.399992228 -10.198298 3.682750 -0.014526 0.017091 -0.013320 0.659323 0.751548
1718924446.399992228 -10.198298 3.682750 -0.014526 0.017091 -0.013320 0.659323 0.751548
1718924446.424903631 -10.197176 3.689590 -0.014418 0.016993 -0.013139 0.659334 0.751544
1718924446.429881096 -10.196947 3.690958 -0.014399 0.016994 -0.013135 0.659340 0.751538
1718924446.434875965 -10.196718 3.692330 -0.014382 0.017000 -0.013117 0.659345 0.751534
1718924446.439876556 -10.196487 3.693703 -0.014366 0.017010 -0.013087 0.659350 0.751530
1718924446.444866896 -10.196255 3.695073 -0.014350 0.017029 -0.013055 0.659360 0.751521
1718924446.449872017 -10.196022 3.696449 -0.014333 0.017049 -0.013033 0.659372 0.751510
1718924446.454868317 -10.195787 3.697825 -0.014312 0.017048 -0.013017 0.659385 0.751499
1718924446.459872246 -10.195551 3.699207 -0.014289 0.017033 -0.013011 0.659396 0.751490
1718924446.464870214 -10.195316 3.700588 -0.014266 0.017010 -0.013001 0.659404 0.751484
1718924446.469989300 -10.195075 3.702004 -0.014243 0.016980 -0.012981 0.659415 0.751476
1718924446.474883795 -10.194845 3.703360 -0.014224 0.016970 -0.012953 0.659430 0.751463
1718924446.479868889 -10.194611 3.704743 -0.014208 0.016975 -0.012917 0.659440 0.751454
1718924446.484863520 -10.194376 3.706131 -0.014193 0.016981 -0.012886 0.659445 0.751450
1718924446.489872932 -10.194142 3.707526 -0.014181 0.016977 -0.012863 0.659444 0.751452
1718924446.494872808 -10.193911 3.708919 -0.014171 0.016965 -0.012840 0.659441 0.751455
1718924446.499868393 -10.193682 3.710311 -0.014164 0.016946 -0.012827 0.659434 0.751462
1718924446.499992132 -10.193676 3.710345 -0.014164 0.016946 -0.012827 0.659434 0.751462
1718924446.499992132 -10.193676 3.710345 -0.014164 0.016946 -0.012827 0.659434 0.751462
1718924446.504872322 -10.193452 3.711709 -0.014158 0.016927 -0.012821 0.659422 0.751473
1718924446.509866953 -10.193224 3.713107 -0.014151 0.016926 -0.012813 0.659409 0.751485
1718924446.514886379 -10.192995 3.714516 -0.014139 0.016939 -0.012811 0.659388 0.751503
1718924446.554912090 -10.191184 3.725902 -0.014113 0.016920 -0.012417 0.659324 0.751566
1718924446.559953213 -10.190959 3.727356 -0.014123 0.016947 -0.012404 0.659314 0.751574
1718924446.564975977 -10.190735 3.728809 -0.014134 0.016969 -0.012397 0.659317 0.751571
1718924446.569900990 -10.190515 3.730234 -0.014145 0.016975 -0.012396 0.659327 0.751562
1718924446.574904680 -10.190290 3.731681 -0.014156 0.016974 -0.012392 0.659336 0.751554
1718924446.579889059 -10.190065 3.733124 -0.014166 0.016971 -0.012379 0.659350 0.751543
1718924446.584875345 -10.189838 3.734569 -0.014175 0.016977 -0.012355 0.659370 0.751525
1718924446.589868784 -10.189607 3.736017 -0.014182 0.016996 -0.012334 0.659392 0.751506
1718924446.594866276 -10.189373 3.737469 -0.014185 0.017024 -0.012325 0.659411 0.751489
1718924446.599874496 -10.189136 3.738924 -0.014186 0.017045 -0.012327 0.659437 0.751466
1718924446.599991083 -10.189131 3.738958 -0.014186 0.017045 -0.012327 0.659437 0.751465
1718924446.599991083 -10.189131 3.738958 -0.014186 0.017045 -0.012327 0.659437 0.751465
1718924446.604878426 -10.188893 3.740426 -0.014230 0.017046 -0.012329 0.659474 0.751433
1718924446.609871864 -10.188647 3.741929 -0.014277 0.017031 -0.012317 0.659505 0.751406
1718924446.614909649 -10.188395 3.743446 -0.014328 0.017013 -0.012299 0.659537 0.751379
1718924446.619915009 -10.188141 3.744955 -0.014382 0.017010 -0.012271 0.659563 0.751356
1718924446.624895334 -10.187885 3.746458 -0.014437 0.017029 -0.012238 0.659596 0.751328
1718924446.629914761 -10.187624 3.747976 -0.014495 0.017055 -0.012205 0.659624 0.751303
1718924446.634889841 -10.187360 3.749483 -0.014554 0.017083 -0.012176 0.659642 0.751287
1718924446.639894485 -10.187091 3.751001 -0.014616 0.017101 -0.012152 0.659655 0.751276
1718924446.644884109 -10.186820 3.752515 -0.014681 0.017108 -0.012132 0.659660 0.751272
1718924446.649887085 -10.186544 3.754032 -0.014749 0.017116 -0.012117 0.659657 0.751274
1718924446.654870272 -10.186265 3.755545 -0.014816 0.017126 -0.012099 0.659644 0.751286
1718924446.659880400 -10.185980 3.757069 -0.014877 0.017124 -0.012087 0.659621 0.751306
1718924446.664874315 -10.185693 3.758591 -0.014929 0.017117 -0.012084 0.659590 0.751333
1718924446.669922113 -10.185401 3.760132 -0.014972 0.017108 -0.012092 0.659549 0.751370
1718924446.674895287 -10.185115 3.761651 -0.015010 0.017091 -0.012098 0.659489 0.751422
1718924446.679875374 -10.184830 3.763173 -0.015049 0.017077 -0.012096 0.659423 0.751481
1718924446.684909344 -10.184542 3.764712 -0.015095 0.017063 -0.012078 0.659351 0.751545
1718924446.689875364 -10.184257 3.766229 -0.015149 0.017053 -0.012056 0.659276 0.751611
1718924446.694869041 -10.183973 3.767755 -0.015210 0.017055 -0.012026 0.659199 0.751679
1718924446.699875832 -10.183691 3.769286 -0.015275 0.017058 -0.011998 0.659119 0.751749
1718924446.699899197 -10.183690 3.769294 -0.015276 0.017058 -0.011997 0.659119 0.751749
1718924446.699899197 -10.183690 3.769294 -0.015276 0.017058 -0.011997 0.659119 0.751749
1718924446.704876184 -10.183415 3.770776 -0.015304 0.017063 -0.011982 0.659034 0.751824
1718924446.709868193 -10.183140 3.772266 -0.015330 0.017060 -0.011978 0.658962 0.751888
1718924446.714873791 -10.182866 3.773763 -0.015353 0.017055 -0.011979 0.658898 0.751943
1718924446.789875269 -10.178196 3.796573 -0.015513 0.016883 -0.011716 0.655672 0.754766
1718924446.794872284 -10.177846 3.798125 -0.015419 0.016859 -0.011714 0.655431 0.754976
1718924446.799876451 -10.177495 3.799682 -0.015319 0.016850 -0.011725 0.655187 0.755187
1718924446.799983025 -10.177487 3.799715 -0.015316 0.016851 -0.011726 0.655182 0.755192
1718924446.799983025 -10.177487 3.799715 -0.015316 0.016851 -0.011726 0.655182 0.755192
1718924446.804910421 -10.177142 3.801239 -0.015221 0.016870 -0.011738 0.654939 0.755402
1718924446.809907198 -10.176792 3.802787 -0.015119 0.016905 -0.011739 0.654678 0.755628
1718924446.814888239 -10.176443 3.804332 -0.015013 0.016938 -0.011734 0.654408 0.755861
1718924446.819896460 -10.176090 3.805887 -0.014907 0.016933 -0.011748 0.654130 0.756101
1718924446.824974775 -10.175726 3.807466 -0.014803 0.016867 -0.011820 0.653844 0.756349
1718924446.829938412 -10.175367 3.809015 -0.014707 0.016748 -0.011936 0.653565 0.756591
1718924446.834926844 -10.175005 3.810580 -0.014619 0.016622 -0.012080 0.653285 0.756833
1718924446.839920044 -10.174642 3.812156 -0.014541 0.016504 -0.012218 0.653001 0.757079
1718924446.844879627 -10.174280 3.813730 -0.014472 0.016409 -0.012333 0.652715 0.757325
1718924446.849915266 -10.173909 3.815336 -0.014408 0.016321 -0.012429 0.652420 0.757579
1718924446.854921103 -10.173537 3.816942 -0.014347 0.016228 -0.012489 0.652128 0.757832
1718924446.859936476 -10.173161 3.818556 -0.014288 0.016140 -0.012506 0.651842 0.758080
1718924446.864930630 -10.172782 3.820166 -0.014229 0.016050 -0.012495 0.651556 0.758328
1718924446.869945049 -10.172392 3.821782 -0.014166 0.015958 -0.012483 0.651269 0.758577
1718924446.874883175 -10.171998 3.823375 -0.014097 0.015905 -0.012479 0.650982 0.758824
1718924446.879875660 -10.171590 3.824990 -0.014023 0.015906 -0.012485 0.650685 0.759078
1718924446.884907484 -10.171170 3.826621 -0.013948 0.015947 -0.012502 0.650388 0.759332
1718924446.889913559 -10.170741 3.828245 -0.013880 0.015994 -0.012530 0.650089 0.759586
1718924446.894868851 -10.170303 3.829850 -0.013820 0.016015 -0.012558 0.649784 0.759846
1718924446.899863958 -10.169853 3.831468 -0.013764 0.015996 -0.012569 0.649470 0.760115
1718924446.899998188 -10.169841 3.831511 -0.013762 0.015995 -0.012568 0.649462 0.760122
1718924446.899998188 -10.169841 3.831511 -0.013762 0.015995 -0.012568 0.649462 0.760122
1718924446.899999142 -10.184287 3.818941 -0.023773 0.015544 -0.014795 0.650889 0.758870
1718924446.899999142 -10.184287 3.818941 -0.023773 0.015544 -0.014795 0.650889 0.758870
1718924446.904868364 -10.183861 3.820029 -0.023661 0.015524 -0.014780 0.650585 0.759131
1718924446.909863472 -10.183422 3.821150 -0.023541 0.015524 -0.014728 0.650267 0.759404
1718924446.914888859 -10.182979 3.822280 -0.023411 0.015542 -0.014651 0.649946 0.759681
1718924446.949917555 -10.179981 3.830213 -0.022752 0.016032 -0.014762 0.648264 0.761104
1718924446.954921484 -10.179579 3.831345 -0.022696 0.016097 -0.014729 0.648025 0.761306
1718924446.959940910 -10.179181 3.832485 -0.022649 0.016158 -0.014671 0.647804 0.761494
1718924446.964962244 -10.178787 3.833631 -0.022611 0.016201 -0.014609 0.647608 0.761661
1718924446.969892025 -10.178403 3.834761 -0.022578 0.016216 -0.014561 0.647435 0.761809
1718924446.974914074 -10.178015 3.835918 -0.022544 0.016203 -0.014532 0.647262 0.761957
1718924446.979865313 -10.177634 3.837062 -0.022503 0.016175 -0.014517 0.647084 0.762109
1718924446.984908104 -10.177247 3.838233 -0.022447 0.016150 -0.014517 0.646903 0.762263
1718924446.989910126 -10.176868 3.839400 -0.022374 0.016149 -0.014529 0.646742 0.762400
1718924446.994911909 -10.176493 3.840568 -0.022284 0.016181 -0.014532 0.646594 0.762524
1718924446.999906301 -10.176124 3.841733 -0.022184 0.016229 -0.014518 0.646447 0.762648
1718924447.004910231 -10.175759 3.842896 -0.022081 0.016271 -0.014487 0.646312 0.762763
1718924447.009905100 -10.175398 3.844055 -0.021984 0.016290 -0.014450 0.646188 0.762867
1718924447.014887571 -10.175039 3.845209 -0.021898 0.016283 -0.014411 0.646074 0.762965
1718924447.019896507 -10.174680 3.846369 -0.021825 0.016262 -0.014374 0.645970 0.763054
1718924447.024876833 -10.174324 3.847524 -0.021765 0.016232 -0.014348 0.645873 0.763137
1718924447.029879570 -10.173966 3.848687 -0.021710 0.016204 -0.014333 0.645776 0.763220
1718924447.034869194 -10.173607 3.849851 -0.021654 0.016175 -0.014325 0.645684 0.763299
1718924447.039924860 -10.173241 3.851035 -0.021589 0.016145 -0.014326 0.645582 0.763386
1718924447.044867992 -10.172880 3.852197 -0.021514 0.016114 -0.014327 0.645477 0.763475
1718924447.049932003 -10.172510 3.853387 -0.021428 0.016097 -0.014306 0.645367 0.763569
1718924447.054877996 -10.172146 3.854550 -0.021336 0.016082 -0.014259 0.645251 0.763668
1718924447.059914351 -10.171773 3.855731 -0.021238 0.016070 -0.014217 0.645125 0.763776
1718924447.064908981 -10.171398 3.856901 -0.021137 0.016059 -0.014193 0.644988 0.763892
1718924447.069861889 -10.171022 3.858058 -0.021035 0.016041 -0.014185 0.644843 0.764015
1718924447.074860096 -10.170640 3.859221 -0.020933 0.016017 -0.014191 0.644683 0.764150
1718924447.079861641 -10.170254 3.860382 -0.020835 0.015985 -0.014205 0.644525 0.764285
1718924447.084866762 -10.169866 3.861541 -0.020743 0.015949 -0.014208 0.644361 0.764423
1718924447.089862823 -10.169476 3.862696 -0.020659 0.015913 -0.014199 0.644190 0.764568
1718924447.094865084 -10.169082 3.863853 -0.020578 0.015863 -0.014188 0.644021 0.764711
1718924447.099860191 -10.168685 3.865009 -0.020498 0.015813 -0.014176 0.643859 0.764849
1718924447.099982023 -10.168675 3.865038 -0.020496 0.015812 -0.014176 0.643856 0.764852
1718924447.099982023 -10.168675 3.865038 -0.020496 0.015812 -0.014176 0.643856 0.764852
1718924447.104859591 -10.168296 3.866166 -0.020394 0.015763 -0.014163 0.643699 0.764986
1718924447.109862328 -10.167908 3.867326 -0.020285 0.015702 -0.014148 0.643542 0.765119
1718924447.114878654 -10.167516 3.868493 -0.020170 0.015629 -0.014132 0.643396 0.765243
1718924447.144865990 -10.165445 3.875420 -0.019122 0.015036 -0.014679 0.642411 0.766072
1718924447.149907351 -10.165090 3.876567 -0.019008 0.014971 -0.014727 0.642249 0.766208
1718924447.154906273 -10.164746 3.877706 -0.018904 0.014952 -0.014747 0.642095 0.766337
1718924447.159911394 -10.164407 3.878851 -0.018811 0.014967 -0.014747 0.641944 0.766463
1718924447.164884090 -10.164076 3.879994 -0.018726 0.014978 -0.014739 0.641802 0.766583
1718924447.169878244 -10.163749 3.881145 -0.018647 0.014967 -0.014729 0.641668 0.766695
1718924447.174871922 -10.163429 3.882300 -0.018568 0.014935 -0.014723 0.641553 0.766792
1718924447.179863691 -10.163117 3.883461 -0.018487 0.014879 -0.014726 0.641447 0.766882
1718924447.184856415 -10.162812 3.884629 -0.018401 0.014815 -0.014726 0.641362 0.766954
1718924447.189862251 -10.162513 3.885806 -0.018314 0.014774 -0.014709 0.641291 0.767014
1718924447.194857121 -10.162221 3.886983 -0.018228 0.014779 -0.014667 0.641231 0.767066
1718924447.199856043 -10.161935 3.888163 -0.018144 0.014799 -0.014618 0.641176 0.767112
1718924447.199994087 -10.161927 3.888196 -0.018142 0.014800 -0.014617 0.641175 0.767113
1718924447.199994087 -10.161927 3.888196 -0.018142 0.014800 -0.014617 0.641175 0.767113
1718924447.204855442 -10.161641 3.889354 -0.018069 0.014826 -0.014597 0.641126 0.767154
1718924447.209863424 -10.161348 3.890547 -0.017994 0.014848 -0.014601 0.641087 0.767186
1718924447.214872122 -10.161058 3.891742 -0.017919 0.014861 -0.014608 0.641056 0.767211
1718924447.219879389 -10.160772 3.892936 -0.017846 0.014870 -0.014608 0.641029 0.767233
1718924447.224864244 -10.160490 3.894125 -0.017776 0.014889 -0.014587 0.640995 0.767262
1718924447.229872227 -10.160208 3.895322 -0.017708 0.014919 -0.014557 0.640957 0.767294
1718924447.234879494 -10.159926 3.896522 -0.017641 0.014954 -0.014528 0.640920 0.767325
1718924447.239857912 -10.159646 3.897718 -0.017569 0.014996 -0.014507 0.640891 0.767348
1718924447.244853973 -10.159366 3.898919 -0.017490 0.015047 -0.014494 0.640867 0.767367
1718924447.249856949 -10.159087 3.900120 -0.017403 0.015102 -0.014483 0.640843 0.767387
1718924447.254864931 -10.158810 3.901320 -0.017308 0.015145 -0.014468 0.640814 0.767410
1718924447.259864330 -10.158535 3.902515 -0.017209 0.015172 -0.014445 0.640794 0.767427
1718924447.264862061 -10.158264 3.903706 -0.017109 0.015192 -0.014423 0.640788 0.767432
1718924447.269864082 -10.157996 3.904894 -0.017007 0.015217 -0.014408 0.640784 0.767435
1718924447.274863720 -10.157733 3.906078 -0.016904 0.015254 -0.014416 0.640782 0.767436
1718924447.279862642 -10.157474 3.907261 -0.016801 0.015293 -0.014436 0.640788 0.767430
1718924447.284883261 -10.157218 3.908446 -0.016701 0.015330 -0.014467 0.640796 0.767421
1718924447.289919853 -10.156967 3.909632 -0.016605 0.015360 -0.014489 0.640808 0.767411
1718924447.294874191 -10.156726 3.910794 -0.016517 0.015383 -0.014499 0.640827 0.767394
1718924447.299907446 -10.156487 3.911975 -0.016432 0.015402 -0.014507 0.640850 0.767375
1718924447.300006151 -10.156483 3.911998 -0.016430 0.015403 -0.014508 0.640850 0.767374
1718924447.300006151 -10.156483 3.911998 -0.016430 0.015403 -0.014508 0.640850 0.767374
1718924447.304858923 -10.156268 3.913119 -0.016359 0.015412 -0.014495 0.640867 0.767361
1718924447.309854507 -10.156052 3.914274 -0.016286 0.015426 -0.014475 0.640885 0.767345
1718924447.314873219 -10.155841 3.915433 -0.016213 0.015447 -0.014450 0.640908 0.767326
1718924447.404895544 -10.152658 3.936289 -0.015561 0.016269 -0.013821 0.640636 0.767548
1718924447.409850836 -10.152444 3.937485 -0.015507 0.016290 -0.013781 0.640627 0.767556
1718924447.414860249 -10.152226 3.938698 -0.015450 0.016297 -0.013776 0.640629 0.767554
1718924447.419870138 -10.152006 3.939911 -0.015387 0.016289 -0.013798 0.640635 0.767548
1718924447.424910784 -10.151782 3.941131 -0.015321 0.016264 -0.013843 0.640638 0.767546
1718924447.429922581 -10.151558 3.942344 -0.015256 0.016238 -0.013880 0.640641 0.767543
1718924447.434865952 -10.151337 3.943538 -0.015195 0.016223 -0.013897 0.640649 0.767537
1718924447.439942360 -10.151109 3.944762 -0.015139 0.016220 -0.013891 0.640661 0.767527
1718924447.444922447 -10.150885 3.945963 -0.015088 0.016228 -0.013873 0.640683 0.767509
1718924447.449909210 -10.150660 3.947165 -0.015037 0.016239 -0.013865 0.640700 0.767494
1718924447.454913139 -10.150435 3.948373 -0.014984 0.016244 -0.013868 0.640710 0.767486
1718924447.459859610 -10.150211 3.949568 -0.014926 0.016243 -0.013866 0.640717 0.767480
1718924447.464923382 -10.149982 3.950789 -0.014862 0.016227 -0.013865 0.640730 0.767469
1718924447.469863415 -10.149758 3.951981 -0.014797 0.016214 -0.013850 0.640751 0.767453
1718924447.474876404 -10.149530 3.953189 -0.014732 0.016213 -0.013824 0.640769 0.767438
1718924447.479867935 -10.149302 3.954395 -0.014668 0.016216 -0.013808 0.640782 0.767428
1718924447.484875441 -10.149072 3.955606 -0.014604 0.016228 -0.013808 0.640789 0.767422
1718924447.489893198 -10.148842 3.956820 -0.014542 0.016236 -0.013824 0.640796 0.767415
1718924447.494910717 -10.148613 3.958032 -0.014483 0.016241 -0.013853 0.640796 0.767414
1718924447.499849796 -10.148387 3.959224 -0.014427 0.016245 -0.013879 0.640785 0.767423
1718924447.500004292 -10.148381 3.959261 -0.014425 0.016245 -0.013880 0.640784 0.767424
1718924447.500004292 -10.148381 3.959261 -0.014425 0.016245 -0.013880 0.640784 0.767424
1718924447.504896641 -10.148161 3.960435 -0.014362 0.016237 -0.013895 0.640770 0.767435
1718924447.509859800 -10.147938 3.961627 -0.014300 0.016226 -0.013897 0.640753 0.767450
1718924447.514864922 -10.147715 3.962832 -0.014239 0.016214 -0.013890 0.640734 0.767466
1718924447.589867592 -10.144619 3.980623 -0.013752 0.016533 -0.013894 0.640830 0.767379
1718924447.594858170 -10.144414 3.981837 -0.013725 0.016564 -0.013871 0.640830 0.767379
1718924447.599854231 -10.144209 3.983053 -0.013698 0.016592 -0.013854 0.640838 0.767372
1718924447.604902744 -10.144000 3.984284 -0.013669 0.016605 -0.013844 0.640850 0.767362
1718924447.609903097 -10.143791 3.985506 -0.013639 0.016611 -0.013836 0.640864 0.767350
1718924447.614873171 -10.143582 3.986721 -0.013607 0.016616 -0.013829 0.640875 0.767341
1718924447.619865656 -10.143369 3.987941 -0.013571 0.016621 -0.013822 0.640897 0.767323
1718924447.624861717 -10.143155 3.989162 -0.013531 0.016638 -0.013822 0.640911 0.767311
1718924447.629954576 -10.142934 3.990407 -0.013486 0.016662 -0.013831 0.640922 0.767300
1718924447.634874821 -10.142720 3.991608 -0.013439 0.016682 -0.013847 0.640935 0.767289
1718924447.639871836 -10.142502 3.992827 -0.013392 0.016702 -0.013864 0.640943 0.767282
1718924447.644868612 -10.142286 3.994043 -0.013350 0.016717 -0.013873 0.640940 0.767283
1718924447.649859905 -10.142069 3.995255 -0.013312 0.016728 -0.013873 0.640935 0.767287
1718924447.654870272 -10.141852 3.996472 -0.013280 0.016738 -0.013875 0.640934 0.767288
1718924447.659861088 -10.141634 3.997685 -0.013252 0.016751 -0.013883 0.640933 0.767289
1718924447.664871216 -10.141417 3.998906 -0.013226 0.016767 -0.013900 0.640929 0.767291
1718924447.669867754 -10.141201 4.000124 -0.013199 0.016795 -0.013913 0.640927 0.767292
1718924447.674871445 -10.140986 4.001346 -0.013172 0.016825 -0.013913 0.640923 0.767295
1718924447.679885864 -10.140772 4.002570 -0.013144 0.016847 -0.013902 0.640914 0.767302
1718924447.684883833 -10.140560 4.003791 -0.013115 0.016858 -0.013887 0.640900 0.767314
1718924447.689895391 -10.140348 4.005018 -0.013084 0.016848 -0.013876 0.640889 0.767323
1718924447.694860220 -10.140140 4.006234 -0.013050 0.016832 -0.013879 0.640885 0.767327
1718924447.699864626 -10.139933 4.007462 -0.013012 0.016827 -0.013899 0.640880 0.767331
1718924447.699893236 -10.139932 4.007469 -0.013012 0.016827 -0.013899 0.640880 0.767331
1718924447.699893236 -10.139932 4.007469 -0.013012 0.016827 -0.013899 0.640880 0.767331
1718924447.704858303 -10.139729 4.008685 -0.012977 0.016831 -0.013933 0.640871 0.767337
1718924447.709869385 -10.139527 4.009913 -0.012944 0.016849 -0.013967 0.640870 0.767337
1718924447.714866161 -10.139329 4.011138 -0.012916 0.016868 -0.013984 0.640871 0.767335
1718924447.719923258 -10.139134 4.012376 -0.012893 0.016878 -0.013976 0.640865 0.767341
1718924447.799992085 -10.135926 4.032216 -0.012235 0.017094 -0.013910 0.640858 0.767343
1718924447.799992085 -10.135926 4.032216 -0.012235 0.017094 -0.013910 0.640858 0.767343
1718924447.804893732 -10.135721 4.033441 -0.012176 0.017109 -0.013908 0.640858 0.767343
1718924447.809859753 -10.135510 4.034684 -0.012114 0.017127 -0.013906 0.640864 0.767337
1718924447.814865589 -10.135297 4.035939 -0.012049 0.017139 -0.013911 0.640884 0.767320
1718924447.819882631 -10.135081 4.037195 -0.011982 0.017137 -0.013914 0.640917 0.767293
1718924447.824875832 -10.134863 4.038445 -0.011915 0.017130 -0.013900 0.640948 0.767267
1718924447.829868317 -10.134643 4.039694 -0.011849 0.017124 -0.013884 0.640979 0.767242
1718924447.834863186 -10.134419 4.040945 -0.011782 0.017116 -0.013881 0.641012 0.767214
1718924447.839861393 -10.134191 4.042199 -0.011713 0.017109 -0.013894 0.641051 0.767182
1718924447.844864368 -10.133960 4.043454 -0.011643 0.017114 -0.013918 0.641087 0.767151
1718924447.849856853 -10.133728 4.044705 -0.011573 0.017130 -0.013942 0.641120 0.767123
1718924447.854897738 -10.133493 4.045965 -0.011506 0.017148 -0.013954 0.641145 0.767102
1718924447.859862328 -10.133258 4.047204 -0.011445 0.017153 -0.013957 0.641162 0.767087
1718924447.864871979 -10.133020 4.048454 -0.011388 0.017138 -0.013954 0.641179 0.767073
1718924447.869862795 -10.132782 4.049698 -0.011335 0.017117 -0.013952 0.641197 0.767059
1718924447.874868155 -10.132542 4.050947 -0.011283 0.017104 -0.013955 0.641213 0.767045
1718924447.879878759 -10.132304 4.052199 -0.011230 0.017090 -0.013963 0.641225 0.767035
1718924447.884859800 -10.132067 4.053446 -0.011172 0.017079 -0.013966 0.641226 0.767035
1718924447.889859438 -10.131831 4.054699 -0.011109 0.017077 -0.013952 0.641224 0.767037
1718924447.894893885 -10.131595 4.055960 -0.011041 0.017078 -0.013924 0.641218 0.767042
1718924447.899859190 -10.131363 4.057204 -0.010972 0.017088 -0.013888 0.641210 0.767049
1718924447.900007010 -10.131356 4.057241 -0.010970 0.017089 -0.013888 0.641210 0.767049
1718924447.900007010 -10.131356 4.057241 -0.010970 0.017089 -0.013888 0.641210 0.767049
1718924447.904893398 -10.131133 4.058444 -0.010918 0.017097 -0.013855 0.641198 0.767060
1718924447.909857988 -10.130906 4.059667 -0.010865 0.017102 -0.013844 0.641179 0.767076
1718924447.914888382 -10.130677 4.060906 -0.010811 0.017103 -0.013864 0.641149 0.767101
1718924447.959862471 -10.128638 4.071765 -0.010574 0.017081 -0.013662 0.641040 0.767196
1718924447.964925528 -10.128399 4.073025 -0.010531 0.017081 -0.013637 0.641033 0.767202
1718924447.969906569 -10.128164 4.074266 -0.010497 0.017081 -0.013591 0.641029 0.767206
1718924447.974935055 -10.127926 4.075518 -0.010473 0.017090 -0.013525 0.641036 0.767202
1718924447.979881287 -10.127689 4.076751 -0.010458 0.017120 -0.013461 0.641045 0.767194
1718924447.984853268 -10.127447 4.077993 -0.010450 0.017158 -0.013407 0.641060 0.767182
1718924447.989856958 -10.127197 4.079247 -0.010446 0.017203 -0.013357 0.641081 0.767164
1718924447.994893789 -10.126940 4.080513 -0.010442 0.017238 -0.013307 0.641101 0.767148
1718924447.999898911 -10.126677 4.081773 -0.010430 0.017256 -0.013276 0.641118 0.767134
1718924448.004892826 -10.126409 4.083032 -0.010404 0.017254 -0.013271 0.641130 0.767123
1718924448.009887457 -10.126137 4.084292 -0.010365 0.017250 -0.013275 0.641146 0.767111
1718924448.014864922 -10.125862 4.085549 -0.010319 0.017256 -0.013277 0.641161 0.767098
1718924448.019888878 -10.125582 4.086814 -0.010272 0.017275 -0.013262 0.641177 0.767084
1718924448.024856091 -10.125304 4.088061 -0.010228 0.017309 -0.013226 0.641195 0.767069
1718924448.029859304 -10.125022 4.089312 -0.010186 0.017349 -0.013182 0.641209 0.767057
1718924448.034907103 -10.124737 4.090572 -0.010142 0.017389 -0.013148 0.641215 0.767052
1718924448.039898872 -10.124457 4.091816 -0.010096 0.017410 -0.013138 0.641209 0.767056
1718924448.044914484 -10.124175 4.093066 -0.010046 0.017400 -0.013157 0.641202 0.767062
1718924448.049861670 -10.123897 4.094295 -0.009993 0.017366 -0.013212 0.641197 0.767066
1718924448.054869175 -10.123621 4.095538 -0.009939 0.017328 -0.013271 0.641190 0.767072
1718924448.059894800 -10.123352 4.096783 -0.009888 0.017296 -0.013311 0.641170 0.767088
1718924448.064855576 -10.123095 4.098013 -0.009843 0.017275 -0.013321 0.641143 0.767111
1718924448.069859982 -10.122846 4.099252 -0.009806 0.017260 -0.013319 0.641114 0.767136
1718924448.074890852 -10.122605 4.100495 -0.009777 0.017238 -0.013313 0.641086 0.767160
1718924448.079852104 -10.122381 4.101723 -0.009753 0.017218 -0.013314 0.641059 0.767183
1718924448.084884644 -10.122167 4.102971 -0.009726 0.017217 -0.013322 0.641028 0.767209
1718924448.089856863 -10.121968 4.104207 -0.009692 0.017234 -0.013339 0.640989 0.767241
1718924448.094890833 -10.121777 4.105458 -0.009646 0.017254 -0.013356 0.640959 0.767265
1718924448.099895716 -10.121598 4.106699 -0.009590 0.017272 -0.013354 0.640939 0.767281
1718924448.099992990 -10.121595 4.106722 -0.009589 0.017272 -0.013354 0.640939 0.767282
1718924448.099992990 -10.121595 4.106722 -0.009589 0.017272 -0.013354 0.640939 0.767282
1718924448.104850292 -10.121434 4.107926 -0.009517 0.017297 -0.013320 0.640915 0.767301
1718924448.109896898 -10.121275 4.109175 -0.009438 0.017330 -0.013271 0.640893 0.767320
1718924448.114904881 -10.121121 4.110413 -0.009359 0.017357 -0.013225 0.640880 0.767331
1718924448.179859877 -10.119815 4.125988 -0.009477 0.016710 -0.012583 0.639558 0.768458
1718924448.184860468 -10.119719 4.127183 -0.009519 0.016692 -0.012550 0.639422 0.768572
1718924448.189869881 -10.119624 4.128383 -0.009569 0.016684 -0.012539 0.639258 0.768709
1718924448.194866657 -10.119529 4.129581 -0.009623 0.016662 -0.012568 0.639072 0.768864
1718924448.199862957 -10.119436 4.130778 -0.009678 0.016622 -0.012638 0.638873 0.769029
1718924448.199988842 -10.119434 4.130808 -0.009680 0.016621 -0.012640 0.638867 0.769033
1718924448.199988842 -10.119434 4.130808 -0.009680 0.016621 -0.012640 0.638867 0.769033
1718924448.204852343 -10.119367 4.131984 -0.009733 0.016567 -0.012729 0.638658 0.769207
1718924448.209856033 -10.119305 4.133195 -0.009790 0.016504 -0.012825 0.638428 0.769398
1718924448.214917183 -10.119248 4.134422 -0.009850 0.016439 -0.012910 0.638191 0.769595
1718924448.219928503 -10.119199 4.135641 -0.009914 0.016383 -0.012977 0.637958 0.769787
1718924448.224914312 -10.119157 4.136857 -0.009983 0.016345 -0.013020 0.637730 0.769976
1718924448.229904652 -10.119123 4.138081 -0.010057 0.016314 -0.013056 0.637506 0.770162
1718924448.234865665 -10.119096 4.139303 -0.010132 0.016304 -0.013084 0.637301 0.770331
1718924448.239860535 -10.119076 4.140538 -0.010205 0.016311 -0.013091 0.637116 0.770485
1718924448.244898796 -10.119062 4.141787 -0.010272 0.016318 -0.013083 0.636950 0.770622
1718924448.249886751 -10.119050 4.143025 -0.010330 0.016311 -0.013079 0.636814 0.770734
1718924448.254848957 -10.119039 4.144258 -0.010379 0.016286 -0.013072 0.636705 0.770824
1718924448.259891033 -10.119028 4.145514 -0.010425 0.016254 -0.013066 0.636619 0.770896
1718924448.264846563 -10.119015 4.146751 -0.010470 0.016225 -0.013059 0.636560 0.770946
1718924448.269849777 -10.119000 4.148001 -0.010521 0.016201 -0.013048 0.636522 0.770978
1718924448.274889946 -10.118981 4.149263 -0.010580 0.016190 -0.013044 0.636494 0.771002
1718924448.279855967 -10.118955 4.150508 -0.010643 0.016179 -0.013049 0.636471 0.771020
1718924448.284892321 -10.118920 4.151773 -0.010710 0.016165 -0.013074 0.636456 0.771033
1718924448.289893389 -10.118880 4.153034 -0.010776 0.016141 -0.013111 0.636445 0.771041
1718924448.294891834 -10.118833 4.154296 -0.010839 0.016111 -0.013151 0.636438 0.771047
1718924448.299848318 -10.118780 4.155547 -0.010897 0.016068 -0.013192 0.636424 0.771059
1718924448.300016165 -10.118778 4.155589 -0.010899 0.016066 -0.013193 0.636423 0.771060
1718924448.300016165 -10.118778 4.155589 -0.010899 0.016066 -0.013193 0.636423 0.771060
1718924448.304893017 -10.118709 4.156804 -0.010956 0.016013 -0.013239 0.636401 0.771078
1718924448.309846401 -10.118631 4.158037 -0.011010 0.015963 -0.013279 0.636367 0.771107
1718924448.314874172 -10.118543 4.159289 -0.011062 0.015907 -0.013329 0.636311 0.771153
1718924448.389850855 -10.117812 4.178146 -0.013650 0.015179 -0.013166 0.633425 0.773543
1718924448.394897699 -10.117653 4.179470 -0.013815 0.015115 -0.013191 0.633245 0.773692
1718924448.399887800 -10.117494 4.180783 -0.013987 0.015036 -0.013217 0.633097 0.773813
1718924448.404891491 -10.117331 4.182105 -0.014170 0.014962 -0.013223 0.632968 0.773921
1718924448.409885168 -10.117164 4.183429 -0.014366 0.014915 -0.013196 0.632858 0.774012
1718924448.414889336 -10.116990 4.184762 -0.014574 0.014914 -0.013150 0.632755 0.774097
1718924448.419874430 -10.116812 4.186094 -0.014789 0.014952 -0.013079 0.632640 0.774191
1718924448.424903393 -10.116628 4.187440 -0.015006 0.015017 -0.012998 0.632528 0.774283
1718924448.429943085 -10.116437 4.188790 -0.015217 0.015091 -0.012935 0.632409 0.774380
1718924448.434905052 -10.116239 4.190120 -0.015416 0.015148 -0.012905 0.632262 0.774499
1718924448.439855814 -10.116033 4.191447 -0.015605 0.015192 -0.012895 0.632079 0.774648
1718924448.444893122 -10.115820 4.192797 -0.015795 0.015257 -0.012875 0.631870 0.774817
1718924448.449850559 -10.115612 4.194126 -0.015983 0.015340 -0.012818 0.631636 0.775007
1718924448.454846859 -10.115402 4.195463 -0.016177 0.015421 -0.012727 0.631357 0.775234
1718924448.459871292 -10.115188 4.196806 -0.016377 0.015491 -0.012622 0.631040 0.775493
1718924448.464926481 -10.114971 4.198155 -0.016583 0.015553 -0.012490 0.630691 0.775778
1718924448.469851732 -10.114760 4.199469 -0.016785 0.015597 -0.012347 0.630328 0.776074
1718924448.474856138 -10.114545 4.200804 -0.016989 0.015611 -0.012218 0.629948 0.776384
1718924448.479891062 -10.114327 4.202147 -0.017189 0.015601 -0.012119 0.629558 0.776703
1718924448.484881639 -10.114108 4.203478 -0.017380 0.015576 -0.012042 0.629156 0.777030
1718924448.489845991 -10.113888 4.204805 -0.017564 0.015561 -0.011989 0.628748 0.777361
1718924448.494889259 -10.113663 4.206156 -0.017747 0.015559 -0.011947 0.628341 0.777691
1718924448.499846458 -10.113442 4.207486 -0.017927 0.015584 -0.011882 0.627956 0.778002
1718924448.500000954 -10.113436 4.207528 -0.017933 0.015585 -0.011879 0.627944 0.778011
1718924448.500000954 -10.113436 4.207528 -0.017933 0.015585 -0.011879 0.627944 0.778011
1718924448.504832983 -10.113226 4.208837 -0.018102 0.015630 -0.011793 0.627588 0.778300
1718924448.509846687 -10.113004 4.210200 -0.018282 0.015671 -0.011694 0.627238 0.778582
1718924448.514864206 -10.112780 4.211567 -0.018466 0.015701 -0.011589 0.626913 0.778845
1718924448.554890156 -10.111428 4.222664 -0.020114 0.015268 -0.011230 0.625678 0.779851
1718924448.559852600 -10.111191 4.223999 -0.020352 0.015242 -0.011198 0.625516 0.779982
1718924448.564899921 -10.110950 4.225353 -0.020603 0.015229 -0.011161 0.625333 0.780130
1718924448.569850922 -10.110713 4.226681 -0.020856 0.015221 -0.011110 0.625146 0.780280
1718924448.574848413 -10.110471 4.228020 -0.021111 0.015200 -0.011054 0.624939 0.780447
1718924448.579850435 -10.110225 4.229362 -0.021356 0.015151 -0.011012 0.624697 0.780642
1718924448.584899187 -10.109973 4.230717 -0.021586 0.015074 -0.010999 0.624421 0.780865
1718924448.589855671 -10.109725 4.232049 -0.021796 0.014996 -0.010988 0.624132 0.781098
1718924448.594957829 -10.109474 4.233418 -0.022003 0.014927 -0.010962 0.623811 0.781356
1718924448.599856377 -10.109234 4.234730 -0.022204 0.014869 -0.010911 0.623482 0.781620
1718924448.599987030 -10.109228 4.234765 -0.022210 0.014868 -0.010909 0.623473 0.781628
1718924448.599987030 -10.109228 4.234765 -0.022210 0.014868 -0.010909 0.623473 0.781628
1718924448.604840040 -10.108983 4.236057 -0.022418 0.014823 -0.010834 0.623120 0.781911
1718924448.609828711 -10.108731 4.237382 -0.022645 0.014771 -0.010747 0.622743 0.782213
1718924448.614854813 -10.108476 4.238715 -0.022882 0.014705 -0.010657 0.622358 0.782522
1718924448.654825687 -10.106556 4.249425 -0.024904 0.014860 -0.009457 0.619557 0.784754
1718924448.659839153 -10.106277 4.250776 -0.025167 0.014900 -0.009329 0.619218 0.785022
1718924448.664838076 -10.105998 4.252127 -0.025431 0.014957 -0.009220 0.618909 0.785267
1718924448.669880867 -10.105712 4.253491 -0.025701 0.015006 -0.009123 0.618611 0.785501
1718924448.674869299 -10.105423 4.254840 -0.025973 0.015041 -0.009043 0.618334 0.785719
1718924448.679838419 -10.105128 4.256181 -0.026253 0.015057 -0.008966 0.618072 0.785926
1718924448.684839487 -10.104828 4.257532 -0.026547 0.015083 -0.008855 0.617826 0.786121
1718924448.689865589 -10.104529 4.258890 -0.026848 0.015139 -0.008723 0.617596 0.786302
1718924448.694880009 -10.104228 4.260246 -0.027142 0.015198 -0.008608 0.617379 0.786472
1718924448.699836969 -10.103924 4.261587 -0.027421 0.015230 -0.008529 0.617160 0.786644
1718924448.699898958 -10.103920 4.261604 -0.027425 0.015230 -0.008528 0.617157 0.786646
1718924448.699898958 -10.103920 4.261604 -0.027425 0.015230 -0.008528 0.617157 0.786646
1718924448.704830170 -10.103608 4.262939 -0.027685 0.015243 -0.008485 0.616940 0.786816
1718924448.709827662 -10.103291 4.264295 -0.027935 0.015266 -0.008437 0.616733 0.786979
1718924448.714842558 -10.102972 4.265655 -0.028178 0.015293 -0.008367 0.616532 0.787137
1718924448.719847918 -10.102651 4.267010 -0.028416 0.015302 -0.008282 0.616325 0.787300
1718924448.724880219 -10.102324 4.268371 -0.028650 0.015282 -0.008203 0.616106 0.787472
1718924448.729849815 -10.102002 4.269717 -0.028873 0.015272 -0.008135 0.615897 0.787637
1718924448.734838247 -10.101684 4.271071 -0.029093 0.015279 -0.008068 0.615691 0.787798
1718924448.739863157 -10.101368 4.272439 -0.029315 0.015294 -0.007993 0.615484 0.787961
1718924448.744841576 -10.101055 4.273795 -0.029541 0.015307 -0.007911 0.615281 0.788120
1718924448.749847651 -10.100740 4.275160 -0.029777 0.015320 -0.007816 0.615087 0.788272
1718924448.754834652 -10.100425 4.276524 -0.030024 0.015347 -0.007707 0.614907 0.788413
1718924448.759851217 -10.100110 4.277898 -0.030283 0.015384 -0.007591 0.614741 0.788542
1718924448.764882326 -10.099793 4.279281 -0.030548 0.015403 -0.007489 0.614577 0.788671
1718924448.769852400 -10.099476 4.280652 -0.030812 0.015402 -0.007410 0.614412 0.788800
1718924448.774884701 -10.099153 4.282046 -0.031074 0.015392 -0.007360 0.614242 0.788933
1718924448.779849529 -10.098830 4.283426 -0.031324 0.015377 -0.007326 0.614073 0.789065
1718924448.784898281 -10.098499 4.284831 -0.031568 0.015363 -0.007286 0.613908 0.789194
1718924448.789846182 -10.098173 4.286210 -0.031799 0.015360 -0.007237 0.613732 0.789332
1718924448.794846296 -10.097843 4.287603 -0.032032 0.015364 -0.007179 0.613542 0.789480
1718924448.799850702 -10.097512 4.288997 -0.032274 0.015364 -0.007104 0.613334 0.789642
1718924448.799975872 -10.097504 4.289032 -0.032280 0.015364 -0.007103 0.613328 0.789647
1718924448.799975872 -10.097504 4.289032 -0.032280 0.015364 -0.007103 0.613328 0.789647
1718924448.804886341 -10.097195 4.290391 -0.032544 0.015356 -0.007034 0.613096 0.789828
1718924448.809880972 -10.096880 4.291773 -0.032827 0.015339 -0.006980 0.612841 0.790027
1718924448.814840555 -10.096563 4.293146 -0.033117 0.015295 -0.006962 0.612574 0.790234
1718924448.854897261 -10.094680 4.303884 -0.036299 0.014669 -0.006637 0.609652 0.792505
1718924448.859891891 -10.094352 4.305260 -0.036649 0.014562 -0.006595 0.609273 0.792799
1718924448.864853859 -10.094024 4.306627 -0.037002 0.014444 -0.006577 0.608897 0.793090
1718924448.869869232 -10.093691 4.308011 -0.037364 0.014320 -0.006583 0.608510 0.793389
1718924448.874838352 -10.093362 4.309386 -0.037732 0.014216 -0.006582 0.608139 0.793676
1718924448.879824400 -10.093034 4.310768 -0.038109 0.014159 -0.006573 0.607782 0.793951
1718924448.884877682 -10.092703 4.312169 -0.038501 0.014147 -0.006553 0.607434 0.794217
1718924448.889871120 -10.092378 4.313552 -0.038902 0.014159 -0.006496 0.607100 0.794473
1718924448.894829273 -10.092056 4.314927 -0.039314 0.014194 -0.006403 0.606767 0.794727
1718924448.899825096 -10.091734 4.316311 -0.039740 0.014243 -0.006293 0.606447 0.794971
1718924448.899996042 -10.091723 4.316359 -0.039754 0.014245 -0.006289 0.606436 0.794980
1718924448.899996042 -10.091723 4.316359 -0.039754 0.014245 -0.006289 0.606436 0.794980
1718924448.900007010 -10.067033 4.341633 -0.014264 0.010196 -0.002012 0.601692 0.798661
1718924448.900007010 -10.067033 4.341633 -0.014264 0.010196 -0.002012 0.601692 0.798661
1718924448.904843330 -10.067227 4.342475 -0.014557 0.010255 -0.001897 0.601385 0.798891
1718924448.909832478 -10.067426 4.343348 -0.014857 0.010324 -0.001775 0.601072 0.799126
1718924448.914844990 -10.067623 4.344230 -0.015148 0.010374 -0.001652 0.600768 0.799355
1718924448.919856787 -10.067816 4.345113 -0.015425 0.010410 -0.001523 0.600470 0.799578
1718924448.924826145 -10.068004 4.345991 -0.015685 0.010443 -0.001386 0.600172 0.799802
1718924448.929919720 -10.068198 4.346894 -0.015939 0.010499 -0.001237 0.599874 0.800025
1718924448.934886456 -10.068390 4.347776 -0.016182 0.010596 -0.001085 0.599580 0.800244
1718924448.939842224 -10.068587 4.348659 -0.016425 0.010749 -0.000920 0.599282 0.800465
1718924448.944870234 -10.068792 4.349556 -0.016680 0.010917 -0.000741 0.598977 0.800692
1718924448.949856758 -10.068996 4.350443 -0.016942 0.011044 -0.000576 0.598670 0.800920
1718924448.954878569 -10.069204 4.351335 -0.017214 0.011155 -0.000423 0.598360 0.801149
1718924448.959897280 -10.069414 4.352228 -0.017492 0.011277 -0.000271 0.598047 0.801381
1718924448.964843750 -10.069624 4.353115 -0.017767 0.011391 -0.000144 0.597734 0.801613
1718924448.969851017 -10.069839 4.354018 -0.018038 0.011500 -0.000000 0.597420 0.801846
1718924448.974846601 -10.070056 4.354923 -0.018300 0.011621 0.000171 0.597097 0.802085
1718924448.979838848 -10.070279 4.355830 -0.018554 0.011776 0.000386 0.596777 0.802321
1718924448.984838963 -10.070505 4.356740 -0.018804 0.011938 0.000628 0.596451 0.802561
1718924448.989823580 -10.070728 4.357648 -0.019046 0.012063 0.000839 0.596125 0.802801
1718924448.994838476 -10.070948 4.358564 -0.019286 0.012159 0.001014 0.595804 0.803037
1718924448.999833822 -10.071165 4.359479 -0.019527 0.012235 0.001172 0.595509 0.803255
1718924449.004837751 -10.071381 4.360401 -0.019774 0.012302 0.001324 0.595238 0.803454
1718924449.009824038 -10.071597 4.361321 -0.020026 0.012366 0.001456 0.594975 0.803648
1718924449.014892340 -10.071811 4.362258 -0.020287 0.012420 0.001562 0.594715 0.803839
1718924449.044879198 -10.073063 4.367771 -0.021734 0.012649 0.001856 0.593833 0.804487
1718924449.049845695 -10.073253 4.368702 -0.021939 0.012659 0.001905 0.593695 0.804588
1718924449.054837704 -10.073447 4.369644 -0.022147 0.012665 0.001970 0.593561 0.804687
1718924449.059838772 -10.073644 4.370593 -0.022361 0.012680 0.002059 0.593431 0.804782
1718924449.064872980 -10.073844 4.371550 -0.022582 0.012701 0.002170 0.593306 0.804874
1718924449.069861412 -10.074041 4.372500 -0.022807 0.012727 0.002289 0.593179 0.804967
1718924449.074833870 -10.074236 4.373451 -0.023033 0.012764 0.002404 0.593052 0.805060
1718924449.079831600 -10.074428 4.374410 -0.023259 0.012797 0.002505 0.592908 0.805165
1718924449.084825277 -10.074616 4.375369 -0.023477 0.012850 0.002594 0.592741 0.805286
1718924449.089824915 -10.074800 4.376331 -0.023684 0.012920 0.002670 0.592560 0.805419
1718924449.094834566 -10.074977 4.377296 -0.023878 0.012987 0.002723 0.592353 0.805569
1718924449.099831820 -10.075148 4.378260 -0.024063 0.013036 0.002766 0.592126 0.805735
1718924449.099978209 -10.075153 4.378288 -0.024069 0.013037 0.002767 0.592119 0.805740
1718924449.099978209 -10.075153 4.378288 -0.024069 0.013037 0.002767 0.592119 0.805740
1718924449.104875565 -10.075315 4.379237 -0.024247 0.013069 0.002800 0.591879 0.805916
1718924449.109832525 -10.075477 4.380198 -0.024433 0.013095 0.002834 0.591629 0.806099
1718924449.114879608 -10.075643 4.381178 -0.024632 0.013119 0.002877 0.591371 0.806287
1718924449.149908066 -10.076869 4.388167 -0.025949 0.012978 0.002953 0.589680 0.807528
1718924449.154890537 -10.077044 4.389195 -0.026105 0.012959 0.002967 0.589453 0.807693
1718924449.159886360 -10.077218 4.390234 -0.026255 0.012947 0.002990 0.589244 0.807846
1718924449.164869547 -10.077390 4.391277 -0.026401 0.012935 0.003027 0.589057 0.807983
1718924449.169897556 -10.077559 4.392333 -0.026552 0.012916 0.003056 0.588886 0.808107
1718924449.174836397 -10.077719 4.393376 -0.026704 0.012872 0.003088 0.588732 0.808220
1718924449.179820776 -10.077877 4.394436 -0.026863 0.012816 0.003121 0.588587 0.808326
1718924449.184834719 -10.078033 4.395509 -0.027024 0.012763 0.003145 0.588459 0.808420
1718924449.189850092 -10.078186 4.396590 -0.027185 0.012720 0.003170 0.588358 0.808495
1718924449.194915533 -10.078335 4.397687 -0.027344 0.012690 0.003185 0.588271 0.808558
1718924449.199909449 -10.078473 4.398773 -0.027496 0.012675 0.003185 0.588179 0.808625
1718924449.199976206 -10.078475 4.398788 -0.027498 0.012675 0.003185 0.588178 0.808626
1718924449.199976206 -10.078475 4.398788 -0.027498 0.012675 0.003185 0.588178 0.808626
1718924449.204827547 -10.078600 4.399848 -0.027638 0.012676 0.003183 0.588079 0.808698
1718924449.209875584 -10.078722 4.400953 -0.027774 0.012663 0.003176 0.587978 0.808771
1718924449.214891195 -10.078833 4.402050 -0.027899 0.012603 0.003142 0.587877 0.808846
1718924449.219864130 -10.078935 4.403137 -0.028016 0.012508 0.003091 0.587765 0.808929
1718924449.224846840 -10.079033 4.404229 -0.028126 0.012420 0.003028 0.587651 0.809013
1718924449.229837894 -10.079129 4.405332 -0.028230 0.012352 0.002957 0.587532 0.809101
1718924449.234826326 -10.079220 4.406441 -0.028333 0.012289 0.002872 0.587409 0.809192
1718924449.239838123 -10.079305 4.407560 -0.028438 0.012215 0.002777 0.587265 0.809298
1718924449.244874239 -10.079386 4.408687 -0.028548 0.012150 0.002691 0.587102 0.809417
1718924449.249897480 -10.079467 4.409816 -0.028664 0.012109 0.002627 0.586924 0.809547
1718924449.254844189 -10.079549 4.410933 -0.028781 0.012066 0.002574 0.586736 0.809685
1718924449.259829283 -10.079634 4.412063 -0.028898 0.011997 0.002505 0.586533 0.809832
1718924449.264896870 -10.079723 4.413215 -0.029018 0.011898 0.002431 0.586308 0.809997
1718924449.269870520 -10.079816 4.414350 -0.029135 0.011806 0.002366 0.586062 0.810177
1718924449.274826050 -10.079917 4.415488 -0.029253 0.011754 0.002318 0.585800 0.810367
1718924449.279821873 -10.080027 4.416643 -0.029372 0.011738 0.002297 0.585538 0.810557
1718924449.284832716 -10.080143 4.417811 -0.029491 0.011754 0.002295 0.585275 0.810746
1718924449.289828539 -10.080265 4.418985 -0.029607 0.011790 0.002299 0.585015 0.810934
1718924449.294824123 -10.080394 4.420171 -0.029721 0.011831 0.002304 0.584756 0.811120
1718924449.299829006 -10.080529 4.421371 -0.029832 0.011851 0.002299 0.584504 0.811301
1718924449.300002098 -10.080533 4.421412 -0.029836 0.011851 0.002298 0.584496 0.811307
1718924449.300002098 -10.080533 4.421412 -0.029836 0.011851 0.002298 0.584496 0.811307
1718924449.304877281 -10.080670 4.422590 -0.029941 0.011836 0.002277 0.584267 0.811472
1718924449.309832573 -10.080815 4.423797 -0.030046 0.011809 0.002250 0.584054 0.811626
1718924449.314835072 -10.080970 4.425028 -0.030155 0.011795 0.002243 0.583860 0.811765
1718924449.394829035 -10.083764 4.445836 -0.032840 0.011654 0.002323 0.582342 0.812857
1718924449.399831533 -10.083941 4.447203 -0.033063 0.011643 0.002346 0.582219 0.812945
1718924449.399997234 -10.083947 4.447248 -0.033070 0.011642 0.002346 0.582213 0.812949
1718924449.399997234 -10.083947 4.447248 -0.033070 0.011642 0.002346 0.582213 0.812949
1718924449.404818058 -10.084107 4.448574 -0.033294 0.011637 0.002377 0.582049 0.813067
1718924449.409830332 -10.084261 4.449962 -0.033536 0.011622 0.002391 0.581827 0.813226
1718924449.414835453 -10.084410 4.451359 -0.033786 0.011619 0.002405 0.581574 0.813407
1718924449.419820786 -10.084553 4.452765 -0.034042 0.011613 0.002403 0.581285 0.813614
1718924449.424828291 -10.084688 4.454188 -0.034298 0.011552 0.002354 0.580973 0.813837
1718924449.429826498 -10.084811 4.455619 -0.034543 0.011424 0.002228 0.580638 0.814079
1718924449.434832811 -10.084931 4.457064 -0.034777 0.011266 0.002064 0.580284 0.814333
1718924449.439831018 -10.085053 4.458520 -0.035002 0.011118 0.001911 0.579923 0.814593
1718924449.444864988 -10.085180 4.459999 -0.035214 0.010974 0.001767 0.579576 0.814842
1718924449.449825764 -10.085303 4.461467 -0.035406 0.010816 0.001606 0.579233 0.815089
1718924449.454872370 -10.085420 4.462964 -0.035586 0.010633 0.001441 0.578867 0.815352
1718924449.459832191 -10.085519 4.464436 -0.035749 0.010414 0.001246 0.578484 0.815626
1718924449.464830875 -10.085600 4.465919 -0.035896 0.010168 0.001025 0.578080 0.815916
1718924449.469838142 -10.085663 4.467407 -0.036035 0.009924 0.000824 0.577658 0.816218
1718924449.474837780 -10.085722 4.468896 -0.036180 0.009733 0.000709 0.577234 0.816520
1718924449.479824781 -10.085785 4.470385 -0.036333 0.009606 0.000668 0.576805 0.816825
1718924449.484864473 -10.085849 4.471893 -0.036484 0.009513 0.000628 0.576382 0.817125
1718924449.489834547 -10.085908 4.473381 -0.036625 0.009395 0.000542 0.575946 0.817433
1718924449.494865656 -10.085960 4.474885 -0.036760 0.009256 0.000408 0.575476 0.817766
1718924449.499860287 -10.086007 4.476377 -0.036884 0.009107 0.000251 0.574985 0.818113
1718924449.499977350 -10.086008 4.476412 -0.036886 0.009105 0.000248 0.574972 0.818122
1718924449.499977350 -10.086008 4.476412 -0.036886 0.009105 0.000248 0.574972 0.818122
1718924449.504868984 -10.086051 4.477869 -0.037003 0.008966 0.000113 0.574468 0.818478
1718924449.509851694 -10.086083 4.479348 -0.037116 0.008805 -0.000026 0.573923 0.818862
1718924449.514850378 -10.086101 4.480828 -0.037223 0.008609 -0.000190 0.573371 0.819251
1718924449.559830666 -10.086111 4.494487 -0.038227 0.007901 -0.000733 0.567939 0.823032
1718924449.564818621 -10.086080 4.496033 -0.038332 0.007831 -0.000785 0.567367 0.823427
1718924449.569827795 -10.086045 4.497590 -0.038461 0.007759 -0.000834 0.566820 0.823805
1718924449.574922323 -10.086007 4.499178 -0.038619 0.007679 -0.000904 0.566295 0.824167
1718924449.579828739 -10.085971 4.500710 -0.038795 0.007581 -0.001011 0.565808 0.824502
1718924449.584821939 -10.085929 4.502269 -0.038990 0.007404 -0.001186 0.565324 0.824835
1718924449.589816332 -10.085880 4.503828 -0.039192 0.007078 -0.001455 0.564854 0.825159
1718924449.594855070 -10.085838 4.505404 -0.039409 0.006799 -0.001641 0.564392 0.825477
1718924449.599861383 -10.085817 4.506981 -0.039633 0.006702 -0.001698 0.563912 0.825806
1718924449.599975109 -10.085817 4.507017 -0.039638 0.006704 -0.001696 0.563900 0.825814
1718924449.599975109 -10.085817 4.507017 -0.039638 0.006704 -0.001696 0.563900 0.825814
1718924449.604856014 -10.085812 4.508570 -0.039859 0.006787 -0.001614 0.563404 0.826152
1718924449.609861612 -10.085814 4.510168 -0.040097 0.006929 -0.001445 0.562882 0.826507
1718924449.614910841 -10.085804 4.511784 -0.040350 0.007029 -0.001355 0.562347 0.826871
1718924449.619854927 -10.085784 4.513369 -0.040599 0.007114 -0.001290 0.561807 0.827237
1718924449.624881029 -10.085770 4.514984 -0.040848 0.007201 -0.001209 0.561245 0.827618
1718924449.629842043 -10.085766 4.516577 -0.041095 0.007253 -0.001114 0.560708 0.827981
1718924449.634817123 -10.085765 4.518170 -0.041337 0.007328 -0.000991 0.560168 0.828346
1718924449.639812946 -10.085757 4.519770 -0.041555 0.007447 -0.000880 0.559589 0.828736
1718924449.644820452 -10.085733 4.521376 -0.041744 0.007612 -0.000779 0.558960 0.829160
1718924449.649820328 -10.085690 4.522977 -0.041919 0.007745 -0.000699 0.558283 0.829614
1718924449.654823065 -10.085630 4.524576 -0.042098 0.007790 -0.000622 0.557584 0.830084
1718924449.659811020 -10.085555 4.526166 -0.042283 0.007706 -0.000583 0.556866 0.830567
1718924449.664823055 -10.085466 4.527753 -0.042476 0.007547 -0.000558 0.556104 0.831078
1718924449.669815540 -10.085358 4.529323 -0.042674 0.007408 -0.000546 0.555287 0.831626
1718924449.674809217 -10.085225 4.530891 -0.042877 0.007315 -0.000596 0.554449 0.832185
1718924449.679812431 -10.085066 4.532467 -0.043095 0.007268 -0.000678 0.553573 0.832769
1718924449.684805870 -10.084883 4.534037 -0.043343 0.007189 -0.000756 0.552643 0.833387
1718924449.689800739 -10.084680 4.535591 -0.043623 0.007029 -0.000817 0.551638 0.834054
1718924449.694814682 -10.084459 4.537139 -0.043933 0.006794 -0.000928 0.550582 0.834753
1718924449.699813366 -10.084219 4.538686 -0.044282 0.006554 -0.001067 0.549500 0.835467
1718924449.699971199 -10.084211 4.538735 -0.044294 0.006548 -0.001071 0.549465 0.835490
1718924449.699971199 -10.084211 4.538735 -0.044294 0.006548 -0.001071 0.549465 0.835490
1718924449.704803228 -10.083956 4.540235 -0.044667 0.006343 -0.001226 0.548401 0.836190
1718924449.709851742 -10.083663 4.541809 -0.045082 0.006173 -0.001408 0.547236 0.836955
1718924449.714802980 -10.083357 4.543354 -0.045510 0.006070 -0.001565 0.546013 0.837753
1718924449.719828129 -10.083033 4.544925 -0.045968 0.005984 -0.001667 0.544723 0.838593
1718924449.764806986 -10.078200 4.559685 -0.049466 0.004357 0.000033 0.531762 0.846883
1718924449.769868135 -10.077405 4.561333 -0.049803 0.004117 0.000184 0.530365 0.847760
1718924449.774850607 -10.076547 4.562948 -0.050121 0.003853 0.000359 0.529046 0.848584
1718924449.779815435 -10.075606 4.564546 -0.050434 0.003630 0.000631 0.527802 0.849359
1718924449.784823179 -10.074578 4.566147 -0.050760 0.003546 0.001098 0.526591 0.850111
1718924449.789811373 -10.073486 4.567726 -0.051106 0.003588 0.001716 0.525395 0.850849
1718924449.794797659 -10.072334 4.569289 -0.051480 0.003672 0.002400 0.524225 0.851568
1718924449.799808025 -10.071125 4.570851 -0.051894 0.003764 0.003089 0.523079 0.852270
1718924449.799957991 -10.071088 4.570898 -0.051907 0.003776 0.003112 0.523046 0.852291
1718924449.799957991 -10.071088 4.570898 -0.051907 0.003776 0.003112 0.523046 0.852291
1718924449.814818144 -10.067241 4.575603 -0.053149 0.005160 0.005603 0.519641 0.854351
1718924449.819831371 -10.065874 4.577181 -0.053479 0.005537 0.006078 0.518552 0.855007
1718924449.824877739 -10.064484 4.578818 -0.053623 0.005758 0.006004 0.517601 0.855582
1718924449.829818487 -10.063149 4.580473 -0.053558 0.005932 0.005624 0.516818 0.856056
1718924449.834810257 -10.061855 4.582182 -0.053354 0.006199 0.005186 0.516141 0.856465
1718924449.839803457 -10.060616 4.583914 -0.053098 0.006698 0.004941 0.515577 0.856803
1718924449.844811678 -10.059411 4.585671 -0.052833 0.007350 0.004859 0.515098 0.857086
1718924449.849796772 -10.058223 4.587419 -0.052577 0.007913 0.004783 0.514677 0.857334
1718924449.854854345 -10.057014 4.589153 -0.052323 0.008235 0.004577 0.514228 0.857602
1718924449.859839916 -10.055797 4.590801 -0.052055 0.008258 0.004209 0.513676 0.857934
1718924449.864844322 -10.054545 4.592402 -0.051768 0.008088 0.003761 0.513002 0.858341
1718924449.869940996 -10.053272 4.593996 -0.051499 0.007978 0.003435 0.512211 0.858816
1718924449.874810457 -10.052081 4.595507 -0.051284 0.008103 0.003316 0.511385 0.859307
1718924449.879802465 -10.050880 4.597054 -0.051084 0.008325 0.003260 0.510480 0.859843
1718924449.884794235 -10.049675 4.598585 -0.050878 0.008508 0.003143 0.509468 0.860442
1718924449.889790297 -10.048457 4.600088 -0.050650 0.008535 0.002855 0.508345 0.861106
1718924449.894797802 -10.047241 4.601570 -0.050415 0.008448 0.002490 0.507121 0.861830
1718924449.899789810 -10.046051 4.603037 -0.050204 0.008367 0.002207 0.505830 0.862590
1718924449.900031805 -10.045994 4.603107 -0.050194 0.008364 0.002197 0.505765 0.862628
1718924449.900031805 -10.045994 4.603107 -0.050194 0.008364 0.002197 0.505765 0.862628
1718924449.904795408 -10.044883 4.604482 -0.050021 0.008313 0.001986 0.504479 0.863381
1718924449.909848213 -10.043701 4.605920 -0.049834 0.008209 0.001768 0.503037 0.864224
1718924449.914825678 -10.042520 4.607308 -0.049637 0.008075 0.001576 0.501527 0.865103
1718924449.954839706 -10.033368 4.618787 -0.047387 0.009048 0.001362 0.488050 0.872768
1718924449.959789753 -10.032257 4.620244 -0.046955 0.009091 0.001314 0.486421 0.873676
1718924449.964844465 -10.031135 4.621733 -0.046501 0.009084 0.001308 0.484771 0.874593
1718924449.969798565 -10.030037 4.623200 -0.046054 0.008967 0.001296 0.483182 0.875473
1718924449.974807024 -10.028929 4.624698 -0.045606 0.008768 0.001240 0.481626 0.876332
1718924449.979809999 -10.027830 4.626207 -0.045173 0.008537 0.001148 0.480132 0.877154
1718924449.984836102 -10.026740 4.627734 -0.044772 0.008317 0.001081 0.478690 0.877944
1718924449.989799500 -10.025684 4.629251 -0.044419 0.008209 0.001078 0.477348 0.878675
1718924449.994824886 -10.024633 4.630795 -0.044092 0.008220 0.001114 0.476019 0.879396
1718924449.999789715 -10.023601 4.632324 -0.043787 0.008283 0.001156 0.474725 0.880094
1718924450.004785538 -10.022564 4.633858 -0.043498 0.008241 0.001130 0.473464 0.880774
1718924450.009792566 -10.021538 4.635394 -0.043250 0.008176 0.001195 0.472309 0.881394
1718924450.014795303 -10.020544 4.636942 -0.043051 0.008159 0.001336 0.471251 0.881960
1718924450.019811153 -10.019577 4.638510 -0.042881 0.008190 0.001520 0.470256 0.882491
1718924450.024842262 -10.018625 4.640088 -0.042731 0.008188 0.001716 0.469314 0.882992
1718924450.029802084 -10.017698 4.641653 -0.042596 0.008175 0.001903 0.468437 0.883457
1718924450.034795046 -10.016783 4.643247 -0.042462 0.008310 0.002127 0.467558 0.883921
1718924450.039851189 -10.015872 4.644879 -0.042316 0.008651 0.002390 0.466634 0.884405
1718924450.044800043 -10.014982 4.646484 -0.042154 0.009077 0.002670 0.465703 0.884890
1718924450.049794436 -10.014083 4.648106 -0.041966 0.009534 0.002952 0.464758 0.885381
1718924450.054795504 -10.013187 4.649732 -0.041762 0.010034 0.003288 0.463795 0.885880
1718924450.059824944 -10.012299 4.651368 -0.041558 0.010552 0.003725 0.462778 0.886404
1718924450.064782858 -10.011431 4.652977 -0.041366 0.010968 0.004188 0.461727 0.886944
1718924450.069788218 -10.010557 4.654599 -0.041185 0.011287 0.004638 0.460623 0.887512
1718924450.074784756 -10.009684 4.656228 -0.041019 0.011662 0.005108 0.459468 0.888103
1718924450.079786777 -10.008807 4.657872 -0.040868 0.012124 0.005617 0.458276 0.888710
1718924450.084780931 -10.007919 4.659516 -0.040726 0.012621 0.006112 0.457039 0.889336
1718924450.089784861 -10.007014 4.661161 -0.040588 0.013097 0.006552 0.455753 0.889986
1718924450.094782352 -10.006091 4.662805 -0.040458 0.013518 0.006975 0.454412 0.890662
1718924450.099780560 -10.005153 4.664450 -0.040334 0.013836 0.007363 0.453024 0.891361
1718924450.099999905 -10.005112 4.664522 -0.040330 0.013849 0.007381 0.452961 0.891392
1718924450.099999905 -10.005112 4.664522 -0.040330 0.013849 0.007381 0.452961 0.891392
1718924450.104792833 -10.004184 4.666101 -0.040205 0.014088 0.007713 0.451595 0.892079
1718924450.109778643 -10.003212 4.667755 -0.040084 0.014369 0.008038 0.450139 0.892807
1718924450.114797115 -10.002226 4.669435 -0.039978 0.014683 0.008344 0.448666 0.893540
1718924450.199902058 -9.990069 4.699715 -0.039131 0.010906 0.001166 0.427743 0.903834
1718924450.199902058 -9.990069 4.699715 -0.039131 0.010906 0.001166 0.427743 0.903834
1718924450.209828377 -9.989375 4.703448 -0.039118 0.010478 0.000358 0.425274 0.905004
1718924450.214832544 -9.989083 4.705342 -0.039115 0.010295 -0.000118 0.423988 0.905609
1718924450.219820738 -9.988838 4.707251 -0.039124 0.010141 -0.000616 0.422671 0.906226
1718924450.224803209 -9.988639 4.709176 -0.039122 0.009997 -0.001112 0.421356 0.906839
1718924450.229776859 -9.988470 4.711101 -0.039066 0.009913 -0.001460 0.420025 0.907457
1718924450.234788656 -9.988303 4.713032 -0.038934 0.009784 -0.001739 0.418694 0.908073
1718924450.239786625 -9.988121 4.714957 -0.038749 0.009663 -0.001989 0.417376 0.908681
1718924450.244830847 -9.987925 4.716920 -0.038530 0.009570 -0.002179 0.416094 0.909269
1718924450.249783993 -9.987739 4.718870 -0.038294 0.009512 -0.002283 0.414901 0.909814
1718924450.254807949 -9.987571 4.720857 -0.038038 0.009367 -0.002350 0.413770 0.910330
1718924450.259791851 -9.987405 4.722818 -0.037752 0.009014 -0.002502 0.412679 0.910829
1718924450.264783382 -9.987214 4.724763 -0.037407 0.008467 -0.002778 0.411626 0.911309
1718924450.269768476 -9.986997 4.726686 -0.036998 0.007871 -0.003050 0.410580 0.911786
1718924450.274812937 -9.986770 4.728606 -0.036553 0.007404 -0.003150 0.409472 0.912287
1718924450.279779673 -9.986557 4.730474 -0.036114 0.007170 -0.003061 0.408320 0.912805
1718924450.284774542 -9.986349 4.732337 -0.035671 0.007113 -0.002891 0.407099 0.913352
1718924450.289816618 -9.986139 4.734202 -0.035216 0.007105 -0.002757 0.405796 0.913932
1718924450.294812679 -9.985930 4.736022 -0.034768 0.007009 -0.002769 0.404433 0.914537
1718924450.299781084 -9.985719 4.737796 -0.034338 0.006807 -0.002934 0.403003 0.915168
1718924450.300001144 -9.985710 4.737874 -0.034319 0.006799 -0.002943 0.402937 0.915198
1718924450.300001144 -9.985710 4.737874 -0.034319 0.006799 -0.002943 0.402937 0.915198
1718924450.304774761 -9.985502 4.739541 -0.033919 0.006594 -0.003166 0.401502 0.915829
1718924450.309772253 -9.985288 4.741274 -0.033532 0.006508 -0.003364 0.399920 0.916521
1718924450.314782381 -9.985084 4.742999 -0.033165 0.006585 -0.003513 0.398256 0.917244
1718924450.359814882 -9.982848 4.758799 -0.030226 0.005315 -0.003892 0.382280 0.924023
1718924450.364804983 -9.982522 4.760609 -0.029913 0.005144 -0.003929 0.380517 0.924751
1718924450.369769335 -9.982194 4.762426 -0.029629 0.004893 -0.003941 0.378772 0.925469
1718924450.374769688 -9.981847 4.764265 -0.029374 0.004440 -0.003968 0.377025 0.926184
1718924450.379769087 -9.981478 4.766096 -0.029151 0.003728 -0.004060 0.375279 0.926896
1718924450.384781361 -9.981098 4.767925 -0.028987 0.002943 -0.004149 0.373555 0.927594
1718924450.389754295 -9.980732 4.769753 -0.028906 0.002418 -0.004042 0.371921 0.928253
1718924450.394746065 -9.980378 4.771615 -0.028890 0.002233 -0.003784 0.370341 0.928885
1718924450.399740458 -9.980022 4.773497 -0.028901 0.002145 -0.003594 0.368846 0.929481
1718924450.399982214 -9.980004 4.773588 -0.028902 0.002137 -0.003588 0.368779 0.929508
1718924450.399982214 -9.980004 4.773588 -0.028902 0.002137 -0.003588 0.368779 0.929508
1718924450.404737473 -9.979634 4.775387 -0.028909 0.001985 -0.003462 0.367458 0.930032
1718924450.409733772 -9.979214 4.777285 -0.028893 0.001686 -0.003451 0.366234 0.930515
1718924450.414749384 -9.978780 4.779212 -0.028845 0.001363 -0.003509 0.365138 0.930946
1718924450.419814587 -9.978346 4.781175 -0.028769 0.001060 -0.003594 0.364149 0.931333
1718924450.424766779 -9.977918 4.783097 -0.028679 0.000742 -0.003720 0.363286 0.931670
1718924450.429730892 -9.977473 4.785018 -0.028585 0.000467 -0.003876 0.362469 0.931988
1718924450.434726000 -9.977012 4.786950 -0.028495 0.000278 -0.004048 0.361658 0.932302
1718924450.439719439 -9.976543 4.788874 -0.028415 0.000114 -0.004187 0.360867 0.932608
1718924450.444714785 -9.976065 4.790781 -0.028350 -0.000102 -0.004299 0.360060 0.932919
1718924450.449703932 -9.975580 4.792672 -0.028294 -0.000350 -0.004405 0.359212 0.933245
1718924450.454711437 -9.975086 4.794572 -0.028248 -0.000507 -0.004477 0.358278 0.933604
1718924450.459700823 -9.974584 4.796468 -0.028213 -0.000639 -0.004554 0.357248 0.933998
1718924450.464744329 -9.974060 4.798366 -0.028177 -0.000853 -0.004652 0.356096 0.934437
1718924450.469698191 -9.973521 4.800194 -0.028134 -0.001217 -0.004804 0.354872 0.934902
1718924450.474765778 -9.972944 4.802034 -0.028081 -0.001609 -0.004993 0.353568 0.935394
1718924450.479690075 -9.972361 4.803806 -0.028027 -0.001945 -0.005203 0.352244 0.935892
1718924450.484680176 -9.971752 4.805592 -0.027982 -0.002265 -0.005441 0.350821 0.936424
1718924450.489673376 -9.971122 4.807369 -0.027956 -0.002587 -0.005693 0.349320 0.936983
1718924450.494670391 -9.970469 4.809136 -0.027953 -0.002955 -0.005961 0.347768 0.937557
1718924450.499663830 -9.969799 4.810888 -0.027979 -0.003337 -0.006198 0.346186 0.938139
1718924450.499990225 -9.969754 4.811001 -0.027982 -0.003362 -0.006210 0.346082 0.938178
1718924450.499990225 -9.969754 4.811001 -0.027982 -0.003362 -0.006210 0.346082 0.938178
1718924450.504699945 -9.969109 4.812635 -0.028039 -0.003734 -0.006396 0.344586 0.938726
1718924450.509654284 -9.968409 4.814340 -0.028115 -0.004119 -0.006533 0.343000 0.939304
1718924450.514704704 -9.967670 4.816062 -0.028198 -0.004480 -0.006607 0.341386 0.939889
1718924450.554672003 -9.960477 4.828680 -0.029213 -0.002728 -0.003215 0.332805 0.942986
1718924450.559628010 -9.959341 4.830103 -0.029340 -0.002606 -0.002862 0.331799 0.943342
1718924450.564684391 -9.958127 4.831510 -0.029486 -0.002569 -0.002525 0.330805 0.943692
1718924450.569707155 -9.956867 4.832869 -0.029653 -0.002515 -0.002207 0.329817 0.944039
1718924450.574686766 -9.955573 4.834181 -0.029841 -0.002310 -0.001837 0.328808 0.944392
1718924450.579681635 -9.954233 4.835455 -0.030053 -0.001944 -0.001378 0.327749 0.944762
1718924450.584668636 -9.952847 4.836678 -0.030282 -0.001488 -0.000843 0.326661 0.945140
1718924450.589637756 -9.951417 4.837858 -0.030523 -0.000959 -0.000251 0.325557 0.945522
1718924450.594623566 -9.949940 4.839007 -0.030782 -0.000436 0.000404 0.324412 0.945916
1718924450.599621296 -9.948424 4.840125 -0.031072 0.000017 0.001119 0.323210 0.946327
1718924450.599970818 -9.948317 4.840202 -0.031094 0.000043 0.001171 0.323124 0.946356
1718924450.599970818 -9.948317 4.840202 -0.031094 0.000043 0.001171 0.323124 0.946356
1718924450.604664326 -9.946854 4.841225 -0.031389 0.000386 0.001876 0.321956 0.946753
1718924450.609618425 -9.945272 4.842294 -0.031667 0.000630 0.002478 0.320707 0.947175
1718924450.614683867 -9.943620 4.843408 -0.031810 0.000604 0.002654 0.319497 0.947583
1718924450.619649410 -9.941996 4.844552 -0.031755 0.000402 0.002413 0.318409 0.947950
1718924450.624721050 -9.940373 4.845777 -0.031533 0.000225 0.001969 0.317372 0.948299
1718924450.629743099 -9.938829 4.847044 -0.031232 0.000267 0.001609 0.316413 0.948620
1718924450.634628296 -9.937396 4.848334 -0.030933 0.000616 0.001489 0.315558 0.948905
1718924450.639676571 -9.935974 4.849728 -0.030649 0.001186 0.001517 0.314755 0.949171
1718924450.644666195 -9.934607 4.851153 -0.030384 0.001727 0.001570 0.314035 0.949409
1718924450.649688482 -9.933254 4.852607 -0.030112 0.001948 0.001487 0.313357 0.949632
1718924450.654676914 -9.931923 4.854046 -0.029827 0.001797 0.001219 0.312678 0.949857
1718924450.659685373 -9.930606 4.855479 -0.029537 0.001422 0.000835 0.311973 0.950090
1718924450.664695263 -9.929320 4.856912 -0.029267 0.001114 0.000458 0.311245 0.950329
1718924450.669697046 -9.928080 4.858366 -0.029036 0.001100 0.000201 0.310521 0.950566
1718924450.674679756 -9.926892 4.859861 -0.028845 0.001435 0.000127 0.309827 0.950792
1718924450.679640055 -9.925752 4.861404 -0.028677 0.001977 0.000191 0.309160 0.951008
1718924450.684674740 -9.924627 4.863012 -0.028490 0.002449 0.000270 0.308492 0.951224
1718924450.689659119 -9.923535 4.864627 -0.028256 0.002631 0.000260 0.307818 0.951442
1718924450.694614887 -9.922460 4.866241 -0.027979 0.002550 0.000110 0.307136 0.951662
1718924450.699660540 -9.921378 4.867895 -0.027681 0.002378 -0.000143 0.306420 0.951894
1718924450.699942350 -9.921319 4.867987 -0.027665 0.002373 -0.000158 0.306379 0.951907
1718924450.699942350 -9.921319 4.867987 -0.027665 0.002373 -0.000158 0.306379 0.951907
1718924450.704655409 -9.920328 4.869545 -0.027402 0.002288 -0.000403 0.305695 0.952127
1718924450.709670544 -9.919295 4.871211 -0.027149 0.002311 -0.000639 0.304933 0.952371
1718924450.714618444 -9.918289 4.872851 -0.026922 0.002327 -0.000877 0.304132 0.952627
1718924450.719619513 -9.917277 4.874496 -0.026698 0.002214 -0.001142 0.303264 0.952903
1718924450.754670143 -9.910217 4.885684 -0.024896 -0.000421 -0.002246 0.296629 0.954990
1718924450.759709120 -9.909210 4.887258 -0.024612 -0.000794 -0.002389 0.295669 0.955287
1718924450.764678717 -9.908233 4.888815 -0.024327 -0.001133 -0.002499 0.294728 0.955577
1718924450.769637585 -9.907270 4.890374 -0.024038 -0.001462 -0.002603 0.293775 0.955870
1718924450.774624348 -9.906306 4.891943 -0.023739 -0.001801 -0.002736 0.292806 0.956166
1718924450.779639244 -9.905337 4.893518 -0.023442 -0.002119 -0.002872 0.291808 0.956470
1718924450.784677029 -9.904367 4.895100 -0.023162 -0.002367 -0.002973 0.290760 0.956788
1718924450.789660931 -9.903419 4.896673 -0.022908 -0.002494 -0.003020 0.289708 0.957107
1718924450.794633865 -9.902485 4.898253 -0.022676 -0.002514 -0.003028 0.288660 0.957424
1718924450.799660206 -9.901549 4.899854 -0.022450 -0.002521 -0.003048 0.287587 0.957746
1718924450.799998999 -9.901486 4.899962 -0.022435 -0.002525 -0.003050 0.287513 0.957769
1718924450.799998999 -9.901486 4.899962 -0.022435 -0.002525 -0.003050 0.287513 0.957769
1718924450.804656506 -9.900630 4.901446 -0.022214 -0.002577 -0.003089 0.286495 0.958073
1718924450.809662342 -9.899714 4.903042 -0.021979 -0.002657 -0.003163 0.285385 0.958404
1718924450.814636707 -9.898808 4.904634 -0.021744 -0.002760 -0.003243 0.284293 0.958728
1718924450.819644213 -9.897898 4.906249 -0.021510 -0.002818 -0.003292 0.283218 0.959046
1718924450.824687958 -9.896984 4.907890 -0.021275 -0.002783 -0.003312 0.282144 0.959362
1718924450.829617739 -9.896096 4.909507 -0.021043 -0.002704 -0.003306 0.281107 0.959667
1718924450.834620476 -9.895200 4.911162 -0.020800 -0.002621 -0.003283 0.280072 0.959970
1718924450.839674473 -9.894302 4.912843 -0.020540 -0.002591 -0.003279 0.279044 0.960269
1718924450.844617128 -9.893433 4.914492 -0.020278 -0.002644 -0.003312 0.278061 0.960554
1718924450.849617958 -9.892560 4.916166 -0.020018 -0.002725 -0.003356 0.277101 0.960831
1718924450.854623556 -9.891694 4.917848 -0.019763 -0.002808 -0.003400 0.276169 0.961099
1718924450.859623909 -9.890835 4.919536 -0.019511 -0.002883 -0.003444 0.275287 0.961352
1718924450.864665747 -9.889977 4.921249 -0.019265 -0.002946 -0.003476 0.274447 0.961591
1718924450.869643211 -9.889138 4.922952 -0.019030 -0.002992 -0.003506 0.273667 0.961813
1718924450.874616623 -9.888302 4.924669 -0.018796 -0.003035 -0.003542 0.272920 0.962026
1718924450.879626989 -9.887462 4.926410 -0.018556 -0.003073 -0.003593 0.272207 0.962227
1718924450.884616137 -9.886630 4.928153 -0.018318 -0.003083 -0.003631 0.271538 0.962416
1718924450.889619827 -9.885799 4.929909 -0.018081 -0.003037 -0.003655 0.270914 0.962592
1718924450.894614935 -9.884969 4.931674 -0.017846 -0.002890 -0.003676 0.270356 0.962749
1718924450.899619102 -9.884142 4.933465 -0.017611 -0.002603 -0.003686 0.269879 0.962884
1718924450.899971008 -9.884083 4.933592 -0.017595 -0.002575 -0.003686 0.269850 0.962892
1718924450.899971008 -9.884083 4.933592 -0.017595 -0.002575 -0.003686 0.269850 0.962892
1718924450.900032043 -9.851365 4.902372 -0.036453 0.003517 -0.004405 0.269218 0.963063
1718924450.900032043 -9.851365 4.902372 -0.036453 0.003517 -0.004405 0.269218 0.963063
1718924450.904656649 -9.850564 4.903142 -0.036184 0.003894 -0.004401 0.268834 0.963169
1718924450.909610271 -9.849707 4.903983 -0.035887 0.004312 -0.004400 0.268482 0.963265
1718924450.914634705 -9.848836 4.904844 -0.035568 0.004649 -0.004430 0.268192 0.963344
1718924450.959612846 -9.840765 4.912429 -0.033641 0.007397 -0.004811 0.265732 0.964007
1718924450.964659452 -9.839831 4.913256 -0.033552 0.007642 -0.004887 0.265407 0.964094
1718924450.969614267 -9.838903 4.914064 -0.033473 0.007845 -0.004973 0.265046 0.964191
1718924450.974683046 -9.837948 4.914891 -0.033398 0.008038 -0.005050 0.264662 0.964294
1718924450.979616404 -9.837016 4.915696 -0.033325 0.008211 -0.005099 0.264267 0.964401
1718924450.984616041 -9.836066 4.916511 -0.033244 0.008368 -0.005131 0.263828 0.964520
1718924450.989658594 -9.835099 4.917332 -0.033154 0.008516 -0.005149 0.263365 0.964645
1718924450.994612217 -9.834143 4.918142 -0.033060 0.008655 -0.005167 0.262915 0.964766
1718924450.999635458 -9.833170 4.918969 -0.032964 0.008811 -0.005173 0.262473 0.964885
1718924451.004662991 -9.832192 4.919804 -0.032872 0.008985 -0.005176 0.262030 0.965004
1718924451.009608269 -9.831227 4.920635 -0.032784 0.009165 -0.005183 0.261606 0.965117
1718924451.014624357 -9.830245 4.921487 -0.032696 0.009338 -0.005207 0.261203 0.965225
1718924451.019635916 -9.829260 4.922350 -0.032608 0.009509 -0.005248 0.260833 0.965323
1718924451.024617910 -9.828276 4.923219 -0.032521 0.009705 -0.005298 0.260491 0.965413
1718924451.029619217 -9.827284 4.924100 -0.032434 0.009885 -0.005350 0.260179 0.965495
1718924451.034624815 -9.826289 4.924986 -0.032345 0.010046 -0.005374 0.259916 0.965564
1718924451.039615870 -9.825292 4.925873 -0.032254 0.010187 -0.005389 0.259702 0.965620
1718924451.044609785 -9.824288 4.926768 -0.032162 0.010342 -0.005409 0.259526 0.965666
1718924451.049615622 -9.823276 4.927675 -0.032070 0.010509 -0.005428 0.259377 0.965704
1718924451.054625034 -9.822256 4.928585 -0.031975 0.010654 -0.005451 0.259252 0.965735
1718924451.059656143 -9.821226 4.929497 -0.031877 0.010765 -0.005469 0.259148 0.965762
1718924451.064607143 -9.820207 4.930390 -0.031781 0.010853 -0.005475 0.259057 0.965786
1718924451.069619656 -9.819167 4.931289 -0.031683 0.010954 -0.005471 0.258981 0.965805
1718924451.074610710 -9.818122 4.932180 -0.031583 0.011047 -0.005475 0.258922 0.965819
1718924451.079614401 -9.817065 4.933064 -0.031483 0.011098 -0.005491 0.258854 0.965837
1718924451.084609270 -9.816002 4.933936 -0.031382 0.011097 -0.005520 0.258777 0.965858
1718924451.089603424 -9.814929 4.934800 -0.031277 0.011074 -0.005556 0.258687 0.965882
1718924451.094633579 -9.813838 4.935665 -0.031171 0.011038 -0.005588 0.258581 0.965910
1718924451.099645138 -9.812744 4.936522 -0.031067 0.010973 -0.005601 0.258445 0.965947
1718924451.099961042 -9.812674 4.936576 -0.031060 0.010967 -0.005601 0.258435 0.965950
1718924451.099961042 -9.812674 4.936576 -0.031060 0.010967 -0.005601 0.258435 0.965950
1718924451.104653120 -9.811646 4.937369 -0.030964 0.010883 -0.005594 0.258278 0.965993
1718924451.109647751 -9.810546 4.938207 -0.030861 0.010784 -0.005572 0.258065 0.966051
1718924451.114628792 -9.809442 4.939039 -0.030762 0.010695 -0.005537 0.257816 0.966119
1718924451.169617176 -9.797748 4.948931 -0.029602 0.010976 -0.005604 0.252904 0.967413
1718924451.174612761 -9.796714 4.949902 -0.029439 0.010966 -0.005627 0.252501 0.967518
1718924451.179614782 -9.795687 4.950890 -0.029271 0.010954 -0.005657 0.252126 0.967616
1718924451.184651852 -9.794661 4.951900 -0.029095 0.010956 -0.005679 0.251800 0.967700
1718924451.189607620 -9.793657 4.952908 -0.028915 0.010982 -0.005686 0.251533 0.967770
1718924451.194624662 -9.792647 4.953942 -0.028722 0.011034 -0.005683 0.251314 0.967826
1718924451.199610233 -9.791649 4.954983 -0.028521 0.011102 -0.005676 0.251146 0.967869
1718924451.199990034 -9.791574 4.955063 -0.028506 0.011106 -0.005676 0.251136 0.967871
1718924451.199990034 -9.791574 4.955063 -0.028506 0.011106 -0.005676 0.251136 0.967871
1718924451.204627037 -9.790653 4.956041 -0.028310 0.011166 -0.005680 0.251021 0.967900
1718924451.209613800 -9.789669 4.957103 -0.028099 0.011202 -0.005685 0.250952 0.967918
1718924451.214628935 -9.788688 4.958178 -0.027886 0.011215 -0.005697 0.250921 0.967926
1718924451.219633579 -9.787715 4.959257 -0.027676 0.011209 -0.005709 0.250917 0.967927
1718924451.224691868 -9.786736 4.960356 -0.027466 0.011200 -0.005721 0.250938 0.967921
1718924451.229685307 -9.785773 4.961450 -0.027264 0.011224 -0.005735 0.250996 0.967906
1718924451.234655619 -9.784815 4.962548 -0.027068 0.011287 -0.005750 0.251067 0.967887
1718924451.239705086 -9.783842 4.963669 -0.026873 0.011379 -0.005763 0.251129 0.967870
1718924451.244634628 -9.782891 4.964765 -0.026686 0.011466 -0.005772 0.251179 0.967855
1718924451.249625683 -9.781927 4.965872 -0.026497 0.011544 -0.005770 0.251214 0.967845
1718924451.254615784 -9.780960 4.966978 -0.026306 0.011590 -0.005764 0.251234 0.967840
1718924451.259631872 -9.779983 4.968085 -0.026109 0.011582 -0.005773 0.251224 0.967843
1718924451.264615059 -9.779005 4.969180 -0.025906 0.011535 -0.005787 0.251174 0.967856
1718924451.269622564 -9.778015 4.970276 -0.025698 0.011490 -0.005805 0.251091 0.967878
1718924451.274613380 -9.777022 4.971365 -0.025495 0.011476 -0.005821 0.250968 0.967910
1718924451.279615164 -9.776020 4.972452 -0.025302 0.011503 -0.005837 0.250802 0.967953
1718924451.284648657 -9.775005 4.973542 -0.025120 0.011551 -0.005852 0.250598 0.968005
1718924451.289604902 -9.773998 4.974609 -0.024948 0.011582 -0.005874 0.250366 0.968064
1718924451.294651747 -9.772963 4.975690 -0.024777 0.011569 -0.005909 0.250109 0.968131
1718924451.299643993 -9.771928 4.976752 -0.024608 0.011515 -0.005961 0.249837 0.968201
1718924451.299983978 -9.771857 4.976824 -0.024596 0.011509 -0.005964 0.249817 0.968206
1718924451.299983978 -9.771857 4.976824 -0.024596 0.011509 -0.005964 0.249817 0.968206
1718924451.304610252 -9.770890 4.977798 -0.024443 0.011430 -0.006006 0.249552 0.968275
1718924451.309614420 -9.769837 4.978845 -0.024272 0.011364 -0.006036 0.249254 0.968353
1718924451.314625025 -9.768775 4.979886 -0.024098 0.011337 -0.006036 0.248919 0.968439
1718924451.359677792 -9.759025 4.989249 -0.022630 0.010491 -0.005906 0.246286 0.969122
1718924451.364677668 -9.757922 4.990296 -0.022468 0.010401 -0.005884 0.246005 0.969195
1718924451.369666100 -9.756822 4.991346 -0.022306 0.010314 -0.005866 0.245741 0.969263
1718924451.374668598 -9.755722 4.992406 -0.022144 0.010230 -0.005855 0.245512 0.969322
1718924451.379695415 -9.754619 4.993479 -0.021981 0.010146 -0.005856 0.245308 0.969374
1718924451.384671450 -9.753525 4.994547 -0.021819 0.010058 -0.005853 0.245125 0.969422
1718924451.389650822 -9.752429 4.995619 -0.021656 0.009959 -0.005842 0.244960 0.969464
1718924451.394657612 -9.751325 4.996699 -0.021495 0.009842 -0.005817 0.244813 0.969503
1718924451.399644375 -9.750221 4.997776 -0.021339 0.009722 -0.005778 0.244672 0.969540
1718924451.399985075 -9.750146 4.997850 -0.021328 0.009714 -0.005775 0.244663 0.969542
1718924451.399985075 -9.750146 4.997850 -0.021328 0.009714 -0.005775 0.244663 0.969542
1718924451.404652357 -9.749110 4.998854 -0.021185 0.009608 -0.005742 0.244542 0.969574
1718924451.409645081 -9.747998 4.999928 -0.021033 0.009487 -0.005718 0.244418 0.969607
1718924451.414685488 -9.746873 5.001013 -0.020880 0.009366 -0.005708 0.244289 0.969640
1718924451.419643641 -9.745763 5.002081 -0.020728 0.009250 -0.005709 0.244167 0.969672
1718924451.424666166 -9.744641 5.003164 -0.020574 0.009132 -0.005710 0.244044 0.969704
1718924451.429711580 -9.743518 5.004254 -0.020416 0.009039 -0.005704 0.243924 0.969735
1718924451.434624434 -9.742427 5.005319 -0.020259 0.008966 -0.005698 0.243795 0.969769
1718924451.439624310 -9.741319 5.006405 -0.020098 0.008883 -0.005696 0.243649 0.969806
1718924451.444650412 -9.740203 5.007499 -0.019933 0.008771 -0.005694 0.243513 0.969841
1718924451.449694872 -9.739080 5.008598 -0.019763 0.008643 -0.005703 0.243372 0.969878
1718924451.454651833 -9.737972 5.009677 -0.019587 0.008505 -0.005719 0.243227 0.969915
1718924451.459659815 -9.736846 5.010761 -0.019403 0.008327 -0.005746 0.243065 0.969957
1718924451.464654922 -9.735717 5.011834 -0.019214 0.008112 -0.005765 0.242886 0.970004
1718924451.469624281 -9.734591 5.012894 -0.019028 0.007885 -0.005773 0.242680 0.970057
1718924451.474651098 -9.733448 5.013963 -0.018844 0.007678 -0.005761 0.242441 0.970119
1718924451.479689837 -9.732301 5.015035 -0.018669 0.007515 -0.005735 0.242172 0.970187
1718924451.484659433 -9.731169 5.016096 -0.018504 0.007383 -0.005698 0.241893 0.970258
1718924451.489643097 -9.730030 5.017163 -0.018340 0.007268 -0.005670 0.241579 0.970337
1718924451.494647741 -9.728880 5.018234 -0.018178 0.007148 -0.005668 0.241226 0.970426
1718924451.499645472 -9.727727 5.019297 -0.018015 0.006997 -0.005686 0.240852 0.970520
1718924451.499987125 -9.727648 5.019370 -0.018004 0.006984 -0.005688 0.240824 0.970527
1718924451.499987125 -9.727648 5.019370 -0.018004 0.006984 -0.005688 0.240824 0.970527
1718924451.504648924 -9.726570 5.020357 -0.017849 0.006807 -0.005714 0.240452 0.970620
1718924451.509645700 -9.725412 5.021408 -0.017678 0.006580 -0.005751 0.240032 0.970726
1718924451.514684916 -9.724240 5.022461 -0.017500 0.006341 -0.005787 0.239588 0.970837
1718924451.549671173 -9.716173 5.029698 -0.016404 0.005178 -0.005832 0.236260 0.971658
1718924451.554652691 -9.715031 5.030719 -0.016222 0.004985 -0.005849 0.235783 0.971775
1718924451.559671164 -9.713878 5.031751 -0.016036 0.004827 -0.005877 0.235296 0.971894
1718924451.564657927 -9.712729 5.032781 -0.015854 0.004714 -0.005903 0.234804 0.972013
1718924451.569627047 -9.711580 5.033813 -0.015680 0.004635 -0.005921 0.234313 0.972132
1718924451.574622393 -9.710422 5.034855 -0.015508 0.004579 -0.005936 0.233840 0.972246
1718924451.579621792 -9.709261 5.035903 -0.015336 0.004524 -0.005940 0.233388 0.972355
1718924451.584662676 -9.708087 5.036962 -0.015160 0.004451 -0.005949 0.232955 0.972459
1718924451.589648962 -9.706921 5.038011 -0.014980 0.004358 -0.005961 0.232548 0.972557
1718924451.594648361 -9.705748 5.039064 -0.014790 0.004279 -0.005980 0.232157 0.972650
1718924451.599645853 -9.704570 5.040121 -0.014590 0.004241 -0.006008 0.231795 0.972737
1718924451.599984884 -9.704490 5.040193 -0.014576 0.004243 -0.006010 0.231771 0.972742
1718924451.599984884 -9.704490 5.040193 -0.014576 0.004243 -0.006010 0.231771 0.972742
1718924451.604650259 -9.703389 5.041180 -0.014372 0.004266 -0.006038 0.231453 0.972818
1718924451.609650135 -9.702203 5.042243 -0.014155 0.004312 -0.006069 0.231146 0.972891
1718924451.614693165 -9.700999 5.043317 -0.013937 0.004350 -0.006104 0.230885 0.972952
1718924451.619637251 -9.699811 5.044371 -0.013723 0.004390 -0.006138 0.230657 0.973006
1718924451.624670506 -9.698594 5.045448 -0.013507 0.004441 -0.006182 0.230453 0.973054
1718924451.629642725 -9.697381 5.046516 -0.013298 0.004511 -0.006236 0.230285 0.973093
1718924451.634661436 -9.696145 5.047595 -0.013087 0.004636 -0.006287 0.230124 0.973130
1718924451.639619589 -9.694911 5.048661 -0.012876 0.004824 -0.006335 0.229970 0.973165
1718924451.644649506 -9.693648 5.049741 -0.012655 0.005055 -0.006368 0.229822 0.973199
1718924451.649654865 -9.692380 5.050814 -0.012429 0.005305 -0.006375 0.229689 0.973229
1718924451.654672861 -9.691102 5.051886 -0.012196 0.005573 -0.006345 0.229549 0.973261
1718924451.659659147 -9.689821 5.052944 -0.011962 0.005824 -0.006277 0.229398 0.973295
1718924451.664658308 -9.688527 5.053991 -0.011731 0.005986 -0.006204 0.229234 0.973333
1718924451.669670582 -9.687217 5.055017 -0.011509 0.006055 -0.006126 0.229031 0.973381
1718924451.674639225 -9.685910 5.056016 -0.011307 0.006146 -0.006045 0.228793 0.973437
1718924451.679634094 -9.684589 5.057016 -0.011132 0.006369 -0.005937 0.228517 0.973501
1718924451.684649229 -9.683257 5.058016 -0.010979 0.006644 -0.005845 0.228212 0.973571
1718924451.689613342 -9.681929 5.058993 -0.010840 0.006884 -0.005765 0.227898 0.973644
1718924451.694609880 -9.680579 5.059956 -0.010710 0.007058 -0.005697 0.227567 0.973720
1718924451.699614048 -9.679211 5.060907 -0.010578 0.007196 -0.005643 0.227232 0.973798
1718924451.700011015 -9.679102 5.060982 -0.010567 0.007204 -0.005638 0.227206 0.973804
1718924451.700011015 -9.679102 5.060982 -0.010567 0.007204 -0.005638 0.227206 0.973804
1718924451.704609871 -9.677831 5.061848 -0.010447 0.007293 -0.005580 0.226900 0.973875
1718924451.709605932 -9.676443 5.062777 -0.010312 0.007337 -0.005504 0.226570 0.973952
1718924451.714615345 -9.675043 5.063692 -0.010175 0.007375 -0.005417 0.226203 0.974037
1718924451.719658375 -9.673624 5.064601 -0.010040 0.007501 -0.005319 0.225780 0.974135
1718924451.799612045 -9.649150 5.077424 -0.012228 0.009636 -0.003880 0.208916 0.977878
1718924451.799972057 -9.649033 5.077477 -0.012253 0.009643 -0.003875 0.208841 0.977894
1718924451.799972057 -9.649033 5.077477 -0.012253 0.009643 -0.003875 0.208841 0.977894
1718924451.804608583 -9.647532 5.078134 -0.012602 0.009734 -0.003816 0.207887 0.978097
1718924451.809654951 -9.645883 5.078834 -0.013013 0.009773 -0.003755 0.206847 0.978317
1718924451.814676523 -9.644227 5.079518 -0.013461 0.009751 -0.003707 0.205812 0.978536
1718924451.819638729 -9.642575 5.080187 -0.013941 0.009690 -0.003678 0.204787 0.978752
1718924451.824635029 -9.640896 5.080848 -0.014454 0.009566 -0.003638 0.203732 0.978973
1718924451.829660177 -9.639186 5.081489 -0.014985 0.009343 -0.003586 0.202642 0.979202
1718924451.834683418 -9.637453 5.082099 -0.015517 0.008989 -0.003533 0.201495 0.979442
1718924451.839666605 -9.635710 5.082677 -0.016044 0.008533 -0.003489 0.200272 0.979697
1718924451.844615698 -9.633957 5.083233 -0.016565 0.008079 -0.003452 0.198991 0.979962
1718924451.849674225 -9.632147 5.083796 -0.017091 0.007758 -0.003423 0.197609 0.980244
1718924451.854682207 -9.630349 5.084356 -0.017620 0.007655 -0.003375 0.196162 0.980536
1718924451.859668255 -9.628562 5.084920 -0.018175 0.007814 -0.003257 0.194649 0.980836
1718924451.864668131 -9.626773 5.085491 -0.018764 0.008284 -0.003035 0.193039 0.981151
1718924451.869661808 -9.624981 5.086054 -0.019372 0.008806 -0.002802 0.191313 0.981486
1718924451.874628782 -9.623182 5.086591 -0.020005 0.009231 -0.002490 0.189510 0.981832
1718924451.879628420 -9.621343 5.087100 -0.020666 0.009431 -0.002146 0.187634 0.982191
1718924451.884621859 -9.619465 5.087577 -0.021278 0.009380 -0.001919 0.185716 0.982557
1718924451.889612675 -9.617543 5.088040 -0.021760 0.009116 -0.001951 0.183873 0.982906
1718924451.894607306 -9.615584 5.088524 -0.022078 0.008754 -0.002186 0.182237 0.983213
1718924451.899611950 -9.613610 5.089056 -0.022243 0.008462 -0.002513 0.180889 0.983464
1718924451.900024891 -9.613447 5.089103 -0.022250 0.008458 -0.002538 0.180800 0.983480
1718924451.900024891 -9.613447 5.089103 -0.022250 0.008458 -0.002538 0.180800 0.983480
1718924451.904615641 -9.611647 5.089659 -0.022279 0.008415 -0.002815 0.179817 0.983660
1718924451.909672976 -9.609690 5.090346 -0.022229 0.008674 -0.003051 0.178949 0.983815
1718924451.914669514 -9.607777 5.091083 -0.022129 0.008979 -0.003258 0.178254 0.983938
1718924451.959650278 -9.591944 5.098088 -0.021947 0.007987 -0.005553 0.169950 0.985405
1718924451.964643002 -9.590315 5.098907 -0.022008 0.007990 -0.005771 0.168906 0.985583
1718924451.969652176 -9.588701 5.099719 -0.022073 0.008060 -0.005951 0.167794 0.985771
1718924451.974637747 -9.587110 5.100501 -0.022137 0.008089 -0.006113 0.166601 0.985972
1718924451.979667664 -9.585513 5.101262 -0.022184 0.008010 -0.006315 0.165302 0.986190
1718924451.984634399 -9.583940 5.101998 -0.022202 0.007898 -0.006579 0.163966 0.986412
1718924451.989616156 -9.582373 5.102735 -0.022204 0.007849 -0.006860 0.162583 0.986640
1718924451.994610786 -9.580824 5.103472 -0.022212 0.007876 -0.007082 0.161140 0.986875
1718924451.999609470 -9.579294 5.104192 -0.022228 0.007874 -0.007266 0.159626 0.987119
1718924452.004644871 -9.577760 5.104891 -0.022264 0.007805 -0.007426 0.158035 0.987375
1718924452.009641171 -9.576241 5.105563 -0.022325 0.007750 -0.007560 0.156430 0.987630
1718924452.014685631 -9.574711 5.106227 -0.022394 0.007747 -0.007696 0.154814 0.987883
1718924452.019617796 -9.573221 5.106869 -0.022450 0.007763 -0.007842 0.153235 0.988128
1718924452.024667501 -9.571699 5.107519 -0.022494 0.007748 -0.008011 0.151624 0.988375
1718924452.029617071 -9.570205 5.108159 -0.022520 0.007717 -0.008195 0.150076 0.988610
1718924452.034621477 -9.568688 5.108817 -0.022519 0.007639 -0.008373 0.148580 0.988835
1718924452.039611816 -9.567183 5.109488 -0.022498 0.007559 -0.008487 0.147124 0.989053
1718924452.044668198 -9.565669 5.110177 -0.022470 0.007400 -0.008528 0.145663 0.989270
1718924452.049628973 -9.564186 5.110858 -0.022446 0.007104 -0.008539 0.144265 0.989477
1718924452.054621935 -9.562690 5.111552 -0.022432 0.006694 -0.008551 0.142911 0.989676
1718924452.059653997 -9.561186 5.112261 -0.022434 0.006245 -0.008574 0.141631 0.989863
1718924452.064652443 -9.559702 5.112974 -0.022467 0.005825 -0.008607 0.140421 0.990037
1718924452.069645166 -9.558232 5.113702 -0.022542 0.005526 -0.008604 0.139279 0.990200
1718924452.074645042 -9.556777 5.114463 -0.022661 0.005459 -0.008571 0.138206 0.990351
1718924452.079649925 -9.555337 5.115256 -0.022813 0.005579 -0.008532 0.137198 0.990491
1718924452.084642649 -9.553907 5.116063 -0.022983 0.005703 -0.008506 0.136278 0.990618
1718924452.089608431 -9.552485 5.116871 -0.023152 0.005664 -0.008503 0.135467 0.990729
1718924452.094603539 -9.551050 5.117686 -0.023305 0.005477 -0.008542 0.134754 0.990827
1718924452.099601030 -9.549606 5.118506 -0.023431 0.005203 -0.008614 0.134122 0.990914
1718924452.099965811 -9.549500 5.118566 -0.023439 0.005191 -0.008616 0.134081 0.990919
1718924452.099965811 -9.549500 5.118566 -0.023439 0.005191 -0.008616 0.134081 0.990919
1718924452.104646921 -9.548143 5.119343 -0.023551 0.005036 -0.008646 0.133542 0.990993
1718924452.109601498 -9.546709 5.120191 -0.023676 0.005087 -0.008614 0.133030 0.991062
1718924452.114665270 -9.545248 5.121078 -0.023814 0.005341 -0.008547 0.132572 0.991122
1718924452.164655685 -9.530413 5.129555 -0.024825 0.006460 -0.009510 0.129995 0.991448
1718924452.169657230 -9.528899 5.130403 -0.024855 0.006536 -0.009582 0.129702 0.991485
1718924452.174679756 -9.527380 5.131253 -0.024884 0.006595 -0.009620 0.129394 0.991525
1718924452.179657221 -9.525879 5.132097 -0.024920 0.006657 -0.009615 0.129070 0.991566
1718924452.184645414 -9.524378 5.132947 -0.024970 0.006788 -0.009576 0.128727 0.991611
1718924452.189600229 -9.522887 5.133795 -0.025030 0.006944 -0.009562 0.128371 0.991656
1718924452.194669247 -9.521357 5.134664 -0.025098 0.007094 -0.009570 0.127993 0.991704
1718924452.199624062 -9.519855 5.135512 -0.025165 0.007201 -0.009589 0.127603 0.991753
1718924452.199995995 -9.519743 5.135575 -0.025170 0.007203 -0.009592 0.127572 0.991757
1718924452.199995995 -9.519743 5.135575 -0.025170 0.007203 -0.009592 0.127572 0.991757
1718924452.204666853 -9.518328 5.136372 -0.025223 0.007224 -0.009624 0.127186 0.991806
1718924452.209659815 -9.516817 5.137230 -0.025283 0.007285 -0.009658 0.126734 0.991863
1718924452.214680433 -9.515299 5.138105 -0.025357 0.007423 -0.009672 0.126256 0.991923
1718924452.219728947 -9.513774 5.138994 -0.025445 0.007612 -0.009686 0.125772 0.991983
1718924452.224673748 -9.512281 5.139869 -0.025546 0.007822 -0.009708 0.125292 0.992042
1718924452.229681492 -9.510770 5.140757 -0.025663 0.008023 -0.009727 0.124794 0.992103
1718924452.234664917 -9.509267 5.141640 -0.025789 0.008162 -0.009745 0.124307 0.992162
1718924452.239683390 -9.507754 5.142525 -0.025919 0.008235 -0.009754 0.123836 0.992221
1718924452.244621277 -9.506263 5.143396 -0.026044 0.008256 -0.009758 0.123376 0.992278
1718924452.249613047 -9.504752 5.144280 -0.026162 0.008265 -0.009761 0.122925 0.992334
1718924452.254608393 -9.503235 5.145169 -0.026267 0.008282 -0.009766 0.122505 0.992385
1718924452.259678602 -9.501690 5.146076 -0.026359 0.008330 -0.009785 0.122108 0.992434
1718924452.264626980 -9.500180 5.146968 -0.026440 0.008421 -0.009813 0.121758 0.992476
1718924452.269670486 -9.498641 5.147884 -0.026520 0.008559 -0.009843 0.121435 0.992514
1718924452.274661064 -9.497124 5.148798 -0.026603 0.008735 -0.009865 0.121152 0.992547
1718924452.279623270 -9.495620 5.149710 -0.026686 0.008909 -0.009875 0.120899 0.992576
1718924452.284642935 -9.494101 5.150633 -0.026767 0.009074 -0.009875 0.120665 0.992603
1718924452.289650679 -9.492587 5.151557 -0.026841 0.009244 -0.009874 0.120465 0.992625
1718924452.294648886 -9.491078 5.152480 -0.026908 0.009415 -0.009870 0.120293 0.992645
1718924452.299653530 -9.489567 5.153402 -0.026971 0.009582 -0.009881 0.120131 0.992663
1718924452.299989939 -9.489465 5.153464 -0.026975 0.009591 -0.009882 0.120121 0.992664
1718924452.299989939 -9.489465 5.153464 -0.026975 0.009591 -0.009882 0.120121 0.992664
1718924452.304606438 -9.488067 5.154310 -0.027029 0.009725 -0.009902 0.119973 0.992680
1718924452.309615612 -9.486550 5.155222 -0.027086 0.009830 -0.009935 0.119819 0.992697
1718924452.314674139 -9.485020 5.156136 -0.027143 0.009909 -0.009973 0.119665 0.992715
1718924452.364688873 -9.469857 5.165155 -0.027954 0.009743 -0.009739 0.117088 0.993026
1718924452.369682074 -9.468345 5.166054 -0.028055 0.009755 -0.009721 0.116807 0.993059
1718924452.374663591 -9.466838 5.166953 -0.028162 0.009778 -0.009709 0.116523 0.993092
1718924452.379726410 -9.465305 5.167868 -0.028276 0.009785 -0.009698 0.116240 0.993126
1718924452.384669065 -9.463808 5.168765 -0.028390 0.009786 -0.009694 0.115966 0.993158
1718924452.389685154 -9.462288 5.169683 -0.028504 0.009800 -0.009706 0.115695 0.993189
1718924452.394736528 -9.460759 5.170617 -0.028616 0.009835 -0.009717 0.115431 0.993219
1718924452.399729967 -9.459248 5.171547 -0.028723 0.009884 -0.009730 0.115164 0.993250
1718924452.399984837 -9.459170 5.171595 -0.028728 0.009887 -0.009731 0.115151 0.993251
1718924452.399984837 -9.459170 5.171595 -0.028728 0.009887 -0.009731 0.115151 0.993251
1718924452.404756069 -9.457730 5.172481 -0.028828 0.009937 -0.009734 0.114907 0.993279
1718924452.409751654 -9.456222 5.173417 -0.028929 0.010005 -0.009734 0.114672 0.993305
1718924452.414726257 -9.454719 5.174358 -0.029026 0.010067 -0.009736 0.114436 0.993332
1718924452.419712305 -9.453211 5.175309 -0.029123 0.010111 -0.009731 0.114210 0.993358
1718924452.424715042 -9.451696 5.176269 -0.029217 0.010097 -0.009735 0.114010 0.993381
1718924452.429767132 -9.450166 5.177243 -0.029308 0.010031 -0.009755 0.113822 0.993403
1718924452.434713840 -9.448666 5.178199 -0.029394 0.009911 -0.009775 0.113639 0.993425
1718924452.439722300 -9.447148 5.179167 -0.029474 0.009740 -0.009803 0.113469 0.993445
1718924452.444768906 -9.445619 5.180145 -0.029544 0.009547 -0.009844 0.113311 0.993465
1718924452.449734926 -9.444116 5.181114 -0.029602 0.009366 -0.009879 0.113163 0.993483
1718924452.454745293 -9.442604 5.182096 -0.029656 0.009205 -0.009889 0.113005 0.993503
1718924452.459744215 -9.441103 5.183081 -0.029709 0.009060 -0.009865 0.112836 0.993523
1718924452.464748144 -9.439611 5.184072 -0.029766 0.008933 -0.009807 0.112661 0.993545
1718924452.469740629 -9.438129 5.185063 -0.029824 0.008794 -0.009741 0.112471 0.993568
1718924452.474748135 -9.436645 5.186054 -0.029883 0.008565 -0.009705 0.112270 0.993593
1718924452.479754925 -9.435160 5.187036 -0.029942 0.008243 -0.009712 0.112045 0.993621
1718924452.484750748 -9.433677 5.188011 -0.030005 0.007891 -0.009757 0.111795 0.993652
1718924452.489761829 -9.432193 5.188991 -0.030075 0.007551 -0.009820 0.111524 0.993685
1718924452.494750261 -9.430719 5.189970 -0.030154 0.007273 -0.009867 0.111243 0.993718
1718924452.499754667 -9.429245 5.190958 -0.030243 0.007062 -0.009882 0.110933 0.993754
1718924452.499960899 -9.429185 5.190999 -0.030246 0.007054 -0.009882 0.110919 0.993755
1718924452.499960899 -9.429185 5.190999 -0.030246 0.007054 -0.009882 0.110919 0.993755
1718924452.504749537 -9.427775 5.191954 -0.030349 0.006870 -0.009891 0.110594 0.993793
1718924452.509746075 -9.426302 5.192945 -0.030448 0.006657 -0.009910 0.110235 0.993834
1718924452.514752388 -9.424824 5.193930 -0.030538 0.006425 -0.009936 0.109864 0.993876
1718924452.564754725 -9.410432 5.203790 -0.033744 0.004610 -0.009549 0.105826 0.994328
1718924452.569761992 -9.408968 5.204727 -0.034028 0.004454 -0.009513 0.105422 0.994372
1718924452.574759245 -9.407507 5.205660 -0.034328 0.004301 -0.009480 0.105030 0.994415
1718924452.579774618 -9.406041 5.206597 -0.034637 0.004168 -0.009460 0.104640 0.994456
1718924452.584754467 -9.404587 5.207529 -0.034944 0.004069 -0.009449 0.104251 0.994498
1718924452.589795828 -9.403116 5.208479 -0.035253 0.004002 -0.009434 0.103864 0.994539
1718924452.594750643 -9.401668 5.209421 -0.035548 0.003969 -0.009425 0.103504 0.994576
1718924452.599756002 -9.400203 5.210379 -0.035832 0.003944 -0.009407 0.103165 0.994612
1718924452.599988937 -9.400134 5.210423 -0.035845 0.003942 -0.009406 0.103151 0.994613
1718924452.599988937 -9.400134 5.210423 -0.035845 0.003942 -0.009406 0.103151 0.994613
1718924452.604751587 -9.398761 5.211339 -0.036360 0.003894 -0.009386 0.102866 0.994643
1718924452.609741926 -9.397319 5.212297 -0.036900 0.003824 -0.009369 0.102613 0.994670
1718924452.614753723 -9.395869 5.213261 -0.037438 0.003767 -0.009358 0.102380 0.994694
1718924452.619775057 -9.394413 5.214231 -0.037979 0.003744 -0.009366 0.102184 0.994714
1718924452.624774694 -9.392959 5.215203 -0.038519 0.003762 -0.009390 0.102023 0.994731
1718924452.629786491 -9.391496 5.216182 -0.039064 0.003798 -0.009425 0.101898 0.994743
1718924452.634753704 -9.390041 5.217153 -0.039606 0.003826 -0.009470 0.101796 0.994753
1718924452.639812469 -9.388552 5.218142 -0.040165 0.003835 -0.009516 0.101712 0.994761
1718924452.644757748 -9.387086 5.219109 -0.040711 0.003832 -0.009554 0.101652 0.994767
1718924452.649759769 -9.385595 5.220088 -0.041270 0.003828 -0.009586 0.101627 0.994769
1718924452.654762268 -9.384093 5.221067 -0.041831 0.003824 -0.009610 0.101629 0.994769
1718924452.659803629 -9.382572 5.222050 -0.042397 0.003818 -0.009622 0.101639 0.994767
1718924452.664810181 -9.381051 5.223024 -0.042954 0.003817 -0.009621 0.101657 0.994766
1718924452.669807911 -9.379523 5.223993 -0.043505 0.003834 -0.009612 0.101679 0.994763
1718924452.674825668 -9.377980 5.224962 -0.044052 0.003863 -0.009611 0.101702 0.994761
1718924452.679809570 -9.376436 5.225919 -0.044588 0.003878 -0.009627 0.101721 0.994759
1718924452.684760571 -9.374894 5.226864 -0.045113 0.003867 -0.009665 0.101729 0.994758
1718924452.689750671 -9.373334 5.227813 -0.045641 0.003855 -0.009716 0.101724 0.994758
1718924452.694797754 -9.371750 5.228771 -0.046182 0.003857 -0.009768 0.101694 0.994760
1718924452.699752331 -9.370186 5.229710 -0.046719 0.003878 -0.009814 0.101643 0.994765
1718924452.699891329 -9.370142 5.229737 -0.046736 0.003879 -0.009815 0.101641 0.994765
1718924452.699891329 -9.370142 5.229737 -0.046736 0.003879 -0.009815 0.101641 0.994765
1718924452.700006962 -9.357263 5.214430 -0.136510 0.003293 -0.012104 0.103793 0.994520
1718924452.700006962 -9.357263 5.214430 -0.136510 0.003293 -0.012104 0.103793 0.994520
1718924452.704757452 -9.356054 5.214651 -0.135875 0.003322 -0.012140 0.103722 0.994527
1718924452.709758997 -9.354774 5.214881 -0.135219 0.003349 -0.012154 0.103638 0.994535
1718924452.714761019 -9.353488 5.215111 -0.134573 0.003379 -0.012166 0.103534 0.994546
1718924452.719754219 -9.352201 5.215339 -0.133934 0.003413 -0.012190 0.103402 0.994559
1718924452.764810562 -9.340215 5.217762 -0.128727 0.003613 -0.012308 0.102133 0.994688
1718924452.769819498 -9.338880 5.218011 -0.128140 0.003645 -0.012307 0.102015 0.994700
1718924452.774811268 -9.337545 5.218260 -0.127558 0.003675 -0.012311 0.101919 0.994710
1718924452.779823542 -9.336197 5.218510 -0.126975 0.003706 -0.012329 0.101838 0.994718
1718924452.784813166 -9.334850 5.218761 -0.126399 0.003743 -0.012353 0.101769 0.994724
1718924452.789794922 -9.333502 5.219012 -0.125828 0.003777 -0.012379 0.101713 0.994730
1718924452.794799089 -9.332143 5.219265 -0.125254 0.003807 -0.012400 0.101666 0.994734
1718924452.799795866 -9.330780 5.219517 -0.124674 0.003831 -0.012431 0.101631 0.994737
1718924452.804797888 -9.329409 5.219770 -0.124085 0.003850 -0.012467 0.101618 0.994738
1718924452.809756041 -9.328044 5.220023 -0.123494 0.003885 -0.012497 0.101617 0.994738
1718924452.814813375 -9.326648 5.220282 -0.122889 0.003941 -0.012510 0.101620 0.994737
1718924452.819830418 -9.325259 5.220539 -0.122290 0.004007 -0.012521 0.101611 0.994737
1718924452.824765682 -9.323892 5.220791 -0.121704 0.004077 -0.012536 0.101594 0.994739
1718924452.829812527 -9.322494 5.221047 -0.121110 0.004163 -0.012543 0.101574 0.994740
1718924452.834768295 -9.321122 5.221300 -0.120534 0.004265 -0.012539 0.101549 0.994742
1718924452.839762926 -9.319739 5.221555 -0.119959 0.004390 -0.012541 0.101502 0.994747
1718924452.844762087 -9.318353 5.221807 -0.119387 0.004523 -0.012552 0.101438 0.994752
1718924452.849769115 -9.316962 5.222053 -0.118813 0.004637 -0.012571 0.101344 0.994761
1718924452.854754448 -9.315574 5.222293 -0.118234 0.004725 -0.012611 0.101231 0.994772
1718924452.859758139 -9.314178 5.222530 -0.117641 0.004798 -0.012663 0.101098 0.994784
1718924452.864793539 -9.312768 5.222766 -0.117033 0.004854 -0.012725 0.100929 0.994800
1718924452.869757652 -9.311376 5.222997 -0.116429 0.004905 -0.012771 0.100730 0.994820
1718924452.874794960 -9.309964 5.223229 -0.115819 0.004946 -0.012800 0.100517 0.994841
1718924452.879760265 -9.308572 5.223459 -0.115228 0.004992 -0.012818 0.100300 0.994862
1718924452.884753227 -9.307171 5.223693 -0.114649 0.005055 -0.012829 0.100079 0.994884
1718924452.889791250 -9.305755 5.223933 -0.114078 0.005126 -0.012852 0.099865 0.994905
1718924452.894796133 -9.304343 5.224173 -0.113521 0.005183 -0.012882 0.099662 0.994924
1718924452.899749994 -9.302938 5.224413 -0.112974 0.005233 -0.012912 0.099475 0.994943
1718924452.900017262 -9.302862 5.224426 -0.112945 0.005235 -0.012913 0.099466 0.994943
1718924452.900017262 -9.302862 5.224426 -0.112945 0.005235 -0.012913 0.099466 0.994943
1718924452.904757023 -9.301520 5.224657 -0.112404 0.005281 -0.012943 0.099297 0.994960
1718924452.909790516 -9.300093 5.224907 -0.111823 0.005306 -0.012973 0.099119 0.994977
1718924452.914786577 -9.298677 5.225157 -0.111234 0.005310 -0.013007 0.098968 0.994991
1718924452.934765339 -9.293013 5.226215 -0.108776 0.005520 -0.013171 0.098562 0.995028
1718924452.939768076 -9.291597 5.226479 -0.108168 0.005578 -0.013204 0.098471 0.995037
1718924452.944805861 -9.290173 5.226748 -0.107560 0.005628 -0.013243 0.098390 0.995044
1718924452.949765682 -9.288772 5.227016 -0.106968 0.005665 -0.013275 0.098327 0.995050
1718924452.954763889 -9.287362 5.227285 -0.106381 0.005682 -0.013297 0.098280 0.995054
1718924452.959773302 -9.285949 5.227553 -0.105800 0.005687 -0.013309 0.098250 0.995056
1718924452.964764118 -9.284540 5.227820 -0.105224 0.005688 -0.013324 0.098232 0.995058
1718924452.969778776 -9.283122 5.228090 -0.104643 0.005686 -0.013336 0.098224 0.995059
1718924452.974775791 -9.281707 5.228359 -0.104057 0.005682 -0.013352 0.098224 0.995059
1718924452.979762554 -9.280294 5.228628 -0.103462 0.005682 -0.013375 0.098224 0.995058
1718924452.984756470 -9.278878 5.228896 -0.102859 0.005686 -0.013401 0.098223 0.995058
1718924452.989767790 -9.277456 5.229164 -0.102251 0.005700 -0.013426 0.098213 0.995059
1718924452.994755983 -9.276042 5.229429 -0.101648 0.005718 -0.013446 0.098201 0.995059
1718924452.999752998 -9.274625 5.229693 -0.101053 0.005732 -0.013468 0.098182 0.995061
1718924453.004756451 -9.273206 5.229958 -0.100469 0.005741 -0.013494 0.098153 0.995063
1718924453.009753466 -9.271784 5.230222 -0.099894 0.005757 -0.013527 0.098110 0.995067
1718924453.014774084 -9.270351 5.230486 -0.099325 0.005781 -0.013545 0.098060 0.995072
1718924453.019782305 -9.268919 5.230748 -0.098765 0.005794 -0.013555 0.098003 0.995077
1718924453.024769306 -9.267489 5.231006 -0.098210 0.005801 -0.013554 0.097919 0.995085
1718924453.029775143 -9.266048 5.231264 -0.097650 0.005788 -0.013556 0.097811 0.995096
1718924453.034786463 -9.264602 5.231521 -0.097085 0.005751 -0.013558 0.097688 0.995108
1718924453.039770603 -9.263162 5.231774 -0.096516 0.005712 -0.013570 0.097549 0.995122
1718924453.044754982 -9.261721 5.232027 -0.095940 0.005693 -0.013583 0.097400 0.995136
1718924453.049762487 -9.260275 5.232281 -0.095356 0.005706 -0.013600 0.097240 0.995152
1718924453.054765940 -9.258829 5.232534 -0.094772 0.005734 -0.013617 0.097084 0.995167
1718924453.059766054 -9.257384 5.232788 -0.094192 0.005754 -0.013634 0.096912 0.995183
1718924453.064810514 -9.255926 5.233044 -0.093608 0.005766 -0.013657 0.096731 0.995200
1718924453.069771767 -9.254490 5.233297 -0.093038 0.005756 -0.013689 0.096577 0.995215
1718924453.074772120 -9.253040 5.233553 -0.092465 0.005726 -0.013721 0.096433 0.995228
1718924453.079804659 -9.251578 5.233814 -0.091888 0.005687 -0.013754 0.096297 0.995241
1718924453.084795475 -9.250124 5.234079 -0.091315 0.005660 -0.013783 0.096180 0.995252
1718924453.089759111 -9.248676 5.234348 -0.090743 0.005656 -0.013811 0.096082 0.995262
1718924453.094755411 -9.247218 5.234625 -0.090161 0.005669 -0.013825 0.095994 0.995270
1718924453.099752188 -9.245759 5.234905 -0.089572 0.005700 -0.013828 0.095920 0.995277
1718924453.099988222 -9.245690 5.234918 -0.089543 0.005702 -0.013829 0.095917 0.995277
1718924453.099988222 -9.245690 5.234918 -0.089543 0.005702 -0.013829 0.095917 0.995277
1718924453.104793072 -9.244292 5.235183 -0.088974 0.005730 -0.013829 0.095864 0.995282
1718924453.109789848 -9.242839 5.235460 -0.088377 0.005747 -0.013824 0.095817 0.995286
1718924453.114816904 -9.241379 5.235740 -0.087778 0.005744 -0.013834 0.095785 0.995289
1718924453.199993134 -9.215823 5.240609 -0.076461 0.006216 -0.014153 0.094866 0.995370
1718924453.199993134 -9.215823 5.240609 -0.076461 0.006216 -0.014153 0.094866 0.995370
1718924453.214760542 -9.211285 5.241436 -0.074131 0.006291 -0.014259 0.094702 0.995384
1718924453.219762325 -9.209745 5.241713 -0.073322 0.006333 -0.014273 0.094646 0.995388
1718924453.224758625 -9.208204 5.241987 -0.072500 0.006364 -0.014289 0.094592 0.995393
1718924453.229760408 -9.206659 5.242258 -0.071666 0.006380 -0.014307 0.094536 0.995398
1718924453.234760761 -9.205115 5.242527 -0.070831 0.006389 -0.014324 0.094480 0.995403
1718924453.239753246 -9.203573 5.242792 -0.070003 0.006394 -0.014346 0.094432 0.995407
1718924453.244748592 -9.202028 5.243053 -0.069185 0.006396 -0.014361 0.094385 0.995412
1718924453.249763012 -9.200475 5.243313 -0.068375 0.006405 -0.014374 0.094345 0.995415
1718924453.254755735 -9.198925 5.243570 -0.067577 0.006429 -0.014383 0.094307 0.995418
1718924453.259759426 -9.197369 5.243824 -0.066784 0.006457 -0.014388 0.094261 0.995423
1718924453.264865875 -9.195778 5.244081 -0.065975 0.006476 -0.014380 0.094215 0.995427
1718924453.269798040 -9.194238 5.244327 -0.065190 0.006478 -0.014376 0.094165 0.995432
1718924453.274752617 -9.192686 5.244571 -0.064393 0.006464 -0.014374 0.094107 0.995437
1718924453.279762506 -9.191114 5.244815 -0.063575 0.006445 -0.014373 0.094041 0.995444
1718924453.284791231 -9.189535 5.245058 -0.062740 0.006433 -0.014382 0.093980 0.995449
1718924453.289793968 -9.187963 5.245298 -0.061901 0.006432 -0.014400 0.093912 0.995456
1718924453.294749498 -9.186405 5.245535 -0.061068 0.006447 -0.014422 0.093834 0.995462
1718924453.299747467 -9.184834 5.245772 -0.060233 0.006468 -0.014445 0.093742 0.995471
1718924453.299993277 -9.184757 5.245784 -0.060193 0.006468 -0.014445 0.093737 0.995471
1718924453.299993277 -9.184757 5.245784 -0.060193 0.006468 -0.014445 0.093737 0.995471
1718924453.304792166 -9.183254 5.246010 -0.059396 0.006479 -0.014454 0.093646 0.995480
1718924453.309790611 -9.181690 5.246245 -0.058577 0.006476 -0.014458 0.093549 0.995489
1718924453.314781904 -9.180126 5.246482 -0.057770 0.006472 -0.014463 0.093454 0.995498
1718924453.364755392 -9.164370 5.249084 -0.050254 0.006035 -0.014569 0.092887 0.995552
1718924453.369759083 -9.162802 5.249363 -0.049590 0.006022 -0.014550 0.092849 0.995556
1718924453.374759674 -9.161234 5.249647 -0.048936 0.006025 -0.014527 0.092829 0.995558
1718924453.379795074 -9.159652 5.249937 -0.048280 0.006035 -0.014503 0.092824 0.995559
1718924453.384794712 -9.158080 5.250230 -0.047625 0.006057 -0.014483 0.092831 0.995558
1718924453.389759779 -9.156519 5.250524 -0.046963 0.006068 -0.014472 0.092833 0.995558
1718924453.394751549 -9.154950 5.250822 -0.046280 0.006047 -0.014466 0.092833 0.995558
1718924453.399797201 -9.153366 5.251126 -0.045570 0.006015 -0.014466 0.092841 0.995558
1718924453.399990320 -9.153305 5.251138 -0.045543 0.006013 -0.014466 0.092842 0.995558
1718924453.399990320 -9.153305 5.251138 -0.045543 0.006013 -0.014466 0.092842 0.995558
1718924453.404752970 -9.151813 5.251428 -0.044854 0.005973 -0.014491 0.092849 0.995557
1718924453.409748554 -9.150252 5.251735 -0.044123 0.005950 -0.014522 0.092850 0.995556
1718924453.414774656 -9.148687 5.252046 -0.043388 0.005943 -0.014555 0.092836 0.995557
1718924453.419777632 -9.147130 5.252358 -0.042662 0.005931 -0.014596 0.092815 0.995559
1718924453.424765110 -9.145579 5.252671 -0.041947 0.005912 -0.014643 0.092784 0.995561
1718924453.429783583 -9.144019 5.252991 -0.041238 0.005890 -0.014696 0.092757 0.995563
1718924453.434757710 -9.142471 5.253310 -0.040545 0.005858 -0.014745 0.092745 0.995563
1718924453.439753294 -9.140915 5.253633 -0.039857 0.005823 -0.014786 0.092725 0.995565
1718924453.444755793 -9.139354 5.253957 -0.039173 0.005797 -0.014818 0.092680 0.995569
1718924453.449759722 -9.137789 5.254283 -0.038492 0.005781 -0.014834 0.092626 0.995574
1718924453.454749346 -9.136227 5.254608 -0.037810 0.005773 -0.014853 0.092562 0.995579
1718924453.459753513 -9.134658 5.254934 -0.037117 0.005769 -0.014872 0.092499 0.995585
1718924453.464752197 -9.133087 5.255259 -0.036413 0.005766 -0.014900 0.092443 0.995590
1718924453.469779015 -9.131507 5.255586 -0.035696 0.005755 -0.014939 0.092386 0.995595
1718924453.474763870 -9.129940 5.255909 -0.034984 0.005737 -0.014983 0.092332 0.995599
1718924453.479759693 -9.128369 5.256230 -0.034275 0.005709 -0.015023 0.092280 0.995603
1718924453.484750271 -9.126800 5.256550 -0.033578 0.005684 -0.015066 0.092226 0.995608
1718924453.489753008 -9.125225 5.256870 -0.032891 0.005681 -0.015105 0.092178 0.995612
1718924453.494750023 -9.123648 5.257189 -0.032215 0.005680 -0.015130 0.092136 0.995615
1718924453.499753952 -9.122067 5.257504 -0.031542 0.005680 -0.015154 0.092088 0.995619
1718924453.499997139 -9.121990 5.257520 -0.031510 0.005680 -0.015155 0.092086 0.995620
1718924453.499997139 -9.121990 5.257520 -0.031510 0.005680 -0.015155 0.092086 0.995620
1718924453.504750967 -9.120490 5.257814 -0.030860 0.005691 -0.015161 0.092040 0.995624
1718924453.509753704 -9.118908 5.258123 -0.030172 0.005707 -0.015163 0.092006 0.995627
1718924453.514775991 -9.117313 5.258432 -0.029472 0.005717 -0.015159 0.091970 0.995630
1718924453.559832096 -9.103017 5.261136 -0.023193 0.005529 -0.015473 0.091552 0.995665
1718924453.564761877 -9.101452 5.261431 -0.022535 0.005558 -0.015465 0.091505 0.995669
1718924453.569760561 -9.099861 5.261729 -0.021865 0.005603 -0.015448 0.091455 0.995674
1718924453.574841976 -9.098240 5.262032 -0.021176 0.005645 -0.015424 0.091399 0.995679
1718924453.579806566 -9.096652 5.262327 -0.020495 0.005666 -0.015399 0.091361 0.995683
1718924453.584753513 -9.095067 5.262621 -0.019806 0.005659 -0.015387 0.091329 0.995686
1718924453.589760780 -9.093462 5.262918 -0.019102 0.005641 -0.015390 0.091290 0.995689
1718924453.594753027 -9.091860 5.263215 -0.018401 0.005626 -0.015404 0.091242 0.995694
1718924453.599754810 -9.090257 5.263515 -0.017706 0.005625 -0.015422 0.091198 0.995697
1718924453.599992275 -9.090181 5.263529 -0.017673 0.005626 -0.015423 0.091196 0.995698
1718924453.599992275 -9.090181 5.263529 -0.017673 0.005626 -0.015423 0.091196 0.995698
1718924453.604789019 -9.088639 5.263818 -0.016997 0.005628 -0.015461 0.091148 0.995701
1718924453.609793663 -9.087032 5.264121 -0.016302 0.005649 -0.015495 0.091099 0.995705
1718924453.614830494 -9.085412 5.264429 -0.015610 0.005678 -0.015514 0.091060 0.995708
1718924453.619769096 -9.083823 5.264734 -0.014935 0.005697 -0.015528 0.091011 0.995713
1718924453.624763489 -9.082213 5.265045 -0.014251 0.005705 -0.015544 0.090956 0.995717
1718924453.629770756 -9.080597 5.265359 -0.013563 0.005709 -0.015555 0.090884 0.995724
1718924453.634802580 -9.078970 5.265677 -0.012868 0.005720 -0.015557 0.090809 0.995730
1718924453.639754295 -9.077364 5.265991 -0.012179 0.005733 -0.015552 0.090741 0.995737
1718924453.644809484 -9.075722 5.266311 -0.011469 0.005734 -0.015546 0.090658 0.995744
1718924453.649801254 -9.074098 5.266627 -0.010762 0.005736 -0.015555 0.090558 0.995753
1718924453.654805183 -9.072469 5.266945 -0.010053 0.005757 -0.015577 0.090448 0.995763
1718924453.659767866 -9.070853 5.267262 -0.009353 0.005775 -0.015604 0.090337 0.995772
1718924453.664768696 -9.069224 5.267580 -0.008653 0.005769 -0.015627 0.090214 0.995783
1718924453.669769287 -9.067596 5.267897 -0.007958 0.005752 -0.015649 0.090087 0.995794
1718924453.674799442 -9.065958 5.268216 -0.007264 0.005740 -0.015670 0.089960 0.995806
1718924453.679754972 -9.064343 5.268532 -0.006585 0.005748 -0.015683 0.089830 0.995817
1718924453.684748411 -9.062714 5.268852 -0.005902 0.005773 -0.015687 0.089700 0.995829
1718924453.689791441 -9.061067 5.269175 -0.005208 0.005794 -0.015676 0.089564 0.995841
1718924453.694789171 -9.059430 5.269494 -0.004512 0.005799 -0.015668 0.089425 0.995853
1718924453.699792385 -9.057789 5.269811 -0.003806 0.005779 -0.015678 0.089286 0.995866
1718924453.699912071 -9.057750 5.269819 -0.003788 0.005778 -0.015679 0.089282 0.995866
1718924453.699912071 -9.057750 5.269819 -0.003788 0.005778 -0.015679 0.089282 0.995866
1718924453.704788446 -9.056163 5.270124 -0.003087 0.005757 -0.015689 0.089151 0.995878
1718924453.709758520 -9.054549 5.270436 -0.002368 0.005722 -0.015715 0.089035 0.995888
1718924453.714755535 -9.052930 5.270750 -0.001646 0.005682 -0.015745 0.088924 0.995898
1718924453.759751797 -9.038306 5.273666 0.004948 0.004892 -0.016300 0.087525 0.996017
1718924453.764763355 -9.036689 5.274001 0.005681 0.004853 -0.016326 0.087380 0.996029
1718924453.769761086 -9.035075 5.274335 0.006409 0.004811 -0.016363 0.087219 0.996043
1718924453.774771452 -9.033456 5.274671 0.007133 0.004780 -0.016398 0.087054 0.996057
1718924453.779759645 -9.031844 5.275005 0.007844 0.004760 -0.016430 0.086895 0.996071
1718924453.784752846 -9.030230 5.275341 0.008548 0.004755 -0.016443 0.086734 0.996084
1718924453.789754152 -9.028616 5.275679 0.009248 0.004765 -0.016433 0.086571 0.996099
1718924453.794749260 -9.027004 5.276020 0.009944 0.004778 -0.016409 0.086415 0.996113
1718924453.799753428 -9.025388 5.276362 0.010641 0.004789 -0.016365 0.086266 0.996126
1718924453.799981117 -9.025315 5.276377 0.010673 0.004789 -0.016362 0.086259 0.996127
1718924453.799981117 -9.025315 5.276377 0.010673 0.004789 -0.016362 0.086259 0.996127
1718924453.804787874 -9.023773 5.276712 0.011340 0.004758 -0.016334 0.086110 0.996140
1718924453.809754848 -9.022178 5.277058 0.012032 0.004712 -0.016305 0.085951 0.996155
1718924453.814844608 -9.020543 5.277410 0.012744 0.004634 -0.016275 0.085780 0.996170
1718924453.819785595 -9.018955 5.277746 0.013439 0.004501 -0.016263 0.085604 0.996186
1718924453.824759245 -9.017357 5.278077 0.014144 0.004304 -0.016269 0.085415 0.996203
1718924453.829771280 -9.015749 5.278406 0.014859 0.004096 -0.016287 0.085223 0.996220
1718924453.834827185 -9.014129 5.278734 0.015580 0.003908 -0.016297 0.085020 0.996238
1718924453.839808941 -9.012537 5.279054 0.016289 0.003744 -0.016300 0.084778 0.996260
1718924453.844787121 -9.010951 5.279368 0.016991 0.003598 -0.016298 0.084488 0.996285
1718924453.849761963 -9.009370 5.279677 0.017690 0.003448 -0.016282 0.084163 0.996313
1718924453.854761362 -9.007785 5.279982 0.018392 0.003293 -0.016260 0.083806 0.996344
1718924453.859759331 -9.006204 5.280284 0.019092 0.003124 -0.016232 0.083418 0.996378
1718924453.864757776 -9.004625 5.280580 0.019796 0.002901 -0.016205 0.083006 0.996413
1718924453.869767666 -9.003047 5.280864 0.020510 0.002613 -0.016190 0.082564 0.996451
1718924453.874761105 -9.001476 5.281135 0.021229 0.002304 -0.016183 0.082088 0.996491
1718924453.879775763 -8.999905 5.281399 0.021951 0.002043 -0.016181 0.081577 0.996534
1718924453.884758472 -8.998352 5.281656 0.022669 0.001856 -0.016173 0.081034 0.996578
1718924453.889743567 -8.996807 5.281905 0.023392 0.001689 -0.016169 0.080452 0.996626
1718924453.894757509 -8.995260 5.282142 0.024126 0.001479 -0.016182 0.079831 0.996676
1718924453.899744749 -8.993728 5.282366 0.024860 0.001219 -0.016197 0.079182 0.996728
1718924453.900033236 -8.993639 5.282379 0.024903 0.001200 -0.016198 0.079143 0.996731
1718924453.900033236 -8.993639 5.282379 0.024903 0.001200 -0.016198 0.079143 0.996731
1718924453.904755831 -8.992189 5.282580 0.025648 0.000890 -0.016196 0.078503 0.996782
1718924453.909751892 -8.990664 5.282786 0.026443 0.000513 -0.016179 0.077811 0.996837
1718924453.914762974 -8.989141 5.282992 0.027242 0.000166 -0.016144 0.077096 0.996893
1718924453.959780931 -8.975472 5.285330 0.035013 -0.002152 -0.016755 0.070870 0.997342
1718924453.964815617 -8.973968 5.285628 0.035883 -0.002237 -0.016740 0.070208 0.997389
1718924453.969776630 -8.972481 5.285926 0.036749 -0.002298 -0.016715 0.069613 0.997431
1718924453.974792242 -8.970976 5.286226 0.037635 -0.002355 -0.016677 0.069053 0.997471
1718924453.979764223 -8.969487 5.286524 0.038521 -0.002416 -0.016625 0.068531 0.997508
1718924453.984756708 -8.967995 5.286825 0.039411 -0.002469 -0.016564 0.068020 0.997543
1718924453.989751577 -8.966506 5.287127 0.040296 -0.002540 -0.016504 0.067518 0.997578
1718924453.994766474 -8.965012 5.287426 0.041173 -0.002631 -0.016448 0.067011 0.997613
1718924453.999761105 -8.963525 5.287725 0.042019 -0.002602 -0.016362 0.066488 0.997650
1718924454.004766941 -8.962038 5.288029 0.042836 -0.002448 -0.016262 0.065921 0.997689
1718924454.009760618 -8.960562 5.288333 0.043627 -0.002209 -0.016158 0.065317 0.997731
1718924454.014782190 -8.959083 5.288627 0.044403 -0.001942 -0.016070 0.064649 0.997777
1718924454.019786596 -8.957609 5.288899 0.045168 -0.001797 -0.016048 0.063949 0.997823
1718924454.024776936 -8.956139 5.289153 0.045931 -0.001736 -0.016020 0.063219 0.997870
1718924454.029769421 -8.954674 5.289403 0.046693 -0.001728 -0.015950 0.062472 0.997918
1718924454.034776449 -8.953218 5.289650 0.047467 -0.001736 -0.015862 0.061696 0.997967
1718924454.039792538 -8.951771 5.289892 0.048273 -0.001712 -0.015790 0.060878 0.998019
1718924454.044824839 -8.950318 5.290133 0.049113 -0.001592 -0.015735 0.060023 0.998072
1718924454.049757957 -8.948889 5.290368 0.049945 -0.001359 -0.015653 0.059139 0.998126
1718924454.054790735 -8.947434 5.290602 0.050789 -0.001091 -0.015536 0.058169 0.998185
1718924454.059774637 -8.945999 5.290826 0.051624 -0.000881 -0.015393 0.057165 0.998246
1718924454.064766884 -8.944564 5.291039 0.052451 -0.000711 -0.015216 0.056140 0.998307
1718924454.069776058 -8.943123 5.291228 0.053270 -0.000621 -0.015065 0.055067 0.998369
1718924454.074768782 -8.941680 5.291388 0.054090 -0.000616 -0.014960 0.053955 0.998431
1718924454.079774380 -8.940225 5.291523 0.054926 -0.000615 -0.014873 0.052792 0.998495
1718924454.084766388 -8.938770 5.291639 0.055759 -0.000626 -0.014816 0.051582 0.998559
1718924454.089771748 -8.937308 5.291732 0.056583 -0.000703 -0.014784 0.050322 0.998623
1718924454.094757795 -8.935845 5.291799 0.057389 -0.000921 -0.014761 0.049038 0.998687
1718924454.099773407 -8.934366 5.291836 0.058178 -0.001277 -0.014736 0.047712 0.998752
1718924454.099956036 -8.934312 5.291837 0.058206 -0.001297 -0.014737 0.047662 0.998754
1718924454.099956036 -8.934312 5.291837 0.058206 -0.001297 -0.014737 0.047662 0.998754
1718924454.104760647 -8.932907 5.291854 0.058974 -0.001732 -0.014706 0.046359 0.998815
1718924454.109764576 -8.931442 5.291854 0.059741 -0.002225 -0.014714 0.044953 0.998878
1718924454.114785671 -8.929968 5.291845 0.060473 -0.002634 -0.014750 0.043518 0.998940
1718924454.199762583 -8.903077 5.291718 0.060021 0.014995 -0.003139 0.019549 0.999692
1718924454.199983120 -8.903003 5.291718 0.059985 0.015055 -0.003104 0.019488 0.999692
1718924454.199983120 -8.903003 5.291718 0.059985 0.015055 -0.003104 0.019488 0.999692
1718924454.204804420 -8.901351 5.291710 0.059041 0.016306 -0.002363 0.018147 0.999700
1718924454.209794998 -8.899629 5.291669 0.058021 0.017524 -0.001626 0.016762 0.999705
1718924454.214804411 -8.897861 5.291600 0.057124 0.017988 -0.001277 0.015550 0.999716
1718924454.219793081 -8.896056 5.291559 0.056497 0.017660 -0.001503 0.014650 0.999736
1718924454.224808931 -8.894229 5.291612 0.056126 0.017254 -0.002107 0.013998 0.999751
1718924454.229762077 -8.892430 5.291772 0.055921 0.017284 -0.002799 0.013530 0.999755
1718924454.234803200 -8.890605 5.292011 0.055781 0.017735 -0.003448 0.013185 0.999750
1718924454.239797354 -8.888803 5.292281 0.055666 0.018340 -0.004009 0.012969 0.999740
1718924454.244798899 -8.887009 5.292553 0.055567 0.018866 -0.004564 0.012818 0.999729
1718924454.249826431 -8.885233 5.292808 0.055474 0.019080 -0.005076 0.012667 0.999725
1718924454.254803658 -8.883512 5.293024 0.055370 0.018947 -0.005514 0.012447 0.999728
1718924454.259810925 -8.881816 5.293202 0.055240 0.018613 -0.005890 0.012164 0.999735
1718924454.264758110 -8.880171 5.293348 0.055079 0.018297 -0.006179 0.011807 0.999744
1718924454.269798279 -8.878520 5.293474 0.054873 0.018193 -0.006428 0.011326 0.999750
1718924454.274787903 -8.876908 5.293585 0.054636 0.018249 -0.006681 0.010751 0.999753
1718924454.279783249 -8.875309 5.293684 0.054375 0.018275 -0.006943 0.010095 0.999758
1718924454.284784794 -8.873716 5.293781 0.054102 0.018122 -0.007247 0.009386 0.999765
1718924454.289751768 -8.872148 5.293890 0.053822 0.017831 -0.007569 0.008608 0.999775
1718924454.294787645 -8.870579 5.294023 0.053516 0.017554 -0.007845 0.007764 0.999785
1718924454.299782991 -8.869037 5.294180 0.053181 0.017399 -0.008076 0.006906 0.999792
1718924454.299981117 -8.868976 5.294186 0.053167 0.017397 -0.008085 0.006871 0.999792
1718924454.299981117 -8.868976 5.294186 0.053167 0.017397 -0.008085 0.006871 0.999792
1718924454.304747343 -8.867559 5.294336 0.052988 0.017393 -0.008271 0.006033 0.999796
1718924454.309745073 -8.866078 5.294477 0.052793 0.017373 -0.008475 0.005132 0.999800
1718924454.314770460 -8.864596 5.294596 0.052609 0.017355 -0.008677 0.004242 0.999803
1718924454.359739780 -8.851720 5.295733 0.050331 0.016809 -0.010053 0.000951 0.999808
1718924454.364802361 -8.850306 5.295877 0.049929 0.016815 -0.010148 0.000625 0.999807
1718924454.369799614 -8.848918 5.296029 0.049504 0.016799 -0.010231 0.000348 0.999806
1718924454.374751329 -8.847550 5.296192 0.049057 0.016759 -0.010313 0.000116 0.999806
1718924454.379799128 -8.846162 5.296365 0.048581 0.016711 -0.010387 -0.000077 0.999806
1718924454.384783983 -8.844794 5.296539 0.048099 0.016681 -0.010464 -0.000221 0.999806
1718924454.389782906 -8.843422 5.296721 0.047614 0.016708 -0.010534 -0.000333 0.999805
1718924454.394785166 -8.842050 5.296918 0.047127 0.016842 -0.010597 -0.000412 0.999802
1718924454.399783373 -8.840680 5.297137 0.046643 0.017037 -0.010655 -0.000453 0.999798
1718924454.399997234 -8.840622 5.297147 0.046622 0.017044 -0.010657 -0.000454 0.999798
1718924454.399997234 -8.840622 5.297147 0.046622 0.017044 -0.010657 -0.000454 0.999798
1718924454.404741764 -8.839326 5.297379 0.046213 0.017155 -0.010731 -0.000469 0.999795
1718924454.409780979 -8.837950 5.297638 0.045794 0.017177 -0.010815 -0.000461 0.999794
1718924454.414750099 -8.836595 5.297901 0.045394 0.017095 -0.010889 -0.000428 0.999794
1718924454.419758081 -8.835230 5.298177 0.044993 0.016962 -0.010952 -0.000376 0.999796
1718924454.424798489 -8.833858 5.298470 0.044587 0.016857 -0.011002 -0.000314 0.999797
1718924454.429754257 -8.832513 5.298771 0.044182 0.016788 -0.011042 -0.000268 0.999798
1718924454.434745312 -8.831163 5.299085 0.043762 0.016737 -0.011075 -0.000227 0.999799
1718924454.439736366 -8.829816 5.299408 0.043329 0.016714 -0.011100 -0.000197 0.999799
1718924454.444746733 -8.828468 5.299746 0.042883 0.016702 -0.011129 -0.000180 0.999799
1718924454.449763775 -8.827122 5.300094 0.042432 0.016649 -0.011162 -0.000176 0.999799
1718924454.454746485 -8.825788 5.300443 0.041984 0.016531 -0.011198 -0.000188 0.999801
1718924454.459825993 -8.824427 5.300798 0.041530 0.016358 -0.011229 -0.000227 0.999803
1718924454.464761257 -8.823103 5.301143 0.041091 0.016191 -0.011254 -0.000288 0.999806
1718924454.469800711 -8.821747 5.301499 0.040645 0.016042 -0.011275 -0.000380 0.999808
1718924454.474805832 -8.820399 5.301851 0.040205 0.015924 -0.011294 -0.000503 0.999809
1718924454.479747057 -8.819064 5.302194 0.039775 0.015806 -0.011322 -0.000659 0.999811
1718924454.484761953 -8.817706 5.302539 0.039346 0.015673 -0.011372 -0.000851 0.999812
1718924454.489737272 -8.816356 5.302877 0.038922 0.015535 -0.011428 -0.001057 0.999813
1718924454.494778395 -8.814986 5.303216 0.038487 0.015402 -0.011488 -0.001268 0.999815
1718924454.499779224 -8.813628 5.303547 0.038045 0.015280 -0.011539 -0.001490 0.999816
1718924454.499997139 -8.813569 5.303562 0.038026 0.015275 -0.011540 -0.001500 0.999816
1718924454.499997139 -8.813569 5.303562 0.038026 0.015275 -0.011540 -0.001500 0.999816
1718924454.504735470 -8.812284 5.303875 0.037616 0.015215 -0.011543 -0.001713 0.999816
1718924454.509741068 -8.810926 5.304198 0.037175 0.015154 -0.011539 -0.001946 0.999817
1718924454.514745474 -8.809563 5.304515 0.036730 0.015100 -0.011532 -0.002174 0.999817
1718924454.559746265 -8.797355 5.307348 0.033135 0.013286 -0.012533 -0.001949 0.999831
1718924454.564782619 -8.795992 5.307662 0.032728 0.013211 -0.012609 -0.001890 0.999831
1718924454.569755077 -8.794647 5.307972 0.032324 0.013136 -0.012678 -0.001811 0.999832
1718924454.574809313 -8.793283 5.308286 0.031905 0.013057 -0.012731 -0.001712 0.999832
1718924454.579801321 -8.791938 5.308592 0.031479 0.012974 -0.012774 -0.001617 0.999833
1718924454.584758282 -8.790604 5.308886 0.031041 0.012886 -0.012796 -0.001535 0.999834
1718924454.589780807 -8.789254 5.309171 0.030581 0.012806 -0.012796 -0.001466 0.999835
1718924454.594797850 -8.787905 5.309445 0.030107 0.012752 -0.012785 -0.001417 0.999836
1718924454.599765539 -8.786568 5.309711 0.029629 0.012742 -0.012763 -0.001386 0.999836
1718924454.599998236 -8.786505 5.309723 0.029607 0.012742 -0.012763 -0.001385 0.999836
1718924454.599998236 -8.786505 5.309723 0.029607 0.012742 -0.012763 -0.001385 0.999836
1718924454.604776859 -8.785220 5.309982 0.029190 0.012706 -0.012769 -0.001363 0.999837
1718924454.609781504 -8.783868 5.310246 0.028765 0.012639 -0.012803 -0.001360 0.999837
1718924454.614774227 -8.782516 5.310500 0.028355 0.012534 -0.012858 -0.001387 0.999838
1718924454.619748592 -8.781168 5.310744 0.027956 0.012407 -0.012921 -0.001439 0.999839
1718924454.624798536 -8.779802 5.310983 0.027555 0.012277 -0.012972 -0.001525 0.999839
1718924454.629836321 -8.778439 5.311214 0.027148 0.012178 -0.013000 -0.001619 0.999840
1718924454.634811163 -8.777093 5.311438 0.026738 0.012103 -0.013016 -0.001718 0.999841
1718924454.639793634 -8.775742 5.311658 0.026318 0.012036 -0.013027 -0.001826 0.999841
1718924454.644800186 -8.774384 5.311874 0.025889 0.011955 -0.013034 -0.001951 0.999842
1718924454.649779558 -8.773031 5.312084 0.025457 0.011857 -0.013042 -0.002087 0.999842
1718924454.654765844 -8.771674 5.312289 0.025021 0.011757 -0.013058 -0.002218 0.999843
1718924454.659740686 -8.770317 5.312490 0.024584 0.011661 -0.013080 -0.002336 0.999844
1718924454.664790154 -8.768937 5.312690 0.024142 0.011573 -0.013108 -0.002456 0.999844
1718924454.669745684 -8.767579 5.312883 0.023712 0.011501 -0.013133 -0.002570 0.999844
1718924454.674748421 -8.766207 5.313075 0.023285 0.011441 -0.013159 -0.002672 0.999844
1718924454.679809093 -8.764817 5.313266 0.022863 0.011374 -0.013175 -0.002764 0.999845
1718924454.684775591 -8.763452 5.313450 0.022457 0.011286 -0.013186 -0.002836 0.999845
1718924454.689738274 -8.762087 5.313628 0.022055 0.011183 -0.013204 -0.002886 0.999846
1718924454.694773436 -8.760702 5.313807 0.021646 0.011085 -0.013223 -0.002918 0.999847
1718924454.699737549 -8.759336 5.313980 0.021240 0.011010 -0.013255 -0.002934 0.999847
1718924454.699896097 -8.759292 5.313986 0.021227 0.011007 -0.013256 -0.002934 0.999847
1718924454.699896097 -8.759292 5.313986 0.021227 0.011007 -0.013256 -0.002934 0.999847
1718924454.704776525 -8.757950 5.314159 0.020840 0.011003 -0.013271 -0.002935 0.999847
1718924454.709770441 -8.756574 5.314335 0.020436 0.011008 -0.013284 -0.002922 0.999847
1718924454.714738846 -8.755204 5.314508 0.020029 0.011022 -0.013282 -0.002897 0.999847
1718924454.719783306 -8.753813 5.314683 0.019611 0.011038 -0.013282 -0.002841 0.999847
1718924454.794734240 -8.732689 5.316578 0.014575 0.009997 -0.013164 -0.002254 0.999861
1718924454.799737453 -8.731245 5.316653 0.014285 0.010018 -0.013121 -0.002220 0.999861
1718924454.800000191 -8.731169 5.316657 0.014270 0.010020 -0.013118 -0.002218 0.999861
1718924454.800000191 -8.731169 5.316657 0.014270 0.010020 -0.013118 -0.002218 0.999861
1718924454.804733038 -8.729779 5.316705 0.014054 0.010017 -0.013083 -0.002192 0.999862
1718924454.809728384 -8.728310 5.316750 0.013835 0.010013 -0.013051 -0.002160 0.999862
1718924454.814753532 -8.726830 5.316788 0.013622 0.009999 -0.013031 -0.002136 0.999863
1718924454.819752932 -8.725355 5.316822 0.013411 0.009991 -0.013014 -0.002105 0.999863
1718924454.824750900 -8.723881 5.316851 0.013197 0.010002 -0.012995 -0.002053 0.999863
1718924454.829736948 -8.722410 5.316874 0.012983 0.010011 -0.012981 -0.001985 0.999864
1718924454.834738493 -8.720930 5.316891 0.012771 0.010000 -0.012975 -0.001914 0.999864
1718924454.839731216 -8.719448 5.316905 0.012567 0.009965 -0.012984 -0.001835 0.999864
1718924454.844736338 -8.717961 5.316915 0.012368 0.009922 -0.013003 -0.001748 0.999865
1718924454.849783182 -8.716461 5.316922 0.012171 0.009890 -0.013021 -0.001651 0.999865
1718924454.854729891 -8.714989 5.316925 0.011977 0.009870 -0.013034 -0.001550 0.999865
1718924454.859783649 -8.713481 5.316927 0.011777 0.009873 -0.013042 -0.001444 0.999865
1718924454.864736557 -8.712000 5.316927 0.011576 0.009913 -0.013034 -0.001343 0.999865
1718924454.869740963 -8.710502 5.316923 0.011370 0.009978 -0.013009 -0.001252 0.999865
1718924454.874740839 -8.709005 5.316912 0.011159 0.010053 -0.012963 -0.001174 0.999865
1718924454.879743576 -8.707508 5.316891 0.010947 0.010115 -0.012912 -0.001107 0.999865
1718924454.884730577 -8.706014 5.316862 0.010737 0.010147 -0.012876 -0.001048 0.999865
1718924454.889749527 -8.704510 5.316824 0.010531 0.010137 -0.012854 -0.001004 0.999866
1718924454.894769669 -8.703005 5.316780 0.010330 0.010076 -0.012835 -0.000970 0.999866
1718924454.899737358 -8.701520 5.316730 0.010132 0.009985 -0.012811 -0.000948 0.999868
1718924454.900016069 -8.701437 5.316728 0.010121 0.009981 -0.012808 -0.000948 0.999868
1718924454.900016069 -8.701437 5.316728 0.010121 0.009981 -0.012808 -0.000948 0.999868
1718924454.904742002 -8.700054 5.316705 0.009947 0.009950 -0.012754 -0.000943 0.999869
1718924454.909730673 -8.698594 5.316680 0.009759 0.009939 -0.012681 -0.000954 0.999870
1718924454.914752960 -8.697125 5.316657 0.009567 0.009938 -0.012587 -0.000977 0.999871
1718924454.979818344 -8.677696 5.315996 0.008047 0.009138 -0.011954 0.000504 0.999887
1718924454.984740973 -8.676249 5.315956 0.007870 0.009197 -0.011885 0.000629 0.999887
1718924454.989776373 -8.674765 5.315913 0.007702 0.009291 -0.011814 0.000767 0.999887
1718924454.994734287 -8.673300 5.315866 0.007553 0.009374 -0.011762 0.000900 0.999886
1718924454.999771357 -8.671807 5.315810 0.007419 0.009423 -0.011726 0.001042 0.999886
1718924455.004761219 -8.670327 5.315748 0.007296 0.009433 -0.011696 0.001185 0.999886
1718924455.009770393 -8.668838 5.315678 0.007174 0.009425 -0.011658 0.001324 0.999887
1718924455.014750242 -8.667356 5.315603 0.007046 0.009400 -0.011608 0.001462 0.999887
1718924455.019746304 -8.665867 5.315522 0.006905 0.009355 -0.011542 0.001584 0.999888
1718924455.024789572 -8.664362 5.315437 0.006749 0.009295 -0.011465 0.001682 0.999890
1718924455.029746532 -8.662881 5.315351 0.006583 0.009249 -0.011383 0.001758 0.999891
1718924455.034749269 -8.661384 5.315268 0.006406 0.009244 -0.011306 0.001806 0.999892
1718924455.039780855 -8.659874 5.315187 0.006227 0.009283 -0.011231 0.001818 0.999892
1718924455.044775724 -8.658372 5.315105 0.006053 0.009349 -0.011155 0.001801 0.999892
1718924455.049748898 -8.656870 5.315022 0.005889 0.009412 -0.011077 0.001770 0.999893
1718924455.054743767 -8.655357 5.314935 0.005737 0.009455 -0.010998 0.001732 0.999893
1718924455.059776068 -8.653831 5.314846 0.005595 0.009485 -0.010902 0.001673 0.999894
1718924455.064729452 -8.652330 5.314755 0.005462 0.009484 -0.010794 0.001623 0.999895
1718924455.069735289 -8.650814 5.314658 0.005328 0.009434 -0.010683 0.001587 0.999897
1718924455.074732542 -8.649300 5.314555 0.005188 0.009367 -0.010576 0.001570 0.999899
1718924455.079776049 -8.647773 5.314449 0.005036 0.009311 -0.010488 0.001572 0.999900
1718924455.084730625 -8.646274 5.314345 0.004872 0.009279 -0.010428 0.001584 0.999901
1718924455.089726448 -8.644764 5.314242 0.004692 0.009266 -0.010384 0.001615 0.999902
1718924455.094730377 -8.643252 5.314137 0.004498 0.009261 -0.010346 0.001669 0.999902
1718924455.099725008 -8.641741 5.314030 0.004300 0.009265 -0.010301 0.001747 0.999902
1718924455.099997044 -8.641659 5.314024 0.004289 0.009266 -0.010298 0.001752 0.999903
1718924455.099997044 -8.641659 5.314024 0.004289 0.009266 -0.010298 0.001752 0.999903
1718924455.104728937 -8.640237 5.313941 0.004158 0.009291 -0.010247 0.001844 0.999903
1718924455.109766245 -8.638721 5.313854 0.004033 0.009321 -0.010189 0.001963 0.999903
1718924455.114745140 -8.637220 5.313767 0.003930 0.009343 -0.010132 0.002102 0.999903
1718924455.199731588 -8.611680 5.312312 0.000937 0.009210 -0.009720 0.002066 0.999908
1718924455.199997187 -8.611601 5.312307 0.000922 0.009213 -0.009719 0.002065 0.999908
1718924455.199997187 -8.611601 5.312307 0.000922 0.009213 -0.009719 0.002065 0.999908
1718924455.204732895 -8.610164 5.312197 0.000691 0.009226 -0.009692 0.002047 0.999908
1718924455.209727526 -8.608650 5.312079 0.000442 0.009247 -0.009661 0.002031 0.999909
1718924455.214789152 -8.607116 5.311955 0.000188 0.009272 -0.009630 0.002014 0.999909
1718924455.219743967 -8.605614 5.311832 -0.000061 0.009284 -0.009611 0.002004 0.999909
1718924455.224735737 -8.604100 5.311705 -0.000309 0.009282 -0.009602 0.002001 0.999909
1718924455.229743958 -8.602578 5.311575 -0.000552 0.009254 -0.009615 0.001992 0.999909
1718924455.234727859 -8.601063 5.311445 -0.000789 0.009222 -0.009640 0.001986 0.999909
1718924455.239731312 -8.599543 5.311315 -0.001025 0.009197 -0.009667 0.001991 0.999909
1718924455.244733572 -8.598024 5.311186 -0.001262 0.009179 -0.009694 0.001992 0.999909
1718924455.249742985 -8.596503 5.311059 -0.001502 0.009180 -0.009709 0.001992 0.999909
1718924455.254779100 -8.594971 5.310933 -0.001746 0.009196 -0.009715 0.001994 0.999909
1718924455.259788752 -8.593446 5.310811 -0.001990 0.009211 -0.009714 0.001993 0.999908
1718924455.264736652 -8.591938 5.310692 -0.002233 0.009212 -0.009701 0.001988 0.999909
1718924455.269733191 -8.590410 5.310574 -0.002480 0.009187 -0.009685 0.001972 0.999909
1718924455.274726152 -8.588882 5.310458 -0.002727 0.009144 -0.009666 0.001950 0.999910
1718924455.279722452 -8.587351 5.310346 -0.002977 0.009103 -0.009644 0.001940 0.999910
1718924455.284726381 -8.585818 5.310238 -0.003228 0.009067 -0.009625 0.001938 0.999911
1718924455.289725304 -8.584286 5.310137 -0.003476 0.009047 -0.009616 0.001936 0.999911
1718924455.294728994 -8.582752 5.310040 -0.003722 0.009046 -0.009620 0.001945 0.999911
1718924455.299722433 -8.581223 5.309947 -0.003963 0.009046 -0.009631 0.001960 0.999911
1718924455.299993038 -8.581140 5.309942 -0.003976 0.009047 -0.009631 0.001960 0.999911
1718924455.299993038 -8.581140 5.309942 -0.003976 0.009047 -0.009631 0.001960 0.999911
1718924455.304727793 -8.579713 5.309894 -0.004192 0.009074 -0.009634 0.001966 0.999910
1718924455.309728622 -8.578207 5.309847 -0.004419 0.009088 -0.009639 0.001971 0.999910
1718924455.314738750 -8.576698 5.309803 -0.004648 0.009088 -0.009645 0.001977 0.999910
1718924455.354736090 -8.564582 5.309429 -0.005998 0.008647 -0.009568 0.002045 0.999915
1718924455.359818935 -8.563033 5.309385 -0.006164 0.008638 -0.009569 0.002057 0.999915
1718924455.364779234 -8.561521 5.309340 -0.006319 0.008636 -0.009570 0.002059 0.999915
1718924455.369744778 -8.560008 5.309292 -0.006473 0.008640 -0.009570 0.002058 0.999915
1718924455.374790907 -8.558472 5.309242 -0.006631 0.008651 -0.009564 0.002048 0.999915
1718924455.379750729 -8.556965 5.309192 -0.006790 0.008667 -0.009554 0.002038 0.999915
1718924455.384728909 -8.555454 5.309139 -0.006954 0.008676 -0.009547 0.002034 0.999915
1718924455.389765978 -8.553926 5.309081 -0.007124 0.008672 -0.009535 0.002039 0.999915
1718924455.394770622 -8.552405 5.309022 -0.007292 0.008659 -0.009523 0.002041 0.999915
1718924455.399764061 -8.550886 5.308960 -0.007456 0.008632 -0.009510 0.002042 0.999915
1718924455.399982214 -8.550820 5.308958 -0.007463 0.008630 -0.009510 0.002042 0.999915
1718924455.399982214 -8.550820 5.308958 -0.007463 0.008630 -0.009510 0.002042 0.999915
1718924455.404768229 -8.549371 5.308902 -0.007577 0.008586 -0.009498 0.002046 0.999916
1718924455.409767151 -8.547859 5.308843 -0.007689 0.008547 -0.009496 0.002051 0.999916
1718924455.414786577 -8.546343 5.308784 -0.007795 0.008518 -0.009496 0.002057 0.999917
1718924455.419820786 -8.544827 5.308725 -0.007901 0.008503 -0.009487 0.002059 0.999917
1718924455.424788475 -8.543336 5.308667 -0.008006 0.008500 -0.009482 0.002053 0.999917
1718924455.429807663 -8.541833 5.308608 -0.008116 0.008495 -0.009484 0.002038 0.999917
1718924455.434776068 -8.540347 5.308551 -0.008228 0.008483 -0.009486 0.002029 0.999917
1718924455.439780474 -8.538852 5.308494 -0.008345 0.008465 -0.009491 0.002026 0.999917
1718924455.444768906 -8.537363 5.308440 -0.008468 0.008434 -0.009496 0.002021 0.999917
1718924455.449741840 -8.535880 5.308386 -0.008597 0.008394 -0.009500 0.002013 0.999918
1718924455.454780579 -8.534379 5.308332 -0.008734 0.008355 -0.009505 0.002014 0.999918
1718924455.459802151 -8.532881 5.308281 -0.008872 0.008313 -0.009504 0.002018 0.999918
1718924455.464819193 -8.531382 5.308233 -0.009006 0.008271 -0.009498 0.002016 0.999919
1718924455.469798803 -8.529893 5.308188 -0.009132 0.008227 -0.009499 0.002021 0.999919
1718924455.474739790 -8.528414 5.308148 -0.009250 0.008187 -0.009503 0.002037 0.999919
1718924455.479728699 -8.526922 5.308113 -0.009365 0.008154 -0.009504 0.002045 0.999919
1718924455.484767914 -8.525416 5.308081 -0.009479 0.008121 -0.009509 0.002046 0.999920
1718924455.489733219 -8.523934 5.308053 -0.009592 0.008087 -0.009515 0.002053 0.999920
1718924455.494729519 -8.522443 5.308027 -0.009710 0.008049 -0.009525 0.002063 0.999920
1718924455.499725580 -8.520951 5.308004 -0.009833 0.008013 -0.009540 0.002071 0.999920
1718924455.499989033 -8.520873 5.308003 -0.009840 0.008011 -0.009541 0.002071 0.999920
1718924455.499989033 -8.520873 5.308003 -0.009840 0.008011 -0.009541 0.002071 0.999920
1718924455.504729271 -8.519452 5.307989 -0.009944 0.007999 -0.009556 0.002080 0.999920
1718924455.509723902 -8.517954 5.307975 -0.010058 0.007977 -0.009568 0.002083 0.999920
1718924455.514739037 -8.516447 5.307961 -0.010174 0.007955 -0.009569 0.002088 0.999920
1718924455.559803963 -8.503001 5.307742 -0.011257 0.007586 -0.009750 0.002084 0.999922
1718924455.564731836 -8.501544 5.307703 -0.011431 0.007574 -0.009764 0.002081 0.999921
1718924455.569775343 -8.500054 5.307659 -0.011615 0.007566 -0.009773 0.002066 0.999921
1718924455.574782848 -8.498575 5.307610 -0.011801 0.007559 -0.009778 0.002050 0.999922
1718924455.579732418 -8.497111 5.307558 -0.011985 0.007550 -0.009778 0.002037 0.999922
1718924455.584769249 -8.495621 5.307501 -0.012167 0.007536 -0.009775 0.002023 0.999922
1718924455.589722395 -8.494154 5.307443 -0.012340 0.007518 -0.009777 0.001998 0.999922
1718924455.594727516 -8.492673 5.307383 -0.012512 0.007499 -0.009782 0.001968 0.999922
1718924455.599723577 -8.491199 5.307320 -0.012681 0.007478 -0.009789 0.001935 0.999922
1718924455.599989176 -8.491121 5.307317 -0.012690 0.007478 -0.009790 0.001933 0.999922
1718924455.599989176 -8.491121 5.307317 -0.012690 0.007478 -0.009790 0.001933 0.999922
1718924455.604730129 -8.489731 5.307254 -0.012818 0.007460 -0.009798 0.001897 0.999922
1718924455.609724522 -8.488270 5.307188 -0.012958 0.007456 -0.009808 0.001854 0.999922
1718924455.614769936 -8.486796 5.307121 -0.013104 0.007446 -0.009812 0.001808 0.999923
1718924455.619750500 -8.485342 5.307055 -0.013254 0.007430 -0.009820 0.001777 0.999923
1718924455.624749184 -8.483882 5.306990 -0.013408 0.007414 -0.009827 0.001746 0.999923
1718924455.629729271 -8.482425 5.306926 -0.013564 0.007386 -0.009829 0.001718 0.999923
1718924455.634772062 -8.480948 5.306863 -0.013722 0.007350 -0.009823 0.001696 0.999923
1718924455.639777660 -8.479479 5.306803 -0.013877 0.007315 -0.009813 0.001680 0.999924
1718924455.644768476 -8.478010 5.306744 -0.014029 0.007287 -0.009793 0.001671 0.999924
1718924455.649732113 -8.476546 5.306688 -0.014173 0.007270 -0.009780 0.001666 0.999924
1718924455.654772758 -8.475057 5.306635 -0.014314 0.007267 -0.009775 0.001665 0.999924
1718924455.659738064 -8.473591 5.306585 -0.014448 0.007270 -0.009775 0.001666 0.999924
1718924455.664778709 -8.472103 5.306536 -0.014583 0.007274 -0.009776 0.001662 0.999924
1718924455.669736862 -8.470640 5.306488 -0.014717 0.007274 -0.009775 0.001660 0.999924
1718924455.674735308 -8.469167 5.306441 -0.014854 0.007266 -0.009778 0.001660 0.999924
1718924455.679724932 -8.467698 5.306396 -0.014995 0.007256 -0.009780 0.001674 0.999924
1718924455.684768200 -8.466213 5.306351 -0.015141 0.007251 -0.009784 0.001705 0.999924
1718924455.689722538 -8.464754 5.306307 -0.015287 0.007253 -0.009786 0.001740 0.999924
1718924455.694765568 -8.463266 5.306263 -0.015436 0.007268 -0.009790 0.001777 0.999924
1718924455.699724436 -8.461801 5.306218 -0.015581 0.007279 -0.009789 0.001810 0.999924
1718924455.699976921 -8.461726 5.306216 -0.015588 0.007278 -0.009789 0.001811 0.999924
1718924455.699976921 -8.461726 5.306216 -0.015588 0.007278 -0.009789 0.001811 0.999924
1718924455.704730034 -8.460322 5.306177 -0.015709 0.007273 -0.009783 0.001839 0.999924
1718924455.709727049 -8.458848 5.306138 -0.015827 0.007249 -0.009778 0.001877 0.999924
1718924455.714720964 -8.457377 5.306100 -0.015938 0.007222 -0.009782 0.001924 0.999924
1718924455.719742060 -8.455902 5.306063 -0.016047 0.007192 -0.009787 0.001962 0.999924
1718924455.789761543 -8.435881 5.305561 -0.017653 0.007355 -0.009921 0.002029 0.999922
1718924455.794765472 -8.434453 5.305544 -0.017792 0.007362 -0.009939 0.002041 0.999921
1718924455.799765110 -8.433026 5.305528 -0.017930 0.007364 -0.009956 0.002052 0.999921
1718924455.799990177 -8.432962 5.305528 -0.017937 0.007364 -0.009957 0.002052 0.999921
1718924455.799990177 -8.432962 5.305528 -0.017937 0.007364 -0.009957 0.002052 0.999921
1718924455.804767132 -8.431612 5.305517 -0.018038 0.007374 -0.009977 0.002060 0.999921
1718924455.809762955 -8.430200 5.305505 -0.018147 0.007393 -0.009990 0.002079 0.999921
1718924455.814795494 -8.428779 5.305491 -0.018260 0.007417 -0.009995 0.002121 0.999920
1718924455.819816351 -8.427358 5.305475 -0.018375 0.007454 -0.009992 0.002163 0.999920
1718924455.824738026 -8.425962 5.305458 -0.018483 0.007475 -0.010003 0.002199 0.999920
1718924455.829730272 -8.424545 5.305439 -0.018586 0.007471 -0.010019 0.002237 0.999919
1718924455.834774256 -8.423113 5.305418 -0.018681 0.007451 -0.010034 0.002279 0.999919
1718924455.839776993 -8.421695 5.305397 -0.018770 0.007434 -0.010045 0.002332 0.999919
1718924455.844725370 -8.420296 5.305373 -0.018854 0.007424 -0.010048 0.002390 0.999919
1718924455.849816322 -8.418860 5.305347 -0.018942 0.007435 -0.010051 0.002449 0.999919
1718924455.854736090 -8.417476 5.305319 -0.019029 0.007459 -0.010063 0.002502 0.999918
1718924455.859804392 -8.416055 5.305287 -0.019121 0.007479 -0.010084 0.002544 0.999918
1718924455.864778519 -8.414662 5.305254 -0.019217 0.007486 -0.010104 0.002570 0.999918
1718924455.869740725 -8.413275 5.305218 -0.019316 0.007482 -0.010118 0.002590 0.999917
1718924455.874792099 -8.411865 5.305179 -0.019420 0.007463 -0.010123 0.002606 0.999918
1718924455.879756689 -8.410481 5.305139 -0.019525 0.007428 -0.010115 0.002605 0.999918
1718924455.884726524 -8.409094 5.305097 -0.019628 0.007386 -0.010114 0.002587 0.999918
1718924455.889761925 -8.407687 5.305056 -0.019730 0.007354 -0.010122 0.002562 0.999918
1718924455.894725800 -8.406298 5.305017 -0.019828 0.007339 -0.010129 0.002535 0.999919
1718924455.899753094 -8.404892 5.304980 -0.019926 0.007343 -0.010133 0.002499 0.999919
1718924455.900020838 -8.404817 5.304978 -0.019932 0.007343 -0.010133 0.002497 0.999919
1718924455.900020838 -8.404817 5.304978 -0.019932 0.007343 -0.010133 0.002497 0.999919
1718924455.904764414 -8.403479 5.304942 -0.019995 0.007350 -0.010132 0.002462 0.999919
1718924455.909759998 -8.402073 5.304906 -0.020064 0.007355 -0.010127 0.002421 0.999919
1718924455.914779425 -8.400660 5.304874 -0.020134 0.007363 -0.010128 0.002376 0.999919
1718924455.959793329 -8.387817 5.304617 -0.019972 0.007303 -0.009890 0.002447 0.999921
1718924455.964784622 -8.386385 5.304601 -0.019970 0.007287 -0.009887 0.002452 0.999922
1718924455.969774723 -8.384954 5.304585 -0.019963 0.007284 -0.009887 0.002454 0.999922
1718924455.974773884 -8.383520 5.304569 -0.019954 0.007304 -0.009888 0.002468 0.999921
1718924455.979813814 -8.382075 5.304553 -0.019945 0.007333 -0.009888 0.002492 0.999921
1718924455.984787464 -8.380650 5.304537 -0.019938 0.007358 -0.009889 0.002517 0.999921
1718924455.989740372 -8.379231 5.304520 -0.019935 0.007369 -0.009880 0.002542 0.999921
1718924455.994726181 -8.377802 5.304501 -0.019934 0.007370 -0.009879 0.002573 0.999921
1718924455.999723196 -8.376368 5.304481 -0.019935 0.007359 -0.009874 0.002605 0.999921
1718924456.004765034 -8.374919 5.304460 -0.019934 0.007326 -0.009870 0.002634 0.999921
1718924456.009760618 -8.373482 5.304438 -0.019927 0.007281 -0.009870 0.002667 0.999921
1718924456.014731646 -8.372055 5.304418 -0.019912 0.007248 -0.009872 0.002696 0.999921
1718924456.019738436 -8.370618 5.304400 -0.019889 0.007243 -0.009870 0.002733 0.999921
1718924456.024777174 -8.369176 5.304383 -0.019861 0.007252 -0.009868 0.002765 0.999921
1718924456.029751301 -8.367757 5.304368 -0.019833 0.007262 -0.009860 0.002788 0.999921
1718924456.034732342 -8.366341 5.304355 -0.019806 0.007272 -0.009856 0.002805 0.999921
1718924456.039770126 -8.364912 5.304344 -0.019782 0.007266 -0.009866 0.002820 0.999921
1718924456.044777870 -8.363495 5.304334 -0.019765 0.007251 -0.009889 0.002838 0.999921
1718924456.049730301 -8.362095 5.304325 -0.019754 0.007243 -0.009910 0.002841 0.999921
1718924456.054743290 -8.360681 5.304317 -0.019750 0.007239 -0.009932 0.002829 0.999920
1718924456.059726954 -8.359276 5.304310 -0.019752 0.007247 -0.009936 0.002817 0.999920
1718924456.064764023 -8.357855 5.304304 -0.019755 0.007262 -0.009931 0.002815 0.999920
1718924456.069727182 -8.356452 5.304299 -0.019755 0.007262 -0.009933 0.002808 0.999920
1718924456.074726105 -8.355037 5.304294 -0.019746 0.007232 -0.009941 0.002798 0.999921
1718924456.079727888 -8.353621 5.304293 -0.019731 0.007187 -0.009957 0.002796 0.999921
1718924456.084762812 -8.352197 5.304296 -0.019713 0.007143 -0.009964 0.002800 0.999921
1718924456.089728117 -8.350794 5.304301 -0.019698 0.007114 -0.009956 0.002797 0.999921
1718924456.094721556 -8.349386 5.304308 -0.019688 0.007104 -0.009949 0.002790 0.999921
1718924456.099730968 -8.347974 5.304317 -0.019682 0.007113 -0.009948 0.002793 0.999921
1718924456.099982977 -8.347903 5.304317 -0.019681 0.007114 -0.009948 0.002793 0.999921
1718924456.099982977 -8.347903 5.304317 -0.019681 0.007114 -0.009948 0.002793 0.999921
1718924456.104765177 -8.346557 5.304327 -0.019643 0.007127 -0.009961 0.002801 0.999921
1718924456.109729528 -8.345159 5.304340 -0.019605 0.007138 -0.009986 0.002806 0.999921
1718924456.114754677 -8.343743 5.304352 -0.019566 0.007133 -0.010012 0.002812 0.999920
1718924456.169764280 -8.328523 5.304321 -0.019287 0.007223 -0.010039 0.002892 0.999919
1718924456.174772501 -8.327149 5.304307 -0.019305 0.007225 -0.010054 0.002894 0.999919
1718924456.179736376 -8.325789 5.304290 -0.019328 0.007230 -0.010067 0.002891 0.999919
1718924456.184779882 -8.324408 5.304267 -0.019356 0.007241 -0.010075 0.002891 0.999919
1718924456.189731598 -8.323052 5.304241 -0.019383 0.007255 -0.010079 0.002889 0.999919
1718924456.194797039 -8.321662 5.304211 -0.019407 0.007258 -0.010086 0.002877 0.999919
1718924456.199746132 -8.320303 5.304179 -0.019424 0.007247 -0.010095 0.002858 0.999919
1718924456.199995995 -8.320234 5.304177 -0.019425 0.007246 -0.010095 0.002857 0.999919
1718924456.199995995 -8.320234 5.304177 -0.019425 0.007246 -0.010095 0.002857 0.999919
1718924456.204752684 -8.318930 5.304142 -0.019405 0.007237 -0.010095 0.002838 0.999919
1718924456.209786654 -8.317552 5.304104 -0.019382 0.007225 -0.010100 0.002816 0.999919
1718924456.214745045 -8.316198 5.304065 -0.019363 0.007220 -0.010093 0.002790 0.999919
1718924456.219750404 -8.314835 5.304026 -0.019349 0.007239 -0.010082 0.002758 0.999919
1718924456.224738598 -8.313476 5.303988 -0.019341 0.007268 -0.010075 0.002716 0.999919
1718924456.229739428 -8.312115 5.303950 -0.019338 0.007288 -0.010073 0.002664 0.999919
1718924456.234797955 -8.310737 5.303913 -0.019338 0.007299 -0.010078 0.002610 0.999919
1718924456.239732504 -8.309391 5.303879 -0.019342 0.007299 -0.010079 0.002559 0.999919
1718924456.244750261 -8.308022 5.303847 -0.019347 0.007294 -0.010075 0.002513 0.999919
1718924456.249738455 -8.306660 5.303817 -0.019353 0.007292 -0.010061 0.002462 0.999920
1718924456.254788160 -8.305279 5.303790 -0.019355 0.007281 -0.010043 0.002408 0.999920
1718924456.259732485 -8.303923 5.303767 -0.019352 0.007272 -0.010028 0.002364 0.999920
1718924456.264818430 -8.302525 5.303748 -0.019342 0.007279 -0.010006 0.002318 0.999921
1718924456.269728899 -8.301173 5.303735 -0.019329 0.007300 -0.009988 0.002284 0.999921
1718924456.274741173 -8.299793 5.303724 -0.019313 0.007318 -0.009975 0.002256 0.999921
1718924456.279733896 -8.298419 5.303717 -0.019299 0.007337 -0.009971 0.002235 0.999921
1718924456.284769535 -8.297032 5.303713 -0.019286 0.007353 -0.009969 0.002219 0.999921
1718924456.289740801 -8.295663 5.303712 -0.019274 0.007358 -0.009966 0.002204 0.999921
1718924456.294796467 -8.294271 5.303713 -0.019265 0.007353 -0.009972 0.002201 0.999921
1718924456.299750566 -8.292909 5.303715 -0.019258 0.007361 -0.009976 0.002212 0.999921
1718924456.299983978 -8.292845 5.303715 -0.019258 0.007362 -0.009976 0.002213 0.999921
1718924456.299983978 -8.292845 5.303715 -0.019258 0.007362 -0.009976 0.002213 0.999921
1718924456.304780006 -8.291524 5.303719 -0.019244 0.007382 -0.009980 0.002231 0.999920
1718924456.309758186 -8.290151 5.303721 -0.019230 0.007396 -0.009982 0.002251 0.999920
1718924456.314808369 -8.288757 5.303721 -0.019213 0.007401 -0.009986 0.002281 0.999920
1718924456.369767904 -8.273564 5.303589 -0.018742 0.007474 -0.009800 0.002217 0.999922
1718924456.374781847 -8.272173 5.303573 -0.018705 0.007472 -0.009800 0.002212 0.999922
1718924456.379773378 -8.270785 5.303556 -0.018661 0.007471 -0.009799 0.002202 0.999922
1718924456.389762640 -8.268003 5.303522 -0.018552 0.007476 -0.009792 0.002182 0.999922
1718924456.394757748 -8.266613 5.303507 -0.018498 0.007487 -0.009801 0.002176 0.999922
1718924456.399760485 -8.265221 5.303493 -0.018449 0.007503 -0.009801 0.002166 0.999921
1718924456.399994135 -8.265156 5.303492 -0.018447 0.007503 -0.009802 0.002166 0.999921
1718924456.399994135 -8.265156 5.303492 -0.018447 0.007503 -0.009802 0.002166 0.999921
1718924456.404758453 -8.263837 5.303475 -0.018382 0.007522 -0.009796 0.002162 0.999921
1718924456.409759045 -8.262453 5.303455 -0.018322 0.007542 -0.009798 0.002158 0.999921
1718924456.414821625 -8.261052 5.303436 -0.018267 0.007567 -0.009812 0.002150 0.999921
1718924456.419795752 -8.259674 5.303418 -0.018216 0.007600 -0.009832 0.002143 0.999920
1718924456.424825668 -8.258276 5.303399 -0.018163 0.007643 -0.009838 0.002138 0.999920
1718924456.429749489 -8.256906 5.303378 -0.018110 0.007675 -0.009830 0.002137 0.999920
1718924456.434804440 -8.255497 5.303355 -0.018050 0.007700 -0.009826 0.002141 0.999920
1718924456.439808846 -8.254098 5.303330 -0.017984 0.007715 -0.009824 0.002142 0.999920
1718924456.444809914 -8.252696 5.303305 -0.017910 0.007725 -0.009823 0.002143 0.999920
1718924456.449764252 -8.251307 5.303280 -0.017832 0.007735 -0.009828 0.002144 0.999919
1718924456.454765320 -8.249905 5.303254 -0.017751 0.007750 -0.009826 0.002153 0.999919
1718924456.459765196 -8.248506 5.303228 -0.017671 0.007774 -0.009816 0.002160 0.999919
1718924456.464823961 -8.247093 5.303200 -0.017593 0.007804 -0.009811 0.002164 0.999919
1718924456.469771862 -8.245710 5.303172 -0.017520 0.007833 -0.009822 0.002166 0.999919
1718924456.474771738 -8.244316 5.303143 -0.017447 0.007854 -0.009834 0.002168 0.999918
1718924456.479773045 -8.242924 5.303114 -0.017375 0.007874 -0.009847 0.002165 0.999918
1718924456.484767199 -8.241535 5.303085 -0.017304 0.007881 -0.009858 0.002146 0.999918
1718924456.489773750 -8.240142 5.303056 -0.017233 0.007881 -0.009869 0.002119 0.999918
1718924456.494756460 -8.238758 5.303026 -0.017162 0.007880 -0.009870 0.002084 0.999918
1718924456.499761820 -8.237367 5.302996 -0.017092 0.007880 -0.009859 0.002047 0.999918
1718924456.499983072 -8.237305 5.302995 -0.017089 0.007880 -0.009858 0.002046 0.999918
1718924456.499983072 -8.237305 5.302995 -0.017089 0.007880 -0.009858 0.002046 0.999918
1718924456.504757166 -8.235972 5.302971 -0.017009 0.007879 -0.009857 0.002009 0.999918
1718924456.509767294 -8.234572 5.302948 -0.016924 0.007883 -0.009852 0.001967 0.999918
1718924456.514765501 -8.233173 5.302928 -0.016837 0.007880 -0.009851 0.001929 0.999919
1718924456.584816217 -8.213360 5.302187 -0.015198 0.008571 -0.009433 0.002424 0.999916
1718924456.589783669 -8.211937 5.302113 -0.015071 0.008608 -0.009432 0.002462 0.999915
1718924456.594802856 -8.210497 5.302036 -0.014943 0.008641 -0.009429 0.002504 0.999915
1718924456.599759102 -8.209076 5.301955 -0.014816 0.008673 -0.009416 0.002547 0.999915
1718924456.599987030 -8.209011 5.301951 -0.014810 0.008675 -0.009415 0.002549 0.999915
1718924456.599987030 -8.209011 5.301951 -0.014810 0.008675 -0.009415 0.002549 0.999915
1718924456.604803801 -8.207636 5.301859 -0.014659 0.008715 -0.009390 0.002588 0.999915
1718924456.609798431 -8.206214 5.301758 -0.014503 0.008760 -0.009359 0.002625 0.999914
1718924456.614774466 -8.204798 5.301655 -0.014348 0.008796 -0.009339 0.002657 0.999914
1718924456.619798899 -8.203367 5.301546 -0.014193 0.008818 -0.009335 0.002679 0.999914
1718924456.624819279 -8.201938 5.301434 -0.014038 0.008825 -0.009340 0.002695 0.999914
1718924456.629874229 -8.200503 5.301318 -0.013880 0.008829 -0.009347 0.002695 0.999914
1718924456.634824038 -8.199102 5.301205 -0.013722 0.008847 -0.009354 0.002675 0.999914
1718924456.639802456 -8.197698 5.301093 -0.013560 0.008881 -0.009355 0.002648 0.999913
1718924456.644810915 -8.196291 5.300984 -0.013395 0.008918 -0.009349 0.002610 0.999913
1718924456.649764776 -8.194904 5.300879 -0.013232 0.008953 -0.009339 0.002559 0.999913
1718924456.654801846 -8.193498 5.300776 -0.013067 0.008979 -0.009336 0.002500 0.999913
1718924456.659774780 -8.192112 5.300680 -0.012905 0.009003 -0.009346 0.002445 0.999913
1718924456.664776802 -8.190720 5.300588 -0.012745 0.009020 -0.009366 0.002391 0.999913
1718924456.669809580 -8.189321 5.300501 -0.012586 0.009036 -0.009394 0.002332 0.999912
1718924456.674812794 -8.187935 5.300419 -0.012433 0.009057 -0.009422 0.002258 0.999912
1718924456.679766893 -8.186564 5.300343 -0.012285 0.009096 -0.009442 0.002180 0.999912
1718924456.684794188 -8.185174 5.300272 -0.012140 0.009144 -0.009450 0.002096 0.999911
1718924456.689763069 -8.183797 5.300205 -0.011996 0.009174 -0.009457 0.002017 0.999911
1718924456.694804192 -8.182397 5.300140 -0.011846 0.009183 -0.009467 0.001948 0.999911
1718924456.699760437 -8.181017 5.300080 -0.011693 0.009174 -0.009478 0.001884 0.999911
1718924456.699911118 -8.180975 5.300078 -0.011688 0.009173 -0.009478 0.001882 0.999911
1718924456.699911118 -8.180975 5.300078 -0.011688 0.009173 -0.009478 0.001882 0.999911
1718924456.704834938 -8.179598 5.300031 -0.011524 0.009148 -0.009494 0.001824 0.999911
1718924456.709770679 -8.178216 5.299989 -0.011359 0.009121 -0.009516 0.001767 0.999912
1718924456.714804173 -8.176806 5.299950 -0.011194 0.009099 -0.009536 0.001718 0.999912
1718924456.719768047 -8.175415 5.299915 -0.011038 0.009085 -0.009556 0.001687 0.999912
1718924456.784826756 -8.157383 5.299670 -0.010973 0.009491 -0.010131 0.003264 0.999898
1718924456.789800406 -8.156014 5.299657 -0.011138 0.009501 -0.010176 0.003380 0.999897
1718924456.794801950 -8.154635 5.299641 -0.011318 0.009471 -0.010232 0.003471 0.999897
1718924456.799798965 -8.153252 5.299623 -0.011500 0.009391 -0.010311 0.003544 0.999896
1718924456.799981117 -8.153201 5.299622 -0.011506 0.009386 -0.010314 0.003547 0.999896
1718924456.799981117 -8.153201 5.299622 -0.011506 0.009386 -0.010314 0.003547 0.999896
1718924456.804792881 -8.151862 5.299594 -0.011646 0.009271 -0.010416 0.003615 0.999896
1718924456.809797287 -8.150468 5.299564 -0.011777 0.009139 -0.010533 0.003673 0.999896
1718924456.814823151 -8.149067 5.299535 -0.011894 0.009022 -0.010646 0.003704 0.999896
1718924456.819778442 -8.147687 5.299508 -0.011998 0.008948 -0.010732 0.003723 0.999895
1718924456.824809551 -8.146288 5.299484 -0.012098 0.008889 -0.010801 0.003737 0.999895
1718924456.829780579 -8.144907 5.299462 -0.012196 0.008849 -0.010856 0.003746 0.999895
1718924456.834812164 -8.143509 5.299443 -0.012305 0.008821 -0.010903 0.003739 0.999895
1718924456.839818716 -8.142116 5.299426 -0.012430 0.008777 -0.010952 0.003718 0.999895
1718924456.844810963 -8.140728 5.299409 -0.012575 0.008709 -0.011009 0.003694 0.999895
1718924456.849806070 -8.139338 5.299391 -0.012741 0.008626 -0.011071 0.003667 0.999895
1718924456.854809999 -8.137944 5.299372 -0.012922 0.008537 -0.011143 0.003636 0.999895
1718924456.859793901 -8.136550 5.299352 -0.013109 0.008464 -0.011219 0.003603 0.999895
1718924456.864799738 -8.135145 5.299330 -0.013292 0.008412 -0.011282 0.003567 0.999895
1718924456.869795561 -8.133737 5.299304 -0.013459 0.008369 -0.011340 0.003528 0.999894
1718924456.874800444 -8.132324 5.299273 -0.013609 0.008321 -0.011390 0.003495 0.999894
1718924456.879803181 -8.130909 5.299238 -0.013744 0.008275 -0.011439 0.003471 0.999894
1718924456.884791136 -8.129496 5.299201 -0.013870 0.008223 -0.011492 0.003447 0.999894
1718924456.889755487 -8.128088 5.299159 -0.013995 0.008178 -0.011540 0.003435 0.999894
1718924456.894763708 -8.126667 5.299112 -0.014126 0.008124 -0.011574 0.003431 0.999894
1718924456.899796247 -8.125237 5.299058 -0.014265 0.008069 -0.011621 0.003442 0.999894
1718924456.900010347 -8.125176 5.299056 -0.014271 0.008067 -0.011624 0.003443 0.999894
1718924456.900010347 -8.125176 5.299056 -0.014271 0.008067 -0.011624 0.003443 0.999894
1718924456.904792070 -8.123819 5.299005 -0.014403 0.008016 -0.011691 0.003467 0.999894
1718924456.909756184 -8.122407 5.298951 -0.014541 0.007962 -0.011770 0.003501 0.999893
1718924456.914819956 -8.120963 5.298892 -0.014681 0.007914 -0.011852 0.003545 0.999892
1718924456.989837408 -8.099768 5.298576 -0.016566 0.007217 -0.013390 0.003357 0.999879
1718924456.994778872 -8.098371 5.298613 -0.016718 0.007194 -0.013482 0.003335 0.999878
1718924456.999779940 -8.096959 5.298659 -0.016884 0.007208 -0.013554 0.003303 0.999877
1718924457.004828453 -8.095536 5.298711 -0.017068 0.007248 -0.013607 0.003273 0.999876
1718924457.009763241 -8.094148 5.298765 -0.017262 0.007290 -0.013631 0.003244 0.999875
1718924457.014824152 -8.092727 5.298822 -0.017473 0.007314 -0.013631 0.003209 0.999875
1718924457.019853830 -8.091313 5.298882 -0.017687 0.007315 -0.013628 0.003178 0.999875
1718924457.024768829 -8.089928 5.298941 -0.017893 0.007292 -0.013648 0.003147 0.999875
1718924457.029768229 -8.088516 5.299002 -0.018095 0.007262 -0.013688 0.003113 0.999875
1718924457.034763098 -8.087105 5.299062 -0.018290 0.007240 -0.013750 0.003076 0.999875
1718924457.039771557 -8.085691 5.299122 -0.018481 0.007230 -0.013820 0.003048 0.999874
1718924457.044760942 -8.084284 5.299179 -0.018673 0.007245 -0.013879 0.003013 0.999873
1718924457.049760103 -8.082875 5.299235 -0.018870 0.007281 -0.013920 0.002981 0.999872
1718924457.054774761 -8.081463 5.299289 -0.019070 0.007310 -0.013954 0.002960 0.999872
1718924457.059764862 -8.080058 5.299338 -0.019272 0.007320 -0.013984 0.002952 0.999871
1718924457.064759731 -8.078651 5.299382 -0.019476 0.007325 -0.014014 0.002951 0.999871
1718924457.069756269 -8.077240 5.299422 -0.019682 0.007340 -0.014058 0.002957 0.999870
1718924457.074801207 -8.075812 5.299458 -0.019895 0.007361 -0.014100 0.002967 0.999869
1718924457.079796076 -8.074397 5.299487 -0.020108 0.007400 -0.014135 0.002992 0.999868
1718924457.084799528 -8.072979 5.299509 -0.020323 0.007452 -0.014163 0.003023 0.999867
1718924457.089795113 -8.071561 5.299521 -0.020534 0.007503 -0.014187 0.003055 0.999867
1718924457.094800234 -8.070137 5.299525 -0.020738 0.007539 -0.014219 0.003082 0.999866
1718924457.099756718 -8.068726 5.299522 -0.020935 0.007560 -0.014252 0.003104 0.999865
1718924457.100010157 -8.068653 5.299522 -0.020944 0.007560 -0.014254 0.003105 0.999865
1718924457.100010157 -8.068653 5.299522 -0.020944 0.007560 -0.014254 0.003105 0.999865
1718924457.104803085 -8.067291 5.299510 -0.021107 0.007568 -0.014291 0.003130 0.999864
1718924457.109788179 -8.065875 5.299488 -0.021275 0.007565 -0.014335 0.003163 0.999864
1718924457.114762545 -8.064463 5.299459 -0.021445 0.007578 -0.014382 0.003187 0.999863
1718924457.189782619 -8.042947 5.299586 -0.024174 0.007864 -0.015126 0.002544 0.999851
1718924457.194772959 -8.041485 5.299637 -0.024388 0.007892 -0.015165 0.002499 0.999851
1718924457.199759245 -8.040023 5.299693 -0.024605 0.007913 -0.015191 0.002471 0.999850
1718924457.204801083 -8.038541 5.299753 -0.024826 0.007946 -0.015203 0.002446 0.999850
1718924457.209757805 -8.037081 5.299815 -0.025045 0.007984 -0.015202 0.002423 0.999850
1718924457.214773417 -8.035601 5.299880 -0.025264 0.008017 -0.015198 0.002409 0.999849
1718924457.219792128 -8.034117 5.299946 -0.025479 0.008043 -0.015204 0.002407 0.999849
1718924457.224771023 -8.032642 5.300014 -0.025686 0.008060 -0.015227 0.002421 0.999849
1718924457.229768753 -8.031160 5.300085 -0.025891 0.008067 -0.015263 0.002439 0.999848
1718924457.234764576 -8.029678 5.300155 -0.026096 0.008082 -0.015300 0.002463 0.999847
1718924457.239807844 -8.028185 5.300225 -0.026306 0.008106 -0.015333 0.002489 0.999846
1718924457.244776726 -8.026714 5.300292 -0.026513 0.008149 -0.015359 0.002515 0.999846
1718924457.249764204 -8.025237 5.300358 -0.026721 0.008202 -0.015376 0.002536 0.999845
1718924457.254763842 -8.023754 5.300422 -0.026928 0.008243 -0.015387 0.002553 0.999844
1718924457.259792328 -8.022261 5.300484 -0.027134 0.008265 -0.015392 0.002581 0.999844
1718924457.264797688 -8.020773 5.300540 -0.027335 0.008263 -0.015390 0.002624 0.999844
1718924457.269802332 -8.019284 5.300594 -0.027530 0.008243 -0.015395 0.002664 0.999844
1718924457.274758101 -8.017808 5.300646 -0.027717 0.008229 -0.015406 0.002699 0.999844
1718924457.279754162 -8.016320 5.300697 -0.027904 0.008230 -0.015424 0.002721 0.999843
1718924457.284759045 -8.014833 5.300746 -0.028092 0.008233 -0.015437 0.002732 0.999843
1718924457.289796114 -8.013342 5.300794 -0.028285 0.008245 -0.015455 0.002736 0.999843
1718924457.294819832 -8.011860 5.300842 -0.028484 0.008264 -0.015480 0.002738 0.999842
1718924457.299785852 -8.010397 5.300888 -0.028684 0.008278 -0.015511 0.002736 0.999842
1718924457.299983978 -8.010339 5.300890 -0.028692 0.008278 -0.015513 0.002736 0.999842
1718924457.299983978 -8.010339 5.300890 -0.028692 0.008278 -0.015513 0.002736 0.999842
1718924457.304759264 -8.008935 5.300935 -0.028868 0.008285 -0.015547 0.002720 0.999841
1718924457.309758186 -8.007468 5.300982 -0.029053 0.008281 -0.015584 0.002691 0.999841
1718924457.314839602 -8.005977 5.301031 -0.029243 0.008283 -0.015622 0.002657 0.999840
1718924457.354798317 -7.994270 5.301575 -0.030840 0.008003 -0.016098 0.002587 0.999835
1718924457.359771490 -7.992834 5.301649 -0.031064 0.008003 -0.016137 0.002574 0.999834
1718924457.364754915 -7.991397 5.301725 -0.031294 0.008021 -0.016167 0.002566 0.999834
1718924457.369760990 -7.989953 5.301801 -0.031528 0.008033 -0.016188 0.002565 0.999833
1718924457.374763727 -7.988510 5.301878 -0.031762 0.008033 -0.016210 0.002568 0.999833
1718924457.379758835 -7.987067 5.301955 -0.031995 0.008032 -0.016229 0.002563 0.999833
1718924457.384770870 -7.985617 5.302033 -0.032226 0.008026 -0.016249 0.002563 0.999832
1718924457.389778614 -7.984165 5.302110 -0.032452 0.008022 -0.016273 0.002565 0.999832
1718924457.394787312 -7.982710 5.302184 -0.032670 0.008024 -0.016282 0.002553 0.999832
1718924457.399759531 -7.981266 5.302253 -0.032880 0.008011 -0.016291 0.002527 0.999832
1718924457.399986029 -7.981201 5.302256 -0.032889 0.008009 -0.016291 0.002525 0.999832
1718924457.399986029 -7.981201 5.302256 -0.032889 0.008009 -0.016291 0.002525 0.999832
1718924457.404798746 -7.979818 5.302311 -0.033077 0.007979 -0.016313 0.002485 0.999832
1718924457.409750462 -7.978395 5.302361 -0.033262 0.007927 -0.016348 0.002442 0.999832
1718924457.414784908 -7.976951 5.302409 -0.033448 0.007872 -0.016390 0.002390 0.999832
1718924457.419760466 -7.975526 5.302455 -0.033634 0.007824 -0.016425 0.002327 0.999832
1718924457.424815655 -7.974081 5.302496 -0.033829 0.007786 -0.016460 0.002249 0.999832
1718924457.429767609 -7.972665 5.302530 -0.034028 0.007749 -0.016494 0.002157 0.999832
1718924457.434755802 -7.971239 5.302556 -0.034234 0.007704 -0.016521 0.002043 0.999832
1718924457.439813852 -7.969793 5.302578 -0.034447 0.007661 -0.016535 0.001910 0.999832
1718924457.444809914 -7.968369 5.302595 -0.034659 0.007616 -0.016537 0.001754 0.999833
1718924457.449799538 -7.966950 5.302608 -0.034869 0.007564 -0.016537 0.001584 0.999833
1718924457.454792738 -7.965534 5.302618 -0.035073 0.007506 -0.016535 0.001408 0.999834
1718924457.459751129 -7.964128 5.302626 -0.035270 0.007455 -0.016532 0.001221 0.999835
1718924457.464753389 -7.962713 5.302633 -0.035465 0.007427 -0.016526 0.001022 0.999835
1718924457.469756842 -7.961303 5.302640 -0.035657 0.007429 -0.016521 0.000825 0.999836
1718924457.474794626 -7.959888 5.302650 -0.035848 0.007448 -0.016513 0.000607 0.999836
1718924457.479749203 -7.958501 5.302662 -0.036034 0.007459 -0.016509 0.000366 0.999836
1718924457.484798193 -7.957090 5.302675 -0.036221 0.007410 -0.016525 0.000118 0.999836
1718924457.489743948 -7.955708 5.302688 -0.036405 0.007297 -0.016560 -0.000118 0.999836
1718924457.494787931 -7.954297 5.302705 -0.036601 0.007181 -0.016595 -0.000347 0.999836
1718924457.499791861 -7.952894 5.302732 -0.036808 0.007111 -0.016621 -0.000568 0.999836
1718924457.499987841 -7.952839 5.302733 -0.036817 0.007109 -0.016621 -0.000576 0.999836
1718924457.499987841 -7.952839 5.302733 -0.036817 0.007109 -0.016621 -0.000576 0.999836
1718924457.504749060 -7.951489 5.302771 -0.037018 0.007073 -0.016625 -0.000795 0.999836
1718924457.509754181 -7.950066 5.302817 -0.037235 0.007037 -0.016622 -0.001017 0.999837
1718924457.514762163 -7.948639 5.302865 -0.037454 0.006979 -0.016617 -0.001220 0.999837
1718924457.599992990 -7.924628 5.303534 -0.040809 0.007720 -0.016776 -0.003081 0.999825
1718924457.599992990 -7.924628 5.303534 -0.040809 0.007720 -0.016776 -0.003081 0.999825
1718924457.609792709 -7.921912 5.303593 -0.041104 0.007811 -0.016816 -0.003296 0.999823
1718924457.614805460 -7.920520 5.303618 -0.041257 0.007849 -0.016824 -0.003426 0.999822
1718924457.619776726 -7.919140 5.303640 -0.041409 0.007876 -0.016832 -0.003575 0.999821
1718924457.624819756 -7.917741 5.303658 -0.041563 0.007876 -0.016844 -0.003747 0.999820
1718924457.629800320 -7.916358 5.303673 -0.041715 0.007842 -0.016866 -0.003920 0.999819
1718924457.634856462 -7.914952 5.303686 -0.041867 0.007797 -0.016898 -0.004090 0.999818
1718924457.639822245 -7.913570 5.303701 -0.042015 0.007758 -0.016928 -0.004249 0.999818
1718924457.644762993 -7.912196 5.303721 -0.042162 0.007717 -0.016950 -0.004407 0.999817
1718924457.649836540 -7.910788 5.303744 -0.042309 0.007656 -0.016965 -0.004564 0.999816
1718924457.654764414 -7.909423 5.303768 -0.042446 0.007593 -0.016974 -0.004691 0.999816
1718924457.659752846 -7.908042 5.303797 -0.042578 0.007545 -0.016990 -0.004792 0.999816
1718924457.664805651 -7.906645 5.303831 -0.042706 0.007524 -0.017012 -0.004873 0.999815
1718924457.669794559 -7.905269 5.303867 -0.042828 0.007516 -0.017044 -0.004929 0.999814
1718924457.674750566 -7.903907 5.303906 -0.042943 0.007504 -0.017088 -0.004974 0.999813
1718924457.679799557 -7.902524 5.303947 -0.043056 0.007483 -0.017135 -0.004994 0.999813
1718924457.684793711 -7.901160 5.303990 -0.043166 0.007458 -0.017189 -0.004996 0.999812
1718924457.689762354 -7.899807 5.304034 -0.043275 0.007433 -0.017249 -0.004981 0.999811
1718924457.694819212 -7.898433 5.304079 -0.043390 0.007427 -0.017312 -0.004944 0.999810
1718924457.699754238 -7.897093 5.304124 -0.043506 0.007444 -0.017376 -0.004891 0.999809
1718924457.699915171 -7.897049 5.304126 -0.043510 0.007444 -0.017378 -0.004889 0.999809
1718924457.699915171 -7.897049 5.304126 -0.043510 0.007444 -0.017378 -0.004889 0.999809
1718924457.704863787 -7.895702 5.304168 -0.043635 0.007459 -0.017431 -0.004827 0.999809
1718924457.709760904 -7.894367 5.304209 -0.043758 0.007462 -0.017478 -0.004759 0.999808
1718924457.714754581 -7.893002 5.304249 -0.043878 0.007442 -0.017526 -0.004673 0.999808
1718924457.719790936 -7.891622 5.304286 -0.043992 0.007412 -0.017569 -0.004579 0.999808
1718924457.799989939 -7.868938 5.303852 -0.045022 0.008035 -0.017572 -0.006393 0.999793
1718924457.799989939 -7.868938 5.303852 -0.045022 0.008035 -0.017572 -0.006393 0.999793
1718924457.809744596 -7.866080 5.303684 -0.045029 0.008113 -0.017575 -0.006621 0.999791
1718924457.814750433 -7.864595 5.303585 -0.045007 0.008138 -0.017597 -0.006725 0.999789
1718924457.819833517 -7.863081 5.303485 -0.044964 0.008153 -0.017651 -0.006805 0.999788
1718924457.824806929 -7.861596 5.303387 -0.044903 0.008163 -0.017713 -0.006859 0.999786
1718924457.829758644 -7.860115 5.303291 -0.044829 0.008179 -0.017769 -0.006896 0.999785
1718924457.834759474 -7.858619 5.303198 -0.044749 0.008216 -0.017812 -0.006903 0.999784
1718924457.839747667 -7.857126 5.303112 -0.044664 0.008244 -0.017855 -0.006878 0.999783
1718924457.844751120 -7.855629 5.303034 -0.044573 0.008257 -0.017901 -0.006822 0.999782
1718924457.849799156 -7.854117 5.302968 -0.044476 0.008262 -0.017952 -0.006727 0.999782
1718924457.854784727 -7.852625 5.302915 -0.044378 0.008274 -0.017990 -0.006597 0.999782
1718924457.859778166 -7.851133 5.302875 -0.044281 0.008309 -0.018026 -0.006441 0.999782
1718924457.864740610 -7.849652 5.302847 -0.044190 0.008368 -0.018062 -0.006269 0.999782
1718924457.869746208 -7.848160 5.302827 -0.044104 0.008439 -0.018098 -0.006082 0.999782
1718924457.874782324 -7.846658 5.302813 -0.044026 0.008519 -0.018139 -0.005891 0.999782
1718924457.879783869 -7.845164 5.302806 -0.043957 0.008592 -0.018182 -0.005704 0.999782
1718924457.884787321 -7.843666 5.302801 -0.043895 0.008634 -0.018231 -0.005523 0.999781
1718924457.889780283 -7.842169 5.302798 -0.043834 0.008630 -0.018283 -0.005350 0.999781
1718924457.894783974 -7.840668 5.302795 -0.043774 0.008593 -0.018324 -0.005201 0.999782
1718924457.899742603 -7.839182 5.302793 -0.043716 0.008553 -0.018345 -0.005083 0.999782
1718924457.900025129 -7.839097 5.302792 -0.043712 0.008552 -0.018346 -0.005078 0.999782
1718924457.900025129 -7.839097 5.302792 -0.043712 0.008552 -0.018346 -0.005078 0.999782
1718924457.904753447 -7.837670 5.302783 -0.043639 0.008532 -0.018358 -0.004991 0.999783
1718924457.909744740 -7.836163 5.302774 -0.043560 0.008546 -0.018361 -0.004923 0.999783
1718924457.934770346 -7.828637 5.302703 -0.043097 0.008289 -0.018872 -0.005232 0.999774
1718924457.939747572 -7.827141 5.302694 -0.043000 0.008232 -0.018946 -0.005311 0.999773
1718924457.944815159 -7.825622 5.302686 -0.042902 0.008201 -0.019010 -0.005405 0.999771
1718924457.949824333 -7.824123 5.302680 -0.042810 0.008197 -0.019048 -0.005504 0.999770
1718924457.954798222 -7.822637 5.302677 -0.042725 0.008228 -0.019069 -0.005592 0.999769
1718924457.959784746 -7.821149 5.302680 -0.042647 0.008283 -0.019083 -0.005656 0.999768
1718924457.964821100 -7.819645 5.302686 -0.042571 0.008323 -0.019105 -0.005703 0.999767
1718924457.969786406 -7.818161 5.302692 -0.042497 0.008337 -0.019132 -0.005743 0.999766
1718924457.974748135 -7.816676 5.302697 -0.042423 0.008320 -0.019159 -0.005759 0.999765
1718924457.979742527 -7.815180 5.302705 -0.042349 0.008289 -0.019197 -0.005741 0.999765
1718924457.984796762 -7.813666 5.302715 -0.042277 0.008269 -0.019235 -0.005689 0.999765
1718924457.989823103 -7.812158 5.302724 -0.042203 0.008252 -0.019271 -0.005614 0.999764
1718924457.994805813 -7.810661 5.302733 -0.042124 0.008236 -0.019314 -0.005528 0.999764
1718924457.999831676 -7.809149 5.302741 -0.042035 0.008232 -0.019371 -0.005429 0.999764
1718924458.004808903 -7.807648 5.302747 -0.041940 0.008245 -0.019437 -0.005316 0.999763
1718924458.009799480 -7.806139 5.302750 -0.041840 0.008254 -0.019495 -0.005195 0.999762
1718924458.014746666 -7.804641 5.302746 -0.041740 0.008254 -0.019544 -0.005071 0.999762
1718924458.019780159 -7.803115 5.302737 -0.041642 0.008255 -0.019586 -0.004938 0.999762
1718924458.024785519 -7.801595 5.302723 -0.041552 0.008268 -0.019616 -0.004807 0.999762
1718924458.029753447 -7.800085 5.302705 -0.041469 0.008274 -0.019645 -0.004683 0.999762
1718924458.034794092 -7.798552 5.302680 -0.041387 0.008250 -0.019673 -0.004571 0.999762
1718924458.039787054 -7.797033 5.302649 -0.041306 0.008213 -0.019700 -0.004476 0.999762
1718924458.044846535 -7.795493 5.302614 -0.041217 0.008172 -0.019737 -0.004395 0.999762
1718924458.049741268 -7.794002 5.302578 -0.041122 0.008122 -0.019786 -0.004321 0.999762
1718924458.054754496 -7.792473 5.302542 -0.041013 0.008057 -0.019844 -0.004250 0.999762
1718924458.059782028 -7.790940 5.302508 -0.040894 0.007966 -0.019897 -0.004194 0.999761
1718924458.064743042 -7.789428 5.302479 -0.040771 0.007856 -0.019949 -0.004140 0.999762
1718924458.069737911 -7.787903 5.302456 -0.040642 0.007721 -0.020012 -0.004081 0.999762
1718924458.074736595 -7.786373 5.302441 -0.040510 0.007560 -0.020093 -0.004014 0.999761
1718924458.079778433 -7.784825 5.302435 -0.040374 0.007399 -0.020188 -0.003929 0.999761
1718924458.084735632 -7.783299 5.302438 -0.040243 0.007263 -0.020291 -0.003828 0.999760
1718924458.089732409 -7.781757 5.302452 -0.040120 0.007153 -0.020385 -0.003708 0.999760
1718924458.094773531 -7.780197 5.302479 -0.040011 0.007094 -0.020463 -0.003563 0.999759
1718924458.099740505 -7.778658 5.302515 -0.039921 0.007081 -0.020508 -0.003404 0.999759
1718924458.099996328 -7.778579 5.302517 -0.039916 0.007081 -0.020510 -0.003396 0.999759
1718924458.099996328 -7.778579 5.302517 -0.039916 0.007081 -0.020510 -0.003396 0.999759
1718924458.104733944 -7.777120 5.302559 -0.039842 0.007090 -0.020516 -0.003246 0.999759
1718924458.109739542 -7.775579 5.302602 -0.039761 0.007098 -0.020522 -0.003083 0.999759
1718924458.114739656 -7.774038 5.302639 -0.039668 0.007102 -0.020547 -0.002909 0.999759
1718924458.199995279 -7.747868 5.303527 -0.037695 0.006074 -0.021262 -0.000215 0.999755
1718924458.199995279 -7.747868 5.303527 -0.037695 0.006074 -0.021262 -0.000215 0.999755
1718924458.229748011 -7.738750 5.304135 -0.036361 0.005697 -0.021603 0.000731 0.999750
1718924458.234733582 -7.737216 5.304248 -0.036121 0.005629 -0.021637 0.000893 0.999750
1718924458.239738703 -7.735677 5.304365 -0.035884 0.005564 -0.021673 0.001054 0.999749
1718924458.244735479 -7.734143 5.304483 -0.035657 0.005515 -0.021710 0.001204 0.999748
1718924458.249783993 -7.732596 5.304604 -0.035440 0.005498 -0.021745 0.001343 0.999748
1718924458.254735470 -7.731079 5.304723 -0.035240 0.005495 -0.021789 0.001469 0.999746
1718924458.259743690 -7.729545 5.304844 -0.035045 0.005492 -0.021843 0.001574 0.999745
1718924458.264744520 -7.728014 5.304964 -0.034854 0.005483 -0.021896 0.001665 0.999744
1718924458.269737482 -7.726486 5.305081 -0.034663 0.005463 -0.021947 0.001742 0.999743
1718924458.274745226 -7.724956 5.305195 -0.034466 0.005430 -0.021992 0.001798 0.999742
1718924458.279730320 -7.723434 5.305305 -0.034265 0.005384 -0.022036 0.001846 0.999741
1718924458.284736156 -7.721905 5.305412 -0.034055 0.005341 -0.022080 0.001878 0.999740
1718924458.289730310 -7.720380 5.305517 -0.033838 0.005296 -0.022131 0.001893 0.999739
1718924458.294735193 -7.718855 5.305622 -0.033613 0.005247 -0.022189 0.001895 0.999738
1718924458.299730778 -7.717334 5.305727 -0.033383 0.005199 -0.022255 0.001896 0.999737
1718924458.299995184 -7.717253 5.305732 -0.033371 0.005196 -0.022257 0.001896 0.999737
1718924458.299995184 -7.717253 5.305732 -0.033371 0.005196 -0.022257 0.001896 0.999737
1718924458.304760695 -7.715802 5.305831 -0.033153 0.005154 -0.022300 0.001900 0.999736
1718924458.309734344 -7.714288 5.305937 -0.032936 0.005117 -0.022318 0.001906 0.999736
1718924458.314766169 -7.712761 5.306045 -0.032735 0.005096 -0.022320 0.001922 0.999736
1718924458.369736195 -7.696102 5.306990 -0.030899 0.004997 -0.022634 0.003140 0.999726
1718924458.389736652 -7.690035 5.307232 -0.030391 0.005035 -0.022850 0.003523 0.999720
1718924458.394774437 -7.688508 5.307287 -0.030268 0.005020 -0.022895 0.003617 0.999719
1718924458.399725676 -7.687008 5.307337 -0.030150 0.004994 -0.022924 0.003692 0.999718
1718924458.399989128 -7.686929 5.307340 -0.030144 0.004993 -0.022924 0.003695 0.999718
1718924458.399989128 -7.686929 5.307340 -0.030144 0.004993 -0.022924 0.003695 0.999718
1718924458.404755354 -7.685494 5.307387 -0.030036 0.004965 -0.022938 0.003748 0.999718
1718924458.409721375 -7.684001 5.307435 -0.029924 0.004938 -0.022947 0.003785 0.999717
1718924458.414738417 -7.682493 5.307482 -0.029811 0.004910 -0.022950 0.003810 0.999717
1718924458.419759035 -7.680984 5.307527 -0.029697 0.004875 -0.022962 0.003830 0.999717
1718924458.424779415 -7.679475 5.307571 -0.029583 0.004834 -0.022980 0.003838 0.999717
1718924458.429742336 -7.677983 5.307614 -0.029471 0.004795 -0.022983 0.003827 0.999717
1718924458.434796810 -7.676464 5.307656 -0.029360 0.004765 -0.022986 0.003800 0.999717
1718924458.439791441 -7.674963 5.307695 -0.029255 0.004736 -0.022985 0.003759 0.999718
1718924458.444772720 -7.673464 5.307732 -0.029155 0.004701 -0.022981 0.003700 0.999718
1718924458.449718475 -7.671973 5.307767 -0.029058 0.004669 -0.022980 0.003636 0.999718
1718924458.454770327 -7.670450 5.307802 -0.028963 0.004641 -0.022985 0.003562 0.999719
1718924458.459786415 -7.668935 5.307836 -0.028870 0.004613 -0.022986 0.003483 0.999719
1718924458.464756966 -7.667433 5.307867 -0.028781 0.004584 -0.022987 0.003401 0.999719
1718924458.469728231 -7.665929 5.307896 -0.028694 0.004563 -0.022990 0.003321 0.999720
1718924458.474743366 -7.664412 5.307923 -0.028609 0.004560 -0.022990 0.003246 0.999720
1718924458.479797602 -7.662882 5.307947 -0.028525 0.004556 -0.022987 0.003170 0.999720
1718924458.484731674 -7.661388 5.307966 -0.028442 0.004530 -0.022982 0.003102 0.999721
1718924458.489736080 -7.659870 5.307981 -0.028352 0.004476 -0.022987 0.003034 0.999721
1718924458.494731188 -7.658355 5.307995 -0.028256 0.004414 -0.022997 0.002970 0.999721
1718924458.499726772 -7.656838 5.308007 -0.028154 0.004375 -0.023005 0.002921 0.999722
1718924458.499993324 -7.656757 5.308007 -0.028149 0.004374 -0.023005 0.002919 0.999722
1718924458.499993324 -7.656757 5.308007 -0.028149 0.004374 -0.023005 0.002919 0.999722
1718924458.504721880 -7.655321 5.308010 -0.028045 0.004357 -0.023000 0.002882 0.999722
1718924458.509716511 -7.653804 5.308009 -0.027935 0.004358 -0.022990 0.002858 0.999722
1718924458.514738321 -7.652281 5.308005 -0.027825 0.004369 -0.022984 0.002849 0.999722
1718924458.569734812 -7.635705 5.307667 -0.027186 0.003611 -0.022864 0.002465 0.999729
1718924458.589727879 -7.629731 5.307691 -0.027150 0.003549 -0.022876 0.002376 0.999729
1718924458.594712973 -7.628243 5.307712 -0.027135 0.003513 -0.022889 0.002356 0.999729
1718924458.599761963 -7.626737 5.307734 -0.027113 0.003470 -0.022898 0.002334 0.999729
1718924458.599995136 -7.626667 5.307735 -0.027112 0.003468 -0.022898 0.002332 0.999729
1718924458.599995136 -7.626667 5.307735 -0.027112 0.003468 -0.022898 0.002332 0.999729
1718924458.604762316 -7.625242 5.307764 -0.027088 0.003436 -0.022897 0.002307 0.999729
1718924458.609726191 -7.623762 5.307796 -0.027060 0.003422 -0.022885 0.002290 0.999730
1718924458.614770174 -7.622260 5.307827 -0.027033 0.003410 -0.022874 0.002268 0.999730
1718924458.619750261 -7.620778 5.307857 -0.027010 0.003392 -0.022866 0.002244 0.999730
1718924458.624814749 -7.619270 5.307886 -0.026989 0.003352 -0.022862 0.002222 0.999731
1718924458.629799128 -7.617785 5.307913 -0.026969 0.003290 -0.022860 0.002210 0.999731
1718924458.634787321 -7.616300 5.307940 -0.026950 0.003222 -0.022860 0.002197 0.999731
1718924458.639719963 -7.614829 5.307967 -0.026929 0.003159 -0.022867 0.002191 0.999731
1718924458.644723415 -7.613335 5.307994 -0.026908 0.003108 -0.022875 0.002181 0.999731
1718924458.649732590 -7.611835 5.308021 -0.026890 0.003078 -0.022871 0.002165 0.999731
1718924458.654726028 -7.610338 5.308046 -0.026875 0.003066 -0.022859 0.002153 0.999732
1718924458.659790039 -7.608819 5.308071 -0.026864 0.003056 -0.022846 0.002155 0.999732
1718924458.664738178 -7.607332 5.308094 -0.026854 0.003037 -0.022840 0.002162 0.999732
1718924458.669782639 -7.605813 5.308115 -0.026844 0.003009 -0.022839 0.002169 0.999732
1718924458.674735785 -7.604319 5.308132 -0.026834 0.002985 -0.022842 0.002174 0.999732
1718924458.679731131 -7.602814 5.308146 -0.026823 0.002972 -0.022849 0.002174 0.999732
1718924458.684736252 -7.601307 5.308156 -0.026811 0.002974 -0.022855 0.002167 0.999732
1718924458.689725399 -7.599806 5.308161 -0.026799 0.002980 -0.022854 0.002159 0.999732
1718924458.694721699 -7.598301 5.308161 -0.026786 0.002977 -0.022845 0.002148 0.999732
1718924458.699717760 -7.596796 5.308156 -0.026772 0.002967 -0.022834 0.002128 0.999733
1718924458.699898005 -7.596741 5.308156 -0.026771 0.002966 -0.022834 0.002128 0.999733
1718924458.699898005 -7.596741 5.308156 -0.026771 0.002966 -0.022834 0.002128 0.999733
1718924458.704714537 -7.595294 5.308148 -0.026748 0.002948 -0.022815 0.002111 0.999733
1718924458.709728956 -7.593789 5.308134 -0.026719 0.002923 -0.022793 0.002090 0.999734
1718924458.714769602 -7.592278 5.308116 -0.026683 0.002903 -0.022785 0.002064 0.999734
1718924458.719730377 -7.590792 5.308095 -0.026643 0.002887 -0.022795 0.002035 0.999734
1718924458.794772387 -7.568570 5.308060 -0.026163 0.002518 -0.022863 0.001567 0.999734
1718924458.799769640 -7.567103 5.308080 -0.026138 0.002508 -0.022857 0.001534 0.999734
1718924458.799986124 -7.567039 5.308081 -0.026137 0.002508 -0.022857 0.001533 0.999734
1718924458.799986124 -7.567039 5.308081 -0.026137 0.002508 -0.022857 0.001533 0.999734
1718924458.804754972 -7.565643 5.308100 -0.026124 0.002497 -0.022845 0.001501 0.999735
1718924458.809766769 -7.564177 5.308123 -0.026115 0.002488 -0.022827 0.001476 0.999735
1718924458.814753294 -7.562719 5.308148 -0.026112 0.002485 -0.022817 0.001447 0.999736
1718924458.819830894 -7.561234 5.308176 -0.026111 0.002480 -0.022802 0.001413 0.999736
1718924458.824738264 -7.559797 5.308205 -0.026112 0.002463 -0.022794 0.001389 0.999736
1718924458.829741478 -7.558333 5.308235 -0.026112 0.002441 -0.022791 0.001372 0.999736
1718924458.834736586 -7.556871 5.308266 -0.026113 0.002422 -0.022789 0.001353 0.999736
1718924458.839740753 -7.555406 5.308297 -0.026115 0.002418 -0.022777 0.001329 0.999737
1718924458.844774485 -7.553932 5.308329 -0.026113 0.002426 -0.022761 0.001313 0.999737
1718924458.849787712 -7.552464 5.308360 -0.026105 0.002438 -0.022748 0.001297 0.999737
1718924458.854778290 -7.551002 5.308388 -0.026088 0.002449 -0.022744 0.001283 0.999737
1718924458.859725475 -7.549551 5.308413 -0.026064 0.002453 -0.022750 0.001276 0.999737
1718924458.864790440 -7.548065 5.308436 -0.026038 0.002454 -0.022758 0.001271 0.999737
1718924458.869735956 -7.546613 5.308456 -0.026015 0.002457 -0.022761 0.001266 0.999737
1718924458.874810219 -7.545125 5.308472 -0.025996 0.002454 -0.022753 0.001271 0.999737
1718924458.879741669 -7.543681 5.308485 -0.025983 0.002439 -0.022729 0.001278 0.999738
1718924458.884774685 -7.542210 5.308493 -0.025974 0.002421 -0.022703 0.001279 0.999739
1718924458.889766455 -7.540752 5.308499 -0.025966 0.002398 -0.022668 0.001270 0.999739
1718924458.894729614 -7.539305 5.308501 -0.025956 0.002379 -0.022636 0.001239 0.999740
1718924458.899767160 -7.537839 5.308499 -0.025942 0.002366 -0.022608 0.001195 0.999741
1718924458.900016069 -7.537766 5.308499 -0.025941 0.002365 -0.022608 0.001193 0.999741
1718924458.900016069 -7.537766 5.308499 -0.025941 0.002365 -0.022608 0.001193 0.999741
1718924458.904771805 -7.536394 5.308495 -0.025940 0.002350 -0.022596 0.001147 0.999741
1718924458.909765244 -7.534955 5.308489 -0.025931 0.002320 -0.022590 0.001092 0.999742
1718924458.914754868 -7.533518 5.308481 -0.025914 0.002293 -0.022590 0.001035 0.999742
1718924458.954735041 -7.522398 5.308532 -0.026427 0.001587 -0.022274 0.000234 0.999751
1718924458.959813118 -7.520965 5.308564 -0.026380 0.001516 -0.022246 0.000135 0.999751
1718924458.964736462 -7.519581 5.308601 -0.026335 0.001465 -0.022219 0.000040 0.999752
1718924458.969730377 -7.518179 5.308645 -0.026292 0.001434 -0.022187 -0.000060 0.999753
1718924458.974732637 -7.516777 5.308694 -0.026252 0.001415 -0.022169 -0.000151 0.999753
1718924458.979736567 -7.515372 5.308749 -0.026214 0.001398 -0.022171 -0.000213 0.999753
1718924458.984729290 -7.513968 5.308809 -0.026176 0.001385 -0.022184 -0.000256 0.999753
1718924458.989742517 -7.512557 5.308874 -0.026137 0.001365 -0.022197 -0.000278 0.999753
1718924458.994756937 -7.511144 5.308943 -0.026098 0.001332 -0.022204 -0.000301 0.999753
1718924458.999766111 -7.509733 5.309013 -0.026058 0.001294 -0.022194 -0.000308 0.999753
1718924459.004761934 -7.508327 5.309084 -0.026020 0.001269 -0.022171 -0.000297 0.999753
1718924459.009768248 -7.506916 5.309155 -0.025983 0.001257 -0.022144 -0.000266 0.999754
1718924459.014777660 -7.505502 5.309226 -0.025946 0.001251 -0.022120 -0.000218 0.999755
1718924459.019760609 -7.504092 5.309294 -0.025910 0.001249 -0.022103 -0.000153 0.999755
1718924459.024729490 -7.502684 5.309360 -0.025874 0.001242 -0.022090 -0.000083 0.999755
1718924459.029810667 -7.501245 5.309426 -0.025837 0.001220 -0.022075 -0.000019 0.999756
1718924459.034732342 -7.499851 5.309485 -0.025804 0.001214 -0.022057 0.000047 0.999756
1718924459.039720297 -7.498437 5.309540 -0.025773 0.001214 -0.022043 0.000104 0.999756
1718924459.044731855 -7.497013 5.309588 -0.025744 0.001212 -0.022027 0.000144 0.999757
1718924459.049738407 -7.495587 5.309627 -0.025712 0.001212 -0.022005 0.000172 0.999757
1718924459.054738998 -7.494159 5.309659 -0.025674 0.001208 -0.021993 0.000190 0.999757
1718924459.059765339 -7.492722 5.309684 -0.025631 0.001197 -0.021996 0.000200 0.999757
1718924459.064769745 -7.491288 5.309702 -0.025586 0.001181 -0.021993 0.000194 0.999757
1718924459.069723845 -7.489869 5.309712 -0.025544 0.001165 -0.021971 0.000164 0.999758
1718924459.074728251 -7.488437 5.309716 -0.025508 0.001142 -0.021939 0.000119 0.999759
1718924459.079723835 -7.487008 5.309713 -0.025478 0.001117 -0.021902 0.000065 0.999759
1718924459.084727049 -7.485576 5.309705 -0.025454 0.001101 -0.021863 -0.000005 0.999760
1718924459.089724064 -7.484144 5.309693 -0.025435 0.001095 -0.021828 -0.000087 0.999761
1718924459.094717979 -7.482710 5.309679 -0.025419 0.001089 -0.021805 -0.000177 0.999762
1718924459.099716663 -7.481276 5.309663 -0.025406 0.001078 -0.021789 -0.000285 0.999762
1718924459.099991083 -7.481198 5.309662 -0.025407 0.001077 -0.021787 -0.000291 0.999762
1718924459.099991083 -7.481198 5.309662 -0.025407 0.001077 -0.021787 -0.000291 0.999762
1718924459.104719877 -7.479837 5.309649 -0.025369 0.001073 -0.021766 -0.000399 0.999762
1718924459.109724760 -7.478396 5.309638 -0.025331 0.001082 -0.021726 -0.000502 0.999763
1718924459.114727736 -7.476954 5.309627 -0.025290 0.001091 -0.021679 -0.000595 0.999764
1718924459.199751139 -7.451882 5.309120 -0.024577 0.000465 -0.021193 -0.001503 0.999774
1718924459.199978113 -7.451814 5.309118 -0.024576 0.000464 -0.021192 -0.001506 0.999774
1718924459.199978113 -7.451814 5.309118 -0.024576 0.000464 -0.021192 -0.001506 0.999774
1718924459.204798937 -7.450359 5.309073 -0.024541 0.000429 -0.021168 -0.001584 0.999775
1718924459.209725857 -7.448868 5.309026 -0.024510 0.000383 -0.021136 -0.001684 0.999775
1718924459.214733601 -7.447352 5.308978 -0.024484 0.000332 -0.021084 -0.001818 0.999776
1718924459.219740868 -7.445837 5.308929 -0.024464 0.000272 -0.021034 -0.001965 0.999777
1718924459.224733829 -7.444325 5.308882 -0.024450 0.000221 -0.020981 -0.002138 0.999778
1718924459.229796171 -7.442792 5.308837 -0.024441 0.000188 -0.020932 -0.002337 0.999778
1718924459.234777689 -7.441282 5.308796 -0.024434 0.000166 -0.020886 -0.002542 0.999779
1718924459.239765167 -7.439768 5.308758 -0.024423 0.000148 -0.020831 -0.002749 0.999779
1718924459.244716883 -7.438263 5.308724 -0.024403 0.000132 -0.020775 -0.002948 0.999780
1718924459.249794006 -7.436714 5.308693 -0.024368 0.000108 -0.020724 -0.003140 0.999780
1718924459.254718065 -7.435206 5.308668 -0.024323 0.000074 -0.020679 -0.003303 0.999781
1718924459.259782076 -7.433652 5.308648 -0.024269 0.000036 -0.020640 -0.003443 0.999781
1718924459.264752388 -7.432125 5.308635 -0.024216 0.000011 -0.020602 -0.003543 0.999781
1718924459.269724846 -7.430594 5.308628 -0.024169 -0.000006 -0.020560 -0.003599 0.999782
1718924459.274757147 -7.429042 5.308626 -0.024130 -0.000016 -0.020515 -0.003625 0.999783
1718924459.279763699 -7.427497 5.308630 -0.024100 -0.000010 -0.020462 -0.003629 0.999784
1718924459.284757376 -7.425957 5.308640 -0.024077 -0.000007 -0.020409 -0.003608 0.999785
1718924459.289718866 -7.424429 5.308654 -0.024055 -0.000035 -0.020354 -0.003564 0.999786
1718924459.294724941 -7.422889 5.308673 -0.024029 -0.000090 -0.020298 -0.003504 0.999788
1718924459.299726009 -7.421351 5.308695 -0.023994 -0.000158 -0.020253 -0.003429 0.999789
1718924459.299993038 -7.421269 5.308696 -0.023992 -0.000161 -0.020251 -0.003425 0.999789
1718924459.299993038 -7.421269 5.308696 -0.023992 -0.000161 -0.020251 -0.003425 0.999789
1718924459.304722309 -7.419819 5.308718 -0.023952 -0.000225 -0.020213 -0.003347 0.999790
1718924459.309709311 -7.418293 5.308742 -0.023901 -0.000283 -0.020159 -0.003272 0.999791
1718924459.314733744 -7.416760 5.308767 -0.023846 -0.000308 -0.020099 -0.003202 0.999793
1718924459.359735250 -7.403141 5.309376 -0.023714 0.000979 -0.019529 -0.002439 0.999806
1718924459.364731073 -7.401634 5.309498 -0.023710 0.001154 -0.019477 -0.002339 0.999807
1718924459.369725704 -7.400128 5.309622 -0.023702 0.001314 -0.019424 -0.002221 0.999808
1718924459.374726534 -7.398619 5.309748 -0.023686 0.001458 -0.019378 -0.002092 0.999809
1718924459.379766703 -7.397098 5.309878 -0.023660 0.001600 -0.019330 -0.001940 0.999810
1718924459.384719372 -7.395604 5.310007 -0.023624 0.001715 -0.019294 -0.001762 0.999811
1718924459.389723301 -7.394095 5.310135 -0.023575 0.001779 -0.019267 -0.001542 0.999812
1718924459.394711971 -7.392593 5.310257 -0.023518 0.001799 -0.019250 -0.001306 0.999812
1718924459.399724960 -7.391085 5.310377 -0.023458 0.001809 -0.019255 -0.001062 0.999812
1718924459.399991035 -7.391005 5.310383 -0.023455 0.001810 -0.019256 -0.001048 0.999812
1718924459.399991035 -7.391005 5.310383 -0.023455 0.001810 -0.019256 -0.001048 0.999812
1718924459.404720545 -7.389585 5.310496 -0.023402 0.001816 -0.019272 -0.000811 0.999812
1718924459.409716606 -7.388087 5.310610 -0.023358 0.001822 -0.019278 -0.000570 0.999812
1718924459.414749146 -7.386578 5.310720 -0.023327 0.001852 -0.019264 -0.000338 0.999813
1718924459.419763327 -7.385075 5.310825 -0.023310 0.001898 -0.019231 -0.000124 0.999813
1718924459.424738646 -7.383585 5.310922 -0.023302 0.001948 -0.019193 0.000069 0.999814
1718924459.429748535 -7.382083 5.311012 -0.023296 0.001992 -0.019149 0.000245 0.999815
1718924459.434728146 -7.380590 5.311092 -0.023287 0.002022 -0.019114 0.000389 0.999815
1718924459.439729929 -7.379090 5.311164 -0.023267 0.002023 -0.019093 0.000494 0.999816
1718924459.444718122 -7.377595 5.311228 -0.023233 0.002005 -0.019087 0.000569 0.999816
1718924459.449723482 -7.376098 5.311287 -0.023191 0.001989 -0.019082 0.000622 0.999816
1718924459.454752207 -7.374599 5.311341 -0.023150 0.001985 -0.019069 0.000640 0.999816
1718924459.459774494 -7.373107 5.311391 -0.023114 0.001981 -0.019048 0.000622 0.999816
1718924459.464728832 -7.371638 5.311436 -0.023088 0.001978 -0.019017 0.000586 0.999817
1718924459.469724417 -7.370159 5.311480 -0.023071 0.001970 -0.018981 0.000533 0.999818
1718924459.474725008 -7.368678 5.311522 -0.023062 0.001955 -0.018945 0.000470 0.999819
1718924459.479710102 -7.367199 5.311562 -0.023057 0.001930 -0.018916 0.000394 0.999819
1718924459.484721422 -7.365709 5.311601 -0.023055 0.001890 -0.018893 0.000306 0.999820
1718924459.489712954 -7.364222 5.311638 -0.023050 0.001830 -0.018883 0.000231 0.999820
1718924459.494717121 -7.362728 5.311676 -0.023041 0.001767 -0.018872 0.000183 0.999820
1718924459.499729395 -7.361231 5.311715 -0.023026 0.001724 -0.018847 0.000160 0.999821
1718924459.499984026 -7.361154 5.311717 -0.023025 0.001723 -0.018845 0.000159 0.999821
1718924459.499984026 -7.361154 5.311717 -0.023025 0.001723 -0.018845 0.000159 0.999821
1718924459.504748106 -7.359728 5.311755 -0.023002 0.001710 -0.018810 0.000155 0.999822
1718924459.509712219 -7.358241 5.311795 -0.022973 0.001710 -0.018769 0.000169 0.999822
1718924459.514730215 -7.356738 5.311833 -0.022939 0.001711 -0.018730 0.000207 0.999823
1718924459.569717646 -7.340373 5.312006 -0.022473 0.000855 -0.018319 0.001916 0.999830
1718924459.574722528 -7.338894 5.312002 -0.022429 0.000761 -0.018290 0.002079 0.999830
1718924459.579793930 -7.337396 5.311998 -0.022386 0.000672 -0.018264 0.002252 0.999830
1718924459.589724302 -7.334465 5.311998 -0.022308 0.000611 -0.018224 0.002542 0.999831
1718924459.594717741 -7.332992 5.312003 -0.022270 0.000598 -0.018202 0.002664 0.999831
1718924459.599713087 -7.331519 5.312010 -0.022227 0.000590 -0.018186 0.002776 0.999831
1718924459.599983215 -7.331440 5.312010 -0.022224 0.000589 -0.018186 0.002782 0.999831
1718924459.599983215 -7.331440 5.312010 -0.022224 0.000589 -0.018186 0.002782 0.999831
1718924459.604746103 -7.330039 5.312021 -0.022177 0.000574 -0.018183 0.002887 0.999830
1718924459.609704971 -7.328584 5.312036 -0.022122 0.000532 -0.018187 0.002993 0.999830
1718924459.614791870 -7.327095 5.312058 -0.022062 0.000464 -0.018198 0.003079 0.999830
1718924459.619739771 -7.325649 5.312086 -0.022001 0.000379 -0.018210 0.003144 0.999829
1718924459.624716759 -7.324197 5.312124 -0.021942 0.000298 -0.018215 0.003204 0.999829
1718924459.629737139 -7.322734 5.312172 -0.021887 0.000232 -0.018208 0.003274 0.999829
1718924459.634720325 -7.321283 5.312231 -0.021841 0.000198 -0.018182 0.003347 0.999829
1718924459.639768124 -7.319813 5.312303 -0.021808 0.000207 -0.018139 0.003420 0.999830
1718924459.644711733 -7.318374 5.312381 -0.021787 0.000239 -0.018103 0.003481 0.999830
1718924459.649749279 -7.316907 5.312466 -0.021774 0.000258 -0.018072 0.003542 0.999830
1718924459.654721975 -7.315458 5.312554 -0.021759 0.000240 -0.018052 0.003596 0.999831
1718924459.659767866 -7.313985 5.312649 -0.021738 0.000194 -0.018040 0.003637 0.999831
1718924459.664718866 -7.312540 5.312745 -0.021708 0.000145 -0.018034 0.003664 0.999831
1718924459.669708729 -7.311085 5.312843 -0.021671 0.000104 -0.018025 0.003684 0.999831
1718924459.674722433 -7.309626 5.312941 -0.021630 0.000079 -0.018012 0.003702 0.999831
1718924459.679734468 -7.308173 5.313040 -0.021588 0.000082 -0.017989 0.003716 0.999831
1718924459.684730530 -7.306729 5.313138 -0.021547 0.000117 -0.017963 0.003723 0.999832
1718924459.689704895 -7.305296 5.313234 -0.021506 0.000150 -0.017937 0.003721 0.999832
1718924459.694705009 -7.303858 5.313329 -0.021465 0.000173 -0.017918 0.003714 0.999833
1718924459.699713945 -7.302422 5.313421 -0.021421 0.000185 -0.017902 0.003708 0.999833
1718924459.699978828 -7.302346 5.313426 -0.021419 0.000185 -0.017901 0.003708 0.999833
1718924459.699978828 -7.302346 5.313426 -0.021419 0.000185 -0.017901 0.003708 0.999833
1718924459.704708815 -7.300990 5.313508 -0.021381 0.000187 -0.017890 0.003707 0.999833
1718924459.709706545 -7.299559 5.313590 -0.021341 0.000180 -0.017875 0.003702 0.999833
1718924459.714722395 -7.298123 5.313668 -0.021302 0.000161 -0.017867 0.003693 0.999834
1718924459.719718695 -7.296693 5.313741 -0.021262 0.000135 -0.017854 0.003693 0.999834
1718924459.794746637 -7.275403 5.314321 -0.021869 -0.000164 -0.017483 0.003537 0.999841
1718924459.799698830 -7.274013 5.314320 -0.021850 -0.000157 -0.017465 0.003541 0.999841
1718924459.799993038 -7.273930 5.314320 -0.021849 -0.000155 -0.017464 0.003540 0.999841
1718924459.799993038 -7.273930 5.314320 -0.021849 -0.000155 -0.017464 0.003540 0.999841
1718924459.804753304 -7.272598 5.314316 -0.021826 -0.000117 -0.017450 0.003524 0.999842
1718924459.809709549 -7.271210 5.314309 -0.021804 -0.000061 -0.017434 0.003492 0.999842
1718924459.814764500 -7.269796 5.314301 -0.021781 -0.000001 -0.017413 0.003465 0.999842
1718924459.819744349 -7.268405 5.314292 -0.021756 0.000052 -0.017390 0.003449 0.999843
1718924459.824774027 -7.266999 5.314281 -0.021727 0.000093 -0.017361 0.003428 0.999843
1718924459.829827547 -7.265587 5.314269 -0.021695 0.000126 -0.017330 0.003398 0.999844
1718924459.834718466 -7.264221 5.314256 -0.021662 0.000146 -0.017300 0.003371 0.999845
1718924459.839770555 -7.262813 5.314243 -0.021626 0.000154 -0.017275 0.003345 0.999845
1718924459.844745636 -7.261427 5.314231 -0.021586 0.000168 -0.017254 0.003322 0.999846
1718924459.849784613 -7.260025 5.314224 -0.021542 0.000187 -0.017235 0.003298 0.999846
1718924459.854725361 -7.258653 5.314219 -0.021499 0.000208 -0.017211 0.003283 0.999846
1718924459.859790802 -7.257250 5.314216 -0.021455 0.000227 -0.017187 0.003269 0.999847
1718924459.864768267 -7.255876 5.314216 -0.021413 0.000249 -0.017158 0.003257 0.999847
1718924459.869725227 -7.254509 5.314221 -0.021375 0.000278 -0.017120 0.003247 0.999848
1718924459.874740362 -7.253127 5.314232 -0.021338 0.000308 -0.017070 0.003222 0.999849
1718924459.879723072 -7.251756 5.314247 -0.021305 0.000342 -0.017020 0.003202 0.999850
1718924459.884754181 -7.250374 5.314267 -0.021273 0.000382 -0.016966 0.003196 0.999851
1718924459.889719486 -7.249011 5.314291 -0.021243 0.000450 -0.016913 0.003201 0.999852
1718924459.894713879 -7.247642 5.314318 -0.021209 0.000533 -0.016862 0.003200 0.999853
1718924459.899701118 -7.246277 5.314346 -0.021167 0.000587 -0.016816 0.003203 0.999853
1718924459.900017023 -7.246190 5.314348 -0.021164 0.000588 -0.016814 0.003204 0.999853
1718924459.900017023 -7.246190 5.314348 -0.021164 0.000588 -0.016814 0.003204 0.999853
1718924459.904711962 -7.244910 5.314375 -0.021115 0.000597 -0.016775 0.003227 0.999854
1718924459.909713268 -7.243549 5.314407 -0.021057 0.000591 -0.016734 0.003264 0.999854
1718924459.914726734 -7.242186 5.314442 -0.020998 0.000598 -0.016692 0.003296 0.999855
1718924459.954713821 -7.231280 5.314715 -0.020607 0.001063 -0.016369 0.004018 0.999857
1718924459.959759951 -7.229883 5.314742 -0.020553 0.001107 -0.016358 0.004128 0.999857
1718924459.964761734 -7.228496 5.314771 -0.020503 0.001171 -0.016358 0.004232 0.999857
1718924459.969766140 -7.227108 5.314799 -0.020455 0.001236 -0.016348 0.004320 0.999856
1718924459.974765778 -7.225723 5.314826 -0.020407 0.001285 -0.016311 0.004390 0.999857
1718924459.979778290 -7.224336 5.314855 -0.020359 0.001319 -0.016258 0.004455 0.999857
1718924459.984765053 -7.222954 5.314886 -0.020309 0.001344 -0.016202 0.004510 0.999858
1718924459.989764690 -7.221569 5.314920 -0.020256 0.001355 -0.016149 0.004540 0.999858
1718924459.994755030 -7.220187 5.314954 -0.020200 0.001357 -0.016104 0.004551 0.999859
1718924459.999750614 -7.218807 5.314992 -0.020144 0.001363 -0.016071 0.004554 0.999860
1718924460.004708290 -7.217440 5.315032 -0.020090 0.001393 -0.016043 0.004548 0.999860
1718924460.009727716 -7.216058 5.315077 -0.020038 0.001447 -0.016011 0.004529 0.999861
1718924460.014766455 -7.214674 5.315124 -0.019990 0.001516 -0.015979 0.004496 0.999861
1718924460.019747496 -7.213308 5.315172 -0.019943 0.001588 -0.015951 0.004456 0.999862
1718924460.024729490 -7.211943 5.315222 -0.019895 0.001642 -0.015921 0.004419 0.999862
1718924460.029741764 -7.210569 5.315273 -0.019842 0.001681 -0.015901 0.004374 0.999863
1718924460.034748316 -7.209195 5.315326 -0.019786 0.001716 -0.015898 0.004334 0.999863
1718924460.039734364 -7.207827 5.315380 -0.019730 0.001752 -0.015897 0.004290 0.999863
1718924460.044718266 -7.206462 5.315433 -0.019676 0.001796 -0.015891 0.004255 0.999863
1718924460.049735546 -7.205091 5.315486 -0.019630 0.001864 -0.015884 0.004244 0.999863
1718924460.054730177 -7.203727 5.315538 -0.019591 0.001944 -0.015879 0.004252 0.999863
1718924460.059726477 -7.202363 5.315589 -0.019561 0.002017 -0.015878 0.004267 0.999863
1718924460.064724207 -7.200997 5.315639 -0.019537 0.002083 -0.015893 0.004298 0.999862
1718924460.069708109 -7.199633 5.315686 -0.019517 0.002150 -0.015907 0.004346 0.999862
1718924460.074716330 -7.198261 5.315732 -0.019499 0.002229 -0.015916 0.004407 0.999861
1718924460.079716444 -7.196887 5.315775 -0.019479 0.002310 -0.015924 0.004480 0.999861
1718924460.084711313 -7.195509 5.315814 -0.019451 0.002385 -0.015907 0.004574 0.999860
1718924460.089739799 -7.194118 5.315849 -0.019411 0.002439 -0.015868 0.004688 0.999860
1718924460.094703436 -7.192739 5.315880 -0.019359 0.002460 -0.015822 0.004809 0.999860
1718924460.099700689 -7.191349 5.315910 -0.019297 0.002468 -0.015778 0.004924 0.999860
1718924460.099987030 -7.191269 5.315911 -0.019294 0.002469 -0.015776 0.004929 0.999860
1718924460.099987030 -7.191269 5.315911 -0.019294 0.002469 -0.015776 0.004929 0.999860
1718924460.104736805 -7.189945 5.315937 -0.019225 0.002474 -0.015744 0.005029 0.999860
1718924460.109708309 -7.188561 5.315962 -0.019156 0.002487 -0.015716 0.005121 0.999860
1718924460.114736557 -7.187166 5.315987 -0.019092 0.002509 -0.015674 0.005203 0.999860
1718924460.199981928 -7.163562 5.316278 -0.018504 0.003734 -0.015102 0.008843 0.999840
1718924460.199981928 -7.163562 5.316278 -0.018504 0.003734 -0.015102 0.008843 0.999840
1718924460.204824924 -7.162220 5.316288 -0.018502 0.003805 -0.015073 0.009053 0.999838
1718924460.209715128 -7.160866 5.316297 -0.018504 0.003864 -0.015058 0.009273 0.999836
1718924460.214734554 -7.159476 5.316303 -0.018511 0.003920 -0.015042 0.009493 0.999834
1718924460.219722986 -7.158097 5.316307 -0.018522 0.003963 -0.015025 0.009696 0.999832
1718924460.224726677 -7.156715 5.316307 -0.018535 0.003985 -0.015016 0.009891 0.999830
1718924460.229717255 -7.155337 5.316306 -0.018547 0.003993 -0.015009 0.010077 0.999829
1718924460.234722376 -7.153954 5.316303 -0.018558 0.004001 -0.014993 0.010245 0.999827
1718924460.239712238 -7.152577 5.316299 -0.018568 0.004017 -0.014967 0.010392 0.999826
1718924460.244714499 -7.151199 5.316293 -0.018579 0.004039 -0.014930 0.010506 0.999825
1718924460.249711990 -7.149822 5.316287 -0.018592 0.004062 -0.014889 0.010591 0.999825
1718924460.254718542 -7.148443 5.316281 -0.018609 0.004081 -0.014846 0.010645 0.999825
1718924460.259718418 -7.147065 5.316276 -0.018630 0.004094 -0.014802 0.010655 0.999825
1718924460.264717817 -7.145688 5.316273 -0.018657 0.004106 -0.014762 0.010626 0.999826
1718924460.269721508 -7.144310 5.316272 -0.018690 0.004126 -0.014728 0.010570 0.999827
1718924460.274711609 -7.142937 5.316275 -0.018727 0.004159 -0.014687 0.010505 0.999828
1718924460.279707432 -7.141561 5.316280 -0.018765 0.004189 -0.014647 0.010421 0.999830
1718924460.284710407 -7.140182 5.316286 -0.018801 0.004200 -0.014618 0.010323 0.999831
1718924460.289754629 -7.138790 5.316296 -0.018831 0.004188 -0.014596 0.010212 0.999833
1718924460.294708014 -7.137422 5.316310 -0.018854 0.004168 -0.014582 0.010117 0.999834
1718924460.299745798 -7.136030 5.316331 -0.018874 0.004159 -0.014573 0.010040 0.999835
1718924460.299989939 -7.135962 5.316332 -0.018875 0.004158 -0.014573 0.010036 0.999835
1718924460.299989939 -7.135962 5.316332 -0.018875 0.004158 -0.014573 0.010036 0.999835
1718924460.304750443 -7.134646 5.316354 -0.018885 0.004148 -0.014571 0.009972 0.999836
1718924460.309706688 -7.133276 5.316379 -0.018896 0.004142 -0.014555 0.009910 0.999836
1718924460.314726353 -7.131890 5.316409 -0.018910 0.004146 -0.014532 0.009882 0.999837
1718924460.369727850 -7.116819 5.316579 -0.019411 0.003889 -0.014763 0.010837 0.999825
1718924460.374723434 -7.115456 5.316575 -0.019494 0.003845 -0.014790 0.010917 0.999824
1718924460.379730701 -7.114090 5.316570 -0.019582 0.003790 -0.014809 0.010974 0.999823
1718924460.384719372 -7.112730 5.316564 -0.019674 0.003742 -0.014820 0.011014 0.999823
1718924460.389724016 -7.111366 5.316558 -0.019765 0.003713 -0.014825 0.011039 0.999822
1718924460.394718647 -7.110001 5.316552 -0.019849 0.003707 -0.014824 0.011036 0.999822
1718924460.399723291 -7.108631 5.316544 -0.019927 0.003709 -0.014812 0.011007 0.999823
1718924460.400000095 -7.108555 5.316544 -0.019931 0.003709 -0.014811 0.011004 0.999823
1718924460.400000095 -7.108555 5.316544 -0.019931 0.003709 -0.014811 0.011004 0.999823
1718924460.404715061 -7.107265 5.316536 -0.020000 0.003719 -0.014785 0.010951 0.999824
1718924460.409709454 -7.105899 5.316527 -0.020074 0.003734 -0.014750 0.010873 0.999825
1718924460.414727449 -7.104529 5.316517 -0.020154 0.003756 -0.014708 0.010789 0.999827
1718924460.419729710 -7.103164 5.316506 -0.020238 0.003783 -0.014662 0.010705 0.999828
1718924460.424731255 -7.101800 5.316494 -0.020322 0.003810 -0.014622 0.010628 0.999829
1718924460.429745674 -7.100434 5.316478 -0.020404 0.003841 -0.014590 0.010553 0.999830
1718924460.434739590 -7.099075 5.316460 -0.020479 0.003879 -0.014560 0.010496 0.999831
1718924460.439741611 -7.097717 5.316440 -0.020550 0.003923 -0.014535 0.010455 0.999832
1718924460.444723368 -7.096367 5.316416 -0.020617 0.003967 -0.014511 0.010430 0.999832
1718924460.449727535 -7.095014 5.316387 -0.020682 0.004004 -0.014477 0.010426 0.999833
1718924460.454716206 -7.093667 5.316355 -0.020749 0.004043 -0.014434 0.010435 0.999833
1718924460.459728003 -7.092317 5.316318 -0.020818 0.004078 -0.014395 0.010470 0.999833
1718924460.464715958 -7.090974 5.316277 -0.020890 0.004117 -0.014367 0.010539 0.999833
1718924460.469712496 -7.089628 5.316232 -0.020967 0.004162 -0.014344 0.010615 0.999832
1718924460.474720716 -7.088278 5.316181 -0.021049 0.004211 -0.014326 0.010685 0.999831
1718924460.479722023 -7.086928 5.316126 -0.021132 0.004261 -0.014317 0.010767 0.999830
1718924460.484725714 -7.085577 5.316068 -0.021215 0.004296 -0.014313 0.010865 0.999829
1718924460.489748955 -7.084220 5.316007 -0.021292 0.004311 -0.014318 0.010960 0.999828
1718924460.494713068 -7.082878 5.315945 -0.021362 0.004315 -0.014323 0.011053 0.999827
1718924460.499709368 -7.081529 5.315883 -0.021426 0.004322 -0.014317 0.011134 0.999826
1718924460.499999046 -7.081451 5.315880 -0.021430 0.004323 -0.014315 0.011138 0.999826
1718924460.499999046 -7.081451 5.315880 -0.021430 0.004323 -0.014315 0.011138 0.999826
1718924460.504713535 -7.080180 5.315820 -0.021484 0.004330 -0.014297 0.011207 0.999826
1718924460.509709597 -7.078837 5.315758 -0.021543 0.004345 -0.014280 0.011273 0.999825
1718924460.514729738 -7.077488 5.315698 -0.021606 0.004356 -0.014256 0.011345 0.999825
1718924460.559721708 -7.065381 5.315390 -0.021953 0.004227 -0.014014 0.011032 0.999832
1718924460.564710855 -7.064033 5.315385 -0.021972 0.004181 -0.014021 0.011014 0.999832
1718924460.569783688 -7.062662 5.315384 -0.021990 0.004133 -0.014032 0.011008 0.999832
1718924460.574754715 -7.061319 5.315388 -0.022010 0.004091 -0.014038 0.011004 0.999833
1718924460.579796791 -7.059958 5.315395 -0.022035 0.004064 -0.014028 0.010999 0.999833
1718924460.584782124 -7.058612 5.315406 -0.022064 0.004059 -0.013999 0.011003 0.999833
1718924460.589708567 -7.057281 5.315421 -0.022096 0.004060 -0.013968 0.011015 0.999834
1718924460.594700813 -7.055930 5.315438 -0.022128 0.004049 -0.013945 0.011040 0.999834
1718924460.599705935 -7.054574 5.315457 -0.022161 0.004030 -0.013934 0.011081 0.999833
1718924460.599997997 -7.054494 5.315458 -0.022162 0.004029 -0.013933 0.011084 0.999833
1718924460.599997997 -7.054494 5.315458 -0.022162 0.004029 -0.013933 0.011084 0.999833
1718924460.604749918 -7.053206 5.315477 -0.022193 0.004024 -0.013923 0.011132 0.999833
1718924460.609705687 -7.051861 5.315496 -0.022226 0.004027 -0.013917 0.011194 0.999832
1718924460.614721537 -7.050499 5.315516 -0.022261 0.004049 -0.013901 0.011261 0.999832
1718924460.619733572 -7.049137 5.315534 -0.022298 0.004088 -0.013883 0.011321 0.999831
1718924460.624724627 -7.047778 5.315550 -0.022332 0.004115 -0.013871 0.011377 0.999831
1718924460.629808664 -7.046393 5.315564 -0.022361 0.004124 -0.013869 0.011428 0.999830
1718924460.634772301 -7.045039 5.315577 -0.022386 0.004118 -0.013871 0.011482 0.999829
1718924460.639759779 -7.043678 5.315587 -0.022410 0.004115 -0.013881 0.011543 0.999829
1718924460.644761562 -7.042312 5.315594 -0.022434 0.004117 -0.013883 0.011592 0.999828
1718924460.649709463 -7.040961 5.315600 -0.022458 0.004126 -0.013876 0.011636 0.999827
1718924460.654720068 -7.039593 5.315603 -0.022483 0.004145 -0.013850 0.011684 0.999827
1718924460.659724474 -7.038227 5.315604 -0.022509 0.004165 -0.013822 0.011722 0.999827
1718924460.664716721 -7.036863 5.315604 -0.022535 0.004175 -0.013803 0.011757 0.999827
1718924460.669717789 -7.035497 5.315601 -0.022563 0.004175 -0.013783 0.011775 0.999827
1718924460.674719334 -7.034131 5.315596 -0.022594 0.004183 -0.013762 0.011783 0.999827
1718924460.679762602 -7.032755 5.315588 -0.022629 0.004212 -0.013744 0.011772 0.999827
1718924460.684714317 -7.031404 5.315578 -0.022666 0.004253 -0.013712 0.011764 0.999828
1718924460.689705849 -7.030043 5.315565 -0.022701 0.004297 -0.013683 0.011760 0.999828
1718924460.694709778 -7.028678 5.315548 -0.022730 0.004330 -0.013664 0.011749 0.999828
1718924460.699705124 -7.027316 5.315529 -0.022750 0.004338 -0.013656 0.011723 0.999829
1718924460.699905157 -7.027261 5.315528 -0.022751 0.004338 -0.013655 0.011721 0.999829
1718924460.699905157 -7.027261 5.315528 -0.022751 0.004338 -0.013655 0.011721 0.999829
1718924460.704748154 -7.025942 5.315508 -0.022760 0.004325 -0.013656 0.011688 0.999829
1718924460.709743500 -7.024584 5.315485 -0.022769 0.004309 -0.013655 0.011657 0.999830
1718924460.714795351 -7.023213 5.315461 -0.022782 0.004296 -0.013641 0.011621 0.999830
1718924460.719757795 -7.021868 5.315436 -0.022801 0.004297 -0.013620 0.011580 0.999831
1718924460.759711981 -7.010974 5.315336 -0.022937 0.004459 -0.013358 0.011223 0.999838
1718924460.764713764 -7.009595 5.315333 -0.022927 0.004445 -0.013347 0.011182 0.999839
1718924460.769717455 -7.008214 5.315334 -0.022914 0.004422 -0.013350 0.011154 0.999839
1718924460.774801731 -7.006810 5.315340 -0.022899 0.004403 -0.013361 0.011134 0.999839
1718924460.779714584 -7.005453 5.315350 -0.022886 0.004397 -0.013366 0.011120 0.999839
1718924460.784700155 -7.004074 5.315365 -0.022875 0.004386 -0.013353 0.011102 0.999840
1718924460.789701939 -7.002688 5.315384 -0.022865 0.004378 -0.013324 0.011093 0.999840
1718924460.794709921 -7.001298 5.315409 -0.022857 0.004369 -0.013298 0.011094 0.999840
1718924460.799702883 -6.999911 5.315439 -0.022850 0.004356 -0.013275 0.011093 0.999841
1718924460.799999952 -6.999828 5.315441 -0.022849 0.004356 -0.013275 0.011093 0.999841
1718924460.799999952 -6.999828 5.315441 -0.022849 0.004356 -0.013275 0.011093 0.999841
1718924460.804699898 -6.998520 5.315471 -0.022837 0.004353 -0.013264 0.011093 0.999841
1718924460.809704781 -6.997125 5.315506 -0.022824 0.004358 -0.013250 0.011096 0.999841
1718924460.814725637 -6.995723 5.315544 -0.022812 0.004364 -0.013234 0.011097 0.999841
1718924460.819714546 -6.994330 5.315584 -0.022797 0.004364 -0.013218 0.011106 0.999841
1718924460.824759722 -6.992922 5.315626 -0.022776 0.004359 -0.013209 0.011121 0.999841
1718924460.829787016 -6.991520 5.315671 -0.022747 0.004347 -0.013219 0.011145 0.999841
1718924460.834766150 -6.990132 5.315716 -0.022714 0.004335 -0.013233 0.011159 0.999841
1718924460.839778185 -6.988737 5.315762 -0.022677 0.004331 -0.013238 0.011175 0.999841
1718924460.844779968 -6.987350 5.315806 -0.022642 0.004337 -0.013243 0.011198 0.999840
1718924460.849715710 -6.985983 5.315847 -0.022609 0.004353 -0.013246 0.011229 0.999840
1718924460.854703903 -6.984603 5.315888 -0.022577 0.004368 -0.013249 0.011261 0.999839
1718924460.859751225 -6.983208 5.315926 -0.022548 0.004362 -0.013245 0.011281 0.999839
1718924460.864744663 -6.981829 5.315962 -0.022522 0.004341 -0.013239 0.011299 0.999839
1718924460.869750023 -6.980448 5.315995 -0.022499 0.004328 -0.013236 0.011316 0.999839
1718924460.874743462 -6.979070 5.316025 -0.022478 0.004329 -0.013234 0.011335 0.999839
1718924460.879743099 -6.977690 5.316051 -0.022461 0.004352 -0.013227 0.011352 0.999839
1718924460.884736300 -6.976311 5.316073 -0.022445 0.004385 -0.013223 0.011360 0.999838
1718924460.889702082 -6.974940 5.316091 -0.022429 0.004414 -0.013218 0.011365 0.999838
1718924460.894745350 -6.973547 5.316104 -0.022411 0.004426 -0.013220 0.011371 0.999838
1718924460.899703503 -6.972177 5.316113 -0.022388 0.004420 -0.013238 0.011381 0.999838
1718924460.900021315 -6.972089 5.316113 -0.022387 0.004418 -0.013240 0.011381 0.999838
1718924460.900021315 -6.972089 5.316113 -0.022387 0.004418 -0.013240 0.011381 0.999838
1718924460.904715776 -6.970791 5.316117 -0.022358 0.004392 -0.013272 0.011381 0.999838
1718924460.909703970 -6.969413 5.316116 -0.022324 0.004354 -0.013300 0.011374 0.999837
1718924460.914724827 -6.968028 5.316111 -0.022289 0.004308 -0.013315 0.011365 0.999837
1718924460.959697723 -6.955581 5.316282 -0.021808 0.004238 -0.013431 0.011505 0.999835
1718924460.964763641 -6.954170 5.316337 -0.021737 0.004215 -0.013460 0.011531 0.999834
1718924460.969758511 -6.952776 5.316399 -0.021664 0.004202 -0.013491 0.011550 0.999833
1718924460.974752426 -6.951381 5.316468 -0.021592 0.004192 -0.013523 0.011562 0.999833
1718924460.979712963 -6.949996 5.316542 -0.021525 0.004185 -0.013543 0.011576 0.999833
1718924460.984765768 -6.948589 5.316620 -0.021464 0.004169 -0.013550 0.011599 0.999832
1718924460.989713907 -6.947213 5.316699 -0.021410 0.004143 -0.013548 0.011622 0.999832
1718924460.994711161 -6.945824 5.316783 -0.021362 0.004111 -0.013552 0.011642 0.999832
1718924460.999722958 -6.944428 5.316870 -0.021316 0.004070 -0.013560 0.011649 0.999832
1718924461.004776239 -6.943019 5.316959 -0.021270 0.004030 -0.013566 0.011646 0.999832
1718924461.009716272 -6.941640 5.317047 -0.021224 0.004003 -0.013579 0.011630 0.999832
1718924461.014763594 -6.940231 5.317138 -0.021174 0.003997 -0.013592 0.011604 0.999832
1718924461.019721508 -6.938847 5.317226 -0.021121 0.004012 -0.013599 0.011590 0.999832
1718924461.024714708 -6.937454 5.317311 -0.021062 0.004018 -0.013603 0.011560 0.999833
1718924461.029719114 -6.936058 5.317392 -0.020997 0.004002 -0.013611 0.011527 0.999833
1718924461.034702778 -6.934671 5.317468 -0.020926 0.003970 -0.013623 0.011511 0.999833
1718924461.039756536 -6.933265 5.317540 -0.020850 0.003918 -0.013640 0.011495 0.999833
1718924461.044762850 -6.931873 5.317607 -0.020774 0.003869 -0.013662 0.011460 0.999834
1718924461.049711704 -6.930496 5.317666 -0.020700 0.003835 -0.013681 0.011427 0.999834
1718924461.054713726 -6.929104 5.317719 -0.020628 0.003817 -0.013695 0.011394 0.999834
1718924461.059710503 -6.927714 5.317765 -0.020559 0.003816 -0.013699 0.011356 0.999834
1718924461.064743757 -6.926311 5.317805 -0.020493 0.003830 -0.013698 0.011324 0.999835
1718924461.069704533 -6.924927 5.317839 -0.020432 0.003832 -0.013701 0.011286 0.999835
1718924461.074744940 -6.923520 5.317865 -0.020373 0.003811 -0.013702 0.011246 0.999836
1718924461.079699993 -6.922137 5.317883 -0.020320 0.003790 -0.013688 0.011214 0.999836
1718924461.084703684 -6.920739 5.317895 -0.020271 0.003786 -0.013668 0.011196 0.999837
1718924461.089699507 -6.919341 5.317903 -0.020225 0.003802 -0.013649 0.011170 0.999837
1718924461.094736814 -6.917927 5.317904 -0.020179 0.003835 -0.013644 0.011146 0.999837
1718924461.099693298 -6.916533 5.317896 -0.020130 0.003865 -0.013654 0.011125 0.999837
1718924461.100013256 -6.916444 5.317895 -0.020127 0.003866 -0.013655 0.011124 0.999837
1718924461.100013256 -6.916444 5.317895 -0.020127 0.003866 -0.013655 0.011124 0.999837
1718924461.104696512 -6.915126 5.317877 -0.020066 0.003883 -0.013673 0.011109 0.999837
1718924461.109701872 -6.913717 5.317853 -0.019998 0.003899 -0.013697 0.011090 0.999837
1718924461.114757538 -6.912295 5.317824 -0.019925 0.003905 -0.013713 0.011078 0.999837
1718924461.189766645 -6.891267 5.317898 -0.018912 0.004161 -0.013567 0.011113 0.999838
1718924461.194760561 -6.889870 5.317947 -0.018865 0.004162 -0.013558 0.011121 0.999838
1718924461.199753284 -6.888475 5.318002 -0.018821 0.004155 -0.013541 0.011131 0.999838
1718924461.204746246 -6.887081 5.318064 -0.018781 0.004141 -0.013530 0.011136 0.999838
1718924461.209744215 -6.885685 5.318131 -0.018744 0.004142 -0.013515 0.011134 0.999838
1718924461.214716911 -6.884297 5.318203 -0.018712 0.004145 -0.013497 0.011131 0.999838
1718924461.219722033 -6.882901 5.318281 -0.018682 0.004142 -0.013480 0.011133 0.999839
1718924461.224756479 -6.881497 5.318363 -0.018652 0.004144 -0.013477 0.011140 0.999839
1718924461.229716539 -6.880112 5.318449 -0.018618 0.004150 -0.013490 0.011157 0.999838
1718924461.234706640 -6.878718 5.318537 -0.018576 0.004152 -0.013505 0.011175 0.999838
1718924461.239709616 -6.877320 5.318627 -0.018528 0.004130 -0.013515 0.011188 0.999838
1718924461.244695425 -6.875930 5.318717 -0.018476 0.004101 -0.013517 0.011193 0.999838
1718924461.249714375 -6.874532 5.318809 -0.018425 0.004078 -0.013507 0.011190 0.999838
1718924461.254703522 -6.873140 5.318901 -0.018378 0.004063 -0.013495 0.011197 0.999838
1718924461.259704828 -6.871743 5.318994 -0.018334 0.004052 -0.013485 0.011202 0.999838
1718924461.264698982 -6.870347 5.319084 -0.018296 0.004059 -0.013481 0.011206 0.999838
1718924461.269702911 -6.868947 5.319174 -0.018261 0.004065 -0.013476 0.011213 0.999838
1718924461.274710178 -6.867544 5.319262 -0.018231 0.004066 -0.013480 0.011218 0.999838
1718924461.279709816 -6.866142 5.319348 -0.018204 0.004068 -0.013484 0.011221 0.999838
1718924461.284703255 -6.864740 5.319430 -0.018179 0.004066 -0.013492 0.011219 0.999838
1718924461.289741278 -6.863324 5.319507 -0.018153 0.004060 -0.013507 0.011204 0.999838
1718924461.294744253 -6.861917 5.319580 -0.018123 0.004057 -0.013519 0.011191 0.999838
1718924461.299698591 -6.860522 5.319648 -0.018089 0.004054 -0.013532 0.011189 0.999838
1718924461.300018311 -6.860432 5.319652 -0.018086 0.004054 -0.013533 0.011189 0.999838
1718924461.300018311 -6.860432 5.319652 -0.018086 0.004054 -0.013533 0.011189 0.999838
1718924461.304702997 -6.859110 5.319711 -0.018040 0.004050 -0.013541 0.011191 0.999837
1718924461.309739590 -6.857690 5.319769 -0.017988 0.004044 -0.013546 0.011184 0.999838
1718924461.314744949 -6.856277 5.319823 -0.017935 0.004033 -0.013541 0.011175 0.999838
1718924461.394715071 -6.833697 5.320747 -0.017396 0.004136 -0.013351 0.010533 0.999847
1718924461.399770260 -6.832267 5.320814 -0.017390 0.004145 -0.013338 0.010500 0.999847
1718924461.404756784 -6.830857 5.320881 -0.017387 0.004138 -0.013325 0.010478 0.999848
1718924461.409739733 -6.829450 5.320950 -0.017385 0.004126 -0.013318 0.010457 0.999848
1718924461.414724350 -6.828041 5.321021 -0.017384 0.004126 -0.013316 0.010433 0.999848
1718924461.419720650 -6.826629 5.321094 -0.017385 0.004139 -0.013320 0.010405 0.999849
1718924461.424717188 -6.825216 5.321170 -0.017389 0.004158 -0.013323 0.010377 0.999849
1718924461.429720402 -6.823801 5.321247 -0.017392 0.004168 -0.013334 0.010353 0.999849
1718924461.434715986 -6.822388 5.321326 -0.017393 0.004179 -0.013346 0.010329 0.999849
1718924461.439712048 -6.820975 5.321408 -0.017390 0.004181 -0.013356 0.010313 0.999849
1718924461.444713354 -6.819560 5.321492 -0.017383 0.004160 -0.013356 0.010298 0.999849
1718924461.449716330 -6.818144 5.321578 -0.017374 0.004129 -0.013352 0.010287 0.999849
1718924461.454728842 -6.816724 5.321667 -0.017365 0.004108 -0.013342 0.010278 0.999850
1718924461.459706306 -6.815312 5.321758 -0.017356 0.004115 -0.013315 0.010276 0.999850
1718924461.464702368 -6.813894 5.321852 -0.017349 0.004144 -0.013285 0.010279 0.999850
1718924461.469706059 -6.812472 5.321946 -0.017343 0.004174 -0.013263 0.010286 0.999850
1718924461.474700928 -6.811050 5.322039 -0.017338 0.004193 -0.013245 0.010298 0.999850
1718924461.479707241 -6.809623 5.322133 -0.017335 0.004196 -0.013238 0.010305 0.999850
1718924461.484701157 -6.808199 5.322227 -0.017334 0.004187 -0.013244 0.010318 0.999850
1718924461.489715815 -6.806766 5.322319 -0.017332 0.004160 -0.013261 0.010339 0.999850
1718924461.494705200 -6.805340 5.322409 -0.017327 0.004127 -0.013290 0.010359 0.999850
1718924461.499709368 -6.803907 5.322499 -0.017318 0.004115 -0.013315 0.010378 0.999849
1718924461.500000000 -6.803824 5.322504 -0.017318 0.004115 -0.013316 0.010379 0.999849
1718924461.500000000 -6.803824 5.322504 -0.017318 0.004115 -0.013316 0.010379 0.999849
1718924461.504705429 -6.802479 5.322590 -0.017298 0.004126 -0.013333 0.010400 0.999849
1718924461.509709835 -6.801049 5.322680 -0.017273 0.004145 -0.013340 0.010424 0.999848
1718924461.514731169 -6.799613 5.322769 -0.017246 0.004167 -0.013346 0.010446 0.999848
1718924461.589713573 -6.778037 5.324430 -0.017771 0.003906 -0.013298 0.010148 0.999852
1718924461.594718456 -6.776579 5.324564 -0.017866 0.003909 -0.013291 0.010110 0.999853
1718924461.599777222 -6.775104 5.324700 -0.017968 0.003910 -0.013289 0.010075 0.999853
1718924461.599993944 -6.775041 5.324706 -0.017972 0.003910 -0.013289 0.010075 0.999853
1718924461.599993944 -6.775041 5.324706 -0.017972 0.003910 -0.013289 0.010075 0.999853
1718924461.604802847 -6.773639 5.324836 -0.018064 0.003894 -0.013297 0.010062 0.999853
1718924461.609747648 -6.772194 5.324971 -0.018162 0.003862 -0.013310 0.010057 0.999853
1718924461.614727497 -6.770738 5.325107 -0.018262 0.003823 -0.013324 0.010041 0.999854
1718924461.619717598 -6.769278 5.325245 -0.018359 0.003784 -0.013347 0.010025 0.999854
1718924461.624713898 -6.767816 5.325383 -0.018450 0.003751 -0.013367 0.010000 0.999854
1718924461.629719973 -6.766348 5.325522 -0.018531 0.003729 -0.013390 0.009972 0.999854
1718924461.634716034 -6.764882 5.325661 -0.018604 0.003721 -0.013423 0.009955 0.999853
1718924461.639749527 -6.763405 5.325801 -0.018674 0.003714 -0.013463 0.009929 0.999853
1718924461.644751549 -6.761939 5.325938 -0.018741 0.003694 -0.013492 0.009910 0.999853
1718924461.649707317 -6.760489 5.326072 -0.018808 0.003670 -0.013512 0.009910 0.999853
1718924461.654711246 -6.759024 5.326206 -0.018878 0.003647 -0.013530 0.009917 0.999853
1718924461.659703255 -6.757562 5.326339 -0.018949 0.003623 -0.013548 0.009927 0.999852
1718924461.664705992 -6.756098 5.326469 -0.019023 0.003600 -0.013566 0.009939 0.999852
1718924461.669701815 -6.754636 5.326596 -0.019099 0.003583 -0.013594 0.009952 0.999852
1718924461.674746275 -6.753160 5.326721 -0.019180 0.003583 -0.013629 0.009956 0.999851
1718924461.679704428 -6.751708 5.326843 -0.019262 0.003599 -0.013662 0.009968 0.999851
1718924461.684739113 -6.750234 5.326962 -0.019345 0.003607 -0.013696 0.009995 0.999850
1718924461.689704657 -6.748782 5.327076 -0.019424 0.003589 -0.013727 0.010011 0.999849
1718924461.694700956 -6.747322 5.327186 -0.019497 0.003559 -0.013757 0.010025 0.999849
1718924461.699744463 -6.745847 5.327295 -0.019565 0.003521 -0.013782 0.010048 0.999848
1718924461.699904203 -6.745800 5.327299 -0.019567 0.003520 -0.013783 0.010049 0.999848
1718924461.699904203 -6.745800 5.327299 -0.019567 0.003520 -0.013783 0.010049 0.999848
1718924461.704739809 -6.744386 5.327402 -0.019629 0.003493 -0.013798 0.010071 0.999848
1718924461.709706783 -6.742933 5.327507 -0.019691 0.003477 -0.013808 0.010085 0.999848
1718924461.714743853 -6.741461 5.327611 -0.019756 0.003475 -0.013810 0.010100 0.999848
1718924461.719707251 -6.740010 5.327713 -0.019821 0.003484 -0.013814 0.010113 0.999847
1718924461.800021172 -6.716488 5.329173 -0.021014 0.003263 -0.014297 0.010617 0.999836
1718924461.800021172 -6.716488 5.329173 -0.021014 0.003263 -0.014297 0.010617 0.999836
1718924461.804758072 -6.715106 5.329254 -0.021060 0.003253 -0.014325 0.010648 0.999835
1718924461.809710026 -6.713661 5.329338 -0.021105 0.003234 -0.014357 0.010678 0.999835
1718924461.814753532 -6.712188 5.329421 -0.021142 0.003203 -0.014399 0.010688 0.999834
1718924461.819718361 -6.710737 5.329498 -0.021168 0.003161 -0.014436 0.010694 0.999834
1718924461.824703693 -6.709282 5.329571 -0.021185 0.003105 -0.014467 0.010704 0.999833
1718924461.829698801 -6.707828 5.329640 -0.021197 0.003054 -0.014487 0.010711 0.999833
1718924461.834758997 -6.706356 5.329704 -0.021207 0.003014 -0.014500 0.010700 0.999833
1718924461.839750767 -6.704904 5.329763 -0.021218 0.002992 -0.014506 0.010692 0.999833
1718924461.844751596 -6.703449 5.329816 -0.021234 0.002972 -0.014501 0.010681 0.999833
1718924461.849705219 -6.702009 5.329863 -0.021255 0.002939 -0.014503 0.010672 0.999834
1718924461.854744911 -6.700546 5.329906 -0.021284 0.002907 -0.014511 0.010672 0.999834
1718924461.859699249 -6.699108 5.329944 -0.021320 0.002881 -0.014528 0.010669 0.999833
1718924461.864743948 -6.697644 5.329977 -0.021363 0.002855 -0.014553 0.010679 0.999833
1718924461.869700670 -6.696207 5.330003 -0.021409 0.002827 -0.014570 0.010684 0.999833
1718924461.874696732 -6.694759 5.330023 -0.021457 0.002810 -0.014581 0.010687 0.999833
1718924461.879701138 -6.693310 5.330038 -0.021500 0.002795 -0.014595 0.010688 0.999832
1718924461.884737253 -6.691850 5.330048 -0.021534 0.002776 -0.014612 0.010690 0.999832
1718924461.889701366 -6.690408 5.330052 -0.021558 0.002755 -0.014632 0.010700 0.999832
1718924461.894736528 -6.688945 5.330051 -0.021577 0.002739 -0.014655 0.010706 0.999832
1718924461.899701834 -6.687502 5.330045 -0.021594 0.002725 -0.014687 0.010713 0.999831
1718924461.899997950 -6.687416 5.330045 -0.021595 0.002725 -0.014688 0.010713 0.999831
1718924461.899997950 -6.687416 5.330045 -0.021595 0.002725 -0.014688 0.010713 0.999831
1718924461.904700518 -6.686044 5.330042 -0.021616 0.002723 -0.014706 0.010716 0.999831
1718924461.909702778 -6.684584 5.330038 -0.021646 0.002732 -0.014708 0.010710 0.999831
1718924461.944713831 -6.674367 5.330038 -0.021682 0.002611 -0.014899 0.010757 0.999828
1718924461.949704647 -6.672900 5.330044 -0.021655 0.002608 -0.014915 0.010757 0.999827
1718924461.954706907 -6.671428 5.330053 -0.021619 0.002616 -0.014939 0.010751 0.999827
1718924461.959702492 -6.669957 5.330065 -0.021577 0.002616 -0.014956 0.010755 0.999827
1718924461.964705467 -6.668484 5.330080 -0.021533 0.002605 -0.014972 0.010754 0.999827
1718924461.969702244 -6.667014 5.330098 -0.021489 0.002583 -0.014979 0.010752 0.999827
1718924461.974706411 -6.665543 5.330121 -0.021449 0.002566 -0.014975 0.010747 0.999827
1718924461.979707241 -6.664073 5.330150 -0.021412 0.002565 -0.014964 0.010750 0.999827
1718924461.984710932 -6.662601 5.330182 -0.021380 0.002566 -0.014961 0.010760 0.999827
1718924461.989714861 -6.661130 5.330218 -0.021351 0.002567 -0.014970 0.010769 0.999827
1718924461.994705915 -6.659663 5.330258 -0.021326 0.002577 -0.014983 0.010775 0.999826
1718924461.999708414 -6.658192 5.330302 -0.021304 0.002587 -0.014996 0.010789 0.999826
1718924462.004711390 -6.656720 5.330350 -0.021281 0.002575 -0.015012 0.010804 0.999826
1718924462.009704590 -6.655252 5.330398 -0.021253 0.002546 -0.015033 0.010816 0.999825
1718924462.014709234 -6.653782 5.330448 -0.021216 0.002510 -0.015054 0.010821 0.999825
1718924462.019758701 -6.652301 5.330499 -0.021174 0.002487 -0.015077 0.010824 0.999825
1718924462.024749756 -6.650838 5.330552 -0.021131 0.002479 -0.015103 0.010829 0.999824
1718924462.029707432 -6.649387 5.330602 -0.021089 0.002479 -0.015123 0.010832 0.999824
1718924462.034712315 -6.647923 5.330652 -0.021049 0.002483 -0.015133 0.010833 0.999824
1718924462.039703846 -6.646465 5.330699 -0.021012 0.002489 -0.015131 0.010832 0.999824
1718924462.044706345 -6.645004 5.330745 -0.020979 0.002495 -0.015129 0.010828 0.999824
1718924462.049707174 -6.643542 5.330787 -0.020948 0.002495 -0.015136 0.010824 0.999824
1718924462.054744959 -6.642068 5.330826 -0.020920 0.002472 -0.015145 0.010809 0.999824
1718924462.059700966 -6.640619 5.330859 -0.020897 0.002438 -0.015156 0.010789 0.999824
1718924462.064742327 -6.639144 5.330891 -0.020876 0.002418 -0.015176 0.010776 0.999824
1718924462.069701672 -6.637694 5.330919 -0.020860 0.002418 -0.015202 0.010766 0.999824
1718924462.074706316 -6.636228 5.330943 -0.020845 0.002422 -0.015225 0.010748 0.999823
1718924462.079703331 -6.634765 5.330962 -0.020826 0.002422 -0.015247 0.010723 0.999823
1718924462.084696770 -6.633302 5.330977 -0.020802 0.002420 -0.015268 0.010699 0.999823
1718924462.089699984 -6.631836 5.330988 -0.020773 0.002415 -0.015284 0.010673 0.999823
1718924462.094696522 -6.630370 5.330996 -0.020741 0.002402 -0.015293 0.010646 0.999823
1718924462.099700212 -6.628901 5.331000 -0.020707 0.002379 -0.015291 0.010616 0.999824
1718924462.100000143 -6.628813 5.331000 -0.020704 0.002377 -0.015291 0.010614 0.999824
1718924462.100000143 -6.628813 5.331000 -0.020704 0.002377 -0.015291 0.010614 0.999824
1718924462.104697466 -6.627436 5.331002 -0.020659 0.002359 -0.015274 0.010588 0.999824
1718924462.109701395 -6.625969 5.331002 -0.020611 0.002359 -0.015259 0.010564 0.999825
1718924462.114749908 -6.624488 5.331002 -0.020565 0.002387 -0.015244 0.010545 0.999825
1718924462.199996233 -6.599762 5.330912 -0.019787 0.002102 -0.015479 0.010698 0.999821
1718924462.199996233 -6.599762 5.330912 -0.019787 0.002102 -0.015479 0.010698 0.999821
1718924462.219734907 -6.594149 5.330865 -0.019623 0.002030 -0.015569 0.010733 0.999819
1718924462.224754333 -6.592723 5.330852 -0.019583 0.002023 -0.015573 0.010743 0.999819
1718924462.229832172 -6.591282 5.330841 -0.019548 0.002016 -0.015568 0.010746 0.999819
1718924462.234763622 -6.589882 5.330831 -0.019518 0.002023 -0.015551 0.010741 0.999819
1718924462.239771128 -6.588458 5.330823 -0.019492 0.002044 -0.015525 0.010735 0.999820
1718924462.244776249 -6.587034 5.330815 -0.019469 0.002066 -0.015510 0.010739 0.999820
1718924462.249758244 -6.585615 5.330806 -0.019447 0.002073 -0.015509 0.010741 0.999820
1718924462.254756451 -6.584190 5.330798 -0.019429 0.002072 -0.015519 0.010735 0.999820
1718924462.259730816 -6.582770 5.330790 -0.019414 0.002076 -0.015527 0.010729 0.999820
1718924462.264759302 -6.581332 5.330780 -0.019402 0.002073 -0.015535 0.010729 0.999820
1718924462.269746542 -6.579907 5.330769 -0.019388 0.002063 -0.015549 0.010734 0.999819
1718924462.274754286 -6.578474 5.330760 -0.019368 0.002060 -0.015559 0.010736 0.999819
1718924462.279721975 -6.577049 5.330751 -0.019342 0.002078 -0.015577 0.010739 0.999819
1718924462.284713745 -6.575615 5.330742 -0.019309 0.002097 -0.015601 0.010738 0.999818
1718924462.289699554 -6.574182 5.330732 -0.019273 0.002108 -0.015619 0.010741 0.999818
1718924462.294704914 -6.572744 5.330721 -0.019235 0.002118 -0.015633 0.010752 0.999818
1718924462.299700260 -6.571309 5.330711 -0.019199 0.002125 -0.015642 0.010758 0.999818
1718924462.299992323 -6.571225 5.330711 -0.019197 0.002126 -0.015643 0.010758 0.999818
1718924462.299992323 -6.571225 5.330711 -0.019197 0.002126 -0.015643 0.010758 0.999818
1718924462.304704428 -6.569871 5.330700 -0.019158 0.002133 -0.015651 0.010762 0.999817
1718924462.309699059 -6.568435 5.330687 -0.019121 0.002152 -0.015649 0.010778 0.999817
1718924462.314709425 -6.566994 5.330673 -0.019087 0.002171 -0.015648 0.010798 0.999817
1718924462.349712372 -6.556972 5.330569 -0.018858 0.002164 -0.015780 0.010886 0.999814
1718924462.354747772 -6.555533 5.330554 -0.018830 0.002168 -0.015784 0.010891 0.999814
1718924462.359765530 -6.554100 5.330541 -0.018806 0.002171 -0.015780 0.010894 0.999814
1718924462.364766836 -6.552672 5.330528 -0.018786 0.002170 -0.015771 0.010896 0.999814
1718924462.369760513 -6.551247 5.330516 -0.018770 0.002170 -0.015773 0.010892 0.999814
1718924462.374715805 -6.549832 5.330507 -0.018759 0.002183 -0.015775 0.010880 0.999814
1718924462.379742622 -6.548396 5.330498 -0.018751 0.002196 -0.015778 0.010860 0.999814
1718924462.384703636 -6.546978 5.330489 -0.018747 0.002211 -0.015774 0.010844 0.999814
1718924462.389701843 -6.545550 5.330480 -0.018747 0.002224 -0.015768 0.010830 0.999815
1718924462.394702911 -6.544120 5.330473 -0.018749 0.002232 -0.015768 0.010811 0.999815
1718924462.399699688 -6.542690 5.330467 -0.018750 0.002231 -0.015773 0.010781 0.999815
1718924462.399986267 -6.542607 5.330467 -0.018750 0.002230 -0.015774 0.010779 0.999815
1718924462.399986267 -6.542607 5.330467 -0.018750 0.002230 -0.015774 0.010779 0.999815
1718924462.404703856 -6.541258 5.330461 -0.018737 0.002220 -0.015784 0.010743 0.999815
1718924462.409700155 -6.539827 5.330457 -0.018717 0.002207 -0.015805 0.010706 0.999815
1718924462.414718866 -6.538387 5.330455 -0.018692 0.002204 -0.015832 0.010665 0.999815
1718924462.419779062 -6.536937 5.330454 -0.018666 0.002213 -0.015857 0.010626 0.999815
1718924462.424750805 -6.535516 5.330455 -0.018643 0.002217 -0.015873 0.010585 0.999816
1718924462.429795504 -6.534079 5.330456 -0.018624 0.002219 -0.015864 0.010543 0.999816
1718924462.434752226 -6.532673 5.330460 -0.018608 0.002225 -0.015842 0.010510 0.999817
1718924462.439714432 -6.531270 5.330465 -0.018592 0.002240 -0.015826 0.010485 0.999817
1718924462.444752455 -6.529851 5.330471 -0.018575 0.002250 -0.015827 0.010468 0.999817
1718924462.449730873 -6.528452 5.330478 -0.018556 0.002253 -0.015839 0.010437 0.999818
1718924462.454707146 -6.527060 5.330486 -0.018534 0.002242 -0.015863 0.010406 0.999818
1718924462.459702969 -6.525669 5.330495 -0.018507 0.002227 -0.015894 0.010392 0.999817
1718924462.464752674 -6.524271 5.330507 -0.018474 0.002212 -0.015930 0.010379 0.999817
1718924462.469703197 -6.522906 5.330520 -0.018436 0.002198 -0.015960 0.010370 0.999816
1718924462.474720716 -6.521527 5.330534 -0.018394 0.002185 -0.015973 0.010369 0.999816
1718924462.479749441 -6.520153 5.330550 -0.018350 0.002182 -0.015975 0.010383 0.999816
1718924462.484702826 -6.518805 5.330568 -0.018309 0.002191 -0.015966 0.010412 0.999816
1718924462.489703655 -6.517447 5.330589 -0.018271 0.002205 -0.015958 0.010457 0.999816
1718924462.494712114 -6.516089 5.330613 -0.018234 0.002215 -0.015960 0.010512 0.999815
1718924462.499711990 -6.514738 5.330637 -0.018201 0.002220 -0.015965 0.010568 0.999814
1718924462.499991179 -6.514663 5.330638 -0.018199 0.002220 -0.015965 0.010571 0.999814
1718924462.499991179 -6.514663 5.330638 -0.018199 0.002220 -0.015965 0.010571 0.999814
1718924462.504705906 -6.513396 5.330661 -0.018167 0.002222 -0.015961 0.010618 0.999814
1718924462.509711981 -6.512062 5.330686 -0.018138 0.002220 -0.015953 0.010671 0.999813
1718924462.514721870 -6.510735 5.330711 -0.018112 0.002226 -0.015940 0.010720 0.999813
1718924462.559719086 -6.499189 5.330939 -0.018143 0.002287 -0.016073 0.010710 0.999811
1718924462.564722300 -6.497938 5.330965 -0.018167 0.002299 -0.016070 0.010703 0.999811
1718924462.569736481 -6.496689 5.330990 -0.018193 0.002304 -0.016065 0.010694 0.999811
1718924462.574739933 -6.495446 5.331015 -0.018218 0.002297 -0.016070 0.010673 0.999811
1718924462.579712629 -6.494215 5.331038 -0.018243 0.002280 -0.016076 0.010654 0.999811
1718924462.584713697 -6.492980 5.331061 -0.018269 0.002258 -0.016081 0.010624 0.999812
1718924462.589715004 -6.491751 5.331085 -0.018296 0.002241 -0.016085 0.010578 0.999812
1718924462.594704866 -6.490528 5.331109 -0.018327 0.002239 -0.016090 0.010533 0.999813
1718924462.599705219 -6.489306 5.331134 -0.018361 0.002245 -0.016094 0.010492 0.999813
1718924462.599984169 -6.489238 5.331135 -0.018363 0.002244 -0.016095 0.010490 0.999813
1718924462.599984169 -6.489238 5.331135 -0.018363 0.002244 -0.016095 0.010490 0.999813
1718924462.604692221 -6.488091 5.331157 -0.018384 0.002237 -0.016104 0.010457 0.999813
1718924462.609705925 -6.486874 5.331181 -0.018402 0.002215 -0.016118 0.010423 0.999813
1718924462.614714622 -6.485661 5.331206 -0.018413 0.002189 -0.016136 0.010392 0.999813
1718924462.619765282 -6.484441 5.331233 -0.018418 0.002170 -0.016161 0.010369 0.999813
1718924462.624728918 -6.483244 5.331260 -0.018420 0.002164 -0.016186 0.010358 0.999813
1718924462.629726648 -6.482042 5.331286 -0.018423 0.002162 -0.016204 0.010343 0.999813
1718924462.634713650 -6.480847 5.331314 -0.018430 0.002164 -0.016209 0.010344 0.999813
1718924462.639714718 -6.479653 5.331344 -0.018440 0.002178 -0.016207 0.010354 0.999813
1718924462.644712448 -6.478463 5.331375 -0.018452 0.002195 -0.016204 0.010381 0.999812
1718924462.649716139 -6.477274 5.331407 -0.018462 0.002210 -0.016203 0.010408 0.999812
1718924462.654711962 -6.476089 5.331437 -0.018470 0.002215 -0.016199 0.010440 0.999812
1718924462.659714937 -6.474905 5.331468 -0.018478 0.002211 -0.016199 0.010486 0.999811
1718924462.664710760 -6.473728 5.331499 -0.018486 0.002207 -0.016198 0.010535 0.999811
1718924462.669709921 -6.472554 5.331529 -0.018498 0.002208 -0.016205 0.010583 0.999810
1718924462.674723148 -6.471379 5.331559 -0.018512 0.002222 -0.016213 0.010615 0.999810
1718924462.679706335 -6.470212 5.331587 -0.018527 0.002235 -0.016216 0.010642 0.999809
1718924462.684703588 -6.469044 5.331613 -0.018540 0.002245 -0.016223 0.010669 0.999809
1718924462.689705133 -6.467877 5.331638 -0.018547 0.002246 -0.016242 0.010689 0.999808
1718924462.694699764 -6.466716 5.331662 -0.018548 0.002243 -0.016265 0.010701 0.999808
1718924462.699704885 -6.465555 5.331684 -0.018544 0.002242 -0.016289 0.010707 0.999807
1718924462.699903011 -6.465510 5.331685 -0.018544 0.002242 -0.016289 0.010706 0.999807
1718924462.699903011 -6.465510 5.331685 -0.018544 0.002242 -0.016289 0.010706 0.999807
1718924462.704700470 -6.464402 5.331704 -0.018538 0.002238 -0.016298 0.010701 0.999807
1718924462.709710598 -6.463249 5.331723 -0.018535 0.002233 -0.016300 0.010678 0.999808
1718924462.714749098 -6.462094 5.331741 -0.018537 0.002244 -0.016285 0.010646 0.999808
1718924462.719714642 -6.460959 5.331758 -0.018544 0.002258 -0.016265 0.010610 0.999809
1718924462.794691086 -6.443897 5.332331 -0.019171 0.002310 -0.015907 0.010427 0.999816
1718924462.799704552 -6.442759 5.332385 -0.019246 0.002327 -0.015878 0.010429 0.999817
1718924462.799984217 -6.442696 5.332389 -0.019250 0.002328 -0.015876 0.010430 0.999817
1718924462.799984217 -6.442696 5.332389 -0.019250 0.002328 -0.015876 0.010430 0.999817
1718924462.804702520 -6.441629 5.332441 -0.019313 0.002343 -0.015854 0.010434 0.999817
1718924462.809695959 -6.440499 5.332498 -0.019378 0.002356 -0.015833 0.010448 0.999817
1718924462.814714432 -6.439362 5.332559 -0.019438 0.002363 -0.015826 0.010462 0.999817
1718924462.819715500 -6.438225 5.332620 -0.019495 0.002355 -0.015828 0.010477 0.999817
1718924462.824708700 -6.437090 5.332683 -0.019553 0.002342 -0.015831 0.010501 0.999817
1718924462.829711914 -6.435954 5.332747 -0.019615 0.002333 -0.015830 0.010529 0.999817
1718924462.834712029 -6.434822 5.332811 -0.019683 0.002336 -0.015821 0.010556 0.999816
1718924462.839709282 -6.433692 5.332876 -0.019752 0.002339 -0.015799 0.010582 0.999816
1718924462.844711065 -6.432560 5.332941 -0.019818 0.002330 -0.015792 0.010613 0.999816
1718924462.849709749 -6.431430 5.333006 -0.019877 0.002315 -0.015795 0.010651 0.999816
1718924462.854710102 -6.430304 5.333073 -0.019930 0.002298 -0.015808 0.010683 0.999815
1718924462.859710217 -6.429185 5.333140 -0.019977 0.002287 -0.015826 0.010705 0.999815
1718924462.864706516 -6.428079 5.333207 -0.020022 0.002273 -0.015842 0.010712 0.999815
1718924462.869702578 -6.426981 5.333274 -0.020066 0.002264 -0.015853 0.010720 0.999814
1718924462.874715805 -6.425887 5.333343 -0.020109 0.002253 -0.015863 0.010733 0.999814
1718924462.879717827 -6.424799 5.333413 -0.020150 0.002249 -0.015869 0.010744 0.999814
1718924462.884700775 -6.423720 5.333484 -0.020187 0.002236 -0.015876 0.010750 0.999814
1718924462.889703751 -6.422643 5.333558 -0.020224 0.002212 -0.015886 0.010755 0.999814
1718924462.894697905 -6.421575 5.333633 -0.020259 0.002179 -0.015895 0.010756 0.999813
1718924462.899704456 -6.420510 5.333710 -0.020293 0.002146 -0.015917 0.010760 0.999813
1718924462.900018930 -6.420443 5.333715 -0.020295 0.002143 -0.015919 0.010761 0.999813
1718924462.900018930 -6.420443 5.333715 -0.020295 0.002143 -0.015919 0.010761 0.999813
1718924462.904700041 -6.419451 5.333791 -0.020317 0.002099 -0.015950 0.010770 0.999813
1718924462.909704685 -6.418391 5.333877 -0.020338 0.002045 -0.016005 0.010795 0.999812
1718924462.914709806 -6.417332 5.333968 -0.020355 0.001991 -0.016062 0.010827 0.999810
1718924462.964758873 -6.406884 5.334795 -0.020401 0.001737 -0.016171 0.011194 0.999805
1718924462.969709158 -6.405835 5.334867 -0.020401 0.001729 -0.016177 0.011210 0.999805
1718924462.974713802 -6.404778 5.334936 -0.020398 0.001737 -0.016183 0.011217 0.999805
1718924462.979706049 -6.403726 5.334997 -0.020394 0.001747 -0.016194 0.011219 0.999804
1718924462.984694004 -6.402677 5.335050 -0.020389 0.001758 -0.016212 0.011200 0.999804
1718924462.989703417 -6.401625 5.335094 -0.020387 0.001772 -0.016234 0.011163 0.999804
1718924462.994702578 -6.400577 5.335127 -0.020389 0.001783 -0.016263 0.011107 0.999804
1718924462.999704599 -6.399527 5.335147 -0.020395 0.001787 -0.016286 0.011043 0.999805
1718924463.004740238 -6.398468 5.335152 -0.020406 0.001795 -0.016301 0.010971 0.999805
1718924463.009737253 -6.397412 5.335145 -0.020422 0.001817 -0.016311 0.010878 0.999806
1718924463.014752865 -6.396346 5.335124 -0.020443 0.001836 -0.016315 0.010783 0.999807
1718924463.019791365 -6.395267 5.335090 -0.020467 0.001850 -0.016306 0.010684 0.999808
1718924463.024749756 -6.394196 5.335042 -0.020493 0.001864 -0.016296 0.010577 0.999810
1718924463.029778481 -6.393102 5.334983 -0.020520 0.001877 -0.016290 0.010477 0.999811
1718924463.034705400 -6.392025 5.334915 -0.020545 0.001884 -0.016293 0.010398 0.999811
1718924463.039748430 -6.390921 5.334840 -0.020568 0.001891 -0.016293 0.010328 0.999812
1718924463.044697523 -6.389837 5.334761 -0.020586 0.001911 -0.016291 0.010270 0.999813
1718924463.049699306 -6.388742 5.334677 -0.020601 0.001948 -0.016292 0.010230 0.999813
1718924463.054711103 -6.387643 5.334590 -0.020614 0.002003 -0.016288 0.010205 0.999813
1718924463.059736967 -6.386540 5.334499 -0.020625 0.002062 -0.016289 0.010193 0.999813
1718924463.064696550 -6.385450 5.334408 -0.020635 0.002113 -0.016289 0.010194 0.999813
1718924463.069699526 -6.384351 5.334317 -0.020646 0.002153 -0.016286 0.010202 0.999813
1718924463.074698687 -6.383253 5.334228 -0.020660 0.002183 -0.016282 0.010221 0.999813
1718924463.079695702 -6.382155 5.334142 -0.020676 0.002215 -0.016279 0.010239 0.999813
1718924463.084686518 -6.381057 5.334059 -0.020693 0.002249 -0.016282 0.010262 0.999812
1718924463.089690685 -6.379953 5.333980 -0.020707 0.002278 -0.016284 0.010288 0.999812
1718924463.094732761 -6.378840 5.333902 -0.020717 0.002295 -0.016284 0.010317 0.999812
1718924463.099694490 -6.377745 5.333830 -0.020722 0.002304 -0.016289 0.010334 0.999811
1718924463.099983215 -6.377681 5.333825 -0.020722 0.002303 -0.016290 0.010335 0.999811
1718924463.099983215 -6.377681 5.333825 -0.020722 0.002303 -0.016290 0.010335 0.999811
1718924463.104689598 -6.376642 5.333762 -0.020711 0.002304 -0.016302 0.010337 0.999811
1718924463.109692574 -6.375537 5.333700 -0.020696 0.002272 -0.016324 0.010323 0.999811
1718924463.114698887 -6.374430 5.333642 -0.020676 0.002207 -0.016340 0.010279 0.999811
1718924463.164744139 -6.363225 5.333351 -0.020444 0.001589 -0.016277 0.008768 0.999828
1718924463.169698715 -6.362095 5.333355 -0.020418 0.001557 -0.016269 0.008609 0.999829
1718924463.174690723 -6.360954 5.333364 -0.020388 0.001542 -0.016260 0.008455 0.999831
1718924463.179746628 -6.359795 5.333378 -0.020355 0.001536 -0.016254 0.008303 0.999832
1718924463.184742451 -6.358646 5.333394 -0.020318 0.001518 -0.016258 0.008167 0.999833
1718924463.189703226 -6.357502 5.333411 -0.020280 0.001494 -0.016271 0.008043 0.999834
1718924463.194706440 -6.356346 5.333428 -0.020242 0.001471 -0.016285 0.007925 0.999835
1718924463.199784517 -6.355169 5.333447 -0.020208 0.001466 -0.016288 0.007831 0.999836
1718924463.199989080 -6.355122 5.333448 -0.020207 0.001466 -0.016288 0.007827 0.999836
1718924463.199989080 -6.355122 5.333448 -0.020207 0.001466 -0.016288 0.007827 0.999836
1718924463.204740047 -6.354019 5.333464 -0.020173 0.001466 -0.016283 0.007752 0.999836
1718924463.209728479 -6.352860 5.333480 -0.020140 0.001486 -0.016267 0.007691 0.999837
1718924463.214705467 -6.351701 5.333491 -0.020107 0.001518 -0.016246 0.007643 0.999838
1718924463.219695091 -6.350538 5.333497 -0.020070 0.001540 -0.016226 0.007604 0.999838
1718924463.224708080 -6.349366 5.333499 -0.020026 0.001550 -0.016213 0.007568 0.999839
1718924463.229699373 -6.348198 5.333495 -0.019978 0.001555 -0.016209 0.007555 0.999839
1718924463.234720707 -6.347022 5.333486 -0.019930 0.001555 -0.016209 0.007557 0.999839
1718924463.239690304 -6.345857 5.333469 -0.019885 0.001558 -0.016202 0.007562 0.999839
1718924463.244750261 -6.344671 5.333446 -0.019845 0.001574 -0.016191 0.007568 0.999839
1718924463.249699354 -6.343510 5.333415 -0.019810 0.001593 -0.016164 0.007561 0.999839
1718924463.254746437 -6.342325 5.333375 -0.019777 0.001602 -0.016122 0.007523 0.999840
1718924463.259742022 -6.341149 5.333323 -0.019744 0.001578 -0.016087 0.007458 0.999842
1718924463.264753342 -6.339965 5.333260 -0.019709 0.001526 -0.016068 0.007378 0.999843
1718924463.269706249 -6.338791 5.333190 -0.019670 0.001481 -0.016062 0.007285 0.999843
1718924463.274744272 -6.337592 5.333116 -0.019629 0.001468 -0.016053 0.007177 0.999844
1718924463.279708624 -6.336407 5.333039 -0.019589 0.001488 -0.016037 0.007045 0.999845
1718924463.284695625 -6.335212 5.332955 -0.019549 0.001526 -0.016024 0.006889 0.999847
1718924463.289693356 -6.334011 5.332864 -0.019510 0.001556 -0.016006 0.006708 0.999848
1718924463.294690132 -6.332808 5.332767 -0.019470 0.001564 -0.015986 0.006512 0.999850
1718924463.299685717 -6.331603 5.332670 -0.019430 0.001558 -0.015966 0.006312 0.999851
1718924463.299989223 -6.331530 5.332664 -0.019427 0.001557 -0.015965 0.006300 0.999851
1718924463.299989223 -6.331530 5.332664 -0.019427 0.001557 -0.015965 0.006300 0.999851
1718924463.304690838 -6.330395 5.332574 -0.019383 0.001544 -0.015958 0.006113 0.999853
1718924463.309685707 -6.329184 5.332480 -0.019332 0.001517 -0.015965 0.005913 0.999854
1718924463.314701319 -6.327964 5.332389 -0.019278 0.001484 -0.015976 0.005714 0.999855
1718924463.364740610 -6.315652 5.331718 -0.019089 0.001729 -0.016017 0.004182 0.999861
1718924463.369690895 -6.314410 5.331677 -0.019104 0.001746 -0.016019 0.004035 0.999862
1718924463.374711037 -6.313146 5.331637 -0.019125 0.001730 -0.016009 0.003902 0.999863
1718924463.379691839 -6.311889 5.331599 -0.019151 0.001682 -0.015992 0.003794 0.999864
1718924463.384729385 -6.310611 5.331563 -0.019181 0.001633 -0.015979 0.003704 0.999864
1718924463.389688015 -6.309348 5.331531 -0.019215 0.001607 -0.015971 0.003614 0.999865
1718924463.394696951 -6.308066 5.331501 -0.019251 0.001590 -0.015960 0.003525 0.999865
1718924463.399725676 -6.306774 5.331472 -0.019286 0.001568 -0.015949 0.003450 0.999866
1718924463.399980068 -6.306708 5.331470 -0.019288 0.001567 -0.015948 0.003446 0.999866
1718924463.399980068 -6.306708 5.331470 -0.019288 0.001567 -0.015948 0.003446 0.999866
1718924463.404729843 -6.305483 5.331444 -0.019308 0.001543 -0.015932 0.003373 0.999866
1718924463.409685135 -6.304202 5.331417 -0.019324 0.001503 -0.015914 0.003295 0.999867
1718924463.414681196 -6.302909 5.331387 -0.019333 0.001401 -0.015906 0.003214 0.999867
1718924463.419757128 -6.301595 5.331351 -0.019334 0.001235 -0.015910 0.003120 0.999868
1718924463.424721003 -6.300308 5.331313 -0.019330 0.001056 -0.015922 0.003021 0.999868
1718924463.429777145 -6.298996 5.331277 -0.019325 0.000891 -0.015943 0.002916 0.999868
1718924463.434746981 -6.297705 5.331244 -0.019325 0.000776 -0.015972 0.002811 0.999868
1718924463.439732552 -6.296409 5.331213 -0.019339 0.000697 -0.016003 0.002694 0.999868
1718924463.444735765 -6.295104 5.331184 -0.019369 0.000633 -0.016036 0.002559 0.999868
1718924463.449685335 -6.293809 5.331159 -0.019412 0.000575 -0.016068 0.002410 0.999868
1718924463.454694033 -6.292495 5.331136 -0.019467 0.000493 -0.016093 0.002247 0.999868
1718924463.459746361 -6.291167 5.331113 -0.019525 0.000371 -0.016090 0.002059 0.999868
1718924463.464712620 -6.289856 5.331093 -0.019576 0.000229 -0.016068 0.001857 0.999869
1718924463.469682932 -6.288538 5.331076 -0.019612 0.000098 -0.016031 0.001644 0.999870
1718924463.474746466 -6.287191 5.331066 -0.019631 0.000008 -0.015986 0.001425 0.999871
1718924463.479704857 -6.285872 5.331064 -0.019637 -0.000032 -0.015932 0.001202 0.999872
1718924463.484732151 -6.284536 5.331067 -0.019632 -0.000047 -0.015882 0.000978 0.999873
1718924463.489685535 -6.283221 5.331074 -0.019622 -0.000064 -0.015860 0.000763 0.999874
1718924463.494717121 -6.281889 5.331083 -0.019612 -0.000096 -0.015858 0.000550 0.999874
1718924463.499681711 -6.280580 5.331096 -0.019610 -0.000125 -0.015865 0.000352 0.999874
1718924463.500000238 -6.280496 5.331096 -0.019610 -0.000126 -0.015865 0.000341 0.999874
1718924463.500000238 -6.280496 5.331096 -0.019610 -0.000126 -0.015865 0.000341 0.999874
1718924463.504681110 -6.279271 5.331111 -0.019617 -0.000140 -0.015864 0.000180 0.999874
1718924463.509683371 -6.277969 5.331129 -0.019632 -0.000130 -0.015843 0.000035 0.999874
1718924463.514757633 -6.276656 5.331151 -0.019646 -0.000107 -0.015804 -0.000104 0.999875
1718924463.569761753 -6.262394 5.331541 -0.019819 -0.000533 -0.015652 -0.000190 0.999877
1718924463.584721565 -6.258506 5.331670 -0.019852 -0.000551 -0.015586 -0.000222 0.999878
1718924463.589689970 -6.257220 5.331707 -0.019849 -0.000563 -0.015566 -0.000237 0.999879
1718924463.594717979 -6.255919 5.331743 -0.019838 -0.000583 -0.015543 -0.000263 0.999879
1718924463.599683523 -6.254636 5.331778 -0.019820 -0.000609 -0.015526 -0.000291 0.999879
1718924463.599992037 -6.254556 5.331780 -0.019819 -0.000611 -0.015525 -0.000293 0.999879
1718924463.599992037 -6.254556 5.331780 -0.019819 -0.000611 -0.015525 -0.000293 0.999879
1718924463.604696989 -6.253344 5.331812 -0.019793 -0.000653 -0.015512 -0.000315 0.999879
1718924463.609724283 -6.252052 5.331846 -0.019769 -0.000704 -0.015496 -0.000340 0.999880
1718924463.614690304 -6.250778 5.331878 -0.019751 -0.000734 -0.015474 -0.000373 0.999880
1718924463.619717360 -6.249492 5.331910 -0.019742 -0.000745 -0.015448 -0.000415 0.999880
1718924463.624759197 -6.248203 5.331940 -0.019742 -0.000745 -0.015419 -0.000458 0.999881
1718924463.629687071 -6.246946 5.331968 -0.019746 -0.000754 -0.015396 -0.000516 0.999881
1718924463.634749413 -6.245659 5.331994 -0.019752 -0.000774 -0.015377 -0.000587 0.999881
1718924463.639746904 -6.244392 5.332017 -0.019755 -0.000799 -0.015363 -0.000668 0.999881
1718924463.644712448 -6.243137 5.332039 -0.019755 -0.000815 -0.015356 -0.000756 0.999881
1718924463.649776220 -6.241857 5.332058 -0.019752 -0.000820 -0.015349 -0.000852 0.999881
1718924463.654688835 -6.240615 5.332074 -0.019748 -0.000819 -0.015334 -0.000935 0.999882
1718924463.659680843 -6.239352 5.332087 -0.019743 -0.000822 -0.015312 -0.001008 0.999882
1718924463.664706230 -6.238081 5.332096 -0.019739 -0.000829 -0.015282 -0.001066 0.999882
1718924463.669688225 -6.236818 5.332102 -0.019735 -0.000842 -0.015249 -0.001127 0.999883
1718924463.674691439 -6.235546 5.332107 -0.019731 -0.000871 -0.015231 -0.001188 0.999883
1718924463.679702044 -6.234268 5.332109 -0.019727 -0.000907 -0.015221 -0.001231 0.999883
1718924463.684683084 -6.232994 5.332110 -0.019722 -0.000927 -0.015212 -0.001269 0.999883
1718924463.689686060 -6.231713 5.332112 -0.019720 -0.000921 -0.015197 -0.001304 0.999883
1718924463.694681406 -6.230433 5.332113 -0.019721 -0.000907 -0.015183 -0.001319 0.999883
1718924463.699685812 -6.229149 5.332112 -0.019723 -0.000896 -0.015165 -0.001333 0.999884
1718924463.699982882 -6.229073 5.332111 -0.019724 -0.000896 -0.015163 -0.001333 0.999884
1718924463.699982882 -6.229073 5.332111 -0.019724 -0.000896 -0.015163 -0.001333 0.999884
1718924463.704680443 -6.227866 5.332108 -0.019721 -0.000895 -0.015146 -0.001342 0.999884
1718924463.709685326 -6.226577 5.332103 -0.019718 -0.000907 -0.015136 -0.001337 0.999884
1718924463.714692831 -6.225287 5.332097 -0.019715 -0.000913 -0.015132 -0.001328 0.999884
1718924463.719693184 -6.223996 5.332092 -0.019713 -0.000903 -0.015138 -0.001322 0.999884
1718924463.764674664 -6.212626 5.332194 -0.019886 -0.001034 -0.014824 -0.001221 0.999889
1718924463.769679070 -6.211386 5.332223 -0.019975 -0.001021 -0.014809 -0.001223 0.999889
1718924463.774676561 -6.210151 5.332255 -0.020069 -0.001018 -0.014803 -0.001232 0.999889
1718924463.779686451 -6.208915 5.332291 -0.020164 -0.001028 -0.014807 -0.001241 0.999889
1718924463.784716129 -6.207676 5.332333 -0.020257 -0.001046 -0.014824 -0.001253 0.999889
1718924463.789680719 -6.206456 5.332378 -0.020348 -0.001066 -0.014838 -0.001274 0.999889
1718924463.794673443 -6.205232 5.332429 -0.020436 -0.001079 -0.014844 -0.001299 0.999888
1718924463.799677134 -6.204009 5.332485 -0.020523 -0.001078 -0.014839 -0.001325 0.999888
1718924463.799985170 -6.203933 5.332488 -0.020528 -0.001077 -0.014839 -0.001326 0.999888
1718924463.799985170 -6.203933 5.332488 -0.020528 -0.001077 -0.014839 -0.001326 0.999888
1718924463.804674149 -6.202790 5.332540 -0.020604 -0.001076 -0.014822 -0.001349 0.999889
1718924463.809720278 -6.201559 5.332599 -0.020681 -0.001082 -0.014800 -0.001373 0.999889
1718924463.814679146 -6.200347 5.332661 -0.020750 -0.001101 -0.014786 -0.001397 0.999889
1718924463.819686174 -6.199123 5.332728 -0.020816 -0.001133 -0.014775 -0.001414 0.999889
1718924463.824695349 -6.197900 5.332797 -0.020879 -0.001189 -0.014768 -0.001426 0.999889
1718924463.829679489 -6.196686 5.332868 -0.020943 -0.001248 -0.014754 -0.001445 0.999889
1718924463.834681273 -6.195469 5.332941 -0.021012 -0.001290 -0.014738 -0.001457 0.999890
1718924463.839747429 -6.194239 5.333019 -0.021087 -0.001303 -0.014724 -0.001472 0.999890
1718924463.844683886 -6.193042 5.333096 -0.021163 -0.001316 -0.014711 -0.001498 0.999890
1718924463.849683762 -6.191831 5.333174 -0.021240 -0.001340 -0.014703 -0.001531 0.999890
1718924463.854684591 -6.190618 5.333253 -0.021315 -0.001378 -0.014691 -0.001567 0.999890
1718924463.859683514 -6.189406 5.333334 -0.021388 -0.001421 -0.014674 -0.001597 0.999890
1718924463.864680052 -6.188194 5.333416 -0.021462 -0.001472 -0.014662 -0.001640 0.999890
1718924463.869684219 -6.186979 5.333498 -0.021536 -0.001522 -0.014650 -0.001686 0.999890
1718924463.874689341 -6.185760 5.333581 -0.021615 -0.001540 -0.014626 -0.001722 0.999890
1718924463.879678726 -6.184543 5.333664 -0.021696 -0.001554 -0.014593 -0.001765 0.999891
1718924463.884683132 -6.183318 5.333746 -0.021777 -0.001578 -0.014555 -0.001809 0.999891
1718924463.889719725 -6.182082 5.333828 -0.021854 -0.001626 -0.014519 -0.001851 0.999892
1718924463.894677877 -6.180861 5.333909 -0.021922 -0.001695 -0.014502 -0.001882 0.999892
1718924463.899721622 -6.179615 5.333993 -0.021986 -0.001781 -0.014502 -0.001912 0.999891
1718924463.900014877 -6.179542 5.333998 -0.021990 -0.001785 -0.014502 -0.001914 0.999891
1718924463.900014877 -6.179542 5.333998 -0.021990 -0.001785 -0.014502 -0.001914 0.999891
1718924463.904683828 -6.178386 5.334082 -0.022043 -0.001847 -0.014505 -0.001948 0.999891
1718924463.909673452 -6.177150 5.334173 -0.022107 -0.001892 -0.014503 -0.001988 0.999891
1718924463.914733648 -6.175897 5.334266 -0.022181 -0.001916 -0.014489 -0.002027 0.999891
1718924463.964722395 -6.163372 5.335291 -0.022702 -0.002239 -0.014227 -0.002024 0.999894
1718924463.969706535 -6.162088 5.335406 -0.022740 -0.002261 -0.014238 -0.002024 0.999894
1718924463.974750042 -6.160785 5.335523 -0.022776 -0.002303 -0.014250 -0.002030 0.999894
1718924463.979725361 -6.159497 5.335639 -0.022813 -0.002351 -0.014255 -0.002015 0.999894
1718924463.984728336 -6.158200 5.335757 -0.022854 -0.002386 -0.014248 -0.001982 0.999894
1718924463.989720821 -6.156904 5.335875 -0.022899 -0.002403 -0.014237 -0.001949 0.999894
1718924463.994716167 -6.155604 5.335992 -0.022948 -0.002403 -0.014224 -0.001911 0.999894
1718924463.999721766 -6.154298 5.336110 -0.022997 -0.002402 -0.014211 -0.001864 0.999894
1718924464.004674673 -6.153003 5.336226 -0.023045 -0.002412 -0.014205 -0.001814 0.999895
1718924464.009712458 -6.151684 5.336342 -0.023093 -0.002419 -0.014209 -0.001763 0.999895
1718924464.014742136 -6.150367 5.336458 -0.023142 -0.002424 -0.014214 -0.001716 0.999895
1718924464.019746065 -6.149056 5.336570 -0.023193 -0.002416 -0.014212 -0.001677 0.999895
1718924464.024731636 -6.147749 5.336679 -0.023247 -0.002398 -0.014195 -0.001647 0.999895
1718924464.029689312 -6.146447 5.336782 -0.023304 -0.002382 -0.014166 -0.001625 0.999896
1718924464.034689665 -6.145133 5.336881 -0.023362 -0.002381 -0.014134 -0.001608 0.999896
1718924464.039682627 -6.143819 5.336976 -0.023417 -0.002405 -0.014111 -0.001590 0.999896
1718924464.044730902 -6.142487 5.337069 -0.023468 -0.002442 -0.014104 -0.001573 0.999896
1718924464.049738169 -6.141164 5.337158 -0.023516 -0.002483 -0.014109 -0.001570 0.999896
1718924464.054714680 -6.139849 5.337246 -0.023563 -0.002513 -0.014117 -0.001579 0.999896
1718924464.059680223 -6.138536 5.337331 -0.023613 -0.002520 -0.014113 -0.001599 0.999896
1718924464.064715147 -6.137207 5.337416 -0.023668 -0.002509 -0.014103 -0.001630 0.999896
1718924464.069717169 -6.135887 5.337500 -0.023725 -0.002493 -0.014089 -0.001664 0.999896
1718924464.074672699 -6.134581 5.337582 -0.023781 -0.002484 -0.014075 -0.001706 0.999896
1718924464.079678535 -6.133260 5.337666 -0.023835 -0.002492 -0.014074 -0.001753 0.999896
1718924464.084673882 -6.131942 5.337749 -0.023890 -0.002522 -0.014081 -0.001804 0.999896
1718924464.089678764 -6.130624 5.337834 -0.023947 -0.002556 -0.014087 -0.001861 0.999896
1718924464.094673872 -6.129312 5.337920 -0.024008 -0.002581 -0.014092 -0.001926 0.999896
1718924464.099670410 -6.128000 5.338008 -0.024072 -0.002587 -0.014096 -0.001985 0.999895
1718924464.099980116 -6.127919 5.338014 -0.024076 -0.002588 -0.014096 -0.001989 0.999895
1718924464.099980116 -6.127919 5.338014 -0.024076 -0.002588 -0.014096 -0.001989 0.999895
1718924464.104717255 -6.126672 5.338105 -0.024126 -0.002590 -0.014104 -0.002046 0.999895
1718924464.109709978 -6.125356 5.338205 -0.024172 -0.002593 -0.014117 -0.002105 0.999895
1718924464.114690304 -6.124043 5.338311 -0.024208 -0.002605 -0.014137 -0.002152 0.999894
1718924464.199984074 -6.101934 5.339848 -0.026057 -0.002668 -0.013892 -0.001513 0.999899
1718924464.199984074 -6.101934 5.339848 -0.026057 -0.002668 -0.013892 -0.001513 0.999899
1718924464.204677582 -6.100732 5.339919 -0.026219 -0.002668 -0.013884 -0.001477 0.999899
1718924464.209715128 -6.099444 5.339992 -0.026398 -0.002662 -0.013870 -0.001446 0.999899
1718924464.214735508 -6.098162 5.340060 -0.026580 -0.002657 -0.013859 -0.001435 0.999899
1718924464.219686508 -6.096899 5.340124 -0.026760 -0.002668 -0.013860 -0.001436 0.999899
1718924464.224747419 -6.095608 5.340185 -0.026942 -0.002683 -0.013863 -0.001444 0.999899
1718924464.229686975 -6.094348 5.340240 -0.027119 -0.002689 -0.013865 -0.001465 0.999899
1718924464.234692335 -6.093073 5.340292 -0.027299 -0.002678 -0.013866 -0.001514 0.999899
1718924464.239723206 -6.091793 5.340340 -0.027480 -0.002643 -0.013845 -0.001587 0.999899
1718924464.244727850 -6.090520 5.340383 -0.027662 -0.002596 -0.013816 -0.001660 0.999900
1718924464.249717474 -6.089251 5.340419 -0.027839 -0.002562 -0.013788 -0.001742 0.999900
1718924464.254700422 -6.087982 5.340450 -0.028011 -0.002561 -0.013771 -0.001834 0.999900
1718924464.259748220 -6.086693 5.340475 -0.028179 -0.002590 -0.013768 -0.001946 0.999900
1718924464.264732599 -6.085418 5.340498 -0.028343 -0.002634 -0.013768 -0.002061 0.999900
1718924464.269676447 -6.084156 5.340519 -0.028508 -0.002675 -0.013765 -0.002179 0.999899
1718924464.274733543 -6.082867 5.340539 -0.028684 -0.002709 -0.013754 -0.002305 0.999899
1718924464.279788971 -6.081580 5.340558 -0.028865 -0.002723 -0.013739 -0.002431 0.999899
1718924464.284682989 -6.080333 5.340575 -0.029045 -0.002713 -0.013726 -0.002546 0.999899
1718924464.289712429 -6.079049 5.340595 -0.029231 -0.002703 -0.013723 -0.002652 0.999899
1718924464.294714689 -6.077768 5.340616 -0.029415 -0.002701 -0.013730 -0.002746 0.999898
1718924464.299666882 -6.076497 5.340640 -0.029597 -0.002720 -0.013742 -0.002829 0.999898
1718924464.299993038 -6.076413 5.340642 -0.029610 -0.002722 -0.013743 -0.002834 0.999898
1718924464.299993038 -6.076413 5.340642 -0.029610 -0.002722 -0.013743 -0.002834 0.999898
1718924464.304712296 -6.075201 5.340667 -0.029785 -0.002742 -0.013757 -0.002908 0.999897
1718924464.309670925 -6.073924 5.340697 -0.029971 -0.002752 -0.013760 -0.002976 0.999897
1718924464.314690590 -6.072629 5.340731 -0.030162 -0.002744 -0.013750 -0.003027 0.999897
1718924464.394673824 -6.051878 5.341167 -0.033171 -0.001669 -0.013043 -0.003507 0.999907
1718924464.399667263 -6.050571 5.341186 -0.033350 -0.001602 -0.013011 -0.003558 0.999908
1718924464.399992943 -6.050486 5.341187 -0.033362 -0.001601 -0.013010 -0.003562 0.999908
1718924464.399992943 -6.050486 5.341187 -0.033362 -0.001601 -0.013010 -0.003562 0.999908
1718924464.404672384 -6.049257 5.341206 -0.033520 -0.001580 -0.012987 -0.003617 0.999908
1718924464.409668922 -6.047942 5.341223 -0.033683 -0.001592 -0.012978 -0.003698 0.999908
1718924464.414674997 -6.046621 5.341238 -0.033844 -0.001627 -0.012980 -0.003795 0.999907
1718924464.419693947 -6.045297 5.341252 -0.034008 -0.001666 -0.012975 -0.003901 0.999907
1718924464.424685717 -6.043982 5.341265 -0.034178 -0.001684 -0.012957 -0.004023 0.999907
1718924464.429680586 -6.042668 5.341277 -0.034355 -0.001672 -0.012929 -0.004173 0.999906
1718924464.434678555 -6.041352 5.341287 -0.034536 -0.001644 -0.012904 -0.004331 0.999906
1718924464.439752579 -6.040014 5.341297 -0.034719 -0.001616 -0.012889 -0.004478 0.999906
1718924464.444715023 -6.038703 5.341306 -0.034897 -0.001595 -0.012878 -0.004610 0.999905
1718924464.449680805 -6.037391 5.341316 -0.035072 -0.001580 -0.012869 -0.004731 0.999905
1718924464.454670906 -6.036071 5.341325 -0.035247 -0.001577 -0.012863 -0.004854 0.999904
1718924464.459719658 -6.034736 5.341334 -0.035421 -0.001565 -0.012841 -0.004980 0.999904
1718924464.464726210 -6.033409 5.341343 -0.035593 -0.001532 -0.012807 -0.005107 0.999904
1718924464.469722509 -6.032081 5.341350 -0.035763 -0.001505 -0.012768 -0.005217 0.999904
1718924464.474730968 -6.030748 5.341357 -0.035930 -0.001501 -0.012741 -0.005312 0.999904
1718924464.479712725 -6.029418 5.341365 -0.036091 -0.001524 -0.012730 -0.005387 0.999903
1718924464.484713316 -6.028079 5.341375 -0.036249 -0.001554 -0.012732 -0.005457 0.999903
1718924464.489736795 -6.026734 5.341389 -0.036407 -0.001581 -0.012733 -0.005525 0.999902
1718924464.494666815 -6.025415 5.341408 -0.036565 -0.001589 -0.012722 -0.005579 0.999902
1718924464.499707699 -6.024067 5.341432 -0.036731 -0.001577 -0.012706 -0.005627 0.999902
1718924464.499983072 -6.023994 5.341433 -0.036740 -0.001575 -0.012706 -0.005629 0.999902
1718924464.499983072 -6.023994 5.341433 -0.036740 -0.001575 -0.012706 -0.005629 0.999902
1718924464.504704714 -6.022733 5.341458 -0.036900 -0.001548 -0.012696 -0.005673 0.999902
1718924464.509708405 -6.021398 5.341488 -0.037071 -0.001524 -0.012692 -0.005714 0.999902
1718924464.514677048 -6.020070 5.341522 -0.037240 -0.001522 -0.012702 -0.005757 0.999902
1718924464.559669733 -6.008064 5.341804 -0.038682 -0.001916 -0.012698 -0.006239 0.999898
1718924464.564722776 -6.006716 5.341831 -0.038837 -0.001950 -0.012711 -0.006300 0.999897
1718924464.569715977 -6.005386 5.341858 -0.038994 -0.001965 -0.012714 -0.006383 0.999897
1718924464.574714899 -6.004056 5.341886 -0.039157 -0.001950 -0.012714 -0.006472 0.999896
1718924464.579719067 -6.002726 5.341913 -0.039324 -0.001931 -0.012709 -0.006571 0.999896
1718924464.584713697 -6.001400 5.341938 -0.039494 -0.001933 -0.012710 -0.006683 0.999895
1718924464.589709044 -6.000073 5.341961 -0.039663 -0.001973 -0.012727 -0.006809 0.999894
1718924464.594703197 -5.998745 5.341982 -0.039831 -0.002050 -0.012746 -0.006959 0.999892
1718924464.599710703 -5.997415 5.341998 -0.039997 -0.002144 -0.012756 -0.007124 0.999891
1718924464.599978924 -5.997343 5.341999 -0.040006 -0.002147 -0.012756 -0.007133 0.999891
1718924464.599978924 -5.997343 5.341999 -0.040006 -0.002147 -0.012756 -0.007133 0.999891
1718924464.604705572 -5.996091 5.342011 -0.040164 -0.002206 -0.012751 -0.007295 0.999890
1718924464.609665632 -5.994779 5.342022 -0.040334 -0.002223 -0.012729 -0.007472 0.999889
1718924464.614679098 -5.993452 5.342032 -0.040507 -0.002226 -0.012705 -0.007651 0.999888
1718924464.619694948 -5.992122 5.342037 -0.040677 -0.002251 -0.012685 -0.007826 0.999886
1718924464.624668837 -5.990801 5.342036 -0.040839 -0.002311 -0.012679 -0.008003 0.999885
1718924464.629683495 -5.989466 5.342031 -0.040997 -0.002403 -0.012685 -0.008183 0.999883
1718924464.634680986 -5.988134 5.342026 -0.041150 -0.002508 -0.012701 -0.008369 0.999881
1718924464.639672995 -5.986802 5.342020 -0.041300 -0.002610 -0.012718 -0.008563 0.999879
1718924464.644682169 -5.985467 5.342013 -0.041454 -0.002680 -0.012730 -0.008765 0.999877
1718924464.649670601 -5.984137 5.342008 -0.041616 -0.002712 -0.012729 -0.008958 0.999875
1718924464.654681444 -5.982802 5.342005 -0.041787 -0.002720 -0.012717 -0.009144 0.999874
1718924464.659676075 -5.981473 5.342003 -0.041964 -0.002724 -0.012715 -0.009326 0.999872
1718924464.664673328 -5.980143 5.342001 -0.042146 -0.002744 -0.012708 -0.009496 0.999870
1718924464.669669390 -5.978813 5.342000 -0.042331 -0.002783 -0.012710 -0.009646 0.999869
1718924464.674677372 -5.977478 5.342002 -0.042517 -0.002813 -0.012717 -0.009778 0.999867
1718924464.679713249 -5.976133 5.342009 -0.042704 -0.002822 -0.012721 -0.009897 0.999866
1718924464.684694767 -5.974801 5.342020 -0.042887 -0.002797 -0.012716 -0.010003 0.999865
1718924464.689670086 -5.973467 5.342033 -0.043066 -0.002762 -0.012698 -0.010085 0.999865
1718924464.694666862 -5.972123 5.342048 -0.043241 -0.002744 -0.012683 -0.010149 0.999864
1718924464.699671984 -5.970774 5.342064 -0.043409 -0.002756 -0.012677 -0.010190 0.999864
1718924464.699911118 -5.970709 5.342064 -0.043417 -0.002758 -0.012676 -0.010191 0.999864
1718924464.699911118 -5.970709 5.342064 -0.043417 -0.002758 -0.012676 -0.010191 0.999864
1718924464.699990034 -5.957548 5.333780 0.004077 -0.000513 -0.012302 -0.007260 0.999898
1718924464.699990034 -5.957548 5.333780 0.004077 -0.000513 -0.012302 -0.007260 0.999898
1718924464.704664946 -5.956715 5.333831 0.003802 -0.000545 -0.012302 -0.007278 0.999898
1718924464.709662437 -5.955822 5.333889 0.003511 -0.000579 -0.012315 -0.007274 0.999898
1718924464.714672327 -5.954925 5.333949 0.003219 -0.000599 -0.012335 -0.007260 0.999897
1718924464.754671812 -5.947766 5.334351 0.000961 -0.000653 -0.012374 -0.006981 0.999899
1718924464.759679079 -5.946834 5.334405 0.000684 -0.000637 -0.012364 -0.006966 0.999899
1718924464.764708519 -5.945895 5.334459 0.000403 -0.000599 -0.012349 -0.006965 0.999899
1718924464.769677401 -5.944965 5.334508 0.000122 -0.000559 -0.012341 -0.006967 0.999899
1718924464.774681091 -5.944026 5.334554 -0.000166 -0.000541 -0.012330 -0.006979 0.999899
1718924464.779678345 -5.943084 5.334596 -0.000460 -0.000554 -0.012322 -0.006997 0.999899
1718924464.784664154 -5.942142 5.334633 -0.000756 -0.000579 -0.012318 -0.007027 0.999899
1718924464.789666653 -5.941195 5.334668 -0.001051 -0.000605 -0.012327 -0.007082 0.999899
1718924464.794664621 -5.940246 5.334699 -0.001340 -0.000636 -0.012336 -0.007145 0.999898
1718924464.799665689 -5.939296 5.334727 -0.001625 -0.000657 -0.012340 -0.007220 0.999898
1718924464.804700851 -5.938338 5.334753 -0.001907 -0.000665 -0.012339 -0.007312 0.999897
1718924464.809697390 -5.937387 5.334776 -0.002187 -0.000666 -0.012337 -0.007413 0.999896
1718924464.814725399 -5.936429 5.334800 -0.002472 -0.000661 -0.012336 -0.007527 0.999895
1718924464.819686890 -5.935483 5.334823 -0.002758 -0.000652 -0.012337 -0.007645 0.999894
1718924464.824712038 -5.934524 5.334846 -0.003050 -0.000644 -0.012329 -0.007767 0.999894
1718924464.829728127 -5.933566 5.334869 -0.003345 -0.000631 -0.012320 -0.007893 0.999893
1718924464.834670305 -5.932621 5.334892 -0.003637 -0.000612 -0.012305 -0.008024 0.999892
1718924464.839669466 -5.931662 5.334916 -0.003933 -0.000595 -0.012293 -0.008151 0.999891
1718924464.844669819 -5.930700 5.334939 -0.004228 -0.000587 -0.012284 -0.008269 0.999890
1718924464.849704504 -5.929727 5.334963 -0.004523 -0.000582 -0.012280 -0.008381 0.999889
1718924464.854699612 -5.928758 5.334989 -0.004810 -0.000587 -0.012283 -0.008471 0.999889
1718924464.859692574 -5.927787 5.335018 -0.005093 -0.000606 -0.012297 -0.008560 0.999888
1718924464.864698410 -5.926811 5.335051 -0.005374 -0.000621 -0.012304 -0.008632 0.999887
1718924464.869664907 -5.925843 5.335087 -0.005650 -0.000632 -0.012303 -0.008679 0.999886
1718924464.874698877 -5.924862 5.335128 -0.005930 -0.000640 -0.012307 -0.008717 0.999886
1718924464.879703522 -5.923886 5.335173 -0.006209 -0.000639 -0.012314 -0.008745 0.999886
1718924464.884658098 -5.922918 5.335221 -0.006486 -0.000625 -0.012330 -0.008749 0.999886
1718924464.889655590 -5.921937 5.335274 -0.006765 -0.000605 -0.012349 -0.008741 0.999885
1718924464.894660950 -5.920951 5.335330 -0.007044 -0.000577 -0.012368 -0.008728 0.999885
1718924464.899693489 -5.919952 5.335389 -0.007323 -0.000558 -0.012380 -0.008718 0.999885
1718924464.900024176 -5.919886 5.335393 -0.007341 -0.000557 -0.012380 -0.008716 0.999885
1718924464.900024176 -5.919886 5.335393 -0.007341 -0.000557 -0.012380 -0.008716 0.999885
1718924464.904689550 -5.918951 5.335450 -0.007600 -0.000546 -0.012386 -0.008690 0.999885
1718924464.909657001 -5.917949 5.335511 -0.007880 -0.000531 -0.012388 -0.008643 0.999886
1718924464.914729118 -5.916920 5.335573 -0.008171 -0.000507 -0.012384 -0.008595 0.999886
1718924464.984650135 -5.902247 5.336296 -0.012385 -0.000392 -0.012515 -0.009861 0.999873
1718924464.989658594 -5.901161 5.336338 -0.012695 -0.000370 -0.012515 -0.009962 0.999872
1718924464.994665384 -5.900070 5.336377 -0.013003 -0.000358 -0.012510 -0.010081 0.999871
1718924464.999696016 -5.898970 5.336415 -0.013307 -0.000372 -0.012509 -0.010213 0.999870
1718924464.999962807 -5.898911 5.336417 -0.013323 -0.000373 -0.012509 -0.010220 0.999869
1718924464.999962807 -5.898911 5.336417 -0.013323 -0.000373 -0.012509 -0.010220 0.999869
1718924465.004683971 -5.897879 5.336449 -0.013616 -0.000390 -0.012518 -0.010342 0.999868
1718924465.009688616 -5.896782 5.336484 -0.013920 -0.000412 -0.012533 -0.010467 0.999867
1718924465.014727831 -5.895675 5.336521 -0.014223 -0.000431 -0.012549 -0.010591 0.999865
1718924465.019688606 -5.894583 5.336562 -0.014521 -0.000425 -0.012555 -0.010709 0.999864
1718924465.024725199 -5.893474 5.336609 -0.014829 -0.000381 -0.012562 -0.010828 0.999862
1718924465.029680729 -5.892381 5.336660 -0.015138 -0.000315 -0.012559 -0.010943 0.999861
1718924465.034713745 -5.891267 5.336717 -0.015455 -0.000254 -0.012556 -0.011051 0.999860
1718924465.039744616 -5.890151 5.336778 -0.015772 -0.000201 -0.012538 -0.011153 0.999859
1718924465.044705868 -5.889047 5.336843 -0.016084 -0.000153 -0.012508 -0.011250 0.999858
1718924465.049695969 -5.887935 5.336915 -0.016396 -0.000109 -0.012478 -0.011349 0.999858
1718924465.054670572 -5.886826 5.336990 -0.016706 -0.000067 -0.012453 -0.011443 0.999857
1718924465.059669733 -5.885711 5.337068 -0.017019 -0.000037 -0.012434 -0.011531 0.999856
1718924465.064728260 -5.884585 5.337148 -0.017338 -0.000031 -0.012429 -0.011614 0.999855
1718924465.069676638 -5.883486 5.337229 -0.017652 -0.000035 -0.012435 -0.011691 0.999854
1718924465.074665070 -5.882378 5.337314 -0.017968 -0.000027 -0.012449 -0.011777 0.999853
1718924465.079660416 -5.881271 5.337405 -0.018281 -0.000011 -0.012466 -0.011876 0.999852
1718924465.084659576 -5.880166 5.337500 -0.018588 -0.000004 -0.012486 -0.011976 0.999850
1718924465.089654446 -5.879065 5.337600 -0.018891 -0.000014 -0.012503 -0.012085 0.999849
1718924465.094638586 -5.877970 5.337703 -0.019190 -0.000035 -0.012514 -0.012201 0.999847
1718924465.099694967 -5.876861 5.337811 -0.019496 -0.000049 -0.012512 -0.012302 0.999846
1718924465.099990845 -5.876796 5.337818 -0.019514 -0.000049 -0.012511 -0.012307 0.999846
1718924465.099990845 -5.876796 5.337818 -0.019514 -0.000049 -0.012511 -0.012307 0.999846
1718924465.104650974 -5.875769 5.337922 -0.019788 -0.000054 -0.012495 -0.012384 0.999845
1718924465.109647036 -5.874669 5.338033 -0.020085 -0.000054 -0.012477 -0.012471 0.999844
1718924465.154703856 -5.864388 5.338908 -0.022723 -0.000387 -0.012614 -0.013837 0.999825
1718924465.159722805 -5.863217 5.338985 -0.023003 -0.000440 -0.012612 -0.013978 0.999823
1718924465.164674759 -5.862057 5.339060 -0.023280 -0.000475 -0.012613 -0.014113 0.999821
1718924465.169657230 -5.860888 5.339136 -0.023560 -0.000485 -0.012600 -0.014245 0.999819
1718924465.174649954 -5.859714 5.339212 -0.023842 -0.000479 -0.012568 -0.014378 0.999818
1718924465.179654121 -5.858535 5.339286 -0.024124 -0.000480 -0.012520 -0.014511 0.999816
1718924465.184695482 -5.857342 5.339358 -0.024402 -0.000502 -0.012468 -0.014637 0.999815
1718924465.189690113 -5.856155 5.339426 -0.024674 -0.000543 -0.012424 -0.014762 0.999814
1718924465.194644690 -5.854971 5.339491 -0.024940 -0.000592 -0.012380 -0.014879 0.999812
1718924465.199691772 -5.853763 5.339551 -0.025214 -0.000640 -0.012334 -0.014995 0.999811
1718924465.199997902 -5.853690 5.339555 -0.025231 -0.000642 -0.012330 -0.015002 0.999811
1718924465.199997902 -5.853690 5.339555 -0.025231 -0.000642 -0.012330 -0.015002 0.999811
1718924465.204688311 -5.852571 5.339606 -0.025499 -0.000667 -0.012294 -0.015115 0.999810
1718924465.209695816 -5.851382 5.339656 -0.025795 -0.000656 -0.012251 -0.015245 0.999809
1718924465.214679480 -5.850203 5.339703 -0.026097 -0.000630 -0.012219 -0.015379 0.999807
1718924465.219674587 -5.849023 5.339748 -0.026401 -0.000601 -0.012210 -0.015525 0.999805
1718924465.224657297 -5.847847 5.339791 -0.026700 -0.000592 -0.012232 -0.015677 0.999802
1718924465.229675531 -5.846667 5.339831 -0.026995 -0.000607 -0.012266 -0.015845 0.999799
1718924465.234692335 -5.845492 5.339869 -0.027287 -0.000641 -0.012301 -0.016021 0.999796
1718924465.239734888 -5.844313 5.339904 -0.027581 -0.000662 -0.012323 -0.016185 0.999793
1718924465.244707108 -5.843151 5.339935 -0.027873 -0.000664 -0.012331 -0.016333 0.999790
1718924465.249703169 -5.841981 5.339963 -0.028169 -0.000642 -0.012322 -0.016467 0.999788
1718924465.254665136 -5.840816 5.339987 -0.028465 -0.000597 -0.012306 -0.016587 0.999787
1718924465.259655714 -5.839642 5.340007 -0.028763 -0.000537 -0.012289 -0.016690 0.999785
1718924465.264727354 -5.838448 5.340025 -0.029065 -0.000465 -0.012277 -0.016782 0.999784
1718924465.269699097 -5.837275 5.340042 -0.029361 -0.000396 -0.012273 -0.016860 0.999782
1718924465.274689913 -5.836094 5.340058 -0.029661 -0.000328 -0.012278 -0.016940 0.999781
1718924465.279649019 -5.834916 5.340074 -0.029965 -0.000250 -0.012288 -0.017017 0.999780
1718924465.284677029 -5.833715 5.340087 -0.030283 -0.000143 -0.012296 -0.017095 0.999778
1718924465.289690018 -5.832513 5.340096 -0.030613 -0.000013 -0.012297 -0.017174 0.999777
1718924465.294675827 -5.831313 5.340100 -0.030952 0.000139 -0.012280 -0.017250 0.999776
1718924465.299642801 -5.830110 5.340097 -0.031293 0.000282 -0.012259 -0.017329 0.999775
1718924465.300007820 -5.830022 5.340096 -0.031318 0.000289 -0.012257 -0.017336 0.999775
1718924465.300007820 -5.830022 5.340096 -0.031318 0.000289 -0.012257 -0.017336 0.999775
1718924465.304679632 -5.828888 5.340084 -0.031639 0.000382 -0.012237 -0.017424 0.999773
1718924465.309687376 -5.827666 5.340064 -0.031974 0.000466 -0.012224 -0.017536 0.999771
1718924465.314686775 -5.826441 5.340040 -0.032298 0.000570 -0.012217 -0.017661 0.999769
1718924465.359682083 -5.815203 5.339834 -0.035517 0.001237 -0.012180 -0.019952 0.999726
1718924465.364650726 -5.813951 5.339818 -0.035861 0.001318 -0.012145 -0.020226 0.999721
1718924465.369683504 -5.812677 5.339801 -0.036201 0.001406 -0.012106 -0.020511 0.999715
1718924465.374643326 -5.811416 5.339782 -0.036518 0.001471 -0.012079 -0.020801 0.999710
1718924465.379692554 -5.810125 5.339764 -0.036816 0.001501 -0.012073 -0.021093 0.999703
1718924465.384635687 -5.808854 5.339749 -0.037084 0.001510 -0.012078 -0.021359 0.999698
1718924465.389693499 -5.807548 5.339737 -0.037341 0.001506 -0.012084 -0.021611 0.999692
1718924465.394688845 -5.806255 5.339730 -0.037589 0.001512 -0.012081 -0.021820 0.999688
1718924465.399694681 -5.804956 5.339727 -0.037843 0.001529 -0.012067 -0.021999 0.999684
1718924465.399993896 -5.804878 5.339727 -0.037859 0.001530 -0.012066 -0.022008 0.999684
1718924465.399993896 -5.804878 5.339727 -0.037859 0.001530 -0.012066 -0.022008 0.999684
1718924465.404687166 -5.803660 5.339728 -0.038117 0.001558 -0.012059 -0.022139 0.999681
1718924465.409645081 -5.802370 5.339737 -0.038402 0.001592 -0.012050 -0.022258 0.999678
1718924465.414662600 -5.801057 5.339755 -0.038701 0.001633 -0.012046 -0.022344 0.999676
1718924465.419743061 -5.799719 5.339783 -0.039009 0.001675 -0.012056 -0.022400 0.999675
1718924465.424708605 -5.798403 5.339821 -0.039314 0.001719 -0.012076 -0.022437 0.999674
1718924465.429721594 -5.797070 5.339866 -0.039621 0.001765 -0.012092 -0.022453 0.999673
1718924465.434700012 -5.795742 5.339916 -0.039922 0.001800 -0.012098 -0.022447 0.999673
1718924465.439708710 -5.794401 5.339968 -0.040217 0.001815 -0.012105 -0.022432 0.999673
1718924465.444691658 -5.793062 5.340020 -0.040502 0.001820 -0.012114 -0.022400 0.999674
1718924465.449642420 -5.791728 5.340073 -0.040778 0.001817 -0.012122 -0.022365 0.999675
1718924465.454691410 -5.790364 5.340129 -0.041055 0.001810 -0.012136 -0.022339 0.999675
1718924465.459654808 -5.789023 5.340183 -0.041330 0.001784 -0.012160 -0.022325 0.999675
1718924465.464716911 -5.787655 5.340234 -0.041615 0.001722 -0.012205 -0.022322 0.999675
1718924465.469646692 -5.786323 5.340278 -0.041903 0.001621 -0.012264 -0.022343 0.999674
1718924465.474664211 -5.784968 5.340316 -0.042212 0.001494 -0.012331 -0.022393 0.999672
1718924465.479650259 -5.783623 5.340352 -0.042538 0.001367 -0.012397 -0.022484 0.999669
1718924465.484645128 -5.782273 5.340386 -0.042884 0.001255 -0.012466 -0.022620 0.999666
1718924465.489639997 -5.780921 5.340417 -0.043241 0.001150 -0.012544 -0.022796 0.999661
1718924465.494645119 -5.779564 5.340443 -0.043605 0.001012 -0.012618 -0.023029 0.999655
1718924465.499640942 -5.778204 5.340459 -0.043967 0.000838 -0.012685 -0.023327 0.999647
1718924465.499979019 -5.778112 5.340460 -0.043991 0.000825 -0.012688 -0.023352 0.999646
1718924465.499979019 -5.778112 5.340460 -0.043991 0.000825 -0.012688 -0.023352 0.999646
1718924465.504685879 -5.776831 5.340465 -0.044331 0.000641 -0.012722 -0.023695 0.999638
1718924465.509633303 -5.775482 5.340466 -0.044677 0.000459 -0.012736 -0.024101 0.999628
1718924465.514700413 -5.774096 5.340464 -0.045024 0.000302 -0.012712 -0.024565 0.999617
1718924465.559689045 -5.761468 5.340490 -0.047969 -0.000083 -0.012941 -0.029411 0.999484
1718924465.564706087 -5.759997 5.340522 -0.048245 -0.000147 -0.012931 -0.029924 0.999469
1718924465.569649935 -5.758537 5.340557 -0.048505 -0.000207 -0.012921 -0.030374 0.999455
1718924465.574644804 -5.757055 5.340593 -0.048756 -0.000281 -0.012915 -0.030784 0.999443
1718924465.579655886 -5.755563 5.340632 -0.049001 -0.000379 -0.012926 -0.031149 0.999431
1718924465.584650755 -5.754074 5.340678 -0.049244 -0.000498 -0.012949 -0.031468 0.999421
1718924465.589665890 -5.752579 5.340734 -0.049490 -0.000628 -0.012983 -0.031756 0.999411
1718924465.594661951 -5.751089 5.340804 -0.049742 -0.000749 -0.013035 -0.032028 0.999402
1718924465.599656343 -5.749600 5.340890 -0.049998 -0.000849 -0.013092 -0.032285 0.999393
1718924465.604688644 -5.748099 5.340987 -0.050259 -0.000939 -0.013148 -0.032543 0.999383
1718924465.609680653 -5.746612 5.341085 -0.050520 -0.001081 -0.013191 -0.032795 0.999374
1718924465.614651442 -5.745134 5.341177 -0.050782 -0.001281 -0.013222 -0.033050 0.999365
1718924465.619647741 -5.743651 5.341268 -0.051051 -0.001491 -0.013244 -0.033310 0.999356
1718924465.624712467 -5.742145 5.341363 -0.051335 -0.001648 -0.013271 -0.033581 0.999347
1718924465.629661560 -5.740672 5.341458 -0.051620 -0.001751 -0.013306 -0.033861 0.999336
1718924465.634685755 -5.739178 5.341551 -0.051914 -0.001827 -0.013354 -0.034175 0.999325
1718924465.639693737 -5.737689 5.341633 -0.052206 -0.001891 -0.013404 -0.034526 0.999312
1718924465.644695044 -5.736203 5.341704 -0.052488 -0.001929 -0.013454 -0.034898 0.999298
1718924465.649648190 -5.734730 5.341768 -0.052758 -0.001944 -0.013509 -0.035298 0.999284
1718924465.654639959 -5.733242 5.341825 -0.053020 -0.001954 -0.013578 -0.035724 0.999268
1718924465.659647942 -5.731747 5.341873 -0.053274 -0.002001 -0.013653 -0.036174 0.999250
1718924465.664681911 -5.730247 5.341911 -0.053524 -0.002079 -0.013729 -0.036659 0.999231
1718924465.669647932 -5.728770 5.341939 -0.053767 -0.002162 -0.013795 -0.037170 0.999211
1718924465.674685955 -5.727274 5.341960 -0.054010 -0.002269 -0.013853 -0.037695 0.999191
1718924465.679633379 -5.725804 5.341972 -0.054245 -0.002404 -0.013901 -0.038228 0.999169
1718924465.684691906 -5.724300 5.341979 -0.054485 -0.002542 -0.013939 -0.038783 0.999147
1718924465.689640045 -5.722828 5.341986 -0.054721 -0.002673 -0.013982 -0.039314 0.999125
1718924465.694647074 -5.721334 5.341993 -0.054961 -0.002816 -0.014018 -0.039836 0.999104
1718924465.699672937 -5.719832 5.342002 -0.055206 -0.002974 -0.014059 -0.040356 0.999082
1718924465.699888229 -5.719767 5.342002 -0.055216 -0.002980 -0.014061 -0.040378 0.999081
1718924465.699888229 -5.719767 5.342002 -0.055216 -0.002980 -0.014061 -0.040378 0.999081
1718924465.704630136 -5.718355 5.342011 -0.055464 -0.003125 -0.014103 -0.040869 0.999060
1718924465.709640265 -5.716860 5.342030 -0.055733 -0.003234 -0.014142 -0.041380 0.999038
1718924465.714643717 -5.715365 5.342061 -0.056005 -0.003286 -0.014170 -0.041867 0.999017
1718924465.719642162 -5.713870 5.342104 -0.056276 -0.003282 -0.014175 -0.042334 0.998998
1718924465.800000191 -5.690894 5.342022 -0.059322 -0.002142 -0.014319 -0.049637 0.998662
1718924465.800000191 -5.690894 5.342022 -0.059322 -0.002142 -0.014319 -0.049637 0.998662
1718924465.809633970 -5.688290 5.341726 -0.059358 -0.001957 -0.014323 -0.050528 0.998618
1718924465.814696550 -5.686882 5.341568 -0.059350 -0.001894 -0.014297 -0.050998 0.998595
1718924465.819639683 -5.685509 5.341401 -0.059335 -0.001836 -0.014241 -0.051451 0.998572
1718924465.824638128 -5.684125 5.341221 -0.059319 -0.001743 -0.014158 -0.051908 0.998550
1718924465.829644680 -5.682741 5.341032 -0.059309 -0.001631 -0.014072 -0.052376 0.998527
1718924465.834685326 -5.681350 5.340831 -0.059302 -0.001520 -0.013989 -0.052838 0.998504
1718924465.839642763 -5.679984 5.340629 -0.059294 -0.001402 -0.013918 -0.053288 0.998481
1718924465.844678402 -5.678600 5.340425 -0.059283 -0.001271 -0.013863 -0.053760 0.998457
1718924465.849647045 -5.677237 5.340226 -0.059269 -0.001185 -0.013828 -0.054235 0.998432
1718924465.854685068 -5.675857 5.340023 -0.059251 -0.001148 -0.013799 -0.054721 0.998406
1718924465.859637499 -5.674501 5.339824 -0.059238 -0.001116 -0.013767 -0.055196 0.998380
1718924465.864624023 -5.673137 5.339629 -0.059237 -0.001049 -0.013728 -0.055666 0.998355
1718924465.869628906 -5.671771 5.339436 -0.059250 -0.000964 -0.013683 -0.056130 0.998329
1718924465.874674082 -5.670395 5.339242 -0.059273 -0.000875 -0.013635 -0.056580 0.998305
1718924465.879648924 -5.669037 5.339050 -0.059299 -0.000785 -0.013587 -0.056996 0.998282
1718924465.884636641 -5.667675 5.338855 -0.059324 -0.000691 -0.013538 -0.057381 0.998260
1718924465.889622450 -5.666313 5.338657 -0.059345 -0.000600 -0.013490 -0.057734 0.998241
1718924465.894625902 -5.664949 5.338452 -0.059361 -0.000508 -0.013439 -0.058068 0.998222
1718924465.899621964 -5.663587 5.338243 -0.059374 -0.000392 -0.013394 -0.058365 0.998205
1718924465.900006056 -5.663481 5.338227 -0.059374 -0.000380 -0.013391 -0.058386 0.998204
1718924465.900006056 -5.663481 5.338227 -0.059374 -0.000380 -0.013391 -0.058386 0.998204
1718924465.904638052 -5.662153 5.338049 -0.059389 -0.000248 -0.013356 -0.058636 0.998190
1718924465.909621477 -5.660724 5.337853 -0.059403 -0.000095 -0.013332 -0.058886 0.998176
1718924465.914634705 -5.659286 5.337646 -0.059418 0.000033 -0.013315 -0.059121 0.998162
1718924465.994660854 -5.637203 5.333319 -0.059785 0.002417 -0.013986 -0.063493 0.997881
1718924465.999636173 -5.635825 5.332938 -0.059699 0.002543 -0.014003 -0.063807 0.997861
1718924466.004628181 -5.634447 5.332542 -0.059619 0.002645 -0.013990 -0.064146 0.997839
1718924466.009670973 -5.633061 5.332132 -0.059549 0.002747 -0.013938 -0.064497 0.997817
1718924466.014670372 -5.631692 5.331716 -0.059497 0.002842 -0.013872 -0.064826 0.997796
1718924466.019702911 -5.630314 5.331290 -0.059457 0.002940 -0.013806 -0.065139 0.997776
1718924466.024670362 -5.628953 5.330863 -0.059419 0.003033 -0.013748 -0.065416 0.997759
1718924466.029707909 -5.627570 5.330423 -0.059369 0.003086 -0.013733 -0.065663 0.997743
1718924466.034675837 -5.626202 5.329983 -0.059296 0.003087 -0.013749 -0.065872 0.997729
1718924466.039617062 -5.624839 5.329544 -0.059198 0.003057 -0.013780 -0.066034 0.997717
1718924466.044631243 -5.623453 5.329104 -0.059077 0.003031 -0.013815 -0.066135 0.997710
1718924466.049638987 -5.622067 5.328680 -0.058953 0.003085 -0.013822 -0.066163 0.997708
1718924466.054873466 -5.620614 5.328264 -0.058828 0.003291 -0.013809 -0.066094 0.997712
1718924466.059617996 -5.619291 5.327903 -0.058715 0.003536 -0.013807 -0.065934 0.997722
1718924466.064622402 -5.617888 5.327531 -0.058592 0.003766 -0.013813 -0.065684 0.997738
1718924466.069636822 -5.616472 5.327161 -0.058458 0.003910 -0.013846 -0.065369 0.997757
1718924466.074631691 -5.615055 5.326803 -0.058314 0.004006 -0.013902 -0.064999 0.997780
1718924466.079628468 -5.613637 5.326463 -0.058167 0.004096 -0.013981 -0.064580 0.997806
1718924466.084614038 -5.612226 5.326140 -0.058020 0.004171 -0.014043 -0.064119 0.997835
1718924466.089627743 -5.610809 5.325825 -0.057872 0.004215 -0.014072 -0.063637 0.997865
1718924466.094623327 -5.609396 5.325519 -0.057720 0.004273 -0.014101 -0.063145 0.997896
1718924466.099626541 -5.607976 5.325225 -0.057570 0.004385 -0.014141 -0.062652 0.997926
1718924466.099998236 -5.607870 5.325203 -0.057559 0.004396 -0.014144 -0.062616 0.997928
1718924466.099998236 -5.607870 5.325203 -0.057559 0.004396 -0.014144 -0.062616 0.997928
1718924466.104623795 -5.606555 5.324935 -0.057437 0.004539 -0.014171 -0.062179 0.997954
1718924466.109629154 -5.605134 5.324647 -0.057308 0.004705 -0.014167 -0.061745 0.997980
1718924466.114627600 -5.603719 5.324363 -0.057178 0.004849 -0.014127 -0.061347 0.998005
1718924466.199982166 -5.579979 5.319698 -0.055142 0.003426 -0.014010 -0.056331 0.998308
1718924466.199982166 -5.579979 5.319698 -0.055142 0.003426 -0.014010 -0.056331 0.998308
1718924466.204618931 -5.578697 5.319465 -0.055067 0.003349 -0.014006 -0.056060 0.998324
1718924466.209612370 -5.577316 5.319218 -0.054992 0.003306 -0.014025 -0.055731 0.998342
1718924466.214680910 -5.575911 5.318970 -0.054925 0.003309 -0.014071 -0.055383 0.998361
1718924466.219637394 -5.574534 5.318730 -0.054869 0.003332 -0.014122 -0.055039 0.998379
1718924466.224687815 -5.573132 5.318484 -0.054817 0.003353 -0.014158 -0.054682 0.998398
1718924466.229745865 -5.571729 5.318240 -0.054763 0.003376 -0.014177 -0.054310 0.998418
1718924466.234633923 -5.570374 5.318009 -0.054704 0.003404 -0.014165 -0.053956 0.998437
1718924466.239699125 -5.568972 5.317774 -0.054629 0.003396 -0.014135 -0.053600 0.998457
1718924466.244696379 -5.567595 5.317543 -0.054538 0.003331 -0.014093 -0.053254 0.998476
1718924466.249664545 -5.566229 5.317316 -0.054434 0.003246 -0.014045 -0.052909 0.998495
1718924466.254619122 -5.564871 5.317097 -0.054324 0.003189 -0.013997 -0.052571 0.998514
1718924466.259630203 -5.563497 5.316884 -0.054207 0.003170 -0.013962 -0.052232 0.998532
1718924466.264675856 -5.562116 5.316675 -0.054087 0.003158 -0.013923 -0.051881 0.998551
1718924466.269631863 -5.560764 5.316471 -0.053975 0.003143 -0.013871 -0.051541 0.998570
1718924466.274665356 -5.559395 5.316269 -0.053879 0.003143 -0.013800 -0.051197 0.998588
1718924466.279636145 -5.558045 5.316075 -0.053808 0.003172 -0.013726 -0.050865 0.998606
1718924466.284626007 -5.556691 5.315883 -0.053758 0.003201 -0.013666 -0.050541 0.998623
1718924466.289618492 -5.555336 5.315688 -0.053722 0.003197 -0.013627 -0.050223 0.998640
1718924466.294653654 -5.553969 5.315486 -0.053689 0.003180 -0.013608 -0.049908 0.998656
1718924466.299611807 -5.552622 5.315285 -0.053653 0.003187 -0.013589 -0.049609 0.998671
1718924466.300004244 -5.552516 5.315269 -0.053650 0.003192 -0.013586 -0.049586 0.998672
1718924466.300004244 -5.552516 5.315269 -0.053650 0.003192 -0.013586 -0.049586 0.998672
1718924466.304625273 -5.551262 5.315080 -0.053604 0.003243 -0.013546 -0.049320 0.998686
1718924466.309619904 -5.549906 5.314873 -0.053544 0.003327 -0.013480 -0.049059 0.998699
1718924466.314641953 -5.548544 5.314661 -0.053474 0.003419 -0.013389 -0.048825 0.998712
1718924466.364635468 -5.534948 5.312511 -0.052418 0.004071 -0.012888 -0.046807 0.998812
1718924466.369623661 -5.533587 5.312294 -0.052281 0.004146 -0.012836 -0.046612 0.998822
1718924466.374658823 -5.532212 5.312073 -0.052139 0.004217 -0.012788 -0.046410 0.998832
1718924466.379623652 -5.530856 5.311853 -0.051997 0.004284 -0.012749 -0.046215 0.998841
1718924466.384656906 -5.529483 5.311627 -0.051852 0.004337 -0.012711 -0.046015 0.998850
1718924466.389632940 -5.528127 5.311400 -0.051708 0.004364 -0.012675 -0.045821 0.998860
1718924466.394630671 -5.526765 5.311170 -0.051562 0.004357 -0.012631 -0.045625 0.998869
1718924466.399618626 -5.525410 5.310940 -0.051414 0.004317 -0.012576 -0.045413 0.998880
1718924466.399983168 -5.525311 5.310923 -0.051403 0.004314 -0.012572 -0.045397 0.998881
1718924466.399983168 -5.525311 5.310923 -0.051403 0.004314 -0.012572 -0.045397 0.998881
1718924466.404607534 -5.524060 5.310711 -0.051279 0.004262 -0.012517 -0.045196 0.998891
1718924466.409620285 -5.522708 5.310482 -0.051145 0.004214 -0.012469 -0.044982 0.998901
1718924466.414676666 -5.521345 5.310252 -0.051011 0.004164 -0.012437 -0.044762 0.998912
1718924466.419638872 -5.520007 5.310027 -0.050880 0.004113 -0.012415 -0.044530 0.998922
1718924466.424616575 -5.518667 5.309805 -0.050750 0.004083 -0.012390 -0.044292 0.998933
1718924466.429642677 -5.517316 5.309587 -0.050620 0.004099 -0.012361 -0.044058 0.998944
1718924466.434670925 -5.515969 5.309376 -0.050491 0.004142 -0.012330 -0.043835 0.998954
1718924466.439657927 -5.514635 5.309171 -0.050362 0.004190 -0.012286 -0.043626 0.998964
1718924466.444633007 -5.513304 5.308970 -0.050230 0.004230 -0.012230 -0.043418 0.998973
1718924466.449617147 -5.511973 5.308770 -0.050092 0.004245 -0.012171 -0.043204 0.998983
1718924466.454669952 -5.510629 5.308571 -0.049943 0.004245 -0.012111 -0.042982 0.998993
1718924466.459617376 -5.509316 5.308383 -0.049789 0.004255 -0.012053 -0.042779 0.999003
1718924466.464621782 -5.507991 5.308197 -0.049630 0.004269 -0.012006 -0.042586 0.999012
1718924466.469630480 -5.506670 5.308016 -0.049473 0.004280 -0.011951 -0.042406 0.999020
1718924466.474670887 -5.505346 5.307837 -0.049321 0.004275 -0.011886 -0.042228 0.999028
1718924466.479609013 -5.504055 5.307665 -0.049179 0.004246 -0.011838 -0.042041 0.999037
1718924466.484624863 -5.502747 5.307495 -0.049043 0.004215 -0.011810 -0.041857 0.999045
1718924466.489619255 -5.501444 5.307333 -0.048915 0.004177 -0.011806 -0.041687 0.999052
1718924466.494605064 -5.500140 5.307177 -0.048797 0.004137 -0.011816 -0.041523 0.999059
1718924466.499657869 -5.498819 5.307025 -0.048684 0.004094 -0.011808 -0.041362 0.999066
1718924466.499978304 -5.498736 5.307015 -0.048677 0.004092 -0.011807 -0.041352 0.999066
1718924466.499978304 -5.498736 5.307015 -0.048677 0.004092 -0.011807 -0.041352 0.999066
1718924466.504606247 -5.497527 5.306880 -0.048578 0.004073 -0.011784 -0.041215 0.999073
1718924466.509617567 -5.496219 5.306740 -0.048469 0.004066 -0.011746 -0.041076 0.999079
1718924466.514670610 -5.494899 5.306603 -0.048350 0.004039 -0.011707 -0.040945 0.999085
1718924466.554656982 -5.484494 5.305683 -0.047065 0.003508 -0.011637 -0.040160 0.999119
1718924466.559610844 -5.483208 5.305594 -0.046858 0.003434 -0.011645 -0.040050 0.999124
1718924466.564674616 -5.481895 5.305509 -0.046630 0.003344 -0.011667 -0.039910 0.999130
1718924466.569687366 -5.480595 5.305430 -0.046389 0.003244 -0.011694 -0.039748 0.999136
1718924466.574677467 -5.479300 5.305360 -0.046139 0.003141 -0.011720 -0.039557 0.999144
1718924466.579662085 -5.478008 5.305297 -0.045887 0.003031 -0.011739 -0.039334 0.999153
1718924466.584605217 -5.476728 5.305241 -0.045645 0.002924 -0.011757 -0.039070 0.999163
1718924466.589618444 -5.475427 5.305191 -0.045419 0.002832 -0.011775 -0.038767 0.999175
1718924466.594645500 -5.474119 5.305148 -0.045217 0.002763 -0.011794 -0.038448 0.999187
1718924466.599656343 -5.472813 5.305109 -0.045038 0.002704 -0.011811 -0.038112 0.999200
1718924466.599985123 -5.472727 5.305106 -0.045027 0.002701 -0.011812 -0.038089 0.999201
1718924466.599985123 -5.472727 5.305106 -0.045027 0.002701 -0.011812 -0.038089 0.999201
1718924466.604652882 -5.471510 5.305072 -0.044885 0.002642 -0.011831 -0.037756 0.999213
1718924466.609601974 -5.470217 5.305035 -0.044742 0.002588 -0.011846 -0.037406 0.999227
1718924466.614676714 -5.468887 5.304992 -0.044593 0.002518 -0.011864 -0.037061 0.999239
1718924466.619622231 -5.467589 5.304943 -0.044437 0.002431 -0.011887 -0.036750 0.999251
1718924466.624671459 -5.466263 5.304887 -0.044264 0.002329 -0.011913 -0.036459 0.999261
1718924466.629685163 -5.464948 5.304826 -0.044081 0.002226 -0.011939 -0.036196 0.999271
1718924466.634625196 -5.463655 5.304761 -0.043893 0.002132 -0.011961 -0.035967 0.999279
1718924466.639611959 -5.462353 5.304690 -0.043696 0.002041 -0.011990 -0.035772 0.999286
1718924466.644644499 -5.461041 5.304613 -0.043494 0.001942 -0.012030 -0.035607 0.999292
1718924466.649618626 -5.459748 5.304529 -0.043288 0.001812 -0.012072 -0.035471 0.999296
1718924466.654646397 -5.458443 5.304441 -0.043068 0.001652 -0.012139 -0.035360 0.999300
1718924466.659628391 -5.457150 5.304356 -0.042839 0.001480 -0.012223 -0.035274 0.999302
1718924466.664651632 -5.455849 5.304273 -0.042600 0.001297 -0.012308 -0.035191 0.999304
1718924466.669663191 -5.454554 5.304195 -0.042359 0.001105 -0.012385 -0.035108 0.999306
1718924466.674624443 -5.453274 5.304122 -0.042127 0.000929 -0.012438 -0.035025 0.999309
1718924466.679628611 -5.451987 5.304059 -0.041909 0.000806 -0.012467 -0.034936 0.999311
1718924466.684607506 -5.450709 5.304008 -0.041712 0.000729 -0.012485 -0.034830 0.999315
1718924466.689617634 -5.449426 5.303967 -0.041528 0.000677 -0.012504 -0.034719 0.999319
1718924466.694612741 -5.448146 5.303932 -0.041353 0.000625 -0.012530 -0.034610 0.999322
1718924466.699614286 -5.446864 5.303904 -0.041179 0.000559 -0.012570 -0.034499 0.999326
1718924466.699892998 -5.446793 5.303902 -0.041169 0.000555 -0.012573 -0.034492 0.999326
1718924466.699892998 -5.446793 5.303902 -0.041169 0.000555 -0.012573 -0.034492 0.999326
1718924466.704614401 -5.445583 5.303883 -0.041003 0.000490 -0.012618 -0.034367 0.999330
1718924466.709619045 -5.444301 5.303870 -0.040821 0.000434 -0.012663 -0.034204 0.999335
1718924466.714616060 -5.443023 5.303863 -0.040636 0.000391 -0.012702 -0.034036 0.999340
1718924466.719611168 -5.441749 5.303862 -0.040449 0.000361 -0.012728 -0.033859 0.999346
1718924466.799607754 -5.421514 5.304092 -0.038219 -0.000760 -0.013045 -0.030598 0.999446
1718924466.799995184 -5.421417 5.304094 -0.038211 -0.000766 -0.013048 -0.030584 0.999447
1718924466.799995184 -5.421417 5.304094 -0.038211 -0.000766 -0.013048 -0.030584 0.999447
1718924466.814622879 -5.417782 5.304166 -0.037967 -0.001033 -0.013151 -0.030017 0.999462
1718924466.819628239 -5.416536 5.304196 -0.037886 -0.001127 -0.013195 -0.029830 0.999467
1718924466.824623108 -5.415292 5.304229 -0.037808 -0.001220 -0.013243 -0.029640 0.999472
1718924466.829616070 -5.414049 5.304264 -0.037732 -0.001301 -0.013296 -0.029455 0.999477
1718924466.834610224 -5.412807 5.304301 -0.037661 -0.001357 -0.013334 -0.029277 0.999481
1718924466.839634180 -5.411561 5.304341 -0.037592 -0.001379 -0.013359 -0.029120 0.999486
1718924466.844663382 -5.410317 5.304383 -0.037525 -0.001357 -0.013375 -0.028961 0.999490
1718924466.849684477 -5.409075 5.304428 -0.037458 -0.001292 -0.013393 -0.028789 0.999495
1718924466.854663372 -5.407842 5.304473 -0.037386 -0.001207 -0.013415 -0.028608 0.999500
1718924466.859679461 -5.406599 5.304520 -0.037308 -0.001134 -0.013450 -0.028436 0.999504
1718924466.864676714 -5.405360 5.304568 -0.037225 -0.001092 -0.013494 -0.028259 0.999509
1718924466.869604349 -5.404140 5.304614 -0.037142 -0.001080 -0.013537 -0.028067 0.999514
1718924466.874620676 -5.402900 5.304662 -0.037059 -0.001088 -0.013577 -0.027874 0.999519
1718924466.879608631 -5.401669 5.304708 -0.036980 -0.001097 -0.013612 -0.027681 0.999524
1718924466.884611607 -5.400435 5.304754 -0.036902 -0.001112 -0.013650 -0.027488 0.999528
1718924466.889606953 -5.399203 5.304801 -0.036822 -0.001137 -0.013707 -0.027288 0.999533
1718924466.894613504 -5.397966 5.304848 -0.036735 -0.001181 -0.013771 -0.027081 0.999538
1718924466.899606466 -5.396733 5.304897 -0.036643 -0.001226 -0.013827 -0.026859 0.999543
1718924466.900002003 -5.396635 5.304901 -0.036636 -0.001228 -0.013831 -0.026842 0.999543
1718924466.900002003 -5.396635 5.304901 -0.036636 -0.001228 -0.013831 -0.026842 0.999543
1718924466.904604197 -5.395501 5.304955 -0.036562 -0.001259 -0.013874 -0.026634 0.999548
1718924466.909607649 -5.394271 5.305015 -0.036488 -0.001269 -0.013900 -0.026411 0.999554
1718924466.914611340 -5.393043 5.305077 -0.036427 -0.001251 -0.013900 -0.026194 0.999559
1718924466.959609270 -5.382280 5.305455 -0.036299 -0.001247 -0.014036 -0.025388 0.999578
1718924466.964612961 -5.381091 5.305451 -0.036264 -0.001236 -0.014057 -0.025330 0.999580
1718924466.969601154 -5.379907 5.305443 -0.036227 -0.001245 -0.014094 -0.025289 0.999580
1718924466.974630117 -5.378713 5.305432 -0.036185 -0.001273 -0.014148 -0.025264 0.999580
1718924466.979604006 -5.377534 5.305419 -0.036140 -0.001323 -0.014206 -0.025246 0.999579
1718924466.984610796 -5.376349 5.305404 -0.036092 -0.001381 -0.014276 -0.025219 0.999579
1718924466.989598036 -5.375171 5.305390 -0.036041 -0.001438 -0.014342 -0.025193 0.999579
1718924466.994608879 -5.373987 5.305379 -0.035990 -0.001480 -0.014386 -0.025153 0.999579
1718924466.999597073 -5.372808 5.305373 -0.035942 -0.001495 -0.014410 -0.025082 0.999580
1718924467.004616022 -5.371622 5.305371 -0.035898 -0.001499 -0.014413 -0.024987 0.999583
1718924467.009637356 -5.370436 5.305373 -0.035859 -0.001511 -0.014395 -0.024873 0.999586
1718924467.014667511 -5.369247 5.305377 -0.035826 -0.001533 -0.014381 -0.024737 0.999589
1718924467.019667625 -5.368061 5.305382 -0.035800 -0.001554 -0.014379 -0.024592 0.999593
1718924467.024649143 -5.366879 5.305388 -0.035782 -0.001561 -0.014406 -0.024431 0.999596
1718924467.029625177 -5.365697 5.305392 -0.035770 -0.001546 -0.014448 -0.024260 0.999600
1718924467.034613609 -5.364512 5.305391 -0.035760 -0.001519 -0.014489 -0.024084 0.999604
1718924467.039613485 -5.363326 5.305385 -0.035748 -0.001485 -0.014513 -0.023910 0.999608
1718924467.044607401 -5.362142 5.305374 -0.035732 -0.001453 -0.014521 -0.023744 0.999612
1718924467.049657106 -5.360946 5.305358 -0.035710 -0.001431 -0.014522 -0.023581 0.999615
1718924467.054616451 -5.359774 5.305335 -0.035685 -0.001417 -0.014519 -0.023421 0.999619
1718924467.059595346 -5.358601 5.305305 -0.035659 -0.001409 -0.014519 -0.023264 0.999623
1718924467.064608097 -5.357422 5.305268 -0.035635 -0.001390 -0.014527 -0.023123 0.999626
1718924467.069603443 -5.356247 5.305225 -0.035613 -0.001354 -0.014542 -0.022995 0.999629
1718924467.074606419 -5.355070 5.305176 -0.035594 -0.001311 -0.014563 -0.022869 0.999632
1718924467.079594851 -5.353896 5.305122 -0.035574 -0.001281 -0.014584 -0.022750 0.999634
1718924467.084606409 -5.352719 5.305063 -0.035551 -0.001267 -0.014603 -0.022633 0.999636
1718924467.089633465 -5.351539 5.304999 -0.035522 -0.001277 -0.014615 -0.022539 0.999638
1718924467.094611883 -5.350370 5.304932 -0.035488 -0.001312 -0.014634 -0.022467 0.999640
1718924467.099594116 -5.349198 5.304860 -0.035448 -0.001370 -0.014657 -0.022400 0.999641
1718924467.099981070 -5.349107 5.304854 -0.035445 -0.001376 -0.014660 -0.022395 0.999641
1718924467.099981070 -5.349107 5.304854 -0.035445 -0.001376 -0.014660 -0.022395 0.999641
1718924467.104645014 -5.348010 5.304785 -0.035409 -0.001440 -0.014690 -0.022339 0.999641
1718924467.109644890 -5.346835 5.304710 -0.035368 -0.001511 -0.014730 -0.022280 0.999642
1718924467.114654303 -5.345662 5.304638 -0.035326 -0.001571 -0.014773 -0.022222 0.999643
1718924467.199985027 -5.325676 5.303305 -0.034888 -0.001675 -0.014989 -0.021772 0.999649
1718924467.199985027 -5.325676 5.303305 -0.034888 -0.001675 -0.014989 -0.021772 0.999649
1718924467.204652309 -5.324572 5.303237 -0.034867 -0.001678 -0.015004 -0.021749 0.999649
1718924467.209633350 -5.323394 5.303165 -0.034845 -0.001691 -0.015013 -0.021731 0.999650
1718924467.214619160 -5.322214 5.303093 -0.034827 -0.001714 -0.015011 -0.021722 0.999650
1718924467.219619751 -5.321031 5.303021 -0.034810 -0.001733 -0.015004 -0.021724 0.999650
1718924467.224617958 -5.319847 5.302948 -0.034793 -0.001758 -0.015005 -0.021725 0.999650
1718924467.229616165 -5.318660 5.302875 -0.034774 -0.001785 -0.015011 -0.021730 0.999650
1718924467.234618187 -5.317469 5.302802 -0.034755 -0.001798 -0.015023 -0.021739 0.999649
1718924467.239606857 -5.316281 5.302730 -0.034736 -0.001809 -0.015040 -0.021751 0.999649
1718924467.244657516 -5.315079 5.302657 -0.034719 -0.001819 -0.015054 -0.021761 0.999648
1718924467.249611378 -5.313901 5.302586 -0.034705 -0.001825 -0.015062 -0.021756 0.999648
1718924467.254651785 -5.312700 5.302513 -0.034692 -0.001834 -0.015072 -0.021747 0.999648
1718924467.259614706 -5.311515 5.302440 -0.034678 -0.001837 -0.015082 -0.021750 0.999648
1718924467.264658689 -5.310306 5.302366 -0.034662 -0.001829 -0.015104 -0.021735 0.999648
1718924467.269611597 -5.309118 5.302292 -0.034646 -0.001809 -0.015133 -0.021702 0.999648
1718924467.274630785 -5.307914 5.302216 -0.034630 -0.001786 -0.015163 -0.021660 0.999649
1718924467.279604673 -5.306720 5.302141 -0.034616 -0.001754 -0.015192 -0.021610 0.999650
1718924467.284653902 -5.305507 5.302062 -0.034605 -0.001720 -0.015214 -0.021550 0.999651
1718924467.289596319 -5.304317 5.301982 -0.034596 -0.001688 -0.015231 -0.021478 0.999652
1718924467.294649839 -5.303100 5.301898 -0.034586 -0.001660 -0.015240 -0.021394 0.999654
1718924467.299635410 -5.301899 5.301812 -0.034572 -0.001638 -0.015244 -0.021300 0.999656
1718924467.299997091 -5.301812 5.301805 -0.034570 -0.001637 -0.015245 -0.021293 0.999656
1718924467.299997091 -5.301812 5.301805 -0.034570 -0.001637 -0.015245 -0.021293 0.999656
1718924467.304651022 -5.300689 5.301723 -0.034553 -0.001619 -0.015251 -0.021207 0.999657
1718924467.309635401 -5.299483 5.301631 -0.034527 -0.001599 -0.015267 -0.021119 0.999659
1718924467.314626932 -5.298272 5.301534 -0.034496 -0.001586 -0.015292 -0.021033 0.999661
1718924467.359602928 -5.287344 5.300563 -0.034178 -0.001467 -0.015332 -0.020666 0.999668
1718924467.364600182 -5.286131 5.300449 -0.034119 -0.001454 -0.015334 -0.020640 0.999668
1718924467.369607925 -5.284915 5.300333 -0.034057 -0.001443 -0.015335 -0.020616 0.999669
1718924467.374605179 -5.283702 5.300217 -0.033992 -0.001427 -0.015341 -0.020585 0.999669
1718924467.379611254 -5.282490 5.300104 -0.033926 -0.001411 -0.015358 -0.020564 0.999670
1718924467.384606123 -5.281282 5.299991 -0.033862 -0.001389 -0.015375 -0.020562 0.999669
1718924467.389599562 -5.280075 5.299879 -0.033801 -0.001367 -0.015394 -0.020567 0.999669
1718924467.394610882 -5.278863 5.299768 -0.033743 -0.001340 -0.015406 -0.020578 0.999669
1718924467.399595737 -5.277659 5.299659 -0.033691 -0.001306 -0.015406 -0.020586 0.999669
1718924467.399992228 -5.277563 5.299650 -0.033686 -0.001303 -0.015405 -0.020587 0.999669
1718924467.399992228 -5.277563 5.299650 -0.033686 -0.001303 -0.015405 -0.020587 0.999669
1718924467.404611349 -5.276436 5.299546 -0.033646 -0.001272 -0.015403 -0.020600 0.999668
1718924467.409605026 -5.275217 5.299435 -0.033601 -0.001240 -0.015400 -0.020609 0.999668
1718924467.414618969 -5.273992 5.299324 -0.033553 -0.001201 -0.015406 -0.020606 0.999668
1718924467.419634342 -5.272764 5.299215 -0.033502 -0.001166 -0.015419 -0.020593 0.999668
1718924467.424629688 -5.271541 5.299106 -0.033451 -0.001124 -0.015437 -0.020582 0.999668
1718924467.429728985 -5.270295 5.298995 -0.033402 -0.001070 -0.015455 -0.020569 0.999668
1718924467.434648514 -5.269095 5.298890 -0.033360 -0.001013 -0.015472 -0.020543 0.999669
1718924467.439619064 -5.267884 5.298783 -0.033322 -0.000953 -0.015481 -0.020499 0.999670
1718924467.444599867 -5.266668 5.298675 -0.033286 -0.000897 -0.015489 -0.020442 0.999671
1718924467.449608803 -5.265442 5.298565 -0.033247 -0.000851 -0.015498 -0.020377 0.999672
1718924467.454600573 -5.264218 5.298452 -0.033202 -0.000810 -0.015507 -0.020315 0.999673
1718924467.459612370 -5.262987 5.298336 -0.033150 -0.000781 -0.015515 -0.020243 0.999674
1718924467.464659452 -5.261746 5.298217 -0.033094 -0.000753 -0.015527 -0.020166 0.999676
1718924467.469646692 -5.260518 5.298097 -0.033039 -0.000719 -0.015545 -0.020086 0.999677
1718924467.474621058 -5.259293 5.297976 -0.032987 -0.000680 -0.015560 -0.020007 0.999679
1718924467.479617834 -5.258065 5.297851 -0.032942 -0.000641 -0.015572 -0.019935 0.999680
1718924467.484607220 -5.256841 5.297725 -0.032902 -0.000593 -0.015582 -0.019867 0.999681
1718924467.489601374 -5.255618 5.297598 -0.032865 -0.000540 -0.015595 -0.019811 0.999682
1718924467.494606733 -5.254391 5.297468 -0.032828 -0.000499 -0.015610 -0.019760 0.999683
1718924467.499600410 -5.253166 5.297336 -0.032789 -0.000468 -0.015624 -0.019719 0.999683
1718924467.499989033 -5.253071 5.297326 -0.032786 -0.000467 -0.015625 -0.019717 0.999683
1718924467.499989033 -5.253071 5.297326 -0.032786 -0.000467 -0.015625 -0.019717 0.999683
1718924467.504641533 -5.251943 5.297202 -0.032751 -0.000455 -0.015630 -0.019695 0.999684
1718924467.509635687 -5.250735 5.297068 -0.032709 -0.000447 -0.015618 -0.019672 0.999684
1718924467.514613390 -5.249534 5.296935 -0.032661 -0.000431 -0.015601 -0.019652 0.999685
1718924467.564674377 -5.237425 5.295752 -0.031954 0.000323 -0.015451 -0.019285 0.999695
1718924467.569655895 -5.236218 5.295652 -0.031843 0.000406 -0.015455 -0.019229 0.999696
1718924467.574629068 -5.235015 5.295553 -0.031736 0.000502 -0.015476 -0.019149 0.999697
1718924467.579617023 -5.233812 5.295457 -0.031637 0.000600 -0.015498 -0.019047 0.999698
1718924467.584600925 -5.232612 5.295360 -0.031549 0.000696 -0.015512 -0.018931 0.999700
1718924467.589651823 -5.231395 5.295262 -0.031469 0.000768 -0.015512 -0.018805 0.999703
1718924467.594608545 -5.230198 5.295164 -0.031392 0.000807 -0.015504 -0.018680 0.999705
1718924467.599612474 -5.228984 5.295063 -0.031310 0.000814 -0.015499 -0.018540 0.999708
1718924467.599983215 -5.228894 5.295056 -0.031303 0.000812 -0.015499 -0.018529 0.999708
1718924467.599983215 -5.228894 5.295056 -0.031303 0.000812 -0.015499 -0.018529 0.999708
1718924467.604647875 -5.227757 5.294962 -0.031224 0.000792 -0.015506 -0.018390 0.999710
1718924467.609642506 -5.226535 5.294863 -0.031135 0.000772 -0.015520 -0.018248 0.999713
1718924467.614647865 -5.225309 5.294766 -0.031044 0.000769 -0.015537 -0.018097 0.999715
1718924467.619632483 -5.224089 5.294669 -0.030956 0.000781 -0.015556 -0.017950 0.999718
1718924467.624603748 -5.222875 5.294572 -0.030875 0.000804 -0.015566 -0.017817 0.999720
1718924467.629616737 -5.221653 5.294477 -0.030798 0.000837 -0.015567 -0.017700 0.999722
1718924467.634622574 -5.220434 5.294383 -0.030723 0.000858 -0.015571 -0.017597 0.999724
1718924467.639611244 -5.219219 5.294290 -0.030649 0.000856 -0.015575 -0.017516 0.999725
1718924467.644603968 -5.218004 5.294195 -0.030573 0.000840 -0.015580 -0.017451 0.999726
1718924467.649611235 -5.216787 5.294099 -0.030495 0.000814 -0.015594 -0.017405 0.999727
1718924467.654670000 -5.215556 5.294002 -0.030416 0.000787 -0.015593 -0.017374 0.999727
1718924467.659607649 -5.214356 5.293909 -0.030340 0.000776 -0.015580 -0.017356 0.999728
1718924467.664604425 -5.213141 5.293816 -0.030265 0.000773 -0.015575 -0.017350 0.999728
1718924467.669615030 -5.211921 5.293723 -0.030189 0.000765 -0.015571 -0.017351 0.999728
1718924467.674629688 -5.210700 5.293630 -0.030111 0.000761 -0.015572 -0.017356 0.999728
1718924467.679649591 -5.209475 5.293540 -0.030029 0.000760 -0.015593 -0.017370 0.999727
1718924467.684638977 -5.208258 5.293453 -0.029947 0.000756 -0.015618 -0.017395 0.999726
1718924467.689610720 -5.207046 5.293370 -0.029866 0.000744 -0.015643 -0.017427 0.999725
1718924467.694645405 -5.205821 5.293288 -0.029787 0.000732 -0.015658 -0.017456 0.999725
1718924467.699612856 -5.204614 5.293210 -0.029712 0.000723 -0.015656 -0.017488 0.999724
1718924467.699970961 -5.204527 5.293205 -0.029706 0.000724 -0.015656 -0.017491 0.999724
1718924467.699970961 -5.204527 5.293205 -0.029706 0.000724 -0.015656 -0.017491 0.999724
1718924467.704637766 -5.203396 5.293134 -0.029640 0.000728 -0.015655 -0.017532 0.999723
1718924467.709610462 -5.202189 5.293062 -0.029569 0.000749 -0.015661 -0.017581 0.999723
1718924467.714649916 -5.200963 5.292991 -0.029494 0.000773 -0.015679 -0.017626 0.999721
1718924467.719613552 -5.199755 5.292923 -0.029418 0.000784 -0.015703 -0.017661 0.999720
1718924467.764614582 -5.188926 5.292325 -0.029009 0.000797 -0.015885 -0.017556 0.999719
1718924467.769619465 -5.187740 5.292256 -0.028971 0.000803 -0.015903 -0.017538 0.999719
1718924467.774621248 -5.186560 5.292185 -0.028941 0.000812 -0.015914 -0.017516 0.999720
1718924467.779611349 -5.185384 5.292113 -0.028919 0.000835 -0.015908 -0.017489 0.999720
1718924467.784619093 -5.184203 5.292037 -0.028903 0.000869 -0.015894 -0.017458 0.999721
1718924467.789627552 -5.183022 5.291959 -0.028887 0.000911 -0.015892 -0.017425 0.999721
1718924467.794609070 -5.181847 5.291879 -0.028870 0.000941 -0.015912 -0.017393 0.999722
1718924467.799611330 -5.180667 5.291796 -0.028849 0.000959 -0.015942 -0.017361 0.999722
1718924467.799992085 -5.180577 5.291790 -0.028848 0.000960 -0.015944 -0.017358 0.999722
1718924467.799992085 -5.180577 5.291790 -0.028848 0.000960 -0.015944 -0.017358 0.999722
1718924467.804598570 -5.179497 5.291712 -0.028827 0.000977 -0.015969 -0.017327 0.999722
1718924467.809642792 -5.178317 5.291624 -0.028803 0.000989 -0.015989 -0.017298 0.999722
1718924467.814661741 -5.177146 5.291534 -0.028779 0.000996 -0.015986 -0.017276 0.999722
1718924467.819634199 -5.175985 5.291442 -0.028755 0.001012 -0.015964 -0.017253 0.999723
1718924467.824657440 -5.174812 5.291347 -0.028732 0.001040 -0.015941 -0.017241 0.999724
1718924467.829610586 -5.173654 5.291251 -0.028710 0.001071 -0.015939 -0.017234 0.999724
1718924467.834662437 -5.172471 5.291151 -0.028687 0.001091 -0.015959 -0.017223 0.999724
1718924467.839616776 -5.171309 5.291051 -0.028666 0.001098 -0.015984 -0.017231 0.999723
1718924467.844620228 -5.170135 5.290949 -0.028648 0.001100 -0.015999 -0.017249 0.999723
1718924467.849646568 -5.168958 5.290846 -0.028633 0.001102 -0.016001 -0.017279 0.999722
1718924467.854661942 -5.167786 5.290744 -0.028620 0.001109 -0.015984 -0.017323 0.999722
1718924467.859672785 -5.166616 5.290643 -0.028609 0.001122 -0.015973 -0.017375 0.999721
1718924467.864680052 -5.165446 5.290545 -0.028596 0.001133 -0.015972 -0.017429 0.999720
1718924467.869617701 -5.164291 5.290450 -0.028581 0.001152 -0.015982 -0.017481 0.999719
1718924467.874693871 -5.163104 5.290357 -0.028564 0.001167 -0.016006 -0.017533 0.999717
1718924467.879649162 -5.161947 5.290270 -0.028545 0.001178 -0.016029 -0.017583 0.999716
1718924467.884636641 -5.160785 5.290188 -0.028524 0.001184 -0.016039 -0.017629 0.999715
1718924467.889649153 -5.159620 5.290110 -0.028502 0.001193 -0.016033 -0.017673 0.999715
1718924467.894635677 -5.158462 5.290037 -0.028478 0.001203 -0.016015 -0.017732 0.999714
1718924467.899647713 -5.157299 5.289968 -0.028449 0.001205 -0.016005 -0.017794 0.999713
1718924467.900019884 -5.157212 5.289963 -0.028446 0.001205 -0.016006 -0.017798 0.999713
1718924467.900019884 -5.157212 5.289963 -0.028446 0.001205 -0.016006 -0.017798 0.999713
1718924467.904645681 -5.156139 5.289902 -0.028423 0.001205 -0.016009 -0.017839 0.999712
1718924467.909648657 -5.154978 5.289841 -0.028395 0.001205 -0.016023 -0.017872 0.999711
1718924467.914685249 -5.153811 5.289785 -0.028367 0.001196 -0.016048 -0.017911 0.999710
1718924467.964615822 -5.142484 5.289446 -0.028359 0.000943 -0.015961 -0.017620 0.999717
1718924467.969615459 -5.141351 5.289416 -0.028335 0.000931 -0.015945 -0.017603 0.999717
1718924467.974625587 -5.140216 5.289386 -0.028314 0.000928 -0.015923 -0.017587 0.999718
1718924467.979605675 -5.139089 5.289356 -0.028294 0.000917 -0.015915 -0.017575 0.999718
1718924467.984646797 -5.137948 5.289327 -0.028273 0.000898 -0.015924 -0.017565 0.999718
1718924467.989620447 -5.136823 5.289299 -0.028254 0.000873 -0.015942 -0.017565 0.999718
1718924467.994606972 -5.135695 5.289271 -0.028236 0.000848 -0.015964 -0.017563 0.999718
1718924467.999602079 -5.134566 5.289242 -0.028221 0.000822 -0.015983 -0.017568 0.999718
1718924468.004601955 -5.133437 5.289212 -0.028208 0.000791 -0.015990 -0.017592 0.999717
1718924468.009606600 -5.132309 5.289180 -0.028199 0.000766 -0.015979 -0.017619 0.999717
1718924468.014607668 -5.131182 5.289147 -0.028192 0.000756 -0.015960 -0.017641 0.999717
1718924468.019604206 -5.130055 5.289112 -0.028185 0.000748 -0.015957 -0.017660 0.999716
1718924468.024603128 -5.128926 5.289077 -0.028176 0.000729 -0.015964 -0.017678 0.999716
1718924468.029614687 -5.127792 5.289039 -0.028166 0.000716 -0.015988 -0.017693 0.999715
1718924468.034613132 -5.126662 5.289001 -0.028157 0.000708 -0.016016 -0.017705 0.999715
1718924468.039609432 -5.125535 5.288961 -0.028150 0.000700 -0.016033 -0.017708 0.999714
1718924468.044646502 -5.124400 5.288920 -0.028143 0.000705 -0.016035 -0.017722 0.999714
1718924468.049617052 -5.123281 5.288877 -0.028134 0.000726 -0.016024 -0.017741 0.999714
1718924468.054639816 -5.122149 5.288830 -0.028121 0.000745 -0.016005 -0.017761 0.999714
1718924468.059654474 -5.121016 5.288778 -0.028102 0.000750 -0.015989 -0.017771 0.999714
1718924468.064600945 -5.119898 5.288722 -0.028077 0.000742 -0.015998 -0.017778 0.999714
1718924468.069608927 -5.118765 5.288662 -0.028048 0.000728 -0.016025 -0.017794 0.999713
1718924468.074652433 -5.117627 5.288598 -0.028020 0.000716 -0.016053 -0.017795 0.999713
1718924468.079648495 -5.116502 5.288531 -0.027998 0.000706 -0.016077 -0.017784 0.999712
1718924468.084650993 -5.115379 5.288461 -0.027983 0.000701 -0.016095 -0.017786 0.999712
1718924468.089653730 -5.114258 5.288387 -0.027975 0.000716 -0.016100 -0.017796 0.999712
1718924468.094641924 -5.113144 5.288312 -0.027971 0.000725 -0.016103 -0.017809 0.999711
1718924468.099652767 -5.112025 5.288235 -0.027964 0.000725 -0.016113 -0.017814 0.999711
1718924468.099995136 -5.111948 5.288230 -0.027964 0.000725 -0.016114 -0.017814 0.999711
1718924468.099995136 -5.111948 5.288230 -0.027964 0.000725 -0.016114 -0.017814 0.999711
1718924468.104649782 -5.110909 5.288155 -0.027954 0.000728 -0.016134 -0.017814 0.999711
1718924468.109599113 -5.109802 5.288074 -0.027939 0.000725 -0.016159 -0.017811 0.999711
1718924468.114685297 -5.108666 5.287990 -0.027919 0.000715 -0.016194 -0.017811 0.999710
1718924468.194679022 -5.090599 5.287027 -0.027618 0.000714 -0.016368 -0.017860 0.999706
1718924468.199665308 -5.089454 5.286994 -0.027599 0.000721 -0.016380 -0.017866 0.999706
1718924468.199990034 -5.089380 5.286992 -0.027598 0.000721 -0.016380 -0.017865 0.999706
1718924468.199990034 -5.089380 5.286992 -0.027598 0.000721 -0.016380 -0.017865 0.999706
1718924468.204643250 -5.088313 5.286964 -0.027591 0.000726 -0.016375 -0.017855 0.999706
1718924468.209613323 -5.087174 5.286936 -0.027586 0.000738 -0.016356 -0.017844 0.999707
1718924468.214624166 -5.086024 5.286909 -0.027582 0.000763 -0.016333 -0.017833 0.999707
1718924468.219631672 -5.084872 5.286882 -0.027577 0.000790 -0.016317 -0.017824 0.999708
1718924468.224618435 -5.083720 5.286852 -0.027569 0.000801 -0.016312 -0.017815 0.999708
1718924468.229627371 -5.082560 5.286820 -0.027558 0.000790 -0.016323 -0.017810 0.999708
1718924468.234695435 -5.081385 5.286785 -0.027545 0.000769 -0.016339 -0.017801 0.999708
1718924468.239611149 -5.080246 5.286749 -0.027534 0.000748 -0.016351 -0.017797 0.999708
1718924468.244669199 -5.079076 5.286710 -0.027524 0.000729 -0.016354 -0.017800 0.999708
1718924468.249663115 -5.077922 5.286669 -0.027516 0.000716 -0.016342 -0.017806 0.999708
1718924468.254649878 -5.076770 5.286626 -0.027511 0.000708 -0.016327 -0.017824 0.999708
1718924468.259608269 -5.075624 5.286582 -0.027506 0.000705 -0.016320 -0.017857 0.999707
1718924468.264625311 -5.074464 5.286537 -0.027501 0.000703 -0.016325 -0.017884 0.999707
1718924468.269623280 -5.073308 5.286489 -0.027495 0.000693 -0.016334 -0.017911 0.999706
1718924468.274623156 -5.072152 5.286440 -0.027486 0.000668 -0.016341 -0.017943 0.999705
1718924468.279633284 -5.070992 5.286389 -0.027472 0.000644 -0.016346 -0.017984 0.999704
1718924468.284607410 -5.069842 5.286339 -0.027456 0.000627 -0.016335 -0.018033 0.999704
1718924468.289619923 -5.068684 5.286289 -0.027437 0.000619 -0.016315 -0.018069 0.999703
1718924468.294648886 -5.067526 5.286239 -0.027416 0.000609 -0.016308 -0.018111 0.999703
1718924468.299602032 -5.066388 5.286191 -0.027393 0.000595 -0.016312 -0.018158 0.999702
1718924468.299986124 -5.066299 5.286187 -0.027391 0.000593 -0.016313 -0.018162 0.999702
1718924468.299986124 -5.066299 5.286187 -0.027391 0.000593 -0.016313 -0.018162 0.999702
1718924468.304643154 -5.065233 5.286142 -0.027359 0.000568 -0.016330 -0.018209 0.999701
1718924468.309654474 -5.064089 5.286097 -0.027326 0.000534 -0.016356 -0.018262 0.999699
1718924468.314685106 -5.062942 5.286055 -0.027296 0.000497 -0.016372 -0.018312 0.999698
1718924468.364675045 -5.051693 5.285729 -0.026742 0.000418 -0.016047 -0.018082 0.999708
1718924468.369617462 -5.050569 5.285711 -0.026716 0.000427 -0.016038 -0.018060 0.999708
1718924468.374607801 -5.049435 5.285695 -0.026691 0.000440 -0.016030 -0.018024 0.999709
1718924468.389612198 -5.046031 5.285635 -0.026601 0.000391 -0.016101 -0.017848 0.999711
1718924468.394610882 -5.044893 5.285613 -0.026579 0.000368 -0.016130 -0.017796 0.999711
1718924468.399603605 -5.043758 5.285589 -0.026558 0.000343 -0.016149 -0.017752 0.999712
1718924468.399991035 -5.043670 5.285587 -0.026557 0.000341 -0.016150 -0.017749 0.999712
1718924468.399991035 -5.043670 5.285587 -0.026557 0.000341 -0.016150 -0.017749 0.999712
1718924468.404617548 -5.042614 5.285565 -0.026545 0.000314 -0.016149 -0.017712 0.999713
1718924468.409612417 -5.041474 5.285539 -0.026534 0.000297 -0.016134 -0.017675 0.999714
1718924468.414606810 -5.040333 5.285510 -0.026523 0.000294 -0.016116 -0.017653 0.999714
1718924468.419618607 -5.039186 5.285478 -0.026510 0.000288 -0.016108 -0.017643 0.999715
1718924468.424621820 -5.038038 5.285444 -0.026496 0.000282 -0.016115 -0.017629 0.999715
1718924468.429615736 -5.036891 5.285408 -0.026481 0.000272 -0.016130 -0.017612 0.999715
1718924468.434613228 -5.035743 5.285369 -0.026465 0.000263 -0.016142 -0.017606 0.999715
1718924468.439616919 -5.034594 5.285328 -0.026449 0.000247 -0.016135 -0.017618 0.999715
1718924468.444622517 -5.033446 5.285286 -0.026434 0.000245 -0.016115 -0.017643 0.999714
1718924468.449610710 -5.032300 5.285243 -0.026419 0.000266 -0.016083 -0.017678 0.999714
1718924468.454608440 -5.031152 5.285201 -0.026406 0.000311 -0.016049 -0.017720 0.999714
1718924468.459612131 -5.030001 5.285157 -0.026396 0.000374 -0.016036 -0.017768 0.999713
1718924468.464623451 -5.028847 5.285113 -0.026387 0.000436 -0.016039 -0.017829 0.999712
1718924468.469630003 -5.027694 5.285067 -0.026378 0.000468 -0.016059 -0.017909 0.999711
1718924468.474625587 -5.026542 5.285021 -0.026366 0.000463 -0.016088 -0.017992 0.999709
1718924468.479616642 -5.025391 5.284975 -0.026352 0.000444 -0.016110 -0.018082 0.999707
1718924468.484656096 -5.024227 5.284930 -0.026339 0.000416 -0.016116 -0.018187 0.999705
1718924468.489612341 -5.023082 5.284891 -0.026328 0.000405 -0.016114 -0.018300 0.999703
1718924468.494649887 -5.021917 5.284856 -0.026317 0.000410 -0.016105 -0.018418 0.999701
1718924468.499643803 -5.020761 5.284825 -0.026306 0.000423 -0.016099 -0.018530 0.999699
1718924468.499997139 -5.020679 5.284823 -0.026305 0.000425 -0.016099 -0.018538 0.999698
1718924468.499997139 -5.020679 5.284823 -0.026305 0.000425 -0.016099 -0.018538 0.999698
1718924468.504649162 -5.019600 5.284797 -0.026292 0.000446 -0.016112 -0.018638 0.999696
1718924468.509653091 -5.018438 5.284772 -0.026275 0.000464 -0.016135 -0.018739 0.999694
1718924468.514663219 -5.017273 5.284751 -0.026258 0.000471 -0.016160 -0.018831 0.999692
1718924468.559613705 -5.006796 5.284478 -0.026038 0.000769 -0.016145 -0.018925 0.999690
1718924468.564666510 -5.005616 5.284438 -0.026000 0.000799 -0.016164 -0.018914 0.999690
1718924468.569626331 -5.004459 5.284396 -0.025960 0.000825 -0.016177 -0.018893 0.999690
1718924468.574626923 -5.003294 5.284353 -0.025918 0.000858 -0.016189 -0.018880 0.999690
1718924468.579609394 -5.002134 5.284308 -0.025877 0.000895 -0.016193 -0.018876 0.999690
1718924468.584658146 -5.000960 5.284258 -0.025836 0.000930 -0.016199 -0.018874 0.999690
1718924468.589616537 -4.999807 5.284207 -0.025797 0.000971 -0.016206 -0.018867 0.999690
1718924468.594618797 -4.998644 5.284154 -0.025758 0.001015 -0.016211 -0.018860 0.999690
1718924468.599613667 -4.997483 5.284097 -0.025719 0.001042 -0.016210 -0.018858 0.999690
1718924468.599990129 -4.997395 5.284093 -0.025716 0.001043 -0.016210 -0.018858 0.999690
1718924468.599990129 -4.997395 5.284093 -0.025716 0.001043 -0.016210 -0.018858 0.999690
1718924468.604649305 -4.996312 5.284036 -0.025680 0.001044 -0.016193 -0.018856 0.999691
1718924468.609651804 -4.995147 5.283974 -0.025641 0.001054 -0.016173 -0.018857 0.999691
1718924468.614655256 -4.993980 5.283910 -0.025604 0.001084 -0.016154 -0.018873 0.999691
1718924468.619643927 -4.992814 5.283846 -0.025569 0.001132 -0.016140 -0.018897 0.999691
1718924468.624717474 -4.991624 5.283778 -0.025535 0.001182 -0.016130 -0.018924 0.999690
1718924468.629729509 -4.990447 5.283709 -0.025507 0.001220 -0.016123 -0.018953 0.999690
1718924468.634676218 -4.989284 5.283639 -0.025482 0.001246 -0.016109 -0.018990 0.999689
1718924468.639625549 -4.988119 5.283568 -0.025459 0.001254 -0.016094 -0.019031 0.999689
1718924468.644701004 -4.986922 5.283495 -0.025434 0.001236 -0.016078 -0.019095 0.999688
1718924468.649616480 -4.985760 5.283425 -0.025405 0.001207 -0.016069 -0.019165 0.999686
1718924468.654683352 -4.984559 5.283355 -0.025372 0.001192 -0.016071 -0.019239 0.999685
1718924468.659622669 -4.983387 5.283289 -0.025335 0.001207 -0.016087 -0.019306 0.999683
1718924468.664680243 -4.982187 5.283225 -0.025297 0.001242 -0.016105 -0.019372 0.999682
1718924468.669671059 -4.981002 5.283164 -0.025258 0.001279 -0.016110 -0.019440 0.999680
1718924468.674641609 -4.979820 5.283105 -0.025220 0.001310 -0.016091 -0.019512 0.999679
1718924468.679622889 -4.978634 5.283049 -0.025181 0.001324 -0.016061 -0.019578 0.999678
1718924468.684661150 -4.977432 5.282994 -0.025142 0.001317 -0.016033 -0.019625 0.999678
1718924468.689616680 -4.976248 5.282945 -0.025105 0.001304 -0.016015 -0.019668 0.999677
1718924468.694613457 -4.975049 5.282897 -0.025070 0.001295 -0.016012 -0.019716 0.999677
1718924468.699620247 -4.973846 5.282852 -0.025037 0.001307 -0.016024 -0.019762 0.999675
1718924468.699900150 -4.973778 5.282850 -0.025036 0.001309 -0.016025 -0.019764 0.999675
1718924468.699900150 -4.973778 5.282850 -0.025036 0.001309 -0.016025 -0.019764 0.999675
1718924468.704657078 -4.972633 5.282810 -0.025008 0.001348 -0.016056 -0.019803 0.999674
1718924468.709626675 -4.971437 5.282770 -0.024983 0.001397 -0.016081 -0.019847 0.999673
1718924468.714662790 -4.970226 5.282733 -0.024957 0.001443 -0.016098 -0.019899 0.999671
1718924468.794616461 -4.951153 5.282104 -0.025357 0.000217 -0.016229 -0.021697 0.999633
1718924468.799620152 -4.949968 5.282058 -0.025429 0.000129 -0.016248 -0.021812 0.999630
1718924468.799989939 -4.949880 5.282055 -0.025435 0.000121 -0.016250 -0.021821 0.999630
1718924468.799989939 -4.949880 5.282055 -0.025435 0.000121 -0.016250 -0.021821 0.999630
1718924468.804654360 -4.948776 5.282008 -0.025504 0.000014 -0.016265 -0.021934 0.999627
1718924468.809617043 -4.947598 5.281955 -0.025575 -0.000095 -0.016286 -0.022063 0.999624
1718924468.814677238 -4.946394 5.281900 -0.025642 -0.000180 -0.016305 -0.022197 0.999621
1718924468.819710255 -4.945197 5.281846 -0.025705 -0.000228 -0.016323 -0.022314 0.999618
1718924468.824690580 -4.944012 5.281793 -0.025763 -0.000255 -0.016339 -0.022416 0.999615
1718924468.829622030 -4.942840 5.281737 -0.025819 -0.000264 -0.016354 -0.022507 0.999613
1718924468.834686279 -4.941637 5.281677 -0.025876 -0.000261 -0.016355 -0.022595 0.999611
1718924468.839625359 -4.940462 5.281615 -0.025932 -0.000258 -0.016357 -0.022667 0.999609
1718924468.844668865 -4.939261 5.281549 -0.025988 -0.000275 -0.016361 -0.022726 0.999608
1718924468.849628925 -4.938079 5.281481 -0.026044 -0.000306 -0.016370 -0.022768 0.999607
1718924468.854623795 -4.936886 5.281409 -0.026101 -0.000335 -0.016380 -0.022804 0.999606
1718924468.859628439 -4.935687 5.281333 -0.026162 -0.000355 -0.016395 -0.022829 0.999605
1718924468.864671707 -4.934476 5.281254 -0.026228 -0.000351 -0.016408 -0.022842 0.999604
1718924468.869670391 -4.933276 5.281173 -0.026297 -0.000324 -0.016419 -0.022856 0.999604
1718924468.874661207 -4.932078 5.281090 -0.026371 -0.000278 -0.016426 -0.022867 0.999604
1718924468.879630804 -4.930884 5.281003 -0.026445 -0.000234 -0.016429 -0.022881 0.999603
1718924468.884614706 -4.929684 5.280912 -0.026515 -0.000205 -0.016440 -0.022895 0.999603
1718924468.889670372 -4.928463 5.280816 -0.026580 -0.000205 -0.016464 -0.022905 0.999602
1718924468.894655943 -4.927258 5.280718 -0.026637 -0.000233 -0.016496 -0.022917 0.999601
1718924468.899617434 -4.926060 5.280620 -0.026690 -0.000274 -0.016530 -0.022939 0.999600
1718924468.900013924 -4.925964 5.280612 -0.026694 -0.000276 -0.016532 -0.022941 0.999600
1718924468.900013924 -4.925964 5.280612 -0.026694 -0.000276 -0.016532 -0.022941 0.999600
1718924468.904612303 -4.924855 5.280526 -0.026745 -0.000303 -0.016559 -0.022961 0.999599
1718924468.909660101 -4.923638 5.280432 -0.026800 -0.000301 -0.016567 -0.022982 0.999599
1718924468.914630651 -4.922439 5.280341 -0.026855 -0.000276 -0.016558 -0.023018 0.999598
1718924468.954667807 -4.912911 5.279865 -0.027316 -0.000296 -0.016272 -0.023534 0.999591
1718924468.959623575 -4.911726 5.279821 -0.027361 -0.000279 -0.016281 -0.023600 0.999589
1718924468.964628220 -4.910527 5.279782 -0.027397 -0.000267 -0.016304 -0.023655 0.999587
1718924468.969626188 -4.909327 5.279750 -0.027425 -0.000268 -0.016334 -0.023700 0.999586
1718924468.974643469 -4.908123 5.279723 -0.027446 -0.000280 -0.016355 -0.023746 0.999584
1718924468.979640722 -4.906925 5.279702 -0.027466 -0.000285 -0.016360 -0.023779 0.999583
1718924468.984633684 -4.905731 5.279687 -0.027487 -0.000275 -0.016358 -0.023793 0.999583
1718924468.989661217 -4.904529 5.279675 -0.027513 -0.000255 -0.016345 -0.023802 0.999583
1718924468.994615316 -4.903341 5.279668 -0.027544 -0.000239 -0.016335 -0.023801 0.999583
1718924468.999619007 -4.902137 5.279664 -0.027579 -0.000228 -0.016336 -0.023785 0.999584
1718924469.004655123 -4.900923 5.279664 -0.027617 -0.000238 -0.016346 -0.023753 0.999584
1718924469.009660721 -4.899714 5.279666 -0.027656 -0.000266 -0.016364 -0.023714 0.999585
1718924469.014702082 -4.898495 5.279672 -0.027696 -0.000285 -0.016381 -0.023676 0.999585
1718924469.019635677 -4.897298 5.279679 -0.027734 -0.000291 -0.016391 -0.023635 0.999586
1718924469.024711609 -4.896065 5.279688 -0.027773 -0.000281 -0.016394 -0.023590 0.999587
1718924469.029692173 -4.894854 5.279697 -0.027810 -0.000252 -0.016387 -0.023538 0.999589
1718924469.034634590 -4.893652 5.279707 -0.027847 -0.000223 -0.016381 -0.023496 0.999590
1718924469.039634228 -4.892437 5.279716 -0.027885 -0.000200 -0.016378 -0.023470 0.999590
1718924469.044639826 -4.891220 5.279723 -0.027921 -0.000199 -0.016383 -0.023458 0.999591
1718924469.049658298 -4.889997 5.279729 -0.027954 -0.000227 -0.016397 -0.023454 0.999590
1718924469.054919243 -4.888713 5.279733 -0.027985 -0.000266 -0.016407 -0.023458 0.999590
1718924469.059618711 -4.887568 5.279735 -0.028011 -0.000293 -0.016406 -0.023479 0.999590
1718924469.064619303 -4.886351 5.279737 -0.028037 -0.000308 -0.016393 -0.023524 0.999589
1718924469.069619179 -4.885135 5.279739 -0.028062 -0.000314 -0.016372 -0.023576 0.999588
1718924469.074622393 -4.883916 5.279739 -0.028089 -0.000317 -0.016352 -0.023637 0.999587
1718924469.079615116 -4.882696 5.279739 -0.028116 -0.000332 -0.016339 -0.023706 0.999585
1718924469.084619522 -4.881470 5.279738 -0.028147 -0.000363 -0.016328 -0.023786 0.999584
1718924469.089623213 -4.880243 5.279738 -0.028183 -0.000394 -0.016327 -0.023876 0.999582
1718924469.094618082 -4.879018 5.279738 -0.028226 -0.000420 -0.016332 -0.023966 0.999579
1718924469.099617481 -4.877789 5.279738 -0.028274 -0.000444 -0.016328 -0.024051 0.999577
1718924469.099992037 -4.877696 5.279738 -0.028277 -0.000445 -0.016327 -0.024057 0.999577
1718924469.099992037 -4.877696 5.279738 -0.028277 -0.000445 -0.016327 -0.024057 0.999577
1718924469.104660273 -4.876537 5.279739 -0.028323 -0.000453 -0.016322 -0.024136 0.999575
1718924469.109617233 -4.875302 5.279741 -0.028373 -0.000447 -0.016314 -0.024214 0.999574
1718924469.114665747 -4.874043 5.279744 -0.028420 -0.000437 -0.016321 -0.024287 0.999572
1718924469.199978828 -4.852268 5.279652 -0.028765 -0.000997 -0.016327 -0.024124 0.999575
1718924469.199978828 -4.852268 5.279652 -0.028765 -0.000997 -0.016327 -0.024124 0.999575
1718924469.209615469 -4.849730 5.279633 -0.028741 -0.001061 -0.016322 -0.024106 0.999576
1718924469.214678526 -4.848391 5.279622 -0.028724 -0.001088 -0.016326 -0.024114 0.999575
1718924469.219676018 -4.847068 5.279612 -0.028705 -0.001116 -0.016326 -0.024138 0.999575
1718924469.224670887 -4.845744 5.279604 -0.028685 -0.001150 -0.016312 -0.024179 0.999574
1718924469.229649782 -4.844424 5.279599 -0.028668 -0.001170 -0.016291 -0.024223 0.999573
1718924469.234692097 -4.843083 5.279596 -0.028656 -0.001188 -0.016275 -0.024272 0.999572
1718924469.239632130 -4.841766 5.279594 -0.028649 -0.001219 -0.016262 -0.024340 0.999571
1718924469.244621754 -4.840433 5.279593 -0.028645 -0.001258 -0.016249 -0.024423 0.999569
1718924469.249625683 -4.839093 5.279595 -0.028644 -0.001293 -0.016245 -0.024509 0.999567
1718924469.254626989 -4.837751 5.279601 -0.028643 -0.001322 -0.016254 -0.024604 0.999564
1718924469.259657383 -4.836396 5.279609 -0.028638 -0.001347 -0.016267 -0.024706 0.999562
1718924469.264670372 -4.835042 5.279618 -0.028631 -0.001362 -0.016274 -0.024811 0.999559
1718924469.269623041 -4.833702 5.279630 -0.028624 -0.001372 -0.016274 -0.024902 0.999556
1718924469.274669886 -4.832337 5.279644 -0.028617 -0.001377 -0.016265 -0.024991 0.999554
1718924469.279691458 -4.830979 5.279659 -0.028611 -0.001369 -0.016243 -0.025082 0.999552
1718924469.284669399 -4.829631 5.279677 -0.028603 -0.001366 -0.016222 -0.025159 0.999551
1718924469.289655924 -4.828277 5.279694 -0.028588 -0.001371 -0.016210 -0.025221 0.999550
1718924469.294662476 -4.826913 5.279712 -0.028565 -0.001392 -0.016204 -0.025271 0.999548
1718924469.299615622 -4.825562 5.279731 -0.028538 -0.001411 -0.016208 -0.025305 0.999547
1718924469.299993038 -4.825459 5.279733 -0.028536 -0.001413 -0.016209 -0.025307 0.999547
1718924469.299993038 -4.825459 5.279733 -0.028536 -0.001413 -0.016209 -0.025307 0.999547
1718924469.304650307 -4.824187 5.279753 -0.028511 -0.001426 -0.016222 -0.025332 0.999546
1718924469.309613228 -4.822832 5.279776 -0.028488 -0.001431 -0.016236 -0.025348 0.999546
1718924469.314630270 -4.821460 5.279800 -0.028472 -0.001428 -0.016250 -0.025353 0.999545
1718924469.364675999 -4.807425 5.279919 -0.028008 -0.001349 -0.015972 -0.025120 0.999556
1718924469.369662046 -4.805990 5.279920 -0.027924 -0.001360 -0.015987 -0.025098 0.999556
1718924469.374626875 -4.804555 5.279921 -0.027836 -0.001390 -0.016013 -0.025078 0.999556
1718924469.379698515 -4.803088 5.279924 -0.027744 -0.001420 -0.016030 -0.025070 0.999556
1718924469.384673357 -4.801651 5.279927 -0.027656 -0.001429 -0.016032 -0.025066 0.999556
1718924469.389619350 -4.800223 5.279931 -0.027574 -0.001421 -0.016020 -0.025071 0.999556
1718924469.394638777 -4.798772 5.279935 -0.027496 -0.001408 -0.016005 -0.025087 0.999556
1718924469.399614096 -4.797331 5.279940 -0.027423 -0.001401 -0.015991 -0.025112 0.999556
1718924469.399986982 -4.797223 5.279941 -0.027417 -0.001401 -0.015992 -0.025114 0.999556
1718924469.399986982 -4.797223 5.279941 -0.027417 -0.001401 -0.015992 -0.025114 0.999556
1718924469.404652357 -4.795869 5.279948 -0.027349 -0.001404 -0.015992 -0.025142 0.999555
1718924469.409618616 -4.794427 5.279959 -0.027277 -0.001415 -0.016003 -0.025175 0.999554
1718924469.414675474 -4.792958 5.279972 -0.027203 -0.001432 -0.016015 -0.025212 0.999553
1718924469.419649839 -4.791512 5.279988 -0.027131 -0.001434 -0.016020 -0.025252 0.999552
1718924469.424625158 -4.790067 5.280006 -0.027059 -0.001414 -0.016013 -0.025308 0.999550
1718924469.429635525 -4.788613 5.280026 -0.026986 -0.001377 -0.015987 -0.025371 0.999549
1718924469.434624910 -4.787165 5.280048 -0.026910 -0.001347 -0.015957 -0.025434 0.999548
1718924469.439623117 -4.785712 5.280071 -0.026827 -0.001347 -0.015939 -0.025497 0.999547
1718924469.444621325 -4.784252 5.280095 -0.026736 -0.001384 -0.015934 -0.025558 0.999545
1718924469.449614048 -4.782789 5.280123 -0.026641 -0.001435 -0.015944 -0.025620 0.999544
1718924469.454622030 -4.781319 5.280155 -0.026549 -0.001484 -0.015952 -0.025678 0.999542
1718924469.459617853 -4.779855 5.280190 -0.026464 -0.001507 -0.015946 -0.025730 0.999541
1718924469.464623451 -4.778389 5.280230 -0.026390 -0.001502 -0.015928 -0.025780 0.999540
1718924469.469622374 -4.776924 5.280274 -0.026323 -0.001487 -0.015902 -0.025828 0.999539
1718924469.474629402 -4.775452 5.280321 -0.026259 -0.001482 -0.015881 -0.025869 0.999538
1718924469.479616165 -4.773982 5.280372 -0.026192 -0.001495 -0.015877 -0.025903 0.999537
1718924469.484615803 -4.772506 5.280427 -0.026120 -0.001523 -0.015884 -0.025933 0.999536
1718924469.489613295 -4.771029 5.280485 -0.026044 -0.001557 -0.015893 -0.025956 0.999536
1718924469.494618177 -4.769550 5.280547 -0.025967 -0.001580 -0.015894 -0.025973 0.999535
1718924469.499614239 -4.768070 5.280611 -0.025891 -0.001584 -0.015878 -0.025994 0.999535
1718924469.499986887 -4.767960 5.280616 -0.025886 -0.001584 -0.015877 -0.025995 0.999535
1718924469.499986887 -4.767960 5.280616 -0.025886 -0.001584 -0.015877 -0.025995 0.999535
1718924469.504650116 -4.766578 5.280679 -0.025809 -0.001576 -0.015865 -0.026008 0.999535
1718924469.509614944 -4.765103 5.280750 -0.025724 -0.001578 -0.015855 -0.026017 0.999535
1718924469.514616251 -4.763614 5.280824 -0.025634 -0.001600 -0.015857 -0.026024 0.999534
1718924469.559608936 -4.750311 5.281651 -0.024351 -0.001899 -0.015992 -0.026235 0.999526
1718924469.564670086 -4.748800 5.281762 -0.024252 -0.001923 -0.016016 -0.026264 0.999525
1718924469.569620132 -4.747323 5.281874 -0.024156 -0.001933 -0.016027 -0.026286 0.999524
1718924469.574628353 -4.745828 5.281990 -0.024059 -0.001926 -0.016023 -0.026314 0.999523
1718924469.579622984 -4.744334 5.282105 -0.023962 -0.001919 -0.016014 -0.026343 0.999523
1718924469.584615469 -4.742836 5.282221 -0.023861 -0.001927 -0.016013 -0.026358 0.999522
1718924469.589613914 -4.741334 5.282336 -0.023755 -0.001948 -0.016029 -0.026364 0.999522
1718924469.594617128 -4.739826 5.282453 -0.023646 -0.001977 -0.016057 -0.026367 0.999521
1718924469.599613667 -4.738317 5.282570 -0.023536 -0.002013 -0.016091 -0.026370 0.999521
1718924469.599992037 -4.738202 5.282579 -0.023528 -0.002016 -0.016093 -0.026372 0.999521
1718924469.599992037 -4.738202 5.282579 -0.023528 -0.002016 -0.016093 -0.026372 0.999521
1718924469.604615927 -4.736806 5.282690 -0.023440 -0.002050 -0.016116 -0.026393 0.999520
1718924469.609613180 -4.735298 5.282809 -0.023351 -0.002077 -0.016120 -0.026415 0.999519
1718924469.614619255 -4.733787 5.282929 -0.023267 -0.002075 -0.016110 -0.026433 0.999519
1718924469.619629145 -4.732273 5.283048 -0.023186 -0.002063 -0.016104 -0.026449 0.999518
1718924469.624621153 -4.730760 5.283165 -0.023102 -0.002049 -0.016110 -0.026475 0.999518
1718924469.629672527 -4.729224 5.283281 -0.023014 -0.002040 -0.016138 -0.026499 0.999516
1718924469.634658098 -4.727706 5.283395 -0.022927 -0.002048 -0.016178 -0.026518 0.999515
1718924469.639626265 -4.726192 5.283507 -0.022843 -0.002058 -0.016196 -0.026546 0.999514
1718924469.644615412 -4.724671 5.283619 -0.022764 -0.002040 -0.016192 -0.026569 0.999514
1718924469.649670124 -4.723129 5.283732 -0.022688 -0.002000 -0.016173 -0.026598 0.999513
1718924469.654672384 -4.721597 5.283840 -0.022615 -0.001962 -0.016140 -0.026641 0.999513
1718924469.659663916 -4.720063 5.283946 -0.022536 -0.001944 -0.016113 -0.026690 0.999512
1718924469.664662838 -4.718521 5.284050 -0.022448 -0.001952 -0.016106 -0.026732 0.999511
1718924469.669618130 -4.716987 5.284153 -0.022353 -0.001980 -0.016105 -0.026775 0.999510
1718924469.674625158 -4.715435 5.284256 -0.022252 -0.002021 -0.016113 -0.026825 0.999508
1718924469.679679871 -4.713868 5.284361 -0.022153 -0.002052 -0.016119 -0.026879 0.999507
1718924469.684620619 -4.712338 5.284463 -0.022064 -0.002058 -0.016111 -0.026930 0.999505
1718924469.689614058 -4.710794 5.284570 -0.021981 -0.002041 -0.016093 -0.026974 0.999505
1718924469.694618225 -4.709247 5.284678 -0.021903 -0.002020 -0.016082 -0.027006 0.999504
1718924469.699610472 -4.707703 5.284787 -0.021825 -0.002006 -0.016079 -0.027030 0.999503
1718924469.699899197 -4.707613 5.284794 -0.021821 -0.002005 -0.016080 -0.027032 0.999503
1718924469.699899197 -4.707613 5.284794 -0.021821 -0.002005 -0.016080 -0.027032 0.999503
1718924469.699990988 -4.718432 5.267582 -0.006358 -0.000323 -0.017123 -0.025652 0.999524
1718924469.699990988 -4.718432 5.267582 -0.006358 -0.000323 -0.017123 -0.025652 0.999524
1718924469.704618692 -4.717446 5.267509 -0.006593 -0.000307 -0.017135 -0.025678 0.999523
1718924469.709652662 -4.716371 5.267431 -0.006844 -0.000291 -0.017153 -0.025705 0.999522
1718924469.714653015 -4.715304 5.267355 -0.007090 -0.000276 -0.017164 -0.025731 0.999522
1718924469.719624758 -4.714244 5.267280 -0.007334 -0.000264 -0.017161 -0.025739 0.999521
1718924469.759661674 -4.705568 5.266756 -0.009417 -0.000104 -0.017219 -0.025535 0.999526
1718924469.764669180 -4.704465 5.266696 -0.009672 -0.000089 -0.017218 -0.025506 0.999526
1718924469.769671440 -4.703360 5.266637 -0.009925 -0.000081 -0.017222 -0.025477 0.999527
1718924469.774699450 -4.702248 5.266580 -0.010178 -0.000079 -0.017238 -0.025458 0.999527
1718924469.779685497 -4.701142 5.266525 -0.010427 -0.000077 -0.017252 -0.025451 0.999527
1718924469.784688711 -4.700032 5.266470 -0.010679 -0.000074 -0.017262 -0.025449 0.999527
1718924469.789654016 -4.698931 5.266416 -0.010932 -0.000061 -0.017257 -0.025456 0.999527
1718924469.794658899 -4.697821 5.266363 -0.011190 -0.000038 -0.017234 -0.025474 0.999527
1718924469.799654245 -4.696711 5.266309 -0.011449 -0.000020 -0.017208 -0.025504 0.999527
1718924469.804657698 -4.695596 5.266255 -0.011705 -0.000023 -0.017188 -0.025541 0.999526
1718924469.809653759 -4.694475 5.266201 -0.011956 -0.000040 -0.017181 -0.025584 0.999525
1718924469.814709425 -4.693337 5.266146 -0.012205 -0.000077 -0.017182 -0.025626 0.999524
1718924469.819634914 -4.692226 5.266094 -0.012447 -0.000115 -0.017188 -0.025677 0.999523
1718924469.824660778 -4.691093 5.266042 -0.012698 -0.000140 -0.017189 -0.025744 0.999521
1718924469.829624653 -4.689976 5.265992 -0.012952 -0.000159 -0.017178 -0.025815 0.999519
1718924469.834613323 -4.688852 5.265943 -0.013213 -0.000170 -0.017158 -0.025889 0.999518
1718924469.839617014 -4.687724 5.265895 -0.013477 -0.000175 -0.017150 -0.025956 0.999516
1718924469.844669342 -4.686585 5.265848 -0.013742 -0.000178 -0.017149 -0.026022 0.999514
1718924469.849624157 -4.685467 5.265805 -0.013997 -0.000172 -0.017149 -0.026090 0.999512
1718924469.854612827 -4.684341 5.265763 -0.014249 -0.000155 -0.017149 -0.026161 0.999511
1718924469.859607935 -4.683213 5.265721 -0.014496 -0.000136 -0.017147 -0.026232 0.999509
1718924469.864612579 -4.682081 5.265678 -0.014743 -0.000124 -0.017141 -0.026283 0.999508
1718924469.869608641 -4.680952 5.265636 -0.014988 -0.000126 -0.017138 -0.026317 0.999507
1718924469.874612093 -4.679821 5.265594 -0.015235 -0.000143 -0.017134 -0.026345 0.999506
1718924469.879612923 -4.678689 5.265553 -0.015481 -0.000168 -0.017141 -0.026355 0.999506
1718924469.884654045 -4.677546 5.265513 -0.015730 -0.000199 -0.017153 -0.026356 0.999505
1718924469.889611483 -4.676420 5.265477 -0.015976 -0.000227 -0.017166 -0.026344 0.999505
1718924469.894655704 -4.675273 5.265443 -0.016227 -0.000235 -0.017171 -0.026323 0.999506
1718924469.899651766 -4.674136 5.265412 -0.016477 -0.000227 -0.017168 -0.026290 0.999507
1718924469.900010347 -4.674055 5.265410 -0.016496 -0.000227 -0.017168 -0.026287 0.999507
1718924469.900010347 -4.674055 5.265410 -0.016496 -0.000227 -0.017168 -0.026287 0.999507
1718924469.904645205 -4.673001 5.265380 -0.016703 -0.000224 -0.017169 -0.026252 0.999508
1718924469.909612894 -4.671870 5.265349 -0.016923 -0.000230 -0.017181 -0.026206 0.999509
1718924469.914625406 -4.670728 5.265319 -0.017142 -0.000251 -0.017199 -0.026157 0.999510
1718924469.954668522 -4.661483 5.265045 -0.018013 -0.000529 -0.017553 -0.026044 0.999507
1718924469.959612846 -4.660327 5.265023 -0.018162 -0.000580 -0.017572 -0.026031 0.999507
1718924469.964621544 -4.659154 5.265002 -0.018312 -0.000616 -0.017579 -0.026022 0.999507
1718924469.969645023 -4.657978 5.264981 -0.018465 -0.000627 -0.017575 -0.026018 0.999507
1718924469.974614859 -4.656817 5.264963 -0.018623 -0.000612 -0.017566 -0.026021 0.999507
1718924469.979615927 -4.655650 5.264944 -0.018788 -0.000595 -0.017563 -0.026033 0.999507
1718924469.984619379 -4.654482 5.264924 -0.018955 -0.000592 -0.017577 -0.026066 0.999506
1718924469.989612579 -4.653314 5.264904 -0.019122 -0.000609 -0.017600 -0.026113 0.999504
1718924469.994615555 -4.652143 5.264883 -0.019289 -0.000620 -0.017618 -0.026155 0.999502
1718924469.999612570 -4.650975 5.264862 -0.019454 -0.000614 -0.017624 -0.026181 0.999502
1718924470.004609823 -4.649808 5.264839 -0.019617 -0.000593 -0.017615 -0.026219 0.999501
1718924470.009613276 -4.648639 5.264813 -0.019778 -0.000552 -0.017600 -0.026263 0.999500
1718924470.014626980 -4.647467 5.264783 -0.019937 -0.000503 -0.017590 -0.026302 0.999499
1718924470.019659042 -4.646287 5.264749 -0.020095 -0.000477 -0.017596 -0.026340 0.999498
1718924470.024624825 -4.645120 5.264712 -0.020247 -0.000482 -0.017614 -0.026380 0.999497
1718924470.029659033 -4.643935 5.264671 -0.020400 -0.000500 -0.017633 -0.026420 0.999495
1718924470.034620523 -4.642765 5.264628 -0.020551 -0.000514 -0.017649 -0.026443 0.999494
1718924470.039624214 -4.641585 5.264581 -0.020706 -0.000513 -0.017652 -0.026452 0.999494
1718924470.044642448 -4.640400 5.264531 -0.020867 -0.000491 -0.017646 -0.026444 0.999494
1718924470.049625874 -4.639220 5.264479 -0.021030 -0.000457 -0.017635 -0.026433 0.999495
1718924470.054625750 -4.638034 5.264426 -0.021194 -0.000421 -0.017635 -0.026414 0.999495
1718924470.059633970 -4.636843 5.264370 -0.021357 -0.000390 -0.017643 -0.026391 0.999496
1718924470.064625978 -4.635652 5.264311 -0.021518 -0.000362 -0.017661 -0.026366 0.999496
1718924470.069615126 -4.634461 5.264251 -0.021678 -0.000340 -0.017674 -0.026339 0.999497
1718924470.074616671 -4.633268 5.264189 -0.021840 -0.000316 -0.017671 -0.026305 0.999498
1718924470.079602957 -4.632079 5.264126 -0.022004 -0.000275 -0.017651 -0.026267 0.999499
1718924470.084615707 -4.630881 5.264062 -0.022173 -0.000220 -0.017629 -0.026239 0.999500
1718924470.089610338 -4.629684 5.263996 -0.022340 -0.000167 -0.017616 -0.026215 0.999501
1718924470.094607115 -4.628481 5.263928 -0.022502 -0.000134 -0.017621 -0.026188 0.999502
1718924470.099610806 -4.627271 5.263862 -0.022659 -0.000131 -0.017641 -0.026162 0.999502
1718924470.099983215 -4.627181 5.263857 -0.022669 -0.000132 -0.017642 -0.026160 0.999502
1718924470.099983215 -4.627181 5.263857 -0.022669 -0.000132 -0.017642 -0.026160 0.999502
1718924470.104608536 -4.626063 5.263796 -0.022842 -0.000145 -0.017651 -0.026131 0.999503
1718924470.109612703 -4.624853 5.263734 -0.023028 -0.000156 -0.017642 -0.026103 0.999504
1718924470.114619493 -4.623641 5.263675 -0.023218 -0.000148 -0.017623 -0.026075 0.999505
1718924470.199987173 -4.602764 5.262378 -0.026329 0.000124 -0.017681 -0.025341 0.999522
1718924470.199987173 -4.602764 5.262378 -0.026329 0.000124 -0.017681 -0.025341 0.999522
1718924470.219623566 -4.597901 5.261990 -0.026798 0.000200 -0.017759 -0.025176 0.999525
1718924470.224618673 -4.596664 5.261885 -0.026919 0.000198 -0.017757 -0.025144 0.999526
1718924470.229620934 -4.595426 5.261781 -0.027037 0.000192 -0.017764 -0.025115 0.999527
1718924470.234685183 -4.594173 5.261677 -0.027156 0.000176 -0.017784 -0.025069 0.999528
1718924470.239605665 -4.592957 5.261578 -0.027272 0.000153 -0.017803 -0.025001 0.999529
1718924470.244671106 -4.591704 5.261476 -0.027394 0.000133 -0.017813 -0.024917 0.999531
1718924470.249613762 -4.590483 5.261377 -0.027517 0.000121 -0.017817 -0.024834 0.999533
1718924470.254670382 -4.589235 5.261278 -0.027648 0.000132 -0.017812 -0.024744 0.999535
1718924470.259607792 -4.588016 5.261183 -0.027778 0.000156 -0.017803 -0.024629 0.999538
1718924470.264622211 -4.586778 5.261090 -0.027910 0.000168 -0.017806 -0.024503 0.999541
1718924470.269604921 -4.585546 5.260997 -0.028039 0.000172 -0.017821 -0.024378 0.999544
1718924470.274649143 -4.584297 5.260903 -0.028166 0.000173 -0.017835 -0.024251 0.999547
1718924470.279616117 -4.583068 5.260811 -0.028290 0.000192 -0.017849 -0.024121 0.999550
1718924470.284647465 -4.581827 5.260719 -0.028414 0.000238 -0.017861 -0.023989 0.999553
1718924470.289607763 -4.580607 5.260628 -0.028532 0.000298 -0.017866 -0.023860 0.999556
1718924470.294640779 -4.579370 5.260534 -0.028649 0.000348 -0.017872 -0.023736 0.999558
1718924470.299645901 -4.578140 5.260439 -0.028762 0.000395 -0.017883 -0.023622 0.999561
1718924470.299991131 -4.578056 5.260433 -0.028770 0.000398 -0.017884 -0.023615 0.999561
1718924470.299991131 -4.578056 5.260433 -0.028770 0.000398 -0.017884 -0.023615 0.999561
1718924470.304605961 -4.576925 5.260343 -0.028883 0.000435 -0.017893 -0.023523 0.999563
1718924470.309609652 -4.575699 5.260244 -0.029009 0.000459 -0.017912 -0.023440 0.999565
1718924470.314623117 -4.574472 5.260143 -0.029142 0.000467 -0.017921 -0.023376 0.999566
1718924470.359605074 -4.563480 5.259194 -0.030132 0.000509 -0.018207 -0.023990 0.999546
1718924470.364599943 -4.562261 5.259085 -0.030213 0.000509 -0.018218 -0.024059 0.999544
1718924470.369605303 -4.561041 5.258977 -0.030292 0.000525 -0.018223 -0.024139 0.999542
1718924470.374639750 -4.559815 5.258869 -0.030371 0.000563 -0.018223 -0.024216 0.999540
1718924470.379636288 -4.558597 5.258762 -0.030450 0.000601 -0.018208 -0.024283 0.999539
1718924470.384602070 -4.557385 5.258657 -0.030527 0.000624 -0.018192 -0.024337 0.999538
1718924470.389608622 -4.556162 5.258553 -0.030605 0.000625 -0.018183 -0.024370 0.999537
1718924470.394602299 -4.554940 5.258453 -0.030684 0.000611 -0.018174 -0.024384 0.999537
1718924470.399608612 -4.553714 5.258354 -0.030768 0.000591 -0.018168 -0.024391 0.999537
1718924470.399994135 -4.553619 5.258347 -0.030775 0.000590 -0.018167 -0.024389 0.999537
1718924470.399994135 -4.553619 5.258347 -0.030775 0.000590 -0.018167 -0.024389 0.999537
1718924470.404603481 -4.552490 5.258259 -0.030861 0.000578 -0.018172 -0.024376 0.999538
1718924470.409608126 -4.551262 5.258166 -0.030960 0.000588 -0.018181 -0.024334 0.999538
1718924470.414615631 -4.550034 5.258076 -0.031062 0.000624 -0.018186 -0.024285 0.999539
1718924470.419612408 -4.548809 5.257990 -0.031161 0.000672 -0.018196 -0.024227 0.999541
1718924470.424631834 -4.547579 5.257906 -0.031253 0.000719 -0.018219 -0.024154 0.999542
1718924470.429603100 -4.546360 5.257825 -0.031333 0.000757 -0.018241 -0.024065 0.999544
1718924470.434608698 -4.545133 5.257744 -0.031403 0.000788 -0.018257 -0.023966 0.999546
1718924470.439615250 -4.543908 5.257665 -0.031468 0.000817 -0.018269 -0.023868 0.999548
1718924470.444619894 -4.542685 5.257587 -0.031533 0.000854 -0.018274 -0.023760 0.999550
1718924470.449604273 -4.541469 5.257511 -0.031604 0.000909 -0.018282 -0.023644 0.999553
1718924470.454602242 -4.540251 5.257433 -0.031685 0.000961 -0.018300 -0.023528 0.999555
1718924470.459610224 -4.539029 5.257356 -0.031775 0.001012 -0.018322 -0.023411 0.999557
1718924470.464611530 -4.537806 5.257280 -0.031874 0.001065 -0.018353 -0.023282 0.999560
1718924470.469652653 -4.536571 5.257204 -0.031980 0.001113 -0.018384 -0.023153 0.999562
1718924470.474610806 -4.535355 5.257129 -0.032087 0.001156 -0.018396 -0.023030 0.999565
1718924470.479607821 -4.534128 5.257055 -0.032194 0.001193 -0.018392 -0.022907 0.999568
1718924470.484665394 -4.532884 5.256978 -0.032299 0.001230 -0.018379 -0.022792 0.999571
1718924470.489617109 -4.531663 5.256901 -0.032400 0.001273 -0.018373 -0.022688 0.999573
1718924470.494631767 -4.530424 5.256822 -0.032497 0.001318 -0.018374 -0.022590 0.999575
1718924470.499617577 -4.529193 5.256741 -0.032589 0.001361 -0.018383 -0.022507 0.999577
1718924470.499985218 -4.529102 5.256735 -0.032595 0.001364 -0.018384 -0.022501 0.999577
1718924470.499985218 -4.529102 5.256735 -0.032595 0.001364 -0.018384 -0.022501 0.999577
1718924470.504650354 -4.527955 5.256658 -0.032681 0.001399 -0.018396 -0.022427 0.999578
1718924470.509601116 -4.526740 5.256575 -0.032768 0.001436 -0.018410 -0.022350 0.999580
1718924470.514617682 -4.525510 5.256490 -0.032854 0.001465 -0.018410 -0.022282 0.999581
1718924470.554654837 -4.515754 5.255803 -0.033558 0.001608 -0.018402 -0.022084 0.999585
1718924470.559610844 -4.514557 5.255717 -0.033631 0.001623 -0.018386 -0.022055 0.999586
1718924470.564605474 -4.513351 5.255632 -0.033698 0.001629 -0.018366 -0.022011 0.999588
1718924470.569612265 -4.512143 5.255549 -0.033758 0.001630 -0.018347 -0.021948 0.999589
1718924470.574609280 -4.510940 5.255468 -0.033810 0.001628 -0.018342 -0.021872 0.999591
1718924470.579618692 -4.509735 5.255389 -0.033859 0.001634 -0.018338 -0.021804 0.999593
1718924470.584609747 -4.508536 5.255313 -0.033909 0.001652 -0.018334 -0.021726 0.999594
1718924470.589611053 -4.507334 5.255240 -0.033963 0.001667 -0.018338 -0.021627 0.999597
1718924470.594604731 -4.506134 5.255169 -0.034021 0.001676 -0.018350 -0.021511 0.999599
1718924470.599603653 -4.504932 5.255100 -0.034087 0.001682 -0.018353 -0.021381 0.999601
1718924470.599987268 -4.504840 5.255095 -0.034093 0.001682 -0.018353 -0.021370 0.999602
1718924470.599987268 -4.504840 5.255095 -0.034093 0.001682 -0.018353 -0.021370 0.999602
1718924470.604609489 -4.503733 5.255032 -0.034163 0.001680 -0.018359 -0.021241 0.999604
1718924470.609602213 -4.502538 5.254966 -0.034244 0.001670 -0.018362 -0.021094 0.999607
1718924470.614609718 -4.501337 5.254903 -0.034326 0.001646 -0.018362 -0.020947 0.999611
1718924470.619627714 -4.500131 5.254842 -0.034408 0.001629 -0.018365 -0.020810 0.999613
1718924470.624626875 -4.498927 5.254783 -0.034487 0.001615 -0.018370 -0.020681 0.999616
1718924470.629608154 -4.497725 5.254725 -0.034563 0.001587 -0.018379 -0.020547 0.999619
1718924470.634598970 -4.496521 5.254667 -0.034635 0.001544 -0.018395 -0.020405 0.999621
1718924470.639650345 -4.495304 5.254611 -0.034703 0.001492 -0.018416 -0.020265 0.999624
1718924470.644608259 -4.494111 5.254559 -0.034769 0.001440 -0.018436 -0.020140 0.999626
1718924470.649610996 -4.492907 5.254510 -0.034838 0.001403 -0.018454 -0.020033 0.999628
1718924470.654605389 -4.491706 5.254465 -0.034912 0.001402 -0.018466 -0.019946 0.999630
1718924470.659606218 -4.490505 5.254423 -0.034992 0.001424 -0.018474 -0.019857 0.999631
1718924470.664605379 -4.489307 5.254384 -0.035076 0.001457 -0.018476 -0.019767 0.999633
1718924470.669599533 -4.488109 5.254347 -0.035160 0.001483 -0.018478 -0.019692 0.999634
1718924470.674605131 -4.486907 5.254310 -0.035243 0.001502 -0.018482 -0.019633 0.999635
1718924470.679604053 -4.485702 5.254275 -0.035321 0.001496 -0.018487 -0.019594 0.999636
1718924470.684601307 -4.484497 5.254240 -0.035396 0.001472 -0.018489 -0.019584 0.999636
1718924470.689597845 -4.483292 5.254207 -0.035472 0.001439 -0.018492 -0.019586 0.999636
1718924470.694604158 -4.482086 5.254176 -0.035552 0.001415 -0.018491 -0.019596 0.999636
1718924470.699595451 -4.480885 5.254147 -0.035635 0.001409 -0.018496 -0.019619 0.999635
1718924470.699909210 -4.480810 5.254146 -0.035640 0.001409 -0.018497 -0.019621 0.999635
1718924470.699909210 -4.480810 5.254146 -0.035640 0.001409 -0.018497 -0.019621 0.999635
1718924470.704605818 -4.479682 5.254121 -0.035722 0.001407 -0.018499 -0.019648 0.999635
1718924470.709599018 -4.478481 5.254096 -0.035807 0.001401 -0.018512 -0.019691 0.999634
1718924470.714603901 -4.477278 5.254075 -0.035889 0.001380 -0.018530 -0.019747 0.999632
1718924470.719607353 -4.476078 5.254057 -0.035968 0.001359 -0.018547 -0.019811 0.999631
1718924470.784639835 -4.460443 5.253753 -0.036682 0.001567 -0.018889 -0.019458 0.999631
1718924470.789633751 -4.459238 5.253720 -0.036705 0.001578 -0.018899 -0.019420 0.999632
1718924470.794638157 -4.458034 5.253684 -0.036729 0.001583 -0.018908 -0.019374 0.999632
1718924470.799598217 -4.456843 5.253645 -0.036755 0.001582 -0.018915 -0.019320 0.999633
1718924470.799992323 -4.456748 5.253641 -0.036757 0.001583 -0.018915 -0.019315 0.999633
1718924470.799992323 -4.456748 5.253641 -0.036757 0.001583 -0.018915 -0.019315 0.999633
1718924470.804601669 -4.455644 5.253600 -0.036788 0.001594 -0.018925 -0.019268 0.999634
1718924470.809597969 -4.454445 5.253552 -0.036826 0.001620 -0.018935 -0.019208 0.999635
1718924470.814613104 -4.453239 5.253501 -0.036865 0.001664 -0.018945 -0.019149 0.999636
1718924470.819626093 -4.452029 5.253446 -0.036905 0.001714 -0.018955 -0.019083 0.999637
1718924470.824604034 -4.450824 5.253387 -0.036945 0.001759 -0.018960 -0.019021 0.999638
1718924470.829613924 -4.449609 5.253323 -0.036985 0.001788 -0.018962 -0.018966 0.999639
1718924470.834595680 -4.448397 5.253255 -0.037026 0.001801 -0.018968 -0.018920 0.999639
1718924470.839606285 -4.447175 5.253184 -0.037069 0.001805 -0.018974 -0.018877 0.999640
1718924470.844604492 -4.445951 5.253111 -0.037115 0.001809 -0.018975 -0.018845 0.999641
1718924470.849607706 -4.444723 5.253035 -0.037163 0.001826 -0.018976 -0.018820 0.999641
1718924470.854602098 -4.443494 5.252956 -0.037211 0.001856 -0.018981 -0.018809 0.999641
1718924470.859607935 -4.442260 5.252877 -0.037256 0.001884 -0.018993 -0.018807 0.999641
1718924470.864604712 -4.441025 5.252797 -0.037298 0.001904 -0.019001 -0.018826 0.999640
1718924470.869612932 -4.439783 5.252717 -0.037337 0.001911 -0.019006 -0.018872 0.999639
1718924470.874666691 -4.438526 5.252638 -0.037379 0.001913 -0.019004 -0.018926 0.999638
1718924470.879653692 -4.437284 5.252563 -0.037424 0.001905 -0.018999 -0.018980 0.999638
1718924470.884643078 -4.436043 5.252490 -0.037474 0.001907 -0.018994 -0.019032 0.999637
1718924470.889597893 -4.434812 5.252421 -0.037526 0.001936 -0.018989 -0.019097 0.999635
1718924470.894601583 -4.433571 5.252355 -0.037578 0.001981 -0.018988 -0.019175 0.999634
1718924470.899594307 -4.432333 5.252293 -0.037629 0.002025 -0.018994 -0.019255 0.999632
1718924470.900020123 -4.432227 5.252288 -0.037634 0.002027 -0.018994 -0.019262 0.999632
1718924470.900020123 -4.432227 5.252288 -0.037634 0.002027 -0.018994 -0.019262 0.999632
1718924470.904600859 -4.431097 5.252236 -0.037686 0.002044 -0.018991 -0.019331 0.999631
1718924470.909595013 -4.429869 5.252183 -0.037740 0.002042 -0.018981 -0.019401 0.999630
1718924470.914607763 -4.428638 5.252136 -0.037788 0.002027 -0.018976 -0.019466 0.999628
1718924470.959605217 -4.417741 5.251927 -0.038317 0.001804 -0.019245 -0.019366 0.999626
1718924470.964608431 -4.416530 5.251920 -0.038354 0.001789 -0.019243 -0.019353 0.999626
1718924470.969609261 -4.415322 5.251916 -0.038389 0.001793 -0.019244 -0.019335 0.999626
1718924470.974607229 -4.414116 5.251914 -0.038423 0.001805 -0.019251 -0.019318 0.999626
1718924470.979612350 -4.412909 5.251915 -0.038457 0.001818 -0.019246 -0.019294 0.999627
1718924470.984593391 -4.411710 5.251918 -0.038491 0.001819 -0.019231 -0.019269 0.999628
1718924470.989611387 -4.410505 5.251920 -0.038526 0.001805 -0.019215 -0.019244 0.999629
1718924470.994597673 -4.409310 5.251923 -0.038559 0.001782 -0.019205 -0.019211 0.999629
1718924470.999595881 -4.408112 5.251924 -0.038593 0.001752 -0.019205 -0.019171 0.999630
1718924471.004597902 -4.406913 5.251925 -0.038626 0.001724 -0.019210 -0.019148 0.999631
1718924471.009593964 -4.405715 5.251925 -0.038661 0.001707 -0.019219 -0.019136 0.999631
1718924471.014611721 -4.404514 5.251922 -0.038699 0.001702 -0.019223 -0.019131 0.999631
1718924471.019601583 -4.403323 5.251918 -0.038739 0.001701 -0.019223 -0.019142 0.999631
1718924471.024609566 -4.402130 5.251913 -0.038782 0.001698 -0.019216 -0.019150 0.999630
1718924471.029613018 -4.400937 5.251906 -0.038826 0.001684 -0.019201 -0.019151 0.999631
1718924471.034596682 -4.399748 5.251897 -0.038868 0.001663 -0.019192 -0.019159 0.999631
1718924471.039608479 -4.398551 5.251886 -0.038911 0.001652 -0.019191 -0.019170 0.999631
1718924471.044602394 -4.397359 5.251872 -0.038952 0.001659 -0.019188 -0.019180 0.999631
1718924471.049623966 -4.396163 5.251856 -0.038994 0.001685 -0.019191 -0.019196 0.999630
1718924471.054610014 -4.394978 5.251836 -0.039035 0.001715 -0.019192 -0.019224 0.999630
1718924471.059607506 -4.393789 5.251813 -0.039076 0.001745 -0.019188 -0.019264 0.999629
1718924471.064599514 -4.392599 5.251784 -0.039116 0.001771 -0.019185 -0.019305 0.999628
1718924471.069605350 -4.391401 5.251751 -0.039155 0.001776 -0.019187 -0.019345 0.999627
1718924471.074611902 -4.390200 5.251713 -0.039192 0.001752 -0.019189 -0.019386 0.999626
1718924471.079597235 -4.389000 5.251670 -0.039227 0.001723 -0.019190 -0.019437 0.999625
1718924471.084599495 -4.387790 5.251624 -0.039262 0.001710 -0.019198 -0.019500 0.999624
1718924471.089595556 -4.386577 5.251577 -0.039298 0.001712 -0.019209 -0.019569 0.999622
1718924471.094602108 -4.385357 5.251528 -0.039336 0.001727 -0.019208 -0.019631 0.999621
1718924471.099595070 -4.384141 5.251477 -0.039379 0.001746 -0.019203 -0.019702 0.999620
1718924471.099993229 -4.384044 5.251473 -0.039383 0.001747 -0.019203 -0.019708 0.999620
1718924471.099993229 -4.384044 5.251473 -0.039383 0.001747 -0.019203 -0.019708 0.999620
1718924471.104601145 -4.382925 5.251424 -0.039430 0.001760 -0.019198 -0.019776 0.999619
1718924471.109597683 -4.381709 5.251369 -0.039482 0.001764 -0.019195 -0.019850 0.999617
1718924471.114648819 -4.380478 5.251312 -0.039532 0.001760 -0.019198 -0.019928 0.999616
1718924471.199622393 -4.359477 5.250369 -0.039765 0.002235 -0.019266 -0.019948 0.999613
1718924471.199988127 -4.359385 5.250365 -0.039764 0.002237 -0.019266 -0.019948 0.999613
1718924471.199988127 -4.359385 5.250365 -0.039764 0.002237 -0.019266 -0.019948 0.999613
1718924471.204641342 -4.358217 5.250319 -0.039754 0.002265 -0.019270 -0.019939 0.999613
1718924471.209599018 -4.356972 5.250271 -0.039745 0.002295 -0.019274 -0.019915 0.999613
1718924471.214610338 -4.355715 5.250221 -0.039742 0.002328 -0.019272 -0.019882 0.999614
1718924471.219615459 -4.354457 5.250170 -0.039745 0.002363 -0.019267 -0.019857 0.999614
1718924471.224660635 -4.353185 5.250117 -0.039755 0.002396 -0.019268 -0.019834 0.999615
1718924471.229617834 -4.351934 5.250062 -0.039767 0.002419 -0.019267 -0.019800 0.999615
1718924471.234612465 -4.350670 5.250004 -0.039777 0.002430 -0.019281 -0.019760 0.999616
1718924471.239645481 -4.349394 5.249943 -0.039783 0.002437 -0.019304 -0.019725 0.999616
1718924471.244645119 -4.348122 5.249881 -0.039782 0.002439 -0.019323 -0.019699 0.999616
1718924471.249608278 -4.346858 5.249817 -0.039777 0.002453 -0.019342 -0.019682 0.999616
1718924471.254650593 -4.345572 5.249750 -0.039771 0.002472 -0.019351 -0.019673 0.999616
1718924471.259602070 -4.344309 5.249681 -0.039765 0.002484 -0.019348 -0.019661 0.999616
1718924471.264608145 -4.343033 5.249608 -0.039761 0.002491 -0.019343 -0.019658 0.999617
1718924471.269614458 -4.341757 5.249535 -0.039762 0.002490 -0.019352 -0.019664 0.999616
1718924471.274686337 -4.340462 5.249461 -0.039766 0.002490 -0.019367 -0.019686 0.999616
1718924471.279597521 -4.339207 5.249388 -0.039773 0.002487 -0.019377 -0.019723 0.999615
1718924471.284638166 -4.337917 5.249313 -0.039780 0.002484 -0.019375 -0.019774 0.999614
1718924471.289629936 -4.336640 5.249240 -0.039784 0.002479 -0.019360 -0.019833 0.999613
1718924471.294635534 -4.335359 5.249169 -0.039780 0.002469 -0.019348 -0.019887 0.999612
1718924471.299594402 -4.334088 5.249102 -0.039768 0.002442 -0.019344 -0.019945 0.999611
1718924471.299988031 -4.333987 5.249096 -0.039767 0.002440 -0.019344 -0.019950 0.999611
1718924471.299988031 -4.333987 5.249096 -0.039767 0.002440 -0.019344 -0.019950 0.999611
1718924471.304637432 -4.332796 5.249036 -0.039748 0.002409 -0.019350 -0.020009 0.999610
1718924471.309633017 -4.331517 5.248976 -0.039725 0.002365 -0.019372 -0.020077 0.999608
1718924471.314622641 -4.330241 5.248922 -0.039706 0.002328 -0.019388 -0.020148 0.999606
1718924471.354647160 -4.319958 5.248651 -0.039681 0.002334 -0.019555 -0.020239 0.999601
1718924471.359649181 -4.318666 5.248639 -0.039661 0.002345 -0.019554 -0.020235 0.999601
1718924471.364654303 -4.317374 5.248630 -0.039642 0.002362 -0.019545 -0.020217 0.999602
1718924471.369608641 -4.316095 5.248622 -0.039624 0.002364 -0.019534 -0.020187 0.999603
1718924471.374663115 -4.314790 5.248615 -0.039604 0.002336 -0.019528 -0.020152 0.999603
1718924471.379651308 -4.313501 5.248607 -0.039582 0.002287 -0.019533 -0.020116 0.999604
1718924471.384634733 -4.312210 5.248600 -0.039559 0.002237 -0.019555 -0.020067 0.999605
1718924471.389594078 -4.310924 5.248592 -0.039537 0.002200 -0.019586 -0.020017 0.999605
1718924471.394594669 -4.309629 5.248584 -0.039519 0.002178 -0.019610 -0.019965 0.999606
1718924471.399590969 -4.308336 5.248574 -0.039506 0.002171 -0.019619 -0.019912 0.999607
1718924471.399995089 -4.308231 5.248574 -0.039505 0.002171 -0.019620 -0.019908 0.999607
1718924471.399995089 -4.308231 5.248574 -0.039505 0.002171 -0.019620 -0.019908 0.999607
1718924471.404638290 -4.307032 5.248563 -0.039502 0.002177 -0.019628 -0.019858 0.999608
1718924471.409593344 -4.305751 5.248549 -0.039499 0.002174 -0.019635 -0.019816 0.999608
1718924471.414606333 -4.304454 5.248531 -0.039495 0.002152 -0.019639 -0.019781 0.999609
1718924471.419622660 -4.303153 5.248509 -0.039488 0.002122 -0.019640 -0.019759 0.999610
1718924471.424665213 -4.301846 5.248482 -0.039480 0.002089 -0.019646 -0.019754 0.999610
1718924471.429677486 -4.300545 5.248450 -0.039472 0.002071 -0.019654 -0.019765 0.999609
1718924471.434638262 -4.299256 5.248414 -0.039465 0.002070 -0.019652 -0.019786 0.999609
1718924471.439643383 -4.297955 5.248375 -0.039460 0.002070 -0.019642 -0.019813 0.999609
1718924471.444648266 -4.296655 5.248331 -0.039455 0.002065 -0.019630 -0.019848 0.999608
1718924471.449600697 -4.295370 5.248283 -0.039450 0.002042 -0.019624 -0.019894 0.999607
1718924471.454642773 -4.294062 5.248231 -0.039444 0.002004 -0.019627 -0.019945 0.999606
1718924471.459603548 -4.292775 5.248180 -0.039437 0.001969 -0.019640 -0.020003 0.999605
1718924471.464662313 -4.291462 5.248127 -0.039430 0.001943 -0.019654 -0.020071 0.999603
1718924471.469609261 -4.290180 5.248074 -0.039423 0.001928 -0.019660 -0.020142 0.999602
1718924471.474612236 -4.288887 5.248020 -0.039417 0.001925 -0.019663 -0.020218 0.999600
1718924471.479592085 -4.287603 5.247966 -0.039411 0.001934 -0.019660 -0.020293 0.999599
1718924471.484658241 -4.286299 5.247913 -0.039406 0.001946 -0.019659 -0.020356 0.999598
1718924471.489629269 -4.285019 5.247860 -0.039400 0.001955 -0.019658 -0.020414 0.999596
1718924471.494597673 -4.283741 5.247808 -0.039394 0.001967 -0.019665 -0.020478 0.999595
1718924471.499629259 -4.282448 5.247755 -0.039390 0.001980 -0.019670 -0.020528 0.999594
1718924471.500001192 -4.282353 5.247751 -0.039390 0.001982 -0.019669 -0.020530 0.999594
1718924471.500001192 -4.282353 5.247751 -0.039390 0.001982 -0.019669 -0.020530 0.999594
1718924471.504638195 -4.281165 5.247702 -0.039391 0.002002 -0.019654 -0.020560 0.999593
1718924471.509622097 -4.279890 5.247648 -0.039392 0.002040 -0.019628 -0.020575 0.999594
1718924471.514664412 -4.278598 5.247594 -0.039392 0.002089 -0.019605 -0.020585 0.999594
1718924471.589596272 -4.259201 5.246711 -0.039415 0.002250 -0.019282 -0.020606 0.999599
1718924471.594635487 -4.257884 5.246644 -0.039394 0.002243 -0.019259 -0.020607 0.999600
1718924471.599590302 -4.256586 5.246579 -0.039370 0.002237 -0.019248 -0.020618 0.999600
1718924471.599991083 -4.256481 5.246574 -0.039368 0.002237 -0.019248 -0.020619 0.999600
1718924471.599991083 -4.256481 5.246574 -0.039368 0.002237 -0.019248 -0.020619 0.999600
1718924471.604635477 -4.255265 5.246512 -0.039354 0.002235 -0.019253 -0.020635 0.999599
1718924471.609591484 -4.253969 5.246447 -0.039340 0.002233 -0.019262 -0.020652 0.999599
1718924471.614649057 -4.252650 5.246383 -0.039328 0.002239 -0.019258 -0.020672 0.999598
1718924471.619622707 -4.251353 5.246321 -0.039318 0.002255 -0.019251 -0.020703 0.999598
1718924471.624604225 -4.250053 5.246261 -0.039306 0.002270 -0.019248 -0.020736 0.999597
1718924471.629631042 -4.248739 5.246202 -0.039291 0.002284 -0.019253 -0.020770 0.999596
1718924471.634596586 -4.247438 5.246145 -0.039274 0.002296 -0.019261 -0.020821 0.999595
1718924471.639595032 -4.246127 5.246092 -0.039256 0.002317 -0.019268 -0.020859 0.999594
1718924471.644604445 -4.244809 5.246041 -0.039239 0.002346 -0.019269 -0.020875 0.999594
1718924471.649602413 -4.243491 5.245991 -0.039221 0.002368 -0.019262 -0.020905 0.999593
1718924471.654596090 -4.242171 5.245942 -0.039202 0.002377 -0.019248 -0.020949 0.999592
1718924471.659599781 -4.240846 5.245893 -0.039180 0.002375 -0.019235 -0.020980 0.999592
1718924471.664599895 -4.239518 5.245847 -0.039152 0.002362 -0.019232 -0.020993 0.999592
1718924471.669609070 -4.238183 5.245802 -0.039120 0.002340 -0.019241 -0.021008 0.999591
1718924471.674605131 -4.236848 5.245761 -0.039087 0.002315 -0.019264 -0.021018 0.999591
1718924471.679589272 -4.235515 5.245723 -0.039058 0.002290 -0.019283 -0.021041 0.999590
1718924471.684595585 -4.234177 5.245688 -0.039036 0.002287 -0.019294 -0.021066 0.999589
1718924471.689588308 -4.232843 5.245656 -0.039018 0.002300 -0.019298 -0.021080 0.999589
1718924471.694595098 -4.231504 5.245628 -0.039002 0.002305 -0.019301 -0.021083 0.999589
1718924471.699620247 -4.230158 5.245602 -0.038984 0.002295 -0.019302 -0.021081 0.999589
1718924471.699901104 -4.230083 5.245600 -0.038983 0.002294 -0.019302 -0.021081 0.999589
1718924471.699901104 -4.230083 5.245600 -0.038983 0.002294 -0.019302 -0.021081 0.999589
1718924471.704637051 -4.228814 5.245579 -0.038967 0.002281 -0.019302 -0.021076 0.999589
1718924471.709633589 -4.227472 5.245559 -0.038950 0.002273 -0.019310 -0.021073 0.999589
1718924471.714637995 -4.226122 5.245541 -0.038933 0.002274 -0.019318 -0.021065 0.999589
1718924471.719609261 -4.224775 5.245525 -0.038917 0.002275 -0.019310 -0.021051 0.999589
1718924471.769587994 -4.210981 5.245358 -0.038884 0.002427 -0.019428 -0.021120 0.999585
1718924471.774648905 -4.209559 5.245336 -0.038864 0.002452 -0.019430 -0.021150 0.999584
1718924471.779635668 -4.208155 5.245313 -0.038846 0.002485 -0.019424 -0.021199 0.999583
1718924471.784653664 -4.206738 5.245287 -0.038831 0.002525 -0.019412 -0.021246 0.999583
1718924471.789635897 -4.205328 5.245255 -0.038816 0.002559 -0.019401 -0.021295 0.999582
1718924471.794635296 -4.203907 5.245217 -0.038798 0.002565 -0.019388 -0.021349 0.999581
1718924471.799592257 -4.202492 5.245173 -0.038774 0.002548 -0.019381 -0.021413 0.999580
1718924471.799993038 -4.202377 5.245170 -0.038771 0.002545 -0.019382 -0.021419 0.999579
1718924471.799993038 -4.202377 5.245170 -0.038771 0.002545 -0.019382 -0.021419 0.999579
1718924471.804586172 -4.201067 5.245122 -0.038747 0.002519 -0.019386 -0.021491 0.999578
1718924471.809630632 -4.199624 5.245065 -0.038718 0.002484 -0.019396 -0.021561 0.999576
1718924471.814606428 -4.198199 5.245005 -0.038690 0.002458 -0.019411 -0.021633 0.999575
1718924471.819627762 -4.196760 5.244940 -0.038667 0.002456 -0.019421 -0.021714 0.999573
1718924471.824613094 -4.195332 5.244873 -0.038649 0.002479 -0.019428 -0.021788 0.999571
1718924471.829703569 -4.193873 5.244801 -0.038636 0.002515 -0.019432 -0.021866 0.999569
1718924471.834608555 -4.192468 5.244728 -0.038627 0.002540 -0.019438 -0.021938 0.999567
1718924471.839599371 -4.191037 5.244651 -0.038619 0.002546 -0.019449 -0.022003 0.999565
1718924471.844639063 -4.189591 5.244571 -0.038611 0.002550 -0.019458 -0.022060 0.999564
1718924471.849645615 -4.188155 5.244488 -0.038602 0.002559 -0.019463 -0.022116 0.999563
1718924471.854633331 -4.186723 5.244403 -0.038590 0.002574 -0.019459 -0.022179 0.999561
1718924471.859595776 -4.185297 5.244317 -0.038573 0.002587 -0.019455 -0.022253 0.999560
1718924471.864598751 -4.183856 5.244227 -0.038549 0.002591 -0.019456 -0.022322 0.999558
1718924471.869596958 -4.182414 5.244138 -0.038520 0.002591 -0.019461 -0.022390 0.999557
1718924471.874650955 -4.180955 5.244048 -0.038493 0.002587 -0.019461 -0.022451 0.999555
1718924471.879593611 -4.179527 5.243961 -0.038473 0.002582 -0.019459 -0.022509 0.999554
1718924471.884593487 -4.178082 5.243875 -0.038461 0.002586 -0.019454 -0.022574 0.999553
1718924471.889575958 -4.176641 5.243790 -0.038457 0.002598 -0.019455 -0.022634 0.999551
1718924471.894634724 -4.175178 5.243705 -0.038456 0.002624 -0.019465 -0.022688 0.999550
1718924471.899627924 -4.173733 5.243622 -0.038456 0.002652 -0.019476 -0.022746 0.999548
1718924471.900007010 -4.173623 5.243616 -0.038456 0.002655 -0.019477 -0.022750 0.999548
1718924471.900007010 -4.173623 5.243616 -0.038456 0.002655 -0.019477 -0.022750 0.999548
1718924471.904625893 -4.172288 5.243546 -0.038465 0.002680 -0.019480 -0.022794 0.999547
1718924471.909628630 -4.170840 5.243474 -0.038474 0.002722 -0.019480 -0.022824 0.999546
1718924471.914646864 -4.169387 5.243402 -0.038482 0.002765 -0.019472 -0.022850 0.999545
1718924471.959588766 -4.156461 5.242862 -0.039143 0.002434 -0.019819 -0.023644 0.999521
1718924471.964596510 -4.154988 5.242784 -0.039224 0.002382 -0.019857 -0.023781 0.999517
1718924471.969586134 -4.153515 5.242706 -0.039310 0.002317 -0.019887 -0.023946 0.999513
1718924471.974599361 -4.152032 5.242630 -0.039398 0.002236 -0.019891 -0.024134 0.999508
1718924471.979597092 -4.150550 5.242555 -0.039482 0.002137 -0.019879 -0.024346 0.999504
1718924471.984585285 -4.149067 5.242480 -0.039555 0.002027 -0.019867 -0.024573 0.999499
1718924471.989583731 -4.147577 5.242408 -0.039617 0.001919 -0.019857 -0.024817 0.999493
1718924471.994578600 -4.146086 5.242341 -0.039665 0.001803 -0.019850 -0.025067 0.999487
1718924471.999589920 -4.144589 5.242277 -0.039703 0.001688 -0.019847 -0.025330 0.999481
1718924472.004583120 -4.143099 5.242216 -0.039739 0.001588 -0.019844 -0.025604 0.999474
1718924472.009588957 -4.141610 5.242159 -0.039778 0.001503 -0.019849 -0.025865 0.999467
1718924472.014589787 -4.140124 5.242105 -0.039823 0.001425 -0.019855 -0.026114 0.999461
1718924472.019593477 -4.138638 5.242054 -0.039875 0.001333 -0.019860 -0.026347 0.999455
1718924472.024586201 -4.137154 5.242004 -0.039935 0.001226 -0.019869 -0.026566 0.999449
1718924472.029590368 -4.135665 5.241957 -0.040002 0.001149 -0.019871 -0.026768 0.999443
1718924472.034588814 -4.134175 5.241913 -0.040074 0.001097 -0.019869 -0.026939 0.999439
1718924472.039582491 -4.132682 5.241872 -0.040148 0.001070 -0.019853 -0.027064 0.999436
1718924472.044590712 -4.131182 5.241832 -0.040220 0.001063 -0.019834 -0.027160 0.999434
1718924472.049589634 -4.129681 5.241791 -0.040289 0.001053 -0.019819 -0.027220 0.999432
1718924472.054610491 -4.128172 5.241748 -0.040354 0.001040 -0.019813 -0.027259 0.999431
1718924472.059590340 -4.126674 5.241704 -0.040417 0.001032 -0.019808 -0.027271 0.999431
1718924472.064628601 -4.125157 5.241659 -0.040482 0.001031 -0.019802 -0.027247 0.999432
1718924472.069596291 -4.123663 5.241612 -0.040547 0.001024 -0.019801 -0.027196 0.999433
1718924472.074584484 -4.122166 5.241561 -0.040612 0.001012 -0.019808 -0.027139 0.999435
1718924472.079583406 -4.120668 5.241506 -0.040676 0.001012 -0.019823 -0.027064 0.999437
1718924472.084580421 -4.119172 5.241451 -0.040737 0.001021 -0.019849 -0.026980 0.999438
1718924472.089583635 -4.117677 5.241394 -0.040795 0.001046 -0.019882 -0.026899 0.999440
1718924472.094580173 -4.116188 5.241337 -0.040850 0.001084 -0.019905 -0.026818 0.999442
1718924472.099627733 -4.114687 5.241275 -0.040906 0.001127 -0.019914 -0.026748 0.999443
1718924472.100003004 -4.114576 5.241271 -0.040911 0.001129 -0.019913 -0.026744 0.999443
1718924472.100003004 -4.114576 5.241271 -0.040911 0.001129 -0.019913 -0.026744 0.999443
1718924472.104624033 -4.113202 5.241205 -0.040964 0.001154 -0.019900 -0.026703 0.999445
1718924472.109586954 -4.111727 5.241131 -0.041018 0.001164 -0.019880 -0.026681 0.999446
1718924472.114616156 -4.110232 5.241052 -0.041072 0.001143 -0.019861 -0.026666 0.999446
1718924472.164590120 -4.095330 5.240205 -0.041528 0.001186 -0.019532 -0.028536 0.999401
1718924472.169588804 -4.093824 5.240124 -0.041565 0.001189 -0.019508 -0.028718 0.999396
1718924472.174598694 -4.092315 5.240046 -0.041606 0.001201 -0.019487 -0.028883 0.999392
1718924472.179603577 -4.090805 5.239971 -0.041653 0.001208 -0.019471 -0.029033 0.999388
1718924472.184615612 -4.089291 5.239898 -0.041706 0.001214 -0.019460 -0.029160 0.999385
1718924472.189597130 -4.087783 5.239827 -0.041763 0.001225 -0.019463 -0.029266 0.999381
1718924472.194606304 -4.086267 5.239759 -0.041824 0.001239 -0.019472 -0.029343 0.999379
1718924472.199627638 -4.084746 5.239692 -0.041885 0.001271 -0.019474 -0.029399 0.999377
1718924472.200001001 -4.084633 5.239688 -0.041890 0.001275 -0.019474 -0.029402 0.999377
1718924472.200001001 -4.084633 5.239688 -0.041890 0.001275 -0.019474 -0.029402 0.999377
1718924472.204585791 -4.083243 5.239627 -0.041958 0.001323 -0.019464 -0.029442 0.999376
1718924472.209581852 -4.081727 5.239561 -0.042026 0.001380 -0.019451 -0.029456 0.999376
1718924472.214601755 -4.080204 5.239495 -0.042084 0.001424 -0.019443 -0.029435 0.999377
1718924472.219599247 -4.078688 5.239430 -0.042131 0.001447 -0.019442 -0.029394 0.999378
1718924472.224601507 -4.077170 5.239365 -0.042169 0.001456 -0.019443 -0.029337 0.999379
1718924472.229600906 -4.075655 5.239301 -0.042204 0.001456 -0.019441 -0.029269 0.999381
1718924472.234602213 -4.074142 5.239237 -0.042244 0.001452 -0.019435 -0.029196 0.999384
1718924472.239595413 -4.072634 5.239175 -0.042291 0.001443 -0.019419 -0.029118 0.999386
1718924472.244587421 -4.071128 5.239111 -0.042346 0.001439 -0.019400 -0.029046 0.999389
1718924472.249639988 -4.069603 5.239048 -0.042408 0.001449 -0.019391 -0.028990 0.999391
1718924472.254613876 -4.068100 5.238986 -0.042473 0.001481 -0.019397 -0.028935 0.999392
1718924472.259591579 -4.066595 5.238925 -0.042541 0.001520 -0.019401 -0.028883 0.999393
1718924472.264596462 -4.065084 5.238865 -0.042610 0.001552 -0.019401 -0.028843 0.999394
1718924472.269601107 -4.063574 5.238806 -0.042678 0.001576 -0.019387 -0.028820 0.999395
1718924472.274601460 -4.062067 5.238746 -0.042743 0.001591 -0.019357 -0.028821 0.999396
1718924472.279607058 -4.060561 5.238685 -0.042801 0.001581 -0.019321 -0.028848 0.999396
1718924472.284623623 -4.059052 5.238623 -0.042853 0.001563 -0.019293 -0.028900 0.999395
1718924472.289586544 -4.057557 5.238564 -0.042900 0.001552 -0.019281 -0.028946 0.999394
1718924472.294627905 -4.056038 5.238507 -0.042950 0.001548 -0.019278 -0.029006 0.999392
1718924472.299585819 -4.054545 5.238451 -0.043003 0.001545 -0.019273 -0.029079 0.999390
1718924472.299989939 -4.054424 5.238447 -0.043008 0.001545 -0.019273 -0.029085 0.999390
1718924472.299989939 -4.054424 5.238447 -0.043008 0.001545 -0.019273 -0.029085 0.999390
1718924472.304628134 -4.053031 5.238398 -0.043060 0.001547 -0.019274 -0.029158 0.999388
1718924472.309615135 -4.051536 5.238347 -0.043123 0.001558 -0.019268 -0.029241 0.999385
1718924472.314646721 -4.050028 5.238297 -0.043191 0.001571 -0.019263 -0.029338 0.999383
1718924472.394587278 -4.025402 5.237348 -0.043107 0.001658 -0.018976 -0.028783 0.999404
1718924472.399617434 -4.023809 5.237276 -0.043013 0.001644 -0.018982 -0.028747 0.999405
1718924472.399991989 -4.023690 5.237271 -0.043006 0.001643 -0.018984 -0.028744 0.999405
1718924472.399991989 -4.023690 5.237271 -0.043006 0.001643 -0.018984 -0.028744 0.999405
1718924472.404620171 -4.022223 5.237204 -0.042925 0.001627 -0.018987 -0.028708 0.999406
1718924472.409618139 -4.020635 5.237131 -0.042842 0.001627 -0.018995 -0.028667 0.999407
1718924472.414626837 -4.019042 5.237056 -0.042767 0.001636 -0.019001 -0.028622 0.999408
1718924472.419607878 -4.017457 5.236978 -0.042700 0.001655 -0.018997 -0.028568 0.999410
1718924472.424644947 -4.015854 5.236896 -0.042639 0.001676 -0.018985 -0.028517 0.999412
1718924472.429591656 -4.014278 5.236812 -0.042584 0.001703 -0.018979 -0.028480 0.999413
1718924472.434640408 -4.012667 5.236723 -0.042529 0.001740 -0.018971 -0.028456 0.999413
1718924472.439630508 -4.011072 5.236630 -0.042476 0.001776 -0.018955 -0.028442 0.999414
1718924472.444650888 -4.009465 5.236532 -0.042419 0.001811 -0.018934 -0.028439 0.999415
1718924472.449641228 -4.007864 5.236428 -0.042356 0.001842 -0.018922 -0.028438 0.999415
1718924472.454581738 -4.006275 5.236320 -0.042283 0.001863 -0.018911 -0.028452 0.999415
1718924472.459624529 -4.004651 5.236206 -0.042201 0.001874 -0.018899 -0.028471 0.999414
1718924472.464629173 -4.003040 5.236088 -0.042116 0.001872 -0.018886 -0.028501 0.999414
1718924472.469595194 -4.001440 5.235968 -0.042032 0.001858 -0.018868 -0.028538 0.999413
1718924472.474593639 -3.999829 5.235845 -0.041954 0.001841 -0.018855 -0.028577 0.999412
1718924472.479585171 -3.998221 5.235720 -0.041884 0.001836 -0.018839 -0.028630 0.999411
1718924472.484624147 -3.996600 5.235591 -0.041822 0.001850 -0.018827 -0.028691 0.999409
1718924472.489584446 -3.995006 5.235462 -0.041769 0.001889 -0.018820 -0.028757 0.999407
1718924472.494578838 -3.993402 5.235331 -0.041718 0.001938 -0.018811 -0.028834 0.999405
1718924472.499582291 -3.991795 5.235198 -0.041664 0.001984 -0.018804 -0.028905 0.999403
1718924472.499982119 -3.991667 5.235187 -0.041660 0.001986 -0.018804 -0.028910 0.999403
1718924472.499982119 -3.991667 5.235187 -0.041660 0.001986 -0.018804 -0.028910 0.999403
1718924472.504620552 -3.990178 5.235060 -0.041603 0.002002 -0.018811 -0.028971 0.999401
1718924472.509577274 -3.988587 5.234923 -0.041534 0.001991 -0.018822 -0.029032 0.999399
1718924472.514603376 -3.986972 5.234785 -0.041459 0.001966 -0.018845 -0.029085 0.999397
1718924472.559587717 -3.972404 5.233594 -0.040677 0.002243 -0.018488 -0.029157 0.999401
1718924472.564625502 -3.970758 5.233464 -0.040559 0.002259 -0.018468 -0.029170 0.999401
1718924472.569593430 -3.969130 5.233338 -0.040434 0.002266 -0.018452 -0.029170 0.999402
1718924472.574640274 -3.967472 5.233212 -0.040297 0.002269 -0.018439 -0.029170 0.999402
1718924472.579590797 -3.965843 5.233091 -0.040159 0.002266 -0.018421 -0.029180 0.999402
1718924472.584620714 -3.964186 5.232971 -0.040017 0.002251 -0.018398 -0.029195 0.999402
1718924472.589584351 -3.962550 5.232854 -0.039882 0.002235 -0.018381 -0.029204 0.999402
1718924472.594622374 -3.960888 5.232738 -0.039753 0.002242 -0.018368 -0.029223 0.999402
1718924472.599586010 -3.959252 5.232627 -0.039635 0.002282 -0.018353 -0.029255 0.999401
1718924472.599983931 -3.959121 5.232618 -0.039626 0.002287 -0.018352 -0.029258 0.999401
1718924472.599983931 -3.959121 5.232618 -0.039626 0.002287 -0.018352 -0.029258 0.999401
1718924472.604571581 -3.957610 5.232516 -0.039526 0.002344 -0.018330 -0.029288 0.999400
1718924472.609617233 -3.955947 5.232403 -0.039415 0.002385 -0.018302 -0.029330 0.999399
1718924472.614653587 -3.954284 5.232292 -0.039295 0.002384 -0.018291 -0.029369 0.999398
1718924472.619608164 -3.952649 5.232183 -0.039165 0.002362 -0.018283 -0.029409 0.999397
1718924472.624636173 -3.950991 5.232074 -0.039026 0.002323 -0.018276 -0.029457 0.999396
1718924472.629598379 -3.949355 5.231970 -0.038887 0.002292 -0.018267 -0.029506 0.999395
1718924472.634642124 -3.947694 5.231868 -0.038750 0.002281 -0.018257 -0.029540 0.999394
1718924472.639630079 -3.946053 5.231772 -0.038621 0.002280 -0.018242 -0.029560 0.999394
1718924472.644590139 -3.944422 5.231681 -0.038502 0.002289 -0.018229 -0.029583 0.999393
1718924472.649597406 -3.942775 5.231592 -0.038390 0.002309 -0.018219 -0.029608 0.999393
1718924472.654591799 -3.941130 5.231507 -0.038286 0.002330 -0.018221 -0.029630 0.999392
1718924472.659585238 -3.939485 5.231423 -0.038183 0.002349 -0.018224 -0.029643 0.999392
1718924472.664642096 -3.937817 5.231339 -0.038075 0.002341 -0.018222 -0.029661 0.999391
1718924472.669603109 -3.936179 5.231256 -0.037959 0.002318 -0.018215 -0.029665 0.999391
1718924472.674588919 -3.934531 5.231174 -0.037829 0.002294 -0.018209 -0.029663 0.999391
1718924472.679585695 -3.932879 5.231093 -0.037688 0.002277 -0.018209 -0.029647 0.999392
1718924472.684622288 -3.931214 5.231011 -0.037540 0.002256 -0.018207 -0.029630 0.999393
1718924472.689622641 -3.929560 5.230929 -0.037392 0.002237 -0.018194 -0.029627 0.999393
1718924472.694617510 -3.927909 5.230847 -0.037250 0.002233 -0.018181 -0.029634 0.999393
1718924472.699625492 -3.926254 5.230762 -0.037114 0.002237 -0.018172 -0.029637 0.999393
1718924472.699980021 -3.926137 5.230756 -0.037105 0.002238 -0.018172 -0.029637 0.999393
1718924472.699980021 -3.926137 5.230756 -0.037105 0.002238 -0.018172 -0.029637 0.999393
1718924472.704579592 -3.924618 5.230675 -0.036990 0.002243 -0.018180 -0.029638 0.999393
1718924472.709623575 -3.922953 5.230584 -0.036874 0.002256 -0.018183 -0.029652 0.999392
1718924472.714583158 -3.921317 5.230490 -0.036767 0.002277 -0.018180 -0.029679 0.999392
1718924472.719581842 -3.919669 5.230391 -0.036659 0.002295 -0.018168 -0.029711 0.999391
1718924472.764580727 -3.904799 5.229418 -0.036083 0.002577 -0.017744 -0.030124 0.999385
1718924472.769585133 -3.903141 5.229302 -0.036063 0.002613 -0.017722 -0.030168 0.999384
1718924472.774585009 -3.901483 5.229183 -0.036044 0.002644 -0.017703 -0.030202 0.999384
1718924472.779594898 -3.899820 5.229063 -0.036017 0.002659 -0.017696 -0.030236 0.999383
1718924472.784620762 -3.898150 5.228941 -0.035979 0.002665 -0.017698 -0.030277 0.999381
1718924472.789584398 -3.896500 5.228821 -0.035930 0.002666 -0.017704 -0.030308 0.999380
1718924472.794577599 -3.894839 5.228701 -0.035877 0.002667 -0.017705 -0.030311 0.999380
1718924472.799583435 -3.893175 5.228582 -0.035823 0.002677 -0.017699 -0.030309 0.999380
1718924472.799983978 -3.893041 5.228572 -0.035819 0.002678 -0.017699 -0.030309 0.999380
1718924472.799983978 -3.893041 5.228572 -0.035819 0.002678 -0.017699 -0.030309 0.999380
1718924472.804577589 -3.891514 5.228461 -0.035779 0.002693 -0.017680 -0.030319 0.999380
1718924472.809583187 -3.889847 5.228341 -0.035744 0.002727 -0.017656 -0.030327 0.999380
1718924472.814630508 -3.888166 5.228221 -0.035719 0.002775 -0.017630 -0.030322 0.999381
1718924472.819621563 -3.886501 5.228103 -0.035703 0.002827 -0.017611 -0.030304 0.999382
1718924472.824654341 -3.884820 5.227983 -0.035690 0.002881 -0.017593 -0.030295 0.999382
1718924472.829590559 -3.883168 5.227864 -0.035672 0.002922 -0.017567 -0.030293 0.999382
1718924472.834585190 -3.881494 5.227742 -0.035645 0.002940 -0.017543 -0.030283 0.999383
1718924472.839631796 -3.879800 5.227617 -0.035605 0.002934 -0.017522 -0.030278 0.999384
1718924472.844634533 -3.878118 5.227491 -0.035559 0.002918 -0.017503 -0.030283 0.999384
1718924472.849635124 -3.876434 5.227365 -0.035511 0.002896 -0.017482 -0.030296 0.999384
1718924472.854593515 -3.874765 5.227239 -0.035468 0.002880 -0.017454 -0.030312 0.999384
1718924472.859630108 -3.873068 5.227111 -0.035433 0.002871 -0.017419 -0.030336 0.999384
1718924472.864582777 -3.871399 5.226983 -0.035407 0.002872 -0.017392 -0.030378 0.999383
1718924472.869601250 -3.869707 5.226855 -0.035389 0.002878 -0.017362 -0.030434 0.999382
1718924472.874587059 -3.868026 5.226728 -0.035378 0.002884 -0.017325 -0.030498 0.999381
1718924472.879581690 -3.866340 5.226602 -0.035369 0.002879 -0.017293 -0.030569 0.999379
1718924472.884576082 -3.864653 5.226477 -0.035352 0.002864 -0.017265 -0.030645 0.999377
1718924472.889578819 -3.862961 5.226353 -0.035326 0.002846 -0.017245 -0.030732 0.999375
1718924472.894617558 -3.861258 5.226233 -0.035289 0.002826 -0.017220 -0.030825 0.999372
1718924472.899621248 -3.859569 5.226118 -0.035244 0.002790 -0.017189 -0.030916 0.999370
1718924472.900015831 -3.859436 5.226109 -0.035241 0.002786 -0.017186 -0.030924 0.999370
1718924472.900015831 -3.859436 5.226109 -0.035241 0.002786 -0.017186 -0.030924 0.999370
1718924472.904586315 -3.857893 5.226009 -0.035202 0.002736 -0.017151 -0.031015 0.999368
1718924472.909575939 -3.856210 5.225906 -0.035163 0.002678 -0.017104 -0.031120 0.999366
1718924472.914588213 -3.854520 5.225809 -0.035132 0.002626 -0.017065 -0.031214 0.999364
1718924472.954578638 -3.841208 5.225191 -0.034941 0.002385 -0.016648 -0.031288 0.999369
1718924472.959584713 -3.839563 5.225123 -0.034901 0.002362 -0.016641 -0.031285 0.999369
1718924472.964627743 -3.837908 5.225058 -0.034869 0.002344 -0.016625 -0.031268 0.999370
1718924472.969650984 -3.836261 5.224992 -0.034847 0.002322 -0.016607 -0.031230 0.999372
1718924472.974658728 -3.834621 5.224927 -0.034835 0.002313 -0.016598 -0.031186 0.999373
1718924472.979623318 -3.832997 5.224860 -0.034832 0.002312 -0.016596 -0.031146 0.999374
1718924472.984577179 -3.831377 5.224793 -0.034835 0.002329 -0.016587 -0.031109 0.999376
1718924472.989582539 -3.829740 5.224723 -0.034840 0.002362 -0.016569 -0.031077 0.999377
1718924472.994576454 -3.828109 5.224648 -0.034836 0.002385 -0.016543 -0.031042 0.999378
1718924472.999573231 -3.826477 5.224565 -0.034818 0.002387 -0.016516 -0.031012 0.999380
1718924473.004576445 -3.824842 5.224476 -0.034786 0.002373 -0.016496 -0.030985 0.999381
1718924473.009573936 -3.823210 5.224382 -0.034744 0.002351 -0.016477 -0.030971 0.999382
1718924473.014596224 -3.821572 5.224281 -0.034701 0.002324 -0.016448 -0.030967 0.999382
1718924473.019605637 -3.819941 5.224176 -0.034664 0.002299 -0.016419 -0.030985 0.999382
1718924473.024589300 -3.818320 5.224065 -0.034637 0.002283 -0.016393 -0.031015 0.999382
1718924473.029586792 -3.816698 5.223950 -0.034623 0.002275 -0.016366 -0.031053 0.999381
1718924473.034586668 -3.815077 5.223831 -0.034622 0.002281 -0.016342 -0.031104 0.999380
1718924473.039586306 -3.813460 5.223707 -0.034629 0.002295 -0.016320 -0.031163 0.999378
1718924473.044584513 -3.811845 5.223578 -0.034636 0.002315 -0.016300 -0.031232 0.999377
1718924473.049578667 -3.810231 5.223446 -0.034635 0.002330 -0.016281 -0.031298 0.999375
1718924473.054594278 -3.808611 5.223310 -0.034620 0.002326 -0.016266 -0.031361 0.999373
1718924473.059585571 -3.807000 5.223171 -0.034594 0.002305 -0.016253 -0.031433 0.999371
1718924473.064611673 -3.805378 5.223028 -0.034564 0.002286 -0.016242 -0.031500 0.999369
1718924473.069616318 -3.803766 5.222884 -0.034541 0.002285 -0.016228 -0.031558 0.999368
1718924473.074611902 -3.802159 5.222742 -0.034528 0.002298 -0.016201 -0.031607 0.999366
1718924473.079619646 -3.800549 5.222600 -0.034525 0.002311 -0.016164 -0.031650 0.999366
1718924473.084611416 -3.798943 5.222457 -0.034531 0.002309 -0.016134 -0.031682 0.999365
1718924473.089616776 -3.797331 5.222314 -0.034542 0.002309 -0.016109 -0.031707 0.999365
1718924473.094615459 -3.795719 5.222172 -0.034556 0.002323 -0.016081 -0.031726 0.999365
1718924473.099583864 -3.794115 5.222031 -0.034568 0.002350 -0.016049 -0.031736 0.999365
1718924473.099989891 -3.793983 5.222020 -0.034569 0.002353 -0.016046 -0.031737 0.999365
1718924473.099989891 -3.793983 5.222020 -0.034569 0.002353 -0.016046 -0.031737 0.999365
1718924473.104612589 -3.792484 5.221885 -0.034574 0.002378 -0.016021 -0.031740 0.999365
1718924473.109570026 -3.790873 5.221741 -0.034572 0.002405 -0.016000 -0.031737 0.999365
1718924473.114642859 -3.789223 5.221595 -0.034559 0.002430 -0.015976 -0.031736 0.999366
1718924473.199975014 -3.760734 5.219669 -0.032842 0.001656 -0.015448 -0.031326 0.999388
1718924473.199975014 -3.760734 5.219669 -0.032842 0.001656 -0.015448 -0.031326 0.999388
1718924473.214598179 -3.755688 5.219451 -0.032278 0.001518 -0.015327 -0.031258 0.999393
1718924473.219599485 -3.753951 5.219384 -0.032063 0.001458 -0.015313 -0.031236 0.999394
1718924473.224599123 -3.752213 5.219321 -0.031835 0.001391 -0.015295 -0.031212 0.999395
1718924473.229637623 -3.750460 5.219260 -0.031593 0.001338 -0.015273 -0.031180 0.999396
1718924473.234609127 -3.748729 5.219203 -0.031350 0.001309 -0.015247 -0.031152 0.999398
1718924473.239588261 -3.746996 5.219147 -0.031106 0.001284 -0.015218 -0.031125 0.999399
1718924473.244578362 -3.745258 5.219092 -0.030867 0.001250 -0.015181 -0.031100 0.999400
1718924473.249611378 -3.743505 5.219037 -0.030634 0.001219 -0.015144 -0.031080 0.999401
1718924473.254577875 -3.741773 5.218984 -0.030411 0.001190 -0.015126 -0.031066 0.999402
1718924473.259583473 -3.740025 5.218928 -0.030195 0.001157 -0.015112 -0.031061 0.999403
1718924473.264583349 -3.738278 5.218867 -0.029984 0.001122 -0.015105 -0.031060 0.999403
1718924473.269598961 -3.736525 5.218801 -0.029775 0.001092 -0.015100 -0.031067 0.999403
1718924473.274584293 -3.734781 5.218733 -0.029564 0.001077 -0.015095 -0.031077 0.999402
1718924473.279622316 -3.733017 5.218661 -0.029341 0.001071 -0.015086 -0.031084 0.999402
1718924473.284579277 -3.731281 5.218583 -0.029111 0.001069 -0.015064 -0.031102 0.999402
1718924473.289572954 -3.729530 5.218497 -0.028871 0.001063 -0.015035 -0.031126 0.999402
1718924473.294574499 -3.727774 5.218405 -0.028628 0.001057 -0.015003 -0.031144 0.999402
1718924473.299571276 -3.726017 5.218307 -0.028389 0.001039 -0.014977 -0.031157 0.999402
1718924473.299993038 -3.725869 5.218298 -0.028369 0.001037 -0.014975 -0.031157 0.999402
1718924473.299993038 -3.725869 5.218298 -0.028369 0.001037 -0.014975 -0.031157 0.999402
1718924473.304626942 -3.724238 5.218201 -0.028156 0.001012 -0.014958 -0.031159 0.999402
1718924473.309569836 -3.722498 5.218092 -0.027937 0.000976 -0.014932 -0.031163 0.999402
1718924473.314598560 -3.720728 5.217974 -0.027724 0.000926 -0.014892 -0.031175 0.999403
1718924473.359576941 -3.704946 5.217069 -0.026310 0.000584 -0.014186 -0.031473 0.999404
1718924473.364576817 -3.703184 5.216980 -0.026192 0.000555 -0.014137 -0.031507 0.999403
1718924473.369574785 -3.701418 5.216892 -0.026080 0.000526 -0.014096 -0.031533 0.999403
1718924473.374587059 -3.699642 5.216806 -0.025973 0.000504 -0.014069 -0.031568 0.999402
1718924473.379577875 -3.697868 5.216723 -0.025868 0.000492 -0.014057 -0.031607 0.999401
1718924473.384614468 -3.696075 5.216642 -0.025760 0.000494 -0.014051 -0.031633 0.999401
1718924473.389571667 -3.694309 5.216568 -0.025645 0.000497 -0.014037 -0.031661 0.999400
1718924473.394571781 -3.692526 5.216496 -0.025520 0.000498 -0.014018 -0.031690 0.999399
1718924473.399566412 -3.690742 5.216426 -0.025387 0.000487 -0.013983 -0.031721 0.999399
1718924473.399984837 -3.690592 5.216420 -0.025376 0.000486 -0.013980 -0.031723 0.999399
1718924473.399984837 -3.690592 5.216420 -0.025376 0.000486 -0.013980 -0.031723 0.999399
1718924473.404573202 -3.688952 5.216368 -0.025266 0.000469 -0.013935 -0.031744 0.999399
1718924473.409569263 -3.687161 5.216315 -0.025149 0.000443 -0.013891 -0.031755 0.999399
1718924473.414587021 -3.685355 5.216265 -0.025037 0.000414 -0.013851 -0.031765 0.999399
1718924473.419605494 -3.683542 5.216218 -0.024931 0.000381 -0.013817 -0.031773 0.999400
1718924473.424577951 -3.681738 5.216172 -0.024833 0.000352 -0.013787 -0.031783 0.999400
1718924473.429577351 -3.679918 5.216127 -0.024741 0.000334 -0.013756 -0.031790 0.999400
1718924473.434571743 -3.678093 5.216083 -0.024654 0.000331 -0.013716 -0.031790 0.999400
1718924473.439571381 -3.676263 5.216042 -0.024572 0.000328 -0.013662 -0.031795 0.999401
1718924473.444631338 -3.674411 5.216002 -0.024495 0.000326 -0.013588 -0.031808 0.999402
1718924473.449581623 -3.672601 5.215962 -0.024423 0.000321 -0.013492 -0.031825 0.999402
1718924473.454576969 -3.670776 5.215918 -0.024353 0.000320 -0.013389 -0.031849 0.999403
1718924473.459576845 -3.668949 5.215868 -0.024282 0.000315 -0.013291 -0.031886 0.999403
1718924473.464566231 -3.667125 5.215811 -0.024205 0.000282 -0.013213 -0.031950 0.999402
1718924473.469578028 -3.665289 5.215747 -0.024117 0.000213 -0.013169 -0.032025 0.999400
1718924473.474575281 -3.663454 5.215678 -0.024020 0.000130 -0.013158 -0.032115 0.999398
1718924473.479566097 -3.661617 5.215604 -0.023914 0.000035 -0.013158 -0.032198 0.999395
1718924473.484572887 -3.659772 5.215525 -0.023803 -0.000062 -0.013165 -0.032283 0.999392
1718924473.489573240 -3.657926 5.215446 -0.023692 -0.000135 -0.013165 -0.032374 0.999389
1718924473.494572401 -3.656078 5.215369 -0.023583 -0.000171 -0.013139 -0.032455 0.999387
1718924473.499565840 -3.654230 5.215296 -0.023476 -0.000172 -0.013101 -0.032529 0.999385
1718924473.499989033 -3.654073 5.215289 -0.023466 -0.000171 -0.013098 -0.032534 0.999385
1718924473.499989033 -3.654073 5.215289 -0.023466 -0.000171 -0.013098 -0.032534 0.999385
1718924473.504573584 -3.652369 5.215211 -0.023357 -0.000159 -0.013064 -0.032597 0.999383
1718924473.509568453 -3.650508 5.215125 -0.023237 -0.000155 -0.013037 -0.032648 0.999382
1718924473.514631033 -3.648616 5.215038 -0.023111 -0.000164 -0.013027 -0.032683 0.999381
1718924473.539574146 -3.639271 5.214650 -0.022640 -0.000231 -0.012943 -0.032615 0.999384
1718924473.544569492 -3.637386 5.214567 -0.022515 -0.000234 -0.012950 -0.032596 0.999385
1718924473.549570560 -3.635495 5.214487 -0.022384 -0.000235 -0.012968 -0.032565 0.999385
1718924473.554570198 -3.633600 5.214408 -0.022245 -0.000247 -0.012989 -0.032532 0.999386
1718924473.559577703 -3.631701 5.214331 -0.022100 -0.000268 -0.012984 -0.032496 0.999387
1718924473.564576387 -3.629809 5.214254 -0.021952 -0.000289 -0.012956 -0.032454 0.999389
1718924473.569593906 -3.627913 5.214178 -0.021805 -0.000305 -0.012909 -0.032411 0.999391
1718924473.574585438 -3.626030 5.214105 -0.021660 -0.000315 -0.012854 -0.032371 0.999393
1718924473.579574108 -3.624151 5.214034 -0.021520 -0.000324 -0.012813 -0.032335 0.999395
1718924473.584614754 -3.622254 5.213964 -0.021381 -0.000340 -0.012796 -0.032301 0.999396
1718924473.589568853 -3.620392 5.213895 -0.021244 -0.000373 -0.012810 -0.032265 0.999397
1718924473.594610929 -3.618500 5.213827 -0.021104 -0.000409 -0.012842 -0.032234 0.999398
1718924473.599569082 -3.616646 5.213763 -0.020965 -0.000424 -0.012868 -0.032214 0.999398
1718924473.599989891 -3.616489 5.213757 -0.020953 -0.000424 -0.012868 -0.032213 0.999398
1718924473.599989891 -3.616489 5.213757 -0.020953 -0.000424 -0.012868 -0.032213 0.999398
1718924473.604614973 -3.614771 5.213692 -0.020818 -0.000420 -0.012871 -0.032203 0.999398
1718924473.609609127 -3.612921 5.213622 -0.020671 -0.000411 -0.012852 -0.032189 0.999399
1718924473.614630222 -3.611066 5.213552 -0.020522 -0.000400 -0.012815 -0.032173 0.999400
1718924473.654619932 -3.596425 5.212737 -0.019374 -0.000640 -0.012814 -0.032634 0.999385
1718924473.659620047 -3.594531 5.212668 -0.019151 -0.000671 -0.012829 -0.032682 0.999383
1718924473.664623499 -3.592633 5.212601 -0.018921 -0.000697 -0.012851 -0.032733 0.999381
1718924473.669614792 -3.590740 5.212535 -0.018692 -0.000720 -0.012858 -0.032783 0.999380
1718924473.674649715 -3.588834 5.212468 -0.018463 -0.000740 -0.012837 -0.032836 0.999378
1718924473.679654121 -3.586942 5.212401 -0.018240 -0.000766 -0.012790 -0.032887 0.999377
1718924473.684572935 -3.585081 5.212336 -0.018024 -0.000794 -0.012740 -0.032943 0.999376
1718924473.689609766 -3.583172 5.212268 -0.017807 -0.000824 -0.012699 -0.033014 0.999374
1718924473.694612741 -3.581271 5.212199 -0.017590 -0.000862 -0.012678 -0.033078 0.999372
1718924473.699564457 -3.579388 5.212129 -0.017372 -0.000920 -0.012683 -0.033134 0.999370
1718924473.699909210 -3.579256 5.212124 -0.017357 -0.000925 -0.012685 -0.033138 0.999370
1718924473.699909210 -3.579256 5.212124 -0.017357 -0.000925 -0.012685 -0.033138 0.999370
1718924473.699981928 -3.600357 5.232228 -0.028580 -0.002268 -0.013916 -0.033398 0.999343
1718924473.699981928 -3.600357 5.232228 -0.028580 -0.002268 -0.013916 -0.033398 0.999343
1718924473.704610586 -3.598916 5.232027 -0.028562 -0.002328 -0.013943 -0.033450 0.999340
1718924473.709610701 -3.597362 5.231812 -0.028538 -0.002382 -0.013971 -0.033502 0.999338
1718924473.714610100 -3.595815 5.231602 -0.028510 -0.002423 -0.013983 -0.033540 0.999337
1718924473.719635248 -3.594268 5.231395 -0.028480 -0.002450 -0.013972 -0.033572 0.999336
1718924473.724613428 -3.592742 5.231192 -0.028450 -0.002472 -0.013938 -0.033609 0.999335
1718924473.729583979 -3.591223 5.230992 -0.028420 -0.002491 -0.013904 -0.033636 0.999334
1718924473.734653950 -3.589678 5.230792 -0.028391 -0.002520 -0.013878 -0.033648 0.999334
1718924473.739571333 -3.588185 5.230600 -0.028364 -0.002565 -0.013864 -0.033646 0.999334
1718924473.744617939 -3.586661 5.230407 -0.028340 -0.002624 -0.013856 -0.033637 0.999335
1718924473.749579191 -3.585171 5.230219 -0.028319 -0.002681 -0.013852 -0.033630 0.999335
1718924473.754620552 -3.583663 5.230030 -0.028300 -0.002722 -0.013852 -0.033627 0.999335
1718924473.759576797 -3.582185 5.229847 -0.028279 -0.002756 -0.013865 -0.033622 0.999335
1718924473.764579535 -3.580698 5.229666 -0.028255 -0.002784 -0.013889 -0.033608 0.999335
1718924473.769571304 -3.579217 5.229488 -0.028226 -0.002810 -0.013920 -0.033592 0.999335
1718924473.774633646 -3.577721 5.229313 -0.028194 -0.002835 -0.013939 -0.033584 0.999335
1718924473.779591799 -3.576262 5.229144 -0.028160 -0.002866 -0.013935 -0.033580 0.999335
1718924473.784624577 -3.574788 5.228975 -0.028126 -0.002916 -0.013916 -0.033567 0.999335
1718924473.789609671 -3.573331 5.228809 -0.028091 -0.002968 -0.013892 -0.033560 0.999336
1718924473.794611692 -3.571873 5.228644 -0.028057 -0.003023 -0.013872 -0.033559 0.999336
1718924473.799567938 -3.570428 5.228483 -0.028024 -0.003075 -0.013867 -0.033566 0.999336
1718924473.804602623 -3.568962 5.228321 -0.027994 -0.003121 -0.013871 -0.033582 0.999335
1718924473.809606791 -3.567506 5.228159 -0.027967 -0.003168 -0.013874 -0.033607 0.999334
1718924473.839575768 -3.558821 5.227209 -0.027846 -0.003241 -0.013957 -0.034081 0.999316
1718924473.844572306 -3.557401 5.227033 -0.027818 -0.003238 -0.013950 -0.034157 0.999314
1718924473.849564552 -3.555985 5.226856 -0.027792 -0.003231 -0.013942 -0.034224 0.999312
1718924473.854568481 -3.554569 5.226676 -0.027771 -0.003241 -0.013937 -0.034283 0.999310
1718924473.859560966 -3.553159 5.226494 -0.027754 -0.003285 -0.013928 -0.034350 0.999307
1718924473.864609241 -3.551736 5.226308 -0.027739 -0.003347 -0.013902 -0.034420 0.999305
1718924473.869563818 -3.550344 5.226122 -0.027724 -0.003400 -0.013870 -0.034490 0.999303
1718924473.874607325 -3.548930 5.225930 -0.027708 -0.003423 -0.013841 -0.034561 0.999301
1718924473.879604578 -3.547529 5.225738 -0.027691 -0.003423 -0.013825 -0.034629 0.999299
1718924473.884608030 -3.546124 5.225546 -0.027672 -0.003408 -0.013829 -0.034696 0.999296
1718924473.889564514 -3.544732 5.225356 -0.027653 -0.003382 -0.013850 -0.034760 0.999294
1718924473.894559860 -3.543329 5.225166 -0.027634 -0.003361 -0.013878 -0.034818 0.999292
1718924473.899564266 -3.541927 5.224975 -0.027617 -0.003362 -0.013892 -0.034875 0.999289
1718924473.900013208 -3.541801 5.224958 -0.027616 -0.003364 -0.013892 -0.034879 0.999289
1718924473.900013208 -3.541801 5.224958 -0.027616 -0.003364 -0.013892 -0.034879 0.999289
1718924473.904561996 -3.540536 5.224779 -0.027598 -0.003383 -0.013883 -0.034921 0.999288
1718924473.909565449 -3.539146 5.224582 -0.027582 -0.003416 -0.013856 -0.034957 0.999287
1718924473.914573669 -3.537753 5.224385 -0.027569 -0.003446 -0.013830 -0.034984 0.999286
1718924473.919595003 -3.536352 5.224187 -0.027558 -0.003473 -0.013813 -0.035018 0.999285
1718924473.924572229 -3.534960 5.223991 -0.027547 -0.003503 -0.013802 -0.035049 0.999284
1718924473.929629326 -3.533543 5.223792 -0.027537 -0.003528 -0.013794 -0.035071 0.999283
1718924473.934622288 -3.532144 5.223596 -0.027528 -0.003533 -0.013784 -0.035102 0.999282
1718924473.939576626 -3.530757 5.223402 -0.027521 -0.003526 -0.013780 -0.035133 0.999281
1718924473.944651127 -3.529336 5.223204 -0.027515 -0.003526 -0.013786 -0.035158 0.999280
1718924473.949615002 -3.527944 5.223009 -0.027509 -0.003540 -0.013790 -0.035178 0.999280
1718924473.954624414 -3.526539 5.222813 -0.027503 -0.003556 -0.013788 -0.035199 0.999279
1718924473.959563971 -3.525152 5.222623 -0.027495 -0.003564 -0.013789 -0.035213 0.999278
1718924473.964571714 -3.523746 5.222431 -0.027484 -0.003558 -0.013789 -0.035223 0.999278
1718924473.969608784 -3.522329 5.222237 -0.027471 -0.003553 -0.013772 -0.035231 0.999278
1718924473.974610329 -3.520920 5.222045 -0.027457 -0.003548 -0.013744 -0.035241 0.999278
1718924473.979561090 -3.519524 5.221854 -0.027444 -0.003555 -0.013717 -0.035244 0.999278
1718924473.984609365 -3.518098 5.221659 -0.027432 -0.003577 -0.013695 -0.035250 0.999278
1718924473.989564657 -3.516695 5.221468 -0.027423 -0.003607 -0.013683 -0.035252 0.999278
1718924473.994560719 -3.515279 5.221276 -0.027418 -0.003632 -0.013677 -0.035247 0.999278
1718924473.999564171 -3.513861 5.221083 -0.027416 -0.003643 -0.013673 -0.035258 0.999278
1718924474.004562140 -3.512444 5.220889 -0.027418 -0.003643 -0.013673 -0.035277 0.999277
1718924474.009565353 -3.511022 5.220696 -0.027417 -0.003645 -0.013677 -0.035297 0.999277
1718924474.014568090 -3.509598 5.220503 -0.027412 -0.003665 -0.013688 -0.035318 0.999276
1718924474.059574842 -3.496644 5.218782 -0.027460 -0.003937 -0.013839 -0.035467 0.999267
1718924474.064644575 -3.495164 5.218591 -0.027499 -0.003959 -0.013832 -0.035480 0.999267
1718924474.069575310 -3.493722 5.218407 -0.027540 -0.003965 -0.013830 -0.035492 0.999266
1718924474.074571609 -3.492260 5.218223 -0.027579 -0.003961 -0.013832 -0.035501 0.999266
1718924474.079569101 -3.490794 5.218039 -0.027613 -0.003962 -0.013836 -0.035510 0.999266
1718924474.084567070 -3.489325 5.217856 -0.027638 -0.003969 -0.013830 -0.035515 0.999266
1718924474.089562893 -3.487858 5.217673 -0.027654 -0.003972 -0.013818 -0.035514 0.999266
1718924474.094566584 -3.486389 5.217488 -0.027666 -0.003976 -0.013811 -0.035514 0.999266
1718924474.099563360 -3.484920 5.217302 -0.027675 -0.003975 -0.013811 -0.035519 0.999266
1718924474.099991322 -3.484794 5.217287 -0.027676 -0.003975 -0.013811 -0.035520 0.999266
1718924474.099991322 -3.484794 5.217287 -0.027676 -0.003975 -0.013811 -0.035520 0.999266
1718924474.104603529 -3.483440 5.217113 -0.027695 -0.003971 -0.013808 -0.035530 0.999265
1718924474.109603643 -3.481972 5.216923 -0.027721 -0.003982 -0.013806 -0.035541 0.999265
1718924474.114628315 -3.480498 5.216730 -0.027754 -0.004014 -0.013802 -0.035559 0.999264
1718924474.149619102 -3.470118 5.215314 -0.028042 -0.003927 -0.013873 -0.035923 0.999251
1718924474.154611111 -3.468632 5.215097 -0.028026 -0.003925 -0.013867 -0.035969 0.999249
1718924474.159616232 -3.467140 5.214878 -0.028004 -0.003929 -0.013861 -0.036022 0.999247
1718924474.164628506 -3.465646 5.214658 -0.027979 -0.003938 -0.013854 -0.036087 0.999245
1718924474.169613600 -3.464159 5.214439 -0.027953 -0.003953 -0.013848 -0.036143 0.999243
1718924474.174626112 -3.462664 5.214218 -0.027930 -0.003971 -0.013834 -0.036182 0.999242
1718924474.179563522 -3.461192 5.214000 -0.027910 -0.003980 -0.013824 -0.036216 0.999240
1718924474.184592962 -3.459692 5.213779 -0.027895 -0.003976 -0.013817 -0.036261 0.999239
1718924474.189574957 -3.458206 5.213560 -0.027884 -0.003964 -0.013814 -0.036297 0.999238
1718924474.194579124 -3.456714 5.213340 -0.027878 -0.003951 -0.013807 -0.036327 0.999237
1718924474.199608564 -3.455215 5.213121 -0.027877 -0.003933 -0.013792 -0.036357 0.999236
1718924474.199988127 -3.455102 5.213105 -0.027877 -0.003931 -0.013790 -0.036359 0.999236
1718924474.199988127 -3.455102 5.213105 -0.027877 -0.003931 -0.013790 -0.036359 0.999236
1718924474.204572439 -3.453741 5.212905 -0.027874 -0.003911 -0.013776 -0.036391 0.999235
1718924474.209566116 -3.452258 5.212687 -0.027867 -0.003890 -0.013755 -0.036426 0.999234
1718924474.214617729 -3.450757 5.212466 -0.027856 -0.003862 -0.013736 -0.036453 0.999233
1718924474.219621181 -3.449274 5.212248 -0.027846 -0.003825 -0.013705 -0.036480 0.999233
1718924474.224618673 -3.447798 5.212029 -0.027840 -0.003778 -0.013670 -0.036508 0.999233
1718924474.229610443 -3.446326 5.211809 -0.027842 -0.003718 -0.013627 -0.036545 0.999232
1718924474.234572649 -3.444866 5.211587 -0.027852 -0.003662 -0.013580 -0.036591 0.999231
1718924474.239570618 -3.443398 5.211357 -0.027865 -0.003628 -0.013537 -0.036657 0.999230
1718924474.244566202 -3.441933 5.211121 -0.027876 -0.003608 -0.013502 -0.036740 0.999227
1718924474.249568224 -3.440468 5.210878 -0.027879 -0.003601 -0.013486 -0.036843 0.999224
1718924474.254565001 -3.439004 5.210630 -0.027872 -0.003615 -0.013484 -0.036973 0.999219
1718924474.259559155 -3.437541 5.210376 -0.027858 -0.003639 -0.013484 -0.037116 0.999213
1718924474.264565229 -3.436076 5.210119 -0.027841 -0.003659 -0.013481 -0.037267 0.999208
1718924474.269560814 -3.434616 5.209860 -0.027823 -0.003653 -0.013468 -0.037418 0.999202
1718924474.274565220 -3.433152 5.209601 -0.027809 -0.003622 -0.013444 -0.037561 0.999197
1718924474.279560566 -3.431689 5.209341 -0.027798 -0.003591 -0.013414 -0.037722 0.999192
1718924474.284566879 -3.430222 5.209079 -0.027791 -0.003578 -0.013386 -0.037889 0.999186
1718924474.289563179 -3.428756 5.208817 -0.027790 -0.003570 -0.013347 -0.038049 0.999180
1718924474.294597864 -3.427277 5.208555 -0.027794 -0.003575 -0.013303 -0.038212 0.999175
1718924474.299606562 -3.425803 5.208294 -0.027802 -0.003582 -0.013261 -0.038374 0.999169
1718924474.299995184 -3.425688 5.208274 -0.027803 -0.003581 -0.013258 -0.038386 0.999169
1718924474.299995184 -3.425688 5.208274 -0.027803 -0.003581 -0.013258 -0.038386 0.999169
1718924474.304600000 -3.424333 5.208033 -0.027820 -0.003577 -0.013221 -0.038527 0.999164
1718924474.309564114 -3.422873 5.207773 -0.027841 -0.003542 -0.013191 -0.038683 0.999158
1718924474.314577341 -3.421402 5.207510 -0.027866 -0.003487 -0.013164 -0.038841 0.999153
1718924474.359562635 -3.408179 5.205425 -0.028318 -0.002893 -0.013406 -0.039549 0.999124
1718924474.364570618 -3.406699 5.205222 -0.028380 -0.002856 -0.013408 -0.039615 0.999121
1718924474.369604588 -3.405210 5.205023 -0.028445 -0.002850 -0.013398 -0.039665 0.999119
1718924474.374582767 -3.403732 5.204831 -0.028509 -0.002861 -0.013392 -0.039713 0.999117
1718924474.379618168 -3.402233 5.204645 -0.028570 -0.002875 -0.013396 -0.039764 0.999115
1718924474.384615660 -3.400740 5.204470 -0.028626 -0.002893 -0.013403 -0.039812 0.999113
1718924474.389569044 -3.399261 5.204305 -0.028674 -0.002905 -0.013408 -0.039852 0.999111
1718924474.394578218 -3.397770 5.204149 -0.028715 -0.002914 -0.013407 -0.039886 0.999110
1718924474.399572372 -3.396291 5.204002 -0.028751 -0.002923 -0.013404 -0.039911 0.999109
1718924474.399982214 -3.396170 5.203991 -0.028753 -0.002923 -0.013404 -0.039913 0.999109
1718924474.399982214 -3.396170 5.203991 -0.028753 -0.002923 -0.013404 -0.039913 0.999109
1718924474.404562235 -3.394822 5.203864 -0.028780 -0.002922 -0.013408 -0.039935 0.999108
1718924474.409602880 -3.393345 5.203732 -0.028808 -0.002929 -0.013422 -0.039956 0.999107
1718924474.414570093 -3.391894 5.203608 -0.028837 -0.002944 -0.013441 -0.039966 0.999106
1718924474.419576168 -3.390435 5.203488 -0.028869 -0.002960 -0.013463 -0.039969 0.999106
1718924474.424610853 -3.388969 5.203375 -0.028903 -0.002964 -0.013485 -0.039968 0.999106
1718924474.429598570 -3.387518 5.203267 -0.028942 -0.002954 -0.013508 -0.039964 0.999105
1718924474.434570551 -3.386073 5.203163 -0.028987 -0.002938 -0.013522 -0.039965 0.999105
1718924474.439574003 -3.384622 5.203060 -0.029037 -0.002916 -0.013521 -0.039970 0.999105
1718924474.444575071 -3.383174 5.202958 -0.029088 -0.002887 -0.013529 -0.039982 0.999105
1718924474.449601173 -3.381719 5.202856 -0.029134 -0.002847 -0.013546 -0.040007 0.999104
1718924474.454561234 -3.380284 5.202754 -0.029170 -0.002805 -0.013564 -0.040041 0.999102
1718924474.459556103 -3.378844 5.202647 -0.029196 -0.002771 -0.013580 -0.040088 0.999100
1718924474.464603662 -3.377395 5.202534 -0.029217 -0.002755 -0.013593 -0.040138 0.999098
1718924474.469597340 -3.375968 5.202418 -0.029238 -0.002750 -0.013600 -0.040184 0.999096
1718924474.474553823 -3.374556 5.202299 -0.029265 -0.002757 -0.013615 -0.040236 0.999094
1718924474.479599237 -3.373122 5.202172 -0.029301 -0.002767 -0.013632 -0.040277 0.999092
1718924474.484595299 -3.371706 5.202042 -0.029343 -0.002768 -0.013650 -0.040321 0.999090
1718924474.489557981 -3.370300 5.201907 -0.029390 -0.002753 -0.013665 -0.040362 0.999088
1718924474.494586945 -3.368876 5.201764 -0.029442 -0.002735 -0.013678 -0.040410 0.999086
1718924474.499559402 -3.367468 5.201618 -0.029496 -0.002710 -0.013689 -0.040447 0.999084
1718924474.499987125 -3.367346 5.201605 -0.029500 -0.002707 -0.013689 -0.040449 0.999084
1718924474.499987125 -3.367346 5.201605 -0.029500 -0.002707 -0.013689 -0.040449 0.999084
1718924474.504594564 -3.366043 5.201463 -0.029557 -0.002683 -0.013689 -0.040466 0.999084
1718924474.509561062 -3.364640 5.201304 -0.029615 -0.002666 -0.013682 -0.040480 0.999083
1718924474.514620304 -3.363212 5.201136 -0.029668 -0.002648 -0.013680 -0.040484 0.999083
1718924474.564615488 -3.349072 5.199505 -0.030008 -0.001904 -0.013775 -0.038864 0.999148
1718924474.569559574 -3.347674 5.199349 -0.029999 -0.001842 -0.013786 -0.038672 0.999155
1718924474.574616909 -3.346244 5.199187 -0.029977 -0.001804 -0.013806 -0.038464 0.999163
1718924474.579567194 -3.344848 5.199030 -0.029944 -0.001775 -0.013828 -0.038264 0.999170
1718924474.584567308 -3.343443 5.198875 -0.029901 -0.001744 -0.013844 -0.038054 0.999178
1718924474.589576483 -3.342040 5.198724 -0.029855 -0.001701 -0.013847 -0.037835 0.999187
1718924474.594624519 -3.340628 5.198575 -0.029809 -0.001665 -0.013840 -0.037620 0.999195
1718924474.599574566 -3.339246 5.198430 -0.029767 -0.001631 -0.013837 -0.037428 0.999202
1718924474.599984169 -3.339132 5.198418 -0.029764 -0.001628 -0.013837 -0.037412 0.999203
1718924474.599984169 -3.339132 5.198418 -0.029764 -0.001628 -0.013837 -0.037412 0.999203
1718924474.604559660 -3.337860 5.198285 -0.029726 -0.001598 -0.013851 -0.037241 0.999209
1718924474.609551907 -3.336472 5.198144 -0.029690 -0.001574 -0.013871 -0.037064 0.999215
1718924474.614624500 -3.335059 5.198005 -0.029659 -0.001548 -0.013898 -0.036881 0.999222
1718924474.619574308 -3.333678 5.197876 -0.029633 -0.001516 -0.013920 -0.036710 0.999228
1718924474.624615192 -3.332270 5.197750 -0.029605 -0.001502 -0.013947 -0.036548 0.999233
1718924474.629622698 -3.330869 5.197632 -0.029574 -0.001505 -0.013983 -0.036404 0.999238
1718924474.634568691 -3.329485 5.197521 -0.029538 -0.001520 -0.014011 -0.036272 0.999243
1718924474.639562130 -3.328086 5.197418 -0.029499 -0.001534 -0.014033 -0.036148 0.999247
1718924474.644619465 -3.326670 5.197322 -0.029459 -0.001531 -0.014050 -0.036032 0.999251
1718924474.649553299 -3.325290 5.197240 -0.029422 -0.001514 -0.014059 -0.035920 0.999255
1718924474.654592276 -3.323879 5.197165 -0.029387 -0.001480 -0.014062 -0.035798 0.999259
1718924474.659553051 -3.322490 5.197098 -0.029358 -0.001439 -0.014070 -0.035695 0.999263
1718924474.664591074 -3.321077 5.197037 -0.029335 -0.001403 -0.014087 -0.035620 0.999265
1718924474.669594765 -3.319673 5.196981 -0.029316 -0.001381 -0.014100 -0.035559 0.999267
1718924474.674591303 -3.318271 5.196932 -0.029296 -0.001367 -0.014115 -0.035504 0.999269
1718924474.679557562 -3.316879 5.196889 -0.029270 -0.001356 -0.014134 -0.035454 0.999270
1718924474.684552431 -3.315478 5.196853 -0.029238 -0.001337 -0.014150 -0.035407 0.999272
1718924474.689548731 -3.314078 5.196822 -0.029199 -0.001288 -0.014155 -0.035368 0.999273
1718924474.694593191 -3.312666 5.196795 -0.029156 -0.001216 -0.014146 -0.035322 0.999275
1718924474.699549913 -3.311284 5.196772 -0.029111 -0.001127 -0.014126 -0.035261 0.999278
1718924474.699902058 -3.311186 5.196770 -0.029107 -0.001121 -0.014124 -0.035256 0.999278
1718924474.699902058 -3.311186 5.196770 -0.029107 -0.001121 -0.014124 -0.035256 0.999278
1718924474.704556227 -3.309894 5.196754 -0.029068 -0.001034 -0.014097 -0.035180 0.999281
1718924474.709606886 -3.308497 5.196738 -0.029022 -0.000947 -0.014071 -0.035088 0.999285
1718924474.714600801 -3.307118 5.196722 -0.028974 -0.000880 -0.014060 -0.034985 0.999289
1718924474.719562531 -3.305752 5.196705 -0.028927 -0.000829 -0.014060 -0.034868 0.999293
1718924474.759558678 -3.294678 5.196477 -0.028934 -0.000482 -0.014056 -0.033108 0.999353
1718924474.764552355 -3.293285 5.196435 -0.028978 -0.000443 -0.014038 -0.032882 0.999361
1718924474.769559383 -3.291888 5.196388 -0.029026 -0.000409 -0.014021 -0.032667 0.999368
1718924474.774556637 -3.290495 5.196336 -0.029072 -0.000379 -0.014017 -0.032471 0.999374
1718924474.779564381 -3.289098 5.196278 -0.029113 -0.000351 -0.014033 -0.032295 0.999380
1718924474.784553289 -3.287707 5.196214 -0.029147 -0.000312 -0.014060 -0.032132 0.999385
1718924474.789555788 -3.286317 5.196145 -0.029174 -0.000266 -0.014099 -0.031995 0.999389
1718924474.794586182 -3.284924 5.196071 -0.029197 -0.000217 -0.014132 -0.031873 0.999392
1718924474.799606085 -3.283541 5.195994 -0.029219 -0.000180 -0.014153 -0.031766 0.999395
1718924474.799986124 -3.283437 5.195988 -0.029221 -0.000179 -0.014153 -0.031760 0.999395
1718924474.799986124 -3.283437 5.195988 -0.029221 -0.000179 -0.014153 -0.031760 0.999395
1718924474.804582596 -3.282172 5.195913 -0.029236 -0.000161 -0.014164 -0.031692 0.999397
1718924474.809591532 -3.280795 5.195827 -0.029255 -0.000144 -0.014163 -0.031643 0.999399
1718924474.814558029 -3.279430 5.195739 -0.029278 -0.000141 -0.014163 -0.031611 0.999400
1718924474.819563150 -3.278055 5.195648 -0.029303 -0.000148 -0.014165 -0.031584 0.999401
1718924474.824577332 -3.276677 5.195555 -0.029329 -0.000148 -0.014176 -0.031573 0.999401
1718924474.829590559 -3.275299 5.195460 -0.029357 -0.000133 -0.014190 -0.031566 0.999401
1718924474.834619761 -3.273916 5.195364 -0.029389 -0.000108 -0.014201 -0.031569 0.999401
1718924474.839554310 -3.272562 5.195267 -0.029426 -0.000072 -0.014206 -0.031585 0.999400
1718924474.844555616 -3.271192 5.195168 -0.029468 -0.000027 -0.014207 -0.031608 0.999399
1718924474.849555492 -3.269825 5.195066 -0.029509 0.000010 -0.014206 -0.031638 0.999398
1718924474.854558706 -3.268458 5.194962 -0.029543 0.000029 -0.014217 -0.031658 0.999398
1718924474.859555960 -3.267093 5.194856 -0.029565 0.000027 -0.014237 -0.031681 0.999397
1718924474.864563942 -3.265725 5.194749 -0.029575 0.000006 -0.014271 -0.031700 0.999396
1718924474.869552135 -3.264366 5.194643 -0.029578 -0.000011 -0.014312 -0.031708 0.999395
1718924474.874634743 -3.262983 5.194537 -0.029579 -0.000034 -0.014354 -0.031700 0.999394
1718924474.879564047 -3.261643 5.194434 -0.029579 -0.000076 -0.014398 -0.031691 0.999394
1718924474.884553194 -3.260288 5.194331 -0.029578 -0.000136 -0.014448 -0.031666 0.999394
1718924474.889548302 -3.258931 5.194232 -0.029575 -0.000200 -0.014499 -0.031604 0.999395
1718924474.894584179 -3.257562 5.194137 -0.029570 -0.000274 -0.014552 -0.031517 0.999397
1718924474.899549961 -3.256211 5.194050 -0.029563 -0.000333 -0.014595 -0.031400 0.999400
1718924474.900022268 -3.256083 5.194043 -0.029562 -0.000338 -0.014597 -0.031386 0.999401
1718924474.900022268 -3.256083 5.194043 -0.029562 -0.000338 -0.014597 -0.031386 0.999401
1718924474.904552698 -3.254860 5.193971 -0.029575 -0.000378 -0.014615 -0.031254 0.999405
1718924474.909588575 -3.253500 5.193899 -0.029595 -0.000409 -0.014626 -0.031100 0.999409
1718924474.914627314 -3.252141 5.193833 -0.029624 -0.000407 -0.014626 -0.030941 0.999414
1718924474.959542036 -3.240519 5.193391 -0.030398 -0.000139 -0.014381 -0.030053 0.999445
1718924474.964547396 -3.239220 5.193355 -0.030455 -0.000108 -0.014365 -0.029952 0.999448
1718924474.969543219 -3.237931 5.193319 -0.030513 -0.000084 -0.014357 -0.029875 0.999451
1718924474.974590778 -3.236635 5.193283 -0.030571 -0.000075 -0.014358 -0.029822 0.999452
1718924474.979547501 -3.235368 5.193249 -0.030625 -0.000087 -0.014364 -0.029786 0.999453
1718924474.984542847 -3.234097 5.193215 -0.030675 -0.000109 -0.014369 -0.029780 0.999453
1718924474.989548445 -3.232830 5.193182 -0.030721 -0.000129 -0.014369 -0.029800 0.999453
1718924474.994541407 -3.231574 5.193150 -0.030765 -0.000142 -0.014369 -0.029828 0.999452
1718924474.999545574 -3.230320 5.193118 -0.030809 -0.000137 -0.014368 -0.029864 0.999451
1718924475.004541874 -3.229071 5.193087 -0.030856 -0.000122 -0.014364 -0.029910 0.999449
1718924475.009546518 -3.227822 5.193055 -0.030907 -0.000119 -0.014370 -0.029955 0.999448
1718924475.014545918 -3.226578 5.193024 -0.030965 -0.000126 -0.014374 -0.029999 0.999447
1718924475.019568920 -3.225331 5.192992 -0.031028 -0.000140 -0.014379 -0.030042 0.999445
1718924475.024552345 -3.224096 5.192960 -0.031095 -0.000161 -0.014384 -0.030077 0.999444
1718924475.029555321 -3.222859 5.192926 -0.031164 -0.000180 -0.014380 -0.030103 0.999443
1718924475.034557819 -3.221624 5.192891 -0.031232 -0.000195 -0.014376 -0.030126 0.999443
1718924475.039609909 -3.220380 5.192852 -0.031298 -0.000199 -0.014383 -0.030159 0.999442
1718924475.044595718 -3.219154 5.192809 -0.031358 -0.000194 -0.014395 -0.030186 0.999441
1718924475.049558401 -3.217933 5.192763 -0.031414 -0.000182 -0.014408 -0.030186 0.999440
1718924475.054560661 -3.216702 5.192712 -0.031465 -0.000178 -0.014430 -0.030173 0.999441
1718924475.059556723 -3.215470 5.192656 -0.031511 -0.000190 -0.014458 -0.030151 0.999441
1718924475.064566612 -3.214234 5.192596 -0.031557 -0.000200 -0.014482 -0.030123 0.999441
1718924475.069581032 -3.212999 5.192533 -0.031605 -0.000206 -0.014496 -0.030094 0.999442
1718924475.074550629 -3.211774 5.192466 -0.031657 -0.000205 -0.014501 -0.030065 0.999443
1718924475.079552174 -3.210539 5.192395 -0.031712 -0.000199 -0.014501 -0.030027 0.999444
1718924475.084544897 -3.209301 5.192319 -0.031770 -0.000191 -0.014509 -0.029988 0.999445
1718924475.089547157 -3.208057 5.192240 -0.031827 -0.000184 -0.014520 -0.029939 0.999446
1718924475.094581842 -3.206801 5.192156 -0.031883 -0.000177 -0.014533 -0.029886 0.999448
1718924475.099549294 -3.205559 5.192071 -0.031936 -0.000176 -0.014535 -0.029843 0.999449
1718924475.099987030 -3.205450 5.192064 -0.031941 -0.000176 -0.014535 -0.029839 0.999449
1718924475.099987030 -3.205450 5.192064 -0.031941 -0.000176 -0.014535 -0.029839 0.999449
1718924475.104546309 -3.204303 5.191982 -0.031976 -0.000174 -0.014532 -0.029797 0.999450
1718924475.109549761 -3.203041 5.191890 -0.032015 -0.000162 -0.014537 -0.029758 0.999451
1718924475.114598989 -3.201766 5.191793 -0.032056 -0.000143 -0.014547 -0.029724 0.999452
1718924475.199556828 -3.180136 5.189885 -0.031584 0.000591 -0.014349 -0.029970 0.999448
1718924475.199988127 -3.180024 5.189874 -0.031577 0.000593 -0.014350 -0.029971 0.999448
1718924475.199988127 -3.180024 5.189874 -0.031577 0.000593 -0.014350 -0.029971 0.999448
1718924475.204542160 -3.178851 5.189758 -0.031500 0.000612 -0.014348 -0.029982 0.999447
1718924475.209548712 -3.177561 5.189631 -0.031415 0.000624 -0.014345 -0.029994 0.999447
1718924475.214605570 -3.176258 5.189502 -0.031330 0.000648 -0.014338 -0.029995 0.999447
1718924475.219600916 -3.174967 5.189372 -0.031250 0.000660 -0.014330 -0.029997 0.999447
1718924475.224578142 -3.173678 5.189237 -0.031175 0.000636 -0.014320 -0.030008 0.999447
1718924475.229564190 -3.172383 5.189099 -0.031106 0.000605 -0.014318 -0.030024 0.999446
1718924475.234635353 -3.171061 5.188959 -0.031043 0.000609 -0.014319 -0.030038 0.999446
1718924475.239550352 -3.169778 5.188825 -0.030987 0.000630 -0.014323 -0.030056 0.999445
1718924475.244609594 -3.168455 5.188687 -0.030932 0.000639 -0.014320 -0.030083 0.999445
1718924475.249552727 -3.167160 5.188551 -0.030878 0.000619 -0.014308 -0.030111 0.999444
1718924475.254624605 -3.165829 5.188410 -0.030817 0.000589 -0.014300 -0.030140 0.999443
1718924475.259550571 -3.164535 5.188275 -0.030752 0.000558 -0.014300 -0.030172 0.999442
1718924475.264608145 -3.163208 5.188138 -0.030678 0.000535 -0.014312 -0.030214 0.999441
1718924475.269556999 -3.161911 5.188005 -0.030595 0.000505 -0.014333 -0.030264 0.999439
1718924475.274587631 -3.160595 5.187871 -0.030503 0.000466 -0.014353 -0.030324 0.999437
1718924475.279602051 -3.159287 5.187739 -0.030406 0.000420 -0.014369 -0.030392 0.999435
1718924475.284589052 -3.157989 5.187611 -0.030306 0.000385 -0.014380 -0.030463 0.999432
1718924475.289588213 -3.156692 5.187486 -0.030206 0.000351 -0.014384 -0.030544 0.999430
1718924475.294584274 -3.155398 5.187362 -0.030109 0.000313 -0.014385 -0.030640 0.999427
1718924475.299586773 -3.154104 5.187239 -0.030018 0.000274 -0.014388 -0.030756 0.999423
1718924475.299985170 -3.154001 5.187229 -0.030011 0.000272 -0.014389 -0.030767 0.999423
1718924475.299985170 -3.154001 5.187229 -0.030011 0.000272 -0.014389 -0.030767 0.999423
1718924475.304585457 -3.152809 5.187116 -0.029927 0.000247 -0.014417 -0.030895 0.999419
1718924475.309577942 -3.151512 5.186996 -0.029840 0.000223 -0.014458 -0.031043 0.999413
1718924475.314574242 -3.150213 5.186875 -0.029759 0.000200 -0.014493 -0.031196 0.999408
1718924475.369553804 -3.135543 5.185407 -0.029037 -0.000999 -0.014483 -0.033848 0.999322
1718924475.399977207 -3.127117 5.184518 -0.028774 -0.002161 -0.014685 -0.035164 0.999271
1718924475.399977207 -3.127117 5.184518 -0.028774 -0.002161 -0.014685 -0.035164 0.999271
1718924475.404550076 -3.125842 5.184401 -0.028765 -0.002337 -0.014714 -0.035361 0.999264
1718924475.419566870 -3.121682 5.184112 -0.028886 -0.002981 -0.014871 -0.036049 0.999235
1718924475.424540758 -3.120280 5.183989 -0.028885 -0.003168 -0.014936 -0.036289 0.999225
1718924475.429644585 -3.118838 5.183867 -0.028886 -0.003318 -0.014989 -0.036546 0.999214
1718924475.434632301 -3.117424 5.183755 -0.028884 -0.003426 -0.015015 -0.036803 0.999204
1718924475.439596891 -3.116015 5.183649 -0.028874 -0.003507 -0.015025 -0.037063 0.999194
1718924475.444591999 -3.114594 5.183547 -0.028855 -0.003569 -0.015016 -0.037334 0.999184
1718924475.449609995 -3.113165 5.183449 -0.028825 -0.003610 -0.014995 -0.037609 0.999173
1718924475.454550982 -3.111757 5.183357 -0.028789 -0.003644 -0.014975 -0.037870 0.999164
1718924475.459547043 -3.110335 5.183269 -0.028749 -0.003675 -0.014968 -0.038104 0.999155
1718924475.464546680 -3.108912 5.183184 -0.028711 -0.003707 -0.014972 -0.038319 0.999147
1718924475.469605446 -3.107473 5.183101 -0.028679 -0.003744 -0.014982 -0.038525 0.999138
1718924475.474534750 -3.106070 5.183022 -0.028652 -0.003780 -0.015001 -0.038698 0.999131
1718924475.479543447 -3.104642 5.182947 -0.028632 -0.003809 -0.015031 -0.038849 0.999125
1718924475.484555244 -3.103211 5.182874 -0.028613 -0.003839 -0.015061 -0.038976 0.999119
1718924475.489548445 -3.101782 5.182804 -0.028592 -0.003867 -0.015078 -0.039078 0.999115
1718924475.494530916 -3.100353 5.182736 -0.028565 -0.003883 -0.015079 -0.039154 0.999112
1718924475.499526978 -3.098917 5.182669 -0.028532 -0.003873 -0.015069 -0.039220 0.999109
1718924475.499996185 -3.098782 5.182663 -0.028527 -0.003870 -0.015069 -0.039225 0.999109
1718924475.499996185 -3.098782 5.182663 -0.028527 -0.003870 -0.015069 -0.039225 0.999109
1718924475.504524469 -3.097465 5.182589 -0.028462 -0.003838 -0.015069 -0.039284 0.999107
1718924475.509525537 -3.096010 5.182513 -0.028389 -0.003769 -0.015069 -0.039341 0.999105
1718924475.534543276 -3.088767 5.182270 -0.028118 -0.003585 -0.015044 -0.039705 0.999092
1718924475.539539337 -3.087326 5.182224 -0.028066 -0.003543 -0.015055 -0.039787 0.999088
1718924475.544600487 -3.085866 5.182179 -0.028007 -0.003525 -0.015059 -0.039896 0.999084
1718924475.549591303 -3.084422 5.182136 -0.027939 -0.003522 -0.015065 -0.040028 0.999079
1718924475.554580927 -3.082976 5.182096 -0.027861 -0.003518 -0.015079 -0.040176 0.999073
1718924475.559572697 -3.081527 5.182059 -0.027776 -0.003515 -0.015105 -0.040340 0.999066
1718924475.564577579 -3.080074 5.182024 -0.027689 -0.003518 -0.015150 -0.040515 0.999058
1718924475.569533587 -3.078634 5.181989 -0.027607 -0.003542 -0.015212 -0.040694 0.999050
1718924475.574537039 -3.077180 5.181955 -0.027535 -0.003594 -0.015278 -0.040889 0.999040
1718924475.579574823 -3.075717 5.181922 -0.027477 -0.003660 -0.015342 -0.041093 0.999031
1718924475.584559202 -3.074268 5.181894 -0.027433 -0.003731 -0.015410 -0.041300 0.999021
1718924475.589534044 -3.072819 5.181870 -0.027399 -0.003802 -0.015481 -0.041513 0.999011
1718924475.594580889 -3.071346 5.181848 -0.027367 -0.003879 -0.015557 -0.041731 0.999000
1718924475.599575520 -3.069883 5.181828 -0.027331 -0.003943 -0.015638 -0.041948 0.998990
1718924475.599993229 -3.069760 5.181826 -0.027327 -0.003947 -0.015646 -0.041967 0.998989
1718924475.599993229 -3.069760 5.181826 -0.027327 -0.003947 -0.015646 -0.041967 0.998989
1718924475.604573250 -3.068412 5.181807 -0.027282 -0.004001 -0.015723 -0.042176 0.998978
1718924475.609578609 -3.066934 5.181791 -0.027226 -0.004036 -0.015803 -0.042413 0.998967
1718924475.614633799 -3.065437 5.181778 -0.027164 -0.004042 -0.015858 -0.042649 0.998956
1718924475.619539738 -3.063979 5.181768 -0.027100 -0.004028 -0.015876 -0.042881 0.998946
1718924475.624611378 -3.062466 5.181758 -0.027030 -0.004009 -0.015856 -0.043117 0.998936
1718924475.629547596 -3.060986 5.181748 -0.026958 -0.004000 -0.015823 -0.043341 0.998927
1718924475.634550333 -3.059476 5.181734 -0.026880 -0.004029 -0.015808 -0.043543 0.998918
1718924475.639550209 -3.057957 5.181719 -0.026799 -0.004093 -0.015816 -0.043719 0.998910
1718924475.644547462 -3.056431 5.181703 -0.026720 -0.004160 -0.015836 -0.043873 0.998903
1718924475.649581671 -3.054889 5.181685 -0.026647 -0.004217 -0.015858 -0.044011 0.998896
1718924475.654580593 -3.053354 5.181663 -0.026583 -0.004245 -0.015889 -0.044135 0.998890
1718924475.659576893 -3.051816 5.181638 -0.026526 -0.004241 -0.015916 -0.044249 0.998885
1718924475.664626598 -3.050257 5.181612 -0.026473 -0.004218 -0.015940 -0.044347 0.998880
1718924475.669594288 -3.048721 5.181583 -0.026422 -0.004205 -0.015966 -0.044430 0.998876
1718924475.674591541 -3.047174 5.181550 -0.026368 -0.004243 -0.015991 -0.044502 0.998872
1718924475.679589033 -3.045623 5.181511 -0.026311 -0.004336 -0.016021 -0.044567 0.998868
1718924475.684571028 -3.044072 5.181468 -0.026250 -0.004468 -0.016063 -0.044644 0.998864
1718924475.689551115 -3.042516 5.181422 -0.026183 -0.004616 -0.016124 -0.044721 0.998859
1718924475.694584846 -3.040940 5.181377 -0.026115 -0.004746 -0.016200 -0.044815 0.998853
1718924475.699540138 -3.039387 5.181334 -0.026048 -0.004845 -0.016280 -0.044939 0.998845
1718924475.699901104 -3.039274 5.181330 -0.026043 -0.004851 -0.016285 -0.044949 0.998845
1718924475.699901104 -3.039274 5.181330 -0.026043 -0.004851 -0.016285 -0.044949 0.998845
1718924475.704529524 -3.037823 5.181293 -0.025981 -0.004916 -0.016356 -0.045074 0.998838
1718924475.709517241 -3.036260 5.181254 -0.025915 -0.004953 -0.016403 -0.045209 0.998831
1718924475.714579344 -3.034671 5.181218 -0.025844 -0.004965 -0.016423 -0.045356 0.998824
1718924475.719550610 -3.033110 5.181183 -0.025769 -0.004987 -0.016424 -0.045514 0.998816
1718924475.799994230 -3.008201 5.180049 -0.025023 -0.005200 -0.016701 -0.046202 0.998779
1718924475.799994230 -3.008201 5.180049 -0.025023 -0.005200 -0.016701 -0.046202 0.998779
1718924475.829610109 -2.999216 5.179297 -0.024950 -0.005333 -0.016731 -0.046482 0.998765
1718924475.834567070 -2.997723 5.179155 -0.024956 -0.005308 -0.016754 -0.046523 0.998763
1718924475.839577913 -2.996215 5.179007 -0.024970 -0.005275 -0.016766 -0.046570 0.998760
1718924475.844580173 -2.994710 5.178855 -0.024990 -0.005263 -0.016774 -0.046623 0.998758
1718924475.849584579 -2.993204 5.178700 -0.025015 -0.005268 -0.016776 -0.046673 0.998755
1718924475.854530573 -2.991716 5.178544 -0.025044 -0.005296 -0.016776 -0.046723 0.998753
1718924475.859528780 -2.990211 5.178384 -0.025073 -0.005332 -0.016770 -0.046770 0.998751
1718924475.864579678 -2.988685 5.178220 -0.025101 -0.005357 -0.016760 -0.046831 0.998748
1718924475.869532108 -2.987184 5.178058 -0.025123 -0.005351 -0.016752 -0.046897 0.998745
1718924475.874522686 -2.985667 5.177894 -0.025139 -0.005327 -0.016752 -0.046955 0.998742
1718924475.879536390 -2.984142 5.177730 -0.025148 -0.005308 -0.016758 -0.047012 0.998740
1718924475.884570599 -2.982608 5.177566 -0.025152 -0.005308 -0.016771 -0.047072 0.998737
1718924475.889533043 -2.981096 5.177406 -0.025155 -0.005326 -0.016789 -0.047134 0.998733
1718924475.894585609 -2.979559 5.177243 -0.025160 -0.005354 -0.016800 -0.047203 0.998730
1718924475.899526358 -2.978061 5.177085 -0.025172 -0.005373 -0.016807 -0.047255 0.998727
1718924475.900008202 -2.977914 5.177070 -0.025174 -0.005374 -0.016808 -0.047259 0.998727
1718924475.900008202 -2.977914 5.177070 -0.025174 -0.005374 -0.016808 -0.047259 0.998727
1718924475.904576063 -2.976532 5.176926 -0.025191 -0.005391 -0.016815 -0.047300 0.998725
1718924475.909522533 -2.975033 5.176775 -0.025216 -0.005388 -0.016821 -0.047347 0.998722
1718924475.914550781 -2.973508 5.176626 -0.025244 -0.005368 -0.016826 -0.047391 0.998720
1718924475.964568853 -2.958438 5.175298 -0.025841 -0.005547 -0.016420 -0.047800 0.998707
1718924475.969590664 -2.956918 5.175171 -0.025917 -0.005548 -0.016418 -0.047840 0.998705
1718924475.974575043 -2.955407 5.175048 -0.025994 -0.005558 -0.016402 -0.047891 0.998702
1718924475.979565144 -2.953891 5.174928 -0.026069 -0.005571 -0.016370 -0.047950 0.998700
1718924475.984529734 -2.952382 5.174808 -0.026141 -0.005588 -0.016339 -0.048017 0.998697
1718924475.989525318 -2.950859 5.174688 -0.026209 -0.005602 -0.016308 -0.048092 0.998694
1718924475.994570255 -2.949317 5.174567 -0.026273 -0.005607 -0.016285 -0.048180 0.998690
1718924475.999553680 -2.947790 5.174451 -0.026331 -0.005612 -0.016274 -0.048263 0.998686
1718924476.004520416 -2.946268 5.174337 -0.026385 -0.005641 -0.016275 -0.048349 0.998682
1718924476.009565353 -2.944723 5.174224 -0.026440 -0.005697 -0.016281 -0.048439 0.998677
1718924476.014590263 -2.943186 5.174116 -0.026496 -0.005758 -0.016286 -0.048529 0.998672
1718924476.019518614 -2.941680 5.174013 -0.026557 -0.005807 -0.016284 -0.048628 0.998667
1718924476.024567366 -2.940139 5.173910 -0.026623 -0.005841 -0.016285 -0.048722 0.998663
1718924476.029538393 -2.938623 5.173812 -0.026693 -0.005856 -0.016288 -0.048820 0.998658
1718924476.034532785 -2.937100 5.173719 -0.026764 -0.005850 -0.016283 -0.048931 0.998652
1718924476.039530754 -2.935574 5.173630 -0.026834 -0.005830 -0.016276 -0.049039 0.998647
1718924476.044563055 -2.934036 5.173543 -0.026900 -0.005818 -0.016258 -0.049128 0.998643
1718924476.049529314 -2.932519 5.173458 -0.026961 -0.005816 -0.016233 -0.049217 0.998639
1718924476.054534435 -2.930988 5.173374 -0.027019 -0.005814 -0.016214 -0.049314 0.998635
1718924476.059532642 -2.929456 5.173293 -0.027073 -0.005800 -0.016216 -0.049423 0.998629
1718924476.064557076 -2.927917 5.173212 -0.027130 -0.005771 -0.016237 -0.049540 0.998623
1718924476.069521189 -2.926398 5.173133 -0.027190 -0.005723 -0.016261 -0.049656 0.998618
1718924476.074557304 -2.924859 5.173053 -0.027259 -0.005660 -0.016292 -0.049777 0.998611
1718924476.079514265 -2.923346 5.172974 -0.027335 -0.005594 -0.016314 -0.049902 0.998605
1718924476.084570408 -2.921804 5.172892 -0.027419 -0.005530 -0.016329 -0.050034 0.998599
1718924476.089563370 -2.920282 5.172811 -0.027504 -0.005488 -0.016344 -0.050172 0.998592
1718924476.094565630 -2.918756 5.172730 -0.027589 -0.005450 -0.016344 -0.050326 0.998584
1718924476.099562168 -2.917230 5.172648 -0.027669 -0.005405 -0.016340 -0.050486 0.998576
1718924476.099996090 -2.917097 5.172641 -0.027676 -0.005401 -0.016339 -0.050501 0.998576
1718924476.099996090 -2.917097 5.172641 -0.027676 -0.005401 -0.016339 -0.050501 0.998576
1718924476.104581594 -2.915689 5.172566 -0.027737 -0.005352 -0.016332 -0.050655 0.998568
1718924476.109524250 -2.914168 5.172482 -0.027797 -0.005290 -0.016309 -0.050833 0.998560
1718924476.114582777 -2.912610 5.172395 -0.027857 -0.005215 -0.016281 -0.051023 0.998551
1718924476.199990034 -2.886305 5.170951 -0.029381 -0.004147 -0.016038 -0.050861 0.998568
1718924476.199990034 -2.886305 5.170951 -0.029381 -0.004147 -0.016038 -0.050861 0.998568
1718924476.204518795 -2.884914 5.170890 -0.029498 -0.004086 -0.016029 -0.050848 0.998569
1718924476.209553719 -2.883368 5.170823 -0.029630 -0.004034 -0.016013 -0.050821 0.998571
1718924476.214565039 -2.881826 5.170753 -0.029762 -0.004016 -0.015998 -0.050783 0.998573
1718924476.219542027 -2.880293 5.170681 -0.029892 -0.004022 -0.015985 -0.050744 0.998576
1718924476.224549055 -2.878746 5.170606 -0.030021 -0.004021 -0.015971 -0.050709 0.998578
1718924476.229520321 -2.877205 5.170530 -0.030151 -0.003991 -0.015942 -0.050683 0.998580
1718924476.234589338 -2.875630 5.170450 -0.030288 -0.003940 -0.015891 -0.050662 0.998582
1718924476.239610434 -2.874066 5.170369 -0.030429 -0.003898 -0.015834 -0.050657 0.998583
1718924476.244613647 -2.872504 5.170284 -0.030573 -0.003877 -0.015791 -0.050668 0.998583
1718924476.249570370 -2.870952 5.170198 -0.030713 -0.003870 -0.015761 -0.050692 0.998582
1718924476.254575491 -2.869383 5.170110 -0.030851 -0.003879 -0.015756 -0.050733 0.998580
1718924476.259565115 -2.867817 5.170019 -0.030984 -0.003899 -0.015756 -0.050785 0.998578
1718924476.264572620 -2.866245 5.169927 -0.031117 -0.003913 -0.015750 -0.050849 0.998574
1718924476.269591570 -2.864670 5.169833 -0.031250 -0.003921 -0.015728 -0.050935 0.998570
1718924476.274540663 -2.863117 5.169739 -0.031380 -0.003918 -0.015685 -0.051039 0.998566
1718924476.279535532 -2.861550 5.169644 -0.031509 -0.003918 -0.015626 -0.051160 0.998561
1718924476.284583807 -2.859965 5.169546 -0.031636 -0.003936 -0.015568 -0.051290 0.998555
1718924476.289594173 -2.858387 5.169449 -0.031760 -0.003973 -0.015516 -0.051432 0.998548
1718924476.294577837 -2.856813 5.169355 -0.031885 -0.004034 -0.015469 -0.051571 0.998541
1718924476.299557924 -2.855237 5.169263 -0.032011 -0.004118 -0.015442 -0.051701 0.998535
1718924476.299981117 -2.855102 5.169255 -0.032021 -0.004124 -0.015442 -0.051712 0.998534
1718924476.299981117 -2.855102 5.169255 -0.032021 -0.004124 -0.015442 -0.051712 0.998534
1718924476.304558277 -2.853636 5.169153 -0.032141 -0.004196 -0.015448 -0.051835 0.998527
1718924476.309536934 -2.852041 5.169047 -0.032277 -0.004258 -0.015459 -0.051980 0.998519
1718924476.329638243 -2.845589 5.168652 -0.032914 -0.004602 -0.015316 -0.052468 0.998495
1718924476.334549189 -2.844016 5.168583 -0.033042 -0.004676 -0.015306 -0.052575 0.998489
1718924476.339523792 -2.842421 5.168521 -0.033172 -0.004752 -0.015291 -0.052670 0.998484
1718924476.344532967 -2.840813 5.168461 -0.033303 -0.004830 -0.015272 -0.052762 0.998479
1718924476.349531174 -2.839206 5.168405 -0.033436 -0.004904 -0.015254 -0.052853 0.998474
1718924476.354523659 -2.837597 5.168351 -0.033570 -0.004978 -0.015243 -0.052941 0.998469
1718924476.359524488 -2.835981 5.168296 -0.033703 -0.005067 -0.015247 -0.053024 0.998464
1718924476.364525318 -2.834362 5.168240 -0.033831 -0.005196 -0.015266 -0.053099 0.998459
1718924476.369526625 -2.832740 5.168182 -0.033952 -0.005336 -0.015289 -0.053167 0.998454
1718924476.374510288 -2.831123 5.168127 -0.034070 -0.005441 -0.015307 -0.053234 0.998450
1718924476.379527092 -2.829495 5.168072 -0.034190 -0.005513 -0.015321 -0.053310 0.998445
1718924476.384528875 -2.827873 5.168017 -0.034317 -0.005564 -0.015322 -0.053397 0.998440
1718924476.389538050 -2.826248 5.167960 -0.034450 -0.005580 -0.015315 -0.053494 0.998435
1718924476.394520283 -2.824632 5.167901 -0.034587 -0.005561 -0.015299 -0.053586 0.998431
1718924476.399515152 -2.823008 5.167838 -0.034725 -0.005526 -0.015265 -0.053674 0.998427
1718924476.399992943 -2.822853 5.167832 -0.034738 -0.005524 -0.015262 -0.053683 0.998426
1718924476.399992943 -2.822853 5.167832 -0.034738 -0.005524 -0.015262 -0.053683 0.998426
1718924476.404517889 -2.821373 5.167762 -0.034859 -0.005503 -0.015223 -0.053769 0.998422
1718924476.409555197 -2.819723 5.167679 -0.034995 -0.005507 -0.015178 -0.053863 0.998418
1718924476.414586067 -2.818072 5.167592 -0.035130 -0.005542 -0.015139 -0.053951 0.998413
1718924476.419623613 -2.816416 5.167499 -0.035264 -0.005603 -0.015104 -0.054040 0.998409
1718924476.424574614 -2.814789 5.167405 -0.035395 -0.005672 -0.015076 -0.054127 0.998404
1718924476.429538727 -2.813158 5.167306 -0.035523 -0.005726 -0.015053 -0.054204 0.998400
1718924476.434538841 -2.811517 5.167203 -0.035652 -0.005758 -0.015035 -0.054289 0.998395
1718924476.439517736 -2.809885 5.167097 -0.035778 -0.005790 -0.015022 -0.054383 0.998390
1718924476.444558144 -2.808235 5.166986 -0.035905 -0.005841 -0.015005 -0.054476 0.998385
1718924476.449539661 -2.806603 5.166872 -0.036030 -0.005911 -0.014966 -0.054572 0.998380
1718924476.454523563 -2.804970 5.166756 -0.036156 -0.005985 -0.014916 -0.054673 0.998375
1718924476.459515095 -2.803333 5.166637 -0.036285 -0.006049 -0.014862 -0.054776 0.998370
1718924476.464527845 -2.801684 5.166517 -0.036421 -0.006103 -0.014808 -0.054880 0.998364
1718924476.469522715 -2.800037 5.166395 -0.036562 -0.006147 -0.014761 -0.054988 0.998359
1718924476.474522591 -2.798381 5.166271 -0.036709 -0.006176 -0.014716 -0.055093 0.998354
1718924476.479538202 -2.796715 5.166148 -0.036859 -0.006190 -0.014687 -0.055196 0.998348
1718924476.484513521 -2.795059 5.166024 -0.037006 -0.006208 -0.014668 -0.055296 0.998343
1718924476.489534855 -2.793385 5.165900 -0.037149 -0.006239 -0.014656 -0.055402 0.998337
1718924476.494556189 -2.791711 5.165776 -0.037286 -0.006268 -0.014646 -0.055512 0.998331
1718924476.499505997 -2.790063 5.165657 -0.037419 -0.006287 -0.014634 -0.055625 0.998325
1718924476.499995232 -2.789901 5.165646 -0.037431 -0.006287 -0.014632 -0.055635 0.998324
1718924476.499995232 -2.789901 5.165646 -0.037431 -0.006287 -0.014632 -0.055635 0.998324
1718924476.504508972 -2.788404 5.165559 -0.037539 -0.006280 -0.014624 -0.055730 0.998319
1718924476.509516001 -2.786744 5.165466 -0.037661 -0.006254 -0.014594 -0.055824 0.998314
1718924476.514598370 -2.785058 5.165374 -0.037793 -0.006204 -0.014538 -0.055915 0.998310
1718924476.600000143 -2.756461 5.164236 -0.038799 -0.002576 -0.013298 -0.061643 0.998006
1718924476.600000143 -2.756461 5.164236 -0.038799 -0.002576 -0.013298 -0.061643 0.998006
1718924476.629518747 -2.746442 5.163963 -0.038551 -0.001331 -0.012826 -0.063619 0.997891
1718924476.634517431 -2.744737 5.163913 -0.038477 -0.001159 -0.012779 -0.063947 0.997871
1718924476.639519453 -2.743028 5.163861 -0.038397 -0.001032 -0.012719 -0.064278 0.997850
1718924476.644565821 -2.741305 5.163808 -0.038317 -0.000917 -0.012642 -0.064606 0.997830
1718924476.649511814 -2.739617 5.163756 -0.038245 -0.000805 -0.012561 -0.064917 0.997811
1718924476.654516935 -2.737909 5.163702 -0.038178 -0.000682 -0.012474 -0.065221 0.997793
1718924476.659508467 -2.736203 5.163648 -0.038113 -0.000558 -0.012401 -0.065512 0.997775
1718924476.664551258 -2.734477 5.163593 -0.038045 -0.000421 -0.012348 -0.065794 0.997757
1718924476.669554472 -2.732761 5.163539 -0.037971 -0.000264 -0.012319 -0.066051 0.997740
1718924476.674550056 -2.731045 5.163485 -0.037893 -0.000100 -0.012289 -0.066299 0.997724
1718924476.679500341 -2.729346 5.163430 -0.037814 0.000067 -0.012230 -0.066537 0.997709
1718924476.684542418 -2.727617 5.163372 -0.037734 0.000245 -0.012138 -0.066761 0.997695
1718924476.689507961 -2.725916 5.163312 -0.037658 0.000425 -0.012037 -0.066964 0.997683
1718924476.694504261 -2.724204 5.163247 -0.037583 0.000596 -0.011945 -0.067164 0.997670
1718924476.699511290 -2.722485 5.163179 -0.037510 0.000754 -0.011875 -0.067367 0.997657
1718924476.699908972 -2.722349 5.163174 -0.037504 0.000766 -0.011872 -0.067383 0.997656
1718924476.699908972 -2.722349 5.163174 -0.037504 0.000766 -0.011872 -0.067383 0.997656
1718924476.704514742 -2.720766 5.163109 -0.037439 0.000904 -0.011842 -0.067565 0.997644
1718924476.709512949 -2.719050 5.163037 -0.037374 0.001042 -0.011831 -0.067757 0.997631
1718924476.714518309 -2.717332 5.162960 -0.037315 0.001173 -0.011830 -0.067960 0.997617
1718924476.719517231 -2.715616 5.162879 -0.037260 0.001295 -0.011841 -0.068176 0.997602
1718924476.789515257 -2.691913 5.162179 -0.038727 0.000082 -0.011103 -0.074570 0.997154
1718924476.794519424 -2.690247 5.162158 -0.039009 0.000033 -0.011035 -0.075027 0.997120
1718924476.799535751 -2.688577 5.162137 -0.039310 0.000003 -0.010959 -0.075480 0.997087
1718924476.799960136 -2.688436 5.162135 -0.039336 0.000000 -0.010953 -0.075519 0.997084
1718924476.799960136 -2.688436 5.162135 -0.039336 0.000000 -0.010953 -0.075519 0.997084
1718924476.804509640 -2.686920 5.162113 -0.039624 -0.000028 -0.010887 -0.075934 0.997053
1718924476.809513092 -2.685252 5.162080 -0.039943 -0.000081 -0.010820 -0.076394 0.997019
1718924476.814519644 -2.683584 5.162033 -0.040259 -0.000219 -0.010778 -0.076840 0.996985
1718924476.819527864 -2.681917 5.161971 -0.040571 -0.000388 -0.010735 -0.077282 0.996951
1718924476.824508429 -2.680259 5.161898 -0.040882 -0.000530 -0.010709 -0.077726 0.996917
1718924476.829520226 -2.678593 5.161826 -0.041205 -0.000526 -0.010692 -0.078187 0.996881
1718924476.834511042 -2.676938 5.161758 -0.041534 -0.000389 -0.010689 -0.078648 0.996845
1718924476.839505672 -2.675285 5.161683 -0.041861 -0.000201 -0.010687 -0.079111 0.996809
1718924476.844509840 -2.673633 5.161593 -0.042179 -0.000052 -0.010666 -0.079571 0.996772
1718924476.849508524 -2.671985 5.161489 -0.042488 0.000061 -0.010628 -0.080020 0.996737
1718924476.854512691 -2.670336 5.161380 -0.042792 0.000178 -0.010567 -0.080435 0.996704
1718924476.859508038 -2.668689 5.161267 -0.043096 0.000285 -0.010472 -0.080819 0.996674
1718924476.864508629 -2.667045 5.161144 -0.043402 0.000340 -0.010356 -0.081195 0.996644
1718924476.869507790 -2.665404 5.161012 -0.043712 0.000393 -0.010245 -0.081548 0.996617
1718924476.874511957 -2.663763 5.160877 -0.044028 0.000485 -0.010150 -0.081873 0.996591
1718924476.879509211 -2.662124 5.160741 -0.044347 0.000616 -0.010086 -0.082178 0.996566
1718924476.884493351 -2.660491 5.160598 -0.044668 0.000753 -0.010026 -0.082472 0.996543
1718924476.889496803 -2.658860 5.160444 -0.044989 0.000861 -0.009953 -0.082771 0.996519
1718924476.894495249 -2.657240 5.160281 -0.045307 0.000980 -0.009851 -0.083075 0.996494
1718924476.899499178 -2.655628 5.160114 -0.045620 0.001125 -0.009721 -0.083389 0.996469
1718924476.899997950 -2.655468 5.160097 -0.045650 0.001139 -0.009706 -0.083422 0.996466
1718924476.899997950 -2.655468 5.160097 -0.045650 0.001139 -0.009706 -0.083422 0.996466
1718924476.900015116 -2.658571 5.142729 -0.033452 0.001512 -0.011289 -0.075825 0.997056
1718924476.900015116 -2.658571 5.142729 -0.033452 0.001512 -0.011289 -0.075825 0.997056
1718924476.904503107 -2.657193 5.142914 -0.033540 0.001633 -0.011158 -0.076119 0.997035
1718924476.909499884 -2.655666 5.143114 -0.033635 0.001787 -0.011019 -0.076468 0.997010
1718924476.914539337 -2.654133 5.143312 -0.033731 0.002005 -0.010898 -0.076859 0.996980
1718924476.984493017 -2.633014 5.145683 -0.035087 0.005911 -0.009424 -0.088717 0.995995
1718924476.989503622 -2.631508 5.145826 -0.035193 0.006120 -0.009311 -0.089603 0.995915
1718924476.994495630 -2.630004 5.145968 -0.035295 0.006293 -0.009197 -0.090482 0.995836
1718924476.999539375 -2.628478 5.146118 -0.035398 0.006479 -0.009104 -0.091370 0.995754
1718924477.004535198 -2.626958 5.146277 -0.035507 0.006724 -0.009057 -0.092250 0.995672
1718924477.009540796 -2.625428 5.146450 -0.035618 0.007038 -0.009050 -0.093131 0.995588
1718924477.014548540 -2.623889 5.146639 -0.035732 0.007398 -0.009075 -0.094021 0.995501
1718924477.019516945 -2.622357 5.146840 -0.035848 0.007747 -0.009109 -0.094908 0.995414
1718924477.024545431 -2.620803 5.147053 -0.035963 0.008036 -0.009134 -0.095817 0.995325
1718924477.029565811 -2.619247 5.147274 -0.036065 0.008220 -0.009123 -0.096718 0.995236
1718924477.034558296 -2.617695 5.147503 -0.036150 0.008332 -0.009081 -0.097609 0.995148
1718924477.039496422 -2.616153 5.147745 -0.036223 0.008403 -0.009040 -0.098504 0.995060
1718924477.044561386 -2.614561 5.148015 -0.036286 0.008475 -0.009019 -0.099419 0.994969
1718924477.049486160 -2.613003 5.148304 -0.036339 0.008551 -0.009042 -0.100308 0.994879
1718924477.054511070 -2.611402 5.148624 -0.036381 0.008625 -0.009102 -0.101198 0.994787
1718924477.059494495 -2.609805 5.148964 -0.036409 0.008616 -0.009199 -0.102036 0.994701
1718924477.064536095 -2.608180 5.149333 -0.036429 0.008533 -0.009330 -0.102841 0.994617
1718924477.069484949 -2.606578 5.149723 -0.036444 0.008427 -0.009494 -0.103611 0.994537
1718924477.074499846 -2.604947 5.150151 -0.036459 0.008328 -0.009690 -0.104377 0.994456
1718924477.079538584 -2.603303 5.150612 -0.036476 0.008223 -0.009888 -0.105142 0.994374
1718924477.084485054 -2.601685 5.151087 -0.036491 0.008047 -0.010046 -0.105878 0.994296
1718924477.089537144 -2.600027 5.151586 -0.036490 0.007741 -0.010168 -0.106617 0.994218
1718924477.094533205 -2.598381 5.152090 -0.036468 0.007414 -0.010251 -0.107348 0.994141
1718924477.099527836 -2.596724 5.152613 -0.036436 0.007129 -0.010325 -0.108108 0.994060
1718924477.099962950 -2.596579 5.152660 -0.036433 0.007110 -0.010329 -0.108174 0.994053
1718924477.099962950 -2.596579 5.152660 -0.036433 0.007110 -0.010329 -0.108174 0.994053
1718924477.104486704 -2.595069 5.153151 -0.036395 0.006913 -0.010374 -0.108864 0.993978
1718924477.109498262 -2.593386 5.153703 -0.036330 0.006740 -0.010386 -0.109587 0.993900
1718924477.114563227 -2.591676 5.154261 -0.036241 0.006588 -0.010381 -0.110229 0.993830
1718924477.199500322 -2.566097 5.160296 -0.033535 0.005899 -0.009734 -0.121883 0.992479
1718924477.199987888 -2.565966 5.160315 -0.033510 0.005898 -0.009733 -0.121959 0.992470
1718924477.199987888 -2.565966 5.160315 -0.033510 0.005898 -0.009733 -0.121959 0.992470
1718924477.204494953 -2.564823 5.160447 -0.033293 0.005885 -0.009737 -0.122644 0.992385
1718924477.209530115 -2.563558 5.160564 -0.033045 0.005848 -0.009787 -0.123461 0.992284
1718924477.214526176 -2.562311 5.160654 -0.032798 0.005806 -0.009873 -0.124341 0.992173
1718924477.219558001 -2.561067 5.160723 -0.032547 0.005704 -0.009980 -0.125313 0.992051
1718924477.224553585 -2.559843 5.160772 -0.032297 0.005535 -0.010112 -0.126362 0.991917
1718924477.229519129 -2.558630 5.160803 -0.032049 0.005330 -0.010270 -0.127479 0.991774
1718924477.234512806 -2.557417 5.160822 -0.031804 0.005130 -0.010421 -0.128635 0.991624
1718924477.239542961 -2.556202 5.160828 -0.031557 0.004962 -0.010549 -0.129824 0.991469
1718924477.244542837 -2.555003 5.160818 -0.031311 0.004822 -0.010640 -0.131043 0.991308
1718924477.249536276 -2.553807 5.160790 -0.031058 0.004668 -0.010723 -0.132280 0.991143
1718924477.254553080 -2.552601 5.160744 -0.030788 0.004489 -0.010826 -0.133505 0.990979
1718924477.259520292 -2.551399 5.160690 -0.030507 0.004357 -0.010944 -0.134694 0.990817
1718924477.264503717 -2.550187 5.160632 -0.030229 0.004275 -0.011018 -0.135873 0.990656
1718924477.269485235 -2.548972 5.160569 -0.029966 0.004171 -0.010987 -0.137047 0.990495
1718924477.274508238 -2.547744 5.160495 -0.029716 0.003956 -0.010869 -0.138228 0.990333
1718924477.279540777 -2.546510 5.160408 -0.029482 0.003577 -0.010681 -0.139407 0.990171
1718924477.284492970 -2.545292 5.160308 -0.029276 0.003078 -0.010471 -0.140548 0.990014
1718924477.289519310 -2.544051 5.160189 -0.029095 0.002447 -0.010289 -0.141663 0.989858
1718924477.294523001 -2.542810 5.160066 -0.028963 0.001922 -0.010114 -0.142713 0.989711
1718924477.299526691 -2.541561 5.159971 -0.028894 0.001839 -0.009954 -0.143696 0.989570
1718924477.299960136 -2.541450 5.159966 -0.028890 0.001864 -0.009945 -0.143776 0.989559
1718924477.299960136 -2.541450 5.159966 -0.028890 0.001864 -0.009945 -0.143776 0.989559
1718924477.304517984 -2.540351 5.159906 -0.028881 0.002134 -0.009844 -0.144634 0.989434
1718924477.309529305 -2.539142 5.159868 -0.028899 0.002629 -0.009742 -0.145489 0.989308
1718924477.314551830 -2.537926 5.159837 -0.028916 0.003056 -0.009681 -0.146274 0.989192
1718924477.329561234 -2.534808 5.159480 -0.029036 0.003327 -0.009666 -0.147940 0.988943
1718924477.334490061 -2.533578 5.159440 -0.029017 0.003328 -0.009653 -0.148409 0.988873
1718924477.339544296 -2.532321 5.159387 -0.028982 0.003249 -0.009630 -0.148854 0.988807
1718924477.344492435 -2.531093 5.159319 -0.028926 0.003078 -0.009594 -0.149267 0.988746
1718924477.349480867 -2.529856 5.159232 -0.028853 0.002850 -0.009580 -0.149699 0.988681
1718924477.354530334 -2.528606 5.159131 -0.028771 0.002594 -0.009559 -0.150171 0.988610
1718924477.359519720 -2.527372 5.159025 -0.028695 0.002365 -0.009494 -0.150697 0.988532
1718924477.364519358 -2.526135 5.158906 -0.028632 0.002092 -0.009383 -0.151271 0.988446
1718924477.369523048 -2.524891 5.158769 -0.028578 0.001768 -0.009245 -0.151889 0.988353
1718924477.374519110 -2.523647 5.158615 -0.028536 0.001435 -0.009097 -0.152542 0.988254
1718924477.379495621 -2.522407 5.158449 -0.028511 0.001124 -0.008934 -0.153241 0.988148
1718924477.384472132 -2.521177 5.158263 -0.028509 0.000799 -0.008757 -0.154036 0.988026
1718924477.389489889 -2.519948 5.158046 -0.028530 0.000455 -0.008567 -0.154920 0.987890
1718924477.394513845 -2.518721 5.157796 -0.028565 0.000088 -0.008403 -0.155854 0.987744
1718924477.399527311 -2.517502 5.157516 -0.028605 -0.000299 -0.008267 -0.156828 0.987591
1718924477.399979830 -2.517388 5.157491 -0.028608 -0.000331 -0.008254 -0.156921 0.987577
1718924477.399979830 -2.517388 5.157491 -0.028608 -0.000331 -0.008254 -0.156921 0.987577
1718924477.404514313 -2.516204 5.157284 -0.028623 -0.000660 -0.008132 -0.157843 0.987431
1718924477.409486771 -2.514917 5.157034 -0.028645 -0.000998 -0.007995 -0.158911 0.987260
1718924477.414489031 -2.513634 5.156751 -0.028675 -0.001309 -0.007852 -0.160023 0.987081
1718924477.454513073 -2.505334 5.153730 -0.029892 -0.000127 -0.006032 -0.168092 0.985753
1718924477.459520340 -2.504137 5.153060 -0.030138 0.000064 -0.005743 -0.169081 0.985585
1718924477.464526176 -2.502951 5.152335 -0.030409 0.000228 -0.005443 -0.170034 0.985423
1718924477.469556570 -2.501767 5.151547 -0.030702 0.000389 -0.005147 -0.170962 0.985264
1718924477.474531651 -2.500601 5.150717 -0.031010 0.000618 -0.004881 -0.171857 0.985110
1718924477.479503870 -2.499437 5.149844 -0.031324 0.000915 -0.004633 -0.172742 0.984956
1718924477.484543800 -2.498261 5.148908 -0.031628 0.001199 -0.004413 -0.173631 0.984800
1718924477.489497423 -2.497111 5.147931 -0.031914 0.001473 -0.004178 -0.174510 0.984645
1718924477.494524002 -2.495955 5.146888 -0.032207 0.001796 -0.003881 -0.175436 0.984482
1718924477.499533892 -2.494811 5.145798 -0.032510 0.002176 -0.003532 -0.176408 0.984308
1718924477.499967098 -2.494712 5.145701 -0.032537 0.002214 -0.003499 -0.176496 0.984293
1718924477.499967098 -2.494712 5.145701 -0.032537 0.002214 -0.003499 -0.176496 0.984293
1718924477.504631281 -2.493607 5.144712 -0.032842 0.002629 -0.003145 -0.177456 0.984120
1718924477.509546280 -2.492454 5.143626 -0.033178 0.003075 -0.002759 -0.178502 0.983931
1718924477.514558315 -2.491279 5.142476 -0.033527 0.003501 -0.002382 -0.179584 0.983734
1718924477.519551754 -2.490101 5.141290 -0.033834 0.003718 -0.002101 -0.180693 0.983530
1718924477.524496078 -2.488922 5.140093 -0.034040 0.003678 -0.001998 -0.181797 0.983327
1718924477.529531240 -2.487702 5.138896 -0.034120 0.003480 -0.002099 -0.182854 0.983132
1718924477.534486055 -2.486484 5.137778 -0.034097 0.003340 -0.002303 -0.183801 0.982955
1718924477.539530754 -2.485234 5.136724 -0.034026 0.003394 -0.002509 -0.184686 0.982788
1718924477.544535160 -2.483983 5.135764 -0.033945 0.003619 -0.002676 -0.185478 0.982638
1718924477.549517870 -2.482719 5.134885 -0.033875 0.003972 -0.002802 -0.186166 0.982506
1718924477.554520130 -2.481429 5.134066 -0.033820 0.004310 -0.002922 -0.186763 0.982391
1718924477.559524059 -2.480123 5.133291 -0.033767 0.004472 -0.003045 -0.187287 0.982290
1718924477.564481020 -2.478824 5.132557 -0.033719 0.004470 -0.003171 -0.187766 0.982199
1718924477.569523096 -2.477501 5.131848 -0.033679 0.004446 -0.003316 -0.188239 0.982108
1718924477.574470997 -2.476196 5.131194 -0.033649 0.004449 -0.003493 -0.188682 0.982022
1718924477.579472542 -2.474866 5.130584 -0.033624 0.004519 -0.003683 -0.189099 0.981941
1718924477.584482431 -2.473518 5.130025 -0.033602 0.004660 -0.003842 -0.189492 0.981864
1718924477.589483976 -2.472158 5.129511 -0.033567 0.004731 -0.003945 -0.189841 0.981795
1718924477.594483852 -2.470786 5.129031 -0.033502 0.004616 -0.004011 -0.190151 0.981736
1718924477.599480629 -2.469404 5.128580 -0.033409 0.004357 -0.004059 -0.190451 0.981679
1718924477.599988937 -2.469263 5.128532 -0.033397 0.004329 -0.004064 -0.190482 0.981673
1718924477.599988937 -2.469263 5.128532 -0.033397 0.004329 -0.004064 -0.190482 0.981673
1718924477.604514122 -2.468005 5.128061 -0.033293 0.004079 -0.004107 -0.190758 0.981620
1718924477.609479427 -2.466617 5.127583 -0.033189 0.003885 -0.004172 -0.191054 0.981563
1718924477.614548683 -2.465189 5.127139 -0.033111 0.003826 -0.004269 -0.191350 0.981505
1718924477.669476986 -2.449589 5.123425 -0.032911 0.003448 -0.004787 -0.196938 0.980398
1718924477.674534082 -2.448151 5.123119 -0.032806 0.003383 -0.004782 -0.197445 0.980296
1718924477.679533958 -2.446730 5.122821 -0.032695 0.003227 -0.004770 -0.197934 0.980198
1718924477.684533596 -2.445309 5.122519 -0.032566 0.002975 -0.004758 -0.198395 0.980106
1718924477.689488411 -2.443902 5.122211 -0.032414 0.002678 -0.004769 -0.198823 0.980020
1718924477.694473028 -2.442487 5.121896 -0.032242 0.002404 -0.004803 -0.199242 0.979936
1718924477.699486256 -2.441065 5.121579 -0.032064 0.002200 -0.004815 -0.199689 0.979845
1718924477.699973822 -2.440927 5.121549 -0.032046 0.002194 -0.004814 -0.199734 0.979836
1718924477.699973822 -2.440927 5.121549 -0.032046 0.002194 -0.004814 -0.199734 0.979836
1718924477.704496145 -2.439651 5.121268 -0.031798 0.002137 -0.004822 -0.200147 0.979752
1718924477.709492922 -2.438244 5.120976 -0.031531 0.002196 -0.004810 -0.200594 0.979660
1718924477.714478970 -2.436843 5.120696 -0.031272 0.002270 -0.004773 -0.201049 0.979567
1718924477.719533682 -2.435434 5.120410 -0.031011 0.002258 -0.004739 -0.201546 0.979465
1718924477.724488258 -2.434066 5.120119 -0.030757 0.002143 -0.004681 -0.202076 0.979356
1718924477.729478359 -2.432703 5.119818 -0.030513 0.002005 -0.004611 -0.202643 0.979240
1718924477.734551430 -2.431329 5.119506 -0.030281 0.001879 -0.004545 -0.203263 0.979112
1718924477.739523411 -2.429990 5.119198 -0.030070 0.001779 -0.004478 -0.203913 0.978977
1718924477.744524002 -2.428647 5.118887 -0.029868 0.001680 -0.004421 -0.204603 0.978834
1718924477.749517679 -2.427307 5.118580 -0.029672 0.001545 -0.004380 -0.205305 0.978687
1718924477.754535675 -2.425959 5.118278 -0.029473 0.001355 -0.004344 -0.206015 0.978538
1718924477.759482622 -2.424628 5.117988 -0.029276 0.001160 -0.004298 -0.206724 0.978389
1718924477.764528990 -2.423264 5.117702 -0.029074 0.001003 -0.004250 -0.207467 0.978232
1718924477.769534588 -2.421903 5.117423 -0.028868 0.000886 -0.004200 -0.208198 0.978077
1718924477.774521351 -2.420539 5.117146 -0.028655 0.000802 -0.004135 -0.208911 0.977926
1718924477.779517889 -2.419165 5.116869 -0.028434 0.000778 -0.004075 -0.209601 0.977778
1718924477.784497499 -2.417788 5.116599 -0.028209 0.000803 -0.004036 -0.210260 0.977637
1718924477.789476156 -2.416404 5.116331 -0.027978 0.000806 -0.003989 -0.210885 0.977502
1718924477.794522285 -2.415003 5.116058 -0.027738 0.000742 -0.003934 -0.211495 0.977371
1718924477.799476624 -2.413629 5.115793 -0.027498 0.000647 -0.003893 -0.212072 0.977246
1718924477.800001144 -2.413483 5.115766 -0.027477 0.000640 -0.003890 -0.212130 0.977234
1718924477.800001144 -2.413483 5.115766 -0.027477 0.000640 -0.003890 -0.212130 0.977234
1718924477.804512024 -2.412231 5.115537 -0.027341 0.000576 -0.003857 -0.212631 0.977125
1718924477.809475660 -2.410850 5.115295 -0.027205 0.000547 -0.003833 -0.213140 0.977014
1718924477.814492226 -2.409449 5.115061 -0.027080 0.000568 -0.003827 -0.213618 0.976910
1718924477.864509583 -2.395723 5.111954 -0.026318 0.002036 -0.005189 -0.214831 0.976635
1718924477.869509459 -2.394369 5.111565 -0.026311 0.002152 -0.005278 -0.214939 0.976611
1718924477.874467850 -2.393032 5.111164 -0.026314 0.002244 -0.005361 -0.215045 0.976587
1718924477.879518270 -2.391674 5.110738 -0.026324 0.002319 -0.005442 -0.215159 0.976561
1718924477.884472132 -2.390350 5.110298 -0.026335 0.002379 -0.005508 -0.215278 0.976534
1718924477.889471531 -2.389019 5.109832 -0.026343 0.002458 -0.005577 -0.215419 0.976503
1718924477.894470930 -2.387693 5.109343 -0.026344 0.002582 -0.005662 -0.215583 0.976466
1718924477.899476051 -2.386369 5.108831 -0.026338 0.002738 -0.005748 -0.215752 0.976428
1718924477.900015116 -2.386227 5.108775 -0.026337 0.002752 -0.005755 -0.215771 0.976423
1718924477.900015116 -2.386227 5.108775 -0.026337 0.002752 -0.005755 -0.215771 0.976423
1718924477.904468536 -2.385057 5.108302 -0.026327 0.002867 -0.005818 -0.215931 0.976387
1718924477.909508944 -2.383739 5.107747 -0.026316 0.002945 -0.005868 -0.216118 0.976345
1718924477.914476633 -2.382446 5.107184 -0.026315 0.002994 -0.005903 -0.216316 0.976301
1718924477.919469595 -2.381148 5.106604 -0.026328 0.003053 -0.005914 -0.216527 0.976254
1718924477.924496174 -2.379844 5.106008 -0.026357 0.003120 -0.005921 -0.216738 0.976207
1718924477.929479361 -2.378552 5.105407 -0.026399 0.003189 -0.005935 -0.216937 0.976162
1718924477.934483528 -2.377255 5.104794 -0.026446 0.003272 -0.005970 -0.217128 0.976119
1718924477.939476252 -2.375957 5.104175 -0.026489 0.003381 -0.006033 -0.217310 0.976078
1718924477.944521189 -2.374641 5.103548 -0.026524 0.003515 -0.006110 -0.217491 0.976037
1718924477.949534655 -2.373331 5.102926 -0.026547 0.003642 -0.006179 -0.217658 0.975999
1718924477.954524279 -2.372025 5.102305 -0.026557 0.003740 -0.006232 -0.217815 0.975963
1718924477.959514856 -2.370716 5.101682 -0.026559 0.003823 -0.006270 -0.217954 0.975931
1718924477.964528322 -2.369396 5.101057 -0.026558 0.003896 -0.006307 -0.218074 0.975904
1718924477.969518661 -2.368079 5.100437 -0.026562 0.003971 -0.006332 -0.218178 0.975880
1718924477.974482775 -2.366766 5.099824 -0.026577 0.004057 -0.006363 -0.218250 0.975864
1718924477.979483128 -2.365441 5.099211 -0.026604 0.004171 -0.006406 -0.218302 0.975851
1718924477.984470844 -2.364113 5.098603 -0.026635 0.004276 -0.006461 -0.218336 0.975843
1718924477.989519835 -2.362764 5.097990 -0.026661 0.004347 -0.006526 -0.218362 0.975836
1718924477.994469881 -2.361437 5.097389 -0.026672 0.004376 -0.006592 -0.218383 0.975831
1718924477.999539137 -2.360077 5.096772 -0.026666 0.004365 -0.006655 -0.218394 0.975828
1718924478.004481792 -2.358751 5.096170 -0.026647 0.004346 -0.006715 -0.218407 0.975825
1718924478.009467840 -2.357416 5.095564 -0.026622 0.004343 -0.006774 -0.218425 0.975821
1718924478.014477730 -2.356074 5.094957 -0.026597 0.004381 -0.006836 -0.218457 0.975813
1718924478.039524078 -2.349356 5.091919 -0.026510 0.004533 -0.007134 -0.218913 0.975708
1718924478.044548512 -2.347994 5.091306 -0.026505 0.004545 -0.007166 -0.219014 0.975685
1718924478.049536228 -2.346637 5.090697 -0.026494 0.004540 -0.007197 -0.219110 0.975663
1718924478.054482698 -2.345287 5.090096 -0.026478 0.004533 -0.007229 -0.219208 0.975641
1718924478.059474945 -2.343921 5.089496 -0.026458 0.004553 -0.007259 -0.219306 0.975618
1718924478.064466953 -2.342553 5.088905 -0.026437 0.004608 -0.007282 -0.219396 0.975598
1718924478.069639444 -2.341136 5.088302 -0.026413 0.004677 -0.007294 -0.219476 0.975579
1718924478.074508667 -2.339801 5.087742 -0.026390 0.004736 -0.007295 -0.219535 0.975566
1718924478.079504013 -2.338429 5.087178 -0.026364 0.004800 -0.007303 -0.219588 0.975554
1718924478.084510803 -2.337054 5.086619 -0.026336 0.004862 -0.007326 -0.219629 0.975544
1718924478.089471340 -2.335689 5.086070 -0.026307 0.004904 -0.007354 -0.219664 0.975536
1718924478.094511032 -2.334302 5.085516 -0.026279 0.004946 -0.007391 -0.219687 0.975530
1718924478.099502325 -2.332928 5.084973 -0.026255 0.005002 -0.007444 -0.219713 0.975523
1718924478.099988222 -2.332794 5.084920 -0.026252 0.005009 -0.007451 -0.219715 0.975523
1718924478.099988222 -2.332794 5.084920 -0.026252 0.005009 -0.007451 -0.219715 0.975523
1718924478.104511261 -2.331557 5.084431 -0.026235 0.005069 -0.007502 -0.219740 0.975517
1718924478.109506369 -2.330189 5.083892 -0.026207 0.005138 -0.007567 -0.219768 0.975509
1718924478.114530087 -2.328813 5.083349 -0.026169 0.005204 -0.007632 -0.219801 0.975501
1718924478.149527550 -2.319357 5.079467 -0.026263 0.005319 -0.007763 -0.220419 0.975360
1718924478.154526949 -2.318011 5.078894 -0.026298 0.005323 -0.007756 -0.220518 0.975338
1718924478.159511089 -2.316669 5.078320 -0.026339 0.005302 -0.007754 -0.220616 0.975316
1718924478.164465666 -2.315336 5.077750 -0.026380 0.005261 -0.007753 -0.220719 0.975292
1718924478.169531345 -2.313971 5.077169 -0.026419 0.005204 -0.007758 -0.220823 0.975269
1718924478.174515486 -2.312628 5.076600 -0.026454 0.005150 -0.007760 -0.220927 0.975246
1718924478.179515362 -2.311279 5.076033 -0.026484 0.005116 -0.007760 -0.221025 0.975224
1718924478.184519291 -2.309929 5.075471 -0.026511 0.005106 -0.007762 -0.221119 0.975203
1718924478.189468622 -2.308593 5.074920 -0.026533 0.005108 -0.007766 -0.221209 0.975182
1718924478.194483519 -2.307239 5.074370 -0.026550 0.005123 -0.007762 -0.221289 0.975164
1718924478.199514627 -2.305880 5.073825 -0.026564 0.005140 -0.007751 -0.221357 0.975148
1718924478.199979305 -2.305754 5.073775 -0.026565 0.005141 -0.007749 -0.221363 0.975147
1718924478.199979305 -2.305754 5.073775 -0.026565 0.005141 -0.007749 -0.221363 0.975147
1718924478.204519987 -2.304525 5.073291 -0.026579 0.005145 -0.007741 -0.221422 0.975134
1718924478.209507704 -2.303174 5.072763 -0.026595 0.005136 -0.007730 -0.221467 0.975124
1718924478.214524031 -2.301813 5.072236 -0.026615 0.005123 -0.007725 -0.221508 0.975114
1718924478.219482422 -2.300465 5.071718 -0.026638 0.005112 -0.007737 -0.221537 0.975108
1718924478.224478960 -2.299105 5.071201 -0.026663 0.005102 -0.007774 -0.221546 0.975106
1718924478.229495287 -2.297737 5.070687 -0.026688 0.005095 -0.007819 -0.221540 0.975107
1718924478.234504938 -2.296369 5.070178 -0.026712 0.005095 -0.007862 -0.221521 0.975111
1718924478.239521027 -2.294999 5.069672 -0.026732 0.005102 -0.007896 -0.221498 0.975116
1718924478.244519234 -2.293634 5.069170 -0.026750 0.005103 -0.007918 -0.221473 0.975121
1718924478.249550343 -2.292260 5.068667 -0.026766 0.005105 -0.007929 -0.221439 0.975129
1718924478.254475117 -2.290915 5.068173 -0.026782 0.005117 -0.007947 -0.221398 0.975138
1718924478.259513617 -2.289537 5.067668 -0.026799 0.005146 -0.007976 -0.221352 0.975148
1718924478.264490128 -2.288177 5.067165 -0.026819 0.005185 -0.008004 -0.221302 0.975159
1718924478.269480944 -2.286814 5.066657 -0.026845 0.005221 -0.008035 -0.221248 0.975171
1718924478.274521112 -2.285438 5.066138 -0.026877 0.005252 -0.008066 -0.221192 0.975183
1718924478.279467344 -2.284090 5.065623 -0.026913 0.005274 -0.008088 -0.221144 0.975193
1718924478.284473181 -2.282728 5.065094 -0.026952 0.005275 -0.008109 -0.221097 0.975204
1718924478.289462805 -2.281373 5.064560 -0.026990 0.005263 -0.008129 -0.221068 0.975210
1718924478.294506788 -2.280007 5.064012 -0.027025 0.005255 -0.008156 -0.221054 0.975213
1718924478.299463272 -2.278665 5.063465 -0.027056 0.005265 -0.008195 -0.221045 0.975215
1718924478.299994230 -2.278522 5.063406 -0.027059 0.005268 -0.008200 -0.221046 0.975215
1718924478.299994230 -2.278522 5.063406 -0.027059 0.005268 -0.008200 -0.221046 0.975215
1718924478.304467201 -2.277317 5.062906 -0.027082 0.005291 -0.008229 -0.221047 0.975214
1718924478.309501886 -2.275966 5.062335 -0.027108 0.005321 -0.008256 -0.221062 0.975210
1718924478.314541817 -2.274619 5.061758 -0.027134 0.005350 -0.008273 -0.221095 0.975203
1718924478.364469290 -2.261386 5.056016 -0.027306 0.005316 -0.008830 -0.221817 0.975034
1718924478.369523525 -2.260053 5.055433 -0.027291 0.005329 -0.008861 -0.221889 0.975017
1718924478.374520540 -2.258737 5.054857 -0.027275 0.005353 -0.008882 -0.221952 0.975003
1718924478.379542828 -2.257415 5.054279 -0.027261 0.005387 -0.008899 -0.221998 0.974992
1718924478.384539843 -2.256101 5.053706 -0.027250 0.005426 -0.008916 -0.222031 0.974984
1718924478.389469147 -2.254801 5.053142 -0.027243 0.005470 -0.008935 -0.222055 0.974978
1718924478.394474745 -2.253477 5.052571 -0.027240 0.005515 -0.008961 -0.222070 0.974974
1718924478.399502993 -2.252143 5.051999 -0.027240 0.005551 -0.008982 -0.222080 0.974971
1718924478.399999142 -2.252012 5.051942 -0.027240 0.005553 -0.008983 -0.222081 0.974971
1718924478.399999142 -2.252012 5.051942 -0.027240 0.005553 -0.008983 -0.222081 0.974971
1718924478.404506683 -2.250818 5.051431 -0.027249 0.005571 -0.009002 -0.222088 0.974969
1718924478.409463644 -2.249502 5.050869 -0.027261 0.005596 -0.009012 -0.222089 0.974969
1718924478.414533138 -2.248155 5.050295 -0.027273 0.005620 -0.009026 -0.222080 0.974971
1718924478.419494390 -2.246835 5.049735 -0.027281 0.005631 -0.009045 -0.222075 0.974971
1718924478.424539804 -2.245490 5.049165 -0.027283 0.005638 -0.009073 -0.222074 0.974971
1718924478.429588318 -2.244142 5.048598 -0.027278 0.005636 -0.009114 -0.222075 0.974971
1718924478.434519529 -2.242824 5.048046 -0.027268 0.005642 -0.009155 -0.222079 0.974969
1718924478.439519405 -2.241486 5.047487 -0.027257 0.005654 -0.009201 -0.222081 0.974968
1718924478.444544315 -2.240142 5.046928 -0.027247 0.005657 -0.009234 -0.222078 0.974969
1718924478.449549675 -2.238801 5.046374 -0.027241 0.005653 -0.009257 -0.222081 0.974968
1718924478.454540014 -2.237463 5.045823 -0.027238 0.005657 -0.009271 -0.222095 0.974965
1718924478.459512234 -2.236126 5.045276 -0.027238 0.005664 -0.009288 -0.222120 0.974959
1718924478.464530230 -2.234774 5.044726 -0.027239 0.005669 -0.009302 -0.222155 0.974951
1718924478.469488382 -2.233437 5.044184 -0.027241 0.005664 -0.009311 -0.222198 0.974941
1718924478.474471569 -2.232092 5.043639 -0.027241 0.005643 -0.009323 -0.222242 0.974931
1718924478.479490280 -2.230737 5.043091 -0.027238 0.005612 -0.009348 -0.222289 0.974920
1718924478.484468222 -2.229392 5.042548 -0.027230 0.005572 -0.009378 -0.222354 0.974905
1718924478.489471912 -2.228043 5.042004 -0.027218 0.005527 -0.009418 -0.222428 0.974888
1718924478.494504690 -2.226688 5.041462 -0.027203 0.005490 -0.009466 -0.222498 0.974872
1718924478.499461174 -2.225357 5.040932 -0.027188 0.005455 -0.009506 -0.222577 0.974854
1718924478.499994278 -2.225214 5.040875 -0.027186 0.005452 -0.009509 -0.222587 0.974851
1718924478.499994278 -2.225214 5.040875 -0.027186 0.005452 -0.009509 -0.222587 0.974851
1718924478.504466534 -2.224014 5.040399 -0.027173 0.005424 -0.009533 -0.222671 0.974832
1718924478.509500980 -2.222665 5.039865 -0.027160 0.005390 -0.009557 -0.222762 0.974811
1718924478.514539957 -2.221314 5.039334 -0.027152 0.005357 -0.009585 -0.222837 0.974794
1718924478.564523935 -2.207955 5.034079 -0.027231 0.005150 -0.009970 -0.222809 0.974798
1718924478.569522142 -2.206621 5.033553 -0.027234 0.005153 -0.009990 -0.222795 0.974801
1718924478.574513197 -2.205290 5.033026 -0.027240 0.005164 -0.010014 -0.222764 0.974807
1718924478.579494476 -2.203964 5.032499 -0.027247 0.005171 -0.010033 -0.222723 0.974816
1718924478.584517002 -2.202629 5.031966 -0.027254 0.005176 -0.010044 -0.222673 0.974828
1718924478.589513302 -2.201303 5.031434 -0.027259 0.005175 -0.010047 -0.222637 0.974836
1718924478.594506979 -2.199978 5.030898 -0.027264 0.005178 -0.010038 -0.222604 0.974843
1718924478.599509239 -2.198652 5.030355 -0.027270 0.005183 -0.010022 -0.222571 0.974851
1718924478.599997282 -2.198523 5.030302 -0.027271 0.005183 -0.010020 -0.222567 0.974852
1718924478.599997282 -2.198523 5.030302 -0.027271 0.005183 -0.010020 -0.222567 0.974852
1718924478.604506969 -2.197334 5.029810 -0.027284 0.005183 -0.010012 -0.222533 0.974860
1718924478.609509706 -2.196018 5.029259 -0.027299 0.005187 -0.010021 -0.222503 0.974867
1718924478.614479303 -2.194712 5.028705 -0.027312 0.005181 -0.010054 -0.222492 0.974869
1718924478.619565010 -2.193380 5.028130 -0.027321 0.005172 -0.010102 -0.222506 0.974865
1718924478.624481201 -2.192098 5.027568 -0.027324 0.005164 -0.010149 -0.222527 0.974860
1718924478.629492998 -2.190800 5.026991 -0.027325 0.005146 -0.010191 -0.222554 0.974853
1718924478.634484053 -2.189513 5.026411 -0.027327 0.005132 -0.010217 -0.222592 0.974845
1718924478.639472723 -2.188231 5.025826 -0.027330 0.005122 -0.010235 -0.222641 0.974833
1718924478.644476652 -2.186946 5.025234 -0.027339 0.005108 -0.010252 -0.222695 0.974821
1718924478.649464369 -2.185667 5.024642 -0.027355 0.005101 -0.010271 -0.222756 0.974807
1718924478.654465675 -2.184385 5.024045 -0.027377 0.005104 -0.010286 -0.222827 0.974790
1718924478.659470558 -2.183102 5.023445 -0.027403 0.005114 -0.010305 -0.222908 0.974772
1718924478.664477825 -2.181816 5.022842 -0.027433 0.005127 -0.010329 -0.222990 0.974753
1718924478.669487000 -2.180529 5.022235 -0.027462 0.005134 -0.010347 -0.223066 0.974735
1718924478.674481869 -2.179246 5.021629 -0.027488 0.005120 -0.010366 -0.223138 0.974718
1718924478.679493904 -2.177957 5.021020 -0.027508 0.005087 -0.010385 -0.223217 0.974700
1718924478.684513569 -2.176666 5.020410 -0.027525 0.005050 -0.010403 -0.223290 0.974684
1718924478.689476013 -2.175388 5.019808 -0.027541 0.005025 -0.010429 -0.223355 0.974668
1718924478.694463253 -2.174105 5.019205 -0.027559 0.005019 -0.010456 -0.223415 0.974654
1718924478.699468136 -2.172819 5.018604 -0.027580 0.005030 -0.010478 -0.223466 0.974642
1718924478.699985981 -2.172686 5.018542 -0.027583 0.005032 -0.010479 -0.223470 0.974641
1718924478.699985981 -2.172686 5.018542 -0.027583 0.005032 -0.010479 -0.223470 0.974641
1718924478.704464674 -2.171536 5.018009 -0.027609 0.005050 -0.010490 -0.223503 0.974634
1718924478.709467411 -2.170249 5.017416 -0.027642 0.005065 -0.010501 -0.223522 0.974629
1718924478.714507341 -2.168949 5.016824 -0.027675 0.005085 -0.010500 -0.223526 0.974628
1718924478.719480038 -2.167666 5.016244 -0.027704 0.005096 -0.010491 -0.223521 0.974629
1718924478.764513731 -2.156164 5.011094 -0.027966 0.004872 -0.010866 -0.223384 0.974658
1718924478.769531012 -2.154894 5.010527 -0.027965 0.004852 -0.010875 -0.223368 0.974662
1718924478.774547577 -2.153626 5.009961 -0.027966 0.004823 -0.010883 -0.223362 0.974663
1718924478.779484034 -2.152378 5.009405 -0.027971 0.004803 -0.010889 -0.223371 0.974661
1718924478.784466982 -2.151118 5.008844 -0.027981 0.004793 -0.010893 -0.223387 0.974657
1718924478.789467573 -2.149855 5.008283 -0.027996 0.004788 -0.010887 -0.223413 0.974651
1718924478.794461727 -2.148594 5.007722 -0.028016 0.004763 -0.010875 -0.223440 0.974645
1718924478.799468994 -2.147330 5.007160 -0.028036 0.004724 -0.010871 -0.223475 0.974638
1718924478.799995184 -2.147197 5.007100 -0.028038 0.004719 -0.010872 -0.223480 0.974636
1718924478.799995184 -2.147197 5.007100 -0.028038 0.004719 -0.010872 -0.223480 0.974636
1718924478.804463625 -2.146073 5.006595 -0.028063 0.004671 -0.010883 -0.223529 0.974625
1718924478.809468985 -2.144812 5.006030 -0.028087 0.004601 -0.010898 -0.223593 0.974611
1718924478.814463854 -2.143556 5.005467 -0.028105 0.004528 -0.010923 -0.223662 0.974595
1718924478.819484472 -2.142296 5.004905 -0.028119 0.004464 -0.010952 -0.223729 0.974580
1718924478.824470997 -2.141046 5.004349 -0.028130 0.004415 -0.010982 -0.223790 0.974565
1718924478.829470634 -2.139792 5.003794 -0.028142 0.004377 -0.011005 -0.223855 0.974551
1718924478.834477901 -2.138538 5.003244 -0.028156 0.004336 -0.011025 -0.223910 0.974538
1718924478.839471102 -2.137290 5.002700 -0.028175 0.004289 -0.011044 -0.223959 0.974527
1718924478.844472408 -2.136039 5.002159 -0.028198 0.004244 -0.011062 -0.224003 0.974516
1718924478.849478722 -2.134785 5.001621 -0.028222 0.004200 -0.011078 -0.224041 0.974508
1718924478.854471684 -2.133534 5.001087 -0.028246 0.004157 -0.011087 -0.224067 0.974502
1718924478.859464407 -2.132283 5.000554 -0.028268 0.004121 -0.011084 -0.224088 0.974497
1718924478.864527941 -2.131016 5.000014 -0.028289 0.004082 -0.011068 -0.224110 0.974492
1718924478.869534254 -2.129763 4.999481 -0.028307 0.004032 -0.011052 -0.224132 0.974488
1718924478.874476433 -2.128525 4.998955 -0.028322 0.003972 -0.011044 -0.224137 0.974487
1718924478.879470587 -2.127274 4.998423 -0.028334 0.003899 -0.011038 -0.224129 0.974489
1718924478.884500980 -2.126016 4.997888 -0.028341 0.003829 -0.011049 -0.224114 0.974493
1718924478.889509678 -2.124767 4.997356 -0.028347 0.003777 -0.011075 -0.224094 0.974497
1718924478.894503117 -2.123524 4.996825 -0.028352 0.003737 -0.011106 -0.224073 0.974502
1718924478.899467945 -2.122290 4.996297 -0.028360 0.003706 -0.011131 -0.224052 0.974506
1718924478.900017023 -2.122153 4.996238 -0.028361 0.003702 -0.011132 -0.224049 0.974507
1718924478.900017023 -2.122153 4.996238 -0.028361 0.003702 -0.011132 -0.224049 0.974507
1718924478.904464483 -2.121051 4.995772 -0.028373 0.003668 -0.011133 -0.224019 0.974514
1718924478.909508944 -2.119804 4.995242 -0.028389 0.003618 -0.011117 -0.223980 0.974524
1718924478.914536238 -2.118561 4.994712 -0.028405 0.003575 -0.011091 -0.223946 0.974532
1718924478.959517956 -2.107851 4.990118 -0.028706 0.002757 -0.011062 -0.224623 0.974379
1718924478.964524269 -2.106681 4.989599 -0.028719 0.002705 -0.011059 -0.224703 0.974361
1718924478.969491482 -2.105522 4.989085 -0.028735 0.002662 -0.011058 -0.224786 0.974342
1718924478.974523544 -2.104348 4.988565 -0.028756 0.002622 -0.011050 -0.224873 0.974322
1718924478.979473829 -2.103194 4.988054 -0.028780 0.002577 -0.011036 -0.224958 0.974303
1718924478.984463692 -2.102032 4.987542 -0.028805 0.002529 -0.011014 -0.225042 0.974284
1718924478.989465714 -2.100865 4.987028 -0.028830 0.002485 -0.010994 -0.225126 0.974265
1718924478.994500637 -2.099688 4.986511 -0.028854 0.002445 -0.010973 -0.225210 0.974245
1718924478.999465466 -2.098523 4.985999 -0.028879 0.002413 -0.010965 -0.225291 0.974227
1718924479.004493475 -2.097342 4.985481 -0.028908 0.002390 -0.010973 -0.225375 0.974207
1718924479.009507895 -2.096164 4.984965 -0.028943 0.002364 -0.010990 -0.225453 0.974189
1718924479.014540672 -2.094982 4.984445 -0.028982 0.002338 -0.011010 -0.225524 0.974173
1718924479.019536257 -2.093810 4.983927 -0.029020 0.002313 -0.011028 -0.225581 0.974159
1718924479.024505854 -2.092646 4.983410 -0.029053 0.002279 -0.011045 -0.225624 0.974149
1718924479.029548645 -2.091467 4.982886 -0.029081 0.002226 -0.011063 -0.225656 0.974142
1718924479.034477949 -2.090315 4.982371 -0.029102 0.002179 -0.011086 -0.225662 0.974140
1718924479.039507627 -2.089140 4.981844 -0.029121 0.002150 -0.011110 -0.225656 0.974141
1718924479.044533491 -2.087967 4.981314 -0.029140 0.002148 -0.011137 -0.225639 0.974145
1718924479.049500942 -2.086808 4.980787 -0.029160 0.002167 -0.011166 -0.225618 0.974149
1718924479.054485321 -2.085648 4.980254 -0.029182 0.002198 -0.011173 -0.225586 0.974157
1718924479.059506178 -2.084479 4.979712 -0.029206 0.002218 -0.011172 -0.225550 0.974165
1718924479.064510822 -2.083314 4.979164 -0.029233 0.002219 -0.011170 -0.225507 0.974175
1718924479.069495916 -2.082153 4.978611 -0.029263 0.002203 -0.011161 -0.225452 0.974188
1718924479.074510574 -2.080987 4.978048 -0.029296 0.002187 -0.011151 -0.225396 0.974201
1718924479.079499006 -2.079828 4.977481 -0.029330 0.002182 -0.011158 -0.225347 0.974212
1718924479.084465504 -2.078675 4.976910 -0.029362 0.002191 -0.011175 -0.225310 0.974221
1718924479.089506149 -2.077507 4.976325 -0.029389 0.002208 -0.011193 -0.225275 0.974228
1718924479.094495535 -2.076356 4.975740 -0.029410 0.002222 -0.011207 -0.225250 0.974234
1718924479.099505663 -2.075204 4.975148 -0.029429 0.002227 -0.011221 -0.225237 0.974237
1718924479.100001097 -2.075090 4.975089 -0.029431 0.002226 -0.011221 -0.225236 0.974237
1718924479.100001097 -2.075090 4.975089 -0.029431 0.002226 -0.011221 -0.225236 0.974237
1718924479.104505301 -2.074060 4.974554 -0.029454 0.002220 -0.011225 -0.225227 0.974239
1718924479.109506130 -2.072919 4.973958 -0.029482 0.002211 -0.011219 -0.225229 0.974239
1718924479.114468098 -2.071788 4.973363 -0.029513 0.002216 -0.011208 -0.225245 0.974235
1718924479.199469328 -2.051776 4.964071 -0.030686 0.001744 -0.011006 -0.225842 0.974100
1718924479.199988127 -2.051649 4.964020 -0.030696 0.001742 -0.011006 -0.225843 0.974100
