id: 4
T_world_origin: 
-0.0854349   0.996325 -0.0061646  -0.839294
 -0.995216 -0.0850422  0.0481016     2.2303
 0.0474006  0.0102447   0.998823 -0.0861329
         0          0          0          1
T_origin_endpoint_L: 
   0.362047   -0.931175   0.0428347    -2.62244
    0.93215    0.361872  -0.0120448    -1.37208
-0.00428482   0.0442891     0.99901   0.0944545
          0           0           0           1
T_origin_endpoint_R: 
   0.999909  -0.0132781  0.00223628     2.09976
  0.0132878    0.999902 -0.00437015   0.0241152
-0.00217803  0.00439947    0.999988  -0.0610942
          0           0           0           1
T_lidar_imu: 
       1        0        0 -0.25708
       0        1        0  -0.0268
       0        0        1  -0.0305
       0        0        0        1
imu_bias:   0.00304936 -0.000273648  -0.00353585   0.00103245 -0.000211705  0.000525842
frame_id: 2
num_frames: 232
frame_0
id: 1529
stamp: 1718924479.199988127
T_odom_lidar: 
  0.897747   0.439949 -0.0222295   -1.80974
 -0.440026   0.897984 0.00157732    4.87501
 0.0206557 0.00836554   0.999752 0.00533083
         0          0          0          1
T_world_lidar: 
  0.897747   0.439949 -0.0222295   -1.80974
 -0.440026   0.897984 0.00157732    4.87501
 0.0206557 0.00836554   0.999752 0.00533083
         0          0          0          1
v_world_imu:   0.244227 -0.0976512 -0.0200185
frame_1
id: 1530
stamp: 1718924479.299989223
T_odom_lidar: 
   0.89838   0.438644  -0.022472   -1.78523
 -0.438704   0.898628 0.00245673    4.86567
 0.0212716 0.00765149   0.999744 0.00364684
         0          0          0          1
T_world_lidar: 
   0.89838   0.438644  -0.022472   -1.78523
 -0.438704   0.898628 0.00245673    4.86567
 0.0212716 0.00765149   0.999744 0.00364684
         0          0          0          1
v_world_imu:   0.236859  -0.107281 -0.0164257
frame_2
id: 1531
stamp: 1718924479.399989128
T_odom_lidar: 
  0.899847   0.435601 -0.0229664   -1.76063
 -0.435706   0.900089 0.00047516    4.85549
 0.0208788 0.00957902   0.999736 0.00164699
         0          0          0          1
T_world_lidar: 
  0.899847   0.435601 -0.0229664   -1.76063
 -0.435706   0.900089 0.00047516    4.85549
 0.0208788 0.00957902   0.999736 0.00164699
         0          0          0          1
v_world_imu:   0.255474  -0.109533 -0.0168785
frame_3
id: 1532
stamp: 1718924479.499980211
T_odom_lidar: 
   0.900861    0.433474  -0.0234341    -1.73442
  -0.433575    0.901117 0.000887633     4.84496
  0.0215017  0.00936081    0.999725 7.87149e-06
          0           0           0           1
T_world_lidar: 
   0.900861    0.433474  -0.0234341    -1.73442
  -0.433575    0.901117 0.000887633     4.84496
  0.0215017  0.00936081    0.999725 7.87149e-06
          0           0           0           1
v_world_imu:   0.261493  -0.110671 -0.0200618
frame_4
id: 1533
stamp: 1718924479.599986076
T_odom_lidar: 
   0.901901    0.431303  -0.0234868    -1.70855
  -0.431392    0.902163   0.0013947     4.83451
  0.0217905  0.00887414    0.999723 -0.00272323
          0           0           0           1
T_world_lidar: 
   0.901901    0.431303  -0.0234868    -1.70855
  -0.431392    0.902163   0.0013947     4.83451
  0.0217905  0.00887414    0.999723 -0.00272323
          0           0           0           1
v_world_imu:   0.251384  -0.114066 -0.0303924
frame_5
id: 1534
stamp: 1718924479.699902296
T_odom_lidar: 
   0.901718    0.431706  -0.0231245    -1.68402
  -0.431789    0.901973  0.00155384     4.82269
  0.0215285  0.00858378    0.999731 -0.00631766
          0           0           0           1
T_world_lidar: 
   0.901718    0.431706  -0.0231245    -1.68402
  -0.431789    0.901973  0.00155384     4.82269
  0.0215285  0.00858378    0.999731 -0.00631766
          0           0           0           1
v_world_imu:   0.244895  -0.115262 -0.0368385
frame_6
id: 1535
stamp: 1718924479.799986124
T_odom_lidar: 
   0.902161     0.43078  -0.0230881    -1.65948
  -0.430848    0.902422  0.00222298     4.81144
  0.0217928  0.00794197    0.999731 -0.00937364
          0           0           0           1
T_world_lidar: 
   0.902161     0.43078  -0.0230881    -1.65948
  -0.430848    0.902422  0.00222298     4.81144
  0.0217928  0.00794197    0.999731 -0.00937364
          0           0           0           1
v_world_imu:   0.240894  -0.116403 -0.0285565
frame_7
id: 1536
stamp: 1718924479.900008202
T_odom_lidar: 
  0.901716   0.431733 -0.0226956   -1.63586
 -0.431801   0.901967 0.00204856    4.79953
 0.0213551 0.00795278    0.99974  -0.012576
         0          0          0          1
T_world_lidar: 
  0.901716   0.431733 -0.0226956   -1.63586
 -0.431801   0.901967 0.00204856    4.79953
 0.0213551 0.00795278    0.99974  -0.012576
         0          0          0          1
v_world_imu:    0.23773  -0.116226 -0.0271948
frame_8
id: 1537
stamp: 1718924480.099980116
T_odom_lidar: 
    0.902226     0.430618    -0.023589     -1.58919
   -0.430753      0.90247 -0.000690265      4.77652
   0.0209911    0.0107838     0.999722   -0.0193252
           0            0            0            1
T_world_lidar: 
    0.902226     0.430618    -0.023589     -1.58919
   -0.430753      0.90247 -0.000690265      4.77652
   0.0209911    0.0107838     0.999722   -0.0193252
           0            0            0            1
v_world_imu:   0.235315  -0.119724 -0.0328973
frame_9
id: 1538
stamp: 1718924480.199985981
T_odom_lidar: 
    0.902381     0.430297   -0.0235029     -1.56524
   -0.430424     0.902627 -0.000357607      4.76555
   0.0210605    0.0104389     0.999724   -0.0231196
           0            0            0            1
T_world_lidar: 
    0.902381     0.430297   -0.0235029     -1.56524
   -0.430424     0.902627 -0.000357607      4.76555
   0.0210605    0.0104389     0.999724   -0.0231196
           0            0            0            1
v_world_imu:   0.243291  -0.100522 -0.0400944
frame_10
id: 1539
stamp: 1718924480.300007343
T_odom_lidar: 
    0.902278     0.430508   -0.0235902     -1.54117
   -0.430639     0.902524 -0.000512302      4.75481
   0.0210702    0.0106211     0.999722   -0.0271587
           0            0            0            1
T_world_lidar: 
    0.902278     0.430508   -0.0235902     -1.54117
   -0.430639     0.902524 -0.000512302      4.75481
   0.0210702    0.0106211     0.999722   -0.0271587
           0            0            0            1
v_world_imu:   0.237535  -0.115944 -0.0401401
frame_11
id: 1540
stamp: 1718924480.499988079
T_odom_lidar: 
    0.901173      0.43278   -0.0242811     -1.49328
   -0.432922     0.901431 -0.000701169      4.73257
   0.0215843    0.0111437     0.999705    -0.032659
           0            0            0            1
T_world_lidar: 
    0.901173      0.43278   -0.0242811     -1.49328
   -0.432922     0.901431 -0.000701169      4.73257
   0.0215843    0.0111437     0.999705    -0.032659
           0            0            0            1
v_world_imu:   0.244523  -0.105128 -0.0238542
frame_12
id: 1541
stamp: 1718924480.599987984
T_odom_lidar: 
    0.901101     0.432955   -0.0238251     -1.46796
   -0.433094     0.901348 -0.000758076      4.72219
   0.0211465    0.0110016     0.999716   -0.0348351
           0            0            0            1
T_world_lidar: 
    0.901101     0.432955   -0.0238251     -1.46796
   -0.433094     0.901348 -0.000758076      4.72219
   0.0211465    0.0110016     0.999716   -0.0348351
           0            0            0            1
v_world_imu:   0.258131   -0.10238 -0.0164608
frame_13
id: 1542
stamp: 1718924480.699899197
T_odom_lidar: 
    0.898834     0.437689   -0.0229394     -1.44241
   -0.437815     0.899065 -0.000498773      4.71066
   0.0204057    0.0104915     0.999737   -0.0370703
           0            0            0            1
T_world_lidar: 
    0.898834     0.437689   -0.0229394     -1.44241
   -0.437815     0.899065 -0.000498773      4.71066
   0.0204057    0.0104915     0.999737   -0.0370703
           0            0            0            1
v_world_imu:   0.257772  -0.108429 -0.0197427
frame_14
id: 1543
stamp: 1718924480.799983978
T_odom_lidar: 
  0.893464   0.448751 -0.0185393   -1.41741
 -0.448781   0.893637 0.00275217    4.69727
 0.0178025 0.00586114   0.999824 -0.0392738
         0          0          0          1
T_world_lidar: 
  0.893464   0.448751 -0.0185393   -1.41741
 -0.448781   0.893637 0.00275217    4.69727
 0.0178025 0.00586114   0.999824 -0.0392738
         0          0          0          1
v_world_imu:     0.257112    -0.105073 -0.000829749
frame_15
id: 1544
stamp: 1718924480.900008202
T_odom_lidar: 
  0.887847   0.459846 -0.0164307   -1.39235
 -0.459824   0.887994 0.00529213    4.68426
  0.017024 0.00285664   0.999851 -0.0389489
         0          0          0          1
T_world_lidar: 
  0.887847   0.459846 -0.0164307   -1.39235
 -0.459824   0.887994 0.00529213    4.68426
  0.017024 0.00285664   0.999851 -0.0389489
         0          0          0          1
v_world_imu:   0.263357 -0.0978995  0.0019308
frame_16
id: 1545
stamp: 1718924481.099992037
T_odom_lidar: 
  0.884373   0.466428 -0.0181407   -1.33728
 -0.466441   0.884544 0.00373137    4.65881
 0.0177867 0.00516167   0.999828 -0.0363821
         0          0          0          1
T_world_lidar: 
  0.884373   0.466428 -0.0181407   -1.33728
 -0.466441   0.884544 0.00373137    4.65881
 0.0177867 0.00516167   0.999828 -0.0363821
         0          0          0          1
v_world_imu:  0.291731 -0.145059  0.011146
frame_17
id: 1546
stamp: 1718924481.199990988
T_odom_lidar: 
   0.88298   0.469026 -0.0190104   -1.30723
 -0.469073   0.883157 0.00216146    4.64356
  0.017803 0.00700876   0.999817 -0.0349478
         0          0          0          1
T_world_lidar: 
   0.88298   0.469026 -0.0190104   -1.30723
 -0.469073   0.883157 0.00216146    4.64356
  0.017803 0.00700876   0.999817 -0.0349478
         0          0          0          1
v_world_imu:  0.312887 -0.141457  0.017731
frame_18
id: 1547
stamp: 1718924481.299969912
T_odom_lidar: 
   0.88066   0.473342 -0.0196335   -1.27642
 -0.473398   0.880847 0.00198824    4.62811
 0.0182352 0.00754349   0.999805 -0.0335076
         0          0          0          1
T_world_lidar: 
   0.88066   0.473342 -0.0196335   -1.27642
 -0.473398   0.880847 0.00198824    4.62811
 0.0182352 0.00754349   0.999805 -0.0335076
         0          0          0          1
v_world_imu:  0.310467 -0.144379 0.0154148
frame_19
id: 1548
stamp: 1718924481.399967909
T_odom_lidar: 
   0.87057   0.491656 -0.0195714   -1.24714
 -0.491647   0.870777 0.00559112    4.60783
 0.0197912 0.00475477   0.999793 -0.0327013
         0          0          0          1
T_world_lidar: 
   0.87057   0.491656 -0.0195714   -1.24714
 -0.491647   0.870777 0.00559112    4.60783
 0.0197912 0.00475477   0.999793 -0.0327013
         0          0          0          1
v_world_imu:   0.319148  -0.154821 0.00780731
frame_20
id: 1549
stamp: 1718924481.499990940
T_odom_lidar: 
   0.852256    0.522983  -0.0121452    -1.22189
  -0.522851    0.852332   0.0125437      4.5837
  0.0169119 -0.00434031    0.999848  -0.0322378
          0           0           0           1
T_world_lidar: 
   0.852256    0.522983  -0.0121452    -1.22189
  -0.522851    0.852332   0.0125437      4.5837
  0.0169119 -0.00434031    0.999848  -0.0322378
          0           0           0           1
v_world_imu:  0.295459 -0.151028 0.0108989
frame_21
id: 1550
stamp: 1718924481.599985123
T_odom_lidar: 
   0.832511    0.553876  -0.0121396    -1.19727
  -0.553712    0.832582   0.0145172     4.56299
   0.018148 -0.00536387    0.999821  -0.0316939
          0           0           0           1
T_world_lidar: 
   0.832511    0.553876  -0.0121396    -1.19727
  -0.553712    0.832582   0.0145172     4.56299
   0.018148 -0.00536387    0.999821  -0.0316939
          0           0           0           1
v_world_imu:   0.272673  -0.154761 0.00735842
frame_22
id: 1551
stamp: 1718924481.699902058
T_odom_lidar: 
  0.789842    0.61325 -0.0085971   -1.17728
 -0.612954   0.789783   0.023017    4.53354
  0.020905 -0.0129102   0.999698 -0.0327828
         0          0          0          1
T_world_lidar: 
  0.789842    0.61325 -0.0085971   -1.17728
 -0.612954   0.789783   0.023017    4.53354
  0.020905 -0.0129102   0.999698 -0.0327828
         0          0          0          1
v_world_imu:   0.332621  -0.126485 -0.0466357
frame_23
id: 1552
stamp: 1718924481.799944162
T_odom_lidar: 
  0.750067   0.661189 -0.0151177   -1.15289
 -0.661249   0.750165 0.00134343    4.50073
  0.012229 0.00898891   0.999885 -0.0372833
         0          0          0          1
T_world_lidar: 
  0.750067   0.661189 -0.0151177   -1.15289
 -0.661249   0.750165 0.00134343    4.50073
  0.012229 0.00898891   0.999885 -0.0372833
         0          0          0          1
v_world_imu:  0.354126 -0.192469 0.0777529
frame_24
id: 1553
stamp: 1718924481.900018215
T_odom_lidar: 
   0.698698    0.715334  -0.0109133    -1.13397
  -0.715195     0.69878   0.0142221     4.46695
  0.0177995 -0.00213182    0.999839   -0.027823
          0           0           0           1
T_world_lidar: 
   0.698698    0.715334  -0.0109133    -1.13397
  -0.715195     0.69878   0.0142221     4.46695
  0.0177995 -0.00213182    0.999839   -0.027823
          0           0           0           1
v_world_imu:  0.294629 -0.169225 0.0963717
frame_25
id: 1554
stamp: 1718924482.099899054
T_odom_lidar: 
  0.625389    0.77983  -0.027449    -1.0876
 -0.779978   0.625764 0.00729464    4.42442
 0.0228652  0.0168476   0.999597 -0.0203322
         0          0          0          1
T_world_lidar: 
  0.625389    0.77983  -0.027449    -1.0876
 -0.779978   0.625764 0.00729464    4.42442
 0.0228652  0.0168476   0.999597 -0.0203322
         0          0          0          1
v_world_imu:   0.361121 -0.0963668  0.0184153
frame_26
id: 1555
stamp: 1718924482.199938059
T_odom_lidar: 
  0.601585   0.798251 -0.0298598   -1.06039
 -0.798483   0.601987 0.00604868     4.4084
 0.0228035  0.0202037   0.999536 -0.0171567
         0          0          0          1
T_world_lidar: 
  0.601585   0.798251 -0.0298598   -1.06039
 -0.798483   0.601987 0.00604868     4.4084
 0.0228035  0.0202037   0.999536 -0.0171567
         0          0          0          1
v_world_imu:  0.311494 -0.108279 0.0725201
frame_27
id: 1556
stamp: 1718924482.299980164
T_odom_lidar: 
   0.554729    0.831744  -0.0218456    -1.04457
  -0.831676    0.555068   0.0146281     4.38907
  0.0242926   0.0100538    0.999654 -0.00749093
          0           0           0           1
T_world_lidar: 
   0.554729    0.831744  -0.0218456    -1.04457
  -0.831676    0.555068   0.0146281     4.38907
  0.0242926   0.0100538    0.999654 -0.00749093
          0           0           0           1
v_world_imu:  0.236157 -0.101648 0.0911888
frame_28
id: 1557
stamp: 1718924482.399994135
T_odom_lidar: 
  0.517665   0.855434 -0.0159749    -1.0321
 -0.855366   0.517864  0.0128652    4.36764
 0.0192781 0.00700456    0.99979 0.00297148
         0          0          0          1
T_world_lidar: 
  0.517665   0.855434 -0.0159749    -1.0321
 -0.855366   0.517864  0.0128652    4.36764
 0.0192781 0.00700456    0.99979 0.00297148
         0          0          0          1
v_world_imu:  0.194254 -0.167127  0.138963
frame_29
id: 1558
stamp: 1718924482.499951124
T_odom_lidar: 
   0.465029    0.885274 -0.00611088    -1.02741
  -0.885146    0.465067   0.0151243     4.33927
  0.0162311 -0.00162423    0.999867    0.012642
          0           0           0           1
T_world_lidar: 
   0.465029    0.885274 -0.00611088    -1.02741
  -0.885146    0.465067   0.0151243     4.33927
  0.0162311 -0.00162423    0.999867    0.012642
          0           0           0           1
v_world_imu:  0.121008 -0.243883 0.0756983
frame_30
id: 1559
stamp: 1718924482.599971056
T_odom_lidar: 
  0.426758   0.904226 -0.0159139   -1.02792
 -0.904323   0.426842 0.00215455    4.30208
0.00874094  0.0134719   0.999871  0.0194791
         0          0          0          1
T_world_lidar: 
  0.426758   0.904226 -0.0159139   -1.02792
 -0.904323   0.426842 0.00215455    4.30208
0.00874094  0.0134719   0.999871  0.0194791
         0          0          0          1
v_world_imu:  0.110681 -0.293884  0.150791
frame_31
id: 1560
stamp: 1718924482.699908018
T_odom_lidar: 
   0.381658    0.924253 -0.00968123    -1.02987
  -0.924192    0.381754   0.0115434     4.26802
  0.0143648  0.00454171    0.999887   0.0349562
          0           0           0           1
T_world_lidar: 
   0.381658    0.924253 -0.00968123    -1.02987
  -0.924192    0.381754   0.0115434     4.26802
  0.0143648  0.00454171    0.999887   0.0349562
          0           0           0           1
v_world_imu: 0.0560066 -0.261138  0.140046
frame_32
id: 1561
stamp: 1718924482.799973011
T_odom_lidar: 
  0.337627   0.941239 -0.0088174   -1.03239
 -0.941146   0.337723  0.0136821     4.2381
 0.0158559 0.00367903   0.999868  0.0490468
         0          0          0          1
T_world_lidar: 
  0.337627   0.941239 -0.0088174   -1.03239
 -0.941146   0.337723  0.0136821     4.2381
 0.0158559 0.00367903   0.999868  0.0490468
         0          0          0          1
v_world_imu:  0.104702 -0.228613   0.14184
frame_33
id: 1562
stamp: 1718924482.899987221
T_odom_lidar: 
  0.311522   0.950152 -0.0128362   -1.02821
 -0.950106   0.311676  0.0125391    4.21251
 0.0159148 0.00828953   0.999839  0.0616988
         0          0          0          1
T_world_lidar: 
  0.311522   0.950152 -0.0128362   -1.02821
 -0.950106   0.311676  0.0125391    4.21251
 0.0159148 0.00828953   0.999839  0.0616988
         0          0          0          1
v_world_imu:  0.115179 -0.227426  0.122127
frame_34
id: 1563
stamp: 1718924482.900018215
T_odom_lidar: 
    0.316455     0.948432   -0.0182614     -1.03181
   -0.948447     0.316696     0.012282       4.1977
   0.0174319    0.0134333     0.999758 -0.000480568
           0            0            0            1
T_world_lidar: 
    0.316455     0.948432   -0.0182614     -1.03181
   -0.948447     0.316696     0.012282       4.1977
   0.0174319    0.0134333     0.999758 -0.000480568
           0            0            0            1
v_world_imu:  0.0385673  -0.222317 0.00403289
frame_35
id: 1564
stamp: 1718924483.099976063
T_odom_lidar: 
  0.297774    0.95421 -0.0285372   -1.01976
  -0.95435   0.298284  0.0155699    4.15101
 0.0233691  0.0225981   0.999471 0.00350357
         0          0          0          1
T_world_lidar: 
  0.297774    0.95421 -0.0285372   -1.01976
  -0.95435   0.298284  0.0155699    4.15101
 0.0233691  0.0225981   0.999471 0.00350357
         0          0          0          1
v_world_imu: 0.0927746  -0.23595 0.0383364
frame_36
id: 1565
stamp: 1718924483.199975014
T_odom_lidar: 
  0.296602   0.954691 -0.0243355    -1.0099
 -0.954705   0.297048  0.0173345    4.12778
 0.0237779  0.0180918   0.999554 0.00638484
         0          0          0          1
T_world_lidar: 
  0.296602   0.954691 -0.0243355    -1.0099
 -0.954705   0.297048  0.0173345    4.12778
 0.0237779  0.0180918   0.999554 0.00638484
         0          0          0          1
v_world_imu:  0.109083 -0.226562   0.01669
frame_37
id: 1566
stamp: 1718924483.299992085
T_odom_lidar: 
  0.294987   0.955339 -0.0176076  -0.998524
 -0.955226   0.295294  0.0185877    4.10626
  0.022957  0.0113362   0.999672 0.00773299
         0          0          0          1
T_world_lidar: 
  0.294987   0.955339 -0.0176076  -0.998524
 -0.955226   0.295294  0.0185877    4.10626
  0.022957  0.0113362   0.999672 0.00773299
         0          0          0          1
v_world_imu:  0.115689 -0.202408 0.0101901
frame_38
id: 1567
stamp: 1718924483.399993181
T_odom_lidar: 
   0.29035   0.956839 -0.0124985  -0.987835
 -0.956626    0.29056  0.0210006    4.08682
 0.0237258 0.00585888   0.999701 0.00950861
         0          0          0          1
T_world_lidar: 
   0.29035   0.956839 -0.0124985  -0.987835
 -0.956626    0.29056  0.0210006    4.08682
 0.0237258 0.00585888   0.999701 0.00950861
         0          0          0          1
v_world_imu:  0.118352 -0.178316 0.0187157
frame_39
id: 1568
stamp: 1718924483.500002146
T_odom_lidar: 
   0.285218    0.958415 -0.00951999   -0.978465
   -0.95816    0.285363   0.0222865     4.06815
  0.0240764  0.00276517    0.999706   0.0106344
          0           0           0           1
T_world_lidar: 
   0.285218    0.958415 -0.00951999   -0.978465
   -0.95816    0.285363   0.0222865     4.06815
  0.0240764  0.00276517    0.999706   0.0106344
          0           0           0           1
v_world_imu: 0.0955238 -0.195772 0.0117708
frame_40
id: 1569
stamp: 1718924483.599999189
T_odom_lidar: 
  0.286896   0.957881  -0.012434  -0.969321
 -0.957683   0.287102  0.0204044    4.04668
 0.0231148 0.00605388   0.999714  0.0109979
         0          0          0          1
T_world_lidar: 
  0.286896   0.957881  -0.012434  -0.969321
 -0.957683   0.287102  0.0204044    4.04668
 0.0231148 0.00605388   0.999714  0.0109979
         0          0          0          1
v_world_imu:   0.0828834   -0.234983 -0.00130015
frame_41
id: 1570
stamp: 1718924483.699908018
T_odom_lidar: 
  0.287415   0.957694 -0.0146921  -0.960609
 -0.957538   0.287663  0.0192459    4.02208
 0.0226581 0.00853672   0.999707  0.0114851
         0          0          0          1
T_world_lidar: 
  0.287415   0.957694 -0.0146921  -0.960609
 -0.957538   0.287663  0.0192459    4.02208
 0.0226581 0.00853672   0.999707  0.0114851
         0          0          0          1
v_world_imu:  0.0911139  -0.249643 0.00478845
frame_42
id: 1571
stamp: 1718924483.800022125
T_odom_lidar: 
  0.286768   0.957875 -0.0154786  -0.951286
 -0.957739    0.28703  0.0187299    3.99687
 0.0223837 0.00945328   0.999705  0.0115172
         0          0          0          1
T_world_lidar: 
  0.286768   0.957875 -0.0154786  -0.951286
 -0.957739    0.28703  0.0187299    3.99687
 0.0223837 0.00945328   0.999705  0.0115172
         0          0          0          1
v_world_imu:  0.0980327  -0.253538 0.00423216
frame_43
id: 1572
stamp: 1718924483.900027037
T_odom_lidar: 
  0.285502   0.958248 -0.0158152  -0.941473
 -0.958097   0.285779  0.0195103    3.97188
 0.0232154 0.00958228   0.999685   0.012472
         0          0          0          1
T_world_lidar: 
  0.285502   0.958248 -0.0158152  -0.941473
 -0.958097   0.285779  0.0195103    3.97188
 0.0232154 0.00958228   0.999685   0.012472
         0          0          0          1
v_world_imu:   0.103946  -0.238646 0.00889343
frame_44
id: 1573
stamp: 1718924484.099986076
T_odom_lidar: 
  0.283606   0.958805 -0.0161213  -0.922731
 -0.958633   0.283901  0.0205725    3.92129
 0.0243018 0.00961988   0.999658  0.0135449
         0          0          0          1
T_world_lidar: 
  0.283606   0.958805 -0.0161213  -0.922731
 -0.958633   0.283901  0.0205725    3.92129
 0.0243018 0.00961988   0.999658  0.0135449
         0          0          0          1
v_world_imu:  0.0889356  -0.263043 0.00280978
frame_45
id: 1574
stamp: 1718924484.199985981
T_odom_lidar: 
  0.282062   0.959246 -0.0169505  -0.914046
   -0.9591    0.28237  0.0198658    3.89502
 0.0238425  0.0106538   0.999659  0.0144363
         0          0          0          1
T_world_lidar: 
  0.282062   0.959246 -0.0169505  -0.914046
   -0.9591    0.28237  0.0198658    3.89502
 0.0238425  0.0106538   0.999659  0.0144363
         0          0          0          1
v_world_imu: 0.0952415 -0.256489  0.021131
frame_46
id: 1575
stamp: 1718924484.299984932
T_odom_lidar: 
  0.280184   0.959782 -0.0177591  -0.904545
  -0.95965   0.280509  0.0196815    3.86921
 0.0238715   0.011528   0.999649  0.0165486
         0          0          0          1
T_world_lidar: 
  0.280184   0.959782 -0.0177591  -0.904545
  -0.95965   0.280509  0.0196815    3.86921
 0.0238715   0.011528   0.999649  0.0165486
         0          0          0          1
v_world_imu:  0.100089 -0.263966 0.0205489
frame_47
id: 1576
stamp: 1718924484.399976969
T_odom_lidar: 
  0.257715   0.966069 -0.0171133  -0.900944
 -0.965992   0.257999  0.0172016    3.83961
 0.0210332  0.0120982   0.999706   0.017087
         0          0          0          1
T_world_lidar: 
  0.257715   0.966069 -0.0171133  -0.900944
 -0.965992   0.257999  0.0172016    3.83961
 0.0210332  0.0120982   0.999706   0.017087
         0          0          0          1
v_world_imu: 0.0921523  -0.27595 0.0165768
frame_48
id: 1577
stamp: 1718924484.499994993
T_odom_lidar: 
  0.228156   0.973552 -0.0118547  -0.899351
 -0.973462   0.228323  0.0154739     3.8096
 0.0177713  0.0080097    0.99981  0.0175874
         0          0          0          1
T_world_lidar: 
  0.228156   0.973552 -0.0118547  -0.899351
 -0.973462   0.228323  0.0154739     3.8096
 0.0177713  0.0080097    0.99981  0.0175874
         0          0          0          1
v_world_imu:  0.108765 -0.267596 0.0241167
frame_49
id: 1578
stamp: 1718924484.599998951
T_odom_lidar: 
  0.215603   0.976419 -0.0109804  -0.893377
 -0.976285   0.215772   0.017591    3.78155
 0.0195455 0.00692736   0.999785  0.0212017
         0          0          0          1
T_world_lidar: 
  0.215603   0.976419 -0.0109804  -0.893377
 -0.976285   0.215772   0.017591    3.78155
 0.0195455 0.00692736   0.999785  0.0212017
         0          0          0          1
v_world_imu: 0.0670837 -0.273174 0.0223323
frame_50
id: 1579
stamp: 1718924484.699985027
T_odom_lidar: 
  0.200671   0.979558 -0.0140161  -0.892993
 -0.979505   0.200873  0.0148584    3.75246
 0.0173701  0.0107472   0.999791  0.0223185
         0          0          0          1
T_world_lidar: 
  0.200671   0.979558 -0.0140161  -0.892993
 -0.979505   0.200873  0.0148584    3.75246
 0.0173701  0.0107472   0.999791  0.0223185
         0          0          0          1
v_world_imu:   0.028375  -0.287407 0.00617008
frame_51
id: 1580
stamp: 1718924484.799981117
T_odom_lidar: 
  0.205375   0.978596 -0.0130534   -0.88825
 -0.978535   0.205558   0.014648    3.72387
 0.0170177 0.00976486   0.999808  0.0232592
         0          0          0          1
T_world_lidar: 
  0.205375   0.978596 -0.0130534   -0.88825
 -0.978535   0.205558   0.014648    3.72387
 0.0170177 0.00976486   0.999808  0.0232592
         0          0          0          1
v_world_imu: 0.0442324 -0.290689 0.0104084
frame_52
id: 1581
stamp: 1718924484.900010824
T_odom_lidar: 
  0.216405   0.976224  -0.012464  -0.881427
 -0.976124   0.216592  0.0164086    3.69651
 0.0187181 0.00861552   0.999788  0.0260352
         0          0          0          1
T_world_lidar: 
  0.216405   0.976224  -0.012464  -0.881427
 -0.976124   0.216592  0.0164086    3.69651
 0.0187181 0.00861552   0.999788  0.0260352
         0          0          0          1
v_world_imu: 0.0503093 -0.275468 0.0154529
frame_53
id: 1582
stamp: 1718924485.099995852
T_odom_lidar: 
  0.236849   0.971453   -0.01344  -0.864477
  -0.97132    0.23707  0.0183028    3.64282
 0.0209665 0.00871954   0.999742  0.0306763
         0          0          0          1
T_world_lidar: 
  0.236849   0.971453   -0.01344  -0.864477
  -0.97132    0.23707  0.0183028    3.64282
 0.0209665 0.00871954   0.999742  0.0306763
         0          0          0          1
v_world_imu: 0.0682593 -0.277806 0.0242052
frame_54
id: 1583
stamp: 1718924485.199985027
T_odom_lidar: 
   0.24677   0.968977 -0.0137452  -0.854988
 -0.968773   0.247022  0.0214283     3.6167
 0.0241589 0.00802817   0.999676  0.0316926
         0          0          0          1
T_world_lidar: 
   0.24677   0.968977 -0.0137452  -0.854988
 -0.968773   0.247022  0.0214283     3.6167
 0.0241589 0.00802817   0.999676  0.0316926
         0          0          0          1
v_world_imu:  0.0696818  -0.267907 -0.0203185
frame_55
id: 1584
stamp: 1718924485.299999952
T_odom_lidar: 
  0.253481   0.967259 -0.0125476  -0.846831
 -0.966997   0.253715  0.0233695    3.59005
 0.0257878 0.00620973   0.999648  0.0286923
         0          0          0          1
T_world_lidar: 
  0.253481   0.967259 -0.0125476  -0.846831
 -0.966997   0.253715  0.0233695    3.59005
 0.0257878 0.00620973   0.999648  0.0286923
         0          0          0          1
v_world_imu:  0.0602084  -0.279778 -0.0417659
frame_56
id: 1585
stamp: 1718924485.400007963
T_odom_lidar: 
  0.260606   0.965391 -0.0102228  -0.838789
  -0.96505   0.260788  0.0258471    3.56272
 0.0276186 0.00312956   0.999614  0.0263646
         0          0          0          1
T_world_lidar: 
  0.260606   0.965391 -0.0102228  -0.838789
  -0.96505   0.260788  0.0258471    3.56272
 0.0276186 0.00312956   0.999614  0.0263646
         0          0          0          1
v_world_imu:    0.06902  -0.270642 -0.0197885
frame_57
id: 1586
stamp: 1718924485.499998808
T_odom_lidar: 
  0.267853   0.963395 -0.0111527  -0.828972
 -0.962997   0.268065  0.0278757    3.53772
  0.029845 0.00327343   0.999549  0.0244039
         0          0          0          1
T_world_lidar: 
  0.267853   0.963395 -0.0111527  -0.828972
 -0.962997   0.268065  0.0278757    3.53772
  0.029845 0.00327343   0.999549  0.0244039
         0          0          0          1
v_world_imu:  0.0889848  -0.252834 -0.0288317
frame_58
id: 1587
stamp: 1718924485.599998951
T_odom_lidar: 
  0.272564   0.962075  -0.010985  -0.819068
 -0.961662    0.27277  0.0283212    3.51294
 0.0302435 0.00284458   0.999539  0.0197799
         0          0          0          1
T_world_lidar: 
  0.272564   0.962075  -0.010985  -0.819068
 -0.961662    0.27277  0.0283212    3.51294
 0.0302435 0.00284458   0.999539  0.0197799
         0          0          0          1
v_world_imu:  0.0851956  -0.252266 -0.0668277
frame_59
id: 1588
stamp: 1718924485.699915171
T_odom_lidar: 
   0.275035    0.961387 -0.00955359   -0.809761
  -0.960942    0.275198   0.0292549     3.48783
  0.0307544  0.00113433    0.999526   0.0131909
          0           0           0           1
T_world_lidar: 
   0.275035    0.961387 -0.00955359   -0.809761
  -0.960942    0.275198   0.0292549     3.48783
  0.0307544  0.00113433    0.999526   0.0131909
          0           0           0           1
v_world_imu: 0.0888018 -0.253764  -0.06262
frame_60
id: 1589
stamp: 1718924485.699986935
T_odom_lidar: 
    0.276042     0.961145 -0.000276967    -0.817873
   -0.960689      0.27592    0.0307442       3.4867
   0.0296261  -0.00822063     0.999527      0.04805
           0            0            0            1
T_world_lidar: 
    0.276042     0.961145 -0.000276967    -0.817873
   -0.960689      0.27592    0.0307442       3.4867
   0.0296261  -0.00822063     0.999527      0.04805
           0            0            0            1
v_world_imu:  0.0643081  -0.245782 -0.0755536
frame_61
id: 1590
stamp: 1718924485.799994946
T_odom_lidar: 
  0.279938   0.960016 0.00218527  -0.810089
 -0.959532   0.279723  0.0324578    3.46317
 0.0305488  -0.011183   0.999471  0.0416515
         0          0          0          1
T_world_lidar: 
  0.279938   0.960016 0.00218527  -0.810089
 -0.959532   0.279723  0.0324578    3.46317
 0.0305488  -0.011183   0.999471  0.0416515
         0          0          0          1
v_world_imu:  0.0660718  -0.233908 -0.0570335
frame_62
id: 1591
stamp: 1718924485.900013924
T_odom_lidar: 
  0.283091    0.95909 0.00236425  -0.801475
 -0.958583   0.282859  0.0333222    3.44085
 0.0312902 -0.0116995   0.999442  0.0355976
         0          0          0          1
T_world_lidar: 
  0.283091    0.95909 0.00236425  -0.801475
 -0.958583   0.282859  0.0333222    3.44085
 0.0312902 -0.0116995   0.999442  0.0355976
         0          0          0          1
v_world_imu:  0.0880562   -0.22205 -0.0648137
frame_63
id: 1592
stamp: 1718924486.099996328
T_odom_lidar: 
  0.286516   0.958074  0.0017659  -0.781712
 -0.957628   0.286325  0.0310886    3.39762
 0.0292795 -0.0105985   0.999515  0.0228903
         0          0          0          1
T_world_lidar: 
  0.286516   0.958074  0.0017659  -0.781712
 -0.957628   0.286325  0.0310886    3.39762
 0.0292795 -0.0105985   0.999515  0.0228903
         0          0          0          1
v_world_imu:   0.114498  -0.215018 -0.0651716
frame_64
id: 1593
stamp: 1718924486.199999332
T_odom_lidar: 
   0.260686    0.965422  0.00152227   -0.776262
     -0.965    0.260525   0.0300362     3.37257
   0.028601 -0.00929902    0.999548   0.0178605
          0           0           0           1
T_world_lidar: 
   0.260686    0.965422  0.00152227   -0.776262
     -0.965    0.260525   0.0300362     3.37257
   0.028601 -0.00929902    0.999548   0.0178605
          0           0           0           1
v_world_imu:   0.120161  -0.238356 -0.0358598
frame_65
id: 1594
stamp: 1718924486.299975157
T_odom_lidar: 
  0.233208   0.972414 0.00502398  -0.771064
 -0.972008   0.232953  0.0305695    3.34505
 0.0285558 -0.0120124    0.99952  0.0145506
         0          0          0          1
T_world_lidar: 
  0.233208   0.972414 0.00502398  -0.771064
 -0.972008   0.232953  0.0305695    3.34505
 0.0285558 -0.0120124    0.99952  0.0145506
         0          0          0          1
v_world_imu:   0.120298  -0.256311 -0.0356243
frame_66
id: 1595
stamp: 1718924486.400006294
T_odom_lidar: 
  0.207975   0.978102 0.00795716  -0.765006
 -0.977674   0.207621  0.0323696    3.31709
 0.0300087 -0.0145116   0.999444  0.0135471
         0          0          0          1
T_world_lidar: 
  0.207975   0.978102 0.00795716  -0.765006
 -0.977674   0.207621  0.0323696    3.31709
 0.0300087 -0.0145116   0.999444  0.0135471
         0          0          0          1
v_world_imu:   0.129444  -0.251682 -0.0195857
frame_67
id: 1596
stamp: 1718924486.499994278
T_odom_lidar: 
  0.173602   0.984745  0.0118219  -0.760595
 -0.984362   0.173145  0.0324505    3.28941
 0.0299085 -0.0172705   0.999403  0.0125123
         0          0          0          1
T_world_lidar: 
  0.173602   0.984745  0.0118219  -0.760595
 -0.984362   0.173145  0.0324505    3.28941
 0.0299085 -0.0172705   0.999403  0.0125123
         0          0          0          1
v_world_imu:     0.130755    -0.250344 -0.000433526
frame_68
id: 1597
stamp: 1718924486.599991322
T_odom_lidar: 
  0.135946   0.990624  0.0135429  -0.758302
 -0.990309   0.135485   0.030526    3.26256
  0.028405 -0.0175616   0.999442   0.011133
         0          0          0          1
T_world_lidar: 
  0.135946   0.990624  0.0135429  -0.758302
 -0.990309   0.135485   0.030526    3.26256
  0.028405 -0.0175616   0.999442   0.011133
         0          0          0          1
v_world_imu:   0.100785  -0.227978 -0.0188449
frame_69
id: 1598
stamp: 1718924486.699907064
T_odom_lidar: 
 0.0873072   0.996032  0.0172346   -0.76378
 -0.995825     0.0868  0.0282593    3.23777
 0.0266512 -0.0196299   0.999452 0.00983909
         0          0          0          1
T_world_lidar: 
 0.0873072   0.996032  0.0172346   -0.76378
 -0.995825     0.0868  0.0282593    3.23777
 0.0266512 -0.0196299   0.999452 0.00983909
         0          0          0          1
v_world_imu:  0.0359229  -0.215872 -0.0236488
frame_70
id: 1599
stamp: 1718924486.799961090
T_odom_lidar: 
  0.0301331    0.999467  -0.0125464   -0.781904
  -0.999509   0.0302375   0.0082169     3.21054
  0.0085919   0.0122927    0.999888 -0.00242731
          0           0           0           1
T_world_lidar: 
  0.0301331    0.999467  -0.0125464   -0.781904
  -0.999509   0.0302375   0.0082169     3.21054
  0.0085919   0.0122927    0.999888 -0.00242731
          0           0           0           1
v_world_imu: -0.0951901   -0.27414  -0.172679
frame_71
id: 1600
stamp: 1718924486.900030136
T_odom_lidar: 
 -0.0145067    0.999737  -0.0177869   -0.801749
  -0.999774  -0.0142264   0.0157848     3.18282
  0.0155276   0.0180119    0.999717 -0.00610853
          0           0           0           1
T_world_lidar: 
 -0.0145067    0.999737  -0.0177869   -0.801749
  -0.999774  -0.0142264   0.0157848     3.18282
  0.0155276   0.0180119    0.999717 -0.00610853
          0           0           0           1
v_world_imu: -0.0958318  -0.224457 -0.0368892
frame_72
id: 1601
stamp: 1718924487.099961281
T_odom_lidar: 
 -0.113077   0.993177 -0.0285001  -0.828757
 -0.993544  -0.112763  0.0124212    3.13505
0.00912274  0.0297207   0.999517 -0.0234212
         0          0          0          1
T_world_lidar: 
 -0.113077   0.993177 -0.0285001  -0.828757
 -0.993544  -0.112763  0.0124212    3.13505
0.00912274  0.0297207   0.999517 -0.0234212
         0          0          0          1
v_world_imu: 0.0380962 -0.249886 -0.109719
frame_73
id: 1602
stamp: 1718924487.199989319
T_odom_lidar: 
 -0.151997    0.98802 -0.0267232  -0.832616
 -0.988333  -0.151667  0.0139788    3.10867
0.00975828  0.0285362   0.999545  -0.026911
         0          0          0          1
T_world_lidar: 
 -0.151997    0.98802 -0.0267232  -0.832616
 -0.988333  -0.151667  0.0139788    3.10867
0.00975828  0.0285362   0.999545  -0.026911
         0          0          0          1
v_world_imu: 0.0841068 -0.272569 0.0635344
frame_74
id: 1603
stamp: 1718924487.299973249
T_odom_lidar: 
 -0.153088   0.987925 -0.0238239  -0.827589
 -0.988102  -0.152665  0.0186769    3.08113
 0.0148143  0.0263997   0.999542 -0.0164528
         0          0          0          1
T_world_lidar: 
 -0.153088   0.987925 -0.0238239  -0.827589
 -0.988102  -0.152665  0.0186769    3.08113
 0.0148143  0.0263997   0.999542 -0.0164528
         0          0          0          1
v_world_imu: 0.0396291 -0.271794  0.106578
frame_75
id: 1604
stamp: 1718924487.399988174
T_odom_lidar: 
 -0.146465   0.989106 -0.0147352  -0.822138
 -0.989017   -0.14612  0.0222485    3.05442
  0.019853   0.017832   0.999644 -0.0052809
         0          0          0          1
T_world_lidar: 
 -0.146465   0.989106 -0.0147352  -0.822138
 -0.989017   -0.14612  0.0222485    3.05442
  0.019853   0.017832   0.999644 -0.0052809
         0          0          0          1
v_world_imu: 0.0329452 -0.262774 0.0935539
frame_76
id: 1605
stamp: 1718924487.499997139
T_odom_lidar: 
 -0.141026    0.98994 -0.0114607  -0.817492
 -0.989766  -0.140727  0.0236603    3.02855
 0.0218095  0.0146801   0.999654 0.00458905
         0          0          0          1
T_world_lidar: 
 -0.141026    0.98994 -0.0114607  -0.817492
 -0.989766  -0.140727  0.0236603    3.02855
 0.0218095  0.0146801   0.999654 0.00458905
         0          0          0          1
v_world_imu: 0.0224771 -0.249012 0.0931831
frame_77
id: 1606
stamp: 1718924487.599993229
T_odom_lidar: 
 -0.134353   0.990843 -0.0133766  -0.814668
 -0.990715  -0.134027  0.0227955    3.00345
 0.0207939   0.016315   0.999651  0.0106143
         0          0          0          1
T_world_lidar: 
 -0.134353   0.990843 -0.0133766  -0.814668
 -0.990715  -0.134027  0.0227955    3.00345
 0.0207939   0.016315   0.999651  0.0106143
         0          0          0          1
v_world_imu: -0.00117932   -0.250361   0.0609632
frame_78
id: 1607
stamp: 1718924487.699899912
T_odom_lidar: 
  -0.12898   0.991558 -0.0133188   -0.81346
 -0.991392  -0.128631  0.0244144    2.97773
 0.0224951  0.0163531   0.999613  0.0170514
         0          0          0          1
T_world_lidar: 
  -0.12898   0.991558 -0.0133188   -0.81346
 -0.991392  -0.128631  0.0244144    2.97773
 0.0224951  0.0163531   0.999613  0.0170514
         0          0          0          1
v_world_imu: -0.00138767   -0.263088   0.0673002
frame_79
id: 1608
stamp: 1718924487.799983263
T_odom_lidar: 
 -0.124442   0.992147 -0.0125972  -0.812253
 -0.991911  -0.124071  0.0268237    2.95146
 0.0250501  0.0158333   0.999561  0.0232439
         0          0          0          1
T_world_lidar: 
 -0.124442   0.992147 -0.0125972  -0.812253
 -0.991911  -0.124071  0.0268237    2.95146
 0.0250501  0.0158333   0.999561  0.0232439
         0          0          0          1
v_world_imu: 0.000252027   -0.263197   0.0482991
frame_80
id: 1609
stamp: 1718924487.900009155
T_odom_lidar: 
 -0.118974   0.992831 -0.0115009  -0.811066
 -0.992536   -0.11861  0.0283637    2.92482
 0.0267962  0.0147896   0.999532  0.0279766
         0          0          0          1
T_world_lidar: 
 -0.118974   0.992831 -0.0115009  -0.811066
 -0.992536   -0.11861  0.0283637    2.92482
 0.0267962  0.0147896   0.999532  0.0279766
         0          0          0          1
v_world_imu: -0.0104039  -0.271785  0.0399532
frame_81
id: 1610
stamp: 1718924488.099963188
T_odom_lidar: 
 -0.109074   0.993975 -0.0108029  -0.807613
 -0.993597  -0.108697  0.0308329    2.87088
 0.0294729  0.0140968   0.999466  0.0335222
         0          0          0          1
T_world_lidar: 
 -0.109074   0.993975 -0.0108029  -0.807613
 -0.993597  -0.108697  0.0308329    2.87088
 0.0294729  0.0140968   0.999466  0.0335222
         0          0          0          1
v_world_imu: -0.00630874    -0.26506    0.021613
frame_82
id: 1611
stamp: 1718924488.199980259
T_odom_lidar: 
 -0.0952002    0.995445 -0.00507909   -0.805367
   -0.99497  -0.0949925   0.0318021     2.84473
  0.0311748  0.00808111    0.999481   0.0341459
          0           0           0           1
T_world_lidar: 
 -0.0952002    0.995445 -0.00507909   -0.805367
   -0.99497  -0.0949925   0.0318021     2.84473
  0.0311748  0.00808111    0.999481   0.0341459
          0           0           0           1
v_world_imu: -0.0282204  -0.258978 -0.0200266
frame_83
id: 1612
stamp: 1718924488.300006151
T_odom_lidar: 
 -0.0898516    0.995955 0.000824764   -0.807482
  -0.995405  -0.0898295   0.0331485     2.81924
  0.0330885  0.00215747     0.99945   0.0323859
          0           0           0           1
T_world_lidar: 
 -0.0898516    0.995955 0.000824764   -0.807482
  -0.995405  -0.0898295   0.0331485     2.81924
  0.0330885  0.00215747     0.99945   0.0323859
          0           0           0           1
v_world_imu: -0.0395012  -0.249709 -0.0154528
frame_84
id: 1613
stamp: 1718924488.399995327
T_odom_lidar: 
 -0.0869447    0.996202  0.00466533   -0.810159
  -0.995607  -0.0870541   0.0344572     2.79501
  0.0347324 -0.00164897    0.999395    0.031477
          0           0           0           1
T_world_lidar: 
 -0.0869447    0.996202  0.00466533   -0.810159
  -0.995607  -0.0870541   0.0344572     2.79501
  0.0347324 -0.00164897    0.999395    0.031477
          0           0           0           1
v_world_imu:  -0.0311121   -0.238186 -0.00891181
frame_85
id: 1614
stamp: 1718924488.499993324
T_odom_lidar: 
 -0.0867162    0.996213   0.0062633   -0.813128
  -0.995593   -0.086884    0.035283      2.7713
  0.0356935 -0.00317609    0.999358   0.0302468
          0           0           0           1
T_world_lidar: 
 -0.0867162    0.996213   0.0062633   -0.813128
  -0.995593   -0.086884    0.035283      2.7713
  0.0356935 -0.00317609    0.999358   0.0302468
          0           0           0           1
v_world_imu: -0.0359327   -0.23703 -0.0118807
frame_86
id: 1615
stamp: 1718924488.599992275
T_odom_lidar: 
-0.0880718   0.996084 0.00774391  -0.817317
 -0.995462 -0.0882927  0.0355014    2.74747
 0.0360461 -0.0045821    0.99934  0.0293136
         0          0          0          1
T_world_lidar: 
-0.0880718   0.996084 0.00774391  -0.817317
 -0.995462 -0.0882927  0.0355014    2.74747
 0.0360461 -0.0045821    0.99934  0.0293136
         0          0          0          1
v_world_imu:  -0.0423372   -0.240377 -0.00364024
frame_87
id: 1616
stamp: 1718924488.699909925
T_odom_lidar: 
 -0.0938558    0.995541  0.00943514   -0.823483
  -0.994909  -0.0941373   0.0359869     2.72361
  0.0367147 -0.00600952    0.999308   0.0291063
          0           0           0           1
T_world_lidar: 
 -0.0938558    0.995541  0.00943514   -0.823483
  -0.994909  -0.0941373   0.0359869     2.72361
  0.0367147 -0.00600952    0.999308   0.0291063
          0           0           0           1
v_world_imu:  -0.0555194    -0.24079 -0.00388206
frame_88
id: 1617
stamp: 1718924488.799996138
T_odom_lidar: 
 -0.0981002    0.995131  0.00949326   -0.830496
  -0.994477  -0.0983844   0.0365516     2.69973
  0.0373076 -0.00585511    0.999287   0.0293807
          0           0           0           1
T_world_lidar: 
 -0.0981002    0.995131  0.00949326   -0.830496
  -0.994477  -0.0983844   0.0365516     2.69973
  0.0373076 -0.00585511    0.999287   0.0293807
          0           0           0           1
v_world_imu: -0.0577038  -0.238042 0.00322763
frame_89
id: 1618
stamp: 1718924488.900028944
T_odom_lidar: 
  -0.100679     0.99487  0.00987288   -0.835395
  -0.994189    -0.10098   0.0372953     2.67666
  0.0381009 -0.00606065    0.999256   0.0297241
          0           0           0           1
T_world_lidar: 
  -0.100679     0.99487  0.00987288   -0.835395
  -0.994189    -0.10098   0.0372953     2.67666
  0.0381009 -0.00606065    0.999256   0.0297241
          0           0           0           1
v_world_imu: -0.0269204  -0.226582 0.00136176
frame_90
id: 1619
stamp: 1718924489.099985123
T_odom_lidar: 
  -0.101804    0.994753   0.0101676   -0.841689
  -0.994023   -0.102123   0.0385881     2.63092
  0.0394239 -0.00617845    0.999203   0.0292422
          0           0           0           1
T_world_lidar: 
  -0.101804    0.994753   0.0101676   -0.841689
  -0.994023   -0.102123   0.0385881     2.63092
  0.0394239 -0.00617845    0.999203   0.0292422
          0           0           0           1
v_world_imu:  -0.0310618   -0.234997 -0.00359615
frame_91
id: 1620
stamp: 1718924489.199982166
T_odom_lidar: 
 -0.0981133    0.995139  0.00848597   -0.843478
  -0.994367  -0.0983737   0.0394681     2.60802
  0.0401111 -0.00456582    0.999185   0.0296146
          0           0           0           1
T_world_lidar: 
 -0.0981133    0.995139  0.00848597   -0.843478
  -0.994367  -0.0983737   0.0394681     2.60802
  0.0401111 -0.00456582    0.999185   0.0296146
          0           0           0           1
v_world_imu:   -0.02388  -0.223039 0.00670804
frame_92
id: 1621
stamp: 1718924489.299993038
T_odom_lidar: 
 -0.0957073     0.99539  0.00622342   -0.845742
  -0.994598  -0.0958798   0.0397657     2.58585
  0.0401791 -0.00238393     0.99919   0.0301558
          0           0           0           1
T_world_lidar: 
 -0.0957073     0.99539  0.00622342   -0.845742
  -0.994598  -0.0958798   0.0397657     2.58585
  0.0401791 -0.00238393     0.99919   0.0301558
          0           0           0           1
v_world_imu: -0.0321384  -0.223949 0.00703853
frame_93
id: 1622
stamp: 1718924489.399978161
T_odom_lidar: 
  -0.0946124     0.995505   0.00439093    -0.849038
   -0.994721   -0.0947121    0.0395018      2.56335
   0.0397401 -0.000630393      0.99921    0.0311494
           0            0            0            1
T_world_lidar: 
  -0.0946124     0.995505   0.00439093    -0.849038
   -0.994721   -0.0947121    0.0395018      2.56335
   0.0397401 -0.000630393      0.99921    0.0311494
           0            0            0            1
v_world_imu: -0.0345062  -0.221377  0.0122082
frame_94
id: 1623
stamp: 1718924489.499994040
T_odom_lidar: 
 -0.0936813    0.995598  0.00277978   -0.851321
  -0.994819  -0.0937179   0.0393877     2.54193
  0.0394748 0.000924512     0.99922   0.0325816
          0           0           0           1
T_world_lidar: 
 -0.0936813    0.995598  0.00277978   -0.851321
  -0.994819  -0.0937179   0.0393877     2.54193
  0.0394748 0.000924512     0.99922   0.0325816
          0           0           0           1
v_world_imu: -0.0203863   -0.20704  0.0169955
frame_95
id: 1624
stamp: 1718924489.599981070
T_odom_lidar: 
-0.0945221   0.995521  0.0016388  -0.854414
 -0.994724 -0.0945121  0.0398848    2.52108
 0.0398611 0.00213984   0.999203  0.0332609
         0          0          0          1
T_world_lidar: 
-0.0945221   0.995521  0.0016388  -0.854414
 -0.994724 -0.0945121  0.0398848    2.52108
 0.0398611 0.00213984   0.999203  0.0332609
         0          0          0          1
v_world_imu: -0.0324673  -0.212099 0.00121457
frame_96
id: 1625
stamp: 1718924489.699981213
T_odom_lidar: 
 -0.0960656    0.995375 0.000684111   -0.857915
  -0.994541  -0.0960132   0.0408553     2.49943
   0.040732  0.00324441    0.999165     0.03363
          0           0           0           1
T_world_lidar: 
 -0.0960656    0.995375 0.000684111   -0.857915
  -0.994541  -0.0960132   0.0408553     2.49943
   0.040732  0.00324441    0.999165     0.03363
          0           0           0           1
v_world_imu: -0.0328164  -0.220203 0.00297321
frame_97
id: 1626
stamp: 1718924489.799995184
T_odom_lidar: 
   -0.10951    0.993977  0.00407935   -0.864566
  -0.993142   -0.109585    0.040732     2.47653
  0.0409337 0.000409184    0.999162   0.0343168
          0           0           0           1
T_world_lidar: 
   -0.10951    0.993977  0.00407935   -0.864566
  -0.993142   -0.109585    0.040732     2.47653
  0.0409337 0.000409184    0.999162   0.0343168
          0           0           0           1
v_world_imu: -0.0202176  -0.238648  0.0100617
frame_98
id: 1627
stamp: 1718924489.900014877
T_odom_lidar: 
  -0.10089   0.994897 0.00101751   -0.86364
 -0.994042  -0.100845  0.0413682    2.45226
 0.0412597 0.00316219   0.999143  0.0359472
         0          0          0          1
T_world_lidar: 
  -0.10089   0.994897 0.00101751   -0.86364
 -0.994042  -0.100845  0.0413682    2.45226
 0.0412597 0.00316219   0.999143  0.0359472
         0          0          0          1
v_world_imu: -0.0109286  -0.241823  0.0189469
frame_99
id: 1628
stamp: 1718924490.099988937
T_odom_lidar: 
   -0.101372     0.994848 -0.000784347    -0.866013
   -0.993974     -0.10125    0.0420094      2.40679
   0.0417136    0.0050382     0.999117    0.0390264
           0            0            0            1
T_world_lidar: 
   -0.101372     0.994848 -0.000784347    -0.866013
   -0.993974     -0.10125    0.0420094      2.40679
   0.0417136    0.0050382     0.999117    0.0390264
           0            0            0            1
v_world_imu: -0.0137423  -0.216757  0.0159811
frame_100
id: 1629
stamp: 1718924490.199991941
T_odom_lidar: 
   -0.101202     0.994866 -0.000893732    -0.867466
   -0.994004    -0.101077    0.0417012      2.38472
   0.0413968    0.0051086      0.99913    0.0402416
           0            0            0            1
T_world_lidar: 
   -0.101202     0.994866 -0.000893732    -0.867466
   -0.994004    -0.101077    0.0417012      2.38472
   0.0413968    0.0051086      0.99913    0.0402416
           0            0            0            1
v_world_imu: -0.0193011  -0.227973 0.00936915
frame_101
id: 1630
stamp: 1718924490.300002098
T_odom_lidar: 
-0.0987861   0.995107 -0.0020674  -0.869149
 -0.994254  -0.098615  0.0416411    2.36132
 0.0412335 0.00616908    0.99913  0.0414187
         0          0          0          1
T_world_lidar: 
-0.0987861   0.995107 -0.0020674  -0.869149
 -0.994254  -0.098615  0.0416411    2.36132
 0.0412335 0.00616908    0.99913  0.0414187
         0          0          0          1
v_world_imu: -0.0210935  -0.238468 0.00869634
frame_102
id: 1631
stamp: 1718924490.399991989
T_odom_lidar: 
 -0.0983128    0.995151 -0.00291557   -0.871245
  -0.994313  -0.0981086   0.0414213     2.33744
  0.0409344  0.00697123    0.999138   0.0411433
          0           0           0           1
T_world_lidar: 
 -0.0983128    0.995151 -0.00291557   -0.871245
  -0.994313  -0.0981086   0.0414213     2.33744
  0.0409344  0.00697123    0.999138   0.0411433
          0           0           0           1
v_world_imu:  -0.0237527   -0.238823 -0.00588828
frame_103
id: 1632
stamp: 1718924490.499997139
T_odom_lidar: 
 -0.0974885    0.995232 -0.00301051   -0.873109
  -0.994395  -0.0972813   0.0414113     2.31389
  0.0409209  0.00703076    0.999138   0.0403389
          0           0           0           1
T_world_lidar: 
 -0.0974885    0.995232 -0.00301051   -0.873109
  -0.994395  -0.0972813   0.0414113     2.31389
  0.0409209  0.00703076    0.999138   0.0403389
          0           0           0           1
v_world_imu:  -0.0186787   -0.231327 -0.00690969
frame_104
id: 1633
stamp: 1718924490.599998951
T_odom_lidar: 
 -0.0985056    0.995132 -0.00290276   -0.875359
  -0.994308  -0.0983042   0.0410758      2.2908
  0.0405905  0.00693243    0.999152   0.0394749
          0           0           0           1
T_world_lidar: 
 -0.0985056    0.995132 -0.00290276   -0.875359
  -0.994308  -0.0983042   0.0410758      2.2908
  0.0405905  0.00693243    0.999152   0.0394749
          0           0           0           1
v_world_imu:  -0.0216862   -0.232444 -0.00739141
frame_105
id: 1634
stamp: 1718924490.699912310
T_odom_lidar: 
 -0.0980189    0.995181 -0.00267527   -0.877437
  -0.994344  -0.0978252   0.0413626     2.26768
  0.0409015  0.00671445    0.999141   0.0389108
          0           0           0           1
T_world_lidar: 
 -0.0980189    0.995181 -0.00267527   -0.877437
  -0.994344  -0.0978252   0.0413626     2.26768
  0.0409015  0.00671445    0.999141   0.0389108
          0           0           0           1
v_world_imu:  -0.0190192   -0.228672 -0.00582079
frame_106
id: 1635
stamp: 1718924490.699995041
T_odom_lidar: 
 -0.0961941     0.99536 -0.00206896   -0.879572
  -0.994604  -0.0960395    0.039231     2.26758
  0.0388502  0.00583158    0.999228   0.0260917
          0           0           0           1
T_world_lidar: 
 -0.0961941     0.99536 -0.00206896   -0.879572
  -0.994604  -0.0960395    0.039231     2.26758
  0.0388502  0.00583158    0.999228   0.0260917
          0           0           0           1
v_world_imu: -0.0125906  -0.172152  0.0210099
frame_107
id: 1636
stamp: 1718924490.900025129
T_odom_lidar: 
 -0.0937019    0.995594 -0.00367805   -0.881995
   -0.99482  -0.0934815   0.0399397     2.23335
  0.0394199  0.00740142    0.999195   0.0277452
          0           0           0           1
T_world_lidar: 
 -0.0937019    0.995594 -0.00367805   -0.881995
   -0.99482  -0.0934815   0.0399397     2.23335
  0.0394199  0.00740142    0.999195   0.0277452
          0           0           0           1
v_world_imu: -0.0161153  -0.174539  0.0153409
frame_108
id: 1637
stamp: 1718924490.999960899
T_odom_lidar: 
-0.0916801   0.995781 -0.0039036  -0.882785
 -0.995007  -0.091452  0.0399804    2.21581
 0.0394547 0.00754951   0.999193  0.0292631
         0          0          0          1
T_world_lidar: 
-0.0916801   0.995781 -0.0039036  -0.882785
 -0.995007  -0.091452  0.0399804    2.21581
 0.0394547 0.00754951   0.999193  0.0292631
         0          0          0          1
v_world_imu: -0.0132239  -0.177501  0.0142967
frame_109
id: 1638
stamp: 1718924491.099996805
T_odom_lidar: 
 -0.0934495    0.995618 -0.00341991   -0.884753
  -0.994838  -0.0932387   0.0400469      2.1979
  0.0395526  0.00714462    0.999192   0.0305604
          0           0           0           1
T_world_lidar: 
 -0.0934495    0.995618 -0.00341991   -0.884753
  -0.994838  -0.0932387   0.0400469      2.1979
  0.0395526  0.00714462    0.999192   0.0305604
          0           0           0           1
v_world_imu: -0.0143848  -0.181733  0.0148655
frame_110
id: 1639
stamp: 1718924491.199993849
T_odom_lidar: 
 -0.0909153    0.995851 -0.00381688    -0.88578
  -0.995065  -0.0906892   0.0402657     2.17884
  0.0397525  0.00745881    0.999182   0.0322117
          0           0           0           1
T_world_lidar: 
 -0.0909153    0.995851 -0.00381688    -0.88578
  -0.995065  -0.0906892   0.0402657     2.17884
  0.0397525  0.00745881    0.999182   0.0322117
          0           0           0           1
v_world_imu: -0.0210372  -0.199141  0.0169947
frame_111
id: 1640
stamp: 1718924491.400015116
T_odom_lidar: 
  -0.089315    0.995989 -0.00536673   -0.889547
   -0.99521  -0.0890276   0.0403858     2.13649
   0.039746  0.00894808     0.99917   0.0354564
          0           0           0           1
T_world_lidar: 
  -0.089315    0.995989 -0.00536673   -0.889547
   -0.99521  -0.0890276   0.0403858     2.13649
   0.039746  0.00894808     0.99917   0.0354564
          0           0           0           1
v_world_imu:  -0.02153 -0.222031 0.0187651
frame_112
id: 1641
stamp: 1718924491.599982023
T_odom_lidar: 
 -0.0883693    0.996062 -0.00716013   -0.893755
  -0.995285  -0.0880072   0.0407765     2.09105
  0.0399858   0.0107298    0.999143   0.0383635
          0           0           0           1
T_world_lidar: 
 -0.0883693    0.996062 -0.00716013   -0.893755
  -0.995285  -0.0880072   0.0407765     2.09105
  0.0399858   0.0107298    0.999143   0.0383635
          0           0           0           1
v_world_imu: -0.0185182   -0.22928  0.0084916
frame_113
id: 1642
stamp: 1718924491.699910164
T_odom_lidar: 
 -0.0855903    0.996299 -0.00792392   -0.894904
  -0.995503  -0.0851924   0.0414272     2.06797
  0.0405988   0.0114341     0.99911   0.0391933
          0           0           0           1
T_world_lidar: 
 -0.0855903    0.996299 -0.00792392   -0.894904
  -0.995503  -0.0851924   0.0414272     2.06797
  0.0405988   0.0114341     0.99911   0.0391933
          0           0           0           1
v_world_imu: -0.0218722  -0.233821 0.00729524
frame_114
id: 1643
stamp: 1718924491.799980879
T_odom_lidar: 
-0.0850017   0.996348 -0.0081221   -0.89711
  -0.99554 -0.0845923  0.0417692     2.0447
 0.0409296  0.0116363   0.999094   0.039845
         0          0          0          1
T_world_lidar: 
-0.0850017   0.996348 -0.0081221   -0.89711
  -0.99554 -0.0845923  0.0417692     2.0447
 0.0409296  0.0116363   0.999094   0.039845
         0          0          0          1
v_world_imu: -0.0248657  -0.232818 0.00623954
frame_115
id: 1644
stamp: 1718924491.900021076
T_odom_lidar: 
  -0.086026    0.996263 -0.00767795   -0.899893
  -0.995427  -0.0856275   0.0423398     2.02156
  0.0415242   0.0112852    0.999074   0.0405356
          0           0           0           1
T_world_lidar: 
  -0.086026    0.996263 -0.00767795   -0.899893
  -0.995427  -0.0856275   0.0423398     2.02156
  0.0415242   0.0112852    0.999074   0.0405356
          0           0           0           1
v_world_imu: -0.023139 -0.229529 0.0047621
frame_116
id: 1645
stamp: 1718924492.099989176
T_odom_lidar: 
 -0.0855951    0.996308 -0.00656923   -0.903988
  -0.995423   -0.085234   0.0432321     1.97568
  0.0425126   0.0102396    0.999043   0.0421506
          0           0           0           1
T_world_lidar: 
 -0.0855951    0.996308 -0.00656923   -0.903988
  -0.995423   -0.085234   0.0432321     1.97568
  0.0425126   0.0102396    0.999043   0.0421506
          0           0           0           1
v_world_imu: -0.0257923  -0.229387 0.00571334
frame_117
id: 1646
stamp: 1718924492.199984312
T_odom_lidar: 
 -0.0872139     0.99617 -0.00619301   -0.906892
  -0.995297  -0.0868709   0.0428674     1.95245
  0.0421652  0.00990251    0.999062   0.0426704
          0           0           0           1
T_world_lidar: 
 -0.0872139     0.99617 -0.00619301   -0.906892
  -0.995297  -0.0868709   0.0428674     1.95245
  0.0421652  0.00990251    0.999062   0.0426704
          0           0           0           1
v_world_imu: -0.0236189  -0.235585 0.00907109
frame_118
id: 1647
stamp: 1718924492.299995184
T_odom_lidar: 
 -0.0881593    0.996089 -0.00581645   -0.909238
  -0.995214  -0.0878317   0.0428255     1.92869
  0.0421472  0.00956408    0.999066   0.0434061
          0           0           0           1
T_world_lidar: 
 -0.0881593    0.996089 -0.00581645   -0.909238
  -0.995214  -0.0878317   0.0428255     1.92869
  0.0421472  0.00956408    0.999066   0.0434061
          0           0           0           1
v_world_imu:  -0.020762  -0.240534 0.00681087
frame_119
id: 1648
stamp: 1718924492.399998188
T_odom_lidar: 
 -0.0882419    0.996083 -0.00571978   -0.911472
  -0.995185  -0.0879134   0.0433478     1.90502
  0.0426751  0.00951733    0.999044   0.0440035
          0           0           0           1
T_world_lidar: 
 -0.0882419    0.996083 -0.00571978   -0.911472
  -0.995185  -0.0879134   0.0433478     1.90502
  0.0426751  0.00951733    0.999044   0.0440035
          0           0           0           1
v_world_imu: -0.0220178   -0.23315 0.00269114
frame_120
id: 1649
stamp: 1718924492.499990225
T_odom_lidar: 
 -0.0872634    0.996166 -0.00617682   -0.913349
  -0.995266  -0.0869149   0.0434872     1.88161
  0.0427836  0.00994242    0.999035   0.0442551
          0           0           0           1
T_world_lidar: 
 -0.0872634    0.996166 -0.00617682   -0.913349
  -0.995266  -0.0869149   0.0434872     1.88161
  0.0427836  0.00994242    0.999035   0.0442551
          0           0           0           1
v_world_imu: -0.0209335  -0.236007 0.00270669
frame_121
id: 1650
stamp: 1718924492.599989176
T_odom_lidar: 
 -0.0868622    0.996203 -0.00584397   -0.915172
  -0.995295  -0.0865273   0.0435894      1.8582
  0.0429182  0.00960275    0.999032    0.044316
          0           0           0           1
T_world_lidar: 
 -0.0868622    0.996203 -0.00584397   -0.915172
  -0.995295  -0.0865273   0.0435894      1.8582
  0.0429182  0.00960275    0.999032    0.044316
          0           0           0           1
v_world_imu:   -0.0179162    -0.233178 -0.000563907
frame_122
id: 1651
stamp: 1718924492.699907064
T_odom_lidar: 
 -0.0856362     0.99631 -0.00570009   -0.916709
  -0.995411  -0.0853109   0.0433546     1.83495
  0.0427083  0.00938666    0.999043   0.0441783
          0           0           0           1
T_world_lidar: 
 -0.0856362     0.99631 -0.00570009   -0.916709
  -0.995411  -0.0853109   0.0433546     1.83495
  0.0427083  0.00938666    0.999043   0.0441783
          0           0           0           1
v_world_imu:  -0.0191613   -0.231228 -0.00231926
frame_123
id: 1652
stamp: 1718924492.799993277
T_odom_lidar: 
 -0.0850006    0.996363 -0.00601047   -0.918399
   -0.99546  -0.0846613   0.0434841     1.81158
  0.0428171  0.00967936    0.999036   0.0440456
          0           0           0           1
T_world_lidar: 
 -0.0850006    0.996363 -0.00601047   -0.918399
   -0.99546  -0.0846613   0.0434841     1.81158
  0.0428171  0.00967936    0.999036   0.0440456
          0           0           0           1
v_world_imu:   -0.017456   -0.233582 0.000955826
frame_124
id: 1653
stamp: 1718924492.900022984
T_odom_lidar: 
-0.0849174   0.996369 -0.0061271  -0.919961
 -0.995464 -0.0845724  0.0435674    1.78881
 0.0428911 0.00979895   0.999032  0.0440058
         0          0          0          1
T_world_lidar: 
-0.0849174   0.996369 -0.0061271  -0.919961
 -0.995464 -0.0845724  0.0435674    1.78881
 0.0428911 0.00979895   0.999032  0.0440058
         0          0          0          1
v_world_imu:  -0.0132902   -0.226736 -0.00202523
frame_125
id: 1654
stamp: 1718924493.099986076
T_odom_lidar: 
 -0.0822318    0.996594 -0.00613113   -0.922283
  -0.995696  -0.0818907   0.0433967     1.74267
  0.0427468  0.00967333    0.999039   0.0445791
          0           0           0           1
T_world_lidar: 
 -0.0822318    0.996594 -0.00613113   -0.922283
  -0.995696  -0.0818907   0.0433967     1.74267
  0.0427468  0.00967333    0.999039   0.0445791
          0           0           0           1
v_world_imu: -0.0100508  -0.231648 0.00375993
frame_126
id: 1655
stamp: 1718924493.199990034
T_odom_lidar: 
 -0.0822324    0.996594 -0.00620616   -0.923546
  -0.995695  -0.0818877   0.0434338     1.71993
  0.0427776   0.0097511    0.999037   0.0449748
          0           0           0           1
T_world_lidar: 
 -0.0822324    0.996594 -0.00620616   -0.923546
  -0.995695  -0.0818877   0.0434338     1.71993
  0.0427776   0.0097511    0.999037   0.0449748
          0           0           0           1
v_world_imu: -0.0179247  -0.220855 0.00386598
frame_127
id: 1656
stamp: 1718924493.299986124
T_odom_lidar: 
-0.0814011   0.996658 -0.0068857  -0.925581
 -0.995772 -0.0810297  0.0432773    1.69805
 0.0425747  0.0103794   0.999039  0.0453599
         0          0          0          1
T_world_lidar: 
-0.0814011   0.996658 -0.0068857  -0.925581
 -0.995772 -0.0810297  0.0432773    1.69805
 0.0425747  0.0103794   0.999039  0.0453599
         0          0          0          1
v_world_imu: -0.0235753  -0.218818 0.00406991
frame_128
id: 1657
stamp: 1718924493.399991035
T_odom_lidar: 
 -0.0807836     0.99671 -0.00657424    -0.92736
   -0.99581  -0.0804236   0.0435176     1.67653
  0.0428457   0.0100622    0.999031   0.0459609
          0           0           0           1
T_world_lidar: 
 -0.0807836     0.99671 -0.00657424    -0.92736
   -0.99581  -0.0804236   0.0435176     1.67653
  0.0428457   0.0100622    0.999031   0.0459609
          0           0           0           1
v_world_imu: -0.0153655  -0.211354 0.00559576
frame_129
id: 1658
stamp: 1718924493.499984026
T_odom_lidar: 
 -0.0789014    0.996858 -0.00697579   -0.928382
  -0.995971   -0.078528   0.0433139     1.65541
    0.04263   0.0103652    0.999037   0.0462183
          0           0           0           1
T_world_lidar: 
 -0.0789014    0.996858 -0.00697579   -0.928382
  -0.995971   -0.078528   0.0433139     1.65541
    0.04263   0.0103652    0.999037   0.0462183
          0           0           0           1
v_world_imu: -0.0168362  -0.212286  0.0033199
frame_130
id: 1659
stamp: 1718924493.599995136
T_odom_lidar: 
 -0.0796746    0.996799 -0.00661475   -0.930145
  -0.995906  -0.0793155   0.0433625     1.63392
   0.042699   0.0100426    0.999038   0.0467162
          0           0           0           1
T_world_lidar: 
 -0.0796746    0.996799 -0.00661475   -0.930145
  -0.995906  -0.0793155   0.0433625     1.63392
   0.042699   0.0100426    0.999038   0.0467162
          0           0           0           1
v_world_imu: -0.0140482  -0.217904 0.00655983
frame_131
id: 1660
stamp: 1718924493.699985027
T_odom_lidar: 
-0.0794904   0.996812 -0.0068203  -0.931768
 -0.995926 -0.0791238  0.0432488    1.61217
 0.0425713  0.0102304   0.999041  0.0474168
         0          0          0          1
T_world_lidar: 
-0.0794904   0.996812 -0.0068203  -0.931768
 -0.995926 -0.0791238  0.0432488    1.61217
 0.0425713  0.0102304   0.999041  0.0474168
         0          0          0          1
v_world_imu: -0.0217668  -0.215169 0.00588404
frame_132
id: 1661
stamp: 1718924493.799987078
T_odom_lidar: 
 -0.0793159    0.996823 -0.00722291   -0.933788
  -0.995946  -0.0789336   0.0431344     1.59045
  0.0424272   0.0106149    0.999043   0.0478712
          0           0           0           1
T_world_lidar: 
 -0.0793159    0.996823 -0.00722291   -0.933788
  -0.995946  -0.0789336   0.0431344     1.59045
  0.0424272   0.0106149    0.999043   0.0478712
          0           0           0           1
v_world_imu: -0.0167425  -0.220598 0.00345552
frame_133
id: 1662
stamp: 1718924493.900008917
T_odom_lidar: 
-0.0796071   0.996798  -0.007474  -0.935433
 -0.995938 -0.0792175  0.0427955    1.56826
 0.0420664  0.0108505   0.999056  0.0481961
         0          0          0          1
T_world_lidar: 
-0.0796071   0.996798  -0.007474  -0.935433
 -0.995938 -0.0792175  0.0427955    1.56826
 0.0420664  0.0108505   0.999056  0.0481961
         0          0          0          1
v_world_imu: -0.0161269  -0.222386 0.00380312
frame_134
id: 1663
stamp: 1718924494.099992037
T_odom_lidar: 
 -0.0787719    0.996848 -0.00947466   -0.939071
  -0.996057  -0.0783134    0.041675     1.52392
  0.0408016   0.0127201    0.999086   0.0486298
          0           0           0           1
T_world_lidar: 
 -0.0787719    0.996848 -0.00947466   -0.939071
  -0.996057  -0.0783134    0.041675     1.52392
  0.0408016   0.0127201    0.999086   0.0486298
          0           0           0           1
v_world_imu: -0.0245966  -0.218295 0.00473397
frame_135
id: 1664
stamp: 1718924494.199985027
T_odom_lidar: 
-0.0800125   0.996747 -0.0096404  -0.941553
 -0.995965 -0.0795481  0.0415312    1.50173
 0.0406293  0.0129245   0.999091  0.0486648
         0          0          0          1
T_world_lidar: 
-0.0800125   0.996747 -0.0096404  -0.941553
 -0.995965 -0.0795481  0.0415312    1.50173
 0.0406293  0.0129245   0.999091  0.0486648
         0          0          0          1
v_world_imu:  -0.0160307   -0.226356 -0.00142258
frame_136
id: 1665
stamp: 1718924494.299994946
T_odom_lidar: 
 -0.0794303    0.996796 -0.00941784   -0.942622
  -0.996021  -0.0789786   0.0412803      1.4787
  0.0404042   0.0126593    0.999103   0.0484383
          0           0           0           1
T_world_lidar: 
 -0.0794303    0.996796 -0.00941784   -0.942622
  -0.996021  -0.0789786   0.0412803      1.4787
  0.0404042   0.0126593    0.999103   0.0484383
          0           0           0           1
v_world_imu:  -0.0125178   -0.232101 -0.00142985
frame_137
id: 1666
stamp: 1718924494.399996996
T_odom_lidar: 
 -0.0806637    0.996703 -0.00879511   -0.944364
  -0.995922  -0.0802366   0.0412397     1.45514
   0.040398   0.0120858    0.999111   0.0473806
          0           0           0           1
T_world_lidar: 
 -0.0806637    0.996703 -0.00879511   -0.944364
  -0.995922  -0.0802366   0.0412397     1.45514
   0.040398   0.0120858    0.999111   0.0473806
          0           0           0           1
v_world_imu:  -0.0154953   -0.241539 -0.00940097
frame_138
id: 1667
stamp: 1718924494.499994040
T_odom_lidar: 
 -0.0798539    0.996766 -0.00902422   -0.945628
  -0.995986  -0.0794176   0.0412936     1.43094
  0.0404433   0.0122854    0.999106   0.0466261
          0           0           0           1
T_world_lidar: 
 -0.0798539    0.996766 -0.00902422   -0.945628
  -0.995986  -0.0794176   0.0412936     1.43094
  0.0404433   0.0122854    0.999106   0.0466261
          0           0           0           1
v_world_imu:  -0.0162179   -0.240252 -0.00807885
frame_139
id: 1668
stamp: 1718924494.599991083
T_odom_lidar: 
 -0.0809321    0.996677 -0.00920632   -0.947524
  -0.995913  -0.0804917   0.0409671     1.40661
  0.0400899   0.0124842    0.999118   0.0456742
          0           0           0           1
T_world_lidar: 
 -0.0809321    0.996677 -0.00920632   -0.947524
  -0.995913  -0.0804917   0.0409671     1.40661
  0.0400899   0.0124842    0.999118   0.0456742
          0           0           0           1
v_world_imu:  -0.0132901   -0.247088 -0.00870269
frame_140
id: 1669
stamp: 1718924494.699903250
T_odom_lidar: 
-0.0802633    0.99673 -0.0093831  -0.948419
 -0.995979 -0.0798199  0.0406809    1.38177
 0.0397989  0.0126106   0.999128  0.0447559
         0          0          0          1
T_world_lidar: 
-0.0802633    0.99673 -0.0093831  -0.948419
 -0.995979 -0.0798199  0.0406809    1.38177
 0.0397989  0.0126106   0.999128  0.0447559
         0          0          0          1
v_world_imu:  -0.0117847   -0.248337 -0.00874957
frame_141
id: 1670
stamp: 1718924494.699985981
T_odom_lidar: 
-0.0797134   0.996765  -0.010286   -0.94639
 -0.996056 -0.0792448  0.0399169    1.38555
 0.0389727  0.0134273    0.99915  0.0439404
         0          0          0          1
T_world_lidar: 
-0.0797134   0.996765  -0.010286   -0.94639
 -0.996056 -0.0792448  0.0399169    1.38555
 0.0389727  0.0134273    0.99915  0.0439404
         0          0          0          1
v_world_imu: -0.0188153   -0.19861 0.00126326
frame_142
id: 1671
stamp: 1718924494.900005341
T_odom_lidar: 
 -0.0803246     0.99672 -0.00989877   -0.950081
  -0.996023  -0.0798764     0.03947     1.34415
  0.0385499   0.0130298    0.999172   0.0436159
          0           0           0           1
T_world_lidar: 
 -0.0803246     0.99672 -0.00989877   -0.950081
  -0.996023  -0.0798764     0.03947     1.34415
  0.0385499   0.0130298    0.999172   0.0436159
          0           0           0           1
v_world_imu: -0.00929235   -0.210954 -0.00153549
frame_143
id: 1672
stamp: 1718924494.999958038
T_odom_lidar: 
-0.0810675   0.996654 -0.0104631  -0.951969
 -0.995953  -0.080593  0.0397753      1.323
  0.038799  0.0136453   0.999154  0.0438271
         0          0          0          1
T_world_lidar: 
-0.0810675   0.996654 -0.0104631  -0.951969
 -0.995953  -0.080593  0.0397753      1.323
  0.038799  0.0136453   0.999154  0.0438271
         0          0          0          1
v_world_imu: -0.0246533  -0.211343 0.00645246
frame_144
id: 1673
stamp: 1718924495.099987984
T_odom_lidar: 
 -0.0810306     0.99667 -0.00914179    -0.95324
  -0.995918  -0.0805967   0.0406411     1.30149
  0.0397689   0.0123976    0.999132   0.0448404
          0           0           0           1
T_world_lidar: 
 -0.0810306     0.99667 -0.00914179    -0.95324
  -0.995918  -0.0805967   0.0406411     1.30149
  0.0397689   0.0123976    0.999132   0.0448404
          0           0           0           1
v_world_imu: 0.00763567  -0.220359 0.00872538
frame_145
id: 1674
stamp: 1718924495.199995041
T_odom_lidar: 
-0.0790777   0.996841 -0.0074638  -0.952342
 -0.996051 -0.0787075  0.0410787    1.27911
 0.0403615  0.0106827   0.999128  0.0460349
         0          0          0          1
T_world_lidar: 
-0.0790777   0.996841 -0.0074638  -0.952342
 -0.996051 -0.0787075  0.0410787    1.27911
 0.0403615  0.0106827   0.999128  0.0460349
         0          0          0          1
v_world_imu: -0.00999961   -0.226779   0.0127732
frame_146
id: 1675
stamp: 1718924495.400008202
T_odom_lidar: 
  -0.077407     0.99697 -0.00769706   -0.955507
  -0.996149  -0.0770199   0.0418916     1.23349
  0.0411719   0.0109101    0.999093   0.0486933
          0           0           0           1
T_world_lidar: 
  -0.077407     0.99697 -0.00769706   -0.955507
  -0.996149  -0.0770199   0.0418916     1.23349
  0.0411719   0.0109101    0.999093   0.0486933
          0           0           0           1
v_world_imu: -0.018661 -0.230512 0.0170023
frame_147
id: 1676
stamp: 1718924495.499991894
T_odom_lidar: 
 -0.0762566    0.997055 -0.00811351   -0.957336
   -0.99623  -0.0758509   0.0421043     1.21053
  0.0413649   0.0112937     0.99908   0.0504222
          0           0           0           1
T_world_lidar: 
 -0.0762566    0.997055 -0.00811351   -0.957336
   -0.99623  -0.0758509   0.0421043     1.21053
  0.0413649   0.0112937     0.99908   0.0504222
          0           0           0           1
v_world_imu: -0.0235179  -0.228356  0.0155219
frame_148
id: 1677
stamp: 1718924495.699904203
T_odom_lidar: 
 -0.0760455     0.99707 -0.00823983   -0.962016
  -0.996229  -0.0756301   0.0425074     1.16464
  0.0417597   0.0114413    0.999062    0.052268
          0           0           0           1
T_world_lidar: 
 -0.0760455     0.99707 -0.00823983   -0.962016
  -0.996229  -0.0756301   0.0425074     1.16464
  0.0417597   0.0114413    0.999062    0.052268
          0           0           0           1
v_world_imu:  -0.027211  -0.225217 0.00879492
frame_149
id: 1678
stamp: 1718924495.800027132
T_odom_lidar: 
 -0.0772372    0.996984 -0.00758144     -0.9648
  -0.996118  -0.0768436   0.0429474     1.14207
  0.0422353   0.0108692    0.999049   0.0529158
          0           0           0           1
T_world_lidar: 
 -0.0772372    0.996984 -0.00758144     -0.9648
  -0.996118  -0.0768436   0.0429474     1.14207
  0.0422353   0.0108692    0.999049   0.0529158
          0           0           0           1
v_world_imu: -0.0187582  -0.226624 0.00171102
frame_150
id: 1679
stamp: 1718924495.899998903
T_odom_lidar: 
 -0.0775732    0.996963 -0.00682992   -0.966241
  -0.996084  -0.0772096    0.043083     1.11929
  0.0424248   0.0101453    0.999048   0.0528235
          0           0           0           1
T_world_lidar: 
 -0.0775732    0.996963 -0.00682992   -0.966241
  -0.996084  -0.0772096    0.043083     1.11929
  0.0424248   0.0101453    0.999048   0.0528235
          0           0           0           1
v_world_imu:   -0.0138675    -0.228258 -0.000480114
frame_151
id: 1680
stamp: 1718924496.099993229
T_odom_lidar: 
 -0.0777855    0.996952 -0.00599677   -0.969764
  -0.996082  -0.0774609   0.0426714     1.07371
  0.0420769  0.00929249    0.999071   0.0521917
          0           0           0           1
T_world_lidar: 
 -0.0777855    0.996952 -0.00599677   -0.969764
  -0.996082  -0.0774609   0.0426714     1.07371
  0.0420769  0.00929249    0.999071   0.0521917
          0           0           0           1
v_world_imu:  -0.0101098   -0.226319 8.38341e-05
frame_152
id: 1681
stamp: 1718924496.199988127
T_odom_lidar: 
 -0.0766164    0.997043 -0.00597203   -0.970818
  -0.996171  -0.0762937   0.0426976     1.05092
  0.0421157  0.00922049     0.99907   0.0522849
          0           0           0           1
T_world_lidar: 
 -0.0766164    0.997043 -0.00597203   -0.970818
  -0.996171  -0.0762937   0.0426976     1.05092
  0.0421157  0.00922049     0.99907   0.0522849
          0           0           0           1
v_world_imu: -0.0181326  -0.233514 0.00138865
frame_153
id: 1682
stamp: 1718924496.299987316
T_odom_lidar: 
 -0.0759889    0.997091 -0.00594965   -0.972642
  -0.996231  -0.0756704   0.0423919     1.02737
  0.0418184  0.00914854    0.999083   0.0524153
          0           0           0           1
T_world_lidar: 
 -0.0759889    0.997091 -0.00594965   -0.972642
  -0.996231  -0.0756704   0.0423919     1.02737
  0.0418184  0.00914854    0.999083   0.0524153
          0           0           0           1
v_world_imu: -0.0185328  -0.232799 0.00396805
frame_154
id: 1683
stamp: 1718924496.399989128
T_odom_lidar: 
 -0.0763378    0.997067 -0.00555446   -0.974429
  -0.996215   -0.076038   0.0421109     1.00401
   0.041565  0.00874809    0.999098   0.0523854
          0           0           0           1
T_world_lidar: 
 -0.0763378    0.997067 -0.00555446   -0.974429
  -0.996215   -0.076038   0.0421109     1.00401
   0.041565  0.00874809    0.999098   0.0523854
          0           0           0           1
v_world_imu:   -0.0163172    -0.235857 -0.000262941
frame_155
id: 1684
stamp: 1718924496.499999285
T_odom_lidar: 
 -0.0763776    0.997067 -0.00498503   -0.975957
  -0.996217  -0.0761028    0.041952    0.980559
  0.0414496  0.00817037    0.999107   0.0524737
          0           0           0           1
T_world_lidar: 
 -0.0763776    0.997067 -0.00498503   -0.975957
  -0.996217  -0.0761028    0.041952    0.980559
  0.0414496  0.00817037    0.999107   0.0524737
          0           0           0           1
v_world_imu: -0.0163319  -0.231339 0.00141486
frame_156
id: 1685
stamp: 1718924496.599984169
T_odom_lidar: 
 -0.0754652    0.997133 -0.00551405   -0.977955
  -0.996302  -0.0751721   0.0416194    0.957207
  0.0410855  0.00863447    0.999118   0.0528113
          0           0           0           1
T_world_lidar: 
 -0.0754652    0.997133 -0.00551405   -0.977955
  -0.996302  -0.0751721   0.0416194    0.957207
  0.0410855  0.00863447    0.999118   0.0528113
          0           0           0           1
v_world_imu: -0.0239899  -0.233268 0.00652525
frame_157
id: 1686
stamp: 1718924496.699903011
T_odom_lidar: 
 -0.0757162    0.997115 -0.00530484   -0.979203
  -0.996279  -0.0754308   0.0417045    0.933905
  0.0411841   0.0084428    0.999116   0.0534147
          0           0           0           1
T_world_lidar: 
 -0.0757162    0.997115 -0.00530484   -0.979203
  -0.996279  -0.0754308   0.0417045    0.933905
  0.0411841   0.0084428    0.999116   0.0534147
          0           0           0           1
v_world_imu: -0.00382044   -0.235015  0.00588994
frame_158
id: 1687
stamp: 1718924496.799987316
T_odom_lidar: 
  -0.076526    0.997054 -0.00520178   -0.980678
  -0.996237  -0.0762484   0.0411999    0.910734
  0.0406819  0.00833507    0.999137   0.0538734
          0           0           0           1
T_world_lidar: 
  -0.076526    0.997054 -0.00520178   -0.980678
  -0.996237  -0.0762484   0.0411999    0.910734
  0.0406819  0.00833507    0.999137   0.0538734
          0           0           0           1
v_world_imu: -0.0191976  -0.227623 0.00565115
frame_159
id: 1688
stamp: 1718924496.900007963
T_odom_lidar: 
-0.0754451   0.997138 -0.0048473  -0.981584
 -0.996322 -0.0751834  0.0411185   0.888057
 0.0406363 0.00793165   0.999143  0.0544971
         0          0          0          1
T_world_lidar: 
-0.0754451   0.997138 -0.0048473  -0.981584
 -0.996322 -0.0751834  0.0411185   0.888057
 0.0406363 0.00793165   0.999143  0.0544971
         0          0          0          1
v_world_imu: -0.00461796   -0.225702  0.00747048
frame_160
id: 1689
stamp: 1718924497.099985123
T_odom_lidar: 
 -0.0725217    0.997343 -0.00686903   -0.982879
  -0.996554  -0.0721829   0.0408631    0.843601
  0.0402587  0.00980882    0.999141   0.0555107
          0           0           0           1
T_world_lidar: 
 -0.0725217    0.997343 -0.00686903   -0.982879
  -0.996554  -0.0721829   0.0408631    0.843601
  0.0402587  0.00980882    0.999141   0.0555107
          0           0           0           1
v_world_imu: -0.00603128   -0.221105  0.00487541
frame_161
id: 1690
stamp: 1718924497.199987173
T_odom_lidar: 
-0.0730476   0.997307 -0.0064925  -0.983625
 -0.996537 -0.0727287  0.0403133   0.821535
 0.0397325  0.0094148   0.999166  0.0559241
         0          0          0          1
T_world_lidar: 
-0.0730476   0.997307 -0.0064925  -0.983625
 -0.996537 -0.0727287  0.0403133   0.821535
 0.0397325  0.0094148   0.999166  0.0559241
         0          0          0          1
v_world_imu: -0.00825387   -0.219275  0.00604179
frame_162
id: 1691
stamp: 1718924497.299996138
T_odom_lidar: 
 -0.0734286    0.997284 -0.00575465   -0.984385
  -0.996525  -0.0731427   0.0398594     0.79968
  0.0393302  0.00866148    0.999189   0.0565286
          0           0           0           1
T_world_lidar: 
 -0.0734286    0.997284 -0.00575465   -0.984385
  -0.996525  -0.0731427   0.0398594     0.79968
  0.0393302  0.00866148    0.999189   0.0565286
          0           0           0           1
v_world_imu: -0.00186699   -0.217128   0.0106127
frame_163
id: 1692
stamp: 1718924497.399994135
T_odom_lidar: 
 -0.0725958    0.997342 -0.00623394   -0.985158
   -0.99659  -0.0722925    0.039764    0.778213
  0.0392076  0.00909938     0.99919   0.0571167
          0           0           0           1
T_world_lidar: 
 -0.0725958    0.997342 -0.00623394   -0.985158
   -0.99659  -0.0722925    0.039764    0.778213
  0.0392076  0.00909938     0.99919   0.0571167
          0           0           0           1
v_world_imu: -0.0202383  -0.212781 0.00263014
frame_164
id: 1693
stamp: 1718924497.499992132
T_odom_lidar: 
 -0.0737862    0.997252 -0.00664773   -0.987294
  -0.996507  -0.0734664   0.0397041    0.756836
  0.0391066  0.00955412    0.999189    0.057395
          0           0           0           1
T_world_lidar: 
 -0.0737862    0.997252 -0.00664773   -0.987294
  -0.996507  -0.0734664   0.0397041    0.756836
  0.0391066  0.00955412    0.999189    0.057395
          0           0           0           1
v_world_imu: -0.00904072   -0.217337  0.00307233
frame_165
id: 1694
stamp: 1718924497.599996090
T_odom_lidar: 
 -0.0727733    0.997324 -0.00698123   -0.987987
  -0.996594  -0.0724442   0.0394006    0.735036
  0.0387894  0.00982476    0.999199    0.057584
          0           0           0           1
T_world_lidar: 
 -0.0727733    0.997324 -0.00698123   -0.987987
  -0.996594  -0.0724442   0.0394006    0.735036
  0.0387894  0.00982476    0.999199    0.057584
          0           0           0           1
v_world_imu:  -0.0155369   -0.217278 0.000286912
frame_166
id: 1695
stamp: 1718924497.699983835
T_odom_lidar: 
-0.0743325   0.997206 -0.0074644  -0.990527
 -0.996481 -0.0739834  0.0394061    0.71308
 0.0387437  0.0103673   0.999195  0.0576826
         0          0          0          1
T_world_lidar: 
-0.0743325   0.997206 -0.0074644  -0.990527
 -0.996481 -0.0739834  0.0394061    0.71308
 0.0387437  0.0103673   0.999195  0.0576826
         0          0          0          1
v_world_imu: -0.0163063  -0.220269 0.00371969
frame_167
id: 1696
stamp: 1718924497.799994230
T_odom_lidar: 
 -0.0750242    0.997151 -0.00780026   -0.992506
  -0.996421  -0.0746591   0.0396492    0.691383
  0.0389539    0.010747    0.999183   0.0580351
          0           0           0           1
T_world_lidar: 
 -0.0750242    0.997151 -0.00780026   -0.992506
  -0.996421  -0.0746591   0.0396492    0.691383
  0.0389539    0.010747    0.999183   0.0580351
          0           0           0           1
v_world_imu: -0.0270916  -0.213745 0.00487328
frame_168
id: 1697
stamp: 1718924497.900012016
T_odom_lidar: 
 -0.0754722    0.997114 -0.00826547   -0.995651
   -0.99638  -0.0750861   0.0398744    0.669874
  0.0391387    0.011245    0.999171   0.0585716
          0           0           0           1
T_world_lidar: 
 -0.0754722    0.997114 -0.00826547   -0.995651
   -0.99638  -0.0750861   0.0398744    0.669874
  0.0391387    0.011245    0.999171   0.0585716
          0           0           0           1
v_world_imu: -0.0261242  -0.218238 0.00394097
frame_169
id: 1698
stamp: 1718924498.099992037
T_odom_lidar: 
 -0.0751928    0.997146 -0.00670932    -0.99916
   -0.99637  -0.0748614   0.0405406    0.625404
  0.0399227  0.00973332    0.999155    0.058534
          0           0           0           1
T_world_lidar: 
 -0.0751928    0.997146 -0.00670932    -0.99916
   -0.99637  -0.0748614   0.0405406    0.625404
  0.0399227  0.00973332    0.999155    0.058534
          0           0           0           1
v_world_imu:  -0.0285034   -0.227096 -0.00253422
frame_170
id: 1699
stamp: 1718924498.199995041
T_odom_lidar: 
 -0.0743434    0.997211 -0.00659679    -1.00179
  -0.996427  -0.0740157   0.0406916    0.602384
  0.0400899  0.00959837     0.99915   0.0581044
          0           0           0           1
T_world_lidar: 
 -0.0743434    0.997211 -0.00659679    -1.00179
  -0.996427  -0.0740157   0.0406916    0.602384
  0.0400899  0.00959837     0.99915   0.0581044
          0           0           0           1
v_world_imu:  -0.0288456   -0.235903 -0.00957237
frame_171
id: 1700
stamp: 1718924498.299988031
T_odom_lidar: 
 -0.0736761    0.997259 -0.00686957    -1.00488
  -0.996473  -0.0733371   0.0407808    0.578478
  0.0401652   0.0098499    0.999145   0.0570729
          0           0           0           1
T_world_lidar: 
 -0.0736761    0.997259 -0.00686957    -1.00488
  -0.996473  -0.0733371   0.0407808    0.578478
  0.0401652   0.0098499    0.999145   0.0570729
          0           0           0           1
v_world_imu: -0.0383815  -0.241665 -0.0106786
frame_172
id: 1701
stamp: 1718924498.399990082
T_odom_lidar: 
 -0.0734492     0.99728 -0.00612863    -1.00765
  -0.996507  -0.0731446   0.0403041    0.554422
  0.0397462  0.00906752    0.999169   0.0562128
          0           0           0           1
T_world_lidar: 
 -0.0734492     0.99728 -0.00612863    -1.00765
  -0.996507  -0.0731446   0.0403041    0.554422
  0.0397462  0.00906752    0.999169   0.0562128
          0           0           0           1
v_world_imu:  -0.0160171   -0.240931 -0.00801643
frame_173
id: 1702
stamp: 1718924498.499990940
T_odom_lidar: 
 -0.0735997    0.997272 -0.00568882    -1.00912
  -0.996513  -0.0733164   0.0398393    0.529922
  0.0393135  0.00860114     0.99919   0.0551838
          0           0           0           1
T_world_lidar: 
 -0.0735997    0.997272 -0.00568882    -1.00912
  -0.996513  -0.0733164   0.0398393    0.529922
  0.0393135  0.00860114     0.99919   0.0551838
          0           0           0           1
v_world_imu:   -0.020762   -0.247356 -0.00804226
frame_174
id: 1703
stamp: 1718924498.599986076
T_odom_lidar: 
-0.0732595   0.997293 -0.0062812   -1.01094
 -0.996564 -0.0729589  0.0392193    0.50515
 0.0386549  0.0091328   0.999211   0.054103
         0          0          0          1
T_world_lidar: 
-0.0732595   0.997293 -0.0062812   -1.01094
 -0.996564 -0.0729589  0.0392193    0.50515
 0.0386549  0.0091328   0.999211   0.054103
         0          0          0          1
v_world_imu: -0.0130329    -0.2473 -0.0101911
frame_175
id: 1704
stamp: 1718924498.699904203
T_odom_lidar: 
 -0.0735751    0.997273 -0.00572139    -1.01161
  -0.996546  -0.0732976   0.0390221     0.48021
  0.0384963  0.00857269    0.999222   0.0529062
          0           0           0           1
T_world_lidar: 
 -0.0735751    0.997273 -0.00572139    -1.01161
  -0.996546  -0.0732976   0.0390221     0.48021
  0.0384963  0.00857269    0.999222   0.0529062
          0           0           0           1
v_world_imu: -0.00132877    -0.25158  -0.0131362
frame_176
id: 1705
stamp: 1718924498.699995041
T_odom_lidar: 
 -0.0734874    0.997277 -0.00615744    -1.01282
  -0.996578  -0.0731987   0.0384083    0.485008
   0.037853  0.00895889    0.999243   0.0516131
          0           0           0           1
T_world_lidar: 
 -0.0734874    0.997277 -0.00615744    -1.01282
  -0.996578  -0.0731987   0.0384083    0.485008
   0.037853  0.00895889    0.999243   0.0516131
          0           0           0           1
v_world_imu: -0.0135113  -0.206895 0.00608972
frame_177
id: 1706
stamp: 1718924498.900025129
T_odom_lidar: 
 -0.074683   0.997188 -0.0062051   -1.01728
 -0.996491 -0.0743921  0.0383556   0.445031
 0.0377861 0.00904784   0.999245  0.0537796
         0          0          0          1
T_world_lidar: 
 -0.074683   0.997188 -0.0062051   -1.01728
 -0.996491 -0.0743921  0.0383556   0.445031
 0.0377861 0.00904784   0.999245  0.0537796
         0          0          0          1
v_world_imu: -0.00979444   -0.195746   0.0124534
frame_178
id: 1707
stamp: 1718924499.100015163
T_odom_lidar: 
 -0.0737558    0.997259 -0.00592683    -1.02018
  -0.996508  -0.0734645   0.0396805    0.406637
  0.0391363   0.0088328    0.999195   0.0564673
          0           0           0           1
T_world_lidar: 
 -0.0737558    0.997259 -0.00592683    -1.02018
  -0.996508  -0.0734645   0.0396805    0.406637
  0.0391363   0.0088328    0.999195   0.0564673
          0           0           0           1
v_world_imu: -0.0251963  -0.195026 0.00988045
frame_179
id: 1708
stamp: 1718924499.199982882
T_odom_lidar: 
 -0.0742698    0.997217 -0.00645972    -1.02232
  -0.996451  -0.0739522   0.0402157    0.387051
   0.039626   0.0094236     0.99917   0.0576976
          0           0           0           1
T_world_lidar: 
 -0.0742698    0.997217 -0.00645972    -1.02232
  -0.996451  -0.0739522   0.0402157    0.387051
   0.039626   0.0094236     0.99917   0.0576976
          0           0           0           1
v_world_imu: -0.0154298  -0.196385  0.0105597
frame_180
id: 1709
stamp: 1718924499.299988985
T_odom_lidar: 
 -0.0741411    0.997227 -0.00640546    -1.02384
  -0.996454  -0.0738244   0.0403543    0.367254
  0.0397695  0.00937466    0.999165   0.0588176
          0           0           0           1
T_world_lidar: 
 -0.0741411    0.997227 -0.00640546    -1.02384
  -0.996454  -0.0738244   0.0403543    0.367254
  0.0397695  0.00937466    0.999165   0.0588176
          0           0           0           1
v_world_imu: -0.0171895  -0.200594 0.00913966
frame_181
id: 1710
stamp: 1718924499.399993896
T_odom_lidar: 
 -0.0743718    0.997213 -0.00599334    -1.02498
  -0.996427  -0.0740693   0.0405813    0.346933
  0.0400242  0.00899003    0.999158   0.0598348
          0           0           0           1
T_world_lidar: 
 -0.0743718    0.997213 -0.00599334    -1.02498
  -0.996427  -0.0740693   0.0405813    0.346933
  0.0400242  0.00899003    0.999158   0.0598348
          0           0           0           1
v_world_imu: -0.00430605   -0.204958   0.0115935
frame_182
id: 1711
stamp: 1718924499.499991894
T_odom_lidar: 
  -0.073953    0.997244 -0.00592389    -1.02577
  -0.996444  -0.0736504   0.0409336    0.326869
  0.0403845  0.00892999    0.999144   0.0609994
          0           0           0           1
T_world_lidar: 
  -0.073953    0.997244 -0.00592389    -1.02577
  -0.996444  -0.0736504   0.0409336    0.326869
  0.0403845  0.00892999    0.999144   0.0609994
          0           0           0           1
v_world_imu: -0.0171294  -0.197653  0.0110649
frame_183
id: 1712
stamp: 1718924499.699906111
T_odom_lidar: 
 -0.0733854    0.997288 -0.00558685    -1.02701
  -0.996449  -0.0730894   0.0418112    0.286592
  0.0412895  0.00863534     0.99911   0.0635522
          0           0           0           1
T_world_lidar: 
 -0.0733854    0.997288 -0.00558685    -1.02701
  -0.996449  -0.0730894   0.0418112    0.286592
  0.0412895  0.00863534     0.99911   0.0635522
          0           0           0           1
v_world_imu: -0.00488345   -0.205105   0.0119492
frame_184
id: 1713
stamp: 1718924499.799990892
T_odom_lidar: 
 -0.0730443    0.997314 -0.00532848    -1.02742
   -0.99647  -0.0727588   0.0418685    0.266081
  0.0413683  0.00836793    0.999109   0.0644568
          0           0           0           1
T_world_lidar: 
 -0.0730443    0.997314 -0.00532848    -1.02742
   -0.99647  -0.0727588   0.0418685    0.266081
  0.0413683  0.00836793    0.999109   0.0644568
          0           0           0           1
v_world_imu: -0.0056842  -0.204129 0.00962349
frame_185
id: 1714
stamp: 1718924499.900013208
T_odom_lidar: 
 -0.0726089    0.997347 -0.00512478    -1.02797
  -0.996481  -0.0723283   0.0423504    0.245817
  0.0418674  0.00818176     0.99909    0.065751
          0           0           0           1
T_world_lidar: 
 -0.0726089    0.997347 -0.00512478    -1.02797
  -0.996481  -0.0723283   0.0423504    0.245817
  0.0418674  0.00818176     0.99909    0.065751
          0           0           0           1
v_world_imu: -0.0106238  -0.200805  0.0117494
frame_186
id: 1715
stamp: 1718924500.099992275
T_odom_lidar: 
 -0.0742639     0.99722 -0.00605107    -1.02991
  -0.996344  -0.0739389   0.0428069    0.204794
  0.0422405  0.00920795    0.999065    0.067711
          0           0           0           1
T_world_lidar: 
 -0.0742639     0.99722 -0.00605107    -1.02991
  -0.996344  -0.0739389   0.0428069    0.204794
  0.0422405  0.00920795    0.999065    0.067711
          0           0           0           1
v_world_imu: 0.0020089 -0.210582  0.010459
frame_187
id: 1716
stamp: 1718924500.199986219
T_odom_lidar: 
-0.0748865   0.997173 -0.0062236   -1.03046
 -0.996304  -0.074555  0.0426601   0.183697
 0.0420755 0.00939527    0.99907  0.0680906
         0          0          0          1
T_world_lidar: 
-0.0748865   0.997173 -0.0062236   -1.03046
 -0.996304  -0.074555  0.0426601   0.183697
 0.0420755 0.00939527    0.99907  0.0680906
         0          0          0          1
v_world_imu:  -0.0134116    -0.21207 -0.00229768
frame_188
id: 1717
stamp: 1718924500.299982309
T_odom_lidar: 
-0.0747568    0.99718 -0.0066347   -1.03248
 -0.996314 -0.0744078  0.0426933   0.162341
 0.0420792 0.00980185   0.999066  0.0678401
         0          0          0          1
T_world_lidar: 
-0.0747568    0.99718 -0.0066347   -1.03248
 -0.996314 -0.0744078  0.0426933   0.162341
 0.0420792 0.00980185   0.999066  0.0678401
         0          0          0          1
v_world_imu:   -0.0217273    -0.213133 -0.000335475
frame_189
id: 1718
stamp: 1718924500.399987221
T_odom_lidar: 
 -0.0756168    0.997114 -0.00670077    -1.03464
  -0.996257  -0.0752662   0.0425008    0.140711
  0.0418739  0.00988947    0.999074   0.0678512
          0           0           0           1
T_world_lidar: 
 -0.0756168    0.997114 -0.00670077    -1.03464
  -0.996257  -0.0752662   0.0425008    0.140711
  0.0418739  0.00988947    0.999074   0.0678512
          0           0           0           1
v_world_imu: -0.0205021  -0.219956 0.00336518
frame_190
id: 1719
stamp: 1718924500.499992132
T_odom_lidar: 
 -0.0742025     0.99722 -0.00679196     -1.0367
   -0.99635   -0.073846   0.0428249    0.118724
  0.0422042  0.00994488     0.99906   0.0682966
          0           0           0           1
T_world_lidar: 
 -0.0742025     0.99722 -0.00679196     -1.0367
   -0.99635   -0.073846   0.0428249    0.118724
  0.0422042  0.00994488     0.99906   0.0682966
          0           0           0           1
v_world_imu:  -0.0252005   -0.221034 0.000937363
frame_191
id: 1720
stamp: 1718924500.599995136
T_odom_lidar: 
 -0.0757401    0.997104 -0.00690814    -1.03988
  -0.996247  -0.0753803   0.0425448   0.0973138
  0.0419009   0.0101046    0.999071   0.0683158
          0           0           0           1
T_world_lidar: 
 -0.0757401    0.997104 -0.00690814    -1.03988
  -0.996247  -0.0753803   0.0425448   0.0973138
  0.0419009   0.0101046    0.999071   0.0683158
          0           0           0           1
v_world_imu: -0.0253357  -0.217989 0.00209965
frame_192
id: 1721
stamp: 1718924500.699895144
T_odom_lidar: 
 -0.0751533    0.997144 -0.00744301    -1.04226
  -0.996308  -0.0747753   0.0421875   0.0753799
  0.0415105   0.0105861    0.999082   0.0682575
          0           0           0           1
T_world_lidar: 
 -0.0751533    0.997144 -0.00744301    -1.04226
  -0.996308  -0.0747753   0.0421875   0.0753799
  0.0415105   0.0105861    0.999082   0.0682575
          0           0           0           1
v_world_imu: -0.0237498  -0.221032 0.00120508
frame_193
id: 1722
stamp: 1718924500.799985170
T_odom_lidar: 
 -0.0745962    0.997184 -0.00775389    -1.04532
  -0.996379  -0.0742134   0.0414941   0.0539649
  0.0408018   0.0108211    0.999109   0.0680726
          0           0           0           1
T_world_lidar: 
 -0.0745962    0.997184 -0.00775389    -1.04532
  -0.996379  -0.0742134   0.0414941   0.0539649
  0.0408018   0.0108211    0.999109   0.0680726
          0           0           0           1
v_world_imu:  -0.0246927   -0.218436 0.000797056
frame_194
id: 1723
stamp: 1718924500.900016069
T_odom_lidar: 
 -0.0746115    0.997174 -0.00874354    -1.04621
  -0.996358  -0.0741818   0.0420431   0.0309893
  0.0412757   0.0118486    0.999078   0.0681192
          0           0           0           1
T_world_lidar: 
 -0.0746115    0.997174 -0.00874354    -1.04621
  -0.996358  -0.0741818   0.0420431   0.0309893
  0.0412757   0.0118486    0.999078   0.0681192
          0           0           0           1
v_world_imu:  -0.0153118   -0.214651 -0.00112476
frame_195
id: 1724
stamp: 1718924501.099992037
T_odom_lidar: 
 -0.0743775    0.997186 -0.00936506     -1.0497
  -0.996401  -0.0739294    0.041475  -0.0108058
  0.0406659   0.0124162    0.999096   0.0667304
          0           0           0           1
T_world_lidar: 
 -0.0743775    0.997186 -0.00936506     -1.0497
  -0.996401  -0.0739294    0.041475  -0.0108058
  0.0406659   0.0124162    0.999096   0.0667304
          0           0           0           1
v_world_imu:  -0.0160996   -0.207359 -0.00840431
frame_196
id: 1725
stamp: 1718924501.199984074
T_odom_lidar: 
 -0.0734936    0.997259 -0.00857055    -1.05132
  -0.996518  -0.0730941   0.0401237  -0.0307956
  0.0393872   0.0114895    0.999158   0.0659489
          0           0           0           1
T_world_lidar: 
 -0.0734936    0.997259 -0.00857055    -1.05132
  -0.996518  -0.0730941   0.0401237  -0.0307956
  0.0393872   0.0114895    0.999158   0.0659489
          0           0           0           1
v_world_imu:  -0.0123818   -0.205931 0.000334326
frame_197
id: 1726
stamp: 1718924501.299995184
T_odom_lidar: 
 -0.0728424    0.997305 -0.00872712    -1.05229
  -0.996578  -0.0724409   0.0398095  -0.0511003
    0.03907   0.0115971    0.999169   0.0659785
          0           0           0           1
T_world_lidar: 
 -0.0728424    0.997305 -0.00872712    -1.05229
  -0.996578  -0.0724409   0.0398095  -0.0511003
    0.03907   0.0115971    0.999169   0.0659785
          0           0           0           1
v_world_imu:  -0.0117857   -0.200791 0.000689379
frame_198
id: 1727
stamp: 1718924501.399992228
T_odom_lidar: 
 -0.0717465    0.997375 -0.00981637     -1.0532
  -0.996628  -0.0712929   0.0406268  -0.0715976
  0.0398203   0.0126981    0.999126   0.0657893
          0           0           0           1
T_world_lidar: 
 -0.0717465    0.997375 -0.00981637     -1.0532
  -0.996628  -0.0712929   0.0406268  -0.0715976
  0.0398203   0.0126981    0.999126   0.0657893
          0           0           0           1
v_world_imu:  -0.0162019   -0.200934 -0.00410259
frame_199
id: 1728
stamp: 1718924501.499989033
T_odom_lidar: 
 -0.0731752     0.99727 -0.00989292     -1.0553
  -0.996532    -0.07272   0.0404336  -0.0916665
  0.0396039   0.0128174    0.999133   0.0652121
          0           0           0           1
T_world_lidar: 
 -0.0731752     0.99727 -0.00989292     -1.0553
  -0.996532    -0.07272   0.0404336  -0.0916665
  0.0396039   0.0128174    0.999133   0.0652121
          0           0           0           1
v_world_imu:  -0.0172261    -0.20063 -0.00481128
frame_200
id: 1729
stamp: 1718924501.599990129
T_odom_lidar: 
-0.0726301   0.997311 -0.0097334   -1.05676
 -0.996583 -0.0721853  0.0401398  -0.112165
 0.0393293  0.0126155   0.999147  0.0648405
         0          0          0          1
T_world_lidar: 
-0.0726301   0.997311 -0.0097334   -1.05676
 -0.996583 -0.0721853  0.0401398  -0.112165
 0.0393293  0.0126155   0.999147  0.0648405
         0          0          0          1
v_world_imu:   -0.0164984    -0.208193 -0.000459537
frame_201
id: 1730
stamp: 1718924501.699975967
T_odom_lidar: 
  -0.07284     0.9973 -0.0092968   -1.05831
 -0.996543 -0.0724051  0.0407259   -0.13115
 0.0399428  0.0122311   0.999127  0.0653042
         0          0          0          1
T_world_lidar: 
  -0.07284     0.9973 -0.0092968   -1.05831
 -0.996543 -0.0724051  0.0407259   -0.13115
 0.0399428  0.0122311   0.999127  0.0653042
         0          0          0          1
v_world_imu: -0.00983454   -0.172093   0.0102586
frame_202
id: 1731
stamp: 1718924501.799995184
T_odom_lidar: 
-0.0729948   0.997298 -0.0083267   -1.05906
 -0.996435 -0.0725724  0.0430228  -0.142281
 0.0423023  0.0114375   0.999039  0.0671529
         0          0          0          1
T_world_lidar: 
-0.0729948   0.997298 -0.0083267   -1.05906
 -0.996435 -0.0725724  0.0430228  -0.142281
 0.0423023  0.0114375   0.999039  0.0671529
         0          0          0          1
v_world_imu: -0.0112278 -0.0454945  0.0046948
frame_203
id: 1732
stamp: 1718924501.900007963
T_odom_lidar: 
 -0.0724521    0.997333 -0.00880493    -1.06031
  -0.996447   -0.072002   0.0436939   -0.142189
  0.0429434   0.0119394    0.999006   0.0675453
          0           0           0           1
T_world_lidar: 
 -0.0724521    0.997333 -0.00880493    -1.06031
  -0.996447   -0.072002   0.0436939   -0.142189
  0.0429434   0.0119394    0.999006   0.0675453
          0           0           0           1
v_world_imu: -0.0178144  0.0318386  0.0021122
frame_204
id: 1733
stamp: 1718924502.099992037
T_odom_lidar: 
  -0.072925    0.997294 -0.00931227    -1.06138
  -0.996457  -0.0724651   0.0426977   -0.131284
  0.0419073    0.012393    0.999045   0.0690095
          0           0           0           1
T_world_lidar: 
  -0.072925    0.997294 -0.00931227    -1.06138
  -0.996457  -0.0724651   0.0426977   -0.131284
  0.0419073    0.012393    0.999045   0.0690095
          0           0           0           1
v_world_imu: -0.000346425    0.0699317   0.00905772
frame_205
id: 1734
stamp: 1718924502.199995041
T_odom_lidar: 
 -0.0723566    0.997332 -0.00967043    -1.06093
  -0.996525  -0.0718901   0.0420763   -0.124879
  0.0412688   0.0126813    0.999068   0.0695592
          0           0           0           1
T_world_lidar: 
 -0.0723566    0.997332 -0.00967043    -1.06093
  -0.996525  -0.0718901   0.0420763   -0.124879
  0.0412688   0.0126813    0.999068   0.0695592
          0           0           0           1
v_world_imu:  0.0115806  0.0561962 0.00422584
frame_206
id: 1735
stamp: 1718924502.299997091
T_odom_lidar: 
 -0.0722109    0.997341 -0.00979932     -1.0593
  -0.996558  -0.0717463     0.04152   -0.119944
  0.0407066   0.0127638     0.99909   0.0698067
          0           0           0           1
T_world_lidar: 
 -0.0722109    0.997341 -0.00979932     -1.0593
  -0.996558  -0.0717463     0.04152   -0.119944
  0.0407066   0.0127638     0.99909   0.0698067
          0           0           0           1
v_world_imu: 0.0158218 0.0432094 0.0035651
frame_207
id: 1736
stamp: 1718924502.399995089
T_odom_lidar: 
-0.0717931   0.997369  -0.010089   -1.05789
 -0.996616 -0.0713257  0.0408564  -0.116717
 0.0400292  0.0129881   0.999114  0.0699173
         0          0          0          1
T_world_lidar: 
-0.0717931   0.997369  -0.010089   -1.05789
 -0.996616 -0.0713257  0.0408564  -0.116717
 0.0400292  0.0129881   0.999114  0.0699173
         0          0          0          1
v_world_imu:  0.0113851  0.0212722 0.00220629
frame_208
id: 1737
stamp: 1718924502.499995947
T_odom_lidar: 
-0.0723944   0.997325 -0.0101193   -1.05661
 -0.996586 -0.0719298  0.0405168  -0.115614
 0.0396805  0.0130179   0.999128  0.0700054
         0          0          0          1
T_world_lidar: 
-0.0723944   0.997325 -0.0101193   -1.05661
 -0.996586 -0.0719298  0.0405168  -0.115614
 0.0396805  0.0130179   0.999128  0.0700054
         0          0          0          1
v_world_imu:    0.0174437 -0.000250051   0.00146078
frame_209
id: 1738
stamp: 1718924502.599997044
T_odom_lidar: 
  -0.07243   0.997321 -0.0102445   -1.05522
 -0.996582 -0.0719596  0.0405676  -0.116801
 0.0397217  0.0131478   0.999124   0.070181
         0          0          0          1
T_world_lidar: 
  -0.07243   0.997321 -0.0102445   -1.05522
 -0.996582 -0.0719596  0.0405676  -0.116801
 0.0397217  0.0131478   0.999124   0.070181
         0          0          0          1
v_world_imu:   0.00981757   -0.0193977 -0.000142756
frame_210
id: 1739
stamp: 1718924502.699901342
T_odom_lidar: 
-0.0725451   0.997312 -0.0102865   -1.05401
 -0.996579 -0.0720747  0.0404373  -0.118987
 0.0395872  0.0131849   0.999129    0.07013
         0          0          0          1
T_world_lidar: 
-0.0725451   0.997312 -0.0102865   -1.05401
 -0.996579 -0.0720747  0.0404373  -0.118987
 0.0395872  0.0131849   0.999129    0.07013
         0          0          0          1
v_world_imu:   0.015706 -0.0193105 -0.0003615
frame_211
id: 1740
stamp: 1718924502.699995995
T_odom_lidar: 
 -0.072775   0.997294 -0.0104364   -1.06032
 -0.996561 -0.0722978  0.0404914  -0.120259
 0.0396273  0.0133473   0.999125  0.0673739
         0          0          0          1
T_world_lidar: 
 -0.072775   0.997294 -0.0104364   -1.06032
 -0.996561 -0.0722978  0.0404914  -0.120259
 0.0396273  0.0133473   0.999125  0.0673739
         0          0          0          1
v_world_imu: 0.00526765  0.0348987 0.00239469
frame_212
id: 1741
stamp: 1718924502.900009155
T_odom_lidar: 
-0.0726487   0.997299 -0.0107976   -1.05943
 -0.996564  -0.072155  0.0406563  -0.114525
 0.0397674  0.0137141   0.999115  0.0677714
         0          0          0          1
T_world_lidar: 
-0.0726487   0.997299 -0.0107976   -1.05943
 -0.996564  -0.072155  0.0406563  -0.114525
 0.0397674  0.0137141   0.999115  0.0677714
         0          0          0          1
v_world_imu: 0.00639482  0.0247524 0.00194022
frame_213
id: 1742
stamp: 1718924502.999961853
T_odom_lidar: 
-0.0725283   0.997308 -0.0107839   -1.05884
 -0.996568 -0.0720335  0.0407862  -0.112265
 0.0398996  0.0137051    0.99911  0.0679531
         0          0          0          1
T_world_lidar: 
-0.0725283   0.997308 -0.0107839   -1.05884
 -0.996568 -0.0720335  0.0407862  -0.112265
 0.0398996  0.0137051    0.99911  0.0679531
         0          0          0          1
v_world_imu: 0.00343045  0.0191998 0.00132681
frame_214
id: 1743
stamp: 1718924503.099999905
T_odom_lidar: 
-0.0726286   0.997299 -0.0109005   -1.05841
 -0.996554 -0.0721265  0.0409742   -0.11055
 0.0400773  0.0138389   0.999101  0.0681371
         0          0          0          1
T_world_lidar: 
-0.0726286   0.997299 -0.0109005   -1.05841
 -0.996554 -0.0721265  0.0409742   -0.11055
 0.0400773  0.0138389   0.999101  0.0681371
         0          0          0          1
v_world_imu: 0.00659786  0.0160883  0.0017619
frame_215
id: 1744
stamp: 1718924503.199985027
T_odom_lidar: 
-0.0726686   0.997298 -0.0107338   -1.05791
  -0.99654 -0.0721696  0.0412338  -0.109151
 0.0403477   0.013693   0.999092  0.0683595
         0          0          0          1
T_world_lidar: 
-0.0726686   0.997298 -0.0107338   -1.05791
  -0.99654 -0.0721696  0.0412338  -0.109151
 0.0403477   0.013693   0.999092  0.0683595
         0          0          0          1
v_world_imu: 0.00344405  0.0112459 0.00146089
frame_216
id: 1745
stamp: 1718924503.299988031
T_odom_lidar: 
-0.0726514   0.997299 -0.0107585   -1.05753
  -0.99653 -0.0721477  0.0415011  -0.108122
 0.0406128  0.0137363   0.999081  0.0685316
         0          0          0          1
T_world_lidar: 
-0.0726514   0.997299 -0.0107585   -1.05753
  -0.99653 -0.0721477  0.0415011  -0.108122
 0.0406128  0.0137363   0.999081  0.0685316
         0          0          0          1
v_world_imu: 0.00463231  0.0093346 0.00132369
frame_217
id: 1746
stamp: 1718924503.499994040
T_odom_lidar: 
-0.0726658   0.997299 -0.0106574   -1.05721
 -0.996504 -0.0721578  0.0421083   -0.10716
 0.0412256    0.01368   0.999056  0.0690794
         0          0          0          1
T_world_lidar: 
-0.0726658   0.997299 -0.0106574   -1.05721
 -0.996504 -0.0721578  0.0421083   -0.10716
 0.0412256    0.01368   0.999056  0.0690794
         0          0          0          1
v_world_imu: 0.00180192 0.00429423 0.00232218
frame_218
id: 1747
stamp: 1718924503.599984884
T_odom_lidar: 
-0.0727376   0.997293 -0.0107262    -1.0571
 -0.996487 -0.0722228  0.0423911  -0.106838
 0.0415017  0.0137719   0.999044   0.069327
         0          0          0          1
T_world_lidar: 
-0.0727376   0.997293 -0.0107262    -1.0571
 -0.996487 -0.0722228  0.0423911  -0.106838
 0.0415017  0.0137719   0.999044   0.069327
         0          0          0          1
v_world_imu: 0.000487881  0.00208564  0.00196433
frame_219
id: 1748
stamp: 1718924503.699895144
T_odom_lidar: 
-0.0727868   0.997289 -0.0107796   -1.05702
 -0.996477 -0.0722674  0.0425648  -0.106725
 0.0416704  0.0138397   0.999036  0.0695826
         0          0          0          1
T_world_lidar: 
-0.0727868   0.997289 -0.0107796   -1.05702
 -0.996477 -0.0722674  0.0425648  -0.106725
 0.0416704  0.0138397   0.999036  0.0695826
         0          0          0          1
v_world_imu:   0.00191386 -8.14473e-05   0.00248259
frame_220
id: 1749
stamp: 1718924503.799981833
T_odom_lidar: 
-0.0725033   0.997307 -0.0110138   -1.05679
  -0.99648 -0.0719683   0.042993  -0.106776
 0.0420846  0.0140922   0.999015  0.0698773
         0          0          0          1
T_world_lidar: 
-0.0725033   0.997307 -0.0110138   -1.05679
  -0.99648 -0.0719683   0.042993  -0.106776
 0.0420846  0.0140922   0.999015  0.0698773
         0          0          0          1
v_world_imu:  0.000460319 -0.000138914   0.00167506
frame_221
id: 1750
stamp: 1718924503.900016069
T_odom_lidar: 
-0.0724775   0.997308 -0.0111059   -1.05676
 -0.996474 -0.0719361  0.0431768  -0.106722
 0.0422616  0.0141961   0.999006  0.0700739
         0          0          0          1
T_world_lidar: 
-0.0724775   0.997308 -0.0111059   -1.05676
 -0.996474 -0.0719361  0.0431768  -0.106722
 0.0422616  0.0141961   0.999006  0.0700739
         0          0          0          1
v_world_imu:   0.00107694 -0.000153994   0.00164962
frame_222
id: 1751
stamp: 1718924504.099989176
T_odom_lidar: 
-0.0726588   0.997298 -0.0108466    -1.0569
 -0.996462 -0.0721287    0.04314  -0.106918
 0.0422411  0.0139428    0.99901  0.0701581
         0          0          0          1
T_world_lidar: 
-0.0726588   0.997298 -0.0108466    -1.0569
 -0.996462 -0.0721287    0.04314  -0.106918
 0.0422411  0.0139428    0.99901  0.0701581
         0          0          0          1
v_world_imu: -0.000686557  -0.00213192  0.000477085
frame_223
id: 1752
stamp: 1718924504.199983120
T_odom_lidar: 
-0.0726674   0.997293 -0.0112506   -1.05693
 -0.996473 -0.0721239  0.0428869  -0.107209
 0.0419594  0.0143274   0.999017  0.0701352
         0          0          0          1
T_world_lidar: 
-0.0726674   0.997293 -0.0112506   -1.05693
 -0.996473 -0.0721239  0.0428869  -0.107209
 0.0419594  0.0143274   0.999017  0.0701352
         0          0          0          1
v_world_imu: 0.000562078 -0.00371437 0.000667117
frame_224
id: 1753
stamp: 1718924504.299992323
T_odom_lidar: 
-0.0726156   0.997296 -0.0113147   -1.05684
 -0.996484 -0.0720718  0.0427207   -0.10761
 0.0417897  0.0143771   0.999023  0.0701434
         0          0          0          1
T_world_lidar: 
-0.0726156   0.997296 -0.0113147   -1.05684
 -0.996484 -0.0720718  0.0427207   -0.10761
 0.0417897  0.0143771   0.999023  0.0701434
         0          0          0          1
v_world_imu: 0.000958088 -0.00411771 0.000181777
frame_225
id: 1754
stamp: 1718924504.399990320
T_odom_lidar: 
-0.0725909     0.9973 -0.0110975    -1.0567
 -0.996492 -0.0720585  0.0425546  -0.108147
   0.04164  0.0141476   0.999033  0.0700904
         0          0          0          1
T_world_lidar: 
-0.0725909     0.9973 -0.0110975    -1.0567
 -0.996492 -0.0720585  0.0425546  -0.108147
   0.04164  0.0141476   0.999033  0.0700904
         0          0          0          1
v_world_imu:  0.00124475  -0.0067757 0.000239485
frame_226
id: 1755
stamp: 1718924504.499989271
T_odom_lidar: 
-0.0727438   0.997289 -0.0111317   -1.05664
 -0.996485 -0.0722113  0.0424594  -0.108941
 0.0415404  0.0141812   0.999036  0.0700788
         0          0          0          1
T_world_lidar: 
-0.0727438   0.997289 -0.0111317   -1.05664
 -0.996485 -0.0722113  0.0424594  -0.108941
 0.0415404  0.0141812   0.999036  0.0700788
         0          0          0          1
v_world_imu:  0.00112635 -0.00913567 0.000180239
frame_227
id: 1756
stamp: 1718924504.599988222
T_odom_lidar: 
-0.0727434   0.997288 -0.0111684   -1.05647
 -0.996495 -0.0722125   0.042234  -0.110014
 0.0413129  0.0142015   0.999045  0.0700812
         0          0          0          1
T_world_lidar: 
-0.0727434   0.997288 -0.0111684   -1.05647
 -0.996495 -0.0722125   0.042234  -0.110014
 0.0413129  0.0142015   0.999045  0.0700812
         0          0          0          1
v_world_imu: 0.00182155  -0.012217 0.00129915
frame_228
id: 1757
stamp: 1718924504.699904919
T_odom_lidar: 
-0.0728519   0.997281 -0.0111195   -1.05636
 -0.996496 -0.0723262  0.0420123  -0.111367
 0.0410938  0.0141412   0.999055  0.0701313
         0          0          0          1
T_world_lidar: 
-0.0728519   0.997281 -0.0111195   -1.05636
 -0.996496 -0.0723262  0.0420123  -0.111367
 0.0410938  0.0141412   0.999055  0.0701313
         0          0          0          1
v_world_imu: 0.00158346 -0.0146606 0.00125723
frame_229
id: 1758
stamp: 1718924504.799991131
T_odom_lidar: 
-0.0725537   0.997303 -0.0111033   -1.05615
 -0.996524 -0.0720312  0.0418501  -0.112965
 0.0409374  0.0141011   0.999062  0.0701893
         0          0          0          1
T_world_lidar: 
-0.0725537   0.997303 -0.0111033   -1.05615
 -0.996524 -0.0720312  0.0418501  -0.112965
 0.0409374  0.0141011   0.999062  0.0701893
         0          0          0          1
v_world_imu:   0.0010173  -0.0174539 0.000668465
frame_230
id: 1759
stamp: 1718924504.900017977
T_odom_lidar: 
-0.0725625   0.997301 -0.0111758   -1.05609
 -0.996528 -0.0720385  0.0417405  -0.114828
 0.0408228  0.0141658   0.999066  0.0702117
         0          0          0          1
T_world_lidar: 
-0.0725625   0.997301 -0.0111758   -1.05609
 -0.996528 -0.0720385  0.0417405  -0.114828
 0.0408228  0.0141658   0.999066  0.0702117
         0          0          0          1
v_world_imu: 0.000877993  -0.0196171 0.000979073
frame_231
id: 1760
stamp: 1718924505.099986076
T_odom_lidar: 
-0.0723343   0.997319 -0.0111146   -1.05599
 -0.996559 -0.0718181   0.041378  -0.119146
 0.0404688  0.0140694   0.999082  0.0702062
         0          0          0          1
T_world_lidar: 
-0.0723343   0.997319 -0.0111146   -1.05599
 -0.996559 -0.0718181   0.041378  -0.119146
 0.0404688  0.0140694   0.999082  0.0702062
         0          0          0          1
v_world_imu: -0.000691081    -0.024855  0.000251028
