1718924479.199988127 -2.051649 4.964020 -0.030696 0.001742 -0.011006 -0.225843 0.974100
1718924479.204515934 -2.050541 4.963580 -0.030792 0.001723 -0.011007 -0.225862 0.974096
1718924479.209500313 -2.049320 4.963100 -0.030897 0.001696 -0.011010 -0.225869 0.974094
1718924479.214482784 -2.048098 4.962624 -0.030997 0.001653 -0.011015 -0.225862 0.974096
1718924479.219525576 -2.046859 4.962144 -0.031093 0.001610 -0.011033 -0.225837 0.974101
1718924479.224519491 -2.045632 4.961673 -0.031183 0.001583 -0.011056 -0.225795 0.974111
1718924479.229532003 -2.044398 4.961203 -0.031270 0.001560 -0.011075 -0.225744 0.974122
1718924479.234490871 -2.043177 4.960739 -0.031355 0.001533 -0.011083 -0.225680 0.974137
1718924479.239480019 -2.041952 4.960273 -0.031441 0.001502 -0.011074 -0.225609 0.974154
1718924479.244464397 -2.040729 4.959808 -0.031525 0.001488 -0.011058 -0.225534 0.974171
1718924479.249477386 -2.039499 4.959340 -0.031608 0.001483 -0.011047 -0.225463 0.974188
1718924479.254525661 -2.038259 4.958865 -0.031689 0.001475 -0.011047 -0.225392 0.974204
1718924479.259480476 -2.037042 4.958394 -0.031769 0.001458 -0.011056 -0.225321 0.974221
1718924479.264511824 -2.035808 4.957912 -0.031855 0.001442 -0.011070 -0.225249 0.974237
1718924479.269514799 -2.034587 4.957426 -0.031949 0.001431 -0.011091 -0.225182 0.974253
1718924479.274505377 -2.033373 4.956935 -0.032051 0.001429 -0.011114 -0.225137 0.974263
1718924479.279466152 -2.032170 4.956439 -0.032154 0.001426 -0.011137 -0.225112 0.974268
1718924479.284508467 -2.030953 4.955925 -0.032255 0.001416 -0.011154 -0.225100 0.974271
1718924479.289462090 -2.029763 4.955412 -0.032347 0.001393 -0.011175 -0.225101 0.974270
1718924479.294467688 -2.028567 4.954886 -0.032431 0.001363 -0.011198 -0.225112 0.974268
1718924479.299463034 -2.027379 4.954354 -0.032511 0.001335 -0.011222 -0.225128 0.974264
1718924479.299989223 -2.027254 4.954297 -0.032519 0.001333 -0.011225 -0.225131 0.974263
1718924479.299989223 -2.027254 4.954297 -0.032519 0.001333 -0.011225 -0.225131 0.974263
1718924479.304460049 -2.026198 4.953815 -0.032594 0.001321 -0.011253 -0.225157 0.974257
1718924479.309474230 -2.025021 4.953270 -0.032684 0.001325 -0.011278 -0.225195 0.974248
1718924479.314504147 -2.023846 4.952719 -0.032782 0.001350 -0.011303 -0.225236 0.974238
1718924479.394463778 -2.004351 4.943972 -0.034382 0.002265 -0.011229 -0.223637 0.974605
1718924479.399473906 -2.003073 4.943423 -0.034461 0.002332 -0.011245 -0.223510 0.974634
1718924479.399989128 -2.002941 4.943367 -0.034469 0.002335 -0.011247 -0.223495 0.974637
1718924479.399989128 -2.002941 4.943367 -0.034469 0.002335 -0.011247 -0.223495 0.974637
1718924479.404510498 -2.001785 4.942872 -0.034549 0.002359 -0.011257 -0.223368 0.974666
1718924479.409494162 -2.000509 4.942326 -0.034633 0.002340 -0.011281 -0.223217 0.974701
1718924479.414535761 -1.999214 4.941774 -0.034713 0.002303 -0.011315 -0.223067 0.974735
1718924479.419494152 -1.997936 4.941231 -0.034791 0.002284 -0.011350 -0.222929 0.974766
1718924479.424485207 -1.996644 4.940684 -0.034872 0.002282 -0.011384 -0.222780 0.974800
1718924479.429494858 -1.995342 4.940137 -0.034959 0.002316 -0.011403 -0.222629 0.974834
1718924479.434471130 -1.994046 4.939593 -0.035049 0.002367 -0.011412 -0.222491 0.974865
1718924479.439524651 -1.992727 4.939038 -0.035147 0.002427 -0.011405 -0.222370 0.974893
1718924479.444513798 -1.991422 4.938486 -0.035245 0.002485 -0.011392 -0.222264 0.974917
1718924479.449477911 -1.990122 4.937932 -0.035342 0.002514 -0.011380 -0.222185 0.974935
1718924479.454524755 -1.988798 4.937365 -0.035437 0.002499 -0.011378 -0.222124 0.974949
1718924479.459474325 -1.987499 4.936806 -0.035524 0.002451 -0.011396 -0.222072 0.974961
1718924479.464510202 -1.986179 4.936235 -0.035609 0.002385 -0.011424 -0.222042 0.974967
1718924479.469520092 -1.984868 4.935666 -0.035693 0.002313 -0.011450 -0.222040 0.974968
1718924479.474523544 -1.983562 4.935099 -0.035781 0.002266 -0.011467 -0.222056 0.974964
1718924479.479496956 -1.982266 4.934539 -0.035873 0.002251 -0.011485 -0.222088 0.974956
1718924479.484479904 -1.980967 4.933979 -0.035968 0.002243 -0.011499 -0.222127 0.974947
1718924479.489476919 -1.979662 4.933418 -0.036062 0.002225 -0.011512 -0.222183 0.974935
1718924479.494467735 -1.978356 4.932860 -0.036157 0.002200 -0.011520 -0.222254 0.974918
1718924479.499463081 -1.977050 4.932304 -0.036252 0.002175 -0.011523 -0.222334 0.974900
1718924479.499980211 -1.976915 4.932247 -0.036262 0.002173 -0.011523 -0.222344 0.974898
1718924479.499980211 -1.976915 4.932247 -0.036262 0.002173 -0.011523 -0.222344 0.974898
1718924479.504458904 -1.975744 4.931752 -0.036355 0.002160 -0.011528 -0.222423 0.974880
1718924479.509477615 -1.974432 4.931200 -0.036462 0.002154 -0.011521 -0.222526 0.974856
1718924479.514471054 -1.973125 4.930653 -0.036571 0.002166 -0.011513 -0.222621 0.974835
1718924479.564539194 -1.960228 4.925158 -0.037992 0.001894 -0.011512 -0.221916 0.974996
1718924479.569561958 -1.958955 4.924602 -0.038158 0.001891 -0.011510 -0.221818 0.975018
1718924479.574519396 -1.957697 4.924054 -0.038320 0.001905 -0.011507 -0.221704 0.975044
1718924479.579504013 -1.956431 4.923501 -0.038477 0.001922 -0.011516 -0.221595 0.975069
1718924479.584491968 -1.955167 4.922943 -0.038625 0.001913 -0.011527 -0.221496 0.975091
1718924479.589529753 -1.953893 4.922375 -0.038765 0.001897 -0.011543 -0.221382 0.975117
1718924479.594514847 -1.952634 4.921811 -0.038901 0.001901 -0.011573 -0.221266 0.975143
1718924479.599490881 -1.951380 4.921244 -0.039040 0.001917 -0.011605 -0.221175 0.975163
1718924479.599986076 -1.951256 4.921188 -0.039055 0.001917 -0.011608 -0.221166 0.975165
1718924479.599986076 -1.951256 4.921188 -0.039055 0.001917 -0.011608 -0.221166 0.975165
1718924479.604487419 -1.950127 4.920674 -0.039199 0.001917 -0.011623 -0.221092 0.975182
1718924479.609490395 -1.948879 4.920099 -0.039365 0.001893 -0.011626 -0.221005 0.975201
1718924479.614502430 -1.947633 4.919521 -0.039535 0.001867 -0.011619 -0.220934 0.975218
1718924479.619507313 -1.946392 4.918943 -0.039711 0.001860 -0.011611 -0.220885 0.975229
1718924479.624500990 -1.945156 4.918363 -0.039891 0.001867 -0.011597 -0.220847 0.975238
1718924479.629518747 -1.943918 4.917776 -0.040073 0.001875 -0.011580 -0.220830 0.975242
1718924479.634493351 -1.942694 4.917190 -0.040250 0.001877 -0.011565 -0.220826 0.975243
1718924479.639482021 -1.941467 4.916599 -0.040420 0.001870 -0.011558 -0.220829 0.975242
1718924479.644486427 -1.940238 4.916003 -0.040583 0.001857 -0.011555 -0.220846 0.975238
1718924479.649482727 -1.939013 4.915407 -0.040740 0.001830 -0.011552 -0.220873 0.975233
1718924479.654497623 -1.937786 4.914809 -0.040901 0.001814 -0.011542 -0.220904 0.975225
1718924479.659478188 -1.936571 4.914218 -0.041070 0.001800 -0.011533 -0.220951 0.975215
1718924479.664501429 -1.935347 4.913622 -0.041253 0.001792 -0.011524 -0.221002 0.975204
1718924479.669490337 -1.934133 4.913030 -0.041441 0.001789 -0.011515 -0.221055 0.975192
1718924479.674567461 -1.932896 4.912428 -0.041635 0.001794 -0.011511 -0.221115 0.975178
1718924479.679500103 -1.931691 4.911846 -0.041823 0.001806 -0.011508 -0.221173 0.975165
1718924479.684492588 -1.930472 4.911260 -0.042011 0.001809 -0.011496 -0.221233 0.975152
1718924479.689487457 -1.929251 4.910676 -0.042195 0.001803 -0.011483 -0.221283 0.975140
1718924479.694494009 -1.928026 4.910094 -0.042378 0.001802 -0.011466 -0.221331 0.975130
1718924479.699489594 -1.926803 4.909518 -0.042559 0.001802 -0.011449 -0.221379 0.975119
1718924479.699902296 -1.926702 4.909470 -0.042574 0.001802 -0.011448 -0.221382 0.975118
1718924479.699902296 -1.926702 4.909470 -0.042574 0.001802 -0.011448 -0.221382 0.975118
1718924479.704493046 -1.925577 4.908942 -0.042744 0.001808 -0.011447 -0.221420 0.975110
1718924479.709492445 -1.924348 4.908369 -0.042928 0.001814 -0.011452 -0.221451 0.975103
1718924479.714538813 -1.923106 4.907794 -0.043114 0.001823 -0.011465 -0.221477 0.975097
1718924479.719503164 -1.921881 4.907233 -0.043299 0.001830 -0.011481 -0.221492 0.975093
1718924479.764496565 -1.910855 4.902085 -0.044808 0.001599 -0.011383 -0.221132 0.975176
1718924479.769507647 -1.909636 4.901502 -0.044929 0.001567 -0.011395 -0.221084 0.975187
1718924479.774561405 -1.908408 4.900914 -0.045045 0.001534 -0.011414 -0.221034 0.975198
1718924479.779569149 -1.907192 4.900331 -0.045160 0.001512 -0.011431 -0.220988 0.975208
1718924479.784532785 -1.905988 4.899753 -0.045278 0.001499 -0.011454 -0.220951 0.975217
1718924479.789488316 -1.904787 4.899175 -0.045402 0.001483 -0.011474 -0.220908 0.975226
1718924479.794529915 -1.903569 4.898587 -0.045535 0.001472 -0.011490 -0.220882 0.975232
1718924479.799492121 -1.902372 4.898009 -0.045668 0.001466 -0.011504 -0.220877 0.975233
1718924479.799986124 -1.902253 4.897951 -0.045681 0.001466 -0.011505 -0.220878 0.975233
1718924479.799986124 -1.902253 4.897951 -0.045681 0.001466 -0.011505 -0.220878 0.975233
1718924479.804533958 -1.901163 4.897418 -0.045822 0.001461 -0.011506 -0.220882 0.975232
1718924479.809486628 -1.899977 4.896836 -0.045974 0.001444 -0.011498 -0.220895 0.975229
1718924479.814502716 -1.898781 4.896247 -0.046126 0.001423 -0.011485 -0.220909 0.975226
1718924479.819511414 -1.897589 4.895659 -0.046276 0.001408 -0.011471 -0.220941 0.975219
1718924479.824552536 -1.896393 4.895069 -0.046426 0.001406 -0.011454 -0.220986 0.975209
1718924479.829498053 -1.895222 4.894490 -0.046570 0.001413 -0.011444 -0.221043 0.975196
1718924479.834495783 -1.894040 4.893905 -0.046715 0.001414 -0.011439 -0.221098 0.975184
1718924479.839549541 -1.892847 4.893314 -0.046862 0.001417 -0.011430 -0.221144 0.975173
1718924479.844546080 -1.891668 4.892732 -0.047012 0.001422 -0.011410 -0.221191 0.975163
1718924479.849506140 -1.890497 4.892156 -0.047167 0.001423 -0.011385 -0.221246 0.975151
1718924479.854526281 -1.889313 4.891573 -0.047330 0.001415 -0.011361 -0.221296 0.975140
1718924479.859492302 -1.888140 4.890997 -0.047495 0.001395 -0.011347 -0.221336 0.975131
1718924479.864527225 -1.886950 4.890413 -0.047664 0.001384 -0.011342 -0.221377 0.975121
1718924479.869492054 -1.885775 4.889837 -0.047829 0.001395 -0.011353 -0.221410 0.975114
1718924479.874530315 -1.884582 4.889254 -0.047995 0.001418 -0.011367 -0.221430 0.975109
1718924479.879534483 -1.883397 4.888676 -0.048157 0.001454 -0.011370 -0.221436 0.975108
1718924479.884489059 -1.882225 4.888104 -0.048314 0.001497 -0.011354 -0.221439 0.975107
1718924479.889515638 -1.881035 4.887523 -0.048470 0.001530 -0.011327 -0.221435 0.975108
1718924479.894518375 -1.879852 4.886942 -0.048617 0.001536 -0.011301 -0.221422 0.975111
1718924479.899494171 -1.878674 4.886361 -0.048758 0.001516 -0.011292 -0.221397 0.975117
1718924479.900008202 -1.878552 4.886301 -0.048771 0.001514 -0.011294 -0.221392 0.975118
1718924479.900008202 -1.878552 4.886301 -0.048771 0.001514 -0.011294 -0.221392 0.975118
1718924479.904490948 -1.877488 4.885781 -0.048898 0.001494 -0.011311 -0.221350 0.975128
1718924479.909500122 -1.876298 4.885199 -0.049043 0.001493 -0.011350 -0.221296 0.975139
1718924479.914582014 -1.875092 4.884609 -0.049196 0.001514 -0.011400 -0.221246 0.975150
1718924479.964547873 -1.863404 4.878876 -0.050989 0.001854 -0.011410 -0.221110 0.975180
1718924479.969499826 -1.862255 4.878309 -0.051145 0.001907 -0.011427 -0.221116 0.975179
1718924479.974500179 -1.861097 4.877737 -0.051304 0.001961 -0.011433 -0.221125 0.975176
1718924479.979504347 -1.859940 4.877165 -0.051466 0.001998 -0.011429 -0.221123 0.975177
1718924479.984548330 -1.858774 4.876588 -0.051632 0.002021 -0.011417 -0.221126 0.975176
1718924479.989514589 -1.857626 4.876018 -0.051797 0.002032 -0.011413 -0.221137 0.975174
1718924479.994501829 -1.856474 4.875445 -0.051964 0.002054 -0.011424 -0.221150 0.975171
1718924479.999535561 -1.855312 4.874867 -0.052137 0.002093 -0.011443 -0.221164 0.975167
1718924480.004537106 -1.854159 4.874294 -0.052311 0.002151 -0.011454 -0.221176 0.975164
1718924480.009538412 -1.853007 4.873722 -0.052489 0.002220 -0.011460 -0.221181 0.975163
1718924480.014508963 -1.851863 4.873152 -0.052668 0.002289 -0.011455 -0.221188 0.975161
1718924480.019503117 -1.850714 4.872578 -0.052847 0.002359 -0.011432 -0.221190 0.975161
1718924480.024552822 -1.849552 4.871995 -0.053024 0.002407 -0.011402 -0.221191 0.975161
1718924480.029496908 -1.848411 4.871421 -0.053191 0.002431 -0.011376 -0.221187 0.975162
1718924480.034503222 -1.847253 4.870836 -0.053353 0.002451 -0.011371 -0.221186 0.975162
1718924480.039494514 -1.846097 4.870251 -0.053512 0.002480 -0.011388 -0.221178 0.975164
1718924480.044498920 -1.844935 4.869665 -0.053676 0.002513 -0.011423 -0.221158 0.975168
1718924480.049489975 -1.843774 4.869080 -0.053846 0.002555 -0.011455 -0.221135 0.975173
1718924480.054505825 -1.842607 4.868491 -0.054024 0.002599 -0.011478 -0.221118 0.975176
1718924480.059490919 -1.841445 4.867906 -0.054206 0.002657 -0.011485 -0.221100 0.975180
1718924480.064493895 -1.840277 4.867320 -0.054389 0.002725 -0.011478 -0.221067 0.975187
1718924480.069496155 -1.839106 4.866732 -0.054569 0.002800 -0.011462 -0.221038 0.975194
1718924480.074530840 -1.837927 4.866139 -0.054745 0.002869 -0.011442 -0.221007 0.975201
1718924480.079531908 -1.836753 4.865545 -0.054911 0.002926 -0.011426 -0.220972 0.975209
1718924480.084496975 -1.835587 4.864951 -0.055065 0.002965 -0.011409 -0.220941 0.975216
1718924480.089491844 -1.834413 4.864352 -0.055209 0.002978 -0.011403 -0.220910 0.975223
1718924480.094528198 -1.833231 4.863747 -0.055349 0.002969 -0.011407 -0.220866 0.975233
1718924480.099532604 -1.832057 4.863147 -0.055489 0.002944 -0.011426 -0.220813 0.975245
1718924480.099980116 -1.831952 4.863093 -0.055502 0.002941 -0.011428 -0.220809 0.975246
1718924480.099980116 -1.831952 4.863093 -0.055502 0.002941 -0.011428 -0.220809 0.975246
1718924480.104552507 -1.830877 4.862546 -0.055660 0.002912 -0.011450 -0.220763 0.975256
1718924480.109534740 -1.829705 4.861954 -0.055848 0.002882 -0.011468 -0.220709 0.975268
1718924480.114553213 -1.828526 4.861362 -0.056051 0.002848 -0.011482 -0.220660 0.975279
1718924480.149497747 -1.820234 4.857348 -0.057447 0.002890 -0.011361 -0.220483 0.975320
1718924480.154497862 -1.819034 4.856793 -0.057614 0.002878 -0.011370 -0.220466 0.975324
1718924480.159490585 -1.817833 4.856244 -0.057779 0.002866 -0.011378 -0.220461 0.975325
1718924480.164499998 -1.816626 4.855701 -0.057948 0.002859 -0.011384 -0.220459 0.975326
1718924480.169500589 -1.815419 4.855165 -0.058123 0.002843 -0.011393 -0.220471 0.975323
1718924480.174534798 -1.814204 4.854633 -0.058307 0.002822 -0.011397 -0.220495 0.975317
1718924480.179532290 -1.812996 4.854111 -0.058499 0.002803 -0.011401 -0.220522 0.975311
1718924480.184533834 -1.811786 4.853594 -0.058696 0.002784 -0.011397 -0.220549 0.975305
1718924480.189491272 -1.810586 4.853087 -0.058895 0.002774 -0.011395 -0.220576 0.975299
1718924480.194534540 -1.809364 4.852575 -0.059095 0.002770 -0.011404 -0.220603 0.975293
1718924480.199530602 -1.808150 4.852071 -0.059288 0.002767 -0.011421 -0.220631 0.975287
1718924480.199985981 -1.808040 4.852025 -0.059305 0.002768 -0.011423 -0.220633 0.975286
1718924480.199985981 -1.808040 4.852025 -0.059305 0.002768 -0.011423 -0.220633 0.975286
1718924480.204528093 -1.806938 4.851565 -0.059493 0.002775 -0.011434 -0.220655 0.975281
1718924480.209493876 -1.805733 4.851062 -0.059694 0.002787 -0.011444 -0.220688 0.975273
1718924480.214519739 -1.804514 4.850553 -0.059893 0.002797 -0.011445 -0.220741 0.975261
1718924480.219507694 -1.803305 4.850047 -0.060087 0.002790 -0.011432 -0.220793 0.975250
1718924480.224503994 -1.802094 4.849538 -0.060279 0.002766 -0.011416 -0.220835 0.975240
1718924480.229508638 -1.800881 4.849026 -0.060472 0.002737 -0.011407 -0.220869 0.975233
1718924480.234560013 -1.799656 4.848507 -0.060670 0.002713 -0.011406 -0.220892 0.975228
1718924480.239511967 -1.798455 4.847996 -0.060871 0.002701 -0.011415 -0.220907 0.975224
1718924480.244503498 -1.797245 4.847477 -0.061079 0.002701 -0.011425 -0.220915 0.975222
1718924480.249497652 -1.796034 4.846953 -0.061292 0.002709 -0.011435 -0.220913 0.975223
1718924480.254539013 -1.794814 4.846419 -0.061506 0.002723 -0.011446 -0.220900 0.975225
1718924480.259492874 -1.793617 4.845890 -0.061713 0.002732 -0.011454 -0.220885 0.975229
1718924480.264508009 -1.792408 4.845349 -0.061918 0.002735 -0.011452 -0.220875 0.975231
1718924480.269522429 -1.791203 4.844803 -0.062119 0.002746 -0.011456 -0.220865 0.975233
1718924480.274507523 -1.790009 4.844254 -0.062319 0.002769 -0.011465 -0.220851 0.975236
1718924480.279524565 -1.788810 4.843695 -0.062522 0.002799 -0.011468 -0.220833 0.975240
1718924480.284546137 -1.787614 4.843129 -0.062728 0.002825 -0.011463 -0.220811 0.975245
1718924480.289524794 -1.786432 4.842562 -0.062932 0.002842 -0.011459 -0.220786 0.975251
1718924480.294514418 -1.785250 4.841987 -0.063134 0.002851 -0.011454 -0.220768 0.975255
1718924480.299506426 -1.784068 4.841407 -0.063332 0.002854 -0.011448 -0.220751 0.975259
1718924480.300007343 -1.783949 4.841348 -0.063352 0.002854 -0.011448 -0.220748 0.975259
1718924480.300007343 -1.783949 4.841348 -0.063352 0.002854 -0.011448 -0.220748 0.975259
1718924480.304500818 -1.782884 4.840827 -0.063534 0.002851 -0.011454 -0.220722 0.975265
1718924480.309504271 -1.781700 4.840243 -0.063739 0.002847 -0.011464 -0.220687 0.975273
1718924480.314539671 -1.780511 4.839653 -0.063950 0.002866 -0.011476 -0.220663 0.975278
1718924480.404485703 -1.759145 4.829692 -0.067253 0.003166 -0.011526 -0.221421 0.975105
1718924480.409489870 -1.757925 4.829154 -0.067355 0.003191 -0.011557 -0.221469 0.975094
1718924480.414495945 -1.756704 4.828619 -0.067451 0.003222 -0.011587 -0.221511 0.975084
1718924480.419507027 -1.755481 4.828085 -0.067541 0.003244 -0.011600 -0.221545 0.975076
1718924480.424545050 -1.754249 4.827552 -0.067624 0.003242 -0.011607 -0.221569 0.975070
1718924480.429497242 -1.753040 4.827032 -0.067700 0.003218 -0.011617 -0.221594 0.975064
1718924480.434495926 -1.751819 4.826510 -0.067773 0.003178 -0.011634 -0.221623 0.975058
1718924480.439489365 -1.750598 4.825991 -0.067848 0.003142 -0.011650 -0.221643 0.975053
1718924480.444491625 -1.749375 4.825471 -0.067931 0.003121 -0.011672 -0.221662 0.975049
1718924480.449499846 -1.748149 4.824952 -0.068022 0.003113 -0.011697 -0.221672 0.975046
1718924480.454496384 -1.746926 4.824437 -0.068121 0.003113 -0.011720 -0.221677 0.975045
1718924480.459552526 -1.745689 4.823917 -0.068226 0.003118 -0.011739 -0.221689 0.975042
1718924480.464548826 -1.744465 4.823403 -0.068330 0.003119 -0.011757 -0.221709 0.975037
1718924480.469495773 -1.743253 4.822893 -0.068430 0.003110 -0.011780 -0.221735 0.975031
1718924480.474491358 -1.742030 4.822378 -0.068527 0.003087 -0.011796 -0.221759 0.975025
1718924480.479531527 -1.740798 4.821857 -0.068622 0.003057 -0.011809 -0.221786 0.975019
1718924480.484487534 -1.739589 4.821344 -0.068714 0.003049 -0.011804 -0.221831 0.975009
1718924480.489530087 -1.738359 4.820822 -0.068807 0.003049 -0.011789 -0.221869 0.975000
1718924480.494485378 -1.737151 4.820305 -0.068897 0.003045 -0.011775 -0.221918 0.974989
1718924480.499490738 -1.735931 4.819782 -0.068988 0.003038 -0.011761 -0.221974 0.974977
1718924480.499988079 -1.735810 4.819730 -0.068998 0.003037 -0.011761 -0.221980 0.974975
1718924480.499988079 -1.735810 4.819730 -0.068998 0.003037 -0.011761 -0.221980 0.974975
1718924480.504528522 -1.734698 4.819253 -0.069111 0.003031 -0.011756 -0.222035 0.974963
1718924480.509529591 -1.733472 4.818728 -0.069242 0.003011 -0.011749 -0.222092 0.974950
1718924480.514521360 -1.732245 4.818204 -0.069380 0.002979 -0.011738 -0.222135 0.974941
1718924480.544494152 -1.724754 4.815098 -0.070174 0.003022 -0.011622 -0.222148 0.974939
1718924480.549540043 -1.723472 4.814580 -0.070266 0.003035 -0.011616 -0.222150 0.974939
1718924480.554536104 -1.722197 4.814067 -0.070350 0.003058 -0.011603 -0.222144 0.974940
1718924480.559490681 -1.720929 4.813557 -0.070431 0.003078 -0.011584 -0.222135 0.974942
1718924480.564543247 -1.719631 4.813036 -0.070512 0.003083 -0.011559 -0.222118 0.974946
1718924480.569480181 -1.718361 4.812526 -0.070591 0.003070 -0.011533 -0.222097 0.974952
1718924480.574503660 -1.717068 4.812008 -0.070671 0.003044 -0.011514 -0.222080 0.974956
1718924480.579551935 -1.715767 4.811489 -0.070753 0.003014 -0.011511 -0.222059 0.974961
1718924480.584542036 -1.714479 4.810977 -0.070831 0.002993 -0.011511 -0.222044 0.974964
1718924480.589541912 -1.713189 4.810465 -0.070907 0.002985 -0.011509 -0.222043 0.974964
1718924480.594511747 -1.711908 4.809958 -0.070980 0.002993 -0.011518 -0.222052 0.974962
1718924480.599511385 -1.710619 4.809447 -0.071051 0.003014 -0.011530 -0.222071 0.974958
1718924480.599987984 -1.710496 4.809399 -0.071058 0.003015 -0.011532 -0.222074 0.974957
1718924480.599987984 -1.710496 4.809399 -0.071058 0.003015 -0.011532 -0.222074 0.974957
1718924480.604537487 -1.709318 4.808946 -0.071140 0.003036 -0.011546 -0.222098 0.974951
1718924480.609492302 -1.708032 4.808453 -0.071232 0.003039 -0.011556 -0.222132 0.974943
1718924480.614511013 -1.706729 4.807953 -0.071330 0.003014 -0.011550 -0.222183 0.974932
1718924480.619508982 -1.705431 4.807457 -0.071435 0.002987 -0.011536 -0.222240 0.974919
1718924480.624496698 -1.704136 4.806961 -0.071545 0.002972 -0.011512 -0.222308 0.974904
1718924480.629494905 -1.702835 4.806462 -0.071661 0.002979 -0.011483 -0.222397 0.974884
1718924480.634488106 -1.701533 4.805960 -0.071778 0.003006 -0.011458 -0.222506 0.974859
1718924480.639485359 -1.700228 4.805454 -0.071892 0.003035 -0.011444 -0.222628 0.974831
1718924480.644497156 -1.698918 4.804942 -0.072001 0.003050 -0.011445 -0.222742 0.974806
1718924480.649489403 -1.697612 4.804432 -0.072103 0.003058 -0.011447 -0.222862 0.974778
1718924480.654488802 -1.696304 4.803919 -0.072200 0.003063 -0.011449 -0.222997 0.974747
1718924480.659486294 -1.694998 4.803402 -0.072293 0.003042 -0.011446 -0.223153 0.974712
1718924480.664481163 -1.693695 4.802879 -0.072385 0.003003 -0.011433 -0.223312 0.974675
1718924480.669487000 -1.692392 4.802350 -0.072479 0.002955 -0.011408 -0.223476 0.974638
1718924480.674480915 -1.691094 4.801819 -0.072578 0.002912 -0.011385 -0.223655 0.974598
1718924480.679487228 -1.689794 4.801289 -0.072682 0.002886 -0.011350 -0.223843 0.974555
1718924480.684483528 -1.688499 4.800760 -0.072787 0.002870 -0.011302 -0.224035 0.974511
1718924480.689490557 -1.687205 4.800232 -0.072890 0.002854 -0.011241 -0.224226 0.974468
1718924480.694482565 -1.685916 4.799707 -0.072988 0.002838 -0.011179 -0.224419 0.974424
1718924480.699486256 -1.684624 4.799180 -0.073082 0.002822 -0.011125 -0.224616 0.974380
1718924480.699899197 -1.684517 4.799136 -0.073089 0.002820 -0.011121 -0.224632 0.974376
1718924480.699899197 -1.684517 4.799136 -0.073089 0.002820 -0.011121 -0.224632 0.974376
1718924480.704483271 -1.683334 4.798640 -0.073180 0.002798 -0.011087 -0.224812 0.974335
1718924480.709481239 -1.682042 4.798100 -0.073277 0.002772 -0.011063 -0.224999 0.974292
1718924480.714498997 -1.680745 4.797559 -0.073377 0.002742 -0.011040 -0.225179 0.974251
1718924480.719488859 -1.679455 4.797023 -0.073482 0.002722 -0.011008 -0.225360 0.974210
1718924480.799983978 -1.658560 4.788609 -0.074502 0.000799 -0.009338 -0.230609 0.973001
1718924480.799983978 -1.658560 4.788609 -0.074502 0.000799 -0.009338 -0.230609 0.973001
1718924480.829536438 -1.650944 4.785502 -0.074547 0.000151 -0.008738 -0.232538 0.972548
1718924480.834528923 -1.649654 4.784986 -0.074509 0.000047 -0.008652 -0.232878 0.972467
1718924480.839490652 -1.648367 4.784477 -0.074463 -0.000036 -0.008593 -0.233211 0.972388
1718924480.844490528 -1.647065 4.783968 -0.074411 -0.000094 -0.008554 -0.233533 0.972311
1718924480.849483013 -1.645759 4.783463 -0.074355 -0.000129 -0.008528 -0.233850 0.972235
1718924480.854522467 -1.644437 4.782958 -0.074297 -0.000140 -0.008517 -0.234163 0.972160
1718924480.859485626 -1.643128 4.782467 -0.074237 -0.000121 -0.008536 -0.234467 0.972087
1718924480.864519835 -1.641793 4.781974 -0.074177 -0.000094 -0.008576 -0.234761 0.972015
1718924480.869515419 -1.640466 4.781490 -0.074121 -0.000119 -0.008603 -0.235036 0.971949
1718924480.874521017 -1.639137 4.781007 -0.074072 -0.000210 -0.008617 -0.235314 0.971881
1718924480.879492998 -1.637822 4.780527 -0.074026 -0.000351 -0.008617 -0.235592 0.971814
1718924480.884483814 -1.636507 4.780041 -0.073984 -0.000502 -0.008610 -0.235868 0.971747
1718924480.889480829 -1.635192 4.779551 -0.073949 -0.000617 -0.008608 -0.236128 0.971684
1718924480.894483566 -1.633877 4.779059 -0.073921 -0.000666 -0.008610 -0.236381 0.971622
1718924480.899476051 -1.632563 4.778568 -0.073900 -0.000634 -0.008608 -0.236625 0.971563
1718924480.900008202 -1.632423 4.778516 -0.073897 -0.000627 -0.008609 -0.236648 0.971557
1718924480.900008202 -1.632423 4.778516 -0.073897 -0.000627 -0.008609 -0.236648 0.971557
1718924480.904473543 -1.631247 4.778080 -0.073897 -0.000568 -0.008615 -0.236845 0.971509
1718924480.909476995 -1.629924 4.777595 -0.073888 -0.000517 -0.008620 -0.237052 0.971459
1718924480.914542675 -1.628581 4.777106 -0.073859 -0.000531 -0.008626 -0.237234 0.971414
1718924480.964536667 -1.615042 4.772007 -0.073792 -0.000536 -0.008534 -0.237832 0.971269
1718924480.979479313 -1.610881 4.770369 -0.073554 -0.000426 -0.008682 -0.238104 0.971201
1718924480.984521151 -1.609473 4.769808 -0.073456 -0.000385 -0.008735 -0.238206 0.971175
1718924480.989476442 -1.608088 4.769250 -0.073359 -0.000360 -0.008771 -0.238308 0.971150
1718924480.994512320 -1.606679 4.768678 -0.073262 -0.000357 -0.008798 -0.238413 0.971124
1718924480.999476433 -1.605289 4.768106 -0.073174 -0.000380 -0.008815 -0.238522 0.971097
1718924481.004513264 -1.603875 4.767518 -0.073092 -0.000408 -0.008823 -0.238647 0.971066
1718924481.009479523 -1.602478 4.766931 -0.073020 -0.000428 -0.008832 -0.238774 0.971035
1718924481.014526844 -1.601055 4.766325 -0.072954 -0.000409 -0.008850 -0.238896 0.971005
1718924481.019587040 -1.599624 4.765710 -0.072891 -0.000353 -0.008863 -0.239015 0.970975
1718924481.024528265 -1.598224 4.765103 -0.072830 -0.000275 -0.008869 -0.239141 0.970944
1718924481.029491425 -1.596815 4.764483 -0.072765 -0.000215 -0.008869 -0.239266 0.970913
1718924481.034487724 -1.595394 4.763847 -0.072693 -0.000207 -0.008873 -0.239374 0.970887
1718924481.039524317 -1.593959 4.763196 -0.072610 -0.000228 -0.008891 -0.239472 0.970863
1718924481.044486046 -1.592543 4.762547 -0.072521 -0.000237 -0.008925 -0.239574 0.970837
1718924481.049529791 -1.591102 4.761881 -0.072426 -0.000228 -0.008968 -0.239669 0.970813
1718924481.054493427 -1.589684 4.761219 -0.072333 -0.000211 -0.009010 -0.239752 0.970792
1718924481.059553385 -1.588239 4.760538 -0.072242 -0.000180 -0.009047 -0.239827 0.970774
1718924481.064483166 -1.586830 4.759871 -0.072159 -0.000129 -0.009076 -0.239886 0.970759
1718924481.069600582 -1.585364 4.759174 -0.072078 -0.000077 -0.009104 -0.239946 0.970744
1718924481.074491501 -1.583960 4.758503 -0.072002 -0.000026 -0.009120 -0.239995 0.970731
1718924481.079479933 -1.582526 4.757811 -0.071922 0.000032 -0.009133 -0.240040 0.970720
1718924481.084471226 -1.581087 4.757112 -0.071839 0.000094 -0.009150 -0.240092 0.970707
1718924481.089479685 -1.579639 4.756404 -0.071756 0.000173 -0.009168 -0.240144 0.970694
1718924481.094471216 -1.578190 4.755694 -0.071676 0.000272 -0.009200 -0.240198 0.970680
1718924481.099478960 -1.576731 4.754976 -0.071596 0.000361 -0.009248 -0.240260 0.970665
1718924481.099992037 -1.576581 4.754902 -0.071588 0.000368 -0.009253 -0.240266 0.970663
1718924481.099992037 -1.576581 4.754902 -0.071588 0.000368 -0.009253 -0.240266 0.970663
1718924481.104473591 -1.575273 4.754252 -0.071541 0.000432 -0.009298 -0.240322 0.970649
1718924481.109478712 -1.573807 4.753521 -0.071488 0.000487 -0.009348 -0.240389 0.970631
1718924481.114493370 -1.572334 4.752783 -0.071436 0.000532 -0.009386 -0.240464 0.970613
1718924481.144480228 -1.563397 4.748412 -0.071183 0.000903 -0.009299 -0.241046 0.970469
1718924481.149550438 -1.561857 4.747661 -0.071114 0.000929 -0.009283 -0.241140 0.970446
1718924481.154517412 -1.560338 4.746927 -0.071042 0.000935 -0.009284 -0.241208 0.970429
1718924481.159532547 -1.558796 4.746189 -0.070965 0.000938 -0.009298 -0.241272 0.970412
1718924481.164523602 -1.557254 4.745460 -0.070884 0.000940 -0.009322 -0.241334 0.970397
1718924481.169544220 -1.555699 4.744731 -0.070798 0.000945 -0.009343 -0.241397 0.970381
1718924481.174523115 -1.554155 4.744014 -0.070710 0.000963 -0.009363 -0.241450 0.970368
1718924481.179488659 -1.552612 4.743306 -0.070619 0.001011 -0.009388 -0.241497 0.970356
1718924481.184479475 -1.551057 4.742600 -0.070523 0.001079 -0.009415 -0.241540 0.970345
1718924481.189487219 -1.549495 4.741895 -0.070423 0.001141 -0.009434 -0.241595 0.970331
1718924481.194478273 -1.547936 4.741194 -0.070320 0.001193 -0.009455 -0.241648 0.970317
1718924481.199481249 -1.546371 4.740491 -0.070217 0.001244 -0.009481 -0.241697 0.970305
1718924481.199990988 -1.546212 4.740420 -0.070207 0.001249 -0.009485 -0.241703 0.970303
1718924481.199990988 -1.546212 4.740420 -0.070207 0.001249 -0.009485 -0.241703 0.970303
1718924481.204475880 -1.544807 4.739784 -0.070135 0.001290 -0.009519 -0.241748 0.970291
1718924481.209468842 -1.543244 4.739076 -0.070062 0.001315 -0.009555 -0.241803 0.970278
1718924481.214504480 -1.541669 4.738361 -0.069995 0.001327 -0.009584 -0.241858 0.970263
1718924481.249552727 -1.530643 4.733353 -0.069663 0.001544 -0.009657 -0.242578 0.970083
1718924481.254513264 -1.529095 4.732643 -0.069580 0.001546 -0.009648 -0.242688 0.970055
1718924481.259508133 -1.527536 4.731930 -0.069499 0.001561 -0.009638 -0.242811 0.970025
1718924481.264513731 -1.525972 4.731215 -0.069422 0.001584 -0.009641 -0.242940 0.969992
1718924481.269515276 -1.524410 4.730501 -0.069350 0.001606 -0.009656 -0.243074 0.969958
1718924481.274511337 -1.522849 4.729786 -0.069280 0.001608 -0.009674 -0.243211 0.969924
1718924481.279519081 -1.521282 4.729069 -0.069210 0.001583 -0.009690 -0.243356 0.969887
1718924481.284511805 -1.519722 4.728355 -0.069138 0.001547 -0.009713 -0.243503 0.969850
1718924481.289508581 -1.518163 4.727641 -0.069062 0.001508 -0.009728 -0.243662 0.969810
1718924481.294512033 -1.516604 4.726925 -0.068983 0.001465 -0.009745 -0.243847 0.969764
1718924481.299509764 -1.515048 4.726206 -0.068900 0.001435 -0.009763 -0.244059 0.969710
1718924481.299969912 -1.514905 4.726140 -0.068892 0.001432 -0.009763 -0.244079 0.969705
1718924481.299969912 -1.514905 4.726140 -0.068892 0.001432 -0.009763 -0.244079 0.969705
1718924481.304513931 -1.513495 4.725467 -0.068832 0.001410 -0.009769 -0.244284 0.969653
1718924481.309509993 -1.511949 4.724717 -0.068761 0.001351 -0.009770 -0.244535 0.969590
1718924481.314546108 -1.510394 4.723947 -0.068688 0.001237 -0.009775 -0.244822 0.969518
1718924481.319474936 -1.508873 4.723179 -0.068623 0.001038 -0.009789 -0.245152 0.969435
1718924481.324585438 -1.507299 4.722372 -0.068572 0.000780 -0.009815 -0.245544 0.969335
1718924481.329482079 -1.505791 4.721595 -0.068543 0.000525 -0.009857 -0.245959 0.969230
1718924481.334485769 -1.504249 4.720801 -0.068541 0.000331 -0.009914 -0.246421 0.969112
1718924481.339600086 -1.502670 4.719990 -0.068569 0.000206 -0.009980 -0.246936 0.968980
1718924481.344528198 -1.501146 4.719209 -0.068612 0.000143 -0.010050 -0.247464 0.968845
1718924481.349504471 -1.499603 4.718422 -0.068660 0.000133 -0.010116 -0.248037 0.968698
1718924481.354524136 -1.498038 4.717634 -0.068700 0.000181 -0.010165 -0.248647 0.968541
1718924481.359501123 -1.496475 4.716862 -0.068722 0.000284 -0.010197 -0.249275 0.968379
1718924481.364512682 -1.494891 4.716094 -0.068721 0.000403 -0.010207 -0.249925 0.968211
1718924481.369513035 -1.493302 4.715334 -0.068694 0.000498 -0.010200 -0.250583 0.968041
1718924481.374535799 -1.491698 4.714573 -0.068647 0.000546 -0.010195 -0.251232 0.967873
1718924481.379516602 -1.490100 4.713822 -0.068595 0.000545 -0.010204 -0.251859 0.967710
1718924481.384509802 -1.488492 4.713074 -0.068543 0.000506 -0.010218 -0.252457 0.967554
1718924481.389466047 -1.486894 4.712333 -0.068498 0.000406 -0.010228 -0.253021 0.967407
1718924481.394480944 -1.485281 4.711572 -0.068456 0.000178 -0.010222 -0.253578 0.967261
1718924481.399467707 -1.483684 4.710796 -0.068415 -0.000178 -0.010183 -0.254132 0.967116
1718924481.399967909 -1.483524 4.710718 -0.068410 -0.000216 -0.010175 -0.254188 0.967101
1718924481.399967909 -1.483524 4.710718 -0.068410 -0.000216 -0.010175 -0.254188 0.967101
1718924481.404527903 -1.482089 4.710002 -0.068381 -0.000571 -0.010102 -0.254694 0.966969
1718924481.409510851 -1.480522 4.709215 -0.068357 -0.000874 -0.009996 -0.255270 0.966818
1718924481.414527178 -1.478940 4.708427 -0.068346 -0.001069 -0.009878 -0.255882 0.966657
1718924481.459506035 -1.466378 4.701137 -0.067864 -0.003181 -0.008753 -0.263528 0.964607
1718924481.464491367 -1.464920 4.700369 -0.067731 -0.003386 -0.008604 -0.264446 0.964356
1718924481.469503403 -1.463460 4.699601 -0.067598 -0.003550 -0.008438 -0.265387 0.964099
1718924481.474501610 -1.462009 4.698836 -0.067472 -0.003706 -0.008265 -0.266345 0.963835
1718924481.479508162 -1.460559 4.698065 -0.067349 -0.003863 -0.008103 -0.267331 0.963563
1718924481.484506607 -1.459116 4.697292 -0.067233 -0.004006 -0.007963 -0.268364 0.963276
1718924481.489468575 -1.457683 4.696520 -0.067133 -0.004149 -0.007827 -0.269416 0.962983
1718924481.494500875 -1.456227 4.695738 -0.067046 -0.004269 -0.007693 -0.270499 0.962680
1718924481.499506235 -1.454774 4.694967 -0.066971 -0.004374 -0.007560 -0.271583 0.962375
1718924481.499990940 -1.454632 4.694893 -0.066965 -0.004386 -0.007549 -0.271689 0.962346
1718924481.499990940 -1.454632 4.694893 -0.066965 -0.004386 -0.007549 -0.271689 0.962346
1718924481.504504919 -1.453317 4.694307 -0.066921 -0.004498 -0.007442 -0.272692 0.962062
1718924481.509451389 -1.451881 4.693670 -0.066885 -0.004686 -0.007317 -0.273790 0.961750
1718924481.514471769 -1.450424 4.693022 -0.066848 -0.004921 -0.007178 -0.274887 0.961437
1718924481.519471407 -1.448971 4.692383 -0.066799 -0.005086 -0.007072 -0.275957 0.961130
1718924481.524478674 -1.447514 4.691755 -0.066741 -0.005129 -0.006992 -0.277032 0.960822
1718924481.529505968 -1.446045 4.691132 -0.066681 -0.005057 -0.006937 -0.278082 0.960519
1718924481.534526348 -1.444568 4.690525 -0.066620 -0.004864 -0.006921 -0.279087 0.960228
1718924481.539511442 -1.443088 4.689942 -0.066568 -0.004561 -0.006955 -0.280039 0.959953
1718924481.544520378 -1.441591 4.689374 -0.066534 -0.004245 -0.007019 -0.280952 0.959687
1718924481.549455166 -1.440120 4.688804 -0.066520 -0.004242 -0.007059 -0.281779 0.959444
1718924481.554506063 -1.438635 4.688193 -0.066519 -0.004653 -0.007060 -0.282555 0.959214
1718924481.559458971 -1.437190 4.687580 -0.066548 -0.005085 -0.007032 -0.283279 0.958998
1718924481.564504862 -1.435718 4.686976 -0.066624 -0.005256 -0.007081 -0.284018 0.958778
1718924481.569519281 -1.434261 4.686390 -0.066722 -0.005268 -0.007193 -0.284720 0.958569
1718924481.574470043 -1.432841 4.685801 -0.066808 -0.005245 -0.007307 -0.285379 0.958373
1718924481.579466581 -1.431430 4.685183 -0.066853 -0.005292 -0.007424 -0.286053 0.958170
1718924481.584522486 -1.430015 4.684549 -0.066847 -0.005361 -0.007560 -0.286780 0.957952
1718924481.589501143 -1.428630 4.683927 -0.066811 -0.005334 -0.007693 -0.287513 0.957731
1718924481.594514608 -1.427248 4.683296 -0.066766 -0.005271 -0.007805 -0.288310 0.957491
1718924481.599531889 -1.425886 4.682645 -0.066715 -0.005206 -0.007902 -0.289191 0.957225
1718924481.599985123 -1.425763 4.682582 -0.066710 -0.005193 -0.007910 -0.289279 0.957198
1718924481.599985123 -1.425763 4.682582 -0.066710 -0.005193 -0.007910 -0.289279 0.957198
1718924481.604505062 -1.424540 4.681885 -0.066678 -0.005059 -0.007995 -0.290137 0.956938
1718924481.609545231 -1.423199 4.681105 -0.066644 -0.004819 -0.008089 -0.291154 0.956630
1718924481.614545107 -1.421892 4.680318 -0.066606 -0.004629 -0.008164 -0.292235 0.956300
1718924481.699902058 -1.396502 4.669247 -0.068302 -0.009495 -0.007797 -0.324065 0.945955
1718924481.699902058 -1.396502 4.669247 -0.068302 -0.009495 -0.007797 -0.324065 0.945955
1718924481.704442739 -1.394971 4.668664 -0.068540 -0.009753 -0.007775 -0.325749 0.945374
1718924481.709486008 -1.393252 4.668022 -0.068801 -0.009722 -0.007691 -0.327639 0.944722
1718924481.714496613 -1.391538 4.667376 -0.069025 -0.009647 -0.007576 -0.329505 0.944074
1718924481.719534159 -1.389806 4.666694 -0.069229 -0.009417 -0.007443 -0.331352 0.943431
1718924481.724447966 -1.388110 4.665981 -0.069439 -0.008997 -0.007324 -0.333128 0.942810
1718924481.729517937 -1.386379 4.665181 -0.069656 -0.008391 -0.007148 -0.334953 0.942170
1718924481.734485149 -1.384726 4.664335 -0.069859 -0.007619 -0.006911 -0.336745 0.941540
1718924481.739503622 -1.383094 4.663419 -0.070082 -0.006529 -0.006669 -0.338508 0.940917
1718924481.744535685 -1.381471 4.662442 -0.070345 -0.005139 -0.006471 -0.340179 0.940324
1718924481.749439001 -1.379893 4.661444 -0.070646 -0.003599 -0.006309 -0.341753 0.939762
1718924481.754449606 -1.378291 4.660393 -0.071028 -0.001893 -0.006100 -0.343346 0.939187
1718924481.759481430 -1.376703 4.659308 -0.071508 -0.000194 -0.005768 -0.344943 0.938606
1718924481.764478922 -1.375149 4.658186 -0.072055 0.001371 -0.005351 -0.346488 0.938038
1718924481.769495964 -1.373577 4.657012 -0.072531 0.002352 -0.005018 -0.347854 0.937532
1718924481.774437666 -1.371970 4.655839 -0.072749 0.002365 -0.004956 -0.348963 0.937120
1718924481.779512405 -1.370242 4.654673 -0.072657 0.001790 -0.005233 -0.349939 0.936756
1718924481.784489870 -1.368498 4.653603 -0.072353 0.001346 -0.005656 -0.350843 0.936416
1718924481.789442062 -1.366742 4.652610 -0.071973 0.001388 -0.006157 -0.351681 0.936099
1718924481.794483900 -1.364933 4.651638 -0.071580 0.001723 -0.006711 -0.352508 0.935783
1718924481.799491644 -1.363135 4.650669 -0.071199 0.002043 -0.007267 -0.353350 0.935461
1718924481.799944162 -1.362974 4.650581 -0.071165 0.002043 -0.007309 -0.353431 0.935430
1718924481.799944162 -1.362974 4.650581 -0.071165 0.002043 -0.007309 -0.353431 0.935430
1718924481.804486513 -1.361383 4.649702 -0.070813 0.002044 -0.007718 -0.354243 0.935119
1718924481.809447289 -1.359688 4.648738 -0.070439 0.001756 -0.007999 -0.355205 0.934752
1718924481.814430475 -1.358038 4.647772 -0.070081 0.001303 -0.008120 -0.356314 0.934330
1718924481.859423876 -1.344292 4.639002 -0.066546 -0.003612 -0.008107 -0.373246 0.927690
1718924481.864472628 -1.342819 4.638024 -0.066096 -0.003982 -0.008083 -0.375165 0.926914
1718924481.869432688 -1.341370 4.637086 -0.065675 -0.004005 -0.008128 -0.377069 0.926141
1718924481.874436855 -1.339904 4.636160 -0.065253 -0.003810 -0.008231 -0.378964 0.925367
1718924481.879426241 -1.338446 4.635249 -0.064816 -0.003595 -0.008310 -0.380825 0.924603
1718924481.884433508 -1.336989 4.634347 -0.064357 -0.003477 -0.008323 -0.382679 0.923837
1718924481.889428377 -1.335533 4.633466 -0.063883 -0.003533 -0.008239 -0.384478 0.923091
1718924481.894425631 -1.334072 4.632603 -0.063394 -0.003855 -0.008055 -0.386209 0.922368
1718924481.899428129 -1.332604 4.631750 -0.062895 -0.004374 -0.007818 -0.387873 0.921669
1718924481.900018215 -1.332430 4.631650 -0.062837 -0.004436 -0.007789 -0.388060 0.921591
1718924481.900018215 -1.332430 4.631650 -0.062837 -0.004436 -0.007789 -0.388060 0.921591
1718924481.904473066 -1.331097 4.630927 -0.062485 -0.004914 -0.007569 -0.389472 0.920994
1718924481.909471512 -1.329582 4.630140 -0.062143 -0.005221 -0.007371 -0.390980 0.920355
1718924481.914435387 -1.328050 4.629400 -0.061847 -0.005143 -0.007317 -0.392403 0.919750
1718924481.919442892 -1.326479 4.628692 -0.061572 -0.004751 -0.007393 -0.393827 0.919143
1718924481.924435139 -1.324904 4.628001 -0.061304 -0.004398 -0.007503 -0.395204 0.918552
1718924481.929427147 -1.323337 4.627306 -0.061025 -0.004331 -0.007524 -0.396470 0.918007
1718924481.934441566 -1.321778 4.626602 -0.060733 -0.004600 -0.007401 -0.397613 0.917512
1718924481.939495802 -1.320211 4.625908 -0.060459 -0.004970 -0.007243 -0.398676 0.917050
1718924481.944529295 -1.318641 4.625249 -0.060227 -0.005138 -0.007131 -0.399672 0.916616
1718924481.949434042 -1.317101 4.624630 -0.060030 -0.005166 -0.007094 -0.400580 0.916220
1718924481.954466581 -1.315521 4.624003 -0.059838 -0.005162 -0.007113 -0.401435 0.915845
1718924481.959429502 -1.313966 4.623379 -0.059637 -0.005205 -0.007178 -0.402242 0.915490
1718924481.964471102 -1.312388 4.622739 -0.059414 -0.005287 -0.007278 -0.403024 0.915145
1718924481.969467163 -1.310821 4.622107 -0.059183 -0.005336 -0.007406 -0.403759 0.914820
1718924481.974429846 -1.309265 4.621491 -0.058960 -0.005315 -0.007561 -0.404465 0.914507
1718924481.979430676 -1.307693 4.620891 -0.058757 -0.005127 -0.007774 -0.405171 0.914194
1718924481.984494925 -1.306084 4.620306 -0.058578 -0.004687 -0.008071 -0.405903 0.913869
1718924481.989440441 -1.304495 4.619758 -0.058427 -0.004072 -0.008404 -0.406647 0.913538
1718924481.994480610 -1.302871 4.619215 -0.058285 -0.003362 -0.008734 -0.407454 0.913178
1718924481.999436140 -1.301285 4.618682 -0.058151 -0.002713 -0.008997 -0.408344 0.912780
1718924482.004476070 -1.299686 4.618138 -0.058021 -0.002096 -0.009227 -0.409341 0.912333
1718924482.009447098 -1.298117 4.617601 -0.057897 -0.001502 -0.009466 -0.410384 0.911863
1718924482.029471397 -1.291778 4.615540 -0.057927 0.000281 -0.010614 -0.415347 0.909601
1718924482.034471035 -1.290241 4.614963 -0.057866 0.000628 -0.010868 -0.416624 0.909014
1718924482.039479494 -1.288697 4.614383 -0.057820 0.000924 -0.011107 -0.417915 0.908418
1718924482.044463634 -1.287148 4.613811 -0.057786 0.001229 -0.011344 -0.419204 0.907820
1718924482.049479723 -1.285573 4.613240 -0.057759 0.001535 -0.011562 -0.420505 0.907215
1718924482.054458618 -1.283993 4.612674 -0.057733 0.001827 -0.011782 -0.421803 0.906609
1718924482.059429646 -1.282395 4.612114 -0.057707 0.002104 -0.012015 -0.423087 0.906007
1718924482.064463139 -1.280752 4.611556 -0.057674 0.002348 -0.012262 -0.424362 0.905407
1718924482.069465399 -1.279094 4.611010 -0.057628 0.002543 -0.012530 -0.425602 0.904820
1718924482.074424982 -1.277423 4.610477 -0.057561 0.002679 -0.012795 -0.426811 0.904247
1718924482.079419374 -1.275711 4.609953 -0.057479 0.002766 -0.013058 -0.427997 0.903682
1718924482.084422350 -1.273969 4.609443 -0.057389 0.002816 -0.013321 -0.429138 0.903136
1718924482.089478970 -1.272183 4.608940 -0.057297 0.002794 -0.013552 -0.430265 0.902597
1718924482.094462156 -1.270404 4.608456 -0.057216 0.002728 -0.013746 -0.431364 0.902069
1718924482.099457741 -1.268600 4.607987 -0.057152 0.002656 -0.013935 -0.432466 0.901539
1718924482.099899054 -1.268439 4.607947 -0.057150 0.002649 -0.013953 -0.432563 0.901492
1718924482.099899054 -1.268439 4.607947 -0.057150 0.002649 -0.013953 -0.432563 0.901492
1718924482.104425192 -1.266808 4.607519 -0.057100 0.002589 -0.014137 -0.433554 0.901013
1718924482.109434843 -1.264990 4.607058 -0.057039 0.002415 -0.014292 -0.434636 0.900490
1718924482.114470243 -1.263163 4.606598 -0.056945 0.002021 -0.014339 -0.435726 0.899963
1718924482.159420013 -1.248277 4.602032 -0.056868 0.005868 -0.015519 -0.441190 0.897261
1718924482.164463043 -1.246617 4.601462 -0.056555 0.006174 -0.015617 -0.441782 0.896965
1718924482.169466257 -1.245006 4.600881 -0.056224 0.006271 -0.015629 -0.442390 0.896664
1718924482.174461126 -1.243419 4.600298 -0.055877 0.006185 -0.015600 -0.442990 0.896370
1718924482.179418325 -1.241849 4.599722 -0.055528 0.005949 -0.015536 -0.443565 0.896088
1718924482.184422016 -1.240280 4.599137 -0.055164 0.005515 -0.015386 -0.444129 0.895814
1718924482.189476490 -1.238725 4.598541 -0.054782 0.004892 -0.015150 -0.444731 0.895523
1718924482.194420576 -1.237222 4.597967 -0.054420 0.004335 -0.014904 -0.445356 0.895219
1718924482.199427843 -1.235689 4.597407 -0.054081 0.003977 -0.014724 -0.446017 0.894895
1718924482.199938059 -1.235531 4.597351 -0.054046 0.003955 -0.014713 -0.446084 0.894861
1718924482.199938059 -1.235531 4.597351 -0.054046 0.003955 -0.014713 -0.446084 0.894861
1718924482.204416275 -1.234132 4.596882 -0.053719 0.003756 -0.014610 -0.446677 0.894568
1718924482.209511757 -1.232542 4.596360 -0.053317 0.003514 -0.014527 -0.447407 0.894205
1718924482.214444876 -1.231019 4.595857 -0.052893 0.003213 -0.014469 -0.448213 0.893804
1718924482.219466209 -1.229490 4.595354 -0.052430 0.002891 -0.014434 -0.449104 0.893358
1718924482.224411964 -1.228021 4.594865 -0.051944 0.002532 -0.014354 -0.450046 0.892886
1718924482.229437113 -1.226576 4.594367 -0.051434 0.002113 -0.014180 -0.451097 0.892360
1718924482.234418869 -1.225182 4.593874 -0.050934 0.001728 -0.013952 -0.452226 0.891793
1718924482.239467382 -1.223797 4.593387 -0.050437 0.001413 -0.013703 -0.453464 0.891168
1718924482.244455576 -1.222462 4.592912 -0.049949 0.001082 -0.013459 -0.454768 0.890507
1718924482.249467373 -1.221161 4.592429 -0.049456 0.000645 -0.013250 -0.456141 0.889809
1718924482.254423618 -1.219907 4.591939 -0.048963 0.000185 -0.013074 -0.457534 0.889096
1718924482.259469509 -1.218648 4.591439 -0.048461 -0.000170 -0.012964 -0.459020 0.888331
1718924482.264468193 -1.217411 4.590953 -0.047974 -0.000331 -0.012951 -0.460536 0.887547
1718924482.269448519 -1.216189 4.590477 -0.047499 -0.000420 -0.012989 -0.462066 0.886750
1718924482.274479866 -1.214961 4.590000 -0.047016 -0.000493 -0.013040 -0.463635 0.885930
1718924482.279456139 -1.213747 4.589529 -0.046520 -0.000620 -0.013091 -0.465201 0.885108
1718924482.284453154 -1.212528 4.589057 -0.046010 -0.000824 -0.013123 -0.466779 0.884276
1718924482.289449692 -1.211318 4.588582 -0.045502 -0.001072 -0.013098 -0.468356 0.883442
1718924482.294456244 -1.210117 4.588098 -0.045011 -0.001259 -0.013069 -0.469931 0.882606
1718924482.299450397 -1.208930 4.587604 -0.044543 -0.001301 -0.013083 -0.471496 0.881770
1718924482.299980164 -1.208805 4.587551 -0.044495 -0.001297 -0.013082 -0.471661 0.881682
1718924482.299980164 -1.208805 4.587551 -0.044495 -0.001297 -0.013082 -0.471661 0.881682
1718924482.304454565 -1.207755 4.587091 -0.044098 -0.001266 -0.013082 -0.473060 0.880932
1718924482.309448719 -1.206588 4.586566 -0.043671 -0.001225 -0.013023 -0.474610 0.880099
1718924482.314410686 -1.205425 4.586037 -0.043252 -0.001297 -0.012839 -0.476149 0.879270
1718924482.354400873 -1.196838 4.580695 -0.039080 -0.000319 -0.011623 -0.483904 0.875044
1718924482.359410048 -1.195829 4.579885 -0.038401 -0.000440 -0.011409 -0.484782 0.874560
1718924482.364408493 -1.194804 4.579076 -0.037705 -0.000542 -0.011226 -0.485579 0.874120
1718924482.369410992 -1.193756 4.578278 -0.037009 -0.000584 -0.011104 -0.486316 0.873712
1718924482.374416113 -1.192709 4.577480 -0.036308 -0.000691 -0.010980 -0.487012 0.873326
1718924482.379409075 -1.191687 4.576669 -0.035597 -0.000908 -0.010828 -0.487700 0.872944
1718924482.384418964 -1.190681 4.575843 -0.034875 -0.001172 -0.010671 -0.488426 0.872539
1718924482.389418125 -1.189689 4.575017 -0.034159 -0.001360 -0.010518 -0.489188 0.872114
1718924482.394446611 -1.188702 4.574187 -0.033446 -0.001515 -0.010342 -0.490004 0.871658
1718924482.399438143 -1.187732 4.573359 -0.032744 -0.001666 -0.010139 -0.490879 0.871167
1718924482.399994135 -1.187624 4.573266 -0.032666 -0.001682 -0.010117 -0.490984 0.871108
1718924482.399994135 -1.187624 4.573266 -0.032666 -0.001682 -0.010117 -0.490984 0.871108
1718924482.404442787 -1.186723 4.572538 -0.032062 -0.001808 -0.009938 -0.491815 0.870641
1718924482.409438133 -1.185722 4.571714 -0.031399 -0.001947 -0.009760 -0.492829 0.870070
1718924482.414471865 -1.184736 4.570871 -0.030745 -0.002112 -0.009585 -0.493927 0.869448
1718924482.419420958 -1.183788 4.570023 -0.030110 -0.002314 -0.009410 -0.495072 0.868798
1718924482.424471140 -1.182844 4.569137 -0.029460 -0.002607 -0.009221 -0.496320 0.868087
1718924482.429468393 -1.181930 4.568241 -0.028814 -0.002961 -0.009030 -0.497627 0.867339
1718924482.434460402 -1.181035 4.567327 -0.028173 -0.003349 -0.008858 -0.498975 0.866565
1718924482.439450741 -1.180154 4.566400 -0.027547 -0.003728 -0.008702 -0.500364 0.865763
1718924482.444457531 -1.179282 4.565458 -0.026944 -0.004098 -0.008545 -0.501789 0.864938
1718924482.449445009 -1.178424 4.564509 -0.026371 -0.004465 -0.008388 -0.503248 0.864090
1718924482.454460144 -1.177572 4.563536 -0.025820 -0.004851 -0.008233 -0.504739 0.863219
1718924482.459410906 -1.176745 4.562554 -0.025305 -0.005239 -0.008044 -0.506228 0.862346
1718924482.464442015 -1.175923 4.561538 -0.024811 -0.005646 -0.007820 -0.507728 0.861464
1718924482.469394922 -1.175124 4.560529 -0.024349 -0.005932 -0.007609 -0.509194 0.860598
1718924482.474435806 -1.174312 4.559498 -0.023906 -0.006041 -0.007437 -0.510650 0.859735
1718924482.479415655 -1.173514 4.558470 -0.023501 -0.005947 -0.007297 -0.512052 0.858903
1718924482.484381676 -1.172733 4.557424 -0.023125 -0.005751 -0.007151 -0.513394 0.858104
1718924482.489421129 -1.171967 4.556326 -0.022757 -0.005490 -0.006999 -0.514693 0.857328
1718924482.494408607 -1.171247 4.555199 -0.022394 -0.005221 -0.006796 -0.515903 0.856604
1718924482.499402285 -1.170573 4.554030 -0.022025 -0.004927 -0.006550 -0.517032 0.855927
1718924482.499951124 -1.170504 4.553899 -0.021983 -0.004892 -0.006526 -0.517149 0.855857
1718924482.499951124 -1.170504 4.553899 -0.021983 -0.004892 -0.006526 -0.517149 0.855857
1718924482.504436255 -1.169951 4.552768 -0.021643 -0.004613 -0.006339 -0.518112 0.855277
1718924482.509394646 -1.169381 4.551475 -0.021248 -0.004316 -0.006190 -0.519131 0.854662
1718924482.514372110 -1.168860 4.550133 -0.020842 -0.003971 -0.006102 -0.520124 0.854059
1718924482.544410467 -1.165746 4.540809 -0.019153 0.001259 -0.005939 -0.526200 0.850339
1718924482.549381018 -1.165446 4.539245 -0.018975 0.002016 -0.005801 -0.527184 0.849729
1718924482.554365396 -1.165186 4.537648 -0.018837 0.002700 -0.005563 -0.528182 0.849109
1718924482.559355736 -1.164949 4.536019 -0.018708 0.003337 -0.005339 -0.529193 0.848478
1718924482.564351082 -1.164710 4.534353 -0.018484 0.003542 -0.005156 -0.530148 0.847882
1718924482.569309473 -1.164435 4.532680 -0.018063 0.003268 -0.005093 -0.530995 0.847354
1718924482.574343681 -1.164088 4.530994 -0.017435 0.002861 -0.005232 -0.531795 0.846852
1718924482.579340696 -1.163671 4.529363 -0.016704 0.002602 -0.005547 -0.532559 0.846371
1718924482.584298849 -1.163193 4.527802 -0.015961 0.002727 -0.005991 -0.533285 0.845910
1718924482.589332819 -1.162643 4.526260 -0.015210 0.003092 -0.006512 -0.533965 0.845476
1718924482.594330311 -1.162054 4.524750 -0.014466 0.003393 -0.006974 -0.534597 0.845071
1718924482.599287510 -1.161460 4.523259 -0.013728 0.003395 -0.007278 -0.535228 0.844669
1718924482.599971056 -1.161380 4.523055 -0.013625 0.003350 -0.007298 -0.535320 0.844611
1718924482.599971056 -1.161380 4.523055 -0.013625 0.003350 -0.007298 -0.535320 0.844611
1718924482.604281664 -1.160894 4.521792 -0.012975 0.003068 -0.007420 -0.535895 0.844246
1718924482.609319448 -1.160343 4.520329 -0.012206 0.002509 -0.007463 -0.536660 0.843762
1718924482.614303589 -1.159815 4.518898 -0.011473 0.001948 -0.007484 -0.537509 0.843223
1718924482.659259081 -1.154949 4.506074 -0.005232 -0.000505 -0.007242 -0.546749 0.837265
1718924482.664314032 -1.154630 4.504656 -0.004467 -0.000806 -0.007201 -0.547810 0.836571
1718924482.669253111 -1.154329 4.503280 -0.003725 -0.001045 -0.007171 -0.548874 0.835874
1718924482.674308777 -1.154013 4.501889 -0.002986 -0.001137 -0.007200 -0.549989 0.835140
1718924482.679249048 -1.153695 4.500549 -0.002278 -0.001162 -0.007266 -0.551114 0.834397
1718924482.684306383 -1.153374 4.499186 -0.001554 -0.001270 -0.007309 -0.552295 0.833615
1718924482.689266443 -1.153076 4.497854 -0.000846 -0.001532 -0.007301 -0.553462 0.832841
1718924482.694272757 -1.152787 4.496516 -0.000140 -0.001854 -0.007257 -0.554643 0.832054
1718924482.699301243 -1.152492 4.495187 0.000560 -0.002094 -0.007230 -0.555839 0.831256
1718924482.699908018 -1.152457 4.495027 0.000645 -0.002106 -0.007233 -0.555984 0.831159
1718924482.699908018 -1.152457 4.495027 0.000645 -0.002106 -0.007233 -0.555984 0.831159
1718924482.704270124 -1.152187 4.493898 0.001241 -0.002191 -0.007253 -0.557032 0.830456
1718924482.709269524 -1.151864 4.492618 0.001921 -0.002171 -0.007324 -0.558244 0.829642
1718924482.714253902 -1.151535 4.491347 0.002609 -0.002158 -0.007370 -0.559455 0.828825
1718924482.719277620 -1.151202 4.490068 0.003322 -0.002234 -0.007360 -0.560674 0.828001
1718924482.724263906 -1.150870 4.488801 0.004039 -0.002408 -0.007297 -0.561878 0.827185
1718924482.729271650 -1.150529 4.487532 0.004762 -0.002612 -0.007204 -0.563077 0.826369
1718924482.734260559 -1.150175 4.486274 0.005486 -0.002837 -0.007098 -0.564247 0.825571
1718924482.739299774 -1.149801 4.485014 0.006215 -0.003040 -0.006993 -0.565394 0.824786
1718924482.744252920 -1.149422 4.483787 0.006917 -0.003226 -0.006880 -0.566505 0.824023
1718924482.749279976 -1.149024 4.482555 0.007603 -0.003375 -0.006775 -0.567603 0.823267
1718924482.754304409 -1.148605 4.481333 0.008263 -0.003464 -0.006701 -0.568659 0.822539
1718924482.759254456 -1.148171 4.480136 0.008902 -0.003515 -0.006662 -0.569632 0.821865
1718924482.764301538 -1.147716 4.478923 0.009558 -0.003590 -0.006632 -0.570572 0.821213
1718924482.769306660 -1.147261 4.477725 0.010218 -0.003658 -0.006620 -0.571462 0.820593
1718924482.774305344 -1.146798 4.476537 0.010887 -0.003679 -0.006684 -0.572297 0.820011
1718924482.779290199 -1.146318 4.475362 0.011563 -0.003587 -0.006845 -0.573060 0.819477
1718924482.784291506 -1.145818 4.474193 0.012242 -0.003424 -0.007050 -0.573749 0.818994
1718924482.789287567 -1.145297 4.473036 0.012915 -0.003219 -0.007266 -0.574349 0.818572
1718924482.794290543 -1.144762 4.471887 0.013592 -0.003077 -0.007441 -0.574883 0.818196
1718924482.799268246 -1.144223 4.470748 0.014277 -0.003056 -0.007536 -0.575374 0.817850
1718924482.799973011 -1.144147 4.470586 0.014376 -0.003058 -0.007543 -0.575438 0.817805
1718924482.799973011 -1.144147 4.470586 0.014376 -0.003058 -0.007543 -0.575438 0.817805
1718924482.804247856 -1.143696 4.469610 0.014978 -0.003073 -0.007581 -0.575829 0.817529
1718924482.809252501 -1.143156 4.468471 0.015677 -0.003034 -0.007635 -0.576259 0.817226
1718924482.814259291 -1.142607 4.467335 0.016367 -0.002972 -0.007702 -0.576678 0.816930
1718924482.854252100 -1.138337 4.458352 0.021389 -0.002598 -0.007975 -0.581293 0.813651
1718924482.864250422 -1.137279 4.456110 0.022606 -0.002345 -0.008173 -0.582500 0.812786
1718924482.869248629 -1.136750 4.454985 0.023213 -0.002184 -0.008301 -0.583119 0.812341
1718924482.874253750 -1.136221 4.453856 0.023816 -0.002024 -0.008432 -0.583745 0.811891
1718924482.879257679 -1.135686 4.452728 0.024414 -0.001873 -0.008566 -0.584358 0.811449
1718924482.884251833 -1.135140 4.451602 0.025006 -0.001717 -0.008694 -0.584952 0.811020
1718924482.889250755 -1.134584 4.450471 0.025599 -0.001587 -0.008787 -0.585529 0.810602
1718924482.894256115 -1.134021 4.449333 0.026197 -0.001476 -0.008830 -0.586074 0.810208
1718924482.899251938 -1.133454 4.448196 0.026801 -0.001341 -0.008865 -0.586580 0.809842
1718924482.899987221 -1.133369 4.448028 0.026890 -0.001312 -0.008876 -0.586652 0.809790
1718924482.899987221 -1.133369 4.448028 0.026890 -0.001312 -0.008876 -0.586652 0.809790
1718924482.900018215 -1.138022 4.432664 -0.035815 0.000355 -0.010999 -0.584510 0.811312
1718924482.900018215 -1.138022 4.432664 -0.035815 0.000355 -0.010999 -0.584510 0.811312
1718924482.904244661 -1.137853 4.431724 -0.035797 0.000526 -0.011064 -0.584925 0.811012
1718924482.909250975 -1.137642 4.430611 -0.035770 0.000779 -0.011189 -0.585391 0.810674
1718924482.914324522 -1.137418 4.429482 -0.035731 0.001036 -0.011314 -0.585820 0.810361
1718924482.919277906 -1.137186 4.428380 -0.035683 0.001289 -0.011435 -0.586201 0.810084
1718924482.924282551 -1.136928 4.427273 -0.035636 0.001613 -0.011625 -0.586575 0.809810
1718924482.929263830 -1.136645 4.426178 -0.035605 0.002024 -0.011887 -0.586930 0.809548
1718924482.934275150 -1.136341 4.425081 -0.035598 0.002467 -0.012199 -0.587273 0.809294
1718924482.939270020 -1.136028 4.423989 -0.035613 0.002888 -0.012515 -0.587613 0.809040
1718924482.944260597 -1.135709 4.422899 -0.035648 0.003270 -0.012831 -0.587949 0.808790
1718924482.949276447 -1.135377 4.421806 -0.035693 0.003619 -0.013147 -0.588301 0.808527
1718924482.954260349 -1.135040 4.420720 -0.035736 0.003891 -0.013438 -0.588673 0.808250
1718924482.959251642 -1.134699 4.419630 -0.035769 0.004062 -0.013679 -0.589067 0.807958
1718924482.964267731 -1.134353 4.418537 -0.035789 0.004145 -0.013877 -0.589493 0.807644
1718924482.969245672 -1.134002 4.417454 -0.035795 0.004187 -0.014072 -0.589953 0.807304
1718924482.974304676 -1.133631 4.416356 -0.035786 0.004222 -0.014272 -0.590452 0.806936
1718924482.979296684 -1.133249 4.415276 -0.035765 0.004254 -0.014465 -0.590966 0.806555
1718924482.984325409 -1.132845 4.414187 -0.035738 0.004245 -0.014638 -0.591502 0.806159
1718924482.989299536 -1.132425 4.413109 -0.035711 0.004233 -0.014819 -0.592048 0.805756
1718924482.994300842 -1.131981 4.412024 -0.035688 0.004211 -0.014997 -0.592606 0.805342
1718924482.999296665 -1.131517 4.410939 -0.035672 0.004167 -0.015158 -0.593173 0.804922
1718924483.004269838 -1.131035 4.409858 -0.035660 0.004088 -0.015281 -0.593744 0.804499
1718924483.009302378 -1.130526 4.408765 -0.035647 0.004001 -0.015342 -0.594320 0.804072
1718924483.039246321 -1.127303 4.402087 -0.035369 0.003583 -0.015514 -0.595614 0.803113
1718924483.044264793 -1.126750 4.400944 -0.035277 0.003576 -0.015590 -0.595741 0.803017
1718924483.049243450 -1.126202 4.399801 -0.035172 0.003564 -0.015675 -0.595789 0.802980
1718924483.054302931 -1.125653 4.398631 -0.035047 0.003510 -0.015746 -0.595743 0.803013
1718924483.059247732 -1.125122 4.397480 -0.034907 0.003420 -0.015816 -0.595607 0.803113
1718924483.064246893 -1.124588 4.396311 -0.034753 0.003285 -0.015858 -0.595378 0.803282
1718924483.069244623 -1.124062 4.395138 -0.034590 0.003098 -0.015876 -0.595071 0.803511
1718924483.074257851 -1.123546 4.393956 -0.034421 0.002892 -0.015895 -0.594711 0.803777
1718924483.079275131 -1.123038 4.392769 -0.034252 0.002720 -0.015943 -0.594301 0.804080
1718924483.084257364 -1.122540 4.391591 -0.034093 0.002600 -0.016011 -0.593845 0.804416
1718924483.089242697 -1.122048 4.390414 -0.033942 0.002507 -0.016070 -0.593368 0.804767
1718924483.094239950 -1.121563 4.389236 -0.033790 0.002405 -0.016120 -0.592881 0.805125
1718924483.099242926 -1.121087 4.388055 -0.033621 0.002222 -0.016116 -0.592397 0.805482
1718924483.099976063 -1.121019 4.387882 -0.033594 0.002181 -0.016109 -0.592329 0.805532
1718924483.099976063 -1.121019 4.387882 -0.033594 0.002181 -0.016109 -0.592329 0.805532
1718924483.104241133 -1.120625 4.386876 -0.033417 0.001941 -0.016066 -0.591932 0.805825
1718924483.109246492 -1.120162 4.385699 -0.033186 0.001720 -0.016038 -0.591516 0.806132
1718924483.114246607 -1.119690 4.384534 -0.032953 0.001620 -0.016073 -0.591159 0.806393
1718924483.164238930 -1.114742 4.372938 -0.031275 0.001211 -0.015503 -0.591968 0.805812
1718924483.169292212 -1.114232 4.371769 -0.031162 0.001138 -0.015458 -0.592075 0.805734
1718924483.174297333 -1.113717 4.370613 -0.031065 0.001046 -0.015439 -0.592204 0.805639
1718924483.179253578 -1.113201 4.369471 -0.030984 0.000928 -0.015409 -0.592328 0.805549
1718924483.184244156 -1.112677 4.368321 -0.030917 0.000777 -0.015344 -0.592450 0.805461
1718924483.189246655 -1.112149 4.367172 -0.030855 0.000599 -0.015231 -0.592570 0.805375
1718924483.194242477 -1.111616 4.366030 -0.030788 0.000415 -0.015094 -0.592701 0.805281
1718924483.199249506 -1.111074 4.364890 -0.030711 0.000255 -0.014959 -0.592835 0.805185
1718924483.199975014 -1.110995 4.364726 -0.030699 0.000235 -0.014939 -0.592854 0.805171
1718924483.199975014 -1.110995 4.364726 -0.030699 0.000235 -0.014939 -0.592854 0.805171
1718924483.204241991 -1.110526 4.363761 -0.030628 0.000117 -0.014821 -0.592968 0.805090
1718924483.209238768 -1.109972 4.362640 -0.030543 0.000010 -0.014684 -0.593089 0.805003
1718924483.214245081 -1.109415 4.361526 -0.030458 -0.000072 -0.014562 -0.593202 0.804922
1718924483.219268560 -1.108850 4.360418 -0.030373 -0.000148 -0.014464 -0.593311 0.804843
1718924483.224255800 -1.108283 4.359328 -0.030288 -0.000235 -0.014386 -0.593412 0.804770
1718924483.229252338 -1.107712 4.358245 -0.030201 -0.000350 -0.014310 -0.593493 0.804712
1718924483.234249592 -1.107138 4.357167 -0.030110 -0.000491 -0.014237 -0.593558 0.804665
1718924483.239239454 -1.106561 4.356094 -0.030016 -0.000646 -0.014167 -0.593599 0.804636
1718924483.244255781 -1.105976 4.355018 -0.029920 -0.000805 -0.014087 -0.593617 0.804624
1718924483.249257326 -1.105389 4.353946 -0.029825 -0.000946 -0.014003 -0.593618 0.804625
1718924483.254292727 -1.104794 4.352871 -0.029729 -0.001071 -0.013915 -0.593603 0.804637
1718924483.259248257 -1.104209 4.351818 -0.029634 -0.001190 -0.013806 -0.593590 0.804649
1718924483.264248133 -1.103622 4.350761 -0.029537 -0.001327 -0.013658 -0.593577 0.804660
1718924483.269258738 -1.103037 4.349708 -0.029438 -0.001481 -0.013493 -0.593557 0.804677
1718924483.274241447 -1.102452 4.348663 -0.029339 -0.001648 -0.013323 -0.593537 0.804695
1718924483.279246092 -1.101863 4.347618 -0.029245 -0.001811 -0.013158 -0.593520 0.804710
1718924483.284236908 -1.101274 4.346581 -0.029159 -0.001961 -0.013005 -0.593512 0.804718
1718924483.289282084 -1.100679 4.345539 -0.029084 -0.002084 -0.012859 -0.593517 0.804716
1718924483.294237852 -1.100096 4.344523 -0.029022 -0.002164 -0.012733 -0.593539 0.804702
1718924483.299235344 -1.099513 4.343505 -0.028970 -0.002239 -0.012620 -0.593581 0.804673
1718924483.299992085 -1.099425 4.343352 -0.028963 -0.002253 -0.012603 -0.593589 0.804667
1718924483.299992085 -1.099425 4.343352 -0.028963 -0.002253 -0.012603 -0.593589 0.804667
1718924483.304237604 -1.098936 4.342494 -0.028921 -0.002330 -0.012509 -0.593636 0.804633
1718924483.309239626 -1.098364 4.341488 -0.028874 -0.002425 -0.012406 -0.593709 0.804581
1718924483.314251423 -1.097796 4.340486 -0.028827 -0.002520 -0.012303 -0.593807 0.804509
1718924483.359241486 -1.092614 4.331799 -0.028221 -0.003878 -0.011367 -0.594815 0.803773
1718924483.364279747 -1.092020 4.330860 -0.028120 -0.004019 -0.011282 -0.594922 0.803695
1718924483.369282484 -1.091426 4.329931 -0.028011 -0.004160 -0.011238 -0.595021 0.803621
1718924483.374277353 -1.090832 4.329006 -0.027890 -0.004308 -0.011220 -0.595114 0.803552
1718924483.379282475 -1.090233 4.328080 -0.027756 -0.004463 -0.011211 -0.595201 0.803486
1718924483.384279251 -1.089630 4.327161 -0.027616 -0.004595 -0.011225 -0.595287 0.803421
1718924483.389281988 -1.089024 4.326249 -0.027479 -0.004676 -0.011251 -0.595376 0.803355
1718924483.394241095 -1.088426 4.325353 -0.027358 -0.004707 -0.011269 -0.595462 0.803291
1718924483.399283171 -1.087825 4.324450 -0.027252 -0.004712 -0.011275 -0.595552 0.803224
1718924483.399993181 -1.087741 4.324324 -0.027239 -0.004713 -0.011275 -0.595565 0.803214
1718924483.399993181 -1.087741 4.324324 -0.027239 -0.004713 -0.011275 -0.595565 0.803214
1718924483.404281378 -1.087236 4.323563 -0.027177 -0.004718 -0.011274 -0.595647 0.803154
1718924483.409284115 -1.086655 4.322678 -0.027121 -0.004733 -0.011257 -0.595758 0.803071
1718924483.414290905 -1.086082 4.321795 -0.027078 -0.004752 -0.011223 -0.595891 0.802973
1718924483.419255972 -1.085521 4.320921 -0.027044 -0.004768 -0.011187 -0.596038 0.802864
1718924483.424264431 -1.084961 4.320042 -0.027013 -0.004802 -0.011150 -0.596196 0.802747
1718924483.429291487 -1.084405 4.319158 -0.026975 -0.004879 -0.011098 -0.596356 0.802629
1718924483.434322357 -1.083857 4.318269 -0.026927 -0.004994 -0.011027 -0.596518 0.802508
1718924483.439319849 -1.083317 4.317383 -0.026872 -0.005120 -0.010948 -0.596676 0.802391
1718924483.444309711 -1.082785 4.316496 -0.026816 -0.005236 -0.010854 -0.596831 0.802276
1718924483.449256420 -1.082265 4.315611 -0.026761 -0.005342 -0.010750 -0.596992 0.802157
1718924483.454249620 -1.081749 4.314713 -0.026706 -0.005439 -0.010654 -0.597145 0.802044
1718924483.459243536 -1.081240 4.313809 -0.026649 -0.005530 -0.010569 -0.597284 0.801941
1718924483.464298010 -1.080727 4.312887 -0.026585 -0.005619 -0.010515 -0.597403 0.801852
1718924483.469237328 -1.080226 4.311976 -0.026515 -0.005728 -0.010483 -0.597494 0.801785
1718924483.474290609 -1.079716 4.311036 -0.026436 -0.005848 -0.010458 -0.597578 0.801721
1718924483.479300022 -1.079214 4.310099 -0.026358 -0.005960 -0.010440 -0.597653 0.801664
1718924483.484248877 -1.078722 4.309168 -0.026286 -0.006042 -0.010434 -0.597701 0.801629
1718924483.489276171 -1.078225 4.308215 -0.026224 -0.006088 -0.010437 -0.597728 0.801608
1718924483.494253159 -1.077738 4.307263 -0.026172 -0.006095 -0.010453 -0.597737 0.801601
1718924483.499302626 -1.077251 4.306286 -0.026127 -0.006090 -0.010475 -0.597732 0.801604
1718924483.500002146 -1.077184 4.306149 -0.026120 -0.006088 -0.010478 -0.597730 0.801606
1718924483.500002146 -1.077184 4.306149 -0.026120 -0.006088 -0.010478 -0.597730 0.801606
1718924483.504241943 -1.076782 4.305315 -0.026072 -0.006079 -0.010491 -0.597718 0.801615
1718924483.509282589 -1.076313 4.304313 -0.026014 -0.006075 -0.010489 -0.597700 0.801628
1718924483.514257908 -1.075860 4.303314 -0.025957 -0.006092 -0.010476 -0.597674 0.801648
1718924483.589243174 -1.069267 4.287075 -0.025595 -0.004686 -0.011009 -0.597096 0.802081
1718924483.594250441 -1.068848 4.285909 -0.025593 -0.004590 -0.011039 -0.597058 0.802109
1718924483.599243164 -1.068431 4.284739 -0.025597 -0.004487 -0.011076 -0.597024 0.802135
1718924483.599999189 -1.068369 4.284562 -0.025598 -0.004473 -0.011079 -0.597017 0.802140
1718924483.599999189 -1.068369 4.284562 -0.025598 -0.004473 -0.011079 -0.597017 0.802140
1718924483.604248047 -1.068018 4.283563 -0.025600 -0.004394 -0.011106 -0.596980 0.802167
1718924483.609242916 -1.067609 4.282384 -0.025601 -0.004344 -0.011117 -0.596927 0.802206
1718924483.614265919 -1.067198 4.281189 -0.025597 -0.004329 -0.011123 -0.596883 0.802240
1718924483.619272947 -1.066787 4.279990 -0.025590 -0.004310 -0.011144 -0.596858 0.802258
1718924483.624263763 -1.066373 4.278789 -0.025583 -0.004274 -0.011188 -0.596839 0.802272
1718924483.629252195 -1.065954 4.277581 -0.025578 -0.004209 -0.011239 -0.596822 0.802284
1718924483.634250641 -1.065531 4.276365 -0.025573 -0.004121 -0.011287 -0.596815 0.802289
1718924483.639253855 -1.065104 4.275140 -0.025567 -0.004000 -0.011343 -0.596813 0.802290
1718924483.644242287 -1.064674 4.273912 -0.025556 -0.003857 -0.011396 -0.596823 0.802283
1718924483.649246693 -1.064240 4.272671 -0.025535 -0.003724 -0.011434 -0.596833 0.802275
1718924483.654247999 -1.063802 4.271424 -0.025502 -0.003618 -0.011454 -0.596836 0.802273
1718924483.659255028 -1.063362 4.270171 -0.025457 -0.003538 -0.011463 -0.596825 0.802281
1718924483.664251804 -1.062919 4.268916 -0.025404 -0.003478 -0.011480 -0.596808 0.802294
1718924483.669308901 -1.062469 4.267642 -0.025344 -0.003432 -0.011506 -0.596799 0.802301
1718924483.674289465 -1.062024 4.266384 -0.025284 -0.003397 -0.011529 -0.596789 0.802308
1718924483.679251194 -1.061581 4.265129 -0.025228 -0.003381 -0.011552 -0.596770 0.802322
1718924483.684287071 -1.061128 4.263859 -0.025178 -0.003370 -0.011582 -0.596752 0.802335
1718924483.689248085 -1.060681 4.262611 -0.025135 -0.003367 -0.011599 -0.596745 0.802340
1718924483.694284916 -1.060226 4.261348 -0.025097 -0.003364 -0.011610 -0.596755 0.802333
1718924483.699244022 -1.059776 4.260110 -0.025063 -0.003344 -0.011633 -0.596783 0.802312
1718924483.699908018 -1.059715 4.259945 -0.025060 -0.003337 -0.011638 -0.596789 0.802307
1718924483.699908018 -1.059715 4.259945 -0.025060 -0.003337 -0.011638 -0.596789 0.802307
1718924483.704287767 -1.059315 4.258851 -0.025042 -0.003292 -0.011668 -0.596831 0.802276
1718924483.709243298 -1.058859 4.257615 -0.025027 -0.003214 -0.011715 -0.596886 0.802234
1718924483.714255095 -1.058396 4.256368 -0.025018 -0.003130 -0.011764 -0.596949 0.802187
1718924483.719251394 -1.057935 4.255124 -0.025013 -0.003048 -0.011812 -0.597024 0.802131
1718924483.800022125 -1.050207 4.234822 -0.024982 -0.002891 -0.011801 -0.597057 0.802107
1718924483.800022125 -1.050207 4.234822 -0.024982 -0.002891 -0.011801 -0.597057 0.802107
1718924483.819369316 -1.048302 4.229935 -0.024949 -0.002869 -0.011826 -0.597070 0.802097
1718924483.824337959 -1.047808 4.228671 -0.024928 -0.002865 -0.011829 -0.597076 0.802093
1718924483.829328775 -1.047309 4.227402 -0.024904 -0.002872 -0.011840 -0.597089 0.802082
1718924483.834335566 -1.046808 4.226128 -0.024874 -0.002886 -0.011848 -0.597118 0.802061
1718924483.839339972 -1.046306 4.224859 -0.024839 -0.002907 -0.011860 -0.597150 0.802036
1718924483.844388247 -1.045796 4.223582 -0.024798 -0.002919 -0.011890 -0.597187 0.802009
1718924483.849347830 -1.045294 4.222333 -0.024752 -0.002925 -0.011917 -0.597231 0.801976
1718924483.854347467 -1.044786 4.221081 -0.024702 -0.002931 -0.011933 -0.597277 0.801941
1718924483.859359264 -1.044275 4.219831 -0.024647 -0.002938 -0.011948 -0.597325 0.801905
1718924483.864393950 -1.043760 4.218582 -0.024590 -0.002955 -0.011963 -0.597371 0.801870
1718924483.869362831 -1.043250 4.217357 -0.024534 -0.002976 -0.011979 -0.597423 0.801832
1718924483.874406815 -1.042729 4.216121 -0.024480 -0.002994 -0.012003 -0.597468 0.801797
1718924483.879379272 -1.042213 4.214909 -0.024428 -0.002999 -0.012040 -0.597502 0.801771
1718924483.884417534 -1.041690 4.213687 -0.024378 -0.003004 -0.012084 -0.597527 0.801752
1718924483.889381170 -1.041175 4.212487 -0.024332 -0.003019 -0.012121 -0.597548 0.801736
1718924483.894384861 -1.040655 4.211284 -0.024289 -0.003045 -0.012154 -0.597566 0.801722
1718924483.899428844 -1.040131 4.210078 -0.024248 -0.003089 -0.012170 -0.597579 0.801712
1718924483.900027037 -1.040069 4.209935 -0.024243 -0.003096 -0.012171 -0.597579 0.801712
1718924483.900027037 -1.040069 4.209935 -0.024243 -0.003096 -0.012171 -0.597579 0.801712
1718924483.904396057 -1.039615 4.208894 -0.024205 -0.003143 -0.012176 -0.597580 0.801710
1718924483.909399748 -1.039095 4.207704 -0.024163 -0.003195 -0.012193 -0.597573 0.801715
1718924483.914407492 -1.038574 4.206516 -0.024124 -0.003240 -0.012205 -0.597561 0.801724
1718924483.984410763 -1.031544 4.189389 -0.023772 -0.003632 -0.012380 -0.597630 0.801668
1718924483.989460230 -1.031054 4.188108 -0.023759 -0.003643 -0.012390 -0.597636 0.801663
1718924483.994433165 -1.030573 4.186839 -0.023747 -0.003645 -0.012407 -0.597647 0.801655
1718924483.999428034 -1.030093 4.185561 -0.023735 -0.003635 -0.012416 -0.597667 0.801640
1718924484.004407883 -1.029617 4.184281 -0.023720 -0.003636 -0.012417 -0.597691 0.801622
1718924484.009402752 -1.029142 4.182994 -0.023702 -0.003648 -0.012412 -0.597719 0.801601
1718924484.014405251 -1.028670 4.181702 -0.023681 -0.003674 -0.012413 -0.597757 0.801573
1718924484.019404650 -1.028202 4.180410 -0.023659 -0.003707 -0.012414 -0.597801 0.801540
1718924484.024461269 -1.027731 4.179103 -0.023636 -0.003733 -0.012415 -0.597852 0.801502
1718924484.029406071 -1.027274 4.177828 -0.023614 -0.003740 -0.012421 -0.597909 0.801459
1718924484.034402609 -1.026814 4.176540 -0.023594 -0.003736 -0.012432 -0.597973 0.801411
1718924484.039402485 -1.026355 4.175252 -0.023574 -0.003723 -0.012446 -0.598044 0.801358
1718924484.044401407 -1.025896 4.173963 -0.023555 -0.003708 -0.012461 -0.598107 0.801311
1718924484.049401045 -1.025437 4.172674 -0.023537 -0.003696 -0.012478 -0.598167 0.801266
1718924484.054399967 -1.024978 4.171383 -0.023520 -0.003692 -0.012491 -0.598221 0.801225
1718924484.059400320 -1.024519 4.170090 -0.023505 -0.003689 -0.012506 -0.598267 0.801191
1718924484.064397812 -1.024061 4.168796 -0.023492 -0.003675 -0.012527 -0.598306 0.801161
1718924484.069396257 -1.023605 4.167499 -0.023483 -0.003648 -0.012548 -0.598332 0.801142
1718924484.074404240 -1.023149 4.166198 -0.023478 -0.003615 -0.012563 -0.598353 0.801126
1718924484.079437494 -1.022692 4.164887 -0.023475 -0.003580 -0.012568 -0.598364 0.801118
1718924484.084400892 -1.022243 4.163592 -0.023473 -0.003548 -0.012578 -0.598371 0.801113
1718924484.089396715 -1.021793 4.162284 -0.023469 -0.003513 -0.012594 -0.598366 0.801116
1718924484.094391823 -1.021345 4.160972 -0.023462 -0.003475 -0.012605 -0.598362 0.801119
1718924484.099437714 -1.020894 4.159643 -0.023451 -0.003425 -0.012614 -0.598364 0.801118
1718924484.099986076 -1.020845 4.159499 -0.023450 -0.003418 -0.012615 -0.598362 0.801119
1718924484.099986076 -1.020845 4.159499 -0.023450 -0.003418 -0.012615 -0.598362 0.801119
1718924484.104433298 -1.020450 4.158328 -0.023437 -0.003363 -0.012619 -0.598353 0.801126
1718924484.109397650 -1.020011 4.157017 -0.023422 -0.003310 -0.012632 -0.598342 0.801135
1718924484.114453316 -1.019565 4.155679 -0.023407 -0.003259 -0.012651 -0.598335 0.801140
1718924484.199985981 -1.011750 4.133411 -0.022468 -0.002876 -0.012738 -0.599005 0.800639
1718924484.199985981 -1.011750 4.133411 -0.022468 -0.002876 -0.012738 -0.599005 0.800639
1718924484.204408169 -1.011327 4.132278 -0.022374 -0.002856 -0.012742 -0.599039 0.800613
1718924484.209447861 -1.010844 4.130988 -0.022263 -0.002853 -0.012737 -0.599081 0.800582
1718924484.214410067 -1.010365 4.129720 -0.022150 -0.002863 -0.012733 -0.599118 0.800555
1718924484.219408989 -1.009878 4.128446 -0.022034 -0.002879 -0.012726 -0.599138 0.800540
1718924484.224416018 -1.009388 4.127173 -0.021917 -0.002886 -0.012719 -0.599158 0.800525
1718924484.229416370 -1.008895 4.125905 -0.021803 -0.002883 -0.012720 -0.599165 0.800520
1718924484.234416485 -1.008399 4.124641 -0.021691 -0.002860 -0.012724 -0.599158 0.800525
1718924484.239428997 -1.007898 4.123373 -0.021583 -0.002817 -0.012733 -0.599151 0.800530
1718924484.244410276 -1.007396 4.122113 -0.021478 -0.002774 -0.012750 -0.599138 0.800540
1718924484.249409199 -1.006891 4.120847 -0.021373 -0.002752 -0.012763 -0.599111 0.800559
1718924484.254414797 -1.006385 4.119578 -0.021269 -0.002756 -0.012770 -0.599089 0.800576
1718924484.259453297 -1.005875 4.118298 -0.021166 -0.002774 -0.012780 -0.599080 0.800583
1718924484.264414787 -1.005372 4.117033 -0.021067 -0.002788 -0.012801 -0.599080 0.800582
1718924484.269408226 -1.004863 4.115755 -0.020970 -0.002765 -0.012845 -0.599090 0.800574
1718924484.274469614 -1.004344 4.114456 -0.020875 -0.002702 -0.012907 -0.599126 0.800546
1718924484.279447079 -1.003834 4.113173 -0.020786 -0.002625 -0.012965 -0.599184 0.800502
1718924484.284399509 -1.003329 4.111889 -0.020697 -0.002570 -0.012999 -0.599269 0.800438
1718924484.289404392 -1.002822 4.110584 -0.020600 -0.002546 -0.013017 -0.599389 0.800348
1718924484.294399261 -1.002317 4.109274 -0.020499 -0.002542 -0.013020 -0.599551 0.800227
1718924484.299403906 -1.001814 4.107956 -0.020398 -0.002546 -0.013011 -0.599756 0.800073
1718924484.299984932 -1.001756 4.107802 -0.020387 -0.002548 -0.013009 -0.599782 0.800053
1718924484.299984932 -1.001756 4.107802 -0.020387 -0.002548 -0.013009 -0.599782 0.800053
1718924484.304439306 -1.001310 4.106623 -0.020296 -0.002562 -0.012990 -0.599987 0.799900
1718924484.309403658 -1.000817 4.105302 -0.020198 -0.002578 -0.012966 -0.600244 0.799708
1718924484.314500093 -1.000313 4.103938 -0.020102 -0.002584 -0.012947 -0.600544 0.799482
1718924484.354405165 -0.996616 4.093116 -0.019610 -0.002143 -0.012457 -0.604573 0.796449
1718924484.359412670 -0.996194 4.091736 -0.019566 -0.002101 -0.012380 -0.605074 0.796070
1718924484.364453316 -0.995774 4.090342 -0.019525 -0.002036 -0.012317 -0.605584 0.795684
1718924484.369454384 -0.995353 4.088955 -0.019486 -0.001934 -0.012268 -0.606093 0.795297
1718924484.374414682 -0.994926 4.087579 -0.019448 -0.001801 -0.012243 -0.606592 0.794917
1718924484.379466295 -0.994477 4.086179 -0.019404 -0.001662 -0.012238 -0.607089 0.794538
1718924484.384429216 -0.994021 4.084804 -0.019350 -0.001553 -0.012238 -0.607574 0.794167
1718924484.389400482 -0.993554 4.083427 -0.019287 -0.001505 -0.012214 -0.608058 0.793797
1718924484.394409418 -0.993084 4.082043 -0.019219 -0.001528 -0.012147 -0.608545 0.793425
1718924484.399402380 -0.992619 4.080666 -0.019145 -0.001599 -0.012040 -0.609037 0.793049
1718924484.399976969 -0.992566 4.080507 -0.019136 -0.001609 -0.012026 -0.609096 0.793004
1718924484.399976969 -0.992566 4.080507 -0.019136 -0.001609 -0.012026 -0.609096 0.793004
1718924484.404399395 -0.992160 4.079286 -0.019062 -0.001682 -0.011921 -0.609548 0.792657
1718924484.409403563 -0.991707 4.077900 -0.018980 -0.001739 -0.011803 -0.610088 0.792244
1718924484.414421558 -0.991263 4.076512 -0.018901 -0.001761 -0.011651 -0.610655 0.791809
1718924484.419434547 -0.990831 4.075132 -0.018826 -0.001765 -0.011483 -0.611238 0.791362
1718924484.424412251 -0.990415 4.073768 -0.018756 -0.001787 -0.011292 -0.611849 0.790892
1718924484.429416180 -0.990008 4.072401 -0.018686 -0.001853 -0.011074 -0.612486 0.790402
1718924484.434402704 -0.989611 4.071042 -0.018608 -0.001993 -0.010836 -0.613144 0.789894
1718924484.439423561 -0.989213 4.069674 -0.018518 -0.002181 -0.010575 -0.613822 0.789371
1718924484.444407225 -0.988814 4.068316 -0.018424 -0.002348 -0.010338 -0.614502 0.788844
1718924484.449404955 -0.988404 4.066953 -0.018336 -0.002472 -0.010131 -0.615190 0.788310
1718924484.454402208 -0.987988 4.065588 -0.018253 -0.002557 -0.009950 -0.615886 0.787768
1718924484.459415913 -0.987567 4.064217 -0.018176 -0.002611 -0.009796 -0.616593 0.787217
1718924484.464446068 -0.987145 4.062842 -0.018112 -0.002661 -0.009638 -0.617307 0.786659
1718924484.469417095 -0.986726 4.061487 -0.018060 -0.002717 -0.009468 -0.617996 0.786120
1718924484.474489450 -0.986288 4.060111 -0.018016 -0.002737 -0.009327 -0.618663 0.785597
1718924484.479467630 -0.985837 4.058766 -0.017975 -0.002702 -0.009256 -0.619266 0.785122
1718924484.484451532 -0.985357 4.057427 -0.017931 -0.002626 -0.009255 -0.619815 0.784689
1718924484.489414215 -0.984857 4.056099 -0.017878 -0.002564 -0.009282 -0.620304 0.784302
1718924484.494406939 -0.984336 4.054763 -0.017804 -0.002498 -0.009333 -0.620741 0.783956
1718924484.499433279 -0.983797 4.053420 -0.017703 -0.002393 -0.009436 -0.621118 0.783656
1718924484.499994993 -0.983735 4.053269 -0.017690 -0.002381 -0.009452 -0.621154 0.783628
1718924484.499994993 -0.983735 4.053269 -0.017690 -0.002381 -0.009452 -0.621154 0.783628
1718924484.504438877 -0.983250 4.052080 -0.017573 -0.002290 -0.009569 -0.621440 0.783400
1718924484.509402037 -0.982709 4.050750 -0.017424 -0.002213 -0.009689 -0.621716 0.783180
1718924484.514456987 -0.982169 4.049393 -0.017257 -0.002224 -0.009772 -0.621939 0.783002
1718924484.564437628 -0.977397 4.035890 -0.015554 -0.003581 -0.009541 -0.624344 0.781083
1718924484.569449425 -0.976967 4.034527 -0.015389 -0.003619 -0.009571 -0.624594 0.780882
1718924484.574434757 -0.976545 4.033171 -0.015230 -0.003569 -0.009640 -0.624849 0.780678
1718924484.579448700 -0.976135 4.031810 -0.015074 -0.003501 -0.009684 -0.625112 0.780467
1718924484.584434509 -0.975746 4.030457 -0.014920 -0.003456 -0.009693 -0.625376 0.780256
1718924484.589409351 -0.975376 4.029105 -0.014773 -0.003446 -0.009694 -0.625646 0.780039
1718924484.594398022 -0.975021 4.027746 -0.014637 -0.003444 -0.009723 -0.625909 0.779828
1718924484.599410772 -0.974677 4.026377 -0.014515 -0.003425 -0.009781 -0.626154 0.779630
1718924484.599998951 -0.974638 4.026216 -0.014502 -0.003420 -0.009789 -0.626181 0.779609
1718924484.599998951 -0.974638 4.026216 -0.014502 -0.003420 -0.009789 -0.626181 0.779609
1718924484.604396343 -0.974350 4.025016 -0.014412 -0.003378 -0.009851 -0.626385 0.779445
1718924484.609441042 -0.974032 4.023644 -0.014322 -0.003300 -0.009914 -0.626606 0.779266
1718924484.614454269 -0.973730 4.022281 -0.014239 -0.003202 -0.009947 -0.626818 0.779095
1718924484.619432211 -0.973443 4.020925 -0.014154 -0.003090 -0.009944 -0.627028 0.778927
1718924484.624436378 -0.973168 4.019555 -0.014057 -0.002966 -0.009928 -0.627236 0.778760
1718924484.629408360 -0.972909 4.018189 -0.013944 -0.002851 -0.009893 -0.627442 0.778595
1718924484.634419680 -0.972668 4.016808 -0.013815 -0.002763 -0.009839 -0.627665 0.778416
1718924484.639410496 -0.972448 4.015430 -0.013685 -0.002678 -0.009812 -0.627893 0.778233
1718924484.644416571 -0.972239 4.014048 -0.013569 -0.002561 -0.009845 -0.628132 0.778040
1718924484.649406433 -0.972037 4.012670 -0.013475 -0.002409 -0.009928 -0.628378 0.777841
1718924484.654402971 -0.971843 4.011288 -0.013402 -0.002250 -0.010019 -0.628629 0.777637
1718924484.659407616 -0.971658 4.009897 -0.013341 -0.002110 -0.010084 -0.628904 0.777415
1718924484.664411783 -0.971482 4.008500 -0.013284 -0.001995 -0.010107 -0.629220 0.777159
1718924484.669411182 -0.971317 4.007100 -0.013225 -0.001897 -0.010086 -0.629570 0.776876
1718924484.674404860 -0.971162 4.005699 -0.013163 -0.001792 -0.010048 -0.629957 0.776563
1718924484.679414988 -0.971011 4.004289 -0.013101 -0.001665 -0.010043 -0.630371 0.776227
1718924484.684403658 -0.970862 4.002880 -0.013045 -0.001522 -0.010086 -0.630791 0.775885
1718924484.689409494 -0.970712 4.001459 -0.012999 -0.001400 -0.010134 -0.631212 0.775543
1718924484.694414377 -0.970565 4.000031 -0.012962 -0.001325 -0.010155 -0.631639 0.775195
1718924484.699410200 -0.970422 3.998598 -0.012932 -0.001322 -0.010134 -0.632060 0.774852
1718924484.699985027 -0.970406 3.998433 -0.012929 -0.001326 -0.010127 -0.632109 0.774812
1718924484.699985027 -0.970406 3.998433 -0.012929 -0.001326 -0.010127 -0.632109 0.774812
1718924484.704436541 -0.970282 3.997153 -0.012900 -0.001363 -0.010074 -0.632483 0.774507
1718924484.709408760 -0.970146 3.995722 -0.012861 -0.001416 -0.010013 -0.632917 0.774153
1718924484.714440107 -0.970011 3.994271 -0.012811 -0.001438 -0.009989 -0.633373 0.773781
1718924484.719416857 -0.969873 3.992833 -0.012754 -0.001409 -0.010017 -0.633826 0.773410
1718924484.794406891 -0.967124 3.971094 -0.011927 -0.001512 -0.009698 -0.630548 0.776088
1718924484.799479723 -0.966898 3.969618 -0.011877 -0.001566 -0.009682 -0.630282 0.776305
1718924484.799981117 -0.966876 3.969472 -0.011872 -0.001573 -0.009684 -0.630253 0.776328
1718924484.799981117 -0.966876 3.969472 -0.011872 -0.001573 -0.009684 -0.630253 0.776328
1718924484.804450035 -0.966679 3.968175 -0.011822 -0.001628 -0.009695 -0.629998 0.776534
1718924484.809406757 -0.966463 3.966737 -0.011764 -0.001679 -0.009756 -0.629702 0.776774
1718924484.814415455 -0.966247 3.965286 -0.011698 -0.001713 -0.009840 -0.629405 0.777013
1718924484.819413662 -0.966039 3.963840 -0.011623 -0.001767 -0.009889 -0.629110 0.777251
1718924484.824415684 -0.965841 3.962399 -0.011530 -0.001869 -0.009892 -0.628832 0.777476
1718924484.829412937 -0.965651 3.960966 -0.011419 -0.001975 -0.009869 -0.628587 0.777674
1718924484.834397078 -0.965465 3.959542 -0.011289 -0.002085 -0.009828 -0.628366 0.777853
1718924484.839401484 -0.965283 3.958115 -0.011140 -0.002204 -0.009781 -0.628154 0.778024
1718924484.844393253 -0.965104 3.956693 -0.010977 -0.002304 -0.009756 -0.627949 0.778190
1718924484.849402428 -0.964924 3.955271 -0.010807 -0.002363 -0.009768 -0.627758 0.778344
1718924484.854413986 -0.964739 3.953855 -0.010642 -0.002378 -0.009805 -0.627579 0.778487
1718924484.859413624 -0.964554 3.952449 -0.010488 -0.002400 -0.009827 -0.627412 0.778622
1718924484.864399195 -0.964367 3.951055 -0.010349 -0.002429 -0.009833 -0.627245 0.778756
1718924484.869409323 -0.964174 3.949656 -0.010218 -0.002496 -0.009831 -0.627073 0.778895
1718924484.874399662 -0.963979 3.948264 -0.010091 -0.002625 -0.009802 -0.626906 0.779029
1718924484.879409790 -0.963780 3.946865 -0.009963 -0.002774 -0.009756 -0.626723 0.779176
1718924484.884392977 -0.963575 3.945473 -0.009834 -0.002855 -0.009734 -0.626522 0.779338
1718924484.889407158 -0.963354 3.944075 -0.009710 -0.002836 -0.009766 -0.626323 0.779497
1718924484.894393206 -0.963120 3.942693 -0.009601 -0.002704 -0.009858 -0.626113 0.779665
1718924484.899448156 -0.962871 3.941298 -0.009510 -0.002515 -0.009984 -0.625884 0.779848
1718924484.900010824 -0.962843 3.941143 -0.009501 -0.002498 -0.009996 -0.625858 0.779869
1718924484.900010824 -0.962843 3.941143 -0.009501 -0.002498 -0.009996 -0.625858 0.779869
1718924484.904406309 -0.962621 3.939933 -0.009438 -0.002367 -0.010085 -0.625649 0.780036
1718924484.909441948 -0.962367 3.938548 -0.009377 -0.002284 -0.010167 -0.625393 0.780240
1718924484.914403915 -0.962115 3.937183 -0.009318 -0.002282 -0.010247 -0.625135 0.780446
1718924484.964403391 -0.959364 3.923363 -0.008635 -0.000982 -0.010380 -0.622937 0.782203
1718924484.969460964 -0.959066 3.921956 -0.008562 -0.000881 -0.010426 -0.622722 0.782373
1718924484.974458694 -0.958773 3.920560 -0.008475 -0.000813 -0.010504 -0.622518 0.782534
1718924484.979461193 -0.958482 3.919160 -0.008366 -0.000788 -0.010609 -0.622331 0.782682
1718924484.984441996 -0.958198 3.917763 -0.008232 -0.000830 -0.010711 -0.622160 0.782816
1718924484.989451170 -0.957915 3.916358 -0.008076 -0.000926 -0.010801 -0.622001 0.782941
1718924484.994436741 -0.957631 3.914962 -0.007907 -0.001056 -0.010867 -0.621842 0.783066
1718924484.999449730 -0.957343 3.913560 -0.007737 -0.001203 -0.010908 -0.621683 0.783192
1718924485.004454374 -0.957053 3.912165 -0.007579 -0.001359 -0.010909 -0.621520 0.783321
1718924485.009448051 -0.956762 3.910778 -0.007442 -0.001512 -0.010877 -0.621358 0.783450
1718924485.014464617 -0.956466 3.909388 -0.007325 -0.001637 -0.010824 -0.621198 0.783577
1718924485.019472599 -0.956167 3.908000 -0.007224 -0.001731 -0.010767 -0.621042 0.783701
1718924485.024467945 -0.955864 3.906615 -0.007128 -0.001799 -0.010710 -0.620875 0.783834
1718924485.029459476 -0.955556 3.905228 -0.007025 -0.001874 -0.010668 -0.620695 0.783977
1718924485.034445524 -0.955245 3.903836 -0.006908 -0.001967 -0.010657 -0.620511 0.784123
1718924485.039469242 -0.954928 3.902431 -0.006773 -0.002080 -0.010675 -0.620321 0.784273
1718924485.044462442 -0.954610 3.901035 -0.006629 -0.002196 -0.010704 -0.620122 0.784429
1718924485.049414873 -0.954295 3.899652 -0.006484 -0.002317 -0.010727 -0.619920 0.784588
1718924485.054444790 -0.953974 3.898249 -0.006345 -0.002424 -0.010753 -0.619706 0.784757
1718924485.059400082 -0.953658 3.896871 -0.006223 -0.002492 -0.010793 -0.619485 0.784930
1718924485.064409256 -0.953337 3.895481 -0.006119 -0.002532 -0.010836 -0.619252 0.785114
1718924485.069396734 -0.953015 3.894102 -0.006032 -0.002553 -0.010868 -0.619019 0.785297
1718924485.074412107 -0.952691 3.892717 -0.005953 -0.002599 -0.010870 -0.618786 0.785480
1718924485.079408169 -0.952368 3.891335 -0.005872 -0.002675 -0.010852 -0.618550 0.785666
1718924485.084401846 -0.952041 3.889951 -0.005781 -0.002777 -0.010838 -0.618321 0.785846
1718924485.089394093 -0.951710 3.888563 -0.005680 -0.002884 -0.010844 -0.618094 0.786024
1718924485.094408989 -0.951372 3.887168 -0.005569 -0.002971 -0.010876 -0.617865 0.786203
1718924485.099403381 -0.951032 3.885779 -0.005454 -0.003041 -0.010930 -0.617646 0.786375
1718924485.099995852 -0.950991 3.885614 -0.005440 -0.003047 -0.010938 -0.617621 0.786394
1718924485.099995852 -0.950991 3.885614 -0.005440 -0.003047 -0.010938 -0.617621 0.786394
1718924485.104408741 -0.950689 3.884389 -0.005332 -0.003092 -0.010999 -0.617436 0.786538
1718924485.109396935 -0.950343 3.883009 -0.005211 -0.003127 -0.011078 -0.617220 0.786706
1718924485.114418268 -0.949990 3.881623 -0.005091 -0.003145 -0.011141 -0.616999 0.786879
1718924485.119414806 -0.949635 3.880248 -0.004977 -0.003165 -0.011185 -0.616788 0.787044
1718924485.169461966 -0.946108 3.866667 -0.004728 -0.003256 -0.011886 -0.614535 0.788793
1718924485.199985027 -0.943977 3.858483 -0.005223 -0.004243 -0.012002 -0.613572 0.789536
1718924485.199985027 -0.943977 3.858483 -0.005223 -0.004243 -0.012002 -0.613572 0.789536
1718924485.214442492 -0.942965 3.854615 -0.005534 -0.004703 -0.012041 -0.613120 0.789884
1718924485.219421148 -0.942617 3.853285 -0.005669 -0.004786 -0.012056 -0.612968 0.790001
1718924485.224460125 -0.942266 3.851941 -0.005836 -0.004793 -0.012070 -0.612820 0.790116
1718924485.229443789 -0.941923 3.850610 -0.006035 -0.004764 -0.012078 -0.612685 0.790221
1718924485.234406710 -0.941586 3.849281 -0.006258 -0.004736 -0.012076 -0.612561 0.790317
1718924485.239408731 -0.941250 3.847935 -0.006495 -0.004724 -0.012079 -0.612438 0.790412
1718924485.244449854 -0.940914 3.846569 -0.006730 -0.004741 -0.012089 -0.612316 0.790506
1718924485.249471664 -0.940584 3.845197 -0.006948 -0.004776 -0.012121 -0.612202 0.790594
1718924485.254442453 -0.940265 3.843830 -0.007142 -0.004823 -0.012164 -0.612091 0.790679
1718924485.259442568 -0.939952 3.842448 -0.007313 -0.004875 -0.012202 -0.611970 0.790772
1718924485.264408112 -0.939649 3.841069 -0.007463 -0.004925 -0.012246 -0.611846 0.790867
1718924485.269448757 -0.939346 3.839664 -0.007602 -0.004978 -0.012284 -0.611723 0.790961
1718924485.274447918 -0.939049 3.838268 -0.007736 -0.005038 -0.012303 -0.611597 0.791058
1718924485.279408455 -0.938757 3.836882 -0.007873 -0.005121 -0.012287 -0.611467 0.791158
1718924485.284433603 -0.938461 3.835480 -0.008022 -0.005221 -0.012247 -0.611326 0.791267
1718924485.289443731 -0.938166 3.834083 -0.008187 -0.005318 -0.012189 -0.611175 0.791384
1718924485.294437885 -0.937869 3.832687 -0.008370 -0.005386 -0.012138 -0.611014 0.791508
1718924485.299433947 -0.937569 3.831290 -0.008569 -0.005418 -0.012108 -0.610850 0.791636
1718924485.299999952 -0.937535 3.831132 -0.008593 -0.005419 -0.012106 -0.610830 0.791651
1718924485.299999952 -0.937535 3.831132 -0.008593 -0.005419 -0.012106 -0.610830 0.791651
1718924485.304440737 -0.937267 3.829889 -0.008781 -0.005424 -0.012097 -0.610673 0.791772
1718924485.309392452 -0.936966 3.828500 -0.008994 -0.005423 -0.012095 -0.610495 0.791909
1718924485.314400911 -0.936660 3.827089 -0.009202 -0.005423 -0.012106 -0.610313 0.792049
1718924485.364429712 -0.933628 3.812936 -0.010679 -0.006692 -0.011883 -0.609053 0.793013
1718924485.369410038 -0.933326 3.811528 -0.010771 -0.006811 -0.011874 -0.608923 0.793112
1718924485.374442101 -0.933017 3.810109 -0.010860 -0.006913 -0.011859 -0.608780 0.793221
1718924485.379421949 -0.932708 3.808712 -0.010945 -0.007003 -0.011846 -0.608633 0.793333
1718924485.384418726 -0.932390 3.807318 -0.011029 -0.007082 -0.011839 -0.608477 0.793451
1718924485.389406919 -0.932064 3.805934 -0.011113 -0.007130 -0.011848 -0.608313 0.793577
1718924485.394401312 -0.931729 3.804560 -0.011201 -0.007144 -0.011871 -0.608130 0.793717
1718924485.399396181 -0.931388 3.803200 -0.011295 -0.007151 -0.011911 -0.607936 0.793865
1718924485.400007963 -0.931346 3.803034 -0.011308 -0.007154 -0.011917 -0.607910 0.793884
1718924485.400007963 -0.931346 3.803034 -0.011308 -0.007154 -0.011917 -0.607910 0.793884
1718924485.404392242 -0.931040 3.801853 -0.011398 -0.007175 -0.011955 -0.607726 0.794024
1718924485.409448147 -0.930681 3.800500 -0.011511 -0.007216 -0.012008 -0.607501 0.794196
1718924485.414489746 -0.930316 3.799162 -0.011634 -0.007267 -0.012077 -0.607271 0.794370
1718924485.419434547 -0.929949 3.797858 -0.011761 -0.007313 -0.012152 -0.607048 0.794539
1718924485.424400806 -0.929575 3.796557 -0.011890 -0.007350 -0.012228 -0.606826 0.794707
1718924485.429416895 -0.929191 3.795250 -0.012018 -0.007356 -0.012309 -0.606609 0.794871
1718924485.434408426 -0.928801 3.793957 -0.012142 -0.007327 -0.012402 -0.606410 0.795022
1718924485.439426899 -0.928403 3.792663 -0.012260 -0.007289 -0.012494 -0.606216 0.795169
1718924485.444442034 -0.927999 3.791373 -0.012371 -0.007260 -0.012577 -0.606031 0.795308
1718924485.449391842 -0.927596 3.790102 -0.012480 -0.007238 -0.012647 -0.605865 0.795434
1718924485.454467058 -0.927181 3.788803 -0.012594 -0.007236 -0.012692 -0.605727 0.795538
1718924485.459393740 -0.926779 3.787546 -0.012711 -0.007266 -0.012712 -0.605607 0.795629
1718924485.464405298 -0.926370 3.786270 -0.012838 -0.007323 -0.012723 -0.605494 0.795715
1718924485.469484329 -0.925951 3.784979 -0.012976 -0.007390 -0.012731 -0.605392 0.795792
1718924485.474460602 -0.925535 3.783718 -0.013118 -0.007453 -0.012745 -0.605298 0.795862
1718924485.479431868 -0.925112 3.782460 -0.013263 -0.007515 -0.012767 -0.605220 0.795921
1718924485.484439611 -0.924682 3.781192 -0.013406 -0.007585 -0.012794 -0.605148 0.795974
1718924485.489393473 -0.924250 3.779937 -0.013544 -0.007649 -0.012826 -0.605083 0.796022
1718924485.494441271 -0.923805 3.778659 -0.013684 -0.007696 -0.012856 -0.605003 0.796082
1718924485.499424934 -0.923362 3.777398 -0.013826 -0.007723 -0.012873 -0.604913 0.796150
1718924485.499998808 -0.923310 3.777253 -0.013843 -0.007725 -0.012874 -0.604903 0.796158
1718924485.499998808 -0.923310 3.777253 -0.013843 -0.007725 -0.012874 -0.604903 0.796158
1718924485.504456520 -0.922914 3.776127 -0.013974 -0.007745 -0.012877 -0.604824 0.796217
1718924485.509395599 -0.922474 3.774878 -0.014127 -0.007773 -0.012871 -0.604732 0.796287
1718924485.514463902 -0.922024 3.773596 -0.014291 -0.007815 -0.012860 -0.604632 0.796363
1718924485.594427586 -0.915062 3.753394 -0.018190 -0.007995 -0.012931 -0.603051 0.797558
1718924485.599394083 -0.914639 3.752141 -0.018517 -0.007987 -0.012924 -0.602963 0.797624
1718924485.599998951 -0.914587 3.751989 -0.018557 -0.007985 -0.012922 -0.602952 0.797633
1718924485.599998951 -0.914587 3.751989 -0.018557 -0.007985 -0.012922 -0.602952 0.797633
1718924485.604423046 -0.914210 3.750874 -0.018858 -0.007972 -0.012906 -0.602872 0.797693
1718924485.609433413 -0.913782 3.749608 -0.019207 -0.007951 -0.012889 -0.602783 0.797762
1718924485.614437342 -0.913355 3.748341 -0.019561 -0.007935 -0.012884 -0.602703 0.797822
1718924485.619438410 -0.912926 3.747073 -0.019918 -0.007937 -0.012881 -0.602633 0.797875
1718924485.624435186 -0.912499 3.745802 -0.020275 -0.007950 -0.012871 -0.602565 0.797926
1718924485.629408836 -0.912073 3.744535 -0.020629 -0.007960 -0.012870 -0.602501 0.797975
1718924485.634396791 -0.911645 3.743262 -0.020978 -0.007974 -0.012877 -0.602442 0.798019
1718924485.639393330 -0.911216 3.741984 -0.021321 -0.007992 -0.012876 -0.602391 0.798057
1718924485.644396305 -0.910785 3.740705 -0.021656 -0.008013 -0.012861 -0.602356 0.798084
1718924485.649399281 -0.910354 3.739426 -0.021985 -0.008042 -0.012842 -0.602342 0.798095
1718924485.654417515 -0.909922 3.738146 -0.022311 -0.008079 -0.012823 -0.602325 0.798107
1718924485.659445763 -0.909488 3.736865 -0.022636 -0.008129 -0.012815 -0.602298 0.798127
1718924485.664438248 -0.909056 3.735594 -0.022959 -0.008182 -0.012816 -0.602278 0.798142
1718924485.669476271 -0.908618 3.734314 -0.023284 -0.008235 -0.012815 -0.602257 0.798157
1718924485.674474239 -0.908182 3.733046 -0.023608 -0.008294 -0.012812 -0.602224 0.798181
1718924485.679446459 -0.907747 3.731786 -0.023930 -0.008361 -0.012800 -0.602186 0.798209
1718924485.684435606 -0.907309 3.730523 -0.024251 -0.008437 -0.012785 -0.602149 0.798237
1718924485.689441681 -0.906868 3.729256 -0.024570 -0.008538 -0.012747 -0.602097 0.798275
1718924485.694396734 -0.906430 3.728001 -0.024883 -0.008660 -0.012689 -0.602027 0.798328
1718924485.699385643 -0.905988 3.726737 -0.025198 -0.008792 -0.012627 -0.601943 0.798390
1718924485.699915171 -0.905941 3.726603 -0.025231 -0.008805 -0.012622 -0.601933 0.798398
1718924485.699915171 -0.905941 3.726603 -0.025231 -0.008805 -0.012622 -0.601933 0.798398
1718924485.699986935 -0.914588 3.725342 0.010168 -0.012197 -0.009360 -0.601574 0.798669
1718924485.699986935 -0.914588 3.725342 0.010168 -0.012197 -0.009360 -0.601574 0.798669
1718924485.704458475 -0.914299 3.724244 0.009832 -0.012313 -0.009313 -0.601484 0.798735
1718924485.709423304 -0.913973 3.723026 0.009459 -0.012428 -0.009268 -0.601368 0.798822
1718924485.714440823 -0.913637 3.721796 0.009083 -0.012523 -0.009241 -0.601229 0.798925
1718924485.719400406 -0.913300 3.720582 0.008711 -0.012593 -0.009240 -0.601081 0.799035
1718924485.784414291 -0.908880 3.705023 0.004537 -0.013386 -0.008900 -0.600115 0.799753
1718924485.789427519 -0.908548 3.703841 0.004230 -0.013450 -0.008885 -0.600062 0.799791
1718924485.794435263 -0.908217 3.702663 0.003933 -0.013531 -0.008877 -0.600012 0.799827
1718924485.799425602 -0.907888 3.701493 0.003646 -0.013627 -0.008866 -0.599965 0.799861
1718924485.799994946 -0.907851 3.701359 0.003614 -0.013640 -0.008865 -0.599960 0.799864
1718924485.799994946 -0.907851 3.701359 0.003614 -0.013640 -0.008865 -0.599960 0.799864
1718924485.804440737 -0.907557 3.700322 0.003361 -0.013744 -0.008858 -0.599923 0.799890
1718924485.809432507 -0.907224 3.699163 0.003081 -0.013876 -0.008839 -0.599886 0.799916
1718924485.814421177 -0.906889 3.698010 0.002803 -0.014015 -0.008805 -0.599851 0.799941
1718924485.819486141 -0.906544 3.696846 0.002519 -0.014148 -0.008761 -0.599811 0.799969
1718924485.824481964 -0.906195 3.695702 0.002235 -0.014253 -0.008724 -0.599760 0.800005
1718924485.829449415 -0.905839 3.694567 0.001945 -0.014328 -0.008698 -0.599708 0.800043
1718924485.834395647 -0.905473 3.693439 0.001647 -0.014376 -0.008682 -0.599650 0.800086
1718924485.839407682 -0.905091 3.692299 0.001337 -0.014388 -0.008682 -0.599583 0.800136
1718924485.844389439 -0.904702 3.691168 0.001019 -0.014373 -0.008689 -0.599505 0.800195
1718924485.849412203 -0.904301 3.690028 0.000691 -0.014360 -0.008698 -0.599418 0.800260
1718924485.854423761 -0.903895 3.688891 0.000358 -0.014341 -0.008705 -0.599327 0.800329
1718924485.859435081 -0.903484 3.687757 0.000021 -0.014315 -0.008717 -0.599237 0.800397
1718924485.864433289 -0.903070 3.686629 -0.000314 -0.014293 -0.008733 -0.599149 0.800462
1718924485.869437933 -0.902652 3.685502 -0.000647 -0.014276 -0.008757 -0.599072 0.800520
1718924485.874433756 -0.902232 3.684381 -0.000973 -0.014259 -0.008794 -0.599008 0.800568
1718924485.879428148 -0.901809 3.683263 -0.001294 -0.014245 -0.008840 -0.598940 0.800618
1718924485.884433508 -0.901381 3.682144 -0.001613 -0.014221 -0.008886 -0.598864 0.800675
1718924485.889420033 -0.900951 3.681033 -0.001931 -0.014178 -0.008940 -0.598783 0.800736
1718924485.894432783 -0.900515 3.679920 -0.002254 -0.014117 -0.008990 -0.598711 0.800791
1718924485.899420500 -0.900079 3.678813 -0.002577 -0.014060 -0.009028 -0.598649 0.800837
1718924485.900013924 -0.900027 3.678681 -0.002616 -0.014054 -0.009030 -0.598643 0.800842
1718924485.900013924 -0.900027 3.678681 -0.002616 -0.014054 -0.009030 -0.598643 0.800842
1718924485.904395819 -0.899639 3.677710 -0.002900 -0.014014 -0.009046 -0.598593 0.800879
1718924485.909430027 -0.899188 3.676593 -0.003225 -0.013979 -0.009050 -0.598532 0.800926
1718924485.914413214 -0.898738 3.675486 -0.003547 -0.013950 -0.009049 -0.598474 0.800969
1718924485.939389706 -0.896446 3.670017 -0.005089 -0.013404 -0.009215 -0.598204 0.801179
1718924485.944383621 -0.895989 3.668928 -0.005382 -0.013292 -0.009234 -0.598142 0.801226
1718924485.949401855 -0.895531 3.667837 -0.005669 -0.013196 -0.009243 -0.598072 0.801281
1718924485.954392910 -0.895078 3.666754 -0.005948 -0.013105 -0.009243 -0.598001 0.801335
1718924485.959387064 -0.894624 3.665673 -0.006223 -0.013008 -0.009237 -0.597923 0.801395
1718924485.964445591 -0.894165 3.664582 -0.006498 -0.012902 -0.009226 -0.597825 0.801470
1718924485.969408751 -0.893718 3.663515 -0.006766 -0.012803 -0.009224 -0.597709 0.801558
1718924485.974418640 -0.893269 3.662437 -0.007040 -0.012725 -0.009238 -0.597581 0.801654
1718924485.979429722 -0.892822 3.661355 -0.007321 -0.012662 -0.009273 -0.597453 0.801751
1718924485.984376907 -0.892380 3.660282 -0.007609 -0.012619 -0.009318 -0.597331 0.801842
1718924485.989394665 -0.891933 3.659191 -0.007913 -0.012599 -0.009354 -0.597203 0.801936
1718924485.994380713 -0.891490 3.658105 -0.008226 -0.012583 -0.009373 -0.597072 0.802034
1718924485.999421120 -0.891042 3.657009 -0.008549 -0.012548 -0.009372 -0.596938 0.802135
1718924486.004385948 -0.890598 3.655928 -0.008866 -0.012506 -0.009364 -0.596820 0.802223
1718924486.009413242 -0.890145 3.654830 -0.009181 -0.012465 -0.009356 -0.596715 0.802302
1718924486.014391661 -0.889693 3.653737 -0.009485 -0.012440 -0.009347 -0.596617 0.802375
1718924486.019480467 -0.889227 3.652618 -0.009789 -0.012429 -0.009342 -0.596540 0.802433
1718924486.024466515 -0.888768 3.651524 -0.010082 -0.012428 -0.009334 -0.596479 0.802478
1718924486.029377460 -0.888312 3.650451 -0.010373 -0.012429 -0.009320 -0.596431 0.802514
1718924486.034395695 -0.887843 3.649358 -0.010673 -0.012430 -0.009305 -0.596397 0.802539
1718924486.039389372 -0.887371 3.648274 -0.010976 -0.012435 -0.009285 -0.596375 0.802556
1718924486.044381380 -0.886894 3.647192 -0.011285 -0.012440 -0.009268 -0.596370 0.802559
1718924486.049386740 -0.886411 3.646109 -0.011597 -0.012459 -0.009240 -0.596388 0.802547
1718924486.054415941 -0.885920 3.645021 -0.011911 -0.012501 -0.009190 -0.596421 0.802522
1718924486.059398651 -0.885427 3.643945 -0.012224 -0.012556 -0.009128 -0.596469 0.802486
1718924486.064418793 -0.884924 3.642860 -0.012540 -0.012616 -0.009064 -0.596531 0.802440
1718924486.069467545 -0.884409 3.641768 -0.012858 -0.012680 -0.008995 -0.596605 0.802384
1718924486.074379921 -0.883901 3.640705 -0.013169 -0.012760 -0.008918 -0.596690 0.802321
1718924486.079422712 -0.883371 3.639614 -0.013491 -0.012833 -0.008833 -0.596791 0.802246
1718924486.084428072 -0.882835 3.638533 -0.013815 -0.012883 -0.008760 -0.596893 0.802169
1718924486.089422941 -0.882289 3.637457 -0.014143 -0.012914 -0.008707 -0.596997 0.802092
1718924486.094425440 -0.881731 3.636381 -0.014473 -0.012944 -0.008646 -0.597103 0.802014
1718924486.099422216 -0.881165 3.635305 -0.014801 -0.012989 -0.008584 -0.597206 0.801937
1718924486.099996328 -0.881100 3.635182 -0.014838 -0.012996 -0.008577 -0.597217 0.801928
1718924486.099996328 -0.881100 3.635182 -0.014838 -0.012996 -0.008577 -0.597217 0.801928
1718924486.104427814 -0.880589 3.634230 -0.015123 -0.013039 -0.008529 -0.597308 0.801861
1718924486.109415293 -0.880007 3.633161 -0.015431 -0.013059 -0.008497 -0.597414 0.801782
1718924486.114480734 -0.879409 3.632078 -0.015723 -0.013057 -0.008495 -0.597537 0.801690
1718924486.199999332 -0.869199 3.612755 -0.019729 -0.012388 -0.008528 -0.607934 0.793845
1718924486.199999332 -0.869199 3.612755 -0.019729 -0.012388 -0.008528 -0.607934 0.793845
1718924486.224387646 -0.866277 3.606841 -0.020542 -0.012263 -0.008584 -0.610899 0.791567
1718924486.229409218 -0.865673 3.605603 -0.020695 -0.012245 -0.008611 -0.611505 0.791099
1718924486.234440088 -0.865067 3.604355 -0.020850 -0.012293 -0.008622 -0.612097 0.790640
1718924486.239386559 -0.864477 3.603122 -0.021005 -0.012398 -0.008583 -0.612681 0.790187
1718924486.244415998 -0.863882 3.601866 -0.021170 -0.012529 -0.008490 -0.613271 0.789728
1718924486.249394894 -0.863296 3.600623 -0.021342 -0.012639 -0.008375 -0.613849 0.789278
1718924486.254394054 -0.862707 3.599373 -0.021518 -0.012725 -0.008237 -0.614423 0.788831
1718924486.259386539 -0.862119 3.598119 -0.021689 -0.012813 -0.008080 -0.614987 0.788392
1718924486.264387608 -0.861528 3.596854 -0.021850 -0.012911 -0.007933 -0.615535 0.787964
1718924486.269395113 -0.860933 3.595580 -0.022000 -0.013006 -0.007822 -0.616071 0.787545
1718924486.274411201 -0.860332 3.594302 -0.022145 -0.013090 -0.007744 -0.616591 0.787137
1718924486.279382229 -0.859731 3.593034 -0.022287 -0.013180 -0.007694 -0.617094 0.786741
1718924486.284423590 -0.859118 3.591747 -0.022435 -0.013273 -0.007661 -0.617600 0.786343
1718924486.289380550 -0.858514 3.590479 -0.022589 -0.013355 -0.007647 -0.618094 0.785954
1718924486.294423580 -0.857901 3.589187 -0.022758 -0.013436 -0.007615 -0.618596 0.785557
1718924486.299371004 -0.857304 3.587917 -0.022932 -0.013541 -0.007513 -0.619086 0.785171
1718924486.299975157 -0.857231 3.587762 -0.022954 -0.013559 -0.007493 -0.619144 0.785124
1718924486.299975157 -0.857231 3.587762 -0.022954 -0.013559 -0.007493 -0.619144 0.785124
1718924486.304418564 -0.856698 3.586621 -0.023112 -0.013687 -0.007344 -0.619574 0.784784
1718924486.309392691 -0.856104 3.585340 -0.023281 -0.013877 -0.007145 -0.620067 0.784394
1718924486.314389706 -0.855509 3.584045 -0.023437 -0.014134 -0.006924 -0.620571 0.783992
1718924486.369384289 -0.848810 3.569724 -0.024085 -0.014563 -0.007183 -0.626309 0.779406
1718924486.394417286 -0.845647 3.563289 -0.024171 -0.015072 -0.007089 -0.628709 0.777462
1718924486.399381161 -0.845009 3.562035 -0.024250 -0.015090 -0.007089 -0.629191 0.777072
1718924486.400006294 -0.844928 3.561877 -0.024262 -0.015084 -0.007095 -0.629255 0.777020
1718924486.400006294 -0.844928 3.561877 -0.024262 -0.015084 -0.007095 -0.629255 0.777020
1718924486.404375553 -0.844362 3.560777 -0.024360 -0.015050 -0.007147 -0.629705 0.776656
1718924486.409422398 -0.843705 3.559510 -0.024484 -0.014958 -0.007238 -0.630268 0.776200
1718924486.414436102 -0.843054 3.558253 -0.024605 -0.014852 -0.007319 -0.630860 0.775720
1718924486.419438839 -0.842407 3.556997 -0.024712 -0.014780 -0.007364 -0.631456 0.775236
1718924486.424448013 -0.841762 3.555734 -0.024794 -0.014803 -0.007344 -0.632043 0.774757
1718924486.429457426 -0.841120 3.554466 -0.024847 -0.014948 -0.007258 -0.632605 0.774297
1718924486.434384108 -0.840493 3.553219 -0.024876 -0.015166 -0.007131 -0.633160 0.773840
1718924486.439386845 -0.839855 3.551960 -0.024890 -0.015390 -0.007009 -0.633735 0.773365
1718924486.444426060 -0.839206 3.550699 -0.024893 -0.015586 -0.006925 -0.634339 0.772867
1718924486.449382067 -0.838567 3.549464 -0.024889 -0.015767 -0.006871 -0.634973 0.772343
1718924486.454380989 -0.837922 3.548221 -0.024889 -0.015926 -0.006834 -0.635663 0.771772
1718924486.459376574 -0.837271 3.546980 -0.024900 -0.016043 -0.006805 -0.636386 0.771174
1718924486.464381695 -0.836615 3.545740 -0.024925 -0.016166 -0.006744 -0.637135 0.770553
1718924486.469377279 -0.835958 3.544502 -0.024962 -0.016270 -0.006652 -0.637898 0.769920
1718924486.474420309 -0.835297 3.543250 -0.025008 -0.016335 -0.006554 -0.638689 0.769264
1718924486.479377031 -0.834650 3.542015 -0.025056 -0.016348 -0.006452 -0.639482 0.768605
1718924486.484380960 -0.834000 3.540766 -0.025105 -0.016312 -0.006341 -0.640290 0.767934
1718924486.489369154 -0.833355 3.539517 -0.025150 -0.016257 -0.006219 -0.641091 0.767267
1718924486.494384527 -0.832706 3.538256 -0.025182 -0.016222 -0.006082 -0.641894 0.766598
1718924486.499368668 -0.832058 3.537002 -0.025195 -0.016228 -0.005926 -0.642680 0.765940
1718924486.499994278 -0.831976 3.536845 -0.025196 -0.016230 -0.005904 -0.642779 0.765857
1718924486.499994278 -0.831976 3.536845 -0.025196 -0.016230 -0.005904 -0.642779 0.765857
1718924486.504384041 -0.831400 3.535748 -0.025196 -0.016243 -0.005745 -0.643471 0.765277
1718924486.509371519 -0.830740 3.534505 -0.025196 -0.016265 -0.005546 -0.644252 0.764620
1718924486.514399052 -0.830061 3.533253 -0.025205 -0.016244 -0.005369 -0.645030 0.763965
1718924486.569401026 -0.823512 3.519738 -0.025635 -0.017277 -0.004604 -0.652628 0.757468
1718924486.589385986 -0.821365 3.515014 -0.025962 -0.016488 -0.004691 -0.655611 0.754904
1718924486.594375134 -0.820806 3.513868 -0.026070 -0.016164 -0.004840 -0.656381 0.754241
1718924486.599378586 -0.820274 3.512727 -0.026171 -0.015965 -0.004932 -0.657170 0.753557
1718924486.599991322 -0.820212 3.512587 -0.026182 -0.015955 -0.004931 -0.657269 0.753471
1718924486.599991322 -0.820212 3.512587 -0.026182 -0.015955 -0.004931 -0.657269 0.753471
1718924486.604415178 -0.819778 3.511575 -0.026261 -0.015906 -0.004933 -0.657987 0.752845
1718924486.609369516 -0.819317 3.510443 -0.026336 -0.015940 -0.004882 -0.658789 0.752143
1718924486.614405155 -0.818865 3.509302 -0.026399 -0.015970 -0.004825 -0.659609 0.751424
1718924486.619384050 -0.818436 3.508184 -0.026439 -0.016040 -0.004702 -0.660431 0.750700
1718924486.624391556 -0.818025 3.507067 -0.026457 -0.016172 -0.004522 -0.661268 0.749962
1718924486.629389048 -0.817626 3.505956 -0.026470 -0.016259 -0.004358 -0.662100 0.749226
1718924486.634371042 -0.817230 3.504856 -0.026490 -0.016265 -0.004239 -0.662933 0.748490
1718924486.639379501 -0.816842 3.503763 -0.026516 -0.016229 -0.004115 -0.663783 0.747738
1718924486.644372702 -0.816471 3.502682 -0.026539 -0.016187 -0.003950 -0.664655 0.746965
1718924486.649373293 -0.816119 3.501600 -0.026552 -0.016169 -0.003783 -0.665525 0.746191
1718924486.654423714 -0.815777 3.500503 -0.026563 -0.016114 -0.003694 -0.666413 0.745399
1718924486.659375668 -0.815451 3.499423 -0.026573 -0.016044 -0.003688 -0.667308 0.744600
1718924486.664371490 -0.815141 3.498333 -0.026581 -0.016031 -0.003674 -0.668239 0.743765
1718924486.669397116 -0.814853 3.497238 -0.026596 -0.016081 -0.003594 -0.669196 0.742904
1718924486.674432039 -0.814584 3.496140 -0.026625 -0.016154 -0.003467 -0.670159 0.742034
1718924486.679378986 -0.814334 3.495058 -0.026665 -0.016213 -0.003348 -0.671125 0.741159
1718924486.684373140 -0.814093 3.493965 -0.026716 -0.016263 -0.003264 -0.672136 0.740242
1718924486.689368248 -0.813867 3.492873 -0.026777 -0.016273 -0.003223 -0.673197 0.739277
1718924486.694371939 -0.813657 3.491784 -0.026855 -0.016262 -0.003204 -0.674294 0.738277
1718924486.699368477 -0.813464 3.490701 -0.026957 -0.016245 -0.003193 -0.675404 0.737263
1718924486.699907064 -0.813444 3.490584 -0.026970 -0.016241 -0.003194 -0.675527 0.737150
1718924486.699907064 -0.813444 3.490584 -0.026970 -0.016241 -0.003194 -0.675527 0.737150
1718924486.704413176 -0.813291 3.489610 -0.027083 -0.016201 -0.003191 -0.676554 0.736208
1718924486.709367514 -0.813143 3.488537 -0.027220 -0.016186 -0.003173 -0.677728 0.735128
1718924486.714380980 -0.813019 3.487452 -0.027370 -0.016236 -0.003082 -0.678954 0.733995
1718924486.719375610 -0.812916 3.486374 -0.027537 -0.016291 -0.002937 -0.680206 0.732834
1718924486.789378405 -0.815103 3.469333 -0.033805 -0.001065 -0.007014 -0.694411 0.719543
1718924486.794443846 -0.815540 3.467949 -0.034561 0.000036 -0.007176 -0.695358 0.718627
1718924486.799454927 -0.816006 3.466576 -0.035376 0.001277 -0.007334 -0.696247 0.717763
1718924486.799961090 -0.816054 3.466437 -0.035462 0.001420 -0.007363 -0.696333 0.717680
1718924486.799961090 -0.816054 3.466437 -0.035462 0.001420 -0.007363 -0.696333 0.717680
1718924486.804384947 -0.816482 3.465221 -0.036239 0.002642 -0.007626 -0.697076 0.716952
1718924486.809373379 -0.816970 3.463823 -0.037068 0.003704 -0.007991 -0.697809 0.716230
1718924486.814374924 -0.817447 3.462372 -0.037705 0.004066 -0.008288 -0.698379 0.715669
1718924486.819425583 -0.817884 3.460873 -0.038097 0.003806 -0.008573 -0.698812 0.715244
1718924486.824380159 -0.818236 3.459406 -0.038315 0.003544 -0.009059 -0.699154 0.714905
1718924486.829365015 -0.818509 3.457953 -0.038481 0.003602 -0.009845 -0.699480 0.714575
1718924486.834420443 -0.818738 3.456496 -0.038661 0.003861 -0.010773 -0.699830 0.714218
1718924486.839410782 -0.818962 3.455066 -0.038854 0.004105 -0.011646 -0.700184 0.713856
1718924486.844374418 -0.819217 3.453660 -0.039036 0.004133 -0.012314 -0.700587 0.713449
1718924486.849420309 -0.819532 3.452257 -0.039197 0.003866 -0.012687 -0.701075 0.712964
1718924486.854432821 -0.819905 3.450893 -0.039353 0.003379 -0.012717 -0.701686 0.712365
1718924486.859369040 -0.820309 3.449584 -0.039534 0.002971 -0.012601 -0.702406 0.711659
1718924486.864361048 -0.820738 3.448289 -0.039737 0.002709 -0.012420 -0.703235 0.710844
1718924486.869371414 -0.821188 3.447012 -0.039948 0.002553 -0.012254 -0.704167 0.709924
1718924486.874366999 -0.821670 3.445760 -0.040150 0.002413 -0.012101 -0.705227 0.708874
1718924486.879372120 -0.822194 3.444534 -0.040326 0.002113 -0.011900 -0.706419 0.707690
1718924486.884406090 -0.822737 3.443333 -0.040499 0.001723 -0.011725 -0.707735 0.706378
1718924486.889364481 -0.823249 3.442176 -0.040687 0.001419 -0.011682 -0.709087 0.705023
1718924486.894405842 -0.823736 3.441016 -0.040877 0.001146 -0.011747 -0.710497 0.703601
1718924486.899397135 -0.824209 3.439884 -0.041053 0.000838 -0.011858 -0.711931 0.702149
1718924486.900030136 -0.824270 3.439741 -0.041074 0.000793 -0.011865 -0.712118 0.701959
1718924486.900030136 -0.824270 3.439741 -0.041074 0.000793 -0.011865 -0.712118 0.701959
1718924486.904400826 -0.824685 3.438771 -0.041253 0.000481 -0.011909 -0.713408 0.700647
1718924486.909368992 -0.825150 3.437686 -0.041480 0.000237 -0.011998 -0.714889 0.699135
1718924486.914369106 -0.825592 3.436608 -0.041722 0.000172 -0.012187 -0.716381 0.697603
1718924486.954411030 -0.827742 3.427868 -0.044132 -0.001328 -0.010623 -0.726612 0.686965
1718924486.959414482 -0.827918 3.426716 -0.044409 -0.001613 -0.010303 -0.727835 0.685673
1718924486.964369774 -0.828104 3.425562 -0.044695 -0.002215 -0.009762 -0.728987 0.684454
1718924486.969367743 -0.828308 3.424386 -0.045021 -0.002911 -0.009092 -0.730050 0.683327
1718924486.974365950 -0.828489 3.423203 -0.045407 -0.003373 -0.008564 -0.731007 0.682307
1718924486.979426384 -0.828615 3.422007 -0.045863 -0.003437 -0.008341 -0.731860 0.681395
1718924486.984371901 -0.828686 3.420841 -0.046348 -0.003253 -0.008290 -0.732580 0.680623
1718924486.989400148 -0.828732 3.419649 -0.046845 -0.003070 -0.008198 -0.733226 0.679929
1718924486.994395733 -0.828752 3.418456 -0.047319 -0.002955 -0.008091 -0.733789 0.679323
1718924486.999399662 -0.828734 3.417250 -0.047776 -0.002813 -0.008084 -0.734273 0.678801
1718924487.004401207 -0.828671 3.416037 -0.048228 -0.002586 -0.008243 -0.734679 0.678360
1718924487.009400368 -0.828572 3.414820 -0.048676 -0.002296 -0.008557 -0.735024 0.677983
1718924487.014413595 -0.828447 3.413598 -0.049120 -0.001953 -0.008966 -0.735338 0.677638
1718924487.019381046 -0.828305 3.412390 -0.049552 -0.001541 -0.009415 -0.735657 0.677287
1718924487.024369717 -0.828146 3.411186 -0.049972 -0.001081 -0.009881 -0.736004 0.676904
1718924487.029372454 -0.827973 3.409990 -0.050380 -0.000581 -0.010334 -0.736365 0.676506
1718924487.034363031 -0.827786 3.408805 -0.050785 0.000011 -0.010837 -0.736742 0.676087
1718924487.039352655 -0.827586 3.407623 -0.051195 0.000673 -0.011373 -0.737149 0.675634
1718924487.044408321 -0.827377 3.406427 -0.051621 0.001344 -0.011874 -0.737612 0.675119
1718924487.049409389 -0.827175 3.405248 -0.052052 0.001927 -0.012247 -0.738123 0.674552
1718924487.054389715 -0.826981 3.404076 -0.052491 0.002475 -0.012520 -0.738693 0.673922
1718924487.059365988 -0.826789 3.402904 -0.052944 0.003021 -0.012740 -0.739312 0.673236
1718924487.064402819 -0.826600 3.401717 -0.053412 0.003568 -0.012940 -0.739995 0.672478
1718924487.069383383 -0.826427 3.400539 -0.053885 0.004089 -0.013134 -0.740730 0.671662
1718924487.074402571 -0.826267 3.399348 -0.054376 0.004586 -0.013346 -0.741524 0.670778
1718924487.079397917 -0.826115 3.398155 -0.054880 0.005057 -0.013542 -0.742351 0.669855
1718924487.084392309 -0.825963 3.396952 -0.055394 0.005490 -0.013700 -0.743197 0.668910
1718924487.089397192 -0.825804 3.395733 -0.055916 0.005869 -0.013822 -0.744066 0.667937
1718924487.094403744 -0.825637 3.394500 -0.056446 0.006192 -0.013934 -0.744934 0.666964
1718924487.099398136 -0.825456 3.393254 -0.056986 0.006471 -0.014099 -0.745788 0.666003
1718924487.099961281 -0.825434 3.393112 -0.057048 0.006495 -0.014125 -0.745881 0.665897
1718924487.099961281 -0.825434 3.393112 -0.057048 0.006495 -0.014125 -0.745881 0.665897
1718924487.104401588 -0.825259 3.391996 -0.057539 0.006708 -0.014325 -0.746618 0.665065
1718924487.109396696 -0.825046 3.390724 -0.058089 0.006846 -0.014535 -0.747424 0.664153
1718924487.114368677 -0.824815 3.389441 -0.058627 0.006853 -0.014669 -0.748184 0.663293
1718924487.199372292 -0.819257 3.366560 -0.060710 0.005591 -0.014019 -0.758747 0.651210
1718924487.199989319 -0.819205 3.366391 -0.060671 0.005589 -0.014007 -0.758816 0.651130
1718924487.199989319 -0.819205 3.366391 -0.060671 0.005589 -0.014007 -0.758816 0.651130
1718924487.204359055 -0.818848 3.365193 -0.060381 0.005546 -0.013921 -0.759302 0.650566
1718924487.209363461 -0.818458 3.363817 -0.060004 0.005534 -0.013821 -0.759820 0.649963
1718924487.214358807 -0.818087 3.362434 -0.059596 0.005564 -0.013818 -0.760273 0.649432
1718924487.219375849 -0.817732 3.361040 -0.059173 0.005643 -0.013918 -0.760658 0.648979
1718924487.224420547 -0.817400 3.359637 -0.058738 0.005695 -0.014032 -0.760971 0.648609
1718924487.229452133 -0.817099 3.358239 -0.058293 0.005678 -0.014112 -0.761215 0.648322
1718924487.234376431 -0.816830 3.356870 -0.057848 0.005605 -0.014164 -0.761381 0.648126
1718924487.239365101 -0.816568 3.355483 -0.057393 0.005506 -0.014218 -0.761489 0.647999
1718924487.244362831 -0.816313 3.354092 -0.056932 0.005384 -0.014273 -0.761546 0.647932
1718924487.249376774 -0.816068 3.352696 -0.056459 0.005223 -0.014307 -0.761563 0.647912
1718924487.254383087 -0.815839 3.351303 -0.055977 0.005010 -0.014303 -0.761538 0.647944
1718924487.259368896 -0.815623 3.349915 -0.055494 0.004769 -0.014288 -0.761461 0.648036
1718924487.264413357 -0.815413 3.348510 -0.055005 0.004522 -0.014274 -0.761321 0.648202
1718924487.269426346 -0.815211 3.347114 -0.054522 0.004296 -0.014286 -0.761134 0.648424
1718924487.274395227 -0.815013 3.345734 -0.054044 0.004089 -0.014340 -0.760900 0.648698
1718924487.279357433 -0.814814 3.344358 -0.053562 0.003885 -0.014434 -0.760619 0.649026
1718924487.284350395 -0.814609 3.342974 -0.053070 0.003696 -0.014554 -0.760300 0.649398
1718924487.289356947 -0.814404 3.341588 -0.052565 0.003499 -0.014680 -0.759949 0.649807
1718924487.294357061 -0.814203 3.340210 -0.052047 0.003264 -0.014782 -0.759585 0.650232
1718924487.299394608 -0.814006 3.338827 -0.051517 0.002998 -0.014844 -0.759204 0.650677
1718924487.299973249 -0.813983 3.338669 -0.051455 0.002967 -0.014844 -0.759160 0.650728
1718924487.299973249 -0.813983 3.338669 -0.051455 0.002967 -0.014844 -0.759160 0.650728
1718924487.304399252 -0.813807 3.337467 -0.050980 0.002743 -0.014847 -0.758824 0.651120
1718924487.309353352 -0.813607 3.336125 -0.050442 0.002503 -0.014821 -0.758448 0.651560
1718924487.314356327 -0.813400 3.334777 -0.049901 0.002299 -0.014780 -0.758086 0.651983
1718924487.369359255 -0.811478 3.320020 -0.044310 -0.000720 -0.013654 -0.757216 0.653022
1718924487.374397039 -0.811329 3.318681 -0.043810 -0.000936 -0.013566 -0.757146 0.653105
1718924487.379383087 -0.811180 3.317358 -0.043321 -0.001121 -0.013493 -0.757086 0.653175
1718924487.384370804 -0.811029 3.316034 -0.042839 -0.001278 -0.013433 -0.757046 0.653223
1718924487.389359713 -0.810877 3.314715 -0.042361 -0.001426 -0.013365 -0.757022 0.653251
1718924487.394362211 -0.810723 3.313395 -0.041886 -0.001559 -0.013298 -0.757014 0.653262
1718924487.399397612 -0.810563 3.312069 -0.041408 -0.001678 -0.013241 -0.757007 0.653270
1718924487.399988174 -0.810544 3.311913 -0.041352 -0.001690 -0.013237 -0.757005 0.653272
1718924487.399988174 -0.810544 3.311913 -0.041352 -0.001690 -0.013237 -0.757005 0.653272
1718924487.404398441 -0.810396 3.310754 -0.040946 -0.001806 -0.013194 -0.756992 0.653288
1718924487.409395456 -0.810220 3.309440 -0.040484 -0.001919 -0.013165 -0.756964 0.653321
1718924487.414360762 -0.810037 3.308131 -0.040026 -0.001981 -0.013167 -0.756923 0.653368
1718924487.419419527 -0.809841 3.306799 -0.039565 -0.001991 -0.013198 -0.756884 0.653413
1718924487.424367666 -0.809645 3.305500 -0.039122 -0.001971 -0.013225 -0.756831 0.653474
1718924487.429365635 -0.809446 3.304191 -0.038686 -0.001933 -0.013236 -0.756757 0.653559
1718924487.434406996 -0.809246 3.302871 -0.038254 -0.001904 -0.013234 -0.756666 0.653664
1718924487.439364672 -0.809055 3.301573 -0.037827 -0.001919 -0.013193 -0.756565 0.653782
1718924487.444403648 -0.808872 3.300254 -0.037388 -0.001983 -0.013124 -0.756447 0.653921
1718924487.449365377 -0.808701 3.298959 -0.036951 -0.002057 -0.013061 -0.756322 0.654066
1718924487.454401731 -0.808535 3.297647 -0.036499 -0.002123 -0.013015 -0.756197 0.654211
1718924487.459401608 -0.808379 3.296348 -0.036040 -0.002196 -0.012971 -0.756068 0.654361
1718924487.464355707 -0.808236 3.295068 -0.035570 -0.002297 -0.012919 -0.755944 0.654504
1718924487.469365597 -0.808103 3.293781 -0.035077 -0.002426 -0.012859 -0.755825 0.654643
1718924487.474344254 -0.807981 3.292510 -0.034569 -0.002578 -0.012803 -0.755712 0.654774
1718924487.479393005 -0.807866 3.291229 -0.034036 -0.002758 -0.012756 -0.755603 0.654900
1718924487.484349251 -0.807759 3.289978 -0.033502 -0.002964 -0.012719 -0.755502 0.655017
1718924487.489352942 -0.807652 3.288719 -0.032967 -0.003162 -0.012694 -0.755403 0.655130
1718924487.494397402 -0.807542 3.287451 -0.032444 -0.003322 -0.012685 -0.755311 0.655235
1718924487.499354124 -0.807432 3.286210 -0.031961 -0.003422 -0.012690 -0.755226 0.655333
1718924487.499997139 -0.807417 3.286050 -0.031901 -0.003426 -0.012692 -0.755216 0.655344
1718924487.499997139 -0.807417 3.286050 -0.031901 -0.003426 -0.012692 -0.755216 0.655344
1718924487.504390478 -0.807321 3.284958 -0.031506 -0.003439 -0.012705 -0.755152 0.655418
1718924487.509353638 -0.807215 3.283726 -0.031088 -0.003423 -0.012720 -0.755080 0.655500
1718924487.514417410 -0.807111 3.282467 -0.030679 -0.003411 -0.012737 -0.755006 0.655585
1718924487.559402704 -0.806464 3.271216 -0.027872 -0.002694 -0.013253 -0.754000 0.656735
1718924487.564395905 -0.806410 3.269965 -0.027627 -0.002555 -0.013269 -0.753879 0.656874
1718924487.569394588 -0.806365 3.268712 -0.027383 -0.002452 -0.013224 -0.753742 0.657033
1718924487.574420214 -0.806328 3.267453 -0.027130 -0.002394 -0.013146 -0.753599 0.657198
1718924487.579361439 -0.806299 3.266214 -0.026869 -0.002371 -0.013070 -0.753465 0.657354
1718924487.584392309 -0.806280 3.264952 -0.026591 -0.002382 -0.013010 -0.753336 0.657502
1718924487.589356422 -0.806270 3.263707 -0.026303 -0.002407 -0.012976 -0.753215 0.657642
1718924487.594349146 -0.806269 3.262455 -0.026004 -0.002435 -0.012973 -0.753105 0.657767
1718924487.599353552 -0.806275 3.261201 -0.025698 -0.002461 -0.012983 -0.753009 0.657877
1718924487.599993229 -0.806276 3.261041 -0.025658 -0.002463 -0.012985 -0.752999 0.657889
1718924487.599993229 -0.806276 3.261041 -0.025658 -0.002463 -0.012985 -0.752999 0.657889
1718924487.604348421 -0.806283 3.259947 -0.025396 -0.002495 -0.012988 -0.752930 0.657968
1718924487.609335423 -0.806296 3.258693 -0.025091 -0.002525 -0.012982 -0.752866 0.658041
1718924487.614411831 -0.806316 3.257414 -0.024770 -0.002559 -0.012958 -0.752808 0.658108
1718924487.619381428 -0.806340 3.256157 -0.024444 -0.002613 -0.012909 -0.752752 0.658172
1718924487.624363422 -0.806366 3.254894 -0.024106 -0.002686 -0.012854 -0.752700 0.658233
1718924487.629398584 -0.806391 3.253614 -0.023759 -0.002764 -0.012808 -0.752646 0.658295
1718924487.634427309 -0.806413 3.252331 -0.023416 -0.002840 -0.012796 -0.752589 0.658360
1718924487.639399052 -0.806429 3.251061 -0.023093 -0.002910 -0.012816 -0.752516 0.658443
1718924487.644406557 -0.806437 3.249778 -0.022791 -0.002954 -0.012870 -0.752427 0.658543
1718924487.649360180 -0.806439 3.248505 -0.022519 -0.002975 -0.012945 -0.752338 0.658643
1718924487.654358625 -0.806436 3.247217 -0.022265 -0.002984 -0.013017 -0.752250 0.658743
1718924487.659395695 -0.806431 3.245916 -0.022025 -0.002978 -0.013090 -0.752168 0.658834
1718924487.664348125 -0.806426 3.244632 -0.021792 -0.002951 -0.013166 -0.752081 0.658933
1718924487.669349909 -0.806422 3.243331 -0.021548 -0.002926 -0.013235 -0.751983 0.659043
1718924487.674433231 -0.806422 3.242004 -0.021281 -0.002909 -0.013298 -0.751872 0.659169
1718924487.679382563 -0.806424 3.240706 -0.020999 -0.002894 -0.013369 -0.751758 0.659297
1718924487.684390545 -0.806431 3.239390 -0.020691 -0.002894 -0.013440 -0.751635 0.659436
1718924487.689352989 -0.806442 3.238082 -0.020369 -0.002927 -0.013490 -0.751506 0.659582
1718924487.694387913 -0.806456 3.236753 -0.020031 -0.002985 -0.013524 -0.751369 0.659737
1718924487.699346304 -0.806469 3.235444 -0.019696 -0.003049 -0.013560 -0.751221 0.659904
1718924487.699899912 -0.806470 3.235298 -0.019658 -0.003054 -0.013567 -0.751203 0.659925
1718924487.699899912 -0.806470 3.235298 -0.019658 -0.003054 -0.013567 -0.751203 0.659925
1718924487.704381704 -0.806474 3.234118 -0.019363 -0.003085 -0.013631 -0.751056 0.660091
1718924487.709383726 -0.806473 3.232800 -0.019044 -0.003126 -0.013720 -0.750883 0.660285
1718924487.714393854 -0.806469 3.231480 -0.018742 -0.003172 -0.013790 -0.750706 0.660485
1718924487.719411373 -0.806462 3.230160 -0.018456 -0.003221 -0.013822 -0.750531 0.660683
1718924487.759347916 -0.806471 3.219651 -0.016254 -0.003857 -0.014028 -0.750104 0.661160
1718924487.764352083 -0.806469 3.218332 -0.015955 -0.003882 -0.014073 -0.750061 0.661207
1718924487.769348145 -0.806469 3.217017 -0.015667 -0.003907 -0.014108 -0.750027 0.661246
1718924487.774359703 -0.806469 3.215700 -0.015392 -0.003927 -0.014131 -0.749991 0.661286
1718924487.779367685 -0.806469 3.214385 -0.015130 -0.003957 -0.014144 -0.749942 0.661340
1718924487.784352303 -0.806467 3.213078 -0.014877 -0.003996 -0.014161 -0.749887 0.661402
1718924487.789350033 -0.806466 3.211764 -0.014629 -0.004037 -0.014178 -0.749826 0.661471
1718924487.794390202 -0.806466 3.210437 -0.014381 -0.004086 -0.014196 -0.749762 0.661543
1718924487.799336195 -0.806467 3.209134 -0.014139 -0.004145 -0.014221 -0.749691 0.661622
1718924487.799983263 -0.806467 3.208964 -0.014107 -0.004153 -0.014225 -0.749679 0.661636
1718924487.799983263 -0.806467 3.208964 -0.014107 -0.004153 -0.014225 -0.749679 0.661636
1718924487.804338932 -0.806467 3.207817 -0.013904 -0.004226 -0.014246 -0.749599 0.661725
1718924487.809344292 -0.806468 3.206499 -0.013671 -0.004319 -0.014271 -0.749503 0.661833
1718924487.814348936 -0.806470 3.205179 -0.013440 -0.004423 -0.014289 -0.749402 0.661947
1718924487.819376230 -0.806473 3.203853 -0.013210 -0.004530 -0.014314 -0.749293 0.662068
1718924487.824365139 -0.806478 3.202537 -0.012983 -0.004632 -0.014339 -0.749188 0.662186
1718924487.829360485 -0.806485 3.201219 -0.012756 -0.004737 -0.014351 -0.749088 0.662298
1718924487.834359884 -0.806495 3.199898 -0.012527 -0.004839 -0.014350 -0.748990 0.662408
1718924487.839348078 -0.806506 3.198578 -0.012293 -0.004948 -0.014341 -0.748898 0.662512
1718924487.844347000 -0.806519 3.197254 -0.012051 -0.005058 -0.014330 -0.748807 0.662614
1718924487.849359512 -0.806532 3.195924 -0.011802 -0.005162 -0.014320 -0.748721 0.662710
1718924487.854345322 -0.806542 3.194597 -0.011553 -0.005244 -0.014320 -0.748631 0.662812
1718924487.859349489 -0.806549 3.193260 -0.011311 -0.005279 -0.014343 -0.748537 0.662917
1718924487.864396811 -0.806554 3.191907 -0.011083 -0.005263 -0.014372 -0.748447 0.663018
1718924487.869423151 -0.806561 3.190558 -0.010878 -0.005212 -0.014403 -0.748358 0.663118
1718924487.874356508 -0.806572 3.189231 -0.010697 -0.005154 -0.014424 -0.748276 0.663211
1718924487.879352570 -0.806588 3.187885 -0.010527 -0.005095 -0.014432 -0.748195 0.663302
1718924487.884385586 -0.806610 3.186526 -0.010361 -0.005054 -0.014428 -0.748108 0.663401
1718924487.889392138 -0.806641 3.185173 -0.010191 -0.005048 -0.014423 -0.748021 0.663499
1718924487.894390345 -0.806681 3.183818 -0.010010 -0.005071 -0.014416 -0.747939 0.663592
1718924487.899372101 -0.806730 3.182465 -0.009820 -0.005111 -0.014422 -0.747860 0.663680
1718924487.900009155 -0.806737 3.182291 -0.009794 -0.005113 -0.014426 -0.747850 0.663692
1718924487.900009155 -0.806737 3.182291 -0.009794 -0.005113 -0.014426 -0.747850 0.663692
1718924487.904344320 -0.806784 3.181113 -0.009621 -0.005122 -0.014456 -0.747779 0.663771
1718924487.909346581 -0.806845 3.179752 -0.009417 -0.005112 -0.014500 -0.747700 0.663858
1718924487.914353371 -0.806913 3.178389 -0.009210 -0.005084 -0.014539 -0.747634 0.663932
1718924487.964352608 -0.807021 3.164763 -0.007428 -0.006531 -0.014434 -0.746873 0.664778
1718924487.969354153 -0.806971 3.163400 -0.007255 -0.006554 -0.014455 -0.746790 0.664870
1718924487.974370241 -0.806908 3.162035 -0.007102 -0.006519 -0.014488 -0.746704 0.664967
1718924487.979359627 -0.806833 3.160680 -0.006977 -0.006436 -0.014531 -0.746614 0.665067
1718924487.984337807 -0.806749 3.159330 -0.006879 -0.006332 -0.014572 -0.746522 0.665171
1718924487.989343166 -0.806657 3.157975 -0.006801 -0.006223 -0.014609 -0.746426 0.665279
1718924487.994343519 -0.806562 3.156622 -0.006734 -0.006128 -0.014644 -0.746326 0.665391
1718924487.999330282 -0.806465 3.155274 -0.006665 -0.006050 -0.014674 -0.746229 0.665500
1718924488.004336834 -0.806367 3.153920 -0.006586 -0.005997 -0.014707 -0.746120 0.665622
1718924488.009339809 -0.806272 3.152568 -0.006493 -0.005959 -0.014759 -0.746004 0.665751
1718924488.014348269 -0.806180 3.151215 -0.006388 -0.005928 -0.014834 -0.745880 0.665889
1718924488.019351006 -0.806091 3.149867 -0.006279 -0.005897 -0.014925 -0.745742 0.666042
1718924488.024350405 -0.806009 3.148522 -0.006174 -0.005884 -0.015027 -0.745600 0.666199
1718924488.029341221 -0.805935 3.147181 -0.006082 -0.005891 -0.015112 -0.745459 0.666354
1718924488.034355164 -0.805870 3.145838 -0.006009 -0.005923 -0.015175 -0.745315 0.666513
1718924488.039336443 -0.805812 3.144507 -0.005955 -0.005957 -0.015241 -0.745164 0.666680
1718924488.044343233 -0.805763 3.143171 -0.005916 -0.005989 -0.015324 -0.745020 0.666839
1718924488.049356461 -0.805724 3.141833 -0.005883 -0.006014 -0.015405 -0.744884 0.666989
1718924488.054352522 -0.805697 3.140497 -0.005846 -0.006025 -0.015473 -0.744758 0.667128
1718924488.059353113 -0.805680 3.139157 -0.005794 -0.006026 -0.015510 -0.744645 0.667253
1718924488.064344168 -0.805674 3.137818 -0.005722 -0.006018 -0.015514 -0.744543 0.667367
1718924488.069338083 -0.805679 3.136476 -0.005631 -0.006016 -0.015492 -0.744456 0.667465
1718924488.074345827 -0.805695 3.135130 -0.005523 -0.006022 -0.015445 -0.744395 0.667534
1718924488.079341412 -0.805721 3.133788 -0.005406 -0.006042 -0.015375 -0.744365 0.667568
1718924488.084335327 -0.805754 3.132451 -0.005285 -0.006072 -0.015297 -0.744362 0.667573
1718924488.089340687 -0.805792 3.131115 -0.005164 -0.006115 -0.015220 -0.744391 0.667542
1718924488.094332457 -0.805833 3.129786 -0.005046 -0.006175 -0.015150 -0.744443 0.667486
1718924488.099340200 -0.805876 3.128454 -0.004931 -0.006257 -0.015093 -0.744509 0.667412
1718924488.099963188 -0.805882 3.128289 -0.004916 -0.006269 -0.015087 -0.744520 0.667401
1718924488.099963188 -0.805882 3.128289 -0.004916 -0.006269 -0.015087 -0.744520 0.667401
1718924488.104343891 -0.805909 3.127127 -0.004822 -0.006346 -0.015047 -0.744592 0.667320
1718924488.109381676 -0.805940 3.125790 -0.004711 -0.006447 -0.014994 -0.744686 0.667215
1718924488.114338160 -0.805969 3.124475 -0.004598 -0.006569 -0.014922 -0.744785 0.667105
1718924488.199980259 -0.807416 3.102095 -0.004569 -0.008818 -0.013476 -0.739877 0.672549
1718924488.199980259 -0.807416 3.102095 -0.004569 -0.008818 -0.013476 -0.739877 0.672549
1718924488.204385996 -0.807544 3.100954 -0.004672 -0.008927 -0.013405 -0.739622 0.672830
1718924488.209381819 -0.807693 3.099660 -0.004795 -0.009056 -0.013308 -0.739349 0.673130
1718924488.214383125 -0.807845 3.098365 -0.004916 -0.009176 -0.013207 -0.739093 0.673411
1718924488.219346523 -0.807998 3.097081 -0.005025 -0.009306 -0.013117 -0.738858 0.673669
1718924488.224347830 -0.808158 3.095788 -0.005119 -0.009446 -0.013036 -0.738650 0.673897
1718924488.229368925 -0.808324 3.094491 -0.005202 -0.009584 -0.012952 -0.738474 0.674090
1718924488.234423876 -0.808497 3.093188 -0.005282 -0.009708 -0.012871 -0.738330 0.674247
1718924488.239392281 -0.808673 3.091913 -0.005365 -0.009820 -0.012790 -0.738219 0.674369
1718924488.244347095 -0.808855 3.090643 -0.005456 -0.009944 -0.012693 -0.738130 0.674465
1718924488.249357700 -0.809045 3.089361 -0.005560 -0.010085 -0.012585 -0.738062 0.674540
1718924488.254399061 -0.809239 3.088072 -0.005673 -0.010223 -0.012486 -0.738014 0.674592
1718924488.259350538 -0.809431 3.086808 -0.005789 -0.010352 -0.012414 -0.737989 0.674619
1718924488.264341831 -0.809626 3.085535 -0.005908 -0.010472 -0.012369 -0.737992 0.674615
1718924488.269354820 -0.809826 3.084259 -0.006027 -0.010590 -0.012324 -0.738013 0.674590
1718924488.274340630 -0.810030 3.082993 -0.006143 -0.010713 -0.012281 -0.738039 0.674561
1718924488.279340744 -0.810238 3.081727 -0.006258 -0.010841 -0.012232 -0.738063 0.674534
1718924488.284385681 -0.810449 3.080455 -0.006369 -0.010966 -0.012183 -0.738081 0.674513
1718924488.289380312 -0.810658 3.079200 -0.006472 -0.011110 -0.012116 -0.738101 0.674490
1718924488.294344902 -0.810866 3.077956 -0.006565 -0.011283 -0.012036 -0.738110 0.674478
1718924488.299338341 -0.811072 3.076705 -0.006651 -0.011468 -0.011964 -0.738099 0.674489
1718924488.300006151 -0.811099 3.076538 -0.006662 -0.011487 -0.011959 -0.738094 0.674494
1718924488.300006151 -0.811099 3.076538 -0.006662 -0.011487 -0.011959 -0.738094 0.674494
1718924488.304378510 -0.811269 3.075447 -0.006731 -0.011606 -0.011926 -0.738063 0.674526
1718924488.309342384 -0.811455 3.074211 -0.006817 -0.011691 -0.011913 -0.738015 0.674577
1718924488.314341545 -0.811638 3.072971 -0.006915 -0.011732 -0.011925 -0.737955 0.674642
1718924488.364331245 -0.813425 3.060760 -0.007683 -0.012629 -0.011561 -0.737217 0.675439
1718924488.369341373 -0.813604 3.059559 -0.007714 -0.012709 -0.011521 -0.737158 0.675502
1718924488.374348879 -0.813781 3.058362 -0.007742 -0.012801 -0.011475 -0.737126 0.675537
1718924488.379335165 -0.813956 3.057173 -0.007767 -0.012901 -0.011412 -0.737109 0.675554
1718924488.384332180 -0.814129 3.055981 -0.007793 -0.013018 -0.011344 -0.737099 0.675564
1718924488.389378548 -0.814301 3.054778 -0.007820 -0.013138 -0.011275 -0.737096 0.675566
1718924488.394377470 -0.814467 3.053587 -0.007849 -0.013258 -0.011202 -0.737106 0.675554
1718924488.399377108 -0.814628 3.052395 -0.007884 -0.013354 -0.011134 -0.737120 0.675539
1718924488.399995327 -0.814648 3.052248 -0.007889 -0.013362 -0.011127 -0.737122 0.675536
1718924488.399995327 -0.814648 3.052248 -0.007889 -0.013362 -0.011127 -0.737122 0.675536
1718924488.404375076 -0.814781 3.051204 -0.007938 -0.013425 -0.011075 -0.737137 0.675519
1718924488.409371376 -0.814928 3.050015 -0.008003 -0.013467 -0.011024 -0.737158 0.675496
1718924488.414401054 -0.815072 3.048819 -0.008079 -0.013493 -0.010981 -0.737180 0.675473
1718924488.419366360 -0.815211 3.047641 -0.008161 -0.013520 -0.010935 -0.737195 0.675456
1718924488.424410582 -0.815351 3.046443 -0.008247 -0.013553 -0.010897 -0.737209 0.675441
1718924488.429428339 -0.815489 3.045252 -0.008332 -0.013598 -0.010861 -0.737228 0.675420
1718924488.434390545 -0.815626 3.044074 -0.008413 -0.013649 -0.010838 -0.737250 0.675395
1718924488.439398050 -0.815766 3.042884 -0.008488 -0.013699 -0.010830 -0.737265 0.675378
1718924488.444387674 -0.815906 3.041698 -0.008559 -0.013745 -0.010833 -0.737272 0.675370
1718924488.449394703 -0.816051 3.040507 -0.008628 -0.013789 -0.010839 -0.737277 0.675363
1718924488.454348087 -0.816197 3.039330 -0.008695 -0.013834 -0.010849 -0.737284 0.675354
1718924488.459344625 -0.816348 3.038144 -0.008764 -0.013880 -0.010850 -0.737286 0.675351
1718924488.464386225 -0.816505 3.036949 -0.008835 -0.013928 -0.010855 -0.737278 0.675359
1718924488.469381094 -0.816665 3.035765 -0.008907 -0.013977 -0.010861 -0.737262 0.675375
1718924488.474358797 -0.816828 3.034584 -0.008980 -0.014020 -0.010859 -0.737245 0.675392
1718924488.479393959 -0.816997 3.033390 -0.009052 -0.014061 -0.010861 -0.737217 0.675423
1718924488.484384298 -0.817169 3.032206 -0.009122 -0.014096 -0.010868 -0.737178 0.675464
1718924488.489343882 -0.817343 3.031030 -0.009189 -0.014132 -0.010877 -0.737139 0.675506
1718924488.494382858 -0.817522 3.029834 -0.009255 -0.014175 -0.010887 -0.737095 0.675553
1718924488.499337673 -0.817701 3.028657 -0.009317 -0.014225 -0.010890 -0.737053 0.675597
1718924488.499993324 -0.817724 3.028502 -0.009325 -0.014231 -0.010890 -0.737048 0.675603
1718924488.499993324 -0.817724 3.028502 -0.009325 -0.014231 -0.010890 -0.737048 0.675603
1718924488.504342794 -0.817881 3.027471 -0.009377 -0.014272 -0.010895 -0.737010 0.675644
1718924488.509339333 -0.818061 3.026287 -0.009437 -0.014329 -0.010902 -0.736963 0.675693
1718924488.514326334 -0.818240 3.025108 -0.009498 -0.014402 -0.010901 -0.736921 0.675737
1718924488.589342594 -0.821157 3.007230 -0.010270 -0.014780 -0.010542 -0.737406 0.675205
1718924488.594341993 -0.821368 3.006028 -0.010291 -0.014806 -0.010514 -0.737449 0.675159
1718924488.599348545 -0.821580 3.004824 -0.010308 -0.014839 -0.010485 -0.737506 0.675097
1718924488.599992275 -0.821607 3.004669 -0.010310 -0.014844 -0.010481 -0.737513 0.675088
1718924488.599992275 -0.821607 3.004669 -0.010310 -0.014844 -0.010481 -0.737513 0.675088
1718924488.604386091 -0.821793 3.003613 -0.010327 -0.014879 -0.010457 -0.737568 0.675028
1718924488.609385490 -0.822006 3.002414 -0.010345 -0.014922 -0.010439 -0.737636 0.674953
1718924488.614348888 -0.822217 3.001225 -0.010363 -0.014953 -0.010425 -0.737706 0.674876
1718924488.619356871 -0.822431 3.000029 -0.010381 -0.014979 -0.010412 -0.737777 0.674798
1718924488.624461174 -0.822647 2.998812 -0.010402 -0.015004 -0.010411 -0.737854 0.674713
1718924488.629414558 -0.822856 2.997634 -0.010422 -0.015011 -0.010421 -0.737933 0.674627
1718924488.634418011 -0.823068 2.996445 -0.010441 -0.015011 -0.010438 -0.738015 0.674536
1718924488.639394999 -0.823280 2.995263 -0.010459 -0.015013 -0.010449 -0.738103 0.674440
1718924488.644394875 -0.823498 2.994076 -0.010473 -0.015032 -0.010452 -0.738194 0.674340
1718924488.649387598 -0.823722 2.992891 -0.010483 -0.015075 -0.010436 -0.738291 0.674233
1718924488.654358387 -0.823951 2.991710 -0.010490 -0.015136 -0.010409 -0.738387 0.674127
1718924488.659347534 -0.824188 2.990523 -0.010497 -0.015211 -0.010375 -0.738483 0.674021
1718924488.664360285 -0.824433 2.989329 -0.010505 -0.015293 -0.010332 -0.738594 0.673898
1718924488.669341803 -0.824685 2.988141 -0.010515 -0.015390 -0.010279 -0.738716 0.673762
1718924488.674410343 -0.824949 2.986932 -0.010529 -0.015473 -0.010229 -0.738841 0.673624
1718924488.679359674 -0.825210 2.985748 -0.010549 -0.015519 -0.010186 -0.738960 0.673494
1718924488.684382677 -0.825477 2.984545 -0.010575 -0.015547 -0.010163 -0.739087 0.673354
1718924488.689386606 -0.825746 2.983343 -0.010602 -0.015564 -0.010158 -0.739213 0.673215
1718924488.694342136 -0.826016 2.982151 -0.010627 -0.015582 -0.010148 -0.739333 0.673083
1718924488.699345589 -0.826292 2.980945 -0.010648 -0.015601 -0.010135 -0.739463 0.672940
1718924488.699909925 -0.826323 2.980809 -0.010650 -0.015602 -0.010135 -0.739476 0.672925
1718924488.699909925 -0.826323 2.980809 -0.010650 -0.015602 -0.010135 -0.739476 0.672925
1718924488.704380989 -0.826572 2.979732 -0.010666 -0.015609 -0.010133 -0.739583 0.672808
1718924488.709341288 -0.826850 2.978539 -0.010678 -0.015616 -0.010137 -0.739701 0.672678
1718924488.714376450 -0.827137 2.977330 -0.010683 -0.015620 -0.010138 -0.739819 0.672548
1718924488.719350576 -0.827424 2.976140 -0.010683 -0.015629 -0.010133 -0.739944 0.672410
1718924488.759389400 -0.829792 2.966598 -0.010721 -0.015831 -0.010168 -0.740600 0.671683
1718924488.764398575 -0.830096 2.965406 -0.010713 -0.015850 -0.010160 -0.740670 0.671605
1718924488.769401073 -0.830400 2.964213 -0.010700 -0.015859 -0.010157 -0.740725 0.671545
1718924488.774405479 -0.830705 2.963019 -0.010680 -0.015865 -0.010168 -0.740775 0.671489
1718924488.779400110 -0.831009 2.961826 -0.010653 -0.015866 -0.010180 -0.740819 0.671440
1718924488.784393787 -0.831312 2.960635 -0.010621 -0.015866 -0.010202 -0.740851 0.671404
1718924488.789383888 -0.831611 2.959444 -0.010588 -0.015851 -0.010245 -0.740876 0.671377
1718924488.794349909 -0.831906 2.958258 -0.010558 -0.015823 -0.010303 -0.740895 0.671356
1718924488.799346924 -0.832198 2.957066 -0.010534 -0.015795 -0.010353 -0.740905 0.671344
1718924488.799996138 -0.832236 2.956911 -0.010532 -0.015792 -0.010358 -0.740907 0.671342
1718924488.799996138 -0.832236 2.956911 -0.010532 -0.015792 -0.010358 -0.740907 0.671342
1718924488.804392099 -0.832486 2.955869 -0.010525 -0.015770 -0.010393 -0.740917 0.671331
1718924488.809342146 -0.832764 2.954701 -0.010524 -0.015763 -0.010418 -0.740931 0.671316
1718924488.814410448 -0.833043 2.953510 -0.010529 -0.015770 -0.010425 -0.740948 0.671296
1718924488.819378614 -0.833309 2.952346 -0.010537 -0.015790 -0.010420 -0.740962 0.671281
1718924488.824424744 -0.833573 2.951166 -0.010546 -0.015811 -0.010412 -0.740983 0.671257
1718924488.829449654 -0.833828 2.949993 -0.010552 -0.015834 -0.010405 -0.741004 0.671233
1718924488.834409714 -0.834073 2.948840 -0.010556 -0.015865 -0.010397 -0.741023 0.671212
1718924488.839399338 -0.834311 2.947684 -0.010556 -0.015891 -0.010392 -0.741054 0.671176
1718924488.844398737 -0.834539 2.946530 -0.010552 -0.015902 -0.010392 -0.741090 0.671137
1718924488.849364996 -0.834757 2.945384 -0.010542 -0.015914 -0.010398 -0.741137 0.671085
1718924488.854398489 -0.834967 2.944222 -0.010526 -0.015928 -0.010405 -0.741191 0.671025
1718924488.859359980 -0.835166 2.943079 -0.010507 -0.015950 -0.010408 -0.741247 0.670962
1718924488.864396811 -0.835358 2.941922 -0.010485 -0.015974 -0.010420 -0.741308 0.670894
1718924488.869373322 -0.835539 2.940784 -0.010464 -0.015998 -0.010439 -0.741374 0.670820
1718924488.874424696 -0.835713 2.939631 -0.010443 -0.016015 -0.010461 -0.741449 0.670736
1718924488.879355669 -0.835875 2.938506 -0.010426 -0.016038 -0.010490 -0.741521 0.670656
1718924488.884386301 -0.836032 2.937360 -0.010411 -0.016071 -0.010514 -0.741587 0.670582
1718924488.889351606 -0.836180 2.936231 -0.010401 -0.016100 -0.010525 -0.741646 0.670516
1718924488.894386768 -0.836323 2.935088 -0.010393 -0.016128 -0.010529 -0.741704 0.670451
1718924488.899352312 -0.836458 2.933964 -0.010387 -0.016163 -0.010528 -0.741766 0.670381
1718924488.900028944 -0.836476 2.933811 -0.010386 -0.016169 -0.010527 -0.741774 0.670372
1718924488.900028944 -0.836476 2.933811 -0.010386 -0.016169 -0.010527 -0.741774 0.670372
1718924488.904347897 -0.836590 2.932832 -0.010381 -0.016206 -0.010518 -0.741823 0.670317
1718924488.909353018 -0.836718 2.931698 -0.010375 -0.016254 -0.010511 -0.741867 0.670268
1718924488.914419174 -0.836844 2.930550 -0.010369 -0.016295 -0.010507 -0.741906 0.670224
1718924488.964406490 -0.838141 2.919284 -0.010507 -0.016256 -0.010900 -0.741814 0.670320
1718924488.969394207 -0.838282 2.918164 -0.010527 -0.016257 -0.010915 -0.741811 0.670324
1718924488.974416018 -0.838427 2.917037 -0.010550 -0.016271 -0.010915 -0.741815 0.670318
1718924488.979409456 -0.838573 2.915919 -0.010575 -0.016295 -0.010916 -0.741815 0.670318
1718924488.984400272 -0.838722 2.914799 -0.010600 -0.016320 -0.010917 -0.741816 0.670316
1718924488.989386082 -0.838872 2.913678 -0.010625 -0.016347 -0.010916 -0.741819 0.670313
1718924488.994361401 -0.839025 2.912555 -0.010651 -0.016373 -0.010912 -0.741826 0.670304
1718924488.999382496 -0.839182 2.911417 -0.010678 -0.016389 -0.010912 -0.741831 0.670297
1718924489.004395247 -0.839341 2.910278 -0.010707 -0.016393 -0.010913 -0.741840 0.670287
1718924489.009342432 -0.839499 2.909150 -0.010736 -0.016390 -0.010916 -0.741851 0.670275
1718924489.014404774 -0.839664 2.907991 -0.010765 -0.016392 -0.010918 -0.741867 0.670258
1718924489.019366026 -0.839828 2.906850 -0.010790 -0.016401 -0.010914 -0.741880 0.670243
1718924489.024407625 -0.839996 2.905686 -0.010814 -0.016418 -0.010907 -0.741891 0.670231
1718924489.029367208 -0.840162 2.904538 -0.010837 -0.016442 -0.010902 -0.741899 0.670222
1718924489.034350157 -0.840328 2.903383 -0.010859 -0.016464 -0.010899 -0.741907 0.670212
1718924489.039363623 -0.840497 2.902220 -0.010884 -0.016481 -0.010901 -0.741921 0.670196
1718924489.044391632 -0.840666 2.901051 -0.010910 -0.016489 -0.010909 -0.741939 0.670176
1718924489.049365044 -0.840834 2.899894 -0.010937 -0.016505 -0.010911 -0.741956 0.670157
1718924489.054348707 -0.841002 2.898732 -0.010966 -0.016521 -0.010908 -0.741967 0.670144
1718924489.059403419 -0.841172 2.897553 -0.010997 -0.016534 -0.010904 -0.741981 0.670128
1718924489.064353943 -0.841337 2.896396 -0.011027 -0.016548 -0.010901 -0.741994 0.670113
1718924489.069349051 -0.841503 2.895227 -0.011058 -0.016574 -0.010900 -0.742013 0.670092
1718924489.074355602 -0.841669 2.894052 -0.011088 -0.016597 -0.010905 -0.742037 0.670064
1718924489.079382658 -0.841834 2.892871 -0.011117 -0.016617 -0.010912 -0.742063 0.670035
1718924489.084353924 -0.841995 2.891702 -0.011144 -0.016630 -0.010918 -0.742087 0.670009
1718924489.089340925 -0.842154 2.890530 -0.011167 -0.016647 -0.010923 -0.742106 0.669987
1718924489.094353437 -0.842313 2.889352 -0.011186 -0.016670 -0.010921 -0.742126 0.669964
1718924489.099390030 -0.842469 2.888166 -0.011201 -0.016701 -0.010918 -0.742145 0.669942
1718924489.099985123 -0.842487 2.888026 -0.011203 -0.016705 -0.010918 -0.742147 0.669940
1718924489.099985123 -0.842487 2.888026 -0.011203 -0.016705 -0.010918 -0.742147 0.669940
1718924489.104353428 -0.842622 2.887000 -0.011218 -0.016741 -0.010914 -0.742164 0.669920
1718924489.109343290 -0.842772 2.885828 -0.011236 -0.016784 -0.010903 -0.742185 0.669896
1718924489.114413261 -0.842920 2.884637 -0.011254 -0.016829 -0.010895 -0.742199 0.669879
1718924489.169436932 -0.844425 2.871954 -0.011245 -0.016470 -0.011510 -0.741449 0.670708
1718924489.174363375 -0.844551 2.870835 -0.011216 -0.016462 -0.011549 -0.741373 0.670791
1718924489.199347734 -0.845168 2.865222 -0.011055 -0.016401 -0.011770 -0.740901 0.671311
1718924489.199982166 -0.845183 2.865080 -0.011050 -0.016398 -0.011777 -0.740890 0.671323
1718924489.199982166 -0.845183 2.865080 -0.011050 -0.016398 -0.011777 -0.740890 0.671323
1718924489.204343796 -0.845287 2.864108 -0.011022 -0.016373 -0.011830 -0.740814 0.671407
1718924489.209358931 -0.845406 2.862994 -0.010992 -0.016329 -0.011906 -0.740734 0.671494
1718924489.214360714 -0.845527 2.861886 -0.010965 -0.016280 -0.011978 -0.740659 0.671577
1718924489.219363213 -0.845651 2.860782 -0.010941 -0.016236 -0.012028 -0.740593 0.671650
1718924489.224363327 -0.845778 2.859681 -0.010920 -0.016207 -0.012065 -0.740534 0.671715
1718924489.229372263 -0.845908 2.858581 -0.010899 -0.016169 -0.012091 -0.740483 0.671771
1718924489.234380960 -0.846041 2.857481 -0.010876 -0.016142 -0.012113 -0.740435 0.671825
1718924489.239358664 -0.846176 2.856387 -0.010849 -0.016139 -0.012131 -0.740385 0.671880
1718924489.244367599 -0.846316 2.855283 -0.010818 -0.016149 -0.012157 -0.740335 0.671935
1718924489.249374628 -0.846458 2.854177 -0.010787 -0.016157 -0.012202 -0.740296 0.671977
1718924489.254441261 -0.846604 2.853056 -0.010757 -0.016158 -0.012254 -0.740258 0.672017
1718924489.259365797 -0.846748 2.851966 -0.010734 -0.016145 -0.012305 -0.740226 0.672051
1718924489.264426470 -0.846899 2.850844 -0.010716 -0.016123 -0.012349 -0.740204 0.672075
1718924489.269366503 -0.847049 2.849748 -0.010704 -0.016088 -0.012378 -0.740192 0.672089
1718924489.274429560 -0.847203 2.848622 -0.010694 -0.016038 -0.012402 -0.740180 0.672103
1718924489.279407263 -0.847356 2.847514 -0.010685 -0.015977 -0.012429 -0.740165 0.672121
1718924489.284398317 -0.847511 2.846399 -0.010671 -0.015915 -0.012462 -0.740152 0.672136
1718924489.289357424 -0.847666 2.845288 -0.010650 -0.015850 -0.012506 -0.740135 0.672155
1718924489.294403791 -0.847826 2.844155 -0.010622 -0.015773 -0.012561 -0.740105 0.672189
1718924489.299355268 -0.847984 2.843044 -0.010589 -0.015687 -0.012621 -0.740069 0.672230
1718924489.299993038 -0.848004 2.842901 -0.010585 -0.015675 -0.012628 -0.740064 0.672236
1718924489.299993038 -0.848004 2.842901 -0.010585 -0.015675 -0.012628 -0.740064 0.672236
1718924489.304402113 -0.848146 2.841914 -0.010553 -0.015597 -0.012676 -0.740028 0.672276
1718924489.309351683 -0.848308 2.840806 -0.010516 -0.015507 -0.012737 -0.739973 0.672337
1718924489.314355135 -0.848474 2.839685 -0.010479 -0.015422 -0.012794 -0.739896 0.672422
1718924489.364367247 -0.850234 2.828412 -0.010008 -0.014999 -0.013024 -0.739546 0.672812
1718924489.369433165 -0.850423 2.827262 -0.009942 -0.014980 -0.013041 -0.739529 0.672832
1718924489.374376774 -0.850607 2.826141 -0.009874 -0.014969 -0.013065 -0.739526 0.672835
1718924489.379397869 -0.850794 2.825005 -0.009804 -0.014957 -0.013086 -0.739534 0.672826
1718924489.384352207 -0.850976 2.823889 -0.009734 -0.014947 -0.013105 -0.739558 0.672799
1718924489.389346838 -0.851156 2.822771 -0.009665 -0.014938 -0.013117 -0.739592 0.672761
1718924489.394354820 -0.851333 2.821654 -0.009598 -0.014928 -0.013128 -0.739631 0.672719
1718924489.399350166 -0.851507 2.820545 -0.009534 -0.014916 -0.013138 -0.739678 0.672667
1718924489.399978161 -0.851529 2.820406 -0.009526 -0.014915 -0.013138 -0.739685 0.672660
1718924489.399978161 -0.851529 2.820406 -0.009526 -0.014915 -0.013138 -0.739685 0.672660
1718924489.404362679 -0.851679 2.819437 -0.009475 -0.014909 -0.013139 -0.739729 0.672611
1718924489.409359694 -0.851846 2.818336 -0.009418 -0.014908 -0.013137 -0.739785 0.672549
1718924489.414373398 -0.852008 2.817236 -0.009362 -0.014906 -0.013133 -0.739851 0.672477
1718924489.419368505 -0.852164 2.816142 -0.009304 -0.014904 -0.013137 -0.739917 0.672404
1718924489.424423218 -0.852315 2.815037 -0.009241 -0.014903 -0.013146 -0.739978 0.672338
1718924489.429366112 -0.852459 2.813959 -0.009177 -0.014896 -0.013161 -0.740032 0.672278
1718924489.434361935 -0.852598 2.812876 -0.009107 -0.014890 -0.013179 -0.740080 0.672225
1718924489.439365387 -0.852731 2.811796 -0.009034 -0.014880 -0.013188 -0.740113 0.672189
1718924489.444375992 -0.852858 2.810718 -0.008959 -0.014870 -0.013205 -0.740131 0.672168
1718924489.449367762 -0.852980 2.809648 -0.008882 -0.014854 -0.013231 -0.740140 0.672158
1718924489.454359770 -0.853095 2.808581 -0.008805 -0.014833 -0.013258 -0.740138 0.672161
1718924489.459434509 -0.853208 2.807501 -0.008726 -0.014802 -0.013282 -0.740115 0.672186
1718924489.464408398 -0.853313 2.806448 -0.008650 -0.014762 -0.013310 -0.740072 0.672234
1718924489.469411850 -0.853415 2.805391 -0.008572 -0.014715 -0.013337 -0.740014 0.672299
1718924489.474360228 -0.853513 2.804348 -0.008493 -0.014669 -0.013370 -0.739948 0.672371
1718924489.479372501 -0.853610 2.803292 -0.008412 -0.014614 -0.013411 -0.739864 0.672464
1718924489.484352827 -0.853705 2.802245 -0.008330 -0.014546 -0.013462 -0.739760 0.672579
1718924489.489348888 -0.853798 2.801201 -0.008247 -0.014456 -0.013514 -0.739645 0.672706
1718924489.494350195 -0.853893 2.800161 -0.008163 -0.014365 -0.013566 -0.739518 0.672847
1718924489.499344110 -0.853991 2.799126 -0.008079 -0.014293 -0.013623 -0.739380 0.672999
1718924489.499994040 -0.854004 2.798991 -0.008068 -0.014288 -0.013631 -0.739361 0.673019
1718924489.499994040 -0.854004 2.798991 -0.008068 -0.014288 -0.013631 -0.739361 0.673019
1718924489.504351616 -0.854094 2.798089 -0.007995 -0.014250 -0.013679 -0.739236 0.673156
1718924489.509346485 -0.854202 2.797056 -0.007914 -0.014217 -0.013727 -0.739094 0.673312
1718924489.514434338 -0.854316 2.796006 -0.007837 -0.014193 -0.013770 -0.738964 0.673455
1718924489.554372072 -0.855378 2.787740 -0.007529 -0.014085 -0.014045 -0.738928 0.673491
1718924489.559376240 -0.855531 2.786696 -0.007525 -0.014071 -0.014074 -0.738951 0.673465
1718924489.564357996 -0.855687 2.785653 -0.007528 -0.014052 -0.014098 -0.739000 0.673411
1718924489.569386005 -0.855847 2.784596 -0.007534 -0.014040 -0.014123 -0.739062 0.673343
1718924489.574411869 -0.856008 2.783537 -0.007539 -0.014028 -0.014145 -0.739135 0.673262
1718924489.579396963 -0.856171 2.782483 -0.007542 -0.014014 -0.014159 -0.739221 0.673168
1718924489.584402084 -0.856335 2.781424 -0.007540 -0.014007 -0.014172 -0.739315 0.673064
1718924489.589366913 -0.856498 2.780372 -0.007536 -0.014009 -0.014178 -0.739415 0.672954
1718924489.594364166 -0.856662 2.779312 -0.007528 -0.014018 -0.014190 -0.739520 0.672839
1718924489.599361897 -0.856824 2.778252 -0.007521 -0.014027 -0.014202 -0.739622 0.672727
1718924489.599981070 -0.856844 2.778120 -0.007520 -0.014027 -0.014205 -0.739635 0.672713
1718924489.599981070 -0.856844 2.778120 -0.007520 -0.014027 -0.014205 -0.739635 0.672713
1718924489.604393005 -0.856987 2.777184 -0.007516 -0.014025 -0.014221 -0.739724 0.672613
1718924489.609349728 -0.857146 2.776133 -0.007514 -0.014027 -0.014246 -0.739823 0.672505
1718924489.614414215 -0.857309 2.775059 -0.007511 -0.014041 -0.014264 -0.739919 0.672398
1718924489.619369745 -0.857467 2.774005 -0.007508 -0.014067 -0.014283 -0.740007 0.672300
1718924489.624417543 -0.857626 2.772929 -0.007505 -0.014092 -0.014313 -0.740083 0.672215
1718924489.629370928 -0.857780 2.771869 -0.007503 -0.014102 -0.014353 -0.740146 0.672145
1718924489.634367704 -0.857932 2.770795 -0.007500 -0.014107 -0.014389 -0.740197 0.672088
1718924489.639360189 -0.858083 2.769717 -0.007497 -0.014107 -0.014421 -0.740235 0.672046
1718924489.644382954 -0.858234 2.768628 -0.007493 -0.014104 -0.014459 -0.740257 0.672020
1718924489.649358273 -0.858382 2.767546 -0.007489 -0.014098 -0.014493 -0.740264 0.672012
1718924489.654371500 -0.858530 2.766454 -0.007485 -0.014101 -0.014530 -0.740256 0.672020
1718924489.659407377 -0.858678 2.765354 -0.007480 -0.014102 -0.014567 -0.740243 0.672034
1718924489.664360762 -0.858822 2.764269 -0.007477 -0.014102 -0.014601 -0.740224 0.672054
1718924489.669356108 -0.858968 2.763174 -0.007471 -0.014101 -0.014633 -0.740196 0.672084
1718924489.674362659 -0.859117 2.762074 -0.007464 -0.014100 -0.014672 -0.740166 0.672116
1718924489.679401398 -0.859268 2.760965 -0.007455 -0.014092 -0.014720 -0.740139 0.672145
1718924489.684401274 -0.859421 2.759863 -0.007445 -0.014068 -0.014771 -0.740112 0.672174
1718924489.689357758 -0.859575 2.758771 -0.007434 -0.014046 -0.014812 -0.740098 0.672189
1718924489.694391012 -0.859734 2.757663 -0.007419 -0.014026 -0.014846 -0.740104 0.672182
1718924489.699354887 -0.859895 2.756571 -0.007405 -0.013993 -0.014890 -0.740136 0.672147
1718924489.699981213 -0.859915 2.756433 -0.007403 -0.013989 -0.014896 -0.740142 0.672140
1718924489.699981213 -0.859915 2.756433 -0.007403 -0.013989 -0.014896 -0.740142 0.672140
1718924489.704401493 -0.860062 2.755459 -0.007389 -0.013968 -0.014932 -0.740191 0.672086
1718924489.709355831 -0.860235 2.754366 -0.007370 -0.013985 -0.014951 -0.740264 0.672004
1718924489.714410782 -0.860424 2.753248 -0.007349 -0.014060 -0.014929 -0.740364 0.671893
1718924489.719396353 -0.860621 2.752144 -0.007334 -0.014164 -0.014882 -0.740497 0.671746
1718924489.764401913 -0.862236 2.741924 -0.007065 -0.014960 -0.014136 -0.743167 0.668790
1718924489.769413233 -0.862391 2.740755 -0.007013 -0.015023 -0.014080 -0.743458 0.668466
1718924489.774374723 -0.862535 2.739593 -0.006959 -0.015048 -0.014044 -0.743731 0.668162
1718924489.779381990 -0.862673 2.738417 -0.006905 -0.015055 -0.014004 -0.743982 0.667883
1718924489.784366131 -0.862805 2.737245 -0.006853 -0.015073 -0.013938 -0.744204 0.667637
1718924489.789364338 -0.862933 2.736066 -0.006801 -0.015107 -0.013861 -0.744396 0.667423
1718924489.794349909 -0.863054 2.734886 -0.006750 -0.015124 -0.013815 -0.744559 0.667242
1718924489.799355030 -0.863163 2.733696 -0.006698 -0.015114 -0.013809 -0.744681 0.667106
1718924489.799995184 -0.863176 2.733543 -0.006692 -0.015111 -0.013812 -0.744691 0.667096
1718924489.799995184 -0.863176 2.733543 -0.006692 -0.015111 -0.013812 -0.744691 0.667096
1718924489.804360151 -0.863263 2.732500 -0.006649 -0.015088 -0.013829 -0.744754 0.667025
1718924489.809356213 -0.863356 2.731302 -0.006597 -0.015075 -0.013848 -0.744785 0.666990
1718924489.814369678 -0.863445 2.730097 -0.006539 -0.015082 -0.013859 -0.744781 0.666995
1718924489.819362164 -0.863529 2.728896 -0.006476 -0.015089 -0.013877 -0.744739 0.667041
1718924489.824420452 -0.863606 2.727677 -0.006407 -0.015090 -0.013907 -0.744657 0.667132
1718924489.829439402 -0.863676 2.726463 -0.006333 -0.015082 -0.013943 -0.744540 0.667262
1718924489.834414482 -0.863740 2.725255 -0.006259 -0.015063 -0.013987 -0.744397 0.667421
1718924489.839414358 -0.863800 2.724037 -0.006183 -0.015038 -0.014034 -0.744225 0.667612
1718924489.844413519 -0.863857 2.722816 -0.006107 -0.015006 -0.014089 -0.744030 0.667829
1718924489.849368334 -0.863909 2.721603 -0.006035 -0.014955 -0.014163 -0.743818 0.668065
1718924489.854393005 -0.863957 2.720370 -0.005965 -0.014866 -0.014260 -0.743590 0.668319
1718924489.859358788 -0.864001 2.719151 -0.005898 -0.014754 -0.014371 -0.743361 0.668573
1718924489.864438534 -0.864042 2.717905 -0.005829 -0.014632 -0.014488 -0.743119 0.668843
1718924489.869368076 -0.864082 2.716697 -0.005758 -0.014524 -0.014597 -0.742880 0.669108
1718924489.874402523 -0.864125 2.715466 -0.005681 -0.014426 -0.014704 -0.742652 0.669361
1718924489.879360199 -0.864172 2.714257 -0.005601 -0.014354 -0.014788 -0.742441 0.669594
1718924489.884351492 -0.864223 2.713043 -0.005515 -0.014306 -0.014853 -0.742244 0.669812
1718924489.889353514 -0.864277 2.711829 -0.005423 -0.014277 -0.014905 -0.742065 0.670010
1718924489.894396544 -0.864333 2.710607 -0.005326 -0.014261 -0.014950 -0.741912 0.670179
1718924489.899362564 -0.864390 2.709405 -0.005231 -0.014251 -0.015001 -0.741782 0.670322
1718924489.900014877 -0.864397 2.709248 -0.005219 -0.014249 -0.015008 -0.741768 0.670337
1718924489.900014877 -0.864397 2.709248 -0.005219 -0.014249 -0.015008 -0.741768 0.670337
1718924489.904351950 -0.864444 2.708200 -0.005140 -0.014236 -0.015056 -0.741673 0.670441
1718924489.909343958 -0.864500 2.706998 -0.005056 -0.014215 -0.015111 -0.741589 0.670534
1718924489.914416313 -0.864557 2.705777 -0.004980 -0.014197 -0.015162 -0.741528 0.670600
1718924489.959366083 -0.864939 2.695153 -0.004373 -0.013977 -0.015323 -0.742040 0.670035
1718924489.964354038 -0.864971 2.693998 -0.004302 -0.013963 -0.015341 -0.742097 0.669971
1718924489.969370604 -0.865002 2.692842 -0.004233 -0.013954 -0.015348 -0.742146 0.669918
1718924489.974380970 -0.865033 2.691691 -0.004165 -0.013948 -0.015354 -0.742181 0.669878
1718924489.979357481 -0.865064 2.690552 -0.004098 -0.013945 -0.015364 -0.742208 0.669848
1718924489.984349251 -0.865096 2.689412 -0.004030 -0.013941 -0.015376 -0.742220 0.669834
1718924489.989353657 -0.865128 2.688274 -0.003960 -0.013936 -0.015391 -0.742223 0.669831
1718924489.994365215 -0.865163 2.687138 -0.003888 -0.013923 -0.015409 -0.742220 0.669835
1718924489.999352217 -0.865199 2.686012 -0.003815 -0.013910 -0.015429 -0.742213 0.669842
1718924490.004357815 -0.865239 2.684885 -0.003742 -0.013896 -0.015458 -0.742202 0.669853
1718924490.009352922 -0.865283 2.683763 -0.003669 -0.013880 -0.015487 -0.742185 0.669873
1718924490.014369488 -0.865331 2.682638 -0.003598 -0.013860 -0.015509 -0.742161 0.669898
1718924490.019372940 -0.865385 2.681517 -0.003527 -0.013845 -0.015526 -0.742129 0.669934
1718924490.024425983 -0.865445 2.680387 -0.003456 -0.013836 -0.015539 -0.742097 0.669970
1718924490.029425144 -0.865509 2.679271 -0.003384 -0.013835 -0.015553 -0.742068 0.670001
1718924490.034416199 -0.865577 2.678157 -0.003311 -0.013839 -0.015573 -0.742037 0.670035
1718924490.039417505 -0.865651 2.677043 -0.003237 -0.013839 -0.015598 -0.742004 0.670071
1718924490.044359922 -0.865726 2.675944 -0.003164 -0.013837 -0.015624 -0.741966 0.670113
1718924490.049427748 -0.865805 2.674821 -0.003090 -0.013836 -0.015654 -0.741935 0.670147
1718924490.054363728 -0.865884 2.673731 -0.003016 -0.013836 -0.015682 -0.741909 0.670175
1718924490.059373379 -0.865966 2.672627 -0.002939 -0.013836 -0.015707 -0.741890 0.670195
1718924490.064354420 -0.866047 2.671530 -0.002860 -0.013837 -0.015728 -0.741872 0.670214
1718924490.069353580 -0.866129 2.670432 -0.002781 -0.013839 -0.015745 -0.741859 0.670228
1718924490.074394464 -0.866210 2.669326 -0.002703 -0.013834 -0.015761 -0.741853 0.670235
1718924490.079360962 -0.866289 2.668240 -0.002626 -0.013822 -0.015777 -0.741852 0.670236
1718924490.084355593 -0.866366 2.667150 -0.002549 -0.013810 -0.015796 -0.741862 0.670225
1718924490.089359760 -0.866440 2.666061 -0.002473 -0.013804 -0.015818 -0.741877 0.670207
1718924490.094394922 -0.866513 2.664966 -0.002394 -0.013798 -0.015837 -0.741892 0.670191
1718924490.099352121 -0.866581 2.663891 -0.002316 -0.013793 -0.015852 -0.741911 0.670169
1718924490.099988937 -0.866590 2.663753 -0.002305 -0.013792 -0.015853 -0.741913 0.670167
1718924490.099988937 -0.866590 2.663753 -0.002305 -0.013792 -0.015853 -0.741913 0.670167
1718924490.104406834 -0.866649 2.662797 -0.002235 -0.013788 -0.015865 -0.741929 0.670149
1718924490.109353065 -0.866711 2.661731 -0.002156 -0.013789 -0.015877 -0.741952 0.670123
1718924490.114374876 -0.866770 2.660651 -0.002077 -0.013787 -0.015883 -0.741979 0.670093
1718924490.199991941 -0.868084 2.641698 -0.001011 -0.013649 -0.015775 -0.741857 0.670233
1718924490.199991941 -0.868084 2.641698 -0.001011 -0.013649 -0.015775 -0.741857 0.670233
1718924490.219372988 -0.868480 2.637252 -0.000844 -0.013599 -0.015729 -0.741826 0.670270
1718924490.224396467 -0.868588 2.636090 -0.000805 -0.013588 -0.015729 -0.741820 0.670277
1718924490.229379654 -0.868697 2.634935 -0.000767 -0.013573 -0.015737 -0.741814 0.670283
1718924490.234380722 -0.868809 2.633773 -0.000729 -0.013555 -0.015750 -0.741805 0.670293
1718924490.239367485 -0.868923 2.632610 -0.000688 -0.013536 -0.015752 -0.741796 0.670304
1718924490.244418859 -0.869042 2.631428 -0.000641 -0.013511 -0.015757 -0.741782 0.670320
1718924490.249414206 -0.869163 2.630258 -0.000586 -0.013484 -0.015764 -0.741759 0.670345
1718924490.254412889 -0.869285 2.629085 -0.000520 -0.013454 -0.015771 -0.741732 0.670376
1718924490.259362698 -0.869407 2.627921 -0.000444 -0.013424 -0.015790 -0.741701 0.670411
1718924490.264426708 -0.869533 2.626727 -0.000357 -0.013402 -0.015815 -0.741658 0.670457
1718924490.269408464 -0.869657 2.625551 -0.000264 -0.013388 -0.015848 -0.741610 0.670511
1718924490.274402618 -0.869779 2.624371 -0.000170 -0.013375 -0.015887 -0.741542 0.670585
1718924490.279433489 -0.869900 2.623180 -0.000079 -0.013368 -0.015932 -0.741466 0.670668
1718924490.284372330 -0.870016 2.622010 0.000000 -0.013359 -0.015980 -0.741384 0.670757
1718924490.289409637 -0.870130 2.620815 0.000070 -0.013332 -0.016031 -0.741289 0.670862
1718924490.294404030 -0.870240 2.619628 0.000127 -0.013282 -0.016080 -0.741177 0.670986
1718924490.299362421 -0.870346 2.618447 0.000174 -0.013222 -0.016124 -0.741051 0.671124
1718924490.300002098 -0.870359 2.618294 0.000180 -0.013213 -0.016130 -0.741035 0.671143
1718924490.300002098 -0.870359 2.618294 0.000180 -0.013213 -0.016130 -0.741035 0.671143
1718924490.304366112 -0.870451 2.617253 0.000216 -0.013155 -0.016168 -0.740923 0.671266
1718924490.309400558 -0.870554 2.616051 0.000255 -0.013089 -0.016208 -0.740792 0.671411
1718924490.314424038 -0.870657 2.614851 0.000294 -0.013031 -0.016247 -0.740661 0.671556
1718924490.359364033 -0.871608 2.604118 0.000315 -0.012826 -0.016307 -0.740649 0.671572
1718924490.364418030 -0.871721 2.602912 0.000274 -0.012825 -0.016322 -0.740655 0.671565
1718924490.369387150 -0.871833 2.601727 0.000226 -0.012834 -0.016330 -0.740667 0.671551
1718924490.374401808 -0.871948 2.600532 0.000174 -0.012847 -0.016339 -0.740692 0.671523
1718924490.379359722 -0.872062 2.599350 0.000123 -0.012849 -0.016353 -0.740723 0.671489
1718924490.384363890 -0.872179 2.598154 0.000074 -0.012842 -0.016363 -0.740756 0.671452
1718924490.389366388 -0.872298 2.596958 0.000031 -0.012830 -0.016356 -0.740790 0.671415
1718924490.394371986 -0.872418 2.595763 -0.000005 -0.012828 -0.016343 -0.740826 0.671376
1718924490.399354935 -0.872537 2.594573 -0.000037 -0.012828 -0.016330 -0.740865 0.671333
1718924490.399991989 -0.872552 2.594421 -0.000041 -0.012829 -0.016330 -0.740871 0.671326
1718924490.399991989 -0.872552 2.594421 -0.000041 -0.012829 -0.016330 -0.740871 0.671326
1718924490.404357910 -0.872656 2.593378 -0.000066 -0.012832 -0.016321 -0.740909 0.671284
1718924490.409361601 -0.872774 2.592181 -0.000096 -0.012838 -0.016321 -0.740947 0.671242
1718924490.414378166 -0.872891 2.590980 -0.000131 -0.012843 -0.016334 -0.740974 0.671212
1718924490.419430971 -0.873007 2.589771 -0.000173 -0.012839 -0.016348 -0.740992 0.671192
1718924490.424376249 -0.873118 2.588592 -0.000221 -0.012827 -0.016357 -0.740993 0.671191
1718924490.429400206 -0.873228 2.587398 -0.000273 -0.012809 -0.016357 -0.740985 0.671200
1718924490.434383869 -0.873335 2.586216 -0.000326 -0.012789 -0.016351 -0.740972 0.671215
1718924490.439370155 -0.873440 2.585033 -0.000376 -0.012775 -0.016344 -0.740956 0.671233
1718924490.444416046 -0.873546 2.583837 -0.000422 -0.012773 -0.016343 -0.740930 0.671262
1718924490.449362278 -0.873648 2.582668 -0.000463 -0.012777 -0.016342 -0.740899 0.671296
1718924490.454365253 -0.873748 2.581489 -0.000503 -0.012780 -0.016344 -0.740863 0.671335
1718924490.459365845 -0.873847 2.580315 -0.000541 -0.012780 -0.016353 -0.740827 0.671375
1718924490.464374781 -0.873945 2.579143 -0.000579 -0.012778 -0.016362 -0.740784 0.671423
1718924490.469372749 -0.874043 2.577975 -0.000617 -0.012773 -0.016369 -0.740745 0.671466
1718924490.474426746 -0.874141 2.576796 -0.000656 -0.012765 -0.016376 -0.740712 0.671502
1718924490.479417086 -0.874238 2.575636 -0.000694 -0.012763 -0.016382 -0.740680 0.671537
1718924490.484403610 -0.874333 2.574480 -0.000732 -0.012773 -0.016376 -0.740648 0.671572
1718924490.489374399 -0.874427 2.573330 -0.000769 -0.012782 -0.016366 -0.740624 0.671599
1718924490.494402647 -0.874522 2.572167 -0.000804 -0.012792 -0.016358 -0.740606 0.671619
1718924490.499367714 -0.874615 2.571018 -0.000839 -0.012797 -0.016352 -0.740593 0.671633
1718924490.499997139 -0.874627 2.570873 -0.000843 -0.012797 -0.016352 -0.740592 0.671634
1718924490.499997139 -0.874627 2.570873 -0.000843 -0.012797 -0.016352 -0.740592 0.671634
1718924490.504404783 -0.874709 2.569854 -0.000874 -0.012801 -0.016354 -0.740587 0.671639
1718924490.509349346 -0.874800 2.568714 -0.000911 -0.012796 -0.016351 -0.740588 0.671638
1718924490.514464140 -0.874894 2.567539 -0.000950 -0.012796 -0.016345 -0.740593 0.671633
1718924490.554407120 -0.875661 2.558346 -0.001256 -0.012749 -0.016218 -0.740821 0.671386
1718924490.559370995 -0.875762 2.557198 -0.001293 -0.012742 -0.016210 -0.740855 0.671349
1718924490.564362526 -0.875864 2.556044 -0.001331 -0.012742 -0.016209 -0.740889 0.671311
1718924490.569354296 -0.875968 2.554891 -0.001371 -0.012743 -0.016212 -0.740910 0.671287
1718924490.574360847 -0.876072 2.553736 -0.001414 -0.012737 -0.016206 -0.740927 0.671270
1718924490.579377890 -0.876176 2.552579 -0.001458 -0.012731 -0.016203 -0.740940 0.671255
1718924490.584359169 -0.876280 2.551430 -0.001500 -0.012725 -0.016205 -0.740954 0.671240
1718924490.589345455 -0.876387 2.550275 -0.001540 -0.012723 -0.016207 -0.740960 0.671233
1718924490.594353437 -0.876494 2.549113 -0.001578 -0.012722 -0.016203 -0.740956 0.671238
1718924490.599364758 -0.876603 2.547948 -0.001615 -0.012717 -0.016199 -0.740941 0.671254
1718924490.599998951 -0.876617 2.547801 -0.001620 -0.012716 -0.016198 -0.740939 0.671257
1718924490.599998951 -0.876617 2.547801 -0.001620 -0.012716 -0.016198 -0.740939 0.671257
1718924490.604361057 -0.876712 2.546787 -0.001653 -0.012708 -0.016196 -0.740923 0.671275
1718924490.609347343 -0.876820 2.545629 -0.001692 -0.012697 -0.016198 -0.740894 0.671306
1718924490.614380360 -0.876930 2.544460 -0.001732 -0.012685 -0.016199 -0.740862 0.671343
1718924490.619384050 -0.877041 2.543295 -0.001773 -0.012680 -0.016203 -0.740822 0.671386
1718924490.624367952 -0.877153 2.542133 -0.001814 -0.012680 -0.016208 -0.740784 0.671428
1718924490.629392385 -0.877267 2.540963 -0.001855 -0.012683 -0.016211 -0.740747 0.671469
1718924490.634420156 -0.877382 2.539792 -0.001894 -0.012686 -0.016212 -0.740706 0.671514
1718924490.639373064 -0.877496 2.538640 -0.001929 -0.012689 -0.016221 -0.740668 0.671556
1718924490.644378662 -0.877612 2.537476 -0.001960 -0.012695 -0.016225 -0.740641 0.671585
1718924490.649365664 -0.877728 2.536316 -0.001988 -0.012704 -0.016234 -0.740618 0.671610
1718924490.654399633 -0.877846 2.535144 -0.002014 -0.012722 -0.016242 -0.740602 0.671628
1718924490.659361601 -0.877963 2.533992 -0.002039 -0.012744 -0.016241 -0.740593 0.671636
1718924490.664371252 -0.878078 2.532832 -0.002065 -0.012761 -0.016231 -0.740595 0.671634
1718924490.669370890 -0.878191 2.531678 -0.002090 -0.012773 -0.016227 -0.740608 0.671620
1718924490.674365520 -0.878302 2.530528 -0.002116 -0.012795 -0.016230 -0.740620 0.671606
1718924490.679401398 -0.878411 2.529368 -0.002142 -0.012823 -0.016237 -0.740644 0.671579
1718924490.684361696 -0.878516 2.528227 -0.002169 -0.012846 -0.016240 -0.740673 0.671547
1718924490.689364433 -0.878619 2.527078 -0.002196 -0.012864 -0.016238 -0.740705 0.671511
1718924490.694360018 -0.878719 2.525933 -0.002225 -0.012884 -0.016233 -0.740738 0.671474
1718924490.699368715 -0.878817 2.524788 -0.002255 -0.012900 -0.016226 -0.740771 0.671438
1718924490.699912310 -0.878827 2.524664 -0.002258 -0.012901 -0.016225 -0.740774 0.671434
1718924490.699912310 -0.878827 2.524664 -0.002258 -0.012901 -0.016225 -0.740774 0.671434
1718924490.699995041 -0.881455 2.524654 -0.014529 -0.012423 -0.015220 -0.740179 0.672122
1718924490.699995041 -0.881455 2.524654 -0.014529 -0.012423 -0.015220 -0.740179 0.672122
1718924490.704363108 -0.881509 2.523904 -0.014449 -0.012434 -0.015219 -0.740204 0.672095
1718924490.709367752 -0.881569 2.523043 -0.014359 -0.012450 -0.015225 -0.740232 0.672063
1718924490.714363098 -0.881628 2.522182 -0.014270 -0.012468 -0.015232 -0.740262 0.672030
1718924490.719371080 -0.881684 2.521317 -0.014180 -0.012484 -0.015241 -0.740289 0.672000
1718924490.784360647 -0.882500 2.510379 -0.014391 -0.012205 -0.015653 -0.739520 0.672842
1718924490.789362669 -0.882572 2.509519 -0.014332 -0.012180 -0.015700 -0.739456 0.672912
1718924490.794359922 -0.882646 2.508660 -0.014275 -0.012151 -0.015742 -0.739388 0.672986
1718924490.799353838 -0.882721 2.507801 -0.014219 -0.012125 -0.015786 -0.739316 0.673064
1718924490.804359436 -0.882800 2.506937 -0.014161 -0.012106 -0.015823 -0.739251 0.673136
1718924490.809363127 -0.882881 2.506071 -0.014102 -0.012096 -0.015863 -0.739187 0.673205
1718924490.814386606 -0.882965 2.505199 -0.014043 -0.012077 -0.015893 -0.739121 0.673276
1718924490.819388151 -0.883051 2.504331 -0.013984 -0.012060 -0.015915 -0.739071 0.673331
1718924490.824433088 -0.883139 2.503458 -0.013928 -0.012049 -0.015921 -0.739037 0.673369
1718924490.829367161 -0.883225 2.502606 -0.013874 -0.012041 -0.015916 -0.739006 0.673403
1718924490.834421158 -0.883315 2.501732 -0.013819 -0.012030 -0.015921 -0.738980 0.673431
1718924490.839374065 -0.883404 2.500873 -0.013763 -0.012023 -0.015935 -0.738966 0.673447
1718924490.844421864 -0.883497 2.499997 -0.013705 -0.012021 -0.015945 -0.738958 0.673455
1718924490.849410057 -0.883590 2.499133 -0.013646 -0.012024 -0.015958 -0.738957 0.673456
1718924490.854371071 -0.883681 2.498276 -0.013586 -0.012026 -0.015965 -0.738972 0.673440
1718924490.859363556 -0.883772 2.497416 -0.013526 -0.012021 -0.015969 -0.738992 0.673418
1718924490.864406109 -0.883864 2.496549 -0.013465 -0.012019 -0.015976 -0.739019 0.673387
1718924490.869400024 -0.883955 2.495688 -0.013404 -0.012025 -0.015981 -0.739058 0.673345
1718924490.874397755 -0.884045 2.494825 -0.013345 -0.012030 -0.015987 -0.739106 0.673292
1718924490.879364729 -0.884133 2.493965 -0.013288 -0.012042 -0.015996 -0.739154 0.673239
1718924490.884398460 -0.884221 2.493095 -0.013232 -0.012053 -0.015999 -0.739197 0.673191
1718924490.889403582 -0.884305 2.492230 -0.013177 -0.012066 -0.015999 -0.739235 0.673149
1718924490.894402981 -0.884386 2.491364 -0.013124 -0.012073 -0.016002 -0.739274 0.673106
1718924490.899401903 -0.884466 2.490496 -0.013069 -0.012084 -0.016008 -0.739315 0.673060
1718924490.900025129 -0.884476 2.490388 -0.013063 -0.012086 -0.016008 -0.739320 0.673055
1718924490.900025129 -0.884476 2.490388 -0.013063 -0.012086 -0.016008 -0.739320 0.673055
1718924490.904371500 -0.884545 2.489628 -0.012994 -0.012101 -0.016014 -0.739355 0.673017
1718924490.909367085 -0.884621 2.488753 -0.012914 -0.012121 -0.016021 -0.739381 0.672988
1718924490.914365292 -0.884696 2.487876 -0.012832 -0.012137 -0.016021 -0.739397 0.672969
1718924490.949414253 -0.885154 2.481748 -0.012260 -0.012067 -0.016073 -0.739109 0.673286
1718924490.954380989 -0.885216 2.480879 -0.012189 -0.012055 -0.016073 -0.739066 0.673334
1718924490.959417582 -0.885278 2.479996 -0.012118 -0.012045 -0.016074 -0.739010 0.673395
1718924490.964452267 -0.885340 2.479111 -0.012047 -0.012041 -0.016081 -0.738949 0.673461
1718924490.969421387 -0.885402 2.478233 -0.011977 -0.012045 -0.016081 -0.738897 0.673518
1718924490.974400282 -0.885464 2.477353 -0.011909 -0.012051 -0.016086 -0.738845 0.673576
1718924490.979403496 -0.885526 2.476470 -0.011841 -0.012050 -0.016090 -0.738795 0.673630
1718924490.984399557 -0.885588 2.475589 -0.011774 -0.012042 -0.016087 -0.738747 0.673683
1718924490.989393234 -0.885649 2.474709 -0.011706 -0.012034 -0.016082 -0.738703 0.673732
1718924490.994359016 -0.885711 2.473833 -0.011638 -0.012030 -0.016083 -0.738664 0.673774
1718924490.999363661 -0.885776 2.472947 -0.011566 -0.012032 -0.016087 -0.738637 0.673804
1718924490.999960899 -0.885784 2.472841 -0.011558 -0.012033 -0.016087 -0.738635 0.673806
1718924490.999960899 -0.885784 2.472841 -0.011558 -0.012033 -0.016087 -0.738635 0.673806
1718924491.004400015 -0.885843 2.472052 -0.011496 -0.012039 -0.016089 -0.738618 0.673824
1718924491.009402752 -0.885913 2.471163 -0.011428 -0.012041 -0.016087 -0.738611 0.673832
1718924491.014367580 -0.885983 2.470282 -0.011361 -0.012044 -0.016082 -0.738623 0.673819
1718924491.019385815 -0.886055 2.469393 -0.011297 -0.012048 -0.016073 -0.738646 0.673795
1718924491.024424553 -0.886130 2.468500 -0.011233 -0.012053 -0.016060 -0.738671 0.673767
1718924491.029383183 -0.886206 2.467618 -0.011169 -0.012065 -0.016046 -0.738705 0.673730
1718924491.034362555 -0.886285 2.466729 -0.011104 -0.012079 -0.016028 -0.738749 0.673682
1718924491.039374590 -0.886365 2.465832 -0.011037 -0.012091 -0.016013 -0.738804 0.673622
1718924491.044368982 -0.886446 2.464939 -0.010970 -0.012109 -0.016003 -0.738857 0.673564
1718924491.049366951 -0.886526 2.464046 -0.010904 -0.012120 -0.015991 -0.738907 0.673509
1718924491.054370642 -0.886607 2.463152 -0.010840 -0.012123 -0.015978 -0.738963 0.673448
1718924491.059367895 -0.886687 2.462258 -0.010777 -0.012136 -0.015967 -0.739016 0.673390
1718924491.064363480 -0.886768 2.461361 -0.010714 -0.012157 -0.015960 -0.739071 0.673329
1718924491.069358110 -0.886847 2.460462 -0.010653 -0.012180 -0.015957 -0.739122 0.673272
1718924491.074357986 -0.886925 2.459562 -0.010594 -0.012194 -0.015951 -0.739163 0.673227
1718924491.079363346 -0.887002 2.458662 -0.010536 -0.012197 -0.015951 -0.739194 0.673193
1718924491.084375620 -0.887077 2.457759 -0.010476 -0.012197 -0.015958 -0.739215 0.673170
1718924491.089359999 -0.887151 2.456860 -0.010415 -0.012203 -0.015963 -0.739234 0.673148
1718924491.094355583 -0.887225 2.455955 -0.010351 -0.012213 -0.015966 -0.739247 0.673134
1718924491.099361658 -0.887298 2.455045 -0.010284 -0.012219 -0.015960 -0.739238 0.673144
1718924491.099996805 -0.887307 2.454930 -0.010275 -0.012220 -0.015960 -0.739236 0.673146
1718924491.099996805 -0.887307 2.454930 -0.010275 -0.012220 -0.015960 -0.739236 0.673146
1718924491.104358435 -0.887370 2.454137 -0.010209 -0.012222 -0.015953 -0.739221 0.673163
1718924491.109363079 -0.887440 2.453229 -0.010132 -0.012222 -0.015951 -0.739198 0.673188
1718924491.114372253 -0.887508 2.452319 -0.010054 -0.012223 -0.015950 -0.739168 0.673221
1718924491.154412270 -0.888122 2.444824 -0.009418 -0.012260 -0.016097 -0.738626 0.673812
1718924491.159366369 -0.888207 2.443863 -0.009339 -0.012253 -0.016106 -0.738568 0.673875
1718924491.164399147 -0.888295 2.442882 -0.009258 -0.012245 -0.016115 -0.738514 0.673934
1718924491.169370651 -0.888383 2.441909 -0.009179 -0.012234 -0.016125 -0.738469 0.673984
1718924491.174356699 -0.888473 2.440930 -0.009100 -0.012220 -0.016129 -0.738432 0.674025
1718924491.179360390 -0.888566 2.439945 -0.009020 -0.012209 -0.016133 -0.738402 0.674058
1718924491.184355974 -0.888662 2.438958 -0.008941 -0.012202 -0.016139 -0.738381 0.674081
1718924491.189359426 -0.888761 2.437965 -0.008860 -0.012190 -0.016145 -0.738370 0.674093
1718924491.194356918 -0.888863 2.436971 -0.008778 -0.012176 -0.016154 -0.738368 0.674094
1718924491.199361563 -0.888967 2.435975 -0.008694 -0.012168 -0.016158 -0.738372 0.674090
1718924491.199993849 -0.888980 2.435849 -0.008683 -0.012167 -0.016159 -0.738374 0.674088
1718924491.199993849 -0.888980 2.435849 -0.008683 -0.012167 -0.016159 -0.738374 0.674088
1718924491.204355717 -0.889073 2.434981 -0.008609 -0.012165 -0.016162 -0.738389 0.674071
1718924491.209360838 -0.889180 2.433985 -0.008525 -0.012160 -0.016165 -0.738413 0.674045
1718924491.214369774 -0.889289 2.432986 -0.008440 -0.012161 -0.016170 -0.738440 0.674015
1718924491.219379663 -0.889399 2.431985 -0.008356 -0.012161 -0.016170 -0.738466 0.673987
1718924491.224364996 -0.889508 2.430985 -0.008274 -0.012156 -0.016169 -0.738503 0.673947
1718924491.229365349 -0.889617 2.429979 -0.008194 -0.012153 -0.016170 -0.738536 0.673911
1718924491.234367371 -0.889725 2.428971 -0.008119 -0.012153 -0.016174 -0.738563 0.673881
1718924491.239363670 -0.889831 2.427960 -0.008045 -0.012150 -0.016178 -0.738591 0.673850
1718924491.244361877 -0.889936 2.426944 -0.007973 -0.012141 -0.016191 -0.738622 0.673816
1718924491.249361992 -0.890040 2.425922 -0.007900 -0.012127 -0.016204 -0.738648 0.673787
1718924491.254373789 -0.890143 2.424892 -0.007825 -0.012119 -0.016216 -0.738665 0.673769
1718924491.259433508 -0.890247 2.423846 -0.007749 -0.012115 -0.016228 -0.738673 0.673760
1718924491.264374495 -0.890347 2.422821 -0.007674 -0.012101 -0.016239 -0.738676 0.673757
1718924491.269402027 -0.890448 2.421776 -0.007598 -0.012088 -0.016244 -0.738671 0.673762
1718924491.274358034 -0.890548 2.420743 -0.007525 -0.012076 -0.016249 -0.738654 0.673780
1718924491.279400826 -0.890649 2.419686 -0.007451 -0.012066 -0.016253 -0.738629 0.673808
1718924491.284356594 -0.890748 2.418642 -0.007379 -0.012058 -0.016265 -0.738598 0.673842
1718924491.289401293 -0.890847 2.417576 -0.007306 -0.012047 -0.016283 -0.738558 0.673885
1718924491.294396162 -0.890945 2.416517 -0.007233 -0.012034 -0.016303 -0.738509 0.673939
1718924491.299398899 -0.891042 2.415454 -0.007160 -0.012027 -0.016313 -0.738451 0.674002
1718924491.304396391 -0.891139 2.414388 -0.007086 -0.012020 -0.016329 -0.738396 0.674062
1718924491.309400797 -0.891235 2.413316 -0.007010 -0.012004 -0.016353 -0.738335 0.674129
1718924491.314367294 -0.891330 2.412248 -0.006935 -0.011987 -0.016386 -0.738273 0.674197
1718924491.364374161 -0.892356 2.401382 -0.006153 -0.011868 -0.016597 -0.737947 0.674550
1718924491.369358778 -0.892462 2.400282 -0.006061 -0.011839 -0.016610 -0.737921 0.674579
1718924491.374354839 -0.892568 2.399178 -0.005967 -0.011804 -0.016629 -0.737894 0.674609
1718924491.379360437 -0.892674 2.398072 -0.005871 -0.011762 -0.016651 -0.737869 0.674636
1718924491.384356022 -0.892780 2.396968 -0.005774 -0.011720 -0.016666 -0.737848 0.674659
1718924491.389358282 -0.892886 2.395861 -0.005678 -0.011690 -0.016680 -0.737834 0.674675
1718924491.394358873 -0.892993 2.394753 -0.005582 -0.011666 -0.016697 -0.737829 0.674681
1718924491.399361849 -0.893100 2.393642 -0.005488 -0.011651 -0.016714 -0.737822 0.674688
1718924491.400015116 -0.893114 2.393497 -0.005476 -0.011649 -0.016716 -0.737820 0.674690
1718924491.400015116 -0.893114 2.393497 -0.005476 -0.011649 -0.016716 -0.737820 0.674690
1718924491.404357672 -0.893208 2.392533 -0.005396 -0.011633 -0.016729 -0.737806 0.674705
1718924491.409361124 -0.893317 2.391423 -0.005306 -0.011606 -0.016745 -0.737792 0.674721
1718924491.414367199 -0.893426 2.390313 -0.005217 -0.011563 -0.016767 -0.737776 0.674738
1718924491.419387579 -0.893535 2.389199 -0.005128 -0.011511 -0.016789 -0.737757 0.674760
1718924491.424417734 -0.893646 2.388079 -0.005035 -0.011470 -0.016812 -0.737737 0.674782
1718924491.429443359 -0.893758 2.386956 -0.004941 -0.011443 -0.016845 -0.737719 0.674801
1718924491.434373379 -0.893868 2.385852 -0.004847 -0.011428 -0.016868 -0.737695 0.674826
1718924491.439373970 -0.893980 2.384730 -0.004754 -0.011416 -0.016886 -0.737665 0.674859
1718924491.444366693 -0.894092 2.383609 -0.004664 -0.011395 -0.016905 -0.737639 0.674887
1718924491.449413538 -0.894206 2.382474 -0.004577 -0.011370 -0.016919 -0.737613 0.674916
1718924491.454369307 -0.894319 2.381356 -0.004493 -0.011335 -0.016929 -0.737580 0.674953
1718924491.459374428 -0.894433 2.380224 -0.004408 -0.011297 -0.016935 -0.737536 0.675001
1718924491.464364290 -0.894546 2.379093 -0.004322 -0.011260 -0.016948 -0.737484 0.675058
1718924491.469403267 -0.894660 2.377948 -0.004234 -0.011224 -0.016973 -0.737427 0.675120
1718924491.474355459 -0.894770 2.376822 -0.004146 -0.011182 -0.017002 -0.737366 0.675187
1718924491.479361773 -0.894882 2.375682 -0.004054 -0.011137 -0.017034 -0.737295 0.675264
1718924491.484353542 -0.894993 2.374543 -0.003960 -0.011085 -0.017062 -0.737233 0.675332
1718924491.489373207 -0.895105 2.373396 -0.003864 -0.011038 -0.017080 -0.737166 0.675406
1718924491.494358540 -0.895219 2.372257 -0.003769 -0.011001 -0.017084 -0.737098 0.675480
1718924491.499367476 -0.895335 2.371111 -0.003674 -0.010983 -0.017088 -0.737031 0.675554
1718924491.504356623 -0.895452 2.369967 -0.003584 -0.010969 -0.017107 -0.736969 0.675621
1718924491.509363174 -0.895569 2.368818 -0.003497 -0.010957 -0.017133 -0.736907 0.675688
1718924491.514400244 -0.895689 2.367659 -0.003414 -0.010948 -0.017150 -0.736852 0.675748
1718924491.559364796 -0.896713 2.357352 -0.002935 -0.011149 -0.017364 -0.737178 0.675383
1718924491.564366579 -0.896818 2.356204 -0.002909 -0.011155 -0.017379 -0.737227 0.675329
1718924491.569355011 -0.896921 2.355059 -0.002886 -0.011152 -0.017396 -0.737277 0.675274
1718924491.574354410 -0.897022 2.353911 -0.002863 -0.011149 -0.017410 -0.737324 0.675223
1718924491.579356670 -0.897120 2.352763 -0.002836 -0.011144 -0.017423 -0.737366 0.675177
1718924491.584353924 -0.897217 2.351616 -0.002804 -0.011137 -0.017435 -0.737405 0.675134
1718924491.589356184 -0.897314 2.350469 -0.002766 -0.011132 -0.017446 -0.737441 0.675094
1718924491.594352961 -0.897409 2.349322 -0.002725 -0.011132 -0.017453 -0.737468 0.675065
1718924491.599359035 -0.897502 2.348172 -0.002683 -0.011128 -0.017459 -0.737482 0.675049
1718924491.599982023 -0.897513 2.348029 -0.002677 -0.011128 -0.017460 -0.737482 0.675049
1718924491.599982023 -0.897513 2.348029 -0.002677 -0.011128 -0.017460 -0.737482 0.675049
1718924491.604355097 -0.897594 2.347027 -0.002640 -0.011128 -0.017474 -0.737480 0.675051
1718924491.609367609 -0.897684 2.345881 -0.002600 -0.011129 -0.017490 -0.737471 0.675061
1718924491.614367485 -0.897772 2.344739 -0.002563 -0.011127 -0.017506 -0.737455 0.675078
1718924491.619393587 -0.897859 2.343590 -0.002528 -0.011125 -0.017529 -0.737425 0.675110
1718924491.624422550 -0.897945 2.342438 -0.002495 -0.011134 -0.017559 -0.737381 0.675157
1718924491.629365206 -0.898029 2.341303 -0.002463 -0.011146 -0.017582 -0.737329 0.675213
1718924491.634406090 -0.898116 2.340144 -0.002431 -0.011153 -0.017605 -0.737267 0.675280
1718924491.639374495 -0.898201 2.339001 -0.002398 -0.011150 -0.017631 -0.737199 0.675353
1718924491.644360304 -0.898286 2.337852 -0.002366 -0.011144 -0.017661 -0.737122 0.675437
1718924491.649362803 -0.898371 2.336695 -0.002333 -0.011134 -0.017694 -0.737037 0.675529
1718924491.654368162 -0.898458 2.335534 -0.002299 -0.011126 -0.017732 -0.736957 0.675616
1718924491.659373999 -0.898547 2.334371 -0.002267 -0.011121 -0.017767 -0.736882 0.675696
1718924491.664372683 -0.898638 2.333208 -0.002236 -0.011111 -0.017803 -0.736813 0.675771
1718924491.669359207 -0.898731 2.332048 -0.002208 -0.011102 -0.017832 -0.736746 0.675843
1718924491.674352884 -0.898827 2.330886 -0.002181 -0.011101 -0.017847 -0.736690 0.675904
1718924491.679358006 -0.898926 2.329721 -0.002155 -0.011110 -0.017854 -0.736641 0.675957
1718924491.684352875 -0.899029 2.328555 -0.002127 -0.011112 -0.017867 -0.736596 0.676006
1718924491.689360142 -0.899133 2.327385 -0.002097 -0.011104 -0.017886 -0.736561 0.676043
1718924491.694354773 -0.899240 2.326217 -0.002063 -0.011099 -0.017914 -0.736536 0.676070
1718924491.699362278 -0.899348 2.325046 -0.002027 -0.011091 -0.017940 -0.736526 0.676080
1718924491.699910164 -0.899360 2.324917 -0.002023 -0.011091 -0.017943 -0.736528 0.676078
1718924491.699910164 -0.899360 2.324917 -0.002023 -0.011091 -0.017943 -0.736528 0.676078
1718924491.704397678 -0.899458 2.323868 -0.001991 -0.011083 -0.017960 -0.736541 0.676063
1718924491.709361792 -0.899568 2.322707 -0.001955 -0.011084 -0.017982 -0.736560 0.676042
1718924491.714356422 -0.899679 2.321538 -0.001920 -0.011081 -0.018006 -0.736580 0.676020
1718924491.719364166 -0.899790 2.320367 -0.001888 -0.011075 -0.018024 -0.736607 0.675990
1718924491.799980879 -0.901713 2.301630 -0.001461 -0.011139 -0.018132 -0.736323 0.676295
1718924491.799980879 -0.901713 2.301630 -0.001461 -0.011139 -0.018132 -0.736323 0.676295
1718924491.834365368 -0.902587 2.293607 -0.001299 -0.011226 -0.018246 -0.736180 0.676446
1718924491.839352131 -0.902717 2.292448 -0.001269 -0.011222 -0.018247 -0.736177 0.676450
1718924491.844356298 -0.902848 2.291287 -0.001239 -0.011227 -0.018241 -0.736188 0.676438
1718924491.849358797 -0.902978 2.290130 -0.001207 -0.011240 -0.018230 -0.736201 0.676424
1718924491.854356289 -0.903108 2.288975 -0.001173 -0.011262 -0.018227 -0.736224 0.676399
1718924491.859353781 -0.903238 2.287820 -0.001138 -0.011286 -0.018226 -0.736258 0.676362
1718924491.864356995 -0.903368 2.286665 -0.001103 -0.011311 -0.018222 -0.736308 0.676306
1718924491.869350433 -0.903496 2.285515 -0.001069 -0.011330 -0.018218 -0.736371 0.676238
1718924491.874357939 -0.903623 2.284364 -0.001038 -0.011349 -0.018216 -0.736429 0.676174
1718924491.879355431 -0.903747 2.283217 -0.001010 -0.011366 -0.018218 -0.736478 0.676120
1718924491.884358168 -0.903870 2.282069 -0.000984 -0.011382 -0.018218 -0.736524 0.676070
1718924491.889355659 -0.903991 2.280920 -0.000961 -0.011408 -0.018214 -0.736572 0.676018
1718924491.894348145 -0.904110 2.279771 -0.000938 -0.011447 -0.018213 -0.736621 0.675964
1718924491.899354935 -0.904227 2.278620 -0.000917 -0.011482 -0.018201 -0.736664 0.675917
1718924491.900021076 -0.904243 2.278466 -0.000914 -0.011486 -0.018198 -0.736669 0.675911
1718924491.900021076 -0.904243 2.278466 -0.000914 -0.011486 -0.018198 -0.736669 0.675911
1718924491.904353380 -0.904342 2.277474 -0.000891 -0.011515 -0.018189 -0.736705 0.675872
1718924491.909355402 -0.904455 2.276327 -0.000864 -0.011544 -0.018182 -0.736737 0.675837
1718924491.914361238 -0.904565 2.275176 -0.000834 -0.011569 -0.018180 -0.736759 0.675812
1718924491.929372549 -0.904881 2.271724 -0.000731 -0.011678 -0.018192 -0.736737 0.675834
1718924491.934411526 -0.904981 2.270563 -0.000697 -0.011708 -0.018191 -0.736730 0.675841
1718924491.939424992 -0.905078 2.269406 -0.000662 -0.011728 -0.018189 -0.736707 0.675866
1718924491.944409132 -0.905173 2.268255 -0.000628 -0.011747 -0.018183 -0.736675 0.675901
1718924491.949410915 -0.905267 2.267099 -0.000594 -0.011774 -0.018176 -0.736638 0.675940
1718924491.954416037 -0.905359 2.265943 -0.000561 -0.011790 -0.018177 -0.736589 0.675994
1718924491.959409475 -0.905449 2.264791 -0.000530 -0.011803 -0.018175 -0.736535 0.676053
1718924491.964409351 -0.905537 2.263637 -0.000499 -0.011827 -0.018165 -0.736484 0.676108
1718924491.969407558 -0.905625 2.262482 -0.000466 -0.011855 -0.018149 -0.736429 0.676168
1718924491.974405527 -0.905713 2.261324 -0.000432 -0.011872 -0.018138 -0.736375 0.676227
1718924491.979393959 -0.905799 2.260166 -0.000397 -0.011883 -0.018129 -0.736323 0.676282
1718924491.984402418 -0.905887 2.259006 -0.000359 -0.011893 -0.018124 -0.736271 0.676339
1718924491.989395380 -0.905974 2.257852 -0.000319 -0.011902 -0.018123 -0.736221 0.676394
1718924491.994402409 -0.906063 2.256697 -0.000277 -0.011906 -0.018124 -0.736177 0.676442
1718924491.999396801 -0.906154 2.255546 -0.000233 -0.011925 -0.018131 -0.736144 0.676477
1718924492.004393101 -0.906249 2.254395 -0.000189 -0.011947 -0.018142 -0.736123 0.676499
1718924492.009394407 -0.906347 2.253245 -0.000146 -0.011967 -0.018138 -0.736108 0.676515
1718924492.014409065 -0.906447 2.252095 -0.000106 -0.011985 -0.018130 -0.736093 0.676532
1718924492.019498348 -0.906552 2.250932 -0.000068 -0.012002 -0.018120 -0.736094 0.676530
1718924492.024414539 -0.906656 2.249810 -0.000033 -0.012016 -0.018113 -0.736113 0.676510
1718924492.029412031 -0.906765 2.248669 0.000004 -0.012034 -0.018107 -0.736139 0.676481
1718924492.034366369 -0.906875 2.247537 0.000040 -0.012051 -0.018103 -0.736172 0.676445
1718924492.039376974 -0.906989 2.246393 0.000078 -0.012072 -0.018102 -0.736206 0.676408
1718924492.044359922 -0.907104 2.245257 0.000116 -0.012090 -0.018100 -0.736245 0.676365
1718924492.049360514 -0.907221 2.244118 0.000154 -0.012104 -0.018096 -0.736286 0.676320
1718924492.054355621 -0.907339 2.242982 0.000192 -0.012117 -0.018095 -0.736327 0.676275
1718924492.059371471 -0.907460 2.241840 0.000230 -0.012132 -0.018096 -0.736367 0.676232
1718924492.064414501 -0.907583 2.240690 0.000267 -0.012147 -0.018097 -0.736405 0.676190
1718924492.069399834 -0.907708 2.239552 0.000302 -0.012160 -0.018109 -0.736433 0.676159
1718924492.074401617 -0.907833 2.238411 0.000333 -0.012170 -0.018120 -0.736456 0.676133
1718924492.079394102 -0.907958 2.237273 0.000361 -0.012174 -0.018126 -0.736478 0.676109
1718924492.084360123 -0.908084 2.236139 0.000389 -0.012178 -0.018128 -0.736498 0.676087
1718924492.089355946 -0.908211 2.234996 0.000416 -0.012186 -0.018137 -0.736514 0.676070
1718924492.094397783 -0.908340 2.233838 0.000444 -0.012194 -0.018145 -0.736525 0.676057
1718924492.099393129 -0.908469 2.232690 0.000473 -0.012200 -0.018149 -0.736525 0.676057
1718924492.099989176 -0.908484 2.232552 0.000476 -0.012200 -0.018150 -0.736524 0.676057
1718924492.099989176 -0.908484 2.232552 0.000476 -0.012200 -0.018150 -0.736524 0.676057
1718924492.104351759 -0.908597 2.231552 0.000501 -0.012197 -0.018147 -0.736523 0.676059
1718924492.109357357 -0.908725 2.230404 0.000530 -0.012189 -0.018141 -0.736516 0.676067
1718924492.114449501 -0.908856 2.229236 0.000560 -0.012181 -0.018142 -0.736504 0.676080
1718924492.199984312 -0.910980 2.209341 0.001094 -0.012201 -0.017898 -0.737080 0.675458
1718924492.199984312 -0.910980 2.209341 0.001094 -0.012201 -0.017898 -0.737080 0.675458
1718924492.204351187 -0.911083 2.208313 0.001133 -0.012201 -0.017884 -0.737110 0.675426
1718924492.209410191 -0.911202 2.207118 0.001179 -0.012215 -0.017869 -0.737148 0.675385
1718924492.214426041 -0.911319 2.205932 0.001223 -0.012235 -0.017849 -0.737179 0.675351
1718924492.219372988 -0.911433 2.204761 0.001264 -0.012248 -0.017826 -0.737207 0.675321
1718924492.224405766 -0.911546 2.203571 0.001303 -0.012251 -0.017808 -0.737243 0.675281
1718924492.229434490 -0.911656 2.202384 0.001339 -0.012250 -0.017803 -0.737277 0.675245
1718924492.234380484 -0.911763 2.201215 0.001374 -0.012256 -0.017802 -0.737313 0.675206
1718924492.239415407 -0.911871 2.200024 0.001410 -0.012260 -0.017803 -0.737352 0.675163
1718924492.244402409 -0.911976 2.198842 0.001446 -0.012263 -0.017805 -0.737388 0.675124
1718924492.249347687 -0.912078 2.197670 0.001481 -0.012267 -0.017804 -0.737424 0.675084
1718924492.254408598 -0.912181 2.196471 0.001518 -0.012276 -0.017797 -0.737451 0.675054
1718924492.259356260 -0.912280 2.195298 0.001554 -0.012284 -0.017786 -0.737465 0.675039
1718924492.264362097 -0.912380 2.194108 0.001592 -0.012287 -0.017785 -0.737475 0.675028
1718924492.269355297 -0.912478 2.192919 0.001630 -0.012295 -0.017785 -0.737485 0.675017
1718924492.274377823 -0.912578 2.191719 0.001669 -0.012299 -0.017779 -0.737486 0.675016
1718924492.279407740 -0.912677 2.190517 0.001706 -0.012300 -0.017774 -0.737484 0.675018
1718924492.284398079 -0.912776 2.189324 0.001740 -0.012299 -0.017773 -0.737473 0.675031
1718924492.289395332 -0.912875 2.188129 0.001774 -0.012299 -0.017775 -0.737452 0.675054
1718924492.294391155 -0.912976 2.186931 0.001806 -0.012304 -0.017770 -0.737429 0.675078
1718924492.299355745 -0.913078 2.185737 0.001839 -0.012316 -0.017763 -0.737407 0.675103
1718924492.299995184 -0.913091 2.185583 0.001843 -0.012317 -0.017762 -0.737404 0.675106
1718924492.299995184 -0.913091 2.185583 0.001843 -0.012317 -0.017762 -0.737404 0.675106
1718924492.304347038 -0.913183 2.184536 0.001872 -0.012326 -0.017750 -0.737382 0.675130
1718924492.309395790 -0.913290 2.183322 0.001907 -0.012325 -0.017743 -0.737349 0.675167
1718924492.314421654 -0.913399 2.182113 0.001943 -0.012320 -0.017743 -0.737316 0.675203
1718924492.359356165 -0.914403 2.171416 0.002186 -0.012517 -0.017869 -0.737340 0.675170
1718924492.364366055 -0.914515 2.170235 0.002208 -0.012526 -0.017867 -0.737347 0.675161
1718924492.369437695 -0.914629 2.169043 0.002227 -0.012534 -0.017872 -0.737357 0.675151
1718924492.374408960 -0.914740 2.167878 0.002243 -0.012533 -0.017879 -0.737368 0.675138
1718924492.379354715 -0.914850 2.166721 0.002257 -0.012531 -0.017890 -0.737381 0.675124
1718924492.384396791 -0.914962 2.165540 0.002270 -0.012528 -0.017908 -0.737400 0.675103
1718924492.389348745 -0.915072 2.164381 0.002282 -0.012530 -0.017921 -0.737415 0.675085
1718924492.394360542 -0.915183 2.163209 0.002294 -0.012533 -0.017921 -0.737424 0.675076
1718924492.399354458 -0.915293 2.162043 0.002305 -0.012529 -0.017922 -0.737427 0.675073
1718924492.399998188 -0.915307 2.161893 0.002307 -0.012528 -0.017922 -0.737428 0.675072
1718924492.399998188 -0.915307 2.161893 0.002307 -0.012528 -0.017922 -0.737428 0.675072
1718924492.404387712 -0.915404 2.160870 0.002317 -0.012524 -0.017922 -0.737434 0.675065
1718924492.409394503 -0.915514 2.159701 0.002330 -0.012515 -0.017928 -0.737441 0.675057
1718924492.414356709 -0.915624 2.158539 0.002345 -0.012503 -0.017937 -0.737446 0.675052
1718924492.419387341 -0.915735 2.157362 0.002360 -0.012490 -0.017944 -0.737447 0.675051
1718924492.424365520 -0.915844 2.156198 0.002375 -0.012477 -0.017950 -0.737436 0.675063
1718924492.429365158 -0.915952 2.155031 0.002389 -0.012462 -0.017961 -0.737417 0.675084
1718924492.434433460 -0.916061 2.153848 0.002402 -0.012451 -0.017975 -0.737401 0.675101
1718924492.439368486 -0.916167 2.152696 0.002414 -0.012440 -0.017985 -0.737385 0.675119
1718924492.444401026 -0.916274 2.151519 0.002423 -0.012435 -0.018004 -0.737358 0.675148
1718924492.449411154 -0.916381 2.150347 0.002429 -0.012438 -0.018023 -0.737327 0.675181
1718924492.454394102 -0.916486 2.149183 0.002433 -0.012443 -0.018034 -0.737298 0.675212
1718924492.459362984 -0.916590 2.148024 0.002435 -0.012441 -0.018040 -0.737275 0.675237
1718924492.464409828 -0.916694 2.146845 0.002439 -0.012436 -0.018046 -0.737249 0.675266
1718924492.469405651 -0.916797 2.145674 0.002447 -0.012433 -0.018057 -0.737225 0.675292
1718924492.474358559 -0.916898 2.144510 0.002458 -0.012435 -0.018067 -0.737202 0.675317
1718924492.479349613 -0.917000 2.143335 0.002471 -0.012429 -0.018078 -0.737173 0.675348
1718924492.484358072 -0.917102 2.142156 0.002485 -0.012414 -0.018097 -0.737148 0.675375
1718924492.489344358 -0.917204 2.140982 0.002497 -0.012402 -0.018114 -0.737128 0.675397
1718924492.494345188 -0.917307 2.139804 0.002508 -0.012402 -0.018119 -0.737109 0.675417
1718924492.499350548 -0.917411 2.138623 0.002518 -0.012414 -0.018122 -0.737092 0.675435
1718924492.499990225 -0.917424 2.138472 0.002519 -0.012416 -0.018122 -0.737091 0.675436
1718924492.499990225 -0.917424 2.138472 0.002519 -0.012416 -0.018122 -0.737091 0.675436
1718924492.504349232 -0.917516 2.137444 0.002531 -0.012426 -0.018118 -0.737085 0.675443
1718924492.509355068 -0.917622 2.136264 0.002546 -0.012439 -0.018115 -0.737081 0.675447
1718924492.514386654 -0.917728 2.135081 0.002561 -0.012450 -0.018113 -0.737079 0.675449
1718924492.564378023 -0.918720 2.123374 0.002607 -0.012580 -0.018045 -0.737089 0.675438
1718924492.569374084 -0.918812 2.122207 0.002602 -0.012586 -0.018038 -0.737087 0.675440
1718924492.574403763 -0.918903 2.121035 0.002594 -0.012593 -0.018033 -0.737075 0.675453
1718924492.579355001 -0.918992 2.119881 0.002586 -0.012592 -0.018037 -0.737056 0.675473
1718924492.584398270 -0.919083 2.118704 0.002577 -0.012585 -0.018049 -0.737036 0.675495
1718924492.589353085 -0.919171 2.117546 0.002569 -0.012582 -0.018058 -0.737014 0.675519
1718924492.594367027 -0.919261 2.116374 0.002561 -0.012579 -0.018052 -0.736987 0.675548
1718924492.599355936 -0.919350 2.115209 0.002555 -0.012577 -0.018045 -0.736961 0.675577
1718924492.599989176 -0.919362 2.115062 0.002555 -0.012577 -0.018045 -0.736957 0.675582
1718924492.599989176 -0.919362 2.115062 0.002555 -0.012577 -0.018045 -0.736957 0.675582
1718924492.604386568 -0.919440 2.114037 0.002552 -0.012577 -0.018041 -0.736926 0.675615
1718924492.609393358 -0.919528 2.112869 0.002550 -0.012578 -0.018041 -0.736889 0.675655
1718924492.614422560 -0.919617 2.111695 0.002551 -0.012577 -0.018040 -0.736849 0.675700
1718924492.619457722 -0.919707 2.110517 0.002551 -0.012580 -0.018034 -0.736808 0.675744
1718924492.624399424 -0.919796 2.109362 0.002550 -0.012579 -0.018028 -0.736774 0.675781
1718924492.629389048 -0.919886 2.108199 0.002546 -0.012575 -0.018013 -0.736742 0.675817
1718924492.634349585 -0.919976 2.107044 0.002540 -0.012573 -0.017989 -0.736704 0.675859
1718924492.639378071 -0.920067 2.105873 0.002533 -0.012572 -0.017972 -0.736666 0.675901
1718924492.644355059 -0.920158 2.104712 0.002526 -0.012571 -0.017961 -0.736631 0.675939
1718924492.649347067 -0.920250 2.103546 0.002519 -0.012568 -0.017952 -0.736600 0.675974
1718924492.654405832 -0.920345 2.102367 0.002512 -0.012559 -0.017949 -0.736569 0.676007
1718924492.659429312 -0.920440 2.101198 0.002506 -0.012554 -0.017939 -0.736544 0.676035
1718924492.664363623 -0.920534 2.100051 0.002503 -0.012552 -0.017929 -0.736524 0.676057
1718924492.669407845 -0.920631 2.098880 0.002501 -0.012557 -0.017917 -0.736509 0.676073
1718924492.674398661 -0.920728 2.097720 0.002502 -0.012561 -0.017912 -0.736500 0.676084
1718924492.679381609 -0.920825 2.096563 0.002504 -0.012567 -0.017914 -0.736497 0.676087
1718924492.684383631 -0.920922 2.095404 0.002503 -0.012572 -0.017914 -0.736499 0.676085
1718924492.689386845 -0.921019 2.094247 0.002499 -0.012570 -0.017907 -0.736510 0.676072
1718924492.694382668 -0.921115 2.093094 0.002491 -0.012568 -0.017906 -0.736525 0.676056
1718924492.699389219 -0.921211 2.091938 0.002478 -0.012562 -0.017902 -0.736543 0.676037
1718924492.699907064 -0.921221 2.091819 0.002476 -0.012561 -0.017902 -0.736544 0.676036
1718924492.699907064 -0.921221 2.091819 0.002476 -0.012561 -0.017902 -0.736544 0.676036
1718924492.704387188 -0.921307 2.090782 0.002465 -0.012554 -0.017902 -0.736559 0.676020
1718924492.709390402 -0.921402 2.089621 0.002449 -0.012545 -0.017901 -0.736577 0.676001
1718924492.714356661 -0.921495 2.088468 0.002434 -0.012537 -0.017900 -0.736599 0.675977
1718924492.719367027 -0.921589 2.087304 0.002420 -0.012535 -0.017896 -0.736621 0.675953
1718924492.764426708 -0.922424 2.076778 0.002327 -0.012538 -0.017986 -0.736506 0.676075
1718924492.769352674 -0.922514 2.075620 0.002318 -0.012536 -0.018001 -0.736483 0.676100
1718924492.774369240 -0.922606 2.074442 0.002309 -0.012537 -0.018016 -0.736458 0.676127
1718924492.779352665 -0.922697 2.073273 0.002303 -0.012532 -0.018025 -0.736432 0.676155
1718924492.784352541 -0.922788 2.072101 0.002300 -0.012526 -0.018034 -0.736401 0.676189
1718924492.789347410 -0.922878 2.070929 0.002301 -0.012516 -0.018039 -0.736369 0.676224
1718924492.794342756 -0.922967 2.069757 0.002304 -0.012510 -0.018043 -0.736344 0.676251
1718924492.799345970 -0.923055 2.068585 0.002308 -0.012498 -0.018049 -0.736327 0.676270
1718924492.799993277 -0.923066 2.068434 0.002308 -0.012497 -0.018050 -0.736325 0.676272
1718924492.799993277 -0.923066 2.068434 0.002308 -0.012497 -0.018050 -0.736325 0.676272
1718924492.804343462 -0.923142 2.067421 0.002310 -0.012490 -0.018057 -0.736312 0.676285
1718924492.809349537 -0.923228 2.066260 0.002311 -0.012484 -0.018060 -0.736291 0.676308
1718924492.814360142 -0.923314 2.065099 0.002312 -0.012476 -0.018065 -0.736269 0.676332
1718924492.819379807 -0.923401 2.063939 0.002316 -0.012477 -0.018072 -0.736252 0.676351
1718924492.824359655 -0.923486 2.062790 0.002322 -0.012485 -0.018081 -0.736238 0.676366
1718924492.829376698 -0.923571 2.061638 0.002329 -0.012487 -0.018084 -0.736230 0.676375
1718924492.834349394 -0.923654 2.060501 0.002336 -0.012482 -0.018085 -0.736227 0.676378
1718924492.839358091 -0.923736 2.059362 0.002343 -0.012480 -0.018091 -0.736233 0.676371
1718924492.844348431 -0.923817 2.058228 0.002348 -0.012481 -0.018103 -0.736234 0.676369
1718924492.849345922 -0.923897 2.057094 0.002351 -0.012478 -0.018119 -0.736237 0.676366
1718924492.854348898 -0.923976 2.055962 0.002351 -0.012477 -0.018131 -0.736246 0.676356
1718924492.859357119 -0.924054 2.054831 0.002346 -0.012476 -0.018133 -0.736250 0.676351
1718924492.864402771 -0.924132 2.053696 0.002337 -0.012476 -0.018126 -0.736254 0.676347
1718924492.869435310 -0.924209 2.052565 0.002327 -0.012479 -0.018118 -0.736268 0.676332
1718924492.874406815 -0.924284 2.051447 0.002315 -0.012489 -0.018109 -0.736281 0.676318
1718924492.879352808 -0.924358 2.050332 0.002304 -0.012499 -0.018105 -0.736289 0.676309
1718924492.884400129 -0.924431 2.049193 0.002291 -0.012502 -0.018104 -0.736293 0.676305
1718924492.889387131 -0.924502 2.048067 0.002278 -0.012499 -0.018111 -0.736292 0.676306
1718924492.894382238 -0.924571 2.046938 0.002263 -0.012490 -0.018117 -0.736291 0.676307
1718924492.899388552 -0.924638 2.045807 0.002248 -0.012483 -0.018120 -0.736295 0.676303
1718924492.900022984 -0.924647 2.045663 0.002246 -0.012483 -0.018120 -0.736295 0.676303
1718924492.900022984 -0.924647 2.045663 0.002246 -0.012483 -0.018120 -0.736295 0.676303
1718924492.904343128 -0.924704 2.044682 0.002239 -0.012480 -0.018122 -0.736296 0.676302
1718924492.909386635 -0.924769 2.043534 0.002231 -0.012480 -0.018124 -0.736286 0.676312
1718924492.914409876 -0.924834 2.042388 0.002224 -0.012479 -0.018124 -0.736266 0.676335
1718924492.959411144 -0.925454 2.032047 0.002279 -0.012405 -0.018195 -0.735762 0.676882
1718924492.964397669 -0.925531 2.030892 0.002294 -0.012404 -0.018207 -0.735706 0.676943
1718924492.969447613 -0.925610 2.029720 0.002313 -0.012405 -0.018217 -0.735651 0.677002
1718924492.974366426 -0.925688 2.028576 0.002336 -0.012400 -0.018231 -0.735600 0.677058
1718924492.979390144 -0.925769 2.027408 0.002361 -0.012394 -0.018242 -0.735548 0.677113
1718924492.984344721 -0.925851 2.026256 0.002388 -0.012398 -0.018252 -0.735501 0.677164
1718924492.989348412 -0.925936 2.025091 0.002417 -0.012402 -0.018265 -0.735453 0.677216
1718924492.994343281 -0.926023 2.023927 0.002447 -0.012410 -0.018272 -0.735416 0.677256
1718924492.999347925 -0.926112 2.022760 0.002475 -0.012413 -0.018279 -0.735386 0.677288
1718924493.004339695 -0.926202 2.021597 0.002502 -0.012417 -0.018290 -0.735357 0.677319
1718924493.009387255 -0.926294 2.020425 0.002526 -0.012418 -0.018290 -0.735333 0.677345
1718924493.014346838 -0.926386 2.019276 0.002548 -0.012419 -0.018278 -0.735315 0.677365
1718924493.019361973 -0.926479 2.018115 0.002568 -0.012427 -0.018267 -0.735302 0.677380
1718924493.024352074 -0.926571 2.016960 0.002587 -0.012441 -0.018257 -0.735297 0.677385
1718924493.029360294 -0.926663 2.015801 0.002605 -0.012464 -0.018229 -0.735296 0.677386
1718924493.034357309 -0.926753 2.014647 0.002623 -0.012487 -0.018198 -0.735309 0.677373
1718924493.039352655 -0.926840 2.013496 0.002640 -0.012497 -0.018171 -0.735318 0.677364
1718924493.044357777 -0.926924 2.012343 0.002659 -0.012494 -0.018152 -0.735324 0.677357
1718924493.049360275 -0.927005 2.011191 0.002678 -0.012493 -0.018142 -0.735340 0.677340
1718924493.054394722 -0.927084 2.010031 0.002700 -0.012493 -0.018145 -0.735354 0.677324
1718924493.059347153 -0.927159 2.008888 0.002722 -0.012490 -0.018147 -0.735360 0.677318
1718924493.064348936 -0.927231 2.007735 0.002744 -0.012485 -0.018143 -0.735370 0.677308
1718924493.069346428 -0.927300 2.006585 0.002763 -0.012480 -0.018132 -0.735383 0.677294
1718924493.074349642 -0.927366 2.005435 0.002780 -0.012470 -0.018116 -0.735395 0.677281
1718924493.079344511 -0.927430 2.004287 0.002795 -0.012460 -0.018095 -0.735404 0.677272
1718924493.084340572 -0.927492 2.003136 0.002810 -0.012452 -0.018075 -0.735406 0.677271
1718924493.089355946 -0.927550 2.001977 0.002826 -0.012454 -0.018065 -0.735407 0.677270
1718924493.094341755 -0.927606 2.000822 0.002842 -0.012455 -0.018057 -0.735399 0.677279
1718924493.099385738 -0.927659 1.999652 0.002858 -0.012449 -0.018043 -0.735387 0.677293
1718924493.099986076 -0.927665 1.999513 0.002860 -0.012448 -0.018042 -0.735385 0.677295
1718924493.099986076 -0.927665 1.999513 0.002860 -0.012448 -0.018042 -0.735385 0.677295
1718924493.104343653 -0.927708 1.998504 0.002877 -0.012441 -0.018031 -0.735367 0.677315
1718924493.109388828 -0.927755 1.997333 0.002897 -0.012436 -0.018021 -0.735343 0.677341
1718924493.114416122 -0.927800 1.996164 0.002918 -0.012430 -0.018013 -0.735320 0.677367
1718924493.199990034 -0.928925 1.976773 0.003246 -0.012433 -0.018081 -0.735384 0.677296
1718924493.199990034 -0.928925 1.976773 0.003246 -0.012433 -0.018081 -0.735384 0.677296
1718924493.214406490 -0.929196 1.973606 0.003303 -0.012422 -0.018087 -0.735398 0.677280
1718924493.219364882 -0.929294 1.972523 0.003323 -0.012412 -0.018088 -0.735410 0.677268
1718924493.224408388 -0.929397 1.971422 0.003343 -0.012395 -0.018096 -0.735420 0.677256
1718924493.229382753 -0.929501 1.970336 0.003365 -0.012383 -0.018109 -0.735420 0.677257
1718924493.234378576 -0.929608 1.969244 0.003389 -0.012375 -0.018125 -0.735413 0.677264
1718924493.239412785 -0.929719 1.968144 0.003412 -0.012361 -0.018138 -0.735400 0.677278
1718924493.244400740 -0.929832 1.967054 0.003435 -0.012342 -0.018155 -0.735387 0.677292
1718924493.249388218 -0.929946 1.965966 0.003457 -0.012315 -0.018164 -0.735373 0.677307
1718924493.254357100 -0.930061 1.964882 0.003479 -0.012292 -0.018168 -0.735355 0.677327
1718924493.259354115 -0.930179 1.963790 0.003502 -0.012269 -0.018174 -0.735336 0.677348
1718924493.264364719 -0.930298 1.962693 0.003526 -0.012246 -0.018184 -0.735307 0.677379
1718924493.269357443 -0.930418 1.961599 0.003548 -0.012226 -0.018198 -0.735274 0.677416
1718924493.274420261 -0.930541 1.960491 0.003570 -0.012205 -0.018204 -0.735242 0.677451
1718924493.279349327 -0.930660 1.959413 0.003589 -0.012186 -0.018214 -0.735211 0.677484
1718924493.284336090 -0.930780 1.958322 0.003608 -0.012172 -0.018224 -0.735178 0.677520
1718924493.289343357 -0.930901 1.957226 0.003626 -0.012164 -0.018238 -0.735149 0.677551
1718924493.294340849 -0.931020 1.956131 0.003645 -0.012156 -0.018247 -0.735121 0.677581
1718924493.299344540 -0.931139 1.955035 0.003663 -0.012139 -0.018248 -0.735099 0.677606
1718924493.299986124 -0.931154 1.954895 0.003666 -0.012138 -0.018248 -0.735097 0.677608
1718924493.299986124 -0.931154 1.954895 0.003666 -0.012138 -0.018248 -0.735097 0.677608
1718924493.304340601 -0.931257 1.953943 0.003684 -0.012127 -0.018248 -0.735084 0.677622
1718924493.309346199 -0.931372 1.952850 0.003707 -0.012119 -0.018250 -0.735078 0.677629
1718924493.314419508 -0.931488 1.951743 0.003733 -0.012116 -0.018257 -0.735073 0.677634
1718924493.399388552 -0.933094 1.933485 0.004203 -0.012337 -0.018227 -0.734890 0.677829
1718924493.399991035 -0.933103 1.933358 0.004206 -0.012339 -0.018227 -0.734887 0.677832
1718924493.399991035 -0.933103 1.933358 0.004206 -0.012339 -0.018227 -0.734887 0.677832
1718924493.404384613 -0.933170 1.932430 0.004230 -0.012350 -0.018224 -0.734871 0.677849
1718924493.409346342 -0.933244 1.931384 0.004255 -0.012360 -0.018220 -0.734850 0.677873
1718924493.414348841 -0.933318 1.930329 0.004278 -0.012365 -0.018220 -0.734826 0.677898
1718924493.419379711 -0.933391 1.929269 0.004297 -0.012363 -0.018223 -0.734801 0.677925
1718924493.424347878 -0.933462 1.928223 0.004314 -0.012348 -0.018234 -0.734773 0.677956
1718924493.429353714 -0.933532 1.927170 0.004331 -0.012334 -0.018248 -0.734736 0.677995
1718924493.434408188 -0.933603 1.926106 0.004348 -0.012335 -0.018257 -0.734684 0.678051
1718924493.439358950 -0.933674 1.925062 0.004367 -0.012332 -0.018260 -0.734631 0.678108
1718924493.444392920 -0.933746 1.923999 0.004387 -0.012325 -0.018264 -0.734577 0.678168
1718924493.449408293 -0.933819 1.922940 0.004405 -0.012313 -0.018256 -0.734524 0.678226
1718924493.454350471 -0.933891 1.921897 0.004420 -0.012293 -0.018243 -0.734475 0.678279
1718924493.459349155 -0.933964 1.920842 0.004431 -0.012265 -0.018234 -0.734434 0.678324
1718924493.464352846 -0.934037 1.919785 0.004439 -0.012240 -0.018234 -0.734399 0.678363
1718924493.469357014 -0.934112 1.918727 0.004446 -0.012219 -0.018242 -0.734361 0.678404
1718924493.474353552 -0.934188 1.917668 0.004453 -0.012197 -0.018251 -0.734323 0.678445
1718924493.479340553 -0.934266 1.916611 0.004461 -0.012183 -0.018260 -0.734291 0.678480
1718924493.484342813 -0.934345 1.915550 0.004470 -0.012175 -0.018267 -0.734265 0.678508
1718924493.489384651 -0.934427 1.914481 0.004482 -0.012163 -0.018273 -0.734247 0.678527
1718924493.494380713 -0.934508 1.913421 0.004494 -0.012150 -0.018280 -0.734236 0.678539
1718924493.499383688 -0.934591 1.912360 0.004509 -0.012140 -0.018277 -0.734244 0.678531
1718924493.499984026 -0.934601 1.912233 0.004511 -0.012140 -0.018277 -0.734246 0.678529
1718924493.499984026 -0.934601 1.912233 0.004511 -0.012140 -0.018277 -0.734246 0.678529
1718924493.504344702 -0.934675 1.911307 0.004525 -0.012136 -0.018275 -0.734255 0.678519
1718924493.509346247 -0.934762 1.910245 0.004542 -0.012131 -0.018278 -0.734262 0.678511
1718924493.514402628 -0.934851 1.909171 0.004556 -0.012123 -0.018275 -0.734282 0.678490
1718924493.559413433 -0.935583 1.899542 0.004753 -0.012145 -0.018220 -0.734459 0.678300
1718924493.564404249 -0.935658 1.898465 0.004783 -0.012162 -0.018211 -0.734483 0.678274
1718924493.569378138 -0.935732 1.897391 0.004814 -0.012183 -0.018203 -0.734503 0.678252
1718924493.574399471 -0.935808 1.896305 0.004846 -0.012209 -0.018194 -0.734514 0.678240
1718924493.579383612 -0.935882 1.895226 0.004877 -0.012234 -0.018188 -0.734522 0.678231
1718924493.584332705 -0.935954 1.894154 0.004907 -0.012251 -0.018188 -0.734526 0.678227
1718924493.589343309 -0.936025 1.893068 0.004936 -0.012268 -0.018182 -0.734524 0.678229
1718924493.594379187 -0.936096 1.891974 0.004965 -0.012278 -0.018181 -0.734517 0.678235
1718924493.599344969 -0.936166 1.890894 0.004995 -0.012281 -0.018177 -0.734513 0.678240
1718924493.599995136 -0.936175 1.890752 0.004999 -0.012282 -0.018177 -0.734511 0.678242
1718924493.599995136 -0.936175 1.890752 0.004999 -0.012282 -0.018177 -0.734511 0.678242
1718924493.604349613 -0.936236 1.889803 0.005029 -0.012282 -0.018174 -0.734501 0.678253
1718924493.609383106 -0.936306 1.888704 0.005065 -0.012281 -0.018168 -0.734486 0.678269
1718924493.614403725 -0.936375 1.887607 0.005101 -0.012277 -0.018164 -0.734474 0.678283
1718924493.619456768 -0.936444 1.886503 0.005138 -0.012273 -0.018161 -0.734457 0.678301
1718924493.624356270 -0.936511 1.885431 0.005174 -0.012267 -0.018158 -0.734436 0.678324
1718924493.629357100 -0.936581 1.884337 0.005209 -0.012264 -0.018157 -0.734415 0.678346
1718924493.634351254 -0.936653 1.883243 0.005243 -0.012257 -0.018156 -0.734392 0.678372
1718924493.639354944 -0.936727 1.882149 0.005276 -0.012252 -0.018154 -0.734369 0.678397
1718924493.644355297 -0.936802 1.881058 0.005309 -0.012241 -0.018160 -0.734347 0.678421
1718924493.649341822 -0.936880 1.879970 0.005343 -0.012234 -0.018172 -0.734329 0.678440
1718924493.654377699 -0.936962 1.878872 0.005379 -0.012231 -0.018176 -0.734317 0.678453
1718924493.659342527 -0.937045 1.877791 0.005417 -0.012236 -0.018178 -0.734315 0.678455
1718924493.664358139 -0.937133 1.876700 0.005458 -0.012238 -0.018185 -0.734320 0.678449
1718924493.669347763 -0.937223 1.875618 0.005500 -0.012238 -0.018191 -0.734332 0.678437
1718924493.674356222 -0.937317 1.874534 0.005544 -0.012233 -0.018193 -0.734348 0.678419
1718924493.679344654 -0.937412 1.873456 0.005586 -0.012222 -0.018193 -0.734359 0.678407
1718924493.684345484 -0.937511 1.872377 0.005626 -0.012204 -0.018195 -0.734375 0.678391
1718924493.689339638 -0.937612 1.871300 0.005662 -0.012191 -0.018201 -0.734392 0.678372
1718924493.694336653 -0.937717 1.870223 0.005694 -0.012183 -0.018205 -0.734415 0.678347
1718924493.699381590 -0.937826 1.869137 0.005724 -0.012169 -0.018204 -0.734445 0.678315
1718924493.699985027 -0.937839 1.869007 0.005728 -0.012169 -0.018204 -0.734448 0.678312
1718924493.699985027 -0.937839 1.869007 0.005728 -0.012169 -0.018204 -0.734448 0.678312
1718924493.704378128 -0.937935 1.868062 0.005753 -0.012172 -0.018204 -0.734468 0.678290
1718924493.709343433 -0.938046 1.866995 0.005782 -0.012177 -0.018204 -0.734490 0.678266
1718924493.714339256 -0.938158 1.865922 0.005813 -0.012182 -0.018212 -0.734513 0.678241
1718924493.719411850 -0.938272 1.864832 0.005844 -0.012179 -0.018227 -0.734535 0.678217
1718924493.759341717 -0.939138 1.856200 0.006063 -0.012031 -0.018235 -0.734563 0.678189
1718924493.764354706 -0.939240 1.855108 0.006082 -0.012017 -0.018244 -0.734558 0.678194
1718924493.769403458 -0.939339 1.854007 0.006100 -0.012002 -0.018262 -0.734543 0.678210
1718924493.774415255 -0.939435 1.852912 0.006118 -0.011990 -0.018283 -0.734521 0.678233
1718924493.779384851 -0.939528 1.851823 0.006137 -0.011983 -0.018295 -0.734502 0.678254
1718924493.784345388 -0.939619 1.850734 0.006155 -0.011985 -0.018303 -0.734478 0.678280
1718924493.789381742 -0.939709 1.849626 0.006173 -0.011984 -0.018307 -0.734445 0.678316
1718924493.794377327 -0.939797 1.848526 0.006190 -0.011983 -0.018303 -0.734414 0.678349
1718924493.799381971 -0.939882 1.847423 0.006207 -0.011985 -0.018298 -0.734389 0.678376
1718924493.799987078 -0.939892 1.847290 0.006209 -0.011984 -0.018297 -0.734386 0.678379
1718924493.799987078 -0.939892 1.847290 0.006209 -0.011984 -0.018297 -0.734386 0.678379
1718924493.804397583 -0.939965 1.846316 0.006224 -0.011975 -0.018292 -0.734367 0.678401
1718924493.809384108 -0.940047 1.845214 0.006241 -0.011952 -0.018294 -0.734343 0.678427
1718924493.814395428 -0.940128 1.844104 0.006259 -0.011932 -0.018299 -0.734325 0.678446
1718924493.819373369 -0.940206 1.843003 0.006278 -0.011908 -0.018302 -0.734313 0.678460
1718924493.824394464 -0.940284 1.841891 0.006299 -0.011890 -0.018313 -0.734302 0.678471
1718924493.829422474 -0.940361 1.840777 0.006321 -0.011878 -0.018322 -0.734297 0.678477
1718924493.834397316 -0.940438 1.839675 0.006346 -0.011869 -0.018329 -0.734293 0.678481
1718924493.839348793 -0.940513 1.838578 0.006373 -0.011858 -0.018330 -0.734296 0.678478
1718924493.844394922 -0.940590 1.837459 0.006402 -0.011850 -0.018326 -0.734310 0.678464
1718924493.849393368 -0.940667 1.836353 0.006430 -0.011845 -0.018319 -0.734324 0.678449
1718924493.854344130 -0.940743 1.835257 0.006455 -0.011843 -0.018313 -0.734334 0.678438
1718924493.859399080 -0.940820 1.834138 0.006480 -0.011839 -0.018307 -0.734344 0.678427
1718924493.864393950 -0.940897 1.833031 0.006501 -0.011833 -0.018302 -0.734353 0.678418
1718924493.869349718 -0.940973 1.831930 0.006521 -0.011829 -0.018298 -0.734369 0.678400
1718924493.874351501 -0.941050 1.830819 0.006539 -0.011824 -0.018301 -0.734391 0.678377
1718924493.879340172 -0.941128 1.829710 0.006554 -0.011813 -0.018295 -0.734409 0.678357
1718924493.884382963 -0.941207 1.828590 0.006569 -0.011805 -0.018285 -0.734432 0.678333
1718924493.889379978 -0.941285 1.827480 0.006584 -0.011794 -0.018273 -0.734448 0.678317
1718924493.894377470 -0.941363 1.826370 0.006600 -0.011783 -0.018261 -0.734465 0.678298
1718924493.899379492 -0.941443 1.825258 0.006617 -0.011775 -0.018259 -0.734484 0.678279
1718924493.900008917 -0.941453 1.825118 0.006620 -0.011774 -0.018260 -0.734486 0.678276
1718924493.900008917 -0.941453 1.825118 0.006620 -0.011774 -0.018260 -0.734486 0.678276
1718924493.904348850 -0.941524 1.824153 0.006637 -0.011772 -0.018263 -0.734505 0.678256
1718924493.909382582 -0.941607 1.823035 0.006657 -0.011760 -0.018271 -0.734529 0.678229
1718924493.914355040 -0.941689 1.821930 0.006675 -0.011752 -0.018279 -0.734552 0.678204
1718924493.959392309 -0.942473 1.811887 0.006809 -0.011609 -0.018131 -0.734511 0.678255
1718924493.964395761 -0.942562 1.810768 0.006814 -0.011597 -0.018120 -0.734507 0.678260
1718924493.969409704 -0.942651 1.809647 0.006817 -0.011582 -0.018107 -0.734509 0.678258
1718924493.974399328 -0.942739 1.808533 0.006819 -0.011557 -0.018100 -0.734509 0.678259
1718924493.979343176 -0.942824 1.807427 0.006822 -0.011531 -0.018103 -0.734503 0.678265
1718924493.984332085 -0.942911 1.806310 0.006827 -0.011510 -0.018111 -0.734502 0.678267
1718924493.989378691 -0.943000 1.805179 0.006836 -0.011488 -0.018123 -0.734506 0.678263
1718924493.994374037 -0.943089 1.804060 0.006848 -0.011469 -0.018140 -0.734515 0.678253
1718924493.999341726 -0.943178 1.802949 0.006864 -0.011448 -0.018148 -0.734526 0.678242
1718924494.004375696 -0.943269 1.801826 0.006883 -0.011430 -0.018155 -0.734534 0.678232
1718924494.009378910 -0.943361 1.800711 0.006904 -0.011409 -0.018164 -0.734537 0.678229
1718924494.014342546 -0.943453 1.799606 0.006927 -0.011387 -0.018169 -0.734536 0.678231
1718924494.019360781 -0.943547 1.798492 0.006952 -0.011369 -0.018181 -0.734537 0.678230
1718924494.024359703 -0.943642 1.797383 0.006976 -0.011347 -0.018191 -0.734542 0.678225
1718924494.029338837 -0.943737 1.796282 0.007000 -0.011312 -0.018204 -0.734542 0.678225
1718924494.034344912 -0.943834 1.795176 0.007023 -0.011272 -0.018220 -0.734535 0.678233
1718924494.039348364 -0.943931 1.794072 0.007046 -0.011232 -0.018235 -0.734527 0.678242
1718924494.044389248 -0.944031 1.792962 0.007070 -0.011197 -0.018241 -0.734519 0.678251
1718924494.049361467 -0.944132 1.791868 0.007093 -0.011167 -0.018246 -0.734507 0.678264
1718924494.054341316 -0.944234 1.790775 0.007117 -0.011144 -0.018261 -0.734493 0.678279
1718924494.059382915 -0.944338 1.789669 0.007139 -0.011110 -0.018285 -0.734479 0.678294
1718924494.064352751 -0.944441 1.788581 0.007160 -0.011063 -0.018313 -0.734461 0.678314
1718924494.069338322 -0.944547 1.787491 0.007182 -0.011011 -0.018339 -0.734434 0.678343
1718924494.074332714 -0.944655 1.786401 0.007205 -0.010958 -0.018367 -0.734396 0.678385
1718924494.079378128 -0.944767 1.785301 0.007229 -0.010899 -0.018398 -0.734359 0.678424
1718924494.084374189 -0.944879 1.784213 0.007253 -0.010842 -0.018431 -0.734326 0.678460
1718924494.089336395 -0.944993 1.783132 0.007277 -0.010786 -0.018459 -0.734293 0.678496
1718924494.094375372 -0.945112 1.782034 0.007301 -0.010727 -0.018491 -0.734251 0.678541
1718924494.099378109 -0.945232 1.780944 0.007325 -0.010672 -0.018519 -0.734202 0.678595
1718924494.099992037 -0.945247 1.780810 0.007327 -0.010667 -0.018522 -0.734195 0.678602
1718924494.099992037 -0.945247 1.780810 0.007327 -0.010667 -0.018522 -0.734195 0.678602
1718924494.104374647 -0.945356 1.779853 0.007347 -0.010637 -0.018544 -0.734151 0.678650
1718924494.109326839 -0.945481 1.778772 0.007365 -0.010620 -0.018569 -0.734101 0.678703
1718924494.114400148 -0.945610 1.777664 0.007377 -0.010616 -0.018589 -0.734054 0.678753
1718924494.199985027 -0.947403 1.758636 0.007401 -0.010546 -0.018532 -0.734617 0.678146
1718924494.199985027 -0.947403 1.758636 0.007401 -0.010546 -0.018532 -0.734617 0.678146
1718924494.214344025 -0.947622 1.755376 0.007380 -0.010521 -0.018511 -0.734713 0.678043
1718924494.219340563 -0.947693 1.754237 0.007369 -0.010529 -0.018514 -0.734737 0.678018
1718924494.224350929 -0.947760 1.753093 0.007357 -0.010537 -0.018518 -0.734750 0.678004
1718924494.229343414 -0.947823 1.751952 0.007344 -0.010542 -0.018511 -0.734761 0.677992
1718924494.234344244 -0.947886 1.750806 0.007331 -0.010546 -0.018501 -0.734769 0.677983
1718924494.239343882 -0.947946 1.749658 0.007320 -0.010548 -0.018497 -0.734772 0.677980
1718924494.244341135 -0.948005 1.748507 0.007311 -0.010554 -0.018495 -0.734764 0.677988
1718924494.249333143 -0.948062 1.747355 0.007305 -0.010564 -0.018486 -0.734743 0.678011
1718924494.254321814 -0.948117 1.746202 0.007300 -0.010568 -0.018471 -0.734720 0.678037
1718924494.259334564 -0.948172 1.745043 0.007294 -0.010569 -0.018460 -0.734697 0.678062
1718924494.264341116 -0.948226 1.743886 0.007289 -0.010562 -0.018453 -0.734667 0.678095
1718924494.269346476 -0.948280 1.742727 0.007282 -0.010558 -0.018449 -0.734626 0.678140
1718924494.274337292 -0.948333 1.741569 0.007275 -0.010556 -0.018448 -0.734587 0.678181
1718924494.279395342 -0.948389 1.740394 0.007268 -0.010551 -0.018442 -0.734557 0.678214
1718924494.284378052 -0.948444 1.739236 0.007261 -0.010546 -0.018429 -0.734520 0.678254
1718924494.289378881 -0.948501 1.738076 0.007254 -0.010546 -0.018411 -0.734485 0.678293
1718924494.294374943 -0.948560 1.736918 0.007248 -0.010546 -0.018387 -0.734453 0.678328
1718924494.299379826 -0.948621 1.735757 0.007240 -0.010547 -0.018364 -0.734426 0.678358
1718924494.299994946 -0.948629 1.735614 0.007239 -0.010548 -0.018361 -0.734424 0.678361
1718924494.299994946 -0.948629 1.735614 0.007239 -0.010548 -0.018361 -0.734424 0.678361
1718924494.304336548 -0.948684 1.734606 0.007230 -0.010559 -0.018346 -0.734405 0.678381
1718924494.309339523 -0.948748 1.733443 0.007217 -0.010559 -0.018336 -0.734390 0.678398
1718924494.314348936 -0.948814 1.732278 0.007203 -0.010552 -0.018325 -0.734385 0.678404
1718924494.369427919 -0.949598 1.719396 0.006541 -0.010705 -0.018176 -0.734734 0.678027
1718924494.374341965 -0.949674 1.718224 0.006487 -0.010719 -0.018155 -0.734761 0.677998
1718924494.379340172 -0.949752 1.717031 0.006430 -0.010732 -0.018139 -0.734781 0.677977
1718924494.384336233 -0.949829 1.715836 0.006371 -0.010743 -0.018129 -0.734799 0.677957
1718924494.389377356 -0.949907 1.714626 0.006313 -0.010749 -0.018127 -0.734818 0.677937
1718924494.394337177 -0.949983 1.713430 0.006257 -0.010746 -0.018132 -0.734835 0.677918
1718924494.399338961 -0.950060 1.712221 0.006205 -0.010751 -0.018141 -0.734848 0.677904
1718924494.399996996 -0.950070 1.712061 0.006198 -0.010752 -0.018142 -0.734849 0.677903
1718924494.399996996 -0.950070 1.712061 0.006198 -0.010752 -0.018142 -0.734849 0.677903
1718924494.404376745 -0.950138 1.711003 0.006159 -0.010754 -0.018142 -0.734853 0.677898
1718924494.409347057 -0.950215 1.709802 0.006118 -0.010754 -0.018146 -0.734854 0.677897
1718924494.414347172 -0.950292 1.708593 0.006080 -0.010756 -0.018148 -0.734862 0.677888
1718924494.419362783 -0.950368 1.707378 0.006043 -0.010760 -0.018147 -0.734866 0.677885
1718924494.424343586 -0.950443 1.706171 0.006005 -0.010765 -0.018146 -0.734863 0.677887
1718924494.429434538 -0.950519 1.704938 0.005965 -0.010770 -0.018151 -0.734853 0.677898
1718924494.434352398 -0.950591 1.703747 0.005924 -0.010768 -0.018155 -0.734835 0.677917
1718924494.439342022 -0.950663 1.702539 0.005879 -0.010765 -0.018152 -0.734816 0.677938
1718924494.444366693 -0.950735 1.701321 0.005834 -0.010768 -0.018145 -0.734792 0.677964
1718924494.449388504 -0.950805 1.700101 0.005791 -0.010776 -0.018149 -0.734758 0.678001
1718924494.454374075 -0.950874 1.698889 0.005751 -0.010783 -0.018162 -0.734725 0.678036
1718924494.459392548 -0.950943 1.697668 0.005713 -0.010785 -0.018168 -0.734693 0.678071
1718924494.464340925 -0.951011 1.696467 0.005678 -0.010777 -0.018171 -0.734663 0.678103
1718924494.469353437 -0.951080 1.695252 0.005646 -0.010766 -0.018179 -0.734635 0.678133
1718924494.474342823 -0.951150 1.694045 0.005614 -0.010754 -0.018189 -0.734610 0.678160
1718924494.479339838 -0.951222 1.692836 0.005581 -0.010738 -0.018201 -0.734591 0.678181
1718924494.484332323 -0.951295 1.691629 0.005547 -0.010723 -0.018211 -0.734578 0.678195
1718924494.489344358 -0.951370 1.690420 0.005511 -0.010707 -0.018221 -0.734569 0.678205
1718924494.494335890 -0.951447 1.689218 0.005472 -0.010698 -0.018229 -0.734565 0.678209
1718924494.499379635 -0.951527 1.688006 0.005432 -0.010693 -0.018234 -0.734569 0.678204
1718924494.499994040 -0.951537 1.687859 0.005427 -0.010693 -0.018235 -0.734571 0.678203
1718924494.499994040 -0.951537 1.687859 0.005427 -0.010693 -0.018235 -0.734571 0.678203
1718924494.504335880 -0.951609 1.686816 0.005392 -0.010692 -0.018240 -0.734582 0.678190
1718924494.509369850 -0.951694 1.685606 0.005352 -0.010689 -0.018238 -0.734605 0.678165
1718924494.514414549 -0.951781 1.684392 0.005312 -0.010687 -0.018247 -0.734633 0.678135
1718924494.554340839 -0.952457 1.674741 0.004968 -0.010598 -0.018171 -0.734846 0.677908
1718924494.559388399 -0.952540 1.673513 0.004921 -0.010589 -0.018173 -0.734870 0.677882
1718924494.564338923 -0.952620 1.672305 0.004875 -0.010574 -0.018176 -0.734892 0.677858
1718924494.569357395 -0.952700 1.671076 0.004829 -0.010554 -0.018176 -0.734912 0.677836
1718924494.574341774 -0.952778 1.669854 0.004784 -0.010538 -0.018166 -0.734931 0.677816
1718924494.579342127 -0.952854 1.668627 0.004740 -0.010521 -0.018158 -0.734947 0.677799
1718924494.584334135 -0.952928 1.667402 0.004696 -0.010510 -0.018162 -0.734955 0.677791
1718924494.589377642 -0.953001 1.666162 0.004652 -0.010507 -0.018166 -0.734954 0.677793
1718924494.594374418 -0.953072 1.664932 0.004609 -0.010507 -0.018170 -0.734951 0.677796
1718924494.599370241 -0.953140 1.663700 0.004566 -0.010507 -0.018182 -0.734941 0.677806
1718924494.599991083 -0.953148 1.663546 0.004560 -0.010505 -0.018182 -0.734939 0.677808
1718924494.599991083 -0.953148 1.663546 0.004560 -0.010505 -0.018182 -0.734939 0.677808
1718924494.604380131 -0.953206 1.662462 0.004522 -0.010496 -0.018185 -0.734927 0.677821
1718924494.609370708 -0.953269 1.661228 0.004477 -0.010486 -0.018172 -0.734909 0.677842
1718924494.614370584 -0.953330 1.659992 0.004431 -0.010481 -0.018160 -0.734885 0.677867
1718924494.619371414 -0.953389 1.658754 0.004387 -0.010473 -0.018151 -0.734861 0.677894
1718924494.624439478 -0.953447 1.657496 0.004343 -0.010465 -0.018146 -0.734834 0.677923
1718924494.629433393 -0.953501 1.656254 0.004301 -0.010458 -0.018147 -0.734806 0.677954
1718924494.634417772 -0.953552 1.655012 0.004258 -0.010445 -0.018145 -0.734781 0.677981
1718924494.639351368 -0.953601 1.653783 0.004215 -0.010432 -0.018144 -0.734754 0.678011
1718924494.644336224 -0.953649 1.652542 0.004169 -0.010414 -0.018151 -0.734728 0.678039
1718924494.649340153 -0.953696 1.651296 0.004123 -0.010396 -0.018159 -0.734712 0.678056
1718924494.654335976 -0.953743 1.650051 0.004076 -0.010377 -0.018169 -0.734703 0.678066
1718924494.659343958 -0.953789 1.648802 0.004030 -0.010367 -0.018179 -0.734697 0.678073
1718924494.664345026 -0.953837 1.647555 0.003987 -0.010366 -0.018176 -0.734693 0.678077
1718924494.669363976 -0.953885 1.646306 0.003946 -0.010375 -0.018167 -0.734688 0.678083
1718924494.674347162 -0.953934 1.645066 0.003909 -0.010382 -0.018165 -0.734677 0.678094
1718924494.679342508 -0.953984 1.643825 0.003873 -0.010380 -0.018163 -0.734675 0.678096
1718924494.684334040 -0.954036 1.642584 0.003837 -0.010377 -0.018163 -0.734679 0.678092
1718924494.689340115 -0.954090 1.641339 0.003800 -0.010371 -0.018156 -0.734687 0.678084
1718924494.694339752 -0.954146 1.640097 0.003760 -0.010361 -0.018145 -0.734701 0.678070
1718924494.699351311 -0.954204 1.638853 0.003718 -0.010351 -0.018134 -0.734711 0.678059
1718924494.699903250 -0.954211 1.638716 0.003713 -0.010350 -0.018133 -0.734713 0.678057
1718924494.699903250 -0.954211 1.638716 0.003713 -0.010350 -0.018133 -0.734713 0.678057
1718924494.699985981 -0.952297 1.642518 0.003087 -0.009764 -0.018156 -0.734525 0.678268
1718924494.699985981 -0.952297 1.642518 0.003087 -0.009764 -0.018156 -0.734525 0.678268
1718924494.704335928 -0.952380 1.641655 0.003092 -0.009753 -0.018152 -0.734541 0.678251
1718924494.709334373 -0.952478 1.640661 0.003096 -0.009741 -0.018139 -0.734569 0.678221
1718924494.714344740 -0.952579 1.639665 0.003098 -0.009733 -0.018127 -0.734597 0.678191
1718924494.719399929 -0.952683 1.638661 0.003100 -0.009727 -0.018116 -0.734633 0.678153
1718924494.764382124 -0.953667 1.629603 0.003035 -0.009626 -0.018073 -0.734864 0.677905
1718924494.779330254 -0.954005 1.626517 0.003003 -0.009614 -0.018008 -0.734898 0.677871
1718924494.784370661 -0.954117 1.625468 0.002993 -0.009607 -0.017990 -0.734903 0.677865
1718924494.789364338 -0.954227 1.624426 0.002983 -0.009598 -0.017967 -0.734903 0.677866
1718924494.794371128 -0.954336 1.623377 0.002974 -0.009588 -0.017943 -0.734905 0.677865
1718924494.799327850 -0.954441 1.622335 0.002965 -0.009572 -0.017935 -0.734907 0.677864
1718924494.804374933 -0.954546 1.621271 0.002955 -0.009556 -0.017924 -0.734903 0.677868
1718924494.809368134 -0.954647 1.620217 0.002944 -0.009540 -0.017912 -0.734899 0.677873
1718924494.814341307 -0.954744 1.619166 0.002935 -0.009528 -0.017898 -0.734893 0.677880
1718924494.819344044 -0.954839 1.618110 0.002929 -0.009527 -0.017891 -0.734889 0.677884
1718924494.824410677 -0.954932 1.617041 0.002925 -0.009542 -0.017893 -0.734884 0.677889
1718924494.829342842 -0.955019 1.616000 0.002926 -0.009561 -0.017893 -0.734876 0.677898
1718924494.834394455 -0.955104 1.614935 0.002928 -0.009577 -0.017895 -0.734871 0.677903
1718924494.839341879 -0.955183 1.613894 0.002931 -0.009599 -0.017895 -0.734863 0.677911
1718924494.844384909 -0.955258 1.612836 0.002933 -0.009625 -0.017896 -0.734850 0.677925
1718924494.849335909 -0.955327 1.611799 0.002934 -0.009648 -0.017898 -0.734848 0.677927
1718924494.854372501 -0.955392 1.610744 0.002932 -0.009657 -0.017897 -0.734841 0.677935
1718924494.859333277 -0.955452 1.609705 0.002928 -0.009679 -0.017895 -0.734831 0.677945
1718924494.864326477 -0.955508 1.608658 0.002923 -0.009706 -0.017877 -0.734822 0.677955
1718924494.869331121 -0.955560 1.607607 0.002917 -0.009726 -0.017859 -0.734812 0.677966
1718924494.874326229 -0.955610 1.606558 0.002912 -0.009747 -0.017854 -0.734798 0.677980
1718924494.879321814 -0.955657 1.605507 0.002907 -0.009761 -0.017851 -0.734790 0.677990
1718924494.884326458 -0.955702 1.604452 0.002902 -0.009773 -0.017849 -0.734778 0.678002
1718924494.889322042 -0.955746 1.603397 0.002896 -0.009773 -0.017853 -0.734762 0.678020
1718924494.894370556 -0.955790 1.602331 0.002890 -0.009760 -0.017859 -0.734747 0.678036
1718924494.899322510 -0.955835 1.601287 0.002883 -0.009750 -0.017862 -0.734741 0.678042
1718924494.900005341 -0.955841 1.601143 0.002882 -0.009749 -0.017863 -0.734740 0.678043
1718924494.900005341 -0.955841 1.601143 0.002882 -0.009749 -0.017863 -0.734740 0.678043
1718924494.904369593 -0.955883 1.600222 0.002874 -0.009739 -0.017874 -0.734734 0.678050
1718924494.909324408 -0.955933 1.599175 0.002865 -0.009734 -0.017884 -0.734729 0.678055
1718924494.914337397 -0.955988 1.598117 0.002855 -0.009734 -0.017892 -0.734723 0.678061
1718924494.994340897 -0.957383 1.581173 0.002977 -0.009642 -0.018160 -0.734961 0.677797
1718924494.999328136 -0.957504 1.580117 0.003009 -0.009638 -0.018170 -0.734982 0.677774
1718924494.999958038 -0.957519 1.579984 0.003013 -0.009638 -0.018171 -0.734985 0.677771
1718924494.999958038 -0.957519 1.579984 0.003013 -0.009638 -0.018171 -0.734985 0.677771
1718924495.004374027 -0.957629 1.579051 0.003041 -0.009643 -0.018176 -0.735007 0.677747
1718924495.009327412 -0.957752 1.578003 0.003071 -0.009657 -0.018179 -0.735030 0.677722
1718924495.014339209 -0.957876 1.576942 0.003101 -0.009671 -0.018183 -0.735053 0.677697
1718924495.019346952 -0.957998 1.575881 0.003130 -0.009683 -0.018185 -0.735082 0.677665
1718924495.024413824 -0.958118 1.574806 0.003158 -0.009698 -0.018179 -0.735109 0.677635
1718924495.029335499 -0.958230 1.573758 0.003185 -0.009717 -0.018176 -0.735136 0.677607
1718924495.034333467 -0.958338 1.572689 0.003214 -0.009742 -0.018182 -0.735159 0.677581
1718924495.039333582 -0.958439 1.571618 0.003246 -0.009771 -0.018187 -0.735180 0.677558
1718924495.044328451 -0.958533 1.570545 0.003283 -0.009809 -0.018187 -0.735197 0.677538
1718924495.049351692 -0.958618 1.569463 0.003326 -0.009851 -0.018187 -0.735209 0.677525
1718924495.054324150 -0.958693 1.568390 0.003372 -0.009907 -0.018183 -0.735218 0.677514
1718924495.059335947 -0.958759 1.567306 0.003422 -0.009969 -0.018169 -0.735227 0.677505
1718924495.064325809 -0.958813 1.566226 0.003474 -0.010029 -0.018155 -0.735226 0.677505
1718924495.069328785 -0.958855 1.565141 0.003526 -0.010081 -0.018144 -0.735216 0.677515
1718924495.074335098 -0.958883 1.564055 0.003576 -0.010131 -0.018134 -0.735194 0.677539
1718924495.079324961 -0.958899 1.562969 0.003625 -0.010182 -0.018118 -0.735167 0.677568
1718924495.084324837 -0.958904 1.561879 0.003672 -0.010234 -0.018100 -0.735132 0.677605
1718924495.089323759 -0.958896 1.560786 0.003718 -0.010289 -0.018087 -0.735090 0.677650
1718924495.094327211 -0.958877 1.559689 0.003762 -0.010350 -0.018078 -0.735040 0.677703
1718924495.099323750 -0.958845 1.558591 0.003805 -0.010411 -0.018047 -0.734984 0.677764
1718924495.099987984 -0.958840 1.558445 0.003811 -0.010418 -0.018041 -0.734976 0.677773
1718924495.099987984 -0.958840 1.558445 0.003811 -0.010418 -0.018041 -0.734976 0.677773
1718924495.104326725 -0.958804 1.557487 0.003848 -0.010463 -0.018004 -0.734924 0.677830
1718924495.109323740 -0.958752 1.556381 0.003888 -0.010511 -0.017969 -0.734860 0.677899
1718924495.114335537 -0.958694 1.555268 0.003923 -0.010541 -0.017946 -0.734798 0.677967
1718924495.139336586 -0.958443 1.549680 0.004127 -0.010744 -0.017811 -0.734573 0.678211
1718924495.144328833 -0.958406 1.548560 0.004184 -0.010786 -0.017781 -0.734531 0.678257
1718924495.149325848 -0.958374 1.547437 0.004246 -0.010831 -0.017761 -0.734493 0.678297
1718924495.154377937 -0.958350 1.546302 0.004314 -0.010878 -0.017746 -0.734463 0.678329
1718924495.159322023 -0.958335 1.545191 0.004383 -0.010926 -0.017734 -0.734442 0.678352
1718924495.164392948 -0.958327 1.544053 0.004454 -0.010967 -0.017713 -0.734427 0.678368
1718924495.169337988 -0.958327 1.542943 0.004521 -0.010999 -0.017686 -0.734413 0.678384
1718924495.174370766 -0.958335 1.541812 0.004586 -0.011023 -0.017658 -0.734403 0.678394
1718924495.179323673 -0.958351 1.540698 0.004647 -0.011051 -0.017635 -0.734392 0.678407
1718924495.184368610 -0.958376 1.539562 0.004707 -0.011081 -0.017617 -0.734378 0.678422
1718924495.189320326 -0.958408 1.538445 0.004766 -0.011113 -0.017615 -0.734361 0.678439
1718924495.194366455 -0.958448 1.537304 0.004828 -0.011154 -0.017619 -0.734343 0.678458
1718924495.199323654 -0.958493 1.536180 0.004890 -0.011196 -0.017622 -0.734325 0.678477
1718924495.199995041 -0.958500 1.536027 0.004899 -0.011200 -0.017622 -0.734322 0.678480
1718924495.199995041 -0.958500 1.536027 0.004899 -0.011200 -0.017622 -0.734322 0.678480
1718924495.204367638 -0.958546 1.535035 0.004953 -0.011227 -0.017626 -0.734300 0.678503
1718924495.209363461 -0.958606 1.533902 0.005015 -0.011255 -0.017626 -0.734258 0.678548
1718924495.214334726 -0.958672 1.532774 0.005075 -0.011278 -0.017621 -0.734210 0.678600
1718924495.219344378 -0.958744 1.531637 0.005136 -0.011299 -0.017618 -0.734163 0.678651
1718924495.224344492 -0.958820 1.530501 0.005197 -0.011315 -0.017626 -0.734115 0.678702
1718924495.229392052 -0.958903 1.529352 0.005261 -0.011329 -0.017639 -0.734069 0.678751
1718924495.234394789 -0.958988 1.528211 0.005327 -0.011355 -0.017645 -0.734016 0.678808
1718924495.239339590 -0.959075 1.527082 0.005397 -0.011387 -0.017654 -0.733958 0.678869
1718924495.244325876 -0.959163 1.525942 0.005469 -0.011402 -0.017678 -0.733900 0.678932
1718924495.249392509 -0.959253 1.524783 0.005541 -0.011400 -0.017701 -0.733834 0.679003
1718924495.254375696 -0.959343 1.523644 0.005607 -0.011391 -0.017709 -0.733769 0.679073
1718924495.259372473 -0.959435 1.522501 0.005666 -0.011372 -0.017711 -0.733705 0.679142
1718924495.264335394 -0.959527 1.521365 0.005718 -0.011346 -0.017714 -0.733644 0.679208
1718924495.269329786 -0.959619 1.520220 0.005763 -0.011324 -0.017715 -0.733595 0.679262
1718924495.274328947 -0.959713 1.519074 0.005806 -0.011307 -0.017708 -0.733554 0.679307
1718924495.279325724 -0.959807 1.517928 0.005849 -0.011301 -0.017695 -0.733510 0.679354
1718924495.284326077 -0.959902 1.516781 0.005896 -0.011298 -0.017692 -0.733475 0.679392
1718924495.289319277 -0.959997 1.515637 0.005946 -0.011297 -0.017702 -0.733451 0.679417
1718924495.294370890 -0.960093 1.514481 0.006000 -0.011281 -0.017715 -0.733441 0.679429
1718924495.299361706 -0.960188 1.513343 0.006057 -0.011264 -0.017728 -0.733438 0.679432
1718924495.304358959 -0.960284 1.512208 0.006116 -0.011253 -0.017735 -0.733456 0.679412
1718924495.309325695 -0.960380 1.511083 0.006178 -0.011247 -0.017739 -0.733481 0.679386
1718924495.314325809 -0.960478 1.509953 0.006242 -0.011253 -0.017745 -0.733509 0.679355
1718924495.364372492 -0.961433 1.498574 0.006826 -0.011423 -0.017902 -0.733795 0.679039
1718924495.369318247 -0.961525 1.497438 0.006895 -0.011432 -0.017914 -0.733813 0.679019
1718924495.374364853 -0.961619 1.496277 0.006965 -0.011430 -0.017930 -0.733820 0.679011
1718924495.379361868 -0.961711 1.495127 0.007034 -0.011420 -0.017947 -0.733824 0.679007
1718924495.384327173 -0.961802 1.493984 0.007103 -0.011409 -0.017962 -0.733819 0.679011
1718924495.389327288 -0.961894 1.492832 0.007176 -0.011403 -0.017968 -0.733806 0.679026
1718924495.394320965 -0.961986 1.491681 0.007252 -0.011402 -0.017972 -0.733780 0.679053
1718924495.399364710 -0.962079 1.490516 0.007334 -0.011405 -0.017988 -0.733749 0.679087
1718924495.400008202 -0.962091 1.490368 0.007344 -0.011405 -0.017991 -0.733744 0.679092
1718924495.400008202 -0.962091 1.490368 0.007344 -0.011405 -0.017991 -0.733744 0.679092
1718924495.404360056 -0.962172 1.489364 0.007420 -0.011413 -0.018013 -0.733707 0.679131
1718924495.409366131 -0.962266 1.488209 0.007507 -0.011424 -0.018032 -0.733649 0.679193
1718924495.414411306 -0.962360 1.487046 0.007592 -0.011428 -0.018051 -0.733585 0.679261
1718924495.419354677 -0.962453 1.485907 0.007673 -0.011425 -0.018073 -0.733529 0.679322
1718924495.424392700 -0.962549 1.484745 0.007753 -0.011414 -0.018088 -0.733472 0.679383
1718924495.429386854 -0.962645 1.483594 0.007831 -0.011408 -0.018094 -0.733408 0.679452
1718924495.434366703 -0.962743 1.482445 0.007910 -0.011406 -0.018097 -0.733349 0.679516
1718924495.439330339 -0.962842 1.481299 0.007991 -0.011394 -0.018106 -0.733295 0.679574
1718924495.444328308 -0.962943 1.480144 0.008075 -0.011381 -0.018124 -0.733243 0.679630
1718924495.449320316 -0.963045 1.478992 0.008161 -0.011369 -0.018150 -0.733196 0.679680
1718924495.454384565 -0.963152 1.477824 0.008250 -0.011358 -0.018173 -0.733158 0.679721
1718924495.459345102 -0.963260 1.476681 0.008336 -0.011343 -0.018193 -0.733139 0.679741
1718924495.464373827 -0.963372 1.475526 0.008424 -0.011331 -0.018198 -0.733134 0.679747
1718924495.469362259 -0.963485 1.474382 0.008509 -0.011320 -0.018198 -0.733142 0.679737
1718924495.474365950 -0.963601 1.473239 0.008592 -0.011318 -0.018197 -0.733163 0.679715
1718924495.479363680 -0.963718 1.472097 0.008675 -0.011325 -0.018194 -0.733189 0.679687
1718924495.484356165 -0.963836 1.470958 0.008757 -0.011339 -0.018196 -0.733222 0.679651
1718924495.489364624 -0.963955 1.469813 0.008840 -0.011349 -0.018201 -0.733253 0.679617
1718924495.494358778 -0.964073 1.468672 0.008922 -0.011347 -0.018203 -0.733291 0.679577
1718924495.499362946 -0.964191 1.467529 0.009003 -0.011337 -0.018204 -0.733340 0.679523
1718924495.499991894 -0.964205 1.467385 0.009014 -0.011336 -0.018204 -0.733346 0.679517
1718924495.499991894 -0.964205 1.467385 0.009014 -0.011336 -0.018204 -0.733346 0.679517
1718924495.504320145 -0.964307 1.466396 0.009079 -0.011328 -0.018200 -0.733387 0.679473
1718924495.509320498 -0.964424 1.465253 0.009152 -0.011322 -0.018195 -0.733439 0.679417
1718924495.514402628 -0.964542 1.464088 0.009226 -0.011318 -0.018178 -0.733499 0.679353
1718924495.569323778 -0.965799 1.451462 0.009722 -0.011415 -0.018299 -0.733269 0.679596
1718924495.574325085 -0.965914 1.450304 0.009760 -0.011414 -0.018287 -0.733241 0.679627
1718924495.579361200 -0.966029 1.449137 0.009792 -0.011408 -0.018274 -0.733206 0.679666
1718924495.584316492 -0.966141 1.447988 0.009820 -0.011402 -0.018261 -0.733161 0.679715
1718924495.589335203 -0.966254 1.446824 0.009846 -0.011399 -0.018246 -0.733114 0.679765
1718924495.594319344 -0.966365 1.445670 0.009871 -0.011395 -0.018234 -0.733075 0.679808
1718924495.599322319 -0.966476 1.444511 0.009899 -0.011389 -0.018224 -0.733042 0.679844
1718924495.604316711 -0.966587 1.443354 0.009932 -0.011386 -0.018219 -0.733011 0.679877
1718924495.609322548 -0.966698 1.442194 0.009969 -0.011380 -0.018224 -0.732983 0.679907
1718924495.614334106 -0.966810 1.441035 0.010010 -0.011372 -0.018235 -0.732964 0.679928
1718924495.619338989 -0.966923 1.439879 0.010054 -0.011363 -0.018245 -0.732947 0.679946
1718924495.624325037 -0.967038 1.438730 0.010100 -0.011355 -0.018246 -0.732941 0.679953
1718924495.629324675 -0.967154 1.437580 0.010148 -0.011363 -0.018245 -0.732946 0.679947
1718924495.634342194 -0.967273 1.436426 0.010197 -0.011374 -0.018249 -0.732958 0.679933
1718924495.639318466 -0.967391 1.435283 0.010244 -0.011391 -0.018250 -0.732978 0.679912
1718924495.644320011 -0.967512 1.434136 0.010288 -0.011412 -0.018257 -0.732996 0.679892
1718924495.649323702 -0.967635 1.432991 0.010329 -0.011429 -0.018268 -0.733019 0.679867
1718924495.654333353 -0.967758 1.431846 0.010367 -0.011446 -0.018275 -0.733051 0.679831
1718924495.659342766 -0.967883 1.430701 0.010404 -0.011458 -0.018285 -0.733082 0.679798
1718924495.664384604 -0.968011 1.429550 0.010443 -0.011464 -0.018297 -0.733114 0.679763
1718924495.669323206 -0.968136 1.428423 0.010483 -0.011463 -0.018308 -0.733141 0.679733
1718924495.674322844 -0.968263 1.427284 0.010526 -0.011463 -0.018320 -0.733167 0.679705
1718924495.679361105 -0.968393 1.426138 0.010572 -0.011458 -0.018330 -0.733195 0.679674
1718924495.684307098 -0.968522 1.425013 0.010618 -0.011459 -0.018339 -0.733217 0.679650
1718924495.689325094 -0.968654 1.423873 0.010664 -0.011453 -0.018355 -0.733238 0.679628
1718924495.694319963 -0.968787 1.422741 0.010708 -0.011444 -0.018368 -0.733257 0.679607
1718924495.699323893 -0.968921 1.421609 0.010750 -0.011430 -0.018390 -0.733269 0.679594
1718924495.699904203 -0.968937 1.421478 0.010754 -0.011428 -0.018393 -0.733270 0.679593
1718924495.699904203 -0.968937 1.421478 0.010754 -0.011428 -0.018393 -0.733270 0.679593
1718924495.704329967 -0.969058 1.420482 0.010792 -0.011415 -0.018416 -0.733277 0.679585
1718924495.709327459 -0.969198 1.419358 0.010834 -0.011401 -0.018435 -0.733277 0.679584
1718924495.714329481 -0.969341 1.418233 0.010874 -0.011401 -0.018447 -0.733269 0.679592
1718924495.719342709 -0.969487 1.417103 0.010914 -0.011406 -0.018453 -0.733255 0.679608
1718924495.800027132 -0.971432 1.398904 0.011296 -0.011808 -0.018338 -0.733677 0.679148
1718924495.800027132 -0.971432 1.398904 0.011296 -0.011808 -0.018338 -0.733677 0.679148
1718924495.824378729 -0.971835 1.393367 0.011282 -0.011965 -0.018330 -0.733806 0.679006
1718924495.829326391 -0.971909 1.392243 0.011278 -0.011988 -0.018314 -0.733828 0.678983
1718924495.834374428 -0.971982 1.391095 0.011272 -0.012006 -0.018296 -0.733847 0.678962
1718924495.839322567 -0.972049 1.389968 0.011265 -0.012021 -0.018280 -0.733863 0.678945
1718924495.844370604 -0.972115 1.388818 0.011255 -0.012033 -0.018272 -0.733878 0.678929
1718924495.849374056 -0.972178 1.387678 0.011244 -0.012043 -0.018261 -0.733888 0.678918
1718924495.854362488 -0.972239 1.386540 0.011233 -0.012050 -0.018249 -0.733895 0.678911
1718924495.859313726 -0.972299 1.385411 0.011221 -0.012054 -0.018248 -0.733904 0.678901
1718924495.864352226 -0.972358 1.384261 0.011210 -0.012058 -0.018241 -0.733913 0.678891
1718924495.869356155 -0.972418 1.383119 0.011200 -0.012062 -0.018228 -0.733906 0.678899
1718924495.874344349 -0.972478 1.381980 0.011192 -0.012063 -0.018216 -0.733884 0.678924
1718924495.879327297 -0.972539 1.380842 0.011185 -0.012063 -0.018203 -0.733862 0.678947
1718924495.884355068 -0.972602 1.379693 0.011181 -0.012071 -0.018184 -0.733852 0.678959
1718924495.889318943 -0.972666 1.378558 0.011179 -0.012089 -0.018169 -0.733840 0.678971
1718924495.894313812 -0.972732 1.377416 0.011178 -0.012110 -0.018156 -0.733821 0.678992
1718924495.899318695 -0.972799 1.376270 0.011175 -0.012126 -0.018137 -0.733800 0.679015
1718924495.899998903 -0.972808 1.376115 0.011174 -0.012127 -0.018135 -0.733797 0.679019
1718924495.899998903 -0.972808 1.376115 0.011174 -0.012127 -0.018135 -0.733797 0.679019
1718924495.904313564 -0.972869 1.375133 0.011170 -0.012138 -0.018116 -0.733776 0.679042
1718924495.909312487 -0.972941 1.373996 0.011163 -0.012144 -0.018098 -0.733754 0.679065
1718924495.914322376 -0.973016 1.372858 0.011153 -0.012146 -0.018081 -0.733733 0.679088
1718924495.929322720 -0.973253 1.369462 0.011112 -0.012152 -0.018056 -0.733719 0.679105
1718924495.934328556 -0.973336 1.368328 0.011095 -0.012142 -0.018044 -0.733723 0.679100
1718924495.939324856 -0.973422 1.367198 0.011077 -0.012133 -0.018038 -0.733733 0.679090
1718924495.944335699 -0.973511 1.366064 0.011058 -0.012118 -0.018037 -0.733742 0.679081
1718924495.949323893 -0.973603 1.364936 0.011041 -0.012104 -0.018034 -0.733766 0.679055
1718924495.954324722 -0.973700 1.363804 0.011025 -0.012096 -0.018031 -0.733799 0.679020
1718924495.959360361 -0.973800 1.362663 0.011010 -0.012095 -0.018026 -0.733832 0.678984
1718924495.964374304 -0.973902 1.361527 0.010995 -0.012103 -0.018021 -0.733867 0.678946
1718924495.969363928 -0.974007 1.360397 0.010979 -0.012113 -0.018011 -0.733905 0.678905
1718924495.974371910 -0.974114 1.359263 0.010961 -0.012121 -0.017998 -0.733947 0.678860
1718924495.979385614 -0.974222 1.358126 0.010942 -0.012127 -0.017988 -0.733989 0.678814
1718924495.984369993 -0.974330 1.356993 0.010921 -0.012134 -0.017979 -0.734030 0.678770
1718924495.989321709 -0.974438 1.355867 0.010898 -0.012138 -0.017974 -0.734069 0.678729
1718924495.994321823 -0.974547 1.354727 0.010872 -0.012140 -0.017961 -0.734105 0.678690
1718924495.999377012 -0.974657 1.353572 0.010846 -0.012145 -0.017943 -0.734144 0.678648
1718924496.004356146 -0.974766 1.352433 0.010821 -0.012146 -0.017931 -0.734180 0.678610
1718924496.009350777 -0.974872 1.351288 0.010798 -0.012154 -0.017924 -0.734210 0.678577
1718924496.014321804 -0.974977 1.350146 0.010776 -0.012161 -0.017916 -0.734224 0.678562
1718924496.019340515 -0.975081 1.348991 0.010755 -0.012167 -0.017907 -0.734234 0.678551
1718924496.024378538 -0.975182 1.347832 0.010738 -0.012167 -0.017899 -0.734244 0.678541
1718924496.029322386 -0.975280 1.346694 0.010724 -0.012167 -0.017895 -0.734254 0.678530
1718924496.034325361 -0.975376 1.345545 0.010715 -0.012169 -0.017897 -0.734250 0.678534
1718924496.039318323 -0.975470 1.344398 0.010711 -0.012172 -0.017898 -0.734239 0.678546
1718924496.044368744 -0.975561 1.343239 0.010711 -0.012184 -0.017889 -0.734220 0.678567
1718924496.049391270 -0.975648 1.342088 0.010712 -0.012203 -0.017870 -0.734189 0.678600
1718924496.054316759 -0.975730 1.340962 0.010712 -0.012225 -0.017847 -0.734158 0.678634
1718924496.059323072 -0.975808 1.339819 0.010710 -0.012245 -0.017824 -0.734131 0.678663
1718924496.064321041 -0.975883 1.338680 0.010706 -0.012255 -0.017808 -0.734107 0.678690
1718924496.069357157 -0.975953 1.337530 0.010699 -0.012266 -0.017802 -0.734068 0.678732
1718924496.074316740 -0.976018 1.336398 0.010691 -0.012277 -0.017796 -0.734025 0.678779
1718924496.079313040 -0.976080 1.335257 0.010682 -0.012286 -0.017786 -0.733986 0.678821
1718924496.084350586 -0.976138 1.334110 0.010673 -0.012291 -0.017760 -0.733949 0.678861
1718924496.089316845 -0.976192 1.332981 0.010664 -0.012291 -0.017731 -0.733920 0.678893
1718924496.094311953 -0.976245 1.331848 0.010657 -0.012288 -0.017712 -0.733896 0.678920
1718924496.099356413 -0.976296 1.330704 0.010654 -0.012290 -0.017703 -0.733881 0.678936
1718924496.099993229 -0.976303 1.330559 0.010654 -0.012291 -0.017702 -0.733880 0.678938
1718924496.099993229 -0.976303 1.330559 0.010654 -0.012291 -0.017702 -0.733880 0.678938
1718924496.104352713 -0.976347 1.329574 0.010656 -0.012294 -0.017692 -0.733867 0.678951
1718924496.109309435 -0.976397 1.328458 0.010661 -0.012300 -0.017688 -0.733858 0.678961
1718924496.114371538 -0.976448 1.327323 0.010668 -0.012308 -0.017685 -0.733856 0.678964
1718924496.199988127 -0.977660 1.307760 0.010739 -0.012319 -0.017696 -0.733481 0.679367
1718924496.199988127 -0.977660 1.307760 0.010739 -0.012319 -0.017696 -0.733481 0.679367
1718924496.219330549 -0.978025 1.303227 0.010756 -0.012341 -0.017691 -0.733399 0.679456
1718924496.224332809 -0.978125 1.302047 0.010762 -0.012338 -0.017684 -0.733372 0.679486
1718924496.229330540 -0.978227 1.300866 0.010768 -0.012336 -0.017666 -0.733335 0.679526
1718924496.234339237 -0.978330 1.299681 0.010776 -0.012326 -0.017654 -0.733298 0.679567
1718924496.239356279 -0.978435 1.298491 0.010786 -0.012311 -0.017643 -0.733268 0.679599
1718924496.244323969 -0.978538 1.297312 0.010796 -0.012305 -0.017632 -0.733240 0.679630
1718924496.249319315 -0.978642 1.296126 0.010807 -0.012298 -0.017623 -0.733214 0.679659
1718924496.254358292 -0.978746 1.294930 0.010817 -0.012287 -0.017612 -0.733194 0.679680
1718924496.259319544 -0.978849 1.293756 0.010826 -0.012275 -0.017613 -0.733189 0.679686
1718924496.264364243 -0.978952 1.292564 0.010835 -0.012263 -0.017616 -0.733183 0.679693
1718924496.269321918 -0.979052 1.291397 0.010844 -0.012252 -0.017617 -0.733172 0.679705
1718924496.274358749 -0.979153 1.290212 0.010856 -0.012242 -0.017619 -0.733171 0.679706
1718924496.279333591 -0.979252 1.289042 0.010870 -0.012238 -0.017618 -0.733180 0.679696
1718924496.284327030 -0.979349 1.287870 0.010887 -0.012234 -0.017606 -0.733195 0.679680
1718924496.289318085 -0.979446 1.286702 0.010906 -0.012234 -0.017591 -0.733216 0.679659
1718924496.294309855 -0.979541 1.285537 0.010925 -0.012228 -0.017577 -0.733243 0.679630
1718924496.299303532 -0.979634 1.284373 0.010945 -0.012229 -0.017573 -0.733267 0.679604
1718924496.299987316 -0.979647 1.284214 0.010947 -0.012229 -0.017572 -0.733271 0.679600
1718924496.299987316 -0.979647 1.284214 0.010947 -0.012229 -0.017572 -0.733271 0.679600
1718924496.304313183 -0.979727 1.283207 0.010963 -0.012231 -0.017569 -0.733292 0.679577
1718924496.309308529 -0.979817 1.282045 0.010978 -0.012240 -0.017564 -0.733316 0.679551
1718924496.314320326 -0.979907 1.280881 0.010989 -0.012247 -0.017559 -0.733344 0.679521
1718924496.359322786 -0.980677 1.270402 0.011021 -0.012271 -0.017457 -0.733494 0.679361
1718924496.364317179 -0.980760 1.269234 0.011021 -0.012268 -0.017454 -0.733498 0.679356
1718924496.369318962 -0.980843 1.268063 0.011019 -0.012267 -0.017444 -0.733497 0.679358
1718924496.374351978 -0.980927 1.266885 0.011016 -0.012268 -0.017425 -0.733493 0.679363
1718924496.379320383 -0.981011 1.265722 0.011011 -0.012274 -0.017405 -0.733486 0.679371
1718924496.384359360 -0.981096 1.264542 0.011005 -0.012278 -0.017381 -0.733467 0.679392
1718924496.389316320 -0.981179 1.263379 0.011001 -0.012278 -0.017367 -0.733446 0.679415
1718924496.394313097 -0.981262 1.262204 0.010996 -0.012280 -0.017352 -0.733426 0.679437
1718924496.399300098 -0.981345 1.261029 0.010993 -0.012276 -0.017338 -0.733400 0.679466
1718924496.399989128 -0.981356 1.260866 0.010993 -0.012275 -0.017337 -0.733395 0.679471
1718924496.399989128 -0.981356 1.260866 0.010993 -0.012275 -0.017337 -0.733395 0.679471
1718924496.404311895 -0.981426 1.259846 0.010991 -0.012273 -0.017326 -0.733367 0.679501
1718924496.409347773 -0.981506 1.258658 0.010989 -0.012276 -0.017308 -0.733339 0.679532
1718924496.414386034 -0.981587 1.257469 0.010989 -0.012281 -0.017289 -0.733314 0.679560
1718924496.419457197 -0.981667 1.256272 0.010988 -0.012287 -0.017264 -0.733298 0.679577
1718924496.424380064 -0.981745 1.255109 0.010988 -0.012295 -0.017245 -0.733291 0.679585
1718924496.429345131 -0.981822 1.253937 0.010988 -0.012302 -0.017234 -0.733279 0.679599
1718924496.434410334 -0.981900 1.252742 0.010989 -0.012305 -0.017226 -0.733264 0.679614
1718924496.439312220 -0.981975 1.251588 0.010992 -0.012312 -0.017210 -0.733267 0.679611
1718924496.444351673 -0.982051 1.250404 0.011001 -0.012328 -0.017189 -0.733277 0.679601
1718924496.449370384 -0.982127 1.249225 0.011015 -0.012338 -0.017171 -0.733287 0.679590
1718924496.454352856 -0.982201 1.248055 0.011034 -0.012342 -0.017160 -0.733296 0.679581
1718924496.459311724 -0.982274 1.246892 0.011055 -0.012350 -0.017151 -0.733309 0.679566
1718924496.464368582 -0.982347 1.245707 0.011075 -0.012366 -0.017138 -0.733329 0.679546
1718924496.469388485 -0.982420 1.244535 0.011092 -0.012382 -0.017124 -0.733345 0.679528
1718924496.474345207 -0.982493 1.243381 0.011104 -0.012393 -0.017118 -0.733358 0.679514
1718924496.479316950 -0.982567 1.242224 0.011112 -0.012398 -0.017113 -0.733374 0.679497
1718924496.484310865 -0.982643 1.241063 0.011117 -0.012405 -0.017106 -0.733393 0.679477
1718924496.489304543 -0.982720 1.239904 0.011119 -0.012417 -0.017100 -0.733404 0.679465
1718924496.494349718 -0.982800 1.238734 0.011122 -0.012426 -0.017092 -0.733408 0.679460
1718924496.499307394 -0.982879 1.237586 0.011125 -0.012431 -0.017085 -0.733413 0.679455
1718924496.499999285 -0.982891 1.237426 0.011126 -0.012430 -0.017085 -0.733415 0.679453
1718924496.499999285 -0.982891 1.237426 0.011126 -0.012430 -0.017085 -0.733415 0.679453
1718924496.504349232 -0.982963 1.236420 0.011133 -0.012421 -0.017091 -0.733422 0.679445
1718924496.509307623 -0.983048 1.235273 0.011143 -0.012400 -0.017107 -0.733432 0.679434
1718924496.514382839 -0.983138 1.234099 0.011155 -0.012373 -0.017126 -0.733431 0.679436
1718924496.564363003 -0.984219 1.222438 0.011354 -0.012297 -0.017074 -0.733173 0.679717
1718924496.569370747 -0.984344 1.221259 0.011382 -0.012285 -0.017075 -0.733151 0.679741
1718924496.574359894 -0.984470 1.220084 0.011410 -0.012267 -0.017076 -0.733131 0.679762
1718924496.579330683 -0.984596 1.218915 0.011436 -0.012247 -0.017077 -0.733115 0.679780
1718924496.584354162 -0.984723 1.217736 0.011461 -0.012222 -0.017086 -0.733103 0.679793
1718924496.589298487 -0.984847 1.216579 0.011485 -0.012197 -0.017101 -0.733098 0.679798
1718924496.594309092 -0.984971 1.215407 0.011511 -0.012167 -0.017121 -0.733097 0.679799
1718924496.599306107 -0.985094 1.214240 0.011540 -0.012133 -0.017136 -0.733102 0.679795
1718924496.599984169 -0.985110 1.214082 0.011545 -0.012130 -0.017137 -0.733102 0.679794
1718924496.599984169 -0.985110 1.214082 0.011545 -0.012130 -0.017137 -0.733102 0.679794
1718924496.604349375 -0.985213 1.213065 0.011574 -0.012116 -0.017145 -0.733106 0.679790
1718924496.609345436 -0.985327 1.211903 0.011611 -0.012111 -0.017144 -0.733114 0.679782
1718924496.614356518 -0.985436 1.210741 0.011649 -0.012115 -0.017137 -0.733134 0.679760
1718924496.619330168 -0.985539 1.209590 0.011686 -0.012126 -0.017129 -0.733156 0.679737
1718924496.624363422 -0.985636 1.208426 0.011722 -0.012140 -0.017124 -0.733178 0.679712
1718924496.629411697 -0.985727 1.207259 0.011755 -0.012151 -0.017129 -0.733206 0.679683
1718924496.634363174 -0.985810 1.206113 0.011784 -0.012164 -0.017138 -0.733227 0.679659
1718924496.639318705 -0.985884 1.204964 0.011809 -0.012175 -0.017142 -0.733252 0.679632
1718924496.644362450 -0.985952 1.203795 0.011832 -0.012182 -0.017147 -0.733269 0.679613
1718924496.649355173 -0.986011 1.202637 0.011854 -0.012187 -0.017141 -0.733286 0.679595
1718924496.654308319 -0.986062 1.201485 0.011877 -0.012197 -0.017131 -0.733297 0.679584
1718924496.659321785 -0.986107 1.200315 0.011902 -0.012206 -0.017119 -0.733307 0.679572
1718924496.664318323 -0.986144 1.199146 0.011929 -0.012213 -0.017107 -0.733314 0.679565
1718924496.669322252 -0.986175 1.197971 0.011957 -0.012215 -0.017101 -0.733315 0.679564
1718924496.674315691 -0.986201 1.196798 0.011984 -0.012217 -0.017103 -0.733304 0.679576
1718924496.679351807 -0.986223 1.195614 0.012012 -0.012220 -0.017107 -0.733284 0.679598
1718924496.684309006 -0.986242 1.194448 0.012039 -0.012225 -0.017115 -0.733273 0.679609
1718924496.689304590 -0.986261 1.193272 0.012067 -0.012226 -0.017115 -0.733259 0.679625
1718924496.694315195 -0.986278 1.192092 0.012096 -0.012230 -0.017108 -0.733231 0.679655
1718924496.699345350 -0.986296 1.190909 0.012125 -0.012234 -0.017100 -0.733193 0.679696
1718924496.699903011 -0.986299 1.190778 0.012128 -0.012234 -0.017099 -0.733189 0.679700
1718924496.699903011 -0.986299 1.190778 0.012128 -0.012234 -0.017099 -0.733189 0.679700
1718924496.704354048 -0.986317 1.189732 0.012154 -0.012236 -0.017095 -0.733155 0.679736
1718924496.709307432 -0.986339 1.188570 0.012182 -0.012237 -0.017094 -0.733114 0.679780
1718924496.714354515 -0.986367 1.187385 0.012209 -0.012240 -0.017085 -0.733077 0.679820
1718924496.719324112 -0.986399 1.186217 0.012234 -0.012237 -0.017075 -0.733044 0.679857
1718924496.764368057 -0.986908 1.175765 0.012490 -0.012109 -0.016930 -0.733205 0.679690
1718924496.769325495 -0.986990 1.174630 0.012524 -0.012092 -0.016930 -0.733229 0.679663
1718924496.774319172 -0.987077 1.173487 0.012560 -0.012083 -0.016929 -0.733262 0.679628
1718924496.779323101 -0.987169 1.172343 0.012595 -0.012085 -0.016927 -0.733294 0.679594
1718924496.784313679 -0.987263 1.171204 0.012628 -0.012087 -0.016918 -0.733331 0.679554
1718924496.789305687 -0.987359 1.170066 0.012658 -0.012088 -0.016905 -0.733373 0.679509
1718924496.794310331 -0.987457 1.168926 0.012687 -0.012089 -0.016895 -0.733419 0.679459
1718924496.799305439 -0.987554 1.167789 0.012714 -0.012093 -0.016884 -0.733464 0.679411
1718924496.799987316 -0.987567 1.167633 0.012718 -0.012093 -0.016884 -0.733470 0.679405
1718924496.799987316 -0.987567 1.167633 0.012718 -0.012093 -0.016884 -0.733470 0.679405
1718924496.804311752 -0.987649 1.166649 0.012742 -0.012093 -0.016879 -0.733505 0.679367
1718924496.809307814 -0.987743 1.165511 0.012770 -0.012098 -0.016876 -0.733540 0.679329
1718924496.814335108 -0.987834 1.164367 0.012799 -0.012104 -0.016874 -0.733562 0.679305
1718924496.819352627 -0.987922 1.163226 0.012829 -0.012097 -0.016874 -0.733577 0.679289
1718924496.824319124 -0.988007 1.162097 0.012859 -0.012096 -0.016867 -0.733588 0.679277
1718924496.829356909 -0.988090 1.160953 0.012891 -0.012103 -0.016862 -0.733597 0.679268
1718924496.834324121 -0.988167 1.159824 0.012922 -0.012111 -0.016861 -0.733601 0.679263
1718924496.839321852 -0.988239 1.158687 0.012953 -0.012119 -0.016857 -0.733594 0.679271
1718924496.844311953 -0.988305 1.157553 0.012983 -0.012129 -0.016856 -0.733575 0.679291
1718924496.849328279 -0.988367 1.156414 0.013013 -0.012128 -0.016863 -0.733557 0.679310
1718924496.854308367 -0.988423 1.155285 0.013043 -0.012123 -0.016871 -0.733532 0.679337
1718924496.859326124 -0.988476 1.154149 0.013075 -0.012121 -0.016877 -0.733500 0.679372
1718924496.864377260 -0.988524 1.153005 0.013109 -0.012125 -0.016872 -0.733466 0.679409
1718924496.869391441 -0.988569 1.151870 0.013144 -0.012133 -0.016854 -0.733432 0.679446
1718924496.874320984 -0.988608 1.150754 0.013181 -0.012144 -0.016840 -0.733392 0.679488
1718924496.879304886 -0.988645 1.149626 0.013218 -0.012156 -0.016822 -0.733341 0.679544
1718924496.884346962 -0.988679 1.148487 0.013255 -0.012170 -0.016797 -0.733282 0.679608
1718924496.889300346 -0.988709 1.147369 0.013290 -0.012182 -0.016774 -0.733223 0.679672
1718924496.894304752 -0.988736 1.146239 0.013324 -0.012198 -0.016749 -0.733164 0.679736
1718924496.899302006 -0.988761 1.145111 0.013359 -0.012204 -0.016729 -0.733112 0.679793
1718924496.900007963 -0.988764 1.144952 0.013364 -0.012205 -0.016727 -0.733105 0.679800
1718924496.900007963 -0.988764 1.144952 0.013364 -0.012205 -0.016727 -0.733105 0.679800
1718924496.904316425 -0.988783 1.143980 0.013397 -0.012210 -0.016715 -0.733064 0.679845
1718924496.909303427 -0.988803 1.142856 0.013437 -0.012211 -0.016706 -0.733021 0.679891
1718924496.914325953 -0.988821 1.141725 0.013478 -0.012208 -0.016700 -0.732985 0.679930
1718924496.954346895 -0.989050 1.132763 0.013772 -0.012108 -0.016727 -0.732995 0.679921
1718924496.959376097 -0.989094 1.131641 0.013797 -0.012086 -0.016750 -0.732996 0.679920
1718924496.964360952 -0.989140 1.130531 0.013820 -0.012057 -0.016771 -0.732989 0.679927
1718924496.969405413 -0.989192 1.129410 0.013843 -0.012026 -0.016795 -0.732979 0.679938
1718924496.974363565 -0.989245 1.128311 0.013865 -0.011995 -0.016822 -0.732972 0.679945
1718924496.979303598 -0.989301 1.127217 0.013886 -0.011969 -0.016856 -0.732962 0.679955
1718924496.984306097 -0.989360 1.126110 0.013909 -0.011941 -0.016899 -0.732943 0.679976
1718924496.989299774 -0.989421 1.125004 0.013931 -0.011913 -0.016942 -0.732914 0.680006
1718924496.994346380 -0.989486 1.123888 0.013953 -0.011880 -0.016972 -0.732877 0.680045
1718924496.999340534 -0.989552 1.122784 0.013974 -0.011846 -0.017002 -0.732835 0.680091
1718924497.004347801 -0.989619 1.121677 0.013994 -0.011806 -0.017029 -0.732788 0.680141
1718924497.009343147 -0.989686 1.120572 0.014014 -0.011767 -0.017056 -0.732731 0.680203
1718924497.014364243 -0.989756 1.119459 0.014033 -0.011732 -0.017088 -0.732672 0.680266
1718924497.019393206 -0.989827 1.118343 0.014055 -0.011695 -0.017118 -0.732616 0.680326
1718924497.024362087 -0.989897 1.117239 0.014077 -0.011659 -0.017150 -0.732554 0.680393
1718924497.029327393 -0.989967 1.116136 0.014100 -0.011625 -0.017178 -0.732492 0.680460
1718924497.034307003 -0.990037 1.115031 0.014123 -0.011591 -0.017203 -0.732430 0.680526
1718924497.039358139 -0.990109 1.113912 0.014147 -0.011569 -0.017225 -0.732373 0.680587
1718924497.044358492 -0.990178 1.112804 0.014171 -0.011555 -0.017247 -0.732322 0.680642
1718924497.049351454 -0.990246 1.111696 0.014195 -0.011543 -0.017269 -0.732272 0.680696
1718924497.054310083 -0.990310 1.110597 0.014219 -0.011530 -0.017286 -0.732232 0.680738
1718924497.059298038 -0.990373 1.109492 0.014242 -0.011516 -0.017288 -0.732202 0.680771
1718924497.064341784 -0.990433 1.108377 0.014265 -0.011498 -0.017287 -0.732170 0.680806
1718924497.069337845 -0.990490 1.107271 0.014288 -0.011483 -0.017293 -0.732139 0.680839
1718924497.074318647 -0.990542 1.106168 0.014311 -0.011469 -0.017297 -0.732113 0.680867
1718924497.079340458 -0.990591 1.105055 0.014335 -0.011463 -0.017299 -0.732089 0.680893
1718924497.084310532 -0.990636 1.103953 0.014357 -0.011451 -0.017297 -0.732077 0.680906
1718924497.089338064 -0.990678 1.102838 0.014379 -0.011434 -0.017298 -0.732077 0.680906
1718924497.094337463 -0.990716 1.101732 0.014400 -0.011418 -0.017305 -0.732080 0.680903
1718924497.099339247 -0.990750 1.100626 0.014422 -0.011403 -0.017305 -0.732091 0.680891
1718924497.099985123 -0.990754 1.100483 0.014424 -0.011402 -0.017304 -0.732094 0.680888
1718924497.099985123 -0.990754 1.100483 0.014424 -0.011402 -0.017304 -0.732094 0.680888
1718924497.104335785 -0.990779 1.099521 0.014446 -0.011398 -0.017297 -0.732110 0.680872
1718924497.109342337 -0.990807 1.098412 0.014473 -0.011392 -0.017296 -0.732130 0.680850
1718924497.114355564 -0.990832 1.097303 0.014501 -0.011381 -0.017301 -0.732155 0.680824
1718924497.199368238 -0.991371 1.078580 0.014979 -0.011348 -0.016979 -0.732280 0.680697
1718924497.199987173 -0.991376 1.078445 0.014983 -0.011348 -0.016977 -0.732281 0.680696
1718924497.199987173 -0.991376 1.078445 0.014983 -0.011348 -0.016977 -0.732281 0.680696
1718924497.204297066 -0.991412 1.077500 0.015010 -0.011346 -0.016960 -0.732286 0.680691
1718924497.209343672 -0.991456 1.076396 0.015042 -0.011337 -0.016941 -0.732292 0.680686
1718924497.214359283 -0.991500 1.075300 0.015075 -0.011333 -0.016922 -0.732298 0.680679
1718924497.219367027 -0.991545 1.074207 0.015108 -0.011334 -0.016901 -0.732294 0.680685
1718924497.224306107 -0.991589 1.073128 0.015143 -0.011337 -0.016877 -0.732289 0.680690
1718924497.229393959 -0.991635 1.072017 0.015181 -0.011339 -0.016850 -0.732286 0.680695
1718924497.234405279 -0.991680 1.070922 0.015218 -0.011342 -0.016815 -0.732284 0.680697
1718924497.239368439 -0.991724 1.069838 0.015255 -0.011338 -0.016774 -0.732281 0.680702
1718924497.244358063 -0.991766 1.068749 0.015289 -0.011339 -0.016734 -0.732275 0.680709
1718924497.249309778 -0.991807 1.067668 0.015321 -0.011343 -0.016704 -0.732275 0.680710
1718924497.254343271 -0.991846 1.066568 0.015352 -0.011343 -0.016683 -0.732282 0.680703
1718924497.259305477 -0.991882 1.065482 0.015380 -0.011348 -0.016671 -0.732288 0.680696
1718924497.264311790 -0.991915 1.064387 0.015408 -0.011361 -0.016661 -0.732296 0.680688
1718924497.269307375 -0.991945 1.063295 0.015438 -0.011375 -0.016648 -0.732312 0.680671
1718924497.274353504 -0.991972 1.062195 0.015470 -0.011392 -0.016636 -0.732330 0.680651
1718924497.279348612 -0.991995 1.061106 0.015508 -0.011408 -0.016620 -0.732354 0.680626
1718924497.284369707 -0.992015 1.060012 0.015551 -0.011424 -0.016605 -0.732374 0.680604
1718924497.289317608 -0.992032 1.058934 0.015598 -0.011438 -0.016592 -0.732394 0.680583
1718924497.294348717 -0.992046 1.057839 0.015650 -0.011451 -0.016577 -0.732407 0.680568
1718924497.299338818 -0.992058 1.056754 0.015703 -0.011459 -0.016563 -0.732420 0.680556
1718924497.299996138 -0.992059 1.056611 0.015710 -0.011460 -0.016562 -0.732421 0.680554
1718924497.299996138 -0.992059 1.056611 0.015710 -0.011460 -0.016562 -0.732421 0.680554
1718924497.304322481 -0.992066 1.055672 0.015755 -0.011468 -0.016557 -0.732428 0.680547
1718924497.309300661 -0.992073 1.054593 0.015803 -0.011475 -0.016552 -0.732432 0.680543
1718924497.314320803 -0.992077 1.053503 0.015847 -0.011481 -0.016553 -0.732433 0.680541
1718924497.369345188 -0.992493 1.041661 0.016217 -0.011295 -0.016628 -0.732199 0.680794
1718924497.374312878 -0.992568 1.040602 0.016241 -0.011293 -0.016648 -0.732175 0.680820
1718924497.384317875 -0.992734 1.038471 0.016280 -0.011285 -0.016685 -0.732150 0.680846
1718924497.389301300 -0.992825 1.037412 0.016294 -0.011279 -0.016691 -0.732141 0.680856
1718924497.394306660 -0.992920 1.036350 0.016305 -0.011272 -0.016688 -0.732132 0.680865
1718924497.399301052 -0.993019 1.035289 0.016316 -0.011261 -0.016685 -0.732132 0.680865
1718924497.399994135 -0.993033 1.035141 0.016318 -0.011259 -0.016685 -0.732134 0.680864
1718924497.399994135 -0.993033 1.035141 0.016318 -0.011259 -0.016685 -0.732134 0.680864
1718924497.404321909 -0.993122 1.034219 0.016330 -0.011246 -0.016684 -0.732141 0.680856
1718924497.409300566 -0.993226 1.033157 0.016345 -0.011229 -0.016677 -0.732148 0.680848
1718924497.414366007 -0.993335 1.032077 0.016361 -0.011209 -0.016675 -0.732160 0.680836
1718924497.419358253 -0.993443 1.031013 0.016376 -0.011188 -0.016685 -0.732184 0.680811
1718924497.424303055 -0.993550 1.029961 0.016389 -0.011161 -0.016698 -0.732209 0.680783
1718924497.429305792 -0.993659 1.028898 0.016401 -0.011131 -0.016718 -0.732238 0.680753
1718924497.434318781 -0.993768 1.027833 0.016412 -0.011103 -0.016741 -0.732269 0.680719
1718924497.439307690 -0.993875 1.026773 0.016424 -0.011082 -0.016760 -0.732300 0.680686
1718924497.444304705 -0.993980 1.025712 0.016438 -0.011068 -0.016778 -0.732329 0.680654
1718924497.449294090 -0.994083 1.024653 0.016455 -0.011059 -0.016787 -0.732360 0.680621
1718924497.454306602 -0.994184 1.023589 0.016474 -0.011059 -0.016784 -0.732388 0.680590
1718924497.459300756 -0.994280 1.022528 0.016495 -0.011068 -0.016777 -0.732418 0.680559
1718924497.464306355 -0.994372 1.021461 0.016516 -0.011078 -0.016785 -0.732447 0.680527
1718924497.469309330 -0.994457 1.020392 0.016536 -0.011082 -0.016804 -0.732471 0.680501
1718924497.474304914 -0.994537 1.019322 0.016552 -0.011080 -0.016819 -0.732493 0.680477
1718924497.479356050 -0.994611 1.018238 0.016565 -0.011070 -0.016831 -0.732514 0.680453
1718924497.484346390 -0.994678 1.017165 0.016575 -0.011065 -0.016841 -0.732528 0.680438
1718924497.489300489 -0.994739 1.016096 0.016585 -0.011068 -0.016833 -0.732532 0.680434
1718924497.494305611 -0.994794 1.015011 0.016596 -0.011074 -0.016818 -0.732538 0.680428
1718924497.499299765 -0.994842 1.013927 0.016608 -0.011077 -0.016811 -0.732538 0.680429
1718924497.499992132 -0.994849 1.013776 0.016610 -0.011078 -0.016811 -0.732537 0.680429
1718924497.499992132 -0.994849 1.013776 0.016610 -0.011078 -0.016811 -0.732537 0.680429
1718924497.504295826 -0.994886 1.012841 0.016625 -0.011082 -0.016811 -0.732534 0.680433
1718924497.509299517 -0.994925 1.011752 0.016643 -0.011082 -0.016815 -0.732524 0.680443
1718924497.514315367 -0.994960 1.010659 0.016664 -0.011082 -0.016825 -0.732512 0.680456
1718924497.559301615 -0.995315 1.000857 0.016823 -0.010975 -0.016794 -0.732288 0.680699
1718924497.564308882 -0.995362 0.999764 0.016834 -0.010966 -0.016796 -0.732268 0.680721
1718924497.569303513 -0.995411 0.998675 0.016844 -0.010955 -0.016795 -0.732248 0.680743
1718924497.574308157 -0.995463 0.997583 0.016852 -0.010941 -0.016792 -0.732233 0.680760
1718924497.579301119 -0.995518 0.996492 0.016860 -0.010928 -0.016788 -0.732220 0.680773
1718924497.584314823 -0.995577 0.995397 0.016866 -0.010916 -0.016786 -0.732210 0.680785
1718924497.589298487 -0.995640 0.994309 0.016870 -0.010902 -0.016794 -0.732192 0.680804
1718924497.594293594 -0.995709 0.993220 0.016872 -0.010885 -0.016798 -0.732186 0.680810
1718924497.599296093 -0.995783 0.992132 0.016873 -0.010864 -0.016806 -0.732190 0.680806
1718924497.599996090 -0.995794 0.991980 0.016873 -0.010861 -0.016808 -0.732191 0.680805
1718924497.599996090 -0.995794 0.991980 0.016873 -0.010861 -0.016808 -0.732191 0.680805
1718924497.604338884 -0.995863 0.991037 0.016875 -0.010834 -0.016815 -0.732198 0.680798
1718924497.609299660 -0.995948 0.989958 0.016878 -0.010808 -0.016824 -0.732213 0.680782
1718924497.614323378 -0.996040 0.988865 0.016884 -0.010792 -0.016830 -0.732232 0.680762
1718924497.619324684 -0.996138 0.987776 0.016891 -0.010775 -0.016837 -0.732255 0.680737
1718924497.624320030 -0.996242 0.986688 0.016898 -0.010763 -0.016853 -0.732280 0.680710
1718924497.629371881 -0.996353 0.985589 0.016906 -0.010759 -0.016866 -0.732309 0.680679
1718924497.634361506 -0.996466 0.984501 0.016911 -0.010759 -0.016876 -0.732341 0.680644
1718924497.639336348 -0.996583 0.983414 0.016914 -0.010754 -0.016885 -0.732377 0.680605
1718924497.644321203 -0.996703 0.982321 0.016915 -0.010744 -0.016893 -0.732412 0.680568
1718924497.649297953 -0.996824 0.981228 0.016913 -0.010729 -0.016901 -0.732448 0.680529
1718924497.654305696 -0.996945 0.980126 0.016910 -0.010714 -0.016907 -0.732483 0.680491
1718924497.659296751 -0.997066 0.979025 0.016907 -0.010699 -0.016913 -0.732515 0.680457
1718924497.664299726 -0.997186 0.977921 0.016903 -0.010691 -0.016915 -0.732543 0.680427
1718924497.669302702 -0.997303 0.976815 0.016901 -0.010678 -0.016915 -0.732572 0.680396
1718924497.674304962 -0.997417 0.975709 0.016903 -0.010668 -0.016914 -0.732599 0.680366
1718924497.679327965 -0.997527 0.974598 0.016908 -0.010668 -0.016920 -0.732629 0.680334
1718924497.684301853 -0.997630 0.973498 0.016918 -0.010669 -0.016932 -0.732658 0.680303
1718924497.689297438 -0.997727 0.972394 0.016931 -0.010675 -0.016949 -0.732685 0.680273
1718924497.694292307 -0.997819 0.971291 0.016948 -0.010680 -0.016964 -0.732703 0.680253
1718924497.699299335 -0.997904 0.970187 0.016967 -0.010673 -0.016981 -0.732719 0.680236
1718924497.699983835 -0.997915 0.970036 0.016969 -0.010672 -0.016982 -0.732719 0.680235
1718924497.699983835 -0.997915 0.970036 0.016969 -0.010672 -0.016982 -0.732719 0.680235
1718924497.704332352 -0.997983 0.969080 0.016984 -0.010669 -0.016997 -0.732725 0.680229
1718924497.709300280 -0.998054 0.967990 0.016999 -0.010669 -0.017012 -0.732733 0.680220
1718924497.714295864 -0.998118 0.966896 0.017010 -0.010672 -0.017024 -0.732739 0.680213
1718924497.719310999 -0.998176 0.965797 0.017018 -0.010678 -0.017035 -0.732737 0.680215
1718924497.799299955 -0.999686 0.948483 0.017255 -0.010625 -0.017188 -0.732949 0.679984
1718924497.799994230 -0.999705 0.948334 0.017258 -0.010626 -0.017190 -0.732951 0.679982
1718924497.799994230 -0.999705 0.948334 0.017258 -0.010626 -0.017190 -0.732951 0.679982
1718924497.804295778 -0.999823 0.947416 0.017279 -0.010628 -0.017198 -0.732961 0.679970
1718924497.809301376 -0.999964 0.946347 0.017304 -0.010624 -0.017199 -0.732976 0.679954
1718924497.814335585 -1.000110 0.945270 0.017331 -0.010614 -0.017198 -0.732993 0.679936
1718924497.819333315 -1.000260 0.944200 0.017358 -0.010607 -0.017205 -0.733015 0.679912
1718924497.824309111 -1.000412 0.943134 0.017384 -0.010598 -0.017215 -0.733038 0.679887
1718924497.829299688 -1.000567 0.942065 0.017409 -0.010590 -0.017221 -0.733060 0.679863
1718924497.834319115 -1.000726 0.940989 0.017434 -0.010585 -0.017223 -0.733086 0.679836
1718924497.839302540 -1.000886 0.939920 0.017459 -0.010581 -0.017231 -0.733111 0.679809
1718924497.844300508 -1.001047 0.938845 0.017483 -0.010577 -0.017247 -0.733128 0.679789
1718924497.849303484 -1.001208 0.937768 0.017507 -0.010567 -0.017262 -0.733135 0.679782
1718924497.854304790 -1.001367 0.936693 0.017531 -0.010552 -0.017286 -0.733141 0.679775
1718924497.859299898 -1.001525 0.935619 0.017557 -0.010530 -0.017310 -0.733153 0.679762
1718924497.864311457 -1.001682 0.934542 0.017583 -0.010512 -0.017328 -0.733164 0.679750
1718924497.869313240 -1.001838 0.933466 0.017608 -0.010504 -0.017343 -0.733168 0.679745
1718924497.874345303 -1.001992 0.932382 0.017634 -0.010498 -0.017356 -0.733168 0.679744
1718924497.879298449 -1.002141 0.931313 0.017657 -0.010498 -0.017371 -0.733168 0.679744
1718924497.884292603 -1.002287 0.930233 0.017678 -0.010503 -0.017390 -0.733157 0.679755
1718924497.889295578 -1.002429 0.929149 0.017697 -0.010511 -0.017409 -0.733135 0.679779
1718924497.894291639 -1.002567 0.928064 0.017714 -0.010519 -0.017422 -0.733118 0.679797
1718924497.899295330 -1.002700 0.926975 0.017731 -0.010526 -0.017431 -0.733101 0.679815
1718924497.900012016 -1.002719 0.926819 0.017734 -0.010528 -0.017433 -0.733098 0.679818
1718924497.900012016 -1.002719 0.926819 0.017734 -0.010528 -0.017433 -0.733098 0.679818
1718924497.904293299 -1.002829 0.925884 0.017752 -0.010540 -0.017442 -0.733076 0.679841
1718924497.909296751 -1.002951 0.924789 0.017775 -0.010552 -0.017452 -0.733047 0.679872
1718924497.914322853 -1.003067 0.923689 0.017802 -0.010563 -0.017459 -0.733024 0.679897
1718924497.959348917 -1.003896 0.913771 0.017978 -0.010943 -0.017272 -0.732871 0.680061
1718924497.964351892 -1.003965 0.912664 0.017982 -0.010998 -0.017258 -0.732853 0.680079
1718924497.969305992 -1.004029 0.911570 0.017983 -0.011044 -0.017245 -0.732839 0.680094
1718924497.974291801 -1.004088 0.910470 0.017983 -0.011077 -0.017232 -0.732823 0.680111
1718924497.979298115 -1.004145 0.909362 0.017985 -0.011105 -0.017226 -0.732807 0.680128
1718924497.984289646 -1.004198 0.908254 0.017988 -0.011136 -0.017228 -0.732790 0.680145
1718924497.989296913 -1.004249 0.907139 0.017989 -0.011159 -0.017222 -0.732783 0.680153
1718924497.994292974 -1.004300 0.906028 0.017987 -0.011179 -0.017210 -0.732783 0.680152
1718924497.999296188 -1.004352 0.904918 0.017978 -0.011194 -0.017192 -0.732791 0.680144
1718924498.004291058 -1.004404 0.903811 0.017964 -0.011205 -0.017178 -0.732810 0.680124
1718924498.009295464 -1.004458 0.902701 0.017945 -0.011218 -0.017175 -0.732831 0.680102
1718924498.014293432 -1.004517 0.901591 0.017924 -0.011235 -0.017175 -0.732849 0.680082
1718924498.019289732 -1.004579 0.900479 0.017902 -0.011251 -0.017181 -0.732862 0.680068
1718924498.024383068 -1.004648 0.899345 0.017878 -0.011264 -0.017184 -0.732885 0.680042
1718924498.029312134 -1.004720 0.898247 0.017856 -0.011271 -0.017179 -0.732910 0.680016
1718924498.034354210 -1.004799 0.897123 0.017834 -0.011279 -0.017181 -0.732928 0.679996
1718924498.039290428 -1.004883 0.896019 0.017815 -0.011286 -0.017185 -0.732945 0.679978
1718924498.044348001 -1.004976 0.894884 0.017796 -0.011296 -0.017185 -0.732965 0.679955
1718924498.049384832 -1.005074 0.893751 0.017777 -0.011309 -0.017179 -0.732982 0.679937
1718924498.054343224 -1.005177 0.892635 0.017757 -0.011326 -0.017169 -0.732990 0.679929
1718924498.059291124 -1.005285 0.891521 0.017734 -0.011337 -0.017165 -0.732991 0.679927
1718924498.064346075 -1.005403 0.890382 0.017708 -0.011343 -0.017155 -0.732987 0.679932
1718924498.069307089 -1.005524 0.889262 0.017682 -0.011351 -0.017152 -0.732986 0.679932
1718924498.074305773 -1.005650 0.888132 0.017655 -0.011361 -0.017149 -0.732987 0.679931
1718924498.079296589 -1.005781 0.887003 0.017627 -0.011369 -0.017141 -0.732987 0.679931
1718924498.084288597 -1.005914 0.885874 0.017601 -0.011368 -0.017134 -0.732990 0.679929
1718924498.089290380 -1.006050 0.884744 0.017576 -0.011355 -0.017134 -0.732991 0.679928
1718924498.094287157 -1.006188 0.883613 0.017555 -0.011340 -0.017138 -0.732994 0.679925
1718924498.099292994 -1.006329 0.882479 0.017538 -0.011329 -0.017145 -0.733007 0.679911
1718924498.099992037 -1.006349 0.882321 0.017536 -0.011328 -0.017146 -0.733009 0.679908
1718924498.099992037 -1.006349 0.882321 0.017536 -0.011328 -0.017146 -0.733009 0.679908
1718924498.104331017 -1.006473 0.881336 0.017526 -0.011323 -0.017155 -0.733022 0.679894
1718924498.109292746 -1.006615 0.880210 0.017519 -0.011319 -0.017166 -0.733040 0.679875
1718924498.114334822 -1.006757 0.879069 0.017513 -0.011316 -0.017181 -0.733057 0.679856
1718924498.199995041 -1.009204 0.859288 0.017067 -0.011428 -0.017159 -0.732719 0.680219
1718924498.199995041 -1.009204 0.859288 0.017067 -0.011428 -0.017159 -0.732719 0.680219
1718924498.209297419 -1.009473 0.857089 0.016975 -0.011437 -0.017155 -0.732683 0.680258
1718924498.214293480 -1.009617 0.855903 0.016922 -0.011439 -0.017168 -0.732659 0.680283
1718924498.219309092 -1.009763 0.854710 0.016869 -0.011438 -0.017186 -0.732639 0.680304
1718924498.224301815 -1.009910 0.853522 0.016816 -0.011438 -0.017201 -0.732613 0.680332
1718924498.229291916 -1.010057 0.852335 0.016764 -0.011436 -0.017201 -0.732579 0.680368
1718924498.234295130 -1.010206 0.851143 0.016712 -0.011439 -0.017191 -0.732546 0.680404
1718924498.239292860 -1.010356 0.849951 0.016662 -0.011443 -0.017181 -0.732516 0.680437
1718924498.244294405 -1.010509 0.848754 0.016613 -0.011448 -0.017174 -0.732488 0.680467
1718924498.249287128 -1.010665 0.847558 0.016564 -0.011440 -0.017169 -0.732460 0.680497
1718924498.254294872 -1.010824 0.846358 0.016514 -0.011417 -0.017175 -0.732440 0.680519
1718924498.259288311 -1.010985 0.845162 0.016462 -0.011385 -0.017194 -0.732431 0.680528
1718924498.264286757 -1.011152 0.843964 0.016409 -0.011360 -0.017215 -0.732433 0.680526
1718924498.269314528 -1.011323 0.842757 0.016355 -0.011338 -0.017240 -0.732437 0.680522
1718924498.274343729 -1.011500 0.841548 0.016300 -0.011324 -0.017263 -0.732439 0.680519
1718924498.279376507 -1.011681 0.840336 0.016244 -0.011325 -0.017269 -0.732440 0.680518
1718924498.284410238 -1.011865 0.839125 0.016186 -0.011335 -0.017265 -0.732446 0.680512
1718924498.289306879 -1.012048 0.837947 0.016130 -0.011345 -0.017270 -0.732459 0.680498
1718924498.294329166 -1.012237 0.836738 0.016072 -0.011354 -0.017277 -0.732472 0.680484
1718924498.299295187 -1.012427 0.835540 0.016017 -0.011364 -0.017281 -0.732486 0.680468
1718924498.299988031 -1.012453 0.835373 0.016009 -0.011364 -0.017280 -0.732489 0.680465
1718924498.299988031 -1.012453 0.835373 0.016009 -0.011364 -0.017280 -0.732489 0.680465
1718924498.304330587 -1.012620 0.834323 0.015964 -0.011368 -0.017280 -0.732503 0.680449
1718924498.309283495 -1.012809 0.833126 0.015915 -0.011363 -0.017281 -0.732521 0.680430
1718924498.314380169 -1.013002 0.831897 0.015867 -0.011352 -0.017277 -0.732542 0.680408
1718924498.369298220 -1.014692 0.818702 0.015470 -0.011425 -0.017055 -0.732495 0.680463
1718924498.374316931 -1.014809 0.817501 0.015443 -0.011428 -0.017039 -0.732494 0.680465
1718924498.394331217 -1.015209 0.812697 0.015321 -0.011462 -0.016886 -0.732433 0.680533
1718924498.399333477 -1.015293 0.811493 0.015283 -0.011474 -0.016856 -0.732422 0.680545
1718924498.399990082 -1.015303 0.811335 0.015277 -0.011475 -0.016852 -0.732421 0.680547
1718924498.399990082 -1.015303 0.811335 0.015277 -0.011475 -0.016852 -0.732421 0.680547
1718924498.404327869 -1.015370 0.810289 0.015241 -0.011474 -0.016827 -0.732414 0.680555
1718924498.409323931 -1.015443 0.809083 0.015196 -0.011472 -0.016811 -0.732408 0.680562
1718924498.414405584 -1.015512 0.807852 0.015147 -0.011470 -0.016798 -0.732400 0.680571
1718924498.419328690 -1.015575 0.806655 0.015098 -0.011463 -0.016782 -0.732394 0.680578
1718924498.424303532 -1.015636 0.805444 0.015051 -0.011462 -0.016767 -0.732388 0.680585
1718924498.429297924 -1.015694 0.804227 0.015005 -0.011463 -0.016752 -0.732383 0.680590
1718924498.434366941 -1.015753 0.802991 0.014962 -0.011471 -0.016738 -0.732381 0.680592
1718924498.439291477 -1.015810 0.801789 0.014923 -0.011479 -0.016718 -0.732381 0.680593
1718924498.444316626 -1.015869 0.800560 0.014884 -0.011488 -0.016699 -0.732387 0.680587
1718924498.449292660 -1.015930 0.799341 0.014845 -0.011495 -0.016683 -0.732396 0.680577
1718924498.454340696 -1.015994 0.798102 0.014805 -0.011498 -0.016662 -0.732404 0.680569
1718924498.459292173 -1.016059 0.796888 0.014762 -0.011500 -0.016643 -0.732417 0.680556
1718924498.464337349 -1.016129 0.795649 0.014716 -0.011511 -0.016626 -0.732427 0.680545
1718924498.469297647 -1.016201 0.794428 0.014667 -0.011519 -0.016606 -0.732435 0.680537
1718924498.474295378 -1.016279 0.793196 0.014617 -0.011529 -0.016576 -0.732444 0.680528
1718924498.479299068 -1.016362 0.791962 0.014566 -0.011536 -0.016554 -0.732455 0.680517
1718924498.484328747 -1.016449 0.790721 0.014515 -0.011535 -0.016543 -0.732466 0.680505
1718924498.489313364 -1.016540 0.789491 0.014466 -0.011524 -0.016535 -0.732474 0.680496
1718924498.494328260 -1.016636 0.788254 0.014419 -0.011501 -0.016532 -0.732476 0.680495
1718924498.499330997 -1.016736 0.787018 0.014377 -0.011479 -0.016533 -0.732479 0.680492
1718924498.499990940 -1.016750 0.786855 0.014371 -0.011476 -0.016533 -0.732480 0.680491
1718924498.499990940 -1.016750 0.786855 0.014371 -0.011476 -0.016533 -0.732480 0.680491
1718924498.504288912 -1.016841 0.785791 0.014338 -0.011462 -0.016536 -0.732482 0.680489
1718924498.509285450 -1.016952 0.784554 0.014300 -0.011458 -0.016534 -0.732477 0.680494
1718924498.514328003 -1.017069 0.783306 0.014263 -0.011458 -0.016528 -0.732462 0.680511
1718924498.564295292 -1.018098 0.770928 0.013830 -0.011171 -0.016441 -0.732370 0.680617
1718924498.569309950 -1.018184 0.769685 0.013779 -0.011146 -0.016450 -0.732362 0.680625
1718924498.574306250 -1.018266 0.768449 0.013726 -0.011122 -0.016465 -0.732360 0.680628
1718924498.579284430 -1.018344 0.767219 0.013671 -0.011098 -0.016475 -0.732359 0.680629
1718924498.584285736 -1.018420 0.765986 0.013615 -0.011077 -0.016494 -0.732358 0.680630
1718924498.589289904 -1.018493 0.764750 0.013559 -0.011060 -0.016514 -0.732358 0.680630
1718924498.594335079 -1.018565 0.763503 0.013504 -0.011052 -0.016515 -0.732359 0.680629
1718924498.599282742 -1.018631 0.762279 0.013452 -0.011051 -0.016507 -0.732363 0.680624
1718924498.599986076 -1.018641 0.762105 0.013445 -0.011051 -0.016505 -0.732364 0.680623
1718924498.599986076 -1.018641 0.762105 0.013445 -0.011051 -0.016505 -0.732364 0.680623
1718924498.604287863 -1.018695 0.761042 0.013401 -0.011053 -0.016493 -0.732370 0.680617
1718924498.609283209 -1.018755 0.759806 0.013350 -0.011050 -0.016474 -0.732379 0.680608
1718924498.614310741 -1.018812 0.758560 0.013299 -0.011049 -0.016454 -0.732387 0.680600
1718924498.619311810 -1.018865 0.757316 0.013245 -0.011053 -0.016441 -0.732391 0.680596
1718924498.624300003 -1.018913 0.756073 0.013189 -0.011057 -0.016436 -0.732395 0.680591
1718924498.629366159 -1.018958 0.754810 0.013129 -0.011065 -0.016428 -0.732405 0.680581
1718924498.634291887 -1.018997 0.753583 0.013068 -0.011077 -0.016412 -0.732422 0.680563
1718924498.639292955 -1.019033 0.752337 0.013006 -0.011084 -0.016393 -0.732440 0.680544
1718924498.644290447 -1.019065 0.751091 0.012944 -0.011095 -0.016382 -0.732456 0.680527
1718924498.649327517 -1.019094 0.749834 0.012884 -0.011109 -0.016368 -0.732465 0.680518
1718924498.654289722 -1.019119 0.748595 0.012828 -0.011115 -0.016355 -0.732481 0.680500
1718924498.659300327 -1.019141 0.747344 0.012773 -0.011111 -0.016339 -0.732497 0.680484
1718924498.664285421 -1.019160 0.746101 0.012721 -0.011102 -0.016319 -0.732515 0.680465
1718924498.669296265 -1.019177 0.744850 0.012670 -0.011098 -0.016301 -0.732533 0.680445
1718924498.674298048 -1.019192 0.743600 0.012620 -0.011110 -0.016281 -0.732544 0.680434
1718924498.679294586 -1.019206 0.742348 0.012566 -0.011131 -0.016264 -0.732544 0.680434
1718924498.684300423 -1.019218 0.741092 0.012508 -0.011152 -0.016250 -0.732540 0.680439
1718924498.689273119 -1.019228 0.739845 0.012446 -0.011171 -0.016244 -0.732529 0.680450
1718924498.694282293 -1.019236 0.738588 0.012379 -0.011180 -0.016242 -0.732505 0.680476
1718924498.699321270 -1.019243 0.737323 0.012311 -0.011185 -0.016244 -0.732481 0.680501
1718924498.699904203 -1.019243 0.737176 0.012303 -0.011186 -0.016244 -0.732478 0.680505
1718924498.699904203 -1.019243 0.737176 0.012303 -0.011186 -0.016244 -0.732478 0.680505
1718924498.699995041 -1.020469 0.741998 0.011165 -0.010818 -0.016167 -0.732450 0.680543
1718924498.699995041 -1.020469 0.741998 0.011165 -0.010818 -0.016167 -0.732450 0.680543
1718924498.704284191 -1.020528 0.741110 0.011192 -0.010827 -0.016173 -0.732424 0.680571
1718924498.709311008 -1.020597 0.740066 0.011227 -0.010837 -0.016172 -0.732386 0.680611
1718924498.714293957 -1.020666 0.739031 0.011266 -0.010842 -0.016164 -0.732351 0.680649
1718924498.719296932 -1.020737 0.737992 0.011309 -0.010837 -0.016148 -0.732319 0.680684
1718924498.759293556 -1.021457 0.729816 0.011695 -0.010832 -0.016254 -0.732253 0.680753
1718924498.764338732 -1.021569 0.728798 0.011754 -0.010834 -0.016259 -0.732255 0.680751
1718924498.769344091 -1.021686 0.727791 0.011815 -0.010837 -0.016257 -0.732264 0.680741
1718924498.774354219 -1.021806 0.726786 0.011877 -0.010835 -0.016260 -0.732278 0.680726
1718924498.779294252 -1.021927 0.725800 0.011938 -0.010826 -0.016269 -0.732292 0.680710
1718924498.784329891 -1.022053 0.724798 0.011999 -0.010818 -0.016282 -0.732311 0.680690
1718924498.789280653 -1.022179 0.723814 0.012057 -0.010805 -0.016295 -0.732330 0.680669
1718924498.794286489 -1.022310 0.722818 0.012114 -0.010799 -0.016306 -0.732353 0.680645
1718924498.799278975 -1.022443 0.721826 0.012168 -0.010794 -0.016309 -0.732387 0.680608
1718924498.804282665 -1.022576 0.720833 0.012221 -0.010785 -0.016303 -0.732428 0.680563
1718924498.809279680 -1.022709 0.719844 0.012272 -0.010774 -0.016293 -0.732468 0.680521
1718924498.814352751 -1.022844 0.718843 0.012326 -0.010757 -0.016294 -0.732504 0.680483
1718924498.819287300 -1.022975 0.717871 0.012382 -0.010734 -0.016297 -0.732545 0.680439
1718924498.824351788 -1.023110 0.716872 0.012443 -0.010714 -0.016305 -0.732593 0.680387
1718924498.829293728 -1.023240 0.715897 0.012505 -0.010704 -0.016317 -0.732634 0.680343
1718924498.834337711 -1.023370 0.714904 0.012570 -0.010691 -0.016328 -0.732672 0.680302
1718924498.839341402 -1.023497 0.713923 0.012633 -0.010676 -0.016334 -0.732702 0.680270
1718924498.844298363 -1.023620 0.712952 0.012693 -0.010668 -0.016335 -0.732732 0.680238
1718924498.849319696 -1.023741 0.711970 0.012751 -0.010670 -0.016331 -0.732762 0.680205
1718924498.854282856 -1.023856 0.710998 0.012807 -0.010681 -0.016321 -0.732784 0.680182
1718924498.859287739 -1.023967 0.710016 0.012862 -0.010690 -0.016313 -0.732799 0.680166
1718924498.864325762 -1.024072 0.709027 0.012918 -0.010697 -0.016299 -0.732812 0.680152
1718924498.869286060 -1.024169 0.708055 0.012973 -0.010706 -0.016281 -0.732827 0.680136
1718924498.874324560 -1.024260 0.707069 0.013031 -0.010715 -0.016273 -0.732840 0.680122
1718924498.879277945 -1.024343 0.706100 0.013090 -0.010720 -0.016261 -0.732846 0.680116
1718924498.884285688 -1.024419 0.705118 0.013152 -0.010722 -0.016246 -0.732854 0.680108
1718924498.889280796 -1.024489 0.704138 0.013214 -0.010729 -0.016225 -0.732853 0.680109
1718924498.894282103 -1.024550 0.703158 0.013276 -0.010746 -0.016199 -0.732854 0.680108
1718924498.899277210 -1.024604 0.702180 0.013337 -0.010770 -0.016173 -0.732857 0.680105
1718924498.900025129 -1.024611 0.702033 0.013346 -0.010773 -0.016171 -0.732857 0.680105
1718924498.900025129 -1.024611 0.702033 0.013346 -0.010773 -0.016171 -0.732857 0.680105
1718924498.904283524 -1.024650 0.701200 0.013400 -0.010793 -0.016161 -0.732858 0.680104
1718924498.909280539 -1.024689 0.700224 0.013464 -0.010814 -0.016157 -0.732855 0.680107
1718924498.914297104 -1.024724 0.699244 0.013530 -0.010829 -0.016160 -0.732858 0.680103
1718924498.954337835 -1.025001 0.691485 0.014080 -0.011192 -0.016137 -0.732773 0.680190
1718924498.959290504 -1.025040 0.690533 0.014143 -0.011227 -0.016128 -0.732765 0.680198
1718924498.964338064 -1.025081 0.689565 0.014207 -0.011260 -0.016113 -0.732756 0.680208
1718924498.969287872 -1.025123 0.688618 0.014272 -0.011292 -0.016103 -0.732744 0.680220
1718924498.974291325 -1.025170 0.687662 0.014341 -0.011324 -0.016099 -0.732737 0.680227
1718924498.979296684 -1.025221 0.686707 0.014411 -0.011359 -0.016091 -0.732738 0.680226
1718924498.984283209 -1.025276 0.685756 0.014480 -0.011395 -0.016092 -0.732738 0.680225
1718924498.989284992 -1.025335 0.684806 0.014548 -0.011423 -0.016092 -0.732734 0.680229
1718924498.994355917 -1.025400 0.683846 0.014613 -0.011438 -0.016100 -0.732726 0.680237
1718924498.999346733 -1.025469 0.682906 0.014673 -0.011446 -0.016113 -0.732718 0.680245
1718924499.004331112 -1.025542 0.681968 0.014732 -0.011460 -0.016127 -0.732711 0.680252
1718924499.009322882 -1.025621 0.681027 0.014789 -0.011470 -0.016139 -0.732704 0.680260
1718924499.014365673 -1.025708 0.680074 0.014846 -0.011478 -0.016151 -0.732700 0.680263
1718924499.019294024 -1.025799 0.679140 0.014900 -0.011484 -0.016169 -0.732691 0.680272
1718924499.024336338 -1.025898 0.678183 0.014955 -0.011487 -0.016186 -0.732673 0.680291
1718924499.029299498 -1.026001 0.677242 0.015008 -0.011494 -0.016208 -0.732651 0.680315
1718924499.034296989 -1.026110 0.676292 0.015060 -0.011500 -0.016227 -0.732635 0.680331
1718924499.039281368 -1.026223 0.675342 0.015113 -0.011502 -0.016246 -0.732624 0.680342
1718924499.044299126 -1.026342 0.674383 0.015165 -0.011503 -0.016272 -0.732614 0.680352
1718924499.049311876 -1.026464 0.673421 0.015217 -0.011505 -0.016301 -0.732594 0.680374
1718924499.054336548 -1.026590 0.672455 0.015267 -0.011500 -0.016317 -0.732574 0.680395
1718924499.059293509 -1.026716 0.671501 0.015315 -0.011495 -0.016328 -0.732561 0.680408
1718924499.064290524 -1.026844 0.670537 0.015361 -0.011485 -0.016342 -0.732551 0.680419
1718924499.069306850 -1.026975 0.669568 0.015406 -0.011474 -0.016365 -0.732539 0.680431
1718924499.074290037 -1.027105 0.668601 0.015451 -0.011462 -0.016399 -0.732528 0.680443
1718924499.079287529 -1.027235 0.667627 0.015497 -0.011440 -0.016434 -0.732519 0.680452
1718924499.084292412 -1.027365 0.666650 0.015543 -0.011415 -0.016466 -0.732522 0.680448
1718924499.089286566 -1.027494 0.665674 0.015589 -0.011387 -0.016497 -0.732526 0.680443
1718924499.094287634 -1.027622 0.664697 0.015637 -0.011359 -0.016529 -0.732525 0.680445
1718924499.099287987 -1.027748 0.663720 0.015687 -0.011336 -0.016553 -0.732531 0.680438
1718924499.100015163 -1.027767 0.663578 0.015694 -0.011334 -0.016557 -0.732532 0.680436
1718924499.100015163 -1.027767 0.663578 0.015694 -0.011334 -0.016557 -0.732532 0.680436
1718924499.104287863 -1.027874 0.662744 0.015736 -0.011320 -0.016575 -0.732542 0.680426
1718924499.109287024 -1.027998 0.661765 0.015787 -0.011316 -0.016597 -0.732562 0.680404
1718924499.114290953 -1.028121 0.660784 0.015838 -0.011316 -0.016622 -0.732579 0.680384
1718924499.164338112 -1.029176 0.650976 0.016367 -0.011354 -0.016858 -0.732691 0.680258
1718924499.169302225 -1.029264 0.649999 0.016431 -0.011353 -0.016875 -0.732704 0.680244
1718924499.174337387 -1.029349 0.649008 0.016496 -0.011354 -0.016893 -0.732717 0.680229
1718924499.179290295 -1.029430 0.648033 0.016557 -0.011353 -0.016908 -0.732720 0.680225
1718924499.184329987 -1.029511 0.647044 0.016617 -0.011349 -0.016917 -0.732719 0.680226
1718924499.189287186 -1.029588 0.646072 0.016672 -0.011335 -0.016917 -0.732716 0.680230
1718924499.194291353 -1.029665 0.645091 0.016724 -0.011322 -0.016925 -0.732710 0.680237
1718924499.199325800 -1.029742 0.644103 0.016776 -0.011316 -0.016936 -0.732701 0.680246
1718924499.199982882 -1.029752 0.643974 0.016783 -0.011316 -0.016937 -0.732699 0.680248
1718924499.199982882 -1.029752 0.643974 0.016783 -0.011316 -0.016937 -0.732699 0.680248
1718924499.204292059 -1.029819 0.643127 0.016828 -0.011326 -0.016951 -0.732689 0.680259
1718924499.209326506 -1.029897 0.642136 0.016882 -0.011345 -0.016969 -0.732678 0.680269
1718924499.214291334 -1.029974 0.641158 0.016937 -0.011366 -0.016983 -0.732670 0.680278
1718924499.219316006 -1.030052 0.640169 0.016995 -0.011384 -0.016984 -0.732661 0.680287
1718924499.224293947 -1.030130 0.639190 0.017055 -0.011397 -0.016980 -0.732645 0.680303
1718924499.229295969 -1.030207 0.638207 0.017116 -0.011408 -0.016972 -0.732634 0.680315
1718924499.234294653 -1.030285 0.637223 0.017177 -0.011408 -0.016969 -0.732628 0.680322
1718924499.239298105 -1.030362 0.636235 0.017237 -0.011402 -0.016964 -0.732620 0.680331
1718924499.244292736 -1.030438 0.635247 0.017295 -0.011405 -0.016958 -0.732601 0.680352
1718924499.249294758 -1.030514 0.634258 0.017350 -0.011406 -0.016947 -0.732586 0.680368
1718924499.254297733 -1.030589 0.633269 0.017402 -0.011407 -0.016947 -0.732577 0.680377
1718924499.259286642 -1.030663 0.632282 0.017453 -0.011406 -0.016950 -0.732575 0.680379
1718924499.264337063 -1.030739 0.631282 0.017504 -0.011409 -0.016957 -0.732572 0.680382
1718924499.269342899 -1.030815 0.630288 0.017557 -0.011404 -0.016963 -0.732570 0.680384
1718924499.274308443 -1.030892 0.629299 0.017610 -0.011396 -0.016971 -0.732572 0.680382
1718924499.279285908 -1.030971 0.628307 0.017664 -0.011390 -0.016983 -0.732584 0.680370
1718924499.284329653 -1.031052 0.627301 0.017718 -0.011387 -0.016988 -0.732592 0.680361
1718924499.289324522 -1.031133 0.626304 0.017769 -0.011386 -0.016981 -0.732604 0.680348
1718924499.294329166 -1.031216 0.625304 0.017817 -0.011384 -0.016970 -0.732625 0.680326
1718924499.299283981 -1.031300 0.624311 0.017862 -0.011384 -0.016968 -0.732650 0.680299
1718924499.299988985 -1.031312 0.624170 0.017868 -0.011385 -0.016969 -0.732654 0.680294
1718924499.299988985 -1.031312 0.624170 0.017868 -0.011385 -0.016969 -0.732654 0.680294
1718924499.304320335 -1.031387 0.623300 0.017907 -0.011386 -0.016970 -0.732683 0.680263
1718924499.309284449 -1.031474 0.622298 0.017950 -0.011395 -0.016963 -0.732713 0.680230
1718924499.314290524 -1.031562 0.621286 0.017995 -0.011406 -0.016953 -0.732740 0.680202
1718924499.354339600 -1.032109 0.613175 0.018354 -0.011534 -0.016970 -0.732803 0.680132
1718924499.359289885 -1.032154 0.612168 0.018402 -0.011529 -0.016970 -0.732810 0.680124
1718924499.364356756 -1.032196 0.611135 0.018452 -0.011523 -0.016961 -0.732819 0.680114
1718924499.369328499 -1.032233 0.610120 0.018502 -0.011524 -0.016948 -0.732829 0.680105
1718924499.374289036 -1.032266 0.609106 0.018553 -0.011535 -0.016935 -0.732829 0.680104
1718924499.379286289 -1.032297 0.608084 0.018605 -0.011549 -0.016927 -0.732820 0.680114
1718924499.384288311 -1.032324 0.607060 0.018657 -0.011563 -0.016919 -0.732804 0.680131
1718924499.389280796 -1.032350 0.606038 0.018711 -0.011578 -0.016912 -0.732783 0.680153
1718924499.394292355 -1.032374 0.605011 0.018766 -0.011597 -0.016907 -0.732765 0.680173
1718924499.399281979 -1.032397 0.603988 0.018822 -0.011610 -0.016912 -0.732740 0.680200
1718924499.399993896 -1.032400 0.603842 0.018830 -0.011611 -0.016913 -0.732735 0.680205
1718924499.399993896 -1.032400 0.603842 0.018830 -0.011611 -0.016913 -0.732735 0.680205
1718924499.404319286 -1.032418 0.602956 0.018878 -0.011625 -0.016923 -0.732704 0.680238
1718924499.409326077 -1.032439 0.601932 0.018936 -0.011648 -0.016927 -0.732662 0.680282
1718924499.414323807 -1.032458 0.600911 0.018994 -0.011660 -0.016925 -0.732619 0.680329
1718924499.419353962 -1.032477 0.599885 0.019054 -0.011666 -0.016925 -0.732575 0.680376
1718924499.424343586 -1.032497 0.598869 0.019113 -0.011673 -0.016921 -0.732535 0.680419
1718924499.429304600 -1.032518 0.597859 0.019172 -0.011684 -0.016918 -0.732496 0.680461
1718924499.434355259 -1.032542 0.596833 0.019231 -0.011691 -0.016913 -0.732464 0.680495
1718924499.439294338 -1.032568 0.595832 0.019286 -0.011696 -0.016919 -0.732433 0.680528
1718924499.444291592 -1.032598 0.594824 0.019340 -0.011698 -0.016932 -0.732406 0.680558
1718924499.449280262 -1.032633 0.593823 0.019391 -0.011701 -0.016950 -0.732383 0.680581
1718924499.454293489 -1.032673 0.592822 0.019441 -0.011695 -0.016968 -0.732371 0.680594
1718924499.459292412 -1.032720 0.591826 0.019491 -0.011694 -0.016985 -0.732366 0.680599
1718924499.464298487 -1.032774 0.590829 0.019542 -0.011704 -0.016994 -0.732370 0.680594
1718924499.469284296 -1.032834 0.589838 0.019593 -0.011712 -0.016996 -0.732387 0.680576
1718924499.474286079 -1.032899 0.588846 0.019643 -0.011719 -0.016996 -0.732409 0.680552
1718924499.479326010 -1.032970 0.587849 0.019693 -0.011718 -0.016994 -0.732434 0.680525
1718924499.484327078 -1.033044 0.586860 0.019743 -0.011723 -0.016998 -0.732467 0.680490
1718924499.489322901 -1.033123 0.585872 0.019793 -0.011735 -0.017006 -0.732509 0.680443
1718924499.494317770 -1.033204 0.584884 0.019845 -0.011748 -0.017012 -0.732552 0.680397
1718924499.499285221 -1.033288 0.583900 0.019897 -0.011760 -0.017016 -0.732584 0.680363
1718924499.499991894 -1.033301 0.583761 0.019904 -0.011760 -0.017016 -0.732589 0.680357
1718924499.499991894 -1.033301 0.583761 0.019904 -0.011760 -0.017016 -0.732589 0.680357
1718924499.504318714 -1.033375 0.582906 0.019951 -0.011760 -0.017015 -0.732622 0.680321
1718924499.509285450 -1.033460 0.581925 0.020004 -0.011751 -0.017011 -0.732662 0.680279
1718924499.514295340 -1.033545 0.580936 0.020056 -0.011742 -0.017007 -0.732695 0.680243
1718924499.564359665 -1.034216 0.571022 0.020582 -0.012059 -0.017208 -0.732561 0.680377
1718924499.569332123 -1.034263 0.570025 0.020646 -0.012070 -0.017224 -0.732540 0.680399
1718924499.574326277 -1.034306 0.569021 0.020710 -0.012081 -0.017252 -0.732516 0.680424
1718924499.579284906 -1.034344 0.568024 0.020775 -0.012093 -0.017275 -0.732492 0.680449
1718924499.584326982 -1.034378 0.567008 0.020841 -0.012105 -0.017290 -0.732470 0.680472
1718924499.589282990 -1.034408 0.566009 0.020904 -0.012115 -0.017304 -0.732442 0.680501
1718924499.594278336 -1.034434 0.564998 0.020966 -0.012129 -0.017314 -0.732408 0.680537
1718924499.599284172 -1.034457 0.563982 0.021028 -0.012139 -0.017317 -0.732378 0.680570
1718924499.604311466 -1.034475 0.562958 0.021088 -0.012142 -0.017316 -0.732347 0.680604
1718924499.609279394 -1.034489 0.561944 0.021148 -0.012142 -0.017314 -0.732307 0.680646
1718924499.614356518 -1.034500 0.560907 0.021208 -0.012148 -0.017310 -0.732263 0.680693
1718924499.619349718 -1.034508 0.559886 0.021267 -0.012155 -0.017307 -0.732229 0.680730
1718924499.624338388 -1.034513 0.558865 0.021328 -0.012154 -0.017308 -0.732205 0.680755
1718924499.629400969 -1.034516 0.557830 0.021390 -0.012147 -0.017314 -0.732184 0.680778
1718924499.634351969 -1.034517 0.556821 0.021452 -0.012146 -0.017325 -0.732166 0.680797
1718924499.639290333 -1.034517 0.555816 0.021514 -0.012142 -0.017330 -0.732156 0.680808
1718924499.644293070 -1.034518 0.554802 0.021575 -0.012138 -0.017334 -0.732153 0.680812
1718924499.649327755 -1.034520 0.553781 0.021635 -0.012135 -0.017337 -0.732157 0.680807
1718924499.654289961 -1.034525 0.552776 0.021692 -0.012130 -0.017339 -0.732172 0.680791
1718924499.659289360 -1.034533 0.551761 0.021748 -0.012129 -0.017337 -0.732184 0.680778
1718924499.664344788 -1.034545 0.550733 0.021804 -0.012135 -0.017326 -0.732203 0.680758
1718924499.669326544 -1.034559 0.549718 0.021859 -0.012142 -0.017311 -0.732224 0.680736
1718924499.674290180 -1.034576 0.548705 0.021916 -0.012149 -0.017296 -0.732247 0.680711
1718924499.679284811 -1.034596 0.547684 0.021976 -0.012154 -0.017284 -0.732275 0.680681
1718924499.684277534 -1.034618 0.546660 0.022039 -0.012164 -0.017272 -0.732304 0.680650
1718924499.689284563 -1.034643 0.545630 0.022102 -0.012174 -0.017253 -0.732333 0.680619
1718924499.694316626 -1.034668 0.544593 0.022166 -0.012181 -0.017239 -0.732360 0.680590
1718924499.699281693 -1.034694 0.543571 0.022226 -0.012187 -0.017222 -0.732387 0.680561
1718924499.699906111 -1.034697 0.543442 0.022233 -0.012187 -0.017220 -0.732391 0.680558
1718924499.699906111 -1.034697 0.543442 0.022233 -0.012187 -0.017220 -0.732391 0.680558
1718924499.704275846 -1.034718 0.542546 0.022283 -0.012185 -0.017200 -0.732416 0.680531
1718924499.709285498 -1.034742 0.541519 0.022338 -0.012181 -0.017185 -0.732440 0.680505
1718924499.714276314 -1.034766 0.540496 0.022391 -0.012177 -0.017171 -0.732466 0.680478
1718924499.719293594 -1.034791 0.539467 0.022444 -0.012174 -0.017165 -0.732498 0.680444
1718924499.799990892 -1.035210 0.522927 0.023125 -0.012304 -0.017151 -0.732276 0.680681
1718924499.799990892 -1.035210 0.522927 0.023125 -0.012304 -0.017151 -0.732276 0.680681
1718924499.824288607 -1.035317 0.518002 0.023414 -0.012383 -0.017181 -0.732204 0.680756
1718924499.829325914 -1.035345 0.516977 0.023465 -0.012393 -0.017179 -0.732192 0.680769
1718924499.834291458 -1.035373 0.515966 0.023517 -0.012402 -0.017180 -0.732188 0.680773
1718924499.839274883 -1.035402 0.514950 0.023573 -0.012410 -0.017181 -0.732185 0.680776
1718924499.844334602 -1.035433 0.513917 0.023633 -0.012427 -0.017184 -0.732182 0.680778
1718924499.849340439 -1.035465 0.512895 0.023695 -0.012450 -0.017186 -0.732179 0.680782
1718924499.854324818 -1.035498 0.511878 0.023758 -0.012472 -0.017187 -0.732178 0.680782
1718924499.859320641 -1.035533 0.510862 0.023821 -0.012489 -0.017188 -0.732173 0.680787
1718924499.864324093 -1.035569 0.509846 0.023883 -0.012505 -0.017190 -0.732162 0.680799
1718924499.869318008 -1.035606 0.508834 0.023943 -0.012519 -0.017192 -0.732155 0.680806
1718924499.874316216 -1.035645 0.507823 0.024001 -0.012540 -0.017197 -0.732153 0.680807
1718924499.879277945 -1.035686 0.506819 0.024057 -0.012554 -0.017211 -0.732155 0.680805
1718924499.884279966 -1.035729 0.505808 0.024113 -0.012561 -0.017216 -0.732154 0.680806
1718924499.889284611 -1.035774 0.504798 0.024169 -0.012561 -0.017222 -0.732149 0.680811
1718924499.894281387 -1.035821 0.503791 0.024226 -0.012558 -0.017237 -0.732139 0.680821
1718924499.899284840 -1.035870 0.502785 0.024287 -0.012548 -0.017253 -0.732127 0.680834
1718924499.900013208 -1.035878 0.502639 0.024296 -0.012547 -0.017255 -0.732125 0.680836
1718924499.900013208 -1.035878 0.502639 0.024296 -0.012547 -0.017255 -0.732125 0.680836
1718924499.904288769 -1.035924 0.501781 0.024347 -0.012536 -0.017267 -0.732111 0.680851
1718924499.909288883 -1.035981 0.500780 0.024408 -0.012527 -0.017287 -0.732099 0.680864
1718924499.914290905 -1.036041 0.499780 0.024469 -0.012522 -0.017308 -0.732090 0.680873
1718924500.004279613 -1.036940 0.481584 0.025262 -0.012445 -0.017687 -0.732328 0.680608
1718924500.009291172 -1.036986 0.480554 0.025308 -0.012430 -0.017702 -0.732351 0.680584
1718924500.014289856 -1.037031 0.479525 0.025353 -0.012417 -0.017711 -0.732375 0.680558
1718924500.019326210 -1.037075 0.478486 0.025398 -0.012400 -0.017723 -0.732404 0.680527
1718924500.024291754 -1.037116 0.477460 0.025441 -0.012388 -0.017735 -0.732438 0.680490
1718924500.029341698 -1.037155 0.476414 0.025485 -0.012373 -0.017742 -0.732481 0.680444
1718924500.034294367 -1.037192 0.475386 0.025527 -0.012360 -0.017745 -0.732528 0.680394
1718924500.039294004 -1.037227 0.474347 0.025570 -0.012350 -0.017747 -0.732570 0.680348
1718924500.044287682 -1.037260 0.473308 0.025612 -0.012356 -0.017753 -0.732608 0.680307
1718924500.049328804 -1.037289 0.472258 0.025653 -0.012363 -0.017746 -0.732638 0.680275
1718924500.054285526 -1.037314 0.471225 0.025693 -0.012366 -0.017743 -0.732669 0.680242
1718924500.059288025 -1.037335 0.470181 0.025734 -0.012359 -0.017743 -0.732697 0.680212
1718924500.064279556 -1.037351 0.469136 0.025776 -0.012357 -0.017743 -0.732718 0.680189
1718924500.069294691 -1.037363 0.468084 0.025821 -0.012353 -0.017740 -0.732726 0.680181
1718924500.074331999 -1.037371 0.467023 0.025870 -0.012347 -0.017738 -0.732727 0.680179
1718924500.079324007 -1.037375 0.465971 0.025920 -0.012342 -0.017738 -0.732727 0.680180
1718924500.084315777 -1.037376 0.464918 0.025972 -0.012337 -0.017741 -0.732724 0.680183
1718924500.089316368 -1.037373 0.463863 0.026025 -0.012339 -0.017743 -0.732713 0.680195
1718924500.094315052 -1.037367 0.462809 0.026076 -0.012341 -0.017748 -0.732698 0.680210
1718924500.099279165 -1.037359 0.461761 0.026126 -0.012347 -0.017749 -0.732681 0.680229
1718924500.099992275 -1.037357 0.461610 0.026134 -0.012348 -0.017748 -0.732678 0.680232
1718924500.099992275 -1.037357 0.461610 0.026134 -0.012348 -0.017748 -0.732678 0.680232
1718924500.104274511 -1.037348 0.460708 0.026177 -0.012353 -0.017744 -0.732661 0.680250
1718924500.109278440 -1.037335 0.459654 0.026226 -0.012360 -0.017743 -0.732642 0.680270
1718924500.114288568 -1.037319 0.458599 0.026274 -0.012360 -0.017739 -0.732619 0.680295
1718924500.199986219 -1.037741 0.440524 0.026550 -0.012230 -0.017757 -0.732890 0.680005
1718924500.199986219 -1.037741 0.440524 0.026550 -0.012230 -0.017757 -0.732890 0.680005
1718924500.204280615 -1.037801 0.439614 0.026538 -0.012222 -0.017758 -0.732904 0.679990
1718924500.209320307 -1.037875 0.438545 0.026521 -0.012222 -0.017753 -0.732914 0.679980
1718924500.214292526 -1.037953 0.437490 0.026500 -0.012227 -0.017746 -0.732920 0.679974
1718924500.219300270 -1.038036 0.436424 0.026478 -0.012226 -0.017740 -0.732928 0.679965
1718924500.224339724 -1.038125 0.435350 0.026457 -0.012228 -0.017742 -0.732939 0.679953
1718924500.229342222 -1.038218 0.434280 0.026438 -0.012227 -0.017746 -0.732946 0.679945
1718924500.234353304 -1.038316 0.433205 0.026422 -0.012223 -0.017752 -0.732953 0.679938
1718924500.239349127 -1.038418 0.432134 0.026408 -0.012212 -0.017757 -0.732957 0.679933
1718924500.244287729 -1.038520 0.431075 0.026396 -0.012193 -0.017763 -0.732961 0.679929
1718924500.249285460 -1.038627 0.430005 0.026385 -0.012168 -0.017767 -0.732966 0.679925
1718924500.254314423 -1.038736 0.428927 0.026374 -0.012151 -0.017769 -0.732960 0.679931
1718924500.259324789 -1.038848 0.427854 0.026363 -0.012131 -0.017777 -0.732947 0.679945
1718924500.264293194 -1.038961 0.426789 0.026352 -0.012117 -0.017794 -0.732935 0.679958
1718924500.269330263 -1.039077 0.425710 0.026341 -0.012098 -0.017812 -0.732926 0.679968
1718924500.274286270 -1.039193 0.424650 0.026330 -0.012091 -0.017833 -0.732916 0.679978
1718924500.279353619 -1.039312 0.423568 0.026319 -0.012091 -0.017845 -0.732901 0.679994
1718924500.284382582 -1.039429 0.422495 0.026308 -0.012088 -0.017858 -0.732882 0.680014
1718924500.289319992 -1.039543 0.421441 0.026300 -0.012088 -0.017875 -0.732864 0.680033
1718924500.294275999 -1.039656 0.420383 0.026293 -0.012091 -0.017890 -0.732851 0.680046
1718924500.299321651 -1.039768 0.419307 0.026289 -0.012092 -0.017906 -0.732844 0.680054
1718924500.299982309 -1.039783 0.419166 0.026288 -0.012091 -0.017908 -0.732842 0.680055
1718924500.299982309 -1.039783 0.419166 0.026288 -0.012091 -0.017908 -0.732842 0.680055
1718924500.304314852 -1.039875 0.418243 0.026287 -0.012090 -0.017918 -0.732832 0.680066
1718924500.309309721 -1.039977 0.417181 0.026287 -0.012089 -0.017923 -0.732822 0.680077
1718924500.314288378 -1.040073 0.416124 0.026288 -0.012087 -0.017929 -0.732813 0.680087
1718924500.384274721 -1.041408 0.401007 0.026313 -0.011966 -0.017902 -0.733105 0.679774
1718924500.399275541 -1.041709 0.397706 0.026347 -0.011993 -0.017868 -0.733135 0.679743
1718924500.399987221 -1.041724 0.397549 0.026349 -0.011994 -0.017865 -0.733137 0.679741
1718924500.399987221 -1.041724 0.397549 0.026349 -0.011994 -0.017865 -0.733137 0.679741
1718924500.404316187 -1.041813 0.396598 0.026364 -0.012002 -0.017852 -0.733148 0.679729
1718924500.409311771 -1.041919 0.395501 0.026381 -0.012012 -0.017831 -0.733159 0.679717
1718924500.414303303 -1.042026 0.394405 0.026399 -0.012019 -0.017818 -0.733159 0.679717
1718924500.419287205 -1.042135 0.393310 0.026416 -0.012023 -0.017814 -0.733151 0.679726
1718924500.424339771 -1.042248 0.392200 0.026432 -0.012017 -0.017818 -0.733140 0.679739
1718924500.429291964 -1.042361 0.391112 0.026446 -0.012005 -0.017826 -0.733125 0.679754
1718924500.434279680 -1.042477 0.390017 0.026461 -0.012001 -0.017833 -0.733107 0.679773
1718924500.439283609 -1.042597 0.388918 0.026478 -0.012007 -0.017837 -0.733078 0.679804
1718924500.444281816 -1.042719 0.387819 0.026501 -0.012012 -0.017841 -0.733044 0.679841
1718924500.449275970 -1.042843 0.386720 0.026528 -0.012024 -0.017856 -0.733008 0.679879
1718924500.454273462 -1.042969 0.385619 0.026558 -0.012039 -0.017876 -0.732969 0.679921
1718924500.459279299 -1.043097 0.384516 0.026588 -0.012053 -0.017895 -0.732926 0.679966
1718924500.464269400 -1.043225 0.383419 0.026615 -0.012055 -0.017919 -0.732883 0.680012
1718924500.469279766 -1.043355 0.382318 0.026638 -0.012058 -0.017939 -0.732847 0.680050
1718924500.474274397 -1.043484 0.381220 0.026659 -0.012066 -0.017954 -0.732810 0.680089
1718924500.479274750 -1.043614 0.380119 0.026676 -0.012072 -0.017966 -0.732771 0.680131
1718924500.484272718 -1.043744 0.379016 0.026689 -0.012076 -0.017983 -0.732734 0.680170
1718924500.489278316 -1.043873 0.377909 0.026699 -0.012089 -0.018001 -0.732702 0.680205
1718924500.494276047 -1.044001 0.376803 0.026705 -0.012097 -0.018007 -0.732676 0.680232
1718924500.499267817 -1.044128 0.375698 0.026708 -0.012087 -0.018008 -0.732653 0.680257
1718924500.499992132 -1.044146 0.375538 0.026709 -0.012084 -0.018006 -0.732651 0.680259
1718924500.499992132 -1.044146 0.375538 0.026709 -0.012084 -0.018006 -0.732651 0.680259
1718924500.504271269 -1.044257 0.374600 0.026713 -0.012066 -0.017998 -0.732639 0.680273
1718924500.509266853 -1.044385 0.373505 0.026721 -0.012053 -0.017993 -0.732628 0.680285
1718924500.514284611 -1.044513 0.372405 0.026733 -0.012044 -0.017993 -0.732619 0.680294
1718924500.559321404 -1.045869 0.363016 0.026763 -0.011928 -0.017975 -0.732974 0.679914
1718924500.564281464 -1.045997 0.361935 0.026759 -0.011921 -0.017975 -0.733012 0.679873
1718924500.569294453 -1.046126 0.360843 0.026757 -0.011918 -0.017978 -0.733045 0.679838
1718924500.574333906 -1.046257 0.359744 0.026758 -0.011920 -0.017978 -0.733078 0.679802
1718924500.579323530 -1.046387 0.358655 0.026763 -0.011928 -0.017973 -0.733112 0.679766
1718924500.584277868 -1.046516 0.357573 0.026771 -0.011931 -0.017968 -0.733138 0.679738
1718924500.589308977 -1.046648 0.356476 0.026780 -0.011935 -0.017961 -0.733161 0.679713
1718924500.594274282 -1.046777 0.355395 0.026790 -0.011935 -0.017953 -0.733173 0.679700
1718924500.599309206 -1.046906 0.354301 0.026800 -0.011933 -0.017952 -0.733176 0.679697
1718924500.599995136 -1.046924 0.354152 0.026801 -0.011932 -0.017952 -0.733176 0.679697
1718924500.599995136 -1.046924 0.354152 0.026801 -0.011932 -0.017952 -0.733176 0.679697
1718924500.604292631 -1.047032 0.353215 0.026810 -0.011923 -0.017959 -0.733178 0.679695
1718924500.609279633 -1.047159 0.352127 0.026820 -0.011910 -0.017970 -0.733181 0.679692
1718924500.614280939 -1.047285 0.351034 0.026830 -0.011898 -0.017982 -0.733185 0.679688
1718924500.619289160 -1.047412 0.349941 0.026839 -0.011887 -0.017994 -0.733181 0.679692
1718924500.624285460 -1.047538 0.348851 0.026846 -0.011872 -0.017998 -0.733174 0.679700
1718924500.629280090 -1.047663 0.347762 0.026852 -0.011858 -0.017996 -0.733162 0.679712
1718924500.634326220 -1.047790 0.346662 0.026857 -0.011844 -0.017991 -0.733151 0.679725
1718924500.639283895 -1.047914 0.345580 0.026860 -0.011832 -0.017997 -0.733141 0.679736
1718924500.644273281 -1.048039 0.344488 0.026860 -0.011820 -0.018008 -0.733128 0.679750
1718924500.649275064 -1.048166 0.343391 0.026856 -0.011809 -0.018019 -0.733109 0.679770
1718924500.654267550 -1.048292 0.342295 0.026848 -0.011794 -0.018027 -0.733088 0.679793
1718924500.659281492 -1.048419 0.341194 0.026839 -0.011773 -0.018034 -0.733067 0.679816
1718924500.664291143 -1.048546 0.340092 0.026829 -0.011755 -0.018034 -0.733048 0.679837
1718924500.669281244 -1.048673 0.338993 0.026822 -0.011743 -0.018029 -0.733033 0.679853
1718924500.674283266 -1.048801 0.337888 0.026817 -0.011730 -0.018020 -0.733019 0.679868
1718924500.679282665 -1.048927 0.336782 0.026815 -0.011718 -0.018012 -0.733005 0.679884
1718924500.684271574 -1.049053 0.335679 0.026817 -0.011702 -0.018000 -0.732991 0.679899
1718924500.689264536 -1.049176 0.334576 0.026820 -0.011680 -0.017986 -0.732979 0.679913
1718924500.694269419 -1.049298 0.333471 0.026825 -0.011653 -0.017988 -0.732976 0.679917
1718924500.699265242 -1.049417 0.332367 0.026830 -0.011623 -0.017999 -0.732975 0.679918
1718924500.699895144 -1.049432 0.332228 0.026830 -0.011620 -0.018000 -0.732975 0.679918
1718924500.699895144 -1.049432 0.332228 0.026830 -0.011620 -0.018000 -0.732975 0.679918
1718924500.704271793 -1.049546 0.331267 0.026836 -0.011599 -0.018002 -0.732974 0.679920
1718924500.709268570 -1.049674 0.330170 0.026840 -0.011577 -0.018007 -0.732974 0.679920
1718924500.714269876 -1.049801 0.329072 0.026843 -0.011562 -0.018013 -0.732975 0.679918
1718924500.719290018 -1.049927 0.327970 0.026842 -0.011547 -0.018008 -0.732979 0.679915
1718924500.764318705 -1.051705 0.318580 0.026838 -0.011414 -0.017791 -0.732934 0.679971
1718924500.769333601 -1.051833 0.317485 0.026833 -0.011406 -0.017797 -0.732929 0.679976
1718924500.774348974 -1.051963 0.316392 0.026828 -0.011392 -0.017802 -0.732923 0.679984
1718924500.779334307 -1.052092 0.315307 0.026823 -0.011366 -0.017809 -0.732909 0.679998
1718924500.784274340 -1.052220 0.314234 0.026819 -0.011337 -0.017815 -0.732890 0.680019
1718924500.789267540 -1.052351 0.313153 0.026817 -0.011313 -0.017820 -0.732861 0.680051
1718924500.794271708 -1.052483 0.312072 0.026818 -0.011292 -0.017831 -0.732822 0.680093
1718924500.799271822 -1.052617 0.310992 0.026820 -0.011277 -0.017846 -0.732792 0.680125
1718924500.799985170 -1.052635 0.310837 0.026820 -0.011275 -0.017848 -0.732789 0.680128
1718924500.799985170 -1.052635 0.310837 0.026820 -0.011275 -0.017848 -0.732789 0.680128
1718924500.804314852 -1.052691 0.309839 0.026822 -0.011262 -0.017883 -0.732769 0.680150
1718924500.809267759 -1.052749 0.308695 0.026821 -0.011245 -0.017922 -0.732747 0.680172
1718924500.814283133 -1.052808 0.307538 0.026816 -0.011225 -0.017957 -0.732729 0.680191
1718924500.819293976 -1.052867 0.306384 0.026807 -0.011205 -0.017994 -0.732714 0.680206
1718924500.824282885 -1.052925 0.305238 0.026795 -0.011185 -0.018035 -0.732699 0.680222
1718924500.829283714 -1.052984 0.304088 0.026783 -0.011172 -0.018070 -0.732687 0.680234
1718924500.834331512 -1.053042 0.302925 0.026772 -0.011174 -0.018094 -0.732678 0.680243
1718924500.839277983 -1.053099 0.301785 0.026765 -0.011182 -0.018115 -0.732676 0.680244
1718924500.844260454 -1.053153 0.300637 0.026760 -0.011186 -0.018140 -0.732678 0.680241
1718924500.849276304 -1.053205 0.299482 0.026756 -0.011180 -0.018158 -0.732688 0.680231
1718924500.854315758 -1.053252 0.298323 0.026754 -0.011171 -0.018175 -0.732690 0.680228
1718924500.859283209 -1.053295 0.297181 0.026752 -0.011164 -0.018189 -0.732689 0.680229
1718924500.864277601 -1.053333 0.296033 0.026749 -0.011155 -0.018206 -0.732691 0.680226
1718924500.869285822 -1.053366 0.294882 0.026746 -0.011138 -0.018229 -0.732695 0.680222
1718924500.874341011 -1.053395 0.293720 0.026742 -0.011123 -0.018247 -0.732703 0.680213
1718924500.879313469 -1.053420 0.292578 0.026737 -0.011116 -0.018263 -0.732711 0.680204
1718924500.884312868 -1.053441 0.291432 0.026734 -0.011112 -0.018279 -0.732720 0.680194
1718924500.889264584 -1.053459 0.290298 0.026730 -0.011110 -0.018309 -0.732740 0.680172
1718924500.894269228 -1.053473 0.289152 0.026725 -0.011106 -0.018346 -0.732760 0.680149
1718924500.899265289 -1.053485 0.288007 0.026720 -0.011101 -0.018383 -0.732778 0.680128
1718924500.900016069 -1.053491 0.287839 0.026719 -0.011099 -0.018386 -0.732781 0.680126
1718924500.900016069 -1.053491 0.287839 0.026719 -0.011099 -0.018386 -0.732781 0.680126
1718924500.904309273 -1.053556 0.286918 0.026712 -0.011084 -0.018392 -0.732793 0.680112
1718924500.909264565 -1.053629 0.285856 0.026700 -0.011063 -0.018394 -0.732805 0.680101
1718924500.914288521 -1.053703 0.284779 0.026686 -0.011048 -0.018396 -0.732812 0.680093
1718924500.964275599 -1.054498 0.274172 0.026443 -0.010825 -0.018404 -0.732808 0.680100
1718924500.969327927 -1.054588 0.273110 0.026415 -0.010815 -0.018406 -0.732801 0.680108
1718924500.974274635 -1.054679 0.272075 0.026387 -0.010808 -0.018404 -0.732790 0.680120
1718924500.979277372 -1.054773 0.271032 0.026356 -0.010789 -0.018406 -0.732777 0.680134
1718924500.984315872 -1.054868 0.269984 0.026323 -0.010775 -0.018411 -0.732768 0.680144
1718924500.989260674 -1.054964 0.268956 0.026290 -0.010769 -0.018421 -0.732754 0.680159
1718924500.994275808 -1.055063 0.267914 0.026256 -0.010762 -0.018429 -0.732740 0.680174
1718924500.999269009 -1.055164 0.266877 0.026222 -0.010752 -0.018436 -0.732733 0.680182
1718924501.004271746 -1.055266 0.265840 0.026187 -0.010746 -0.018443 -0.732722 0.680193
1718924501.009269238 -1.055368 0.264806 0.026151 -0.010740 -0.018445 -0.732712 0.680204
1718924501.014287233 -1.055471 0.263768 0.026114 -0.010735 -0.018447 -0.732705 0.680211
1718924501.019306898 -1.055575 0.262732 0.026077 -0.010731 -0.018447 -0.732700 0.680217
1718924501.024278879 -1.055677 0.261704 0.026040 -0.010733 -0.018450 -0.732694 0.680224
1718924501.029288054 -1.055779 0.260667 0.026004 -0.010743 -0.018446 -0.732681 0.680238
1718924501.034276247 -1.055881 0.259635 0.025967 -0.010749 -0.018435 -0.732663 0.680257
1718924501.039281845 -1.055981 0.258600 0.025931 -0.010748 -0.018421 -0.732651 0.680270
1718924501.044274092 -1.056078 0.257568 0.025895 -0.010733 -0.018412 -0.732640 0.680283
1718924501.049271345 -1.056172 0.256536 0.025860 -0.010718 -0.018405 -0.732632 0.680291
1718924501.054285765 -1.056264 0.255498 0.025827 -0.010707 -0.018408 -0.732625 0.680299
1718924501.059276581 -1.056353 0.254465 0.025795 -0.010701 -0.018416 -0.732622 0.680303
1718924501.064267159 -1.056439 0.253433 0.025764 -0.010698 -0.018421 -0.732619 0.680306
1718924501.069262981 -1.056524 0.252402 0.025730 -0.010694 -0.018417 -0.732620 0.680305
1718924501.074274302 -1.056608 0.251370 0.025693 -0.010692 -0.018414 -0.732622 0.680302
1718924501.079266787 -1.056690 0.250344 0.025652 -0.010688 -0.018404 -0.732633 0.680291
1718924501.084287643 -1.056772 0.249311 0.025609 -0.010681 -0.018395 -0.732651 0.680272
1718924501.089266300 -1.056852 0.248285 0.025565 -0.010676 -0.018393 -0.732667 0.680255
1718924501.094269514 -1.056932 0.247251 0.025521 -0.010677 -0.018392 -0.732683 0.680238
1718924501.099266529 -1.057011 0.246216 0.025477 -0.010680 -0.018389 -0.732698 0.680221
1718924501.099992037 -1.057023 0.246065 0.025471 -0.010680 -0.018388 -0.732701 0.680218
1718924501.099992037 -1.057023 0.246065 0.025471 -0.010680 -0.018388 -0.732701 0.680218
1718924501.104288340 -1.057093 0.245177 0.025435 -0.010683 -0.018378 -0.732716 0.680203
1718924501.109314680 -1.057175 0.244137 0.025396 -0.010686 -0.018358 -0.732734 0.680184
1718924501.114394426 -1.057257 0.243085 0.025358 -0.010694 -0.018334 -0.732753 0.680163
1718924501.199984074 -1.058895 0.226124 0.025041 -0.010519 -0.017617 -0.732418 0.680546
1718924501.199984074 -1.058895 0.226124 0.025041 -0.010519 -0.017617 -0.732418 0.680546
1718924501.204282284 -1.058948 0.225240 0.025043 -0.010516 -0.017597 -0.732402 0.680564
1718924501.209267855 -1.059008 0.224213 0.025047 -0.010510 -0.017576 -0.732374 0.680595
1718924501.214276314 -1.059069 0.223180 0.025053 -0.010505 -0.017564 -0.732346 0.680625
1718924501.219278812 -1.059128 0.222150 0.025059 -0.010495 -0.017560 -0.732326 0.680647
1718924501.224302053 -1.059187 0.221117 0.025064 -0.010481 -0.017550 -0.732312 0.680662
1718924501.229347944 -1.059244 0.220084 0.025069 -0.010465 -0.017543 -0.732288 0.680689
1718924501.234279633 -1.059299 0.219078 0.025074 -0.010443 -0.017538 -0.732269 0.680709
1718924501.239325523 -1.059354 0.218051 0.025081 -0.010430 -0.017526 -0.732254 0.680726
1718924501.244282961 -1.059408 0.217045 0.025091 -0.010416 -0.017524 -0.732238 0.680743
1718924501.249275684 -1.059461 0.216032 0.025101 -0.010406 -0.017533 -0.732223 0.680760
1718924501.254313946 -1.059516 0.215011 0.025110 -0.010397 -0.017541 -0.732212 0.680772
1718924501.259267330 -1.059569 0.214010 0.025116 -0.010386 -0.017541 -0.732198 0.680786
1718924501.264272928 -1.059623 0.213003 0.025120 -0.010369 -0.017547 -0.732184 0.680802
1718924501.269269228 -1.059677 0.212000 0.025122 -0.010356 -0.017548 -0.732182 0.680805
1718924501.274315357 -1.059732 0.210989 0.025124 -0.010348 -0.017556 -0.732187 0.680799
1718924501.279338360 -1.059789 0.209980 0.025128 -0.010347 -0.017568 -0.732191 0.680794
1718924501.284307718 -1.059846 0.208981 0.025134 -0.010354 -0.017577 -0.732195 0.680789
1718924501.289301872 -1.059903 0.207976 0.025140 -0.010358 -0.017578 -0.732198 0.680786
1718924501.294304609 -1.059961 0.206970 0.025145 -0.010361 -0.017568 -0.732195 0.680790
1718924501.299262285 -1.060019 0.205974 0.025148 -0.010361 -0.017554 -0.732197 0.680788
1718924501.299995184 -1.060028 0.205827 0.025149 -0.010360 -0.017552 -0.732197 0.680787
1718924501.299995184 -1.060028 0.205827 0.025149 -0.010360 -0.017552 -0.732197 0.680787
1718924501.304267168 -1.060075 0.204965 0.025152 -0.010360 -0.017548 -0.732200 0.680785
1718924501.309261084 -1.060130 0.203956 0.025155 -0.010360 -0.017547 -0.732198 0.680787
1718924501.314277649 -1.060185 0.202941 0.025158 -0.010359 -0.017559 -0.732190 0.680795
1718924501.354270458 -1.060525 0.194616 0.025049 -0.010277 -0.018027 -0.732043 0.680943
1718924501.359271049 -1.060595 0.193602 0.025012 -0.010271 -0.018054 -0.732026 0.680960
1718924501.364273548 -1.060666 0.192586 0.024971 -0.010262 -0.018079 -0.731999 0.680989
1718924501.369304180 -1.060738 0.191564 0.024929 -0.010260 -0.018108 -0.731966 0.681023
1718924501.374290228 -1.060811 0.190547 0.024888 -0.010260 -0.018139 -0.731935 0.681055
1718924501.379283905 -1.060884 0.189527 0.024851 -0.010260 -0.018167 -0.731903 0.681089
1718924501.384268522 -1.060957 0.188507 0.024818 -0.010256 -0.018181 -0.731873 0.681121
1718924501.389262676 -1.061030 0.187483 0.024789 -0.010256 -0.018192 -0.731854 0.681142
1718924501.394268513 -1.061102 0.186458 0.024763 -0.010257 -0.018201 -0.731835 0.681161
1718924501.399263859 -1.061172 0.185436 0.024742 -0.010252 -0.018215 -0.731810 0.681188
1718924501.399992228 -1.061183 0.185287 0.024739 -0.010250 -0.018217 -0.731807 0.681191
1718924501.399992228 -1.061183 0.185287 0.024739 -0.010250 -0.018217 -0.731807 0.681191
1718924501.404257536 -1.061251 0.184430 0.024721 -0.010234 -0.018225 -0.731787 0.681213
1718924501.409261703 -1.061332 0.183424 0.024701 -0.010213 -0.018244 -0.731765 0.681236
1718924501.414266825 -1.061412 0.182418 0.024681 -0.010193 -0.018267 -0.731745 0.681258
1718924501.419375181 -1.061494 0.181390 0.024659 -0.010171 -0.018285 -0.731728 0.681275
1718924501.424265385 -1.061573 0.180409 0.024636 -0.010149 -0.018291 -0.731717 0.681288
1718924501.429361820 -1.061656 0.179389 0.024610 -0.010122 -0.018287 -0.731727 0.681277
1718924501.434315920 -1.061739 0.178397 0.024584 -0.010103 -0.018283 -0.731746 0.681257
1718924501.439282417 -1.061823 0.177403 0.024557 -0.010091 -0.018280 -0.731772 0.681230
1718924501.444272995 -1.061909 0.176404 0.024528 -0.010084 -0.018282 -0.731802 0.681197
1718924501.449269056 -1.061996 0.175404 0.024497 -0.010073 -0.018287 -0.731834 0.681163
1718924501.454290867 -1.062085 0.174400 0.024465 -0.010061 -0.018297 -0.731866 0.681129
1718924501.459267139 -1.062175 0.173404 0.024432 -0.010059 -0.018303 -0.731898 0.681094
1718924501.464310884 -1.062267 0.172395 0.024399 -0.010065 -0.018295 -0.731942 0.681047
1718924501.469314814 -1.062360 0.171393 0.024369 -0.010074 -0.018275 -0.731990 0.680996
1718924501.474276781 -1.062452 0.170397 0.024342 -0.010088 -0.018259 -0.732040 0.680942
1718924501.479282379 -1.062544 0.169392 0.024316 -0.010100 -0.018237 -0.732092 0.680887
1718924501.484307528 -1.062637 0.168383 0.024291 -0.010112 -0.018214 -0.732146 0.680829
1718924501.489260435 -1.062726 0.167389 0.024267 -0.010126 -0.018201 -0.732193 0.680779
1718924501.494318962 -1.062816 0.166375 0.024242 -0.010138 -0.018189 -0.732241 0.680728
1718924501.499298573 -1.062902 0.165376 0.024217 -0.010143 -0.018180 -0.732289 0.680675
1718924501.499989033 -1.062914 0.165238 0.024214 -0.010143 -0.018179 -0.732296 0.680668
1718924501.499989033 -1.062914 0.165238 0.024214 -0.010143 -0.018179 -0.732296 0.680668
1718924501.504298925 -1.062988 0.164373 0.024193 -0.010144 -0.018178 -0.732335 0.680626
1718924501.509300709 -1.063071 0.163370 0.024167 -0.010144 -0.018177 -0.732375 0.680583
1718924501.514292955 -1.063151 0.162369 0.024141 -0.010142 -0.018178 -0.732408 0.680547
1718924501.564308882 -1.063947 0.152175 0.023967 -0.010097 -0.018040 -0.732232 0.680742
1718924501.569268942 -1.064025 0.151146 0.023960 -0.010103 -0.018032 -0.732209 0.680767
1718924501.574319839 -1.064104 0.150096 0.023952 -0.010110 -0.018026 -0.732184 0.680793
1718924501.579269886 -1.064183 0.149066 0.023944 -0.010122 -0.018022 -0.732165 0.680813
1718924501.584264517 -1.064263 0.148027 0.023936 -0.010125 -0.018026 -0.732151 0.680829
1718924501.589262247 -1.064343 0.146986 0.023928 -0.010116 -0.018028 -0.732139 0.680841
1718924501.594259739 -1.064424 0.145943 0.023922 -0.010110 -0.018025 -0.732124 0.680858
1718924501.599299431 -1.064507 0.144891 0.023918 -0.010107 -0.018017 -0.732114 0.680869
1718924501.599990129 -1.064518 0.144747 0.023918 -0.010106 -0.018015 -0.732114 0.680869
1718924501.599990129 -1.064518 0.144747 0.023918 -0.010106 -0.018015 -0.732114 0.680869
1718924501.604255915 -1.064588 0.143862 0.023916 -0.010097 -0.017998 -0.732112 0.680872
1718924501.609261274 -1.064670 0.142831 0.023917 -0.010084 -0.017980 -0.732115 0.680870
1718924501.614349365 -1.064753 0.141794 0.023919 -0.010071 -0.017972 -0.732124 0.680860
1718924501.619288206 -1.064834 0.140797 0.023923 -0.010066 -0.017969 -0.732139 0.680843
1718924501.624310017 -1.064916 0.139795 0.023928 -0.010073 -0.017968 -0.732163 0.680818
1718924501.629284859 -1.064997 0.138812 0.023932 -0.010076 -0.017971 -0.732187 0.680792
1718924501.634269714 -1.065079 0.137838 0.023935 -0.010084 -0.017982 -0.732213 0.680764
1718924501.639349461 -1.065163 0.136857 0.023937 -0.010090 -0.017993 -0.732239 0.680735
1718924501.644302845 -1.065243 0.135910 0.023939 -0.010100 -0.017994 -0.732269 0.680703
1718924501.649300098 -1.065325 0.134964 0.023942 -0.010117 -0.017991 -0.732296 0.680674
1718924501.654262304 -1.065405 0.134031 0.023948 -0.010144 -0.017989 -0.732315 0.680653
1718924501.659304619 -1.065485 0.133088 0.023960 -0.010164 -0.017994 -0.732331 0.680635
1718924501.664315224 -1.065564 0.132158 0.023978 -0.010187 -0.018004 -0.732346 0.680618
1718924501.669270754 -1.065640 0.131242 0.024002 -0.010213 -0.018008 -0.732350 0.680614
1718924501.674312353 -1.065714 0.130316 0.024030 -0.010239 -0.018011 -0.732341 0.680623
1718924501.679332495 -1.065784 0.129401 0.024061 -0.010264 -0.018017 -0.732327 0.680637
1718924501.684316874 -1.065850 0.128502 0.024095 -0.010295 -0.018024 -0.732311 0.680654
1718924501.689300537 -1.065911 0.127611 0.024134 -0.010338 -0.018036 -0.732286 0.680680
1718924501.694291830 -1.065968 0.126729 0.024179 -0.010396 -0.018057 -0.732242 0.680726
1718924501.699289322 -1.066019 0.125859 0.024228 -0.010455 -0.018079 -0.732191 0.680779
1718924501.699975967 -1.066026 0.125740 0.024235 -0.010464 -0.018082 -0.732184 0.680787
1718924501.699975967 -1.066026 0.125740 0.024235 -0.010464 -0.018082 -0.732184 0.680787
1718924501.704284430 -1.066067 0.125007 0.024282 -0.010523 -0.018102 -0.732136 0.680836
1718924501.709290266 -1.066108 0.124177 0.024339 -0.010585 -0.018123 -0.732072 0.680904
1718924501.714301348 -1.066145 0.123374 0.024398 -0.010636 -0.018143 -0.732015 0.680964
1718924501.719260693 -1.066176 0.122606 0.024462 -0.010690 -0.018177 -0.731963 0.681018
1718924501.769303799 -1.066491 0.116570 0.025257 -0.011423 -0.018393 -0.732028 0.680930
1718924501.784268379 -1.066609 0.115398 0.025413 -0.011545 -0.018524 -0.732105 0.680842
1718924501.789250612 -1.066655 0.115080 0.025446 -0.011565 -0.018560 -0.732137 0.680806
1718924501.794249773 -1.066705 0.114798 0.025473 -0.011574 -0.018584 -0.732177 0.680763
1718924501.799251795 -1.066758 0.114549 0.025497 -0.011594 -0.018595 -0.732218 0.680718
1718924501.799995184 -1.066767 0.114515 0.025501 -0.011600 -0.018594 -0.732224 0.680711
1718924501.799995184 -1.066767 0.114515 0.025501 -0.011600 -0.018594 -0.732224 0.680711
1718924501.804286480 -1.066818 0.114335 0.025519 -0.011631 -0.018586 -0.732260 0.680672
1718924501.809250593 -1.066879 0.114155 0.025541 -0.011690 -0.018577 -0.732309 0.680618
1718924501.814345598 -1.066943 0.113998 0.025563 -0.011751 -0.018582 -0.732358 0.680565
1718924501.819270849 -1.067005 0.113874 0.025582 -0.011793 -0.018605 -0.732394 0.680525
1718924501.824320555 -1.067069 0.113773 0.025597 -0.011813 -0.018635 -0.732409 0.680507
1718924501.829278946 -1.067131 0.113699 0.025608 -0.011815 -0.018659 -0.732414 0.680501
1718924501.834302902 -1.067195 0.113648 0.025619 -0.011814 -0.018686 -0.732416 0.680498
1718924501.839329004 -1.067258 0.113618 0.025631 -0.011816 -0.018707 -0.732401 0.680514
1718924501.844258308 -1.067320 0.113608 0.025644 -0.011826 -0.018715 -0.732375 0.680542
1718924501.849301338 -1.067385 0.113618 0.025660 -0.011841 -0.018719 -0.732347 0.680572
1718924501.854256630 -1.067450 0.113644 0.025675 -0.011844 -0.018740 -0.732324 0.680595
1718924501.859252453 -1.067516 0.113686 0.025690 -0.011837 -0.018773 -0.732292 0.680629
1718924501.864255190 -1.067583 0.113744 0.025701 -0.011826 -0.018807 -0.732249 0.680674
1718924501.869273424 -1.067652 0.113818 0.025708 -0.011802 -0.018844 -0.732203 0.680723
1718924501.874258757 -1.067724 0.113906 0.025712 -0.011772 -0.018882 -0.732161 0.680768
1718924501.879275322 -1.067799 0.114008 0.025711 -0.011748 -0.018912 -0.732122 0.680809
1718924501.884251118 -1.067878 0.114122 0.025710 -0.011718 -0.018931 -0.732090 0.680844
1718924501.889291763 -1.067961 0.114253 0.025708 -0.011695 -0.018946 -0.732061 0.680875
1718924501.894246340 -1.068046 0.114394 0.025709 -0.011681 -0.018965 -0.732042 0.680896
1718924501.899250507 -1.068135 0.114550 0.025714 -0.011663 -0.018993 -0.732029 0.680909
1718924501.900007963 -1.068148 0.114575 0.025716 -0.011659 -0.019000 -0.732028 0.680910
1718924501.900007963 -1.068148 0.114575 0.025716 -0.011659 -0.019000 -0.732028 0.680910
1718924501.904285192 -1.068225 0.114716 0.025726 -0.011639 -0.019037 -0.732024 0.680914
1718924501.909250498 -1.068316 0.114890 0.025740 -0.011609 -0.019082 -0.732026 0.680910
1718924501.914290667 -1.068410 0.115077 0.025758 -0.011582 -0.019124 -0.732045 0.680890
1718924501.964267015 -1.069130 0.117224 0.026083 -0.011360 -0.018843 -0.732298 0.680628
1718924501.969260454 -1.069178 0.117464 0.026135 -0.011351 -0.018834 -0.732324 0.680601
1718924501.974260569 -1.069220 0.117708 0.026189 -0.011339 -0.018836 -0.732342 0.680582
1718924501.979281664 -1.069257 0.117959 0.026246 -0.011324 -0.018851 -0.732355 0.680567
1718924501.984263659 -1.069288 0.118214 0.026301 -0.011310 -0.018868 -0.732366 0.680556
1718924501.989252090 -1.069313 0.118476 0.026354 -0.011293 -0.018879 -0.732374 0.680547
1718924501.994288921 -1.069334 0.118746 0.026404 -0.011284 -0.018879 -0.732383 0.680538
1718924501.999289513 -1.069350 0.119020 0.026452 -0.011276 -0.018875 -0.732389 0.680531
1718924502.004248142 -1.069360 0.119296 0.026498 -0.011269 -0.018872 -0.732392 0.680529
1718924502.009291172 -1.069365 0.119583 0.026547 -0.011263 -0.018865 -0.732385 0.680536
1718924502.014257193 -1.069365 0.119871 0.026596 -0.011257 -0.018869 -0.732371 0.680551
1718924502.019344330 -1.069360 0.120171 0.026649 -0.011246 -0.018882 -0.732364 0.680559
1718924502.024260759 -1.069351 0.120466 0.026702 -0.011241 -0.018890 -0.732351 0.680572
1718924502.029249668 -1.069338 0.120770 0.026755 -0.011237 -0.018885 -0.732337 0.680588
1718924502.034263134 -1.069321 0.121081 0.026808 -0.011234 -0.018876 -0.732322 0.680604
1718924502.039254427 -1.069300 0.121396 0.026857 -0.011232 -0.018875 -0.732307 0.680621
1718924502.044305325 -1.069275 0.121721 0.026904 -0.011223 -0.018872 -0.732290 0.680638
1718924502.049298763 -1.069250 0.122046 0.026949 -0.011210 -0.018861 -0.732282 0.680648
1718924502.054251909 -1.069225 0.122374 0.026994 -0.011197 -0.018854 -0.732274 0.680657
1718924502.059255600 -1.069200 0.122709 0.027040 -0.011189 -0.018856 -0.732265 0.680667
1718924502.064254761 -1.069175 0.123047 0.027087 -0.011178 -0.018858 -0.732260 0.680673
1718924502.069290400 -1.069152 0.123390 0.027136 -0.011173 -0.018852 -0.732250 0.680684
1718924502.074239016 -1.069131 0.123730 0.027185 -0.011171 -0.018841 -0.732231 0.680704
1718924502.079255104 -1.069112 0.124077 0.027236 -0.011169 -0.018839 -0.732215 0.680721
1718924502.084244967 -1.069098 0.124422 0.027286 -0.011158 -0.018838 -0.732199 0.680739
1718924502.089288950 -1.069087 0.124774 0.027335 -0.011149 -0.018833 -0.732188 0.680750
1718924502.094246626 -1.069081 0.125121 0.027381 -0.011143 -0.018822 -0.732190 0.680749
1718924502.099288225 -1.069078 0.125475 0.027427 -0.011132 -0.018811 -0.732194 0.680746
1718924502.099992037 -1.069079 0.125524 0.027433 -0.011129 -0.018810 -0.732194 0.680745
1718924502.099992037 -1.069079 0.125524 0.027433 -0.011129 -0.018810 -0.732194 0.680745
1718924502.104285240 -1.069082 0.125825 0.027472 -0.011117 -0.018804 -0.732199 0.680741
1718924502.109289408 -1.069091 0.126176 0.027517 -0.011115 -0.018797 -0.732206 0.680733
1718924502.114263773 -1.069105 0.126524 0.027563 -0.011113 -0.018795 -0.732222 0.680716
1718924502.199995041 -1.068762 0.131951 0.028138 -0.010792 -0.018701 -0.732003 0.680959
1718924502.199995041 -1.068762 0.131951 0.028138 -0.010792 -0.018701 -0.732003 0.680959
1718924502.204245329 -1.068712 0.132188 0.028156 -0.010778 -0.018699 -0.731992 0.680971
1718924502.209280729 -1.068648 0.132465 0.028175 -0.010750 -0.018699 -0.731968 0.680997
1718924502.214292049 -1.068580 0.132738 0.028195 -0.010728 -0.018701 -0.731940 0.681028
1718924502.219249487 -1.068509 0.133003 0.028215 -0.010716 -0.018695 -0.731911 0.681059
1718924502.224269390 -1.068434 0.133270 0.028237 -0.010704 -0.018682 -0.731888 0.681084
1718924502.229300976 -1.068356 0.133533 0.028258 -0.010687 -0.018676 -0.731869 0.681105
1718924502.234298229 -1.068275 0.133791 0.028279 -0.010666 -0.018673 -0.731844 0.681133
1718924502.239289761 -1.068192 0.134044 0.028300 -0.010647 -0.018667 -0.731825 0.681154
1718924502.244255543 -1.068109 0.134293 0.028321 -0.010629 -0.018661 -0.731812 0.681168
1718924502.249250174 -1.068023 0.134541 0.028343 -0.010614 -0.018658 -0.731804 0.681177
1718924502.254280806 -1.067937 0.134789 0.028364 -0.010605 -0.018653 -0.731798 0.681183
1718924502.259243727 -1.067851 0.135030 0.028384 -0.010603 -0.018640 -0.731794 0.681189
1718924502.264238834 -1.067764 0.135271 0.028402 -0.010598 -0.018625 -0.731798 0.681184
1718924502.269308090 -1.067675 0.135513 0.028419 -0.010589 -0.018614 -0.731810 0.681172
1718924502.274296522 -1.067589 0.135748 0.028435 -0.010578 -0.018603 -0.731830 0.681151
1718924502.279303551 -1.067503 0.135980 0.028452 -0.010563 -0.018589 -0.731853 0.681127
1718924502.284293413 -1.067419 0.136209 0.028469 -0.010555 -0.018570 -0.731879 0.681099
1718924502.289316893 -1.067335 0.136437 0.028488 -0.010559 -0.018556 -0.731905 0.681072
1718924502.294245958 -1.067254 0.136656 0.028506 -0.010564 -0.018550 -0.731930 0.681045
1718924502.299244642 -1.067174 0.136875 0.028525 -0.010557 -0.018541 -0.731954 0.681020
1718924502.299997091 -1.067162 0.136908 0.028528 -0.010556 -0.018541 -0.731957 0.681016
1718924502.299997091 -1.067162 0.136908 0.028528 -0.010556 -0.018541 -0.731957 0.681016
1718924502.304241657 -1.067095 0.137090 0.028542 -0.010553 -0.018540 -0.731977 0.680995
1718924502.309238672 -1.067018 0.137301 0.028559 -0.010544 -0.018537 -0.732004 0.680966
1718924502.314241648 -1.066942 0.137508 0.028575 -0.010539 -0.018533 -0.732034 0.680934
1718924502.364294291 -1.066268 0.139264 0.028721 -0.010331 -0.018367 -0.731969 0.681012
1718924502.369310141 -1.066209 0.139406 0.028734 -0.010323 -0.018364 -0.731949 0.681034
1718924502.374295950 -1.066151 0.139543 0.028746 -0.010312 -0.018368 -0.731922 0.681063
1718924502.379321098 -1.066092 0.139674 0.028758 -0.010295 -0.018377 -0.731899 0.681088
1718924502.384309053 -1.066035 0.139799 0.028770 -0.010275 -0.018389 -0.731880 0.681108
1718924502.389254332 -1.065978 0.139918 0.028781 -0.010259 -0.018396 -0.731865 0.681124
1718924502.394248962 -1.065922 0.140033 0.028793 -0.010243 -0.018392 -0.731846 0.681144
1718924502.399246454 -1.065865 0.140143 0.028804 -0.010229 -0.018393 -0.731821 0.681172
1718924502.399995089 -1.065857 0.140159 0.028805 -0.010228 -0.018394 -0.731818 0.681175
1718924502.399995089 -1.065857 0.140159 0.028805 -0.010228 -0.018394 -0.731818 0.681175
1718924502.404243469 -1.065808 0.140248 0.028815 -0.010220 -0.018395 -0.731807 0.681187
1718924502.409236908 -1.065750 0.140348 0.028825 -0.010211 -0.018390 -0.731804 0.681191
1718924502.414262056 -1.065692 0.140445 0.028835 -0.010201 -0.018382 -0.731798 0.681197
1718924502.419276237 -1.065632 0.140536 0.028845 -0.010192 -0.018380 -0.731797 0.681198
1718924502.424300909 -1.065571 0.140623 0.028855 -0.010178 -0.018382 -0.731804 0.681191
1718924502.429385424 -1.065507 0.140705 0.028864 -0.010160 -0.018377 -0.731818 0.681177
1718924502.434300184 -1.065443 0.140780 0.028874 -0.010149 -0.018369 -0.731831 0.681163
1718924502.439299107 -1.065377 0.140851 0.028883 -0.010141 -0.018358 -0.731848 0.681145
1718924502.444259405 -1.065309 0.140917 0.028893 -0.010137 -0.018350 -0.731871 0.681121
1718924502.449288368 -1.065238 0.140979 0.028902 -0.010129 -0.018343 -0.731901 0.681089
1718924502.454252243 -1.065166 0.141035 0.028910 -0.010118 -0.018339 -0.731934 0.681054
1718924502.459286451 -1.065091 0.141086 0.028917 -0.010110 -0.018337 -0.731954 0.681032
1718924502.464292526 -1.065014 0.141132 0.028925 -0.010106 -0.018340 -0.731973 0.681012
1718924502.469304323 -1.064935 0.141171 0.028933 -0.010106 -0.018336 -0.731991 0.680993
1718924502.474253416 -1.064856 0.141204 0.028941 -0.010105 -0.018321 -0.732012 0.680971
1718924502.479262352 -1.064774 0.141232 0.028950 -0.010100 -0.018308 -0.732033 0.680948
1718924502.484256506 -1.064690 0.141253 0.028958 -0.010098 -0.018302 -0.732043 0.680938
1718924502.489290714 -1.064605 0.141269 0.028966 -0.010095 -0.018300 -0.732038 0.680943
1718924502.494281054 -1.064519 0.141278 0.028974 -0.010094 -0.018295 -0.732032 0.680949
1718924502.499243736 -1.064433 0.141281 0.028981 -0.010095 -0.018284 -0.732027 0.680955
1718924502.499995947 -1.064420 0.141281 0.028982 -0.010096 -0.018283 -0.732027 0.680956
1718924502.499995947 -1.064420 0.141281 0.028982 -0.010096 -0.018283 -0.732027 0.680956
1718924502.504241943 -1.064345 0.141276 0.028989 -0.010100 -0.018278 -0.732022 0.680961
1718924502.509235620 -1.064257 0.141265 0.028998 -0.010101 -0.018271 -0.732016 0.680967
1718924502.514264345 -1.064169 0.141249 0.029006 -0.010107 -0.018256 -0.732008 0.680976
1718924502.564252377 -1.063395 0.140703 0.029137 -0.010079 -0.018328 -0.731954 0.681033
1718924502.569297314 -1.063335 0.140631 0.029139 -0.010071 -0.018336 -0.731956 0.681031
1718924502.574274302 -1.063279 0.140555 0.029141 -0.010066 -0.018339 -0.731963 0.681023
1718924502.579298258 -1.063224 0.140473 0.029142 -0.010067 -0.018339 -0.731974 0.681011
1718924502.584308863 -1.063170 0.140387 0.029143 -0.010070 -0.018339 -0.731988 0.680996
1718924502.589299917 -1.063118 0.140298 0.029143 -0.010070 -0.018340 -0.732005 0.680978
1718924502.594283581 -1.063068 0.140204 0.029144 -0.010069 -0.018342 -0.732018 0.680964
1718924502.599265337 -1.063018 0.140106 0.029144 -0.010067 -0.018344 -0.732035 0.680946
1718924502.599997044 -1.063011 0.140091 0.029144 -0.010067 -0.018344 -0.732037 0.680943
1718924502.599997044 -1.063011 0.140091 0.029144 -0.010067 -0.018344 -0.732037 0.680943
1718924502.604279518 -1.062970 0.140005 0.029143 -0.010067 -0.018344 -0.732051 0.680928
1718924502.609235525 -1.062921 0.139903 0.029141 -0.010058 -0.018343 -0.732072 0.680906
1718924502.614255428 -1.062872 0.139797 0.029139 -0.010057 -0.018340 -0.732093 0.680884
1718924502.619248867 -1.062821 0.139689 0.029137 -0.010060 -0.018337 -0.732107 0.680868
1718924502.624296665 -1.062769 0.139578 0.029136 -0.010052 -0.018331 -0.732116 0.680859
1718924502.629272223 -1.062716 0.139466 0.029135 -0.010041 -0.018330 -0.732131 0.680843
1718924502.634299994 -1.062662 0.139352 0.029134 -0.010037 -0.018331 -0.732146 0.680827
1718924502.639344692 -1.062605 0.139236 0.029134 -0.010036 -0.018328 -0.732152 0.680820
1718924502.644281626 -1.062547 0.139123 0.029134 -0.010035 -0.018329 -0.732153 0.680819
1718924502.649289370 -1.062488 0.139007 0.029133 -0.010027 -0.018331 -0.732150 0.680823
1718924502.654282808 -1.062427 0.138893 0.029133 -0.010024 -0.018322 -0.732149 0.680824
1718924502.659245968 -1.062364 0.138780 0.029133 -0.010025 -0.018321 -0.732144 0.680830
1718924502.664293528 -1.062298 0.138666 0.029133 -0.010020 -0.018319 -0.732137 0.680837
1718924502.669316053 -1.062230 0.138554 0.029133 -0.010017 -0.018314 -0.732133 0.680842
1718924502.674284458 -1.062161 0.138445 0.029132 -0.010021 -0.018313 -0.732122 0.680853
1718924502.679257870 -1.062090 0.138337 0.029132 -0.010020 -0.018312 -0.732107 0.680870
1718924502.684247017 -1.062016 0.138231 0.029131 -0.010014 -0.018307 -0.732093 0.680886
1718924502.689240456 -1.061941 0.138126 0.029130 -0.010009 -0.018311 -0.732084 0.680894
1718924502.694279194 -1.061864 0.138024 0.029128 -0.010008 -0.018312 -0.732081 0.680898
1718924502.699272633 -1.061787 0.137924 0.029126 -0.010006 -0.018312 -0.732077 0.680902
1718924502.699901342 -1.061777 0.137912 0.029126 -0.010006 -0.018312 -0.732077 0.680902
1718924502.699901342 -1.061777 0.137912 0.029126 -0.010006 -0.018312 -0.732077 0.680902
1718924502.699995995 -1.068015 0.136639 0.026356 -0.009967 -0.018384 -0.732154 0.680818
1718924502.699995995 -1.068015 0.136639 0.026356 -0.009967 -0.018384 -0.732154 0.680818
1718924502.704240084 -1.067993 0.136788 0.026365 -0.009969 -0.018385 -0.732155 0.680817
1718924502.709235191 -1.067966 0.136966 0.026377 -0.009969 -0.018387 -0.732152 0.680820
1718924502.714293242 -1.067939 0.137147 0.026388 -0.009969 -0.018387 -0.732156 0.680816
1718924502.719287157 -1.067914 0.137327 0.026399 -0.009971 -0.018389 -0.732163 0.680808
1718924502.794279575 -1.067605 0.139744 0.026523 -0.009945 -0.018555 -0.732097 0.680875
1718924502.799271584 -1.067589 0.139881 0.026533 -0.009945 -0.018559 -0.732096 0.680876
1718924502.804277420 -1.067574 0.140016 0.026542 -0.009942 -0.018560 -0.732089 0.680883
1718924502.809271574 -1.067558 0.140148 0.026551 -0.009935 -0.018557 -0.732082 0.680891
1718924502.814298391 -1.067543 0.140279 0.026560 -0.009932 -0.018556 -0.732081 0.680892
1718924502.819301128 -1.067528 0.140407 0.026568 -0.009926 -0.018556 -0.732079 0.680894
1718924502.824251413 -1.067513 0.140531 0.026576 -0.009930 -0.018562 -0.732070 0.680904
1718924502.829253912 -1.067497 0.140655 0.026584 -0.009933 -0.018564 -0.732061 0.680914
1718924502.834285736 -1.067481 0.140778 0.026592 -0.009926 -0.018563 -0.732056 0.680919
1718924502.839238882 -1.067464 0.140898 0.026601 -0.009918 -0.018563 -0.732055 0.680920
1718924502.844298363 -1.067446 0.141020 0.026609 -0.009909 -0.018564 -0.732065 0.680910
1718924502.849242449 -1.067427 0.141138 0.026618 -0.009899 -0.018569 -0.732073 0.680902
1718924502.854275942 -1.067406 0.141258 0.026626 -0.009891 -0.018574 -0.732078 0.680895
1718924502.859235048 -1.067383 0.141376 0.026634 -0.009885 -0.018576 -0.732079 0.680895
1718924502.864273071 -1.067359 0.141497 0.026643 -0.009886 -0.018576 -0.732079 0.680894
1718924502.869237661 -1.067334 0.141616 0.026651 -0.009891 -0.018576 -0.732083 0.680891
1718924502.874234915 -1.067308 0.141736 0.026660 -0.009893 -0.018576 -0.732086 0.680887
1718924502.879240990 -1.067281 0.141857 0.026669 -0.009894 -0.018569 -0.732091 0.680882
1718924502.884235859 -1.067252 0.141978 0.026678 -0.009891 -0.018562 -0.732100 0.680872
1718924502.889235973 -1.067222 0.142101 0.026687 -0.009888 -0.018557 -0.732108 0.680864
1718924502.894274712 -1.067190 0.142225 0.026697 -0.009889 -0.018560 -0.732111 0.680861
1718924502.899271965 -1.067158 0.142348 0.026706 -0.009892 -0.018566 -0.732106 0.680866
1718924502.900009155 -1.067154 0.142366 0.026707 -0.009893 -0.018566 -0.732106 0.680865
1718924502.900009155 -1.067154 0.142366 0.026707 -0.009893 -0.018566 -0.732106 0.680865
1718924502.904245377 -1.067126 0.142471 0.026715 -0.009894 -0.018569 -0.732110 0.680862
1718924502.909275055 -1.067093 0.142595 0.026724 -0.009898 -0.018569 -0.732120 0.680850
1718924502.914291859 -1.067060 0.142720 0.026733 -0.009902 -0.018568 -0.732125 0.680845
1718924502.939294577 -1.066893 0.143322 0.026765 -0.009937 -0.018572 -0.732108 0.680863
1718924502.944236517 -1.066862 0.143437 0.026774 -0.009937 -0.018573 -0.732105 0.680866
1718924502.949247122 -1.066830 0.143552 0.026783 -0.009942 -0.018578 -0.732091 0.680881
1718924502.954288960 -1.066800 0.143667 0.026792 -0.009945 -0.018581 -0.732079 0.680893
1718924502.959247351 -1.066772 0.143778 0.026800 -0.009941 -0.018579 -0.732073 0.680900
1718924502.964244843 -1.066744 0.143888 0.026808 -0.009938 -0.018577 -0.732071 0.680902
1718924502.969251156 -1.066719 0.143997 0.026815 -0.009937 -0.018582 -0.732069 0.680904
1718924502.974235058 -1.066694 0.144103 0.026822 -0.009945 -0.018585 -0.732063 0.680911
1718924502.979263067 -1.066671 0.144208 0.026829 -0.009950 -0.018587 -0.732059 0.680915
1718924502.984235764 -1.066650 0.144310 0.026835 -0.009949 -0.018587 -0.732056 0.680918
1718924502.989272118 -1.066630 0.144412 0.026841 -0.009948 -0.018593 -0.732054 0.680920
1718924502.994276047 -1.066611 0.144510 0.026848 -0.009946 -0.018603 -0.732057 0.680917
1718924502.999271631 -1.066593 0.144607 0.026855 -0.009943 -0.018609 -0.732063 0.680910
1718924502.999961853 -1.066591 0.144620 0.026856 -0.009943 -0.018609 -0.732064 0.680909
1718924502.999961853 -1.066591 0.144620 0.026856 -0.009943 -0.018609 -0.732064 0.680909
1718924503.004276276 -1.066576 0.144702 0.026860 -0.009947 -0.018608 -0.732068 0.680905
1718924503.009233236 -1.066559 0.144795 0.026866 -0.009950 -0.018609 -0.732073 0.680900
1718924503.014240265 -1.066543 0.144888 0.026872 -0.009955 -0.018610 -0.732081 0.680891
1718924503.019345045 -1.066526 0.144981 0.026878 -0.009956 -0.018616 -0.732089 0.680882
1718924503.024239540 -1.066510 0.145069 0.026884 -0.009958 -0.018620 -0.732099 0.680871
1718924503.029308796 -1.066493 0.145158 0.026891 -0.009955 -0.018618 -0.732108 0.680861
1718924503.034235716 -1.066475 0.145244 0.026897 -0.009960 -0.018623 -0.732114 0.680855
1718924503.039261103 -1.066456 0.145330 0.026904 -0.009965 -0.018628 -0.732116 0.680852
1718924503.044236422 -1.066436 0.145414 0.026910 -0.009967 -0.018637 -0.732124 0.680844
1718924503.049297094 -1.066415 0.145499 0.026917 -0.009968 -0.018646 -0.732130 0.680837
1718924503.054245949 -1.066393 0.145581 0.026924 -0.009966 -0.018655 -0.732130 0.680836
1718924503.059249640 -1.066369 0.145664 0.026931 -0.009961 -0.018666 -0.732126 0.680840
1718924503.064249754 -1.066344 0.145746 0.026938 -0.009955 -0.018679 -0.732125 0.680841
1718924503.069239616 -1.066318 0.145827 0.026945 -0.009951 -0.018687 -0.732126 0.680840
1718924503.074234247 -1.066291 0.145908 0.026952 -0.009955 -0.018690 -0.732121 0.680845
1718924503.079229355 -1.066262 0.145989 0.026959 -0.009958 -0.018694 -0.732116 0.680851
1718924503.084236622 -1.066231 0.146071 0.026967 -0.009961 -0.018700 -0.732111 0.680856
1718924503.089229107 -1.066200 0.146152 0.026974 -0.009957 -0.018705 -0.732107 0.680860
1718924503.094235897 -1.066167 0.146233 0.026982 -0.009957 -0.018714 -0.732104 0.680863
1718924503.099231005 -1.066134 0.146315 0.026989 -0.009962 -0.018718 -0.732097 0.680871
1718924503.099999905 -1.066129 0.146327 0.026991 -0.009963 -0.018718 -0.732096 0.680872
1718924503.099999905 -1.066129 0.146327 0.026991 -0.009963 -0.018718 -0.732096 0.680872
1718924503.104236126 -1.066101 0.146395 0.026998 -0.009972 -0.018718 -0.732091 0.680877
1718924503.109231234 -1.066068 0.146475 0.027006 -0.009978 -0.018712 -0.732084 0.680885
1718924503.114244938 -1.066035 0.146554 0.027015 -0.009980 -0.018705 -0.732082 0.680887
1718924503.159253836 -1.065787 0.147214 0.027084 -0.010085 -0.018765 -0.732087 0.680878
1718924503.164289474 -1.065765 0.147282 0.027092 -0.010092 -0.018766 -0.732095 0.680869
1718924503.169225693 -1.065744 0.147347 0.027099 -0.010096 -0.018766 -0.732106 0.680857
1718924503.174233675 -1.065724 0.147412 0.027107 -0.010102 -0.018762 -0.732114 0.680849
1718924503.179235697 -1.065704 0.147474 0.027115 -0.010109 -0.018752 -0.732117 0.680845
1718924503.184234142 -1.065684 0.147535 0.027124 -0.010111 -0.018750 -0.732121 0.680842
1718924503.189228535 -1.065665 0.147594 0.027131 -0.010115 -0.018750 -0.732120 0.680842
1718924503.194236040 -1.065647 0.147651 0.027139 -0.010111 -0.018748 -0.732118 0.680845
1718924503.199233532 -1.065629 0.147708 0.027147 -0.010112 -0.018756 -0.732109 0.680854
1718924503.199985027 -1.065627 0.147716 0.027148 -0.010113 -0.018756 -0.732108 0.680855
1718924503.199985027 -1.065627 0.147716 0.027148 -0.010113 -0.018756 -0.732108 0.680855
1718924503.204233646 -1.065612 0.147764 0.027152 -0.010116 -0.018763 -0.732102 0.680861
1718924503.209233046 -1.065596 0.147820 0.027157 -0.010116 -0.018771 -0.732098 0.680865
1718924503.214300394 -1.065579 0.147876 0.027162 -0.010120 -0.018781 -0.732094 0.680870
1718924503.219269991 -1.065563 0.147929 0.027167 -0.010122 -0.018788 -0.732089 0.680874
1718924503.224290371 -1.065547 0.147982 0.027172 -0.010123 -0.018792 -0.732083 0.680881
1718924503.229312420 -1.065530 0.148035 0.027177 -0.010126 -0.018802 -0.732075 0.680890
1718924503.234242916 -1.065514 0.148085 0.027182 -0.010127 -0.018812 -0.732075 0.680889
1718924503.239248037 -1.065498 0.148136 0.027187 -0.010130 -0.018816 -0.732079 0.680884
1718924503.244236231 -1.065481 0.148186 0.027193 -0.010133 -0.018812 -0.732077 0.680887
1718924503.249243736 -1.065464 0.148236 0.027199 -0.010137 -0.018814 -0.732074 0.680890
1718924503.254232883 -1.065446 0.148285 0.027205 -0.010138 -0.018818 -0.732071 0.680893
1718924503.259238243 -1.065428 0.148335 0.027211 -0.010140 -0.018829 -0.732074 0.680890
1718924503.264327765 -1.065408 0.148385 0.027217 -0.010148 -0.018836 -0.732072 0.680891
1718924503.269231558 -1.065388 0.148434 0.027222 -0.010156 -0.018837 -0.732075 0.680888
1718924503.274233341 -1.065368 0.148484 0.027227 -0.010163 -0.018839 -0.732080 0.680882
1718924503.279233217 -1.065347 0.148534 0.027232 -0.010170 -0.018840 -0.732081 0.680881
1718924503.284233093 -1.065325 0.148583 0.027237 -0.010175 -0.018847 -0.732083 0.680879
1718924503.289229631 -1.065303 0.148632 0.027241 -0.010181 -0.018857 -0.732085 0.680876
1718924503.294272900 -1.065280 0.148680 0.027246 -0.010188 -0.018861 -0.732093 0.680868
1718924503.299229383 -1.065258 0.148726 0.027250 -0.010195 -0.018863 -0.732098 0.680861
1718924503.299988031 -1.065254 0.148733 0.027251 -0.010195 -0.018863 -0.732100 0.680860
1718924503.299988031 -1.065254 0.148733 0.027251 -0.010195 -0.018863 -0.732100 0.680860
1718924503.304275036 -1.065234 0.148770 0.027256 -0.010193 -0.018862 -0.732107 0.680852
1718924503.309270382 -1.065211 0.148812 0.027261 -0.010192 -0.018862 -0.732114 0.680845
1718924503.314271212 -1.065188 0.148853 0.027266 -0.010194 -0.018858 -0.732120 0.680838
1718924503.364262819 -1.065046 0.149033 0.027311 -0.010400 -0.018938 -0.732101 0.680853
1718924503.369276524 -1.065037 0.149062 0.027323 -0.010404 -0.018942 -0.732104 0.680850
1718924503.374231339 -1.065029 0.149091 0.027334 -0.010401 -0.018944 -0.732105 0.680849
1718924503.379228354 -1.065022 0.149118 0.027346 -0.010402 -0.018948 -0.732101 0.680853
1718924503.384229898 -1.065016 0.149145 0.027359 -0.010405 -0.018953 -0.732096 0.680859
1718924503.389225721 -1.065011 0.149171 0.027372 -0.010406 -0.018954 -0.732094 0.680860
1718924503.394236565 -1.065008 0.149196 0.027385 -0.010409 -0.018958 -0.732093 0.680862
1718924503.399227858 -1.065006 0.149222 0.027398 -0.010401 -0.018962 -0.732094 0.680861
1718924503.404265404 -1.065004 0.149247 0.027411 -0.010399 -0.018967 -0.732099 0.680855
1718924503.409227133 -1.065003 0.149272 0.027425 -0.010396 -0.018971 -0.732106 0.680848
1718924503.414277315 -1.065002 0.149296 0.027439 -0.010398 -0.018977 -0.732105 0.680848
1718924503.419257641 -1.065000 0.149320 0.027451 -0.010404 -0.018980 -0.732098 0.680855
1718924503.424248457 -1.064999 0.149344 0.027463 -0.010405 -0.018989 -0.732094 0.680859
1718924503.429301023 -1.064998 0.149368 0.027475 -0.010402 -0.018998 -0.732092 0.680861
1718924503.434280396 -1.064996 0.149392 0.027487 -0.010403 -0.019008 -0.732095 0.680858
1718924503.439287424 -1.064995 0.149415 0.027499 -0.010410 -0.019014 -0.732098 0.680854
1718924503.444233656 -1.064994 0.149439 0.027511 -0.010415 -0.019016 -0.732104 0.680848
1718924503.449242353 -1.064992 0.149462 0.027523 -0.010415 -0.019022 -0.732112 0.680839
1718924503.454286337 -1.064990 0.149486 0.027534 -0.010412 -0.019025 -0.732112 0.680839
1718924503.459239006 -1.064987 0.149509 0.027546 -0.010410 -0.019027 -0.732116 0.680835
1718924503.464245558 -1.064983 0.149532 0.027558 -0.010416 -0.019028 -0.732118 0.680832
1718924503.469226122 -1.064979 0.149554 0.027570 -0.010419 -0.019027 -0.732117 0.680834
1718924503.474272013 -1.064974 0.149575 0.027583 -0.010425 -0.019025 -0.732113 0.680838
1718924503.479268312 -1.064968 0.149595 0.027595 -0.010428 -0.019025 -0.732114 0.680837
1718924503.484271049 -1.064961 0.149614 0.027607 -0.010430 -0.019028 -0.732112 0.680839
1718924503.489229202 -1.064954 0.149633 0.027618 -0.010436 -0.019037 -0.732107 0.680843
1718924503.494234800 -1.064945 0.149651 0.027630 -0.010438 -0.019043 -0.732102 0.680849
1718924503.499269009 -1.064935 0.149668 0.027642 -0.010439 -0.019050 -0.732100 0.680851
1718924503.499994040 -1.064934 0.149670 0.027643 -0.010439 -0.019051 -0.732100 0.680851
1718924503.499994040 -1.064934 0.149670 0.027643 -0.010439 -0.019051 -0.732100 0.680851
1718924503.504254580 -1.064926 0.149688 0.027653 -0.010437 -0.019053 -0.732100 0.680851
1718924503.509267330 -1.064916 0.149708 0.027664 -0.010436 -0.019046 -0.732102 0.680849
1718924503.514292479 -1.064906 0.149727 0.027675 -0.010435 -0.019045 -0.732105 0.680845
1718924503.594262600 -1.064801 0.149970 0.027806 -0.010511 -0.019178 -0.732124 0.680820
1718924503.599228621 -1.064798 0.149980 0.027816 -0.010510 -0.019178 -0.732121 0.680824
1718924503.599984884 -1.064798 0.149981 0.027818 -0.010509 -0.019178 -0.732121 0.680824
1718924503.599984884 -1.064798 0.149981 0.027818 -0.010509 -0.019178 -0.732121 0.680824
1718924503.604267597 -1.064796 0.149991 0.027826 -0.010506 -0.019179 -0.732123 0.680821
1718924503.609228134 -1.064794 0.150002 0.027835 -0.010504 -0.019180 -0.732121 0.680824
1718924503.614247322 -1.064792 0.150013 0.027845 -0.010507 -0.019184 -0.732114 0.680831
1718924503.619248390 -1.064789 0.150022 0.027855 -0.010512 -0.019189 -0.732113 0.680832
1718924503.624261379 -1.064786 0.150032 0.027865 -0.010512 -0.019192 -0.732112 0.680833
1718924503.629233360 -1.064783 0.150040 0.027874 -0.010516 -0.019199 -0.732113 0.680831
1718924503.634256363 -1.064781 0.150048 0.027885 -0.010513 -0.019209 -0.732112 0.680832
1718924503.639314175 -1.064778 0.150056 0.027895 -0.010511 -0.019209 -0.732107 0.680837
1718924503.644238710 -1.064775 0.150062 0.027906 -0.010509 -0.019210 -0.732112 0.680832
1718924503.649224043 -1.064772 0.150068 0.027916 -0.010516 -0.019216 -0.732117 0.680826
1718924503.654296637 -1.064769 0.150073 0.027927 -0.010517 -0.019216 -0.732123 0.680820
1718924503.659222603 -1.064765 0.150078 0.027938 -0.010517 -0.019225 -0.732123 0.680820
1718924503.664272308 -1.064760 0.150081 0.027949 -0.010515 -0.019237 -0.732122 0.680821
1718924503.669284821 -1.064755 0.150083 0.027959 -0.010516 -0.019245 -0.732116 0.680827
1718924503.674245119 -1.064749 0.150084 0.027969 -0.010518 -0.019246 -0.732118 0.680825
1718924503.679232121 -1.064743 0.150086 0.027980 -0.010520 -0.019247 -0.732126 0.680816
1718924503.684237003 -1.064736 0.150087 0.027992 -0.010523 -0.019245 -0.732134 0.680807
1718924503.689234972 -1.064729 0.150088 0.028003 -0.010530 -0.019245 -0.732131 0.680811
1718924503.694229603 -1.064721 0.150088 0.028015 -0.010541 -0.019251 -0.732132 0.680809
1718924503.699234962 -1.064712 0.150088 0.028027 -0.010548 -0.019260 -0.732136 0.680805
1718924503.699895144 -1.064710 0.150088 0.028028 -0.010548 -0.019260 -0.732136 0.680805
1718924503.699895144 -1.064710 0.150088 0.028028 -0.010548 -0.019260 -0.732136 0.680805
1718924503.704224348 -1.064702 0.150087 0.028039 -0.010552 -0.019263 -0.732135 0.680806
1718924503.709233999 -1.064692 0.150086 0.028052 -0.010555 -0.019258 -0.732137 0.680803
1718924503.714266777 -1.064681 0.150084 0.028064 -0.010556 -0.019252 -0.732140 0.680800
1718924503.719298601 -1.064670 0.150080 0.028078 -0.010558 -0.019256 -0.732140 0.680800
1718924503.799981833 -1.064544 0.150016 0.028211 -0.010611 -0.019495 -0.732032 0.680908
1718924503.799981833 -1.064544 0.150016 0.028211 -0.010611 -0.019495 -0.732032 0.680908
1718924503.819248676 -1.064542 0.150039 0.028235 -0.010632 -0.019557 -0.732007 0.680933
1718924503.824238300 -1.064542 0.150041 0.028242 -0.010630 -0.019563 -0.732004 0.680936
1718924503.829249859 -1.064543 0.150044 0.028249 -0.010632 -0.019565 -0.732012 0.680928
1718924503.834240913 -1.064543 0.150046 0.028255 -0.010626 -0.019562 -0.732019 0.680921
1718924503.839238882 -1.064543 0.150048 0.028262 -0.010616 -0.019560 -0.732018 0.680922
1718924503.844255447 -1.064543 0.150049 0.028269 -0.010615 -0.019560 -0.732012 0.680928
1718924503.849228144 -1.064542 0.150050 0.028276 -0.010614 -0.019560 -0.732010 0.680931
1718924503.854235888 -1.064541 0.150051 0.028283 -0.010615 -0.019566 -0.732015 0.680924
1718924503.859231234 -1.064540 0.150052 0.028290 -0.010617 -0.019571 -0.732023 0.680915
1718924503.864237547 -1.064539 0.150053 0.028297 -0.010619 -0.019572 -0.732025 0.680913
1718924503.869228601 -1.064538 0.150054 0.028306 -0.010622 -0.019574 -0.732022 0.680917
1718924503.874275684 -1.064536 0.150056 0.028314 -0.010623 -0.019579 -0.732018 0.680921
1718924503.879276276 -1.064534 0.150058 0.028323 -0.010632 -0.019577 -0.732018 0.680921
1718924503.884266853 -1.064530 0.150060 0.028332 -0.010636 -0.019583 -0.732017 0.680922
1718924503.889273643 -1.064526 0.150061 0.028341 -0.010638 -0.019583 -0.732019 0.680919
1718924503.894267321 -1.064522 0.150062 0.028350 -0.010642 -0.019588 -0.732019 0.680919
1718924503.899274111 -1.064517 0.150063 0.028358 -0.010641 -0.019594 -0.732022 0.680917
1718924503.900016069 -1.064516 0.150063 0.028359 -0.010640 -0.019594 -0.732021 0.680917
1718924503.900016069 -1.064516 0.150063 0.028359 -0.010640 -0.019594 -0.732021 0.680917
1718924503.904268742 -1.064511 0.150062 0.028366 -0.010637 -0.019591 -0.732018 0.680920
1718924503.909276962 -1.064505 0.150061 0.028373 -0.010636 -0.019585 -0.732016 0.680923
1718924503.914296150 -1.064500 0.150060 0.028380 -0.010638 -0.019578 -0.732021 0.680917
1718924503.989246368 -1.064476 0.150040 0.028395 -0.010736 -0.019515 -0.732116 0.680816
1718924503.994234085 -1.064482 0.150036 0.028400 -0.010739 -0.019514 -0.732120 0.680811
1718924503.999253273 -1.064489 0.150031 0.028404 -0.010741 -0.019513 -0.732122 0.680809
1718924504.004245520 -1.064496 0.150027 0.028409 -0.010740 -0.019512 -0.732124 0.680808
1718924504.009238243 -1.064503 0.150021 0.028413 -0.010737 -0.019511 -0.732118 0.680814
1718924504.014284849 -1.064510 0.150016 0.028418 -0.010735 -0.019505 -0.732117 0.680815
1718924504.019242048 -1.064517 0.150010 0.028421 -0.010734 -0.019505 -0.732113 0.680819
1718924504.024284601 -1.064525 0.150005 0.028425 -0.010734 -0.019509 -0.732109 0.680824
1718924504.029294968 -1.064532 0.149999 0.028429 -0.010730 -0.019508 -0.732111 0.680821
1718924504.034245968 -1.064539 0.149992 0.028431 -0.010724 -0.019507 -0.732117 0.680815
1718924504.039221525 -1.064546 0.149986 0.028433 -0.010724 -0.019503 -0.732116 0.680816
1718924504.044285059 -1.064553 0.149978 0.028435 -0.010724 -0.019497 -0.732111 0.680822
1718924504.049234152 -1.064560 0.149970 0.028437 -0.010721 -0.019497 -0.732105 0.680828
1718924504.054237366 -1.064567 0.149962 0.028439 -0.010723 -0.019501 -0.732098 0.680836
1718924504.059237719 -1.064573 0.149954 0.028441 -0.010726 -0.019502 -0.732091 0.680843
1718924504.064234972 -1.064579 0.149945 0.028443 -0.010723 -0.019497 -0.732089 0.680846
1718924504.069228411 -1.064585 0.149936 0.028445 -0.010717 -0.019494 -0.732090 0.680845
1718924504.074235439 -1.064591 0.149926 0.028447 -0.010713 -0.019491 -0.732099 0.680835
1718924504.079232693 -1.064596 0.149916 0.028448 -0.010713 -0.019491 -0.732104 0.680829
1718924504.084228039 -1.064601 0.149905 0.028450 -0.010706 -0.019488 -0.732101 0.680833
1718924504.089230776 -1.064605 0.149895 0.028452 -0.010710 -0.019486 -0.732092 0.680842
1718924504.094227791 -1.064609 0.149883 0.028453 -0.010717 -0.019488 -0.732085 0.680850
1718924504.099231720 -1.064613 0.149872 0.028455 -0.010721 -0.019493 -0.732085 0.680850
1718924504.099989176 -1.064613 0.149870 0.028455 -0.010721 -0.019493 -0.732086 0.680849
1718924504.099989176 -1.064613 0.149870 0.028455 -0.010721 -0.019493 -0.732086 0.680849
1718924504.104228258 -1.064616 0.149861 0.028457 -0.010720 -0.019494 -0.732092 0.680842
1718924504.109231472 -1.064620 0.149850 0.028460 -0.010722 -0.019491 -0.732102 0.680831
1718924504.114238977 -1.064623 0.149839 0.028463 -0.010723 -0.019491 -0.732106 0.680827
1718924504.199983120 -1.064637 0.149590 0.028494 -0.010487 -0.019538 -0.732087 0.680850
1718924504.199983120 -1.064637 0.149590 0.028494 -0.010487 -0.019538 -0.732087 0.680850
1718924504.214248419 -1.064628 0.149536 0.028501 -0.010443 -0.019540 -0.732084 0.680854
1718924504.219242334 -1.064624 0.149517 0.028504 -0.010438 -0.019542 -0.732082 0.680856
1718924504.224239349 -1.064620 0.149497 0.028508 -0.010442 -0.019539 -0.732083 0.680855
1718924504.229255676 -1.064617 0.149477 0.028511 -0.010444 -0.019531 -0.732085 0.680853
1718924504.234243870 -1.064613 0.149457 0.028514 -0.010442 -0.019525 -0.732085 0.680853
1718924504.239237785 -1.064609 0.149437 0.028517 -0.010436 -0.019524 -0.732083 0.680855
1718924504.244302034 -1.064605 0.149417 0.028520 -0.010431 -0.019524 -0.732080 0.680859
1718924504.249236822 -1.064601 0.149397 0.028523 -0.010438 -0.019520 -0.732080 0.680859
1718924504.254236937 -1.064597 0.149378 0.028525 -0.010437 -0.019521 -0.732077 0.680862
1718924504.259240627 -1.064593 0.149358 0.028528 -0.010433 -0.019522 -0.732074 0.680866
1718924504.264248610 -1.064588 0.149338 0.028531 -0.010429 -0.019520 -0.732073 0.680867
1718924504.269240379 -1.064583 0.149319 0.028534 -0.010422 -0.019517 -0.732078 0.680861
1718924504.274238348 -1.064578 0.149299 0.028536 -0.010419 -0.019518 -0.732081 0.680858
1718924504.279247046 -1.064572 0.149279 0.028538 -0.010415 -0.019515 -0.732079 0.680860
1718924504.284244776 -1.064567 0.149258 0.028540 -0.010412 -0.019509 -0.732073 0.680867
1718924504.289234400 -1.064561 0.149238 0.028542 -0.010408 -0.019506 -0.732071 0.680870
1718924504.294231653 -1.064556 0.149218 0.028544 -0.010405 -0.019507 -0.732074 0.680866
1718924504.299236298 -1.064551 0.149197 0.028544 -0.010406 -0.019499 -0.732071 0.680870
1718924504.299992323 -1.064550 0.149194 0.028545 -0.010407 -0.019499 -0.732071 0.680870
1718924504.299992323 -1.064550 0.149194 0.028545 -0.010407 -0.019499 -0.732071 0.680870
1718924504.304229975 -1.064546 0.149177 0.028545 -0.010411 -0.019495 -0.732069 0.680871
1718924504.309227228 -1.064542 0.149156 0.028545 -0.010412 -0.019486 -0.732072 0.680869
1718924504.314247847 -1.064536 0.149135 0.028545 -0.010417 -0.019479 -0.732076 0.680865
1718924504.369242191 -1.064468 0.148859 0.028529 -0.010419 -0.019354 -0.732095 0.680848
1718924504.374286652 -1.064460 0.148829 0.028530 -0.010424 -0.019349 -0.732096 0.680847
1718924504.379237413 -1.064453 0.148798 0.028532 -0.010428 -0.019349 -0.732090 0.680853
1718924504.384226799 -1.064445 0.148768 0.028533 -0.010427 -0.019353 -0.732088 0.680855
1718924504.394227982 -1.064430 0.148704 0.028535 -0.010426 -0.019354 -0.732076 0.680868
1718924504.399233103 -1.064424 0.148670 0.028536 -0.010431 -0.019362 -0.732067 0.680878
1718924504.399990320 -1.064423 0.148665 0.028536 -0.010430 -0.019364 -0.732066 0.680879
1718924504.399990320 -1.064423 0.148665 0.028536 -0.010430 -0.019364 -0.732066 0.680879
1718924504.404273033 -1.064417 0.148636 0.028537 -0.010425 -0.019369 -0.732061 0.680884
1718924504.409224033 -1.064412 0.148601 0.028538 -0.010420 -0.019374 -0.732062 0.680883
1718924504.414264202 -1.064406 0.148566 0.028539 -0.010419 -0.019368 -0.732063 0.680882
1718924504.419264078 -1.064401 0.148531 0.028540 -0.010427 -0.019365 -0.732063 0.680882
1718924504.424242020 -1.064396 0.148496 0.028541 -0.010427 -0.019362 -0.732065 0.680879
1718924504.429284811 -1.064391 0.148459 0.028542 -0.010422 -0.019364 -0.732070 0.680875
1718924504.434282780 -1.064386 0.148421 0.028543 -0.010417 -0.019363 -0.732075 0.680869
1718924504.439311504 -1.064382 0.148383 0.028543 -0.010415 -0.019363 -0.732078 0.680866
1718924504.444236040 -1.064378 0.148345 0.028544 -0.010411 -0.019365 -0.732077 0.680867
1718924504.449234009 -1.064375 0.148306 0.028545 -0.010400 -0.019362 -0.732084 0.680859
1718924504.454224586 -1.064371 0.148267 0.028547 -0.010401 -0.019355 -0.732090 0.680853
1718924504.459273100 -1.064367 0.148226 0.028548 -0.010408 -0.019352 -0.732092 0.680851
1718924504.464295864 -1.064363 0.148185 0.028549 -0.010410 -0.019352 -0.732090 0.680854
1718924504.469299793 -1.064359 0.148144 0.028549 -0.010407 -0.019352 -0.732088 0.680856
1718924504.474295139 -1.064355 0.148102 0.028549 -0.010400 -0.019350 -0.732088 0.680855
1718924504.479289532 -1.064351 0.148059 0.028549 -0.010397 -0.019351 -0.732094 0.680849
1718924504.484266281 -1.064347 0.148016 0.028548 -0.010389 -0.019357 -0.732100 0.680843
1718924504.489232779 -1.064343 0.147972 0.028548 -0.010386 -0.019359 -0.732104 0.680838
1718924504.494268656 -1.064338 0.147928 0.028548 -0.010386 -0.019353 -0.732114 0.680828
1718924504.499222517 -1.064332 0.147883 0.028549 -0.010383 -0.019342 -0.732120 0.680822
1718924504.499989271 -1.064331 0.147876 0.028549 -0.010384 -0.019341 -0.732119 0.680823
1718924504.499989271 -1.064331 0.147876 0.028549 -0.010384 -0.019341 -0.732119 0.680823
1718924504.504239559 -1.064326 0.147837 0.028550 -0.010387 -0.019341 -0.732113 0.680829
1718924504.509222746 -1.064320 0.147791 0.028550 -0.010387 -0.019342 -0.732103 0.680840
1718924504.514240026 -1.064313 0.147744 0.028550 -0.010383 -0.019342 -0.732100 0.680843
1718924504.569241524 -1.064221 0.147177 0.028571 -0.010313 -0.019267 -0.732125 0.680819
1718924504.574294567 -1.064211 0.147119 0.028577 -0.010312 -0.019261 -0.732123 0.680822
1718924504.579245090 -1.064202 0.147061 0.028583 -0.010309 -0.019257 -0.732127 0.680818
1718924504.584227324 -1.064192 0.147002 0.028589 -0.010301 -0.019258 -0.732127 0.680818
1718924504.589228392 -1.064181 0.146942 0.028596 -0.010297 -0.019264 -0.732124 0.680821
1718924504.594228506 -1.064172 0.146882 0.028602 -0.010296 -0.019267 -0.732124 0.680821
1718924504.599222660 -1.064162 0.146821 0.028608 -0.010294 -0.019270 -0.732121 0.680824
1718924504.599988222 -1.064161 0.146812 0.028609 -0.010294 -0.019271 -0.732120 0.680825
1718924504.599988222 -1.064161 0.146812 0.028609 -0.010294 -0.019271 -0.732120 0.680825
1718924504.604228020 -1.064153 0.146760 0.028614 -0.010291 -0.019276 -0.732119 0.680826
1718924504.609221458 -1.064144 0.146699 0.028620 -0.010285 -0.019274 -0.732124 0.680820
1718924504.614239693 -1.064136 0.146637 0.028626 -0.010280 -0.019267 -0.732127 0.680818
1718924504.619302273 -1.064128 0.146574 0.028631 -0.010276 -0.019265 -0.732119 0.680827
1718924504.624251842 -1.064121 0.146512 0.028636 -0.010269 -0.019260 -0.732112 0.680834
1718924504.629251719 -1.064114 0.146448 0.028641 -0.010263 -0.019252 -0.732114 0.680832
1718924504.634234667 -1.064106 0.146384 0.028646 -0.010252 -0.019241 -0.732117 0.680830
1718924504.639310598 -1.064099 0.146317 0.028651 -0.010249 -0.019231 -0.732118 0.680829
1718924504.644229412 -1.064093 0.146253 0.028656 -0.010251 -0.019224 -0.732116 0.680831
1718924504.649272680 -1.064086 0.146186 0.028661 -0.010257 -0.019220 -0.732121 0.680826
1718924504.654281855 -1.064080 0.146119 0.028666 -0.010266 -0.019220 -0.732128 0.680819
1718924504.659268856 -1.064074 0.146050 0.028672 -0.010272 -0.019217 -0.732130 0.680817
1718924504.664277077 -1.064068 0.145981 0.028677 -0.010271 -0.019208 -0.732140 0.680805
1718924504.669295788 -1.064061 0.145910 0.028682 -0.010261 -0.019198 -0.732156 0.680789
1718924504.674302578 -1.064054 0.145840 0.028687 -0.010249 -0.019190 -0.732162 0.680783
1718924504.679280043 -1.064047 0.145769 0.028693 -0.010244 -0.019187 -0.732161 0.680784
1718924504.684262991 -1.064040 0.145697 0.028699 -0.010241 -0.019185 -0.732158 0.680788
1718924504.689228535 -1.064033 0.145625 0.028705 -0.010239 -0.019181 -0.732160 0.680786
1718924504.694223881 -1.064025 0.145552 0.028710 -0.010238 -0.019177 -0.732161 0.680785
1718924504.699220419 -1.064017 0.145479 0.028716 -0.010235 -0.019174 -0.732161 0.680785
1718924504.699904919 -1.064016 0.145469 0.028717 -0.010235 -0.019174 -0.732160 0.680786
1718924504.699904919 -1.064016 0.145469 0.028717 -0.010235 -0.019174 -0.732160 0.680786
1718924504.704263926 -1.064009 0.145405 0.028722 -0.010238 -0.019175 -0.732155 0.680791
1718924504.709218025 -1.064000 0.145333 0.028729 -0.010242 -0.019179 -0.732149 0.680797
1718924504.714232683 -1.063992 0.145258 0.028735 -0.010244 -0.019180 -0.732140 0.680807
1718924504.719227552 -1.063984 0.145184 0.028740 -0.010243 -0.019180 -0.732134 0.680813
1718924504.794244289 -1.063888 0.143975 0.028812 -0.010184 -0.019104 -0.732068 0.680888
1718924504.799219847 -1.063883 0.143888 0.028815 -0.010188 -0.019107 -0.732061 0.680895
1718924504.799991131 -1.063882 0.143875 0.028816 -0.010188 -0.019107 -0.732060 0.680896
1718924504.799991131 -1.063882 0.143875 0.028816 -0.010188 -0.019107 -0.732060 0.680896
1718924504.804222822 -1.063878 0.143801 0.028818 -0.010189 -0.019108 -0.732055 0.680901
1718924504.809218884 -1.063873 0.143714 0.028820 -0.010184 -0.019104 -0.732051 0.680905
1718924504.814241409 -1.063868 0.143625 0.028823 -0.010179 -0.019102 -0.732058 0.680899
1718924504.819242239 -1.063864 0.143536 0.028825 -0.010169 -0.019101 -0.732064 0.680892
1718924504.824339390 -1.063860 0.143444 0.028827 -0.010160 -0.019105 -0.732060 0.680897
1718924504.829245567 -1.063857 0.143355 0.028829 -0.010159 -0.019108 -0.732054 0.680903
1718924504.834275723 -1.063854 0.143263 0.028831 -0.010167 -0.019104 -0.732047 0.680911
1718924504.839297533 -1.063852 0.143170 0.028832 -0.010168 -0.019093 -0.732042 0.680916
1718924504.844264746 -1.063850 0.143078 0.028834 -0.010163 -0.019084 -0.732045 0.680913
1718924504.849290371 -1.063847 0.142984 0.028835 -0.010155 -0.019089 -0.732048 0.680910
1718924504.854227543 -1.063845 0.142892 0.028836 -0.010149 -0.019089 -0.732051 0.680906
1718924504.859234810 -1.063843 0.142799 0.028838 -0.010145 -0.019090 -0.732051 0.680907
1718924504.864230156 -1.063841 0.142705 0.028840 -0.010143 -0.019090 -0.732051 0.680907
1718924504.869241238 -1.063839 0.142610 0.028842 -0.010137 -0.019092 -0.732054 0.680904
1718924504.874271154 -1.063837 0.142514 0.028845 -0.010128 -0.019099 -0.732049 0.680909
1718924504.879231453 -1.063835 0.142419 0.028849 -0.010126 -0.019104 -0.732042 0.680917
1718924504.884222984 -1.063832 0.142323 0.028852 -0.010138 -0.019104 -0.732045 0.680913
1718924504.889217138 -1.063829 0.142226 0.028857 -0.010138 -0.019100 -0.732056 0.680901
1718924504.894222975 -1.063825 0.142130 0.028861 -0.010131 -0.019097 -0.732061 0.680896
1718924504.899208307 -1.063821 0.142033 0.028865 -0.010126 -0.019092 -0.732064 0.680893
1718924504.900017977 -1.063820 0.142017 0.028866 -0.010124 -0.019092 -0.732063 0.680894
1718924504.900017977 -1.063820 0.142017 0.028866 -0.010124 -0.019092 -0.732063 0.680894
1718924504.904222965 -1.063816 0.141935 0.028870 -0.010118 -0.019095 -0.732062 0.680895
1718924504.909232616 -1.063812 0.141837 0.028875 -0.010120 -0.019093 -0.732063 0.680894
1718924504.914290428 -1.063807 0.141737 0.028880 -0.010123 -0.019088 -0.732063 0.680895
1718924504.959232330 -1.063766 0.140855 0.028901 -0.010077 -0.018978 -0.731985 0.680981
1718924504.964273453 -1.063763 0.140753 0.028903 -0.010081 -0.018977 -0.731984 0.680983
1718924504.969286919 -1.063761 0.140650 0.028905 -0.010079 -0.018977 -0.731989 0.680978
1718924504.974284172 -1.063758 0.140547 0.028907 -0.010079 -0.018974 -0.731992 0.680974
1718924504.979269266 -1.063755 0.140444 0.028909 -0.010081 -0.018972 -0.731989 0.680977
1718924504.984267473 -1.063753 0.140339 0.028911 -0.010088 -0.018965 -0.731981 0.680986
1718924504.989258528 -1.063750 0.140234 0.028913 -0.010085 -0.018956 -0.731974 0.680994
1718924504.994223833 -1.063748 0.140128 0.028915 -0.010079 -0.018951 -0.731976 0.680992
1718924504.999259233 -1.063746 0.140020 0.028918 -0.010078 -0.018948 -0.731973 0.680996
1718924505.004225492 -1.063744 0.139913 0.028920 -0.010074 -0.018947 -0.731967 0.681002
1718924505.009221315 -1.063743 0.139804 0.028923 -0.010064 -0.018946 -0.731967 0.681003
1718924505.014292717 -1.063742 0.139693 0.028925 -0.010059 -0.018951 -0.731963 0.681007
1718924505.019234180 -1.063742 0.139584 0.028927 -0.010059 -0.018953 -0.731962 0.681008
1718924505.024268866 -1.063743 0.139472 0.028929 -0.010061 -0.018952 -0.731967 0.681002
1718924505.029283047 -1.063744 0.139362 0.028930 -0.010057 -0.018955 -0.731974 0.680994
1718924505.034227133 -1.063745 0.139252 0.028931 -0.010053 -0.018952 -0.731976 0.680992
1718924505.039229393 -1.063746 0.139140 0.028932 -0.010054 -0.018941 -0.731975 0.680994
1718924505.044218063 -1.063748 0.139028 0.028933 -0.010058 -0.018934 -0.731976 0.680993
1718924505.049224854 -1.063750 0.138914 0.028934 -0.010059 -0.018927 -0.731981 0.680988
1718924505.054224968 -1.063752 0.138800 0.028936 -0.010059 -0.018920 -0.731984 0.680985
1718924505.059280634 -1.063756 0.138684 0.028938 -0.010057 -0.018921 -0.731983 0.680986
1718924505.064220190 -1.063759 0.138570 0.028940 -0.010054 -0.018928 -0.731986 0.680983
1718924505.069233894 -1.063762 0.138453 0.028943 -0.010053 -0.018930 -0.731985 0.680983
1718924505.074221373 -1.063766 0.138335 0.028946 -0.010049 -0.018927 -0.731984 0.680985
1718924505.079217672 -1.063770 0.138216 0.028948 -0.010043 -0.018930 -0.731984 0.680985
1718924505.084233284 -1.063774 0.138095 0.028950 -0.010040 -0.018930 -0.731986 0.680983
1718924505.089248657 -1.063778 0.137974 0.028951 -0.010033 -0.018930 -0.731987 0.680981
1718924505.094221830 -1.063782 0.137853 0.028952 -0.010026 -0.018933 -0.731990 0.680978
1718924505.099259615 -1.063785 0.137729 0.028953 -0.010024 -0.018937 -0.731990 0.680978
1718924505.099986076 -1.063786 0.137712 0.028953 -0.010026 -0.018937 -0.731989 0.680979
1718924505.099986076 -1.063786 0.137712 0.028953 -0.010026 -0.018937 -0.731989 0.680979
1718924505.104232788 -1.063788 0.137606 0.028954 -0.010032 -0.018942 -0.731986 0.680982
1718924505.109219790 -1.063792 0.137481 0.028955 -0.010036 -0.018949 -0.731985 0.680984
1718924505.114232063 -1.063795 0.137354 0.028956 -0.010038 -0.018953 -0.731988 0.680980
1718924505.149235964 -1.063816 0.136448 0.028957 -0.009978 -0.018925 -0.732022 0.680945
1718924505.154225111 -1.063820 0.136315 0.028957 -0.009973 -0.018925 -0.732031 0.680936
1718924505.159228086 -1.063824 0.136181 0.028957 -0.009976 -0.018926 -0.732033 0.680934
1718924505.164219141 -1.063827 0.136047 0.028957 -0.009977 -0.018924 -0.732027 0.680940
1718924505.169212580 -1.063831 0.135912 0.028956 -0.009972 -0.018931 -0.732019 0.680948
1718924505.174220324 -1.063834 0.135776 0.028955 -0.009966 -0.018939 -0.732013 0.680954
1718924505.179215431 -1.063838 0.135640 0.028954 -0.009966 -0.018938 -0.732013 0.680954
1718924505.184228659 -1.063842 0.135503 0.028952 -0.009969 -0.018933 -0.732016 0.680951
1718924505.189215660 -1.063846 0.135365 0.028950 -0.009968 -0.018934 -0.732016 0.680951
1718924505.194230556 -1.063851 0.135225 0.028948 -0.009966 -0.018936 -0.732012 0.680955
1718924505.199228764 -1.063856 0.135085 0.028946 -0.009968 -0.018933 -0.732014 0.680953
1718924505.199986219 -1.063857 0.135064 0.028945 -0.009967 -0.018934 -0.732015 0.680953
